record,level_limb,level,skill,skill_class,rank,depth,rank_grade,via,is_default_attack,own_totalDamageModifier_pct,raw_physical_min,raw_physical_max,raw_physical_index_state,raw_pierce_min,raw_pierce_max,raw_pierce_index_state,raw_fire_min,raw_fire_max,raw_fire_index_state,raw_cold_min,raw_cold_max,raw_cold_index_state,raw_lightning_min,raw_lightning_max,raw_lightning_index_state,raw_poison_min,raw_poison_max,raw_poison_index_state,raw_vitality_min,raw_vitality_max,raw_vitality_index_state,raw_aether_min,raw_aether_max,raw_aether_index_state,raw_chaos_min,raw_chaos_max,raw_chaos_index_state,raw_percentCurrentLife_min,raw_percentCurrentLife_max,raw_percentCurrentLife_index_state,dot_bleeding_min,dot_bleeding_dur_s,dot_burn_min,dot_burn_dur_s,dot_frostburn_min,dot_frostburn_dur_s,dot_electrocute_min,dot_electrocute_dur_s,dot_poison_dot_min,dot_poison_dot_dur_s,dot_vitdecay_min,dot_vitdecay_dur_s,dot_trauma_min,dot_trauma_dur_s,carries_damage,grade,wave
records/creatures/enemies/ghost_a01.dbr,LO,102,records/skills/nonplayerskills/passive/armorbase01.dbr,Skill_Passive,102,0,MEASURED-RANK,skillName-slot,False,46.0,0.0,0.0,scalar,0.0,0.0,scalar,0.0,0.0,scalar,0.0,0.0,scalar,0.0,0.0,scalar,0.0,0.0,scalar,0.0,0.0,scalar,0.0,0.0,scalar,0.0,0.0,scalar,0.0,0.0,scalar,0.0,0.0,0.0,0.0,0.0,0.0,0.0,0.0,0.0,0.0,0.0,0.0,0.0,0.0,False,DECODED-ZERO-DAMAGE,151
records/creatures/enemies/ghost_a01.dbr,LO,102,records/skills/nonplayerskills/passive/damage_totaladjuster.dbr,Skill_Passive,4,0,MEASURED-RANK,skillName-slot,False,46.0,0.0,0.0,scalar,0.0,0.0,scalar,0.0,0.0,scalar,0.0,0.0,scalar,0.0,0.0,scalar,0.0,0.0,scalar,0.0,0.0,scalar,0.0,0.0,scalar,0.0,0.0,scalar,0.0,0.0,scalar,0.0,0.0,0.0,0.0,0.0,0.0,0.0,0.0,0.0,0.0,0.0,0.0,0.0,0.0,False,DECODED-ZERO-DAMAGE,151
records/creatures/enemies/ghost_a01.dbr,LO,102,records/skills/nonplayerskills/passive/damagebase_physical01.dbr,Skill_Passive,102,0,MEASURED-RANK,skillName-slot,False,46.0,424.0,558.0,IN-RANGE,0.0,0.0,scalar,0.0,0.0,scalar,0.0,0.0,scalar,0.0,0.0,scalar,0.0,0.0,scalar,0.0,0.0,scalar,0.0,0.0,scalar,0.0,0.0,scalar,0.0,0.0,scalar,0.0,0.0,0.0,0.0,0.0,0.0,0.0,0.0,0.0,0.0,0.0,0.0,0.0,0.0,True,MEASURED,151
records/creatures/enemies/ghost_a01.dbr,LO,102,records/skills/nonplayerskills/passive/passiveproperties_ghost.dbr,Skill_Passive,26,0,MEASURED-RANK,skillName-slot,False,46.0,0.0,0.0,n/a,0.0,0.0,scalar,0.0,0.0,scalar,148.0,148.0,IN-RANGE,0.0,0.0,scalar,0.0,0.0,scalar,0.0,0.0,scalar,0.0,0.0,n/a,0.0,0.0,scalar,2.0,7.0,scalar,0.0,0.0,0.0,0.0,0.0,0.0,0.0,0.0,0.0,0.0,0.0,0.0,0.0,0.0,True,MEASURED,151
records/creatures/enemies/ghost_a01.dbr,LO,102,(creature record),Monster,1,-1,MEASURED-RECORD,creature-own-fields,False,46.0,0.0,0.0,,0.0,0.0,,0.0,0.0,,0.0,0.0,,0.0,0.0,,0.0,0.0,,0.0,0.0,,0.0,0.0,,0.0,0.0,,0.0,0.0,,0.0,0.0,0.0,0.0,0.0,0.0,0.0,0.0,0.0,0.0,0.0,0.0,0.0,0.0,False,DECODED-ZERO-DAMAGE,151
records/creatures/enemies/ghost_a01.dbr,HI,103,records/skills/nonplayerskills/passive/armorbase01.dbr,Skill_Passive,103,0,MEASURED-RANK,skillName-slot,False,46.0,0.0,0.0,scalar,0.0,0.0,scalar,0.0,0.0,scalar,0.0,0.0,scalar,0.0,0.0,scalar,0.0,0.0,scalar,0.0,0.0,scalar,0.0,0.0,scalar,0.0,0.0,scalar,0.0,0.0,scalar,0.0,0.0,0.0,0.0,0.0,0.0,0.0,0.0,0.0,0.0,0.0,0.0,0.0,0.0,False,DECODED-ZERO-DAMAGE,151
records/creatures/enemies/ghost_a01.dbr,HI,103,records/skills/nonplayerskills/passive/damage_totaladjuster.dbr,Skill_Passive,4,0,MEASURED-RANK,skillName-slot,False,46.0,0.0,0.0,scalar,0.0,0.0,scalar,0.0,0.0,scalar,0.0,0.0,scalar,0.0,0.0,scalar,0.0,0.0,scalar,0.0,0.0,scalar,0.0,0.0,scalar,0.0,0.0,scalar,0.0,0.0,scalar,0.0,0.0,0.0,0.0,0.0,0.0,0.0,0.0,0.0,0.0,0.0,0.0,0.0,0.0,False,DECODED-ZERO-DAMAGE,151
records/creatures/enemies/ghost_a01.dbr,HI,103,records/skills/nonplayerskills/passive/damagebase_physical01.dbr,Skill_Passive,103,0,MEASURED-RANK,skillName-slot,False,46.0,428.0,561.0,IN-RANGE,0.0,0.0,scalar,0.0,0.0,scalar,0.0,0.0,scalar,0.0,0.0,scalar,0.0,0.0,scalar,0.0,0.0,scalar,0.0,0.0,scalar,0.0,0.0,scalar,0.0,0.0,scalar,0.0,0.0,0.0,0.0,0.0,0.0,0.0,0.0,0.0,0.0,0.0,0.0,0.0,0.0,True,MEASURED,151
records/creatures/enemies/ghost_a01.dbr,HI,103,records/skills/nonplayerskills/passive/passiveproperties_ghost.dbr,Skill_Passive,26,0,MEASURED-RANK,skillName-slot,False,46.0,0.0,0.0,n/a,0.0,0.0,scalar,0.0,0.0,scalar,148.0,148.0,IN-RANGE,0.0,0.0,scalar,0.0,0.0,scalar,0.0,0.0,scalar,0.0,0.0,n/a,0.0,0.0,scalar,2.0,7.0,scalar,0.0,0.0,0.0,0.0,0.0,0.0,0.0,0.0,0.0,0.0,0.0,0.0,0.0,0.0,True,MEASURED,151
records/creatures/enemies/ghost_a01.dbr,HI,103,(creature record),Monster,1,-1,MEASURED-RECORD,creature-own-fields,False,46.0,0.0,0.0,,0.0,0.0,,0.0,0.0,,0.0,0.0,,0.0,0.0,,0.0,0.0,,0.0,0.0,,0.0,0.0,,0.0,0.0,,0.0,0.0,,0.0,0.0,0.0,0.0,0.0,0.0,0.0,0.0,0.0,0.0,0.0,0.0,0.0,0.0,False,DECODED-ZERO-DAMAGE,151
records/creatures/enemies/ghost_a02.dbr,LO,102,records/skills/nonplayerskills/passive/armorbase01.dbr,Skill_Passive,102,0,MEASURED-RANK,skillName-slot,False,46.0,0.0,0.0,scalar,0.0,0.0,scalar,0.0,0.0,scalar,0.0,0.0,scalar,0.0,0.0,scalar,0.0,0.0,scalar,0.0,0.0,scalar,0.0,0.0,scalar,0.0,0.0,scalar,0.0,0.0,scalar,0.0,0.0,0.0,0.0,0.0,0.0,0.0,0.0,0.0,0.0,0.0,0.0,0.0,0.0,False,DECODED-ZERO-DAMAGE,151
records/creatures/enemies/ghost_a02.dbr,LO,102,records/skills/nonplayerskills/passive/damage_totaladjuster.dbr,Skill_Passive,4,0,MEASURED-RANK,skillName-slot,False,46.0,0.0,0.0,scalar,0.0,0.0,scalar,0.0,0.0,scalar,0.0,0.0,scalar,0.0,0.0,scalar,0.0,0.0,scalar,0.0,0.0,scalar,0.0,0.0,scalar,0.0,0.0,scalar,0.0,0.0,scalar,0.0,0.0,0.0,0.0,0.0,0.0,0.0,0.0,0.0,0.0,0.0,0.0,0.0,0.0,False,DECODED-ZERO-DAMAGE,151
records/creatures/enemies/ghost_a02.dbr,LO,102,records/skills/nonplayerskills/passive/damagebase_physical01.dbr,Skill_Passive,102,0,MEASURED-RANK,skillName-slot,False,46.0,424.0,558.0,IN-RANGE,0.0,0.0,scalar,0.0,0.0,scalar,0.0,0.0,scalar,0.0,0.0,scalar,0.0,0.0,scalar,0.0,0.0,scalar,0.0,0.0,scalar,0.0,0.0,scalar,0.0,0.0,scalar,0.0,0.0,0.0,0.0,0.0,0.0,0.0,0.0,0.0,0.0,0.0,0.0,0.0,0.0,True,MEASURED,151
records/creatures/enemies/ghost_a02.dbr,LO,102,records/skills/nonplayerskills/passive/passiveproperties_ghost.dbr,Skill_Passive,26,0,MEASURED-RANK,skillName-slot,False,46.0,0.0,0.0,n/a,0.0,0.0,scalar,0.0,0.0,scalar,148.0,148.0,IN-RANGE,0.0,0.0,scalar,0.0,0.0,scalar,0.0,0.0,scalar,0.0,0.0,n/a,0.0,0.0,scalar,2.0,7.0,scalar,0.0,0.0,0.0,0.0,0.0,0.0,0.0,0.0,0.0,0.0,0.0,0.0,0.0,0.0,True,MEASURED,151
records/creatures/enemies/ghost_a02.dbr,LO,102,(creature record),Monster,1,-1,MEASURED-RECORD,creature-own-fields,False,46.0,0.0,0.0,,0.0,0.0,,0.0,0.0,,0.0,0.0,,0.0,0.0,,0.0,0.0,,0.0,0.0,,0.0,0.0,,0.0,0.0,,0.0,0.0,,0.0,0.0,0.0,0.0,0.0,0.0,0.0,0.0,0.0,0.0,0.0,0.0,0.0,0.0,False,DECODED-ZERO-DAMAGE,151
records/creatures/enemies/ghost_a02.dbr,HI,103,records/skills/nonplayerskills/passive/armorbase01.dbr,Skill_Passive,103,0,MEASURED-RANK,skillName-slot,False,46.0,0.0,0.0,scalar,0.0,0.0,scalar,0.0,0.0,scalar,0.0,0.0,scalar,0.0,0.0,scalar,0.0,0.0,scalar,0.0,0.0,scalar,0.0,0.0,scalar,0.0,0.0,scalar,0.0,0.0,scalar,0.0,0.0,0.0,0.0,0.0,0.0,0.0,0.0,0.0,0.0,0.0,0.0,0.0,0.0,False,DECODED-ZERO-DAMAGE,151
records/creatures/enemies/ghost_a02.dbr,HI,103,records/skills/nonplayerskills/passive/damage_totaladjuster.dbr,Skill_Passive,4,0,MEASURED-RANK,skillName-slot,False,46.0,0.0,0.0,scalar,0.0,0.0,scalar,0.0,0.0,scalar,0.0,0.0,scalar,0.0,0.0,scalar,0.0,0.0,scalar,0.0,0.0,scalar,0.0,0.0,scalar,0.0,0.0,scalar,0.0,0.0,scalar,0.0,0.0,0.0,0.0,0.0,0.0,0.0,0.0,0.0,0.0,0.0,0.0,0.0,0.0,False,DECODED-ZERO-DAMAGE,151
records/creatures/enemies/ghost_a02.dbr,HI,103,records/skills/nonplayerskills/passive/damagebase_physical01.dbr,Skill_Passive,103,0,MEASURED-RANK,skillName-slot,False,46.0,428.0,561.0,IN-RANGE,0.0,0.0,scalar,0.0,0.0,scalar,0.0,0.0,scalar,0.0,0.0,scalar,0.0,0.0,scalar,0.0,0.0,scalar,0.0,0.0,scalar,0.0,0.0,scalar,0.0,0.0,scalar,0.0,0.0,0.0,0.0,0.0,0.0,0.0,0.0,0.0,0.0,0.0,0.0,0.0,0.0,True,MEASURED,151
records/creatures/enemies/ghost_a02.dbr,HI,103,records/skills/nonplayerskills/passive/passiveproperties_ghost.dbr,Skill_Passive,26,0,MEASURED-RANK,skillName-slot,False,46.0,0.0,0.0,n/a,0.0,0.0,scalar,0.0,0.0,scalar,148.0,148.0,IN-RANGE,0.0,0.0,scalar,0.0,0.0,scalar,0.0,0.0,scalar,0.0,0.0,n/a,0.0,0.0,scalar,2.0,7.0,scalar,0.0,0.0,0.0,0.0,0.0,0.0,0.0,0.0,0.0,0.0,0.0,0.0,0.0,0.0,True,MEASURED,151
records/creatures/enemies/ghost_a02.dbr,HI,103,(creature record),Monster,1,-1,MEASURED-RECORD,creature-own-fields,False,46.0,0.0,0.0,,0.0,0.0,,0.0,0.0,,0.0,0.0,,0.0,0.0,,0.0,0.0,,0.0,0.0,,0.0,0.0,,0.0,0.0,,0.0,0.0,,0.0,0.0,0.0,0.0,0.0,0.0,0.0,0.0,0.0,0.0,0.0,0.0,0.0,0.0,False,DECODED-ZERO-DAMAGE,151
records/creatures/enemies/ghost_b01.dbr,LO,103,records/skills/nonplayerskills/attackprojectile/ghost_phantomblade.dbr,Skill_AttackProjectileBurst,26,0,MEASURED-RANK,skillName-slot,False,46.0,0.0,0.0,scalar,624.0,624.0,IN-RANGE,0.0,0.0,scalar,674.0,674.0,IN-RANGE,0.0,0.0,scalar,0.0,0.0,scalar,0.0,0.0,scalar,0.0,0.0,scalar,0.0,0.0,scalar,0.0,0.0,n/a,0.0,0.0,0.0,0.0,0.0,0.0,0.0,0.0,0.0,0.0,0.0,0.0,0.0,0.0,True,MEASURED,151
records/creatures/enemies/ghost_b01.dbr,LO,103,records/skills/nonplayerskills/passive/armorbase02.dbr,Skill_Passive,103,0,MEASURED-RANK,skillName-slot,False,46.0,0.0,0.0,scalar,0.0,0.0,scalar,0.0,0.0,scalar,0.0,0.0,scalar,0.0,0.0,scalar,0.0,0.0,scalar,0.0,0.0,scalar,0.0,0.0,scalar,0.0,0.0,scalar,0.0,0.0,scalar,0.0,0.0,0.0,0.0,0.0,0.0,0.0,0.0,0.0,0.0,0.0,0.0,0.0,0.0,False,DECODED-ZERO-DAMAGE,151
records/creatures/enemies/ghost_b01.dbr,LO,103,records/skills/nonplayerskills/passive/damage_totaladjuster.dbr,Skill_Passive,4,0,MEASURED-RANK,skillName-slot,False,46.0,0.0,0.0,scalar,0.0,0.0,scalar,0.0,0.0,scalar,0.0,0.0,scalar,0.0,0.0,scalar,0.0,0.0,scalar,0.0,0.0,scalar,0.0,0.0,scalar,0.0,0.0,scalar,0.0,0.0,scalar,0.0,0.0,0.0,0.0,0.0,0.0,0.0,0.0,0.0,0.0,0.0,0.0,0.0,0.0,False,DECODED-ZERO-DAMAGE,151
records/creatures/enemies/ghost_b01.dbr,LO,103,records/skills/nonplayerskills/passive/damagebonusranged_physical01.dbr,Skill_Passive,103,0,MEASURED-RANK,skillName-slot,False,46.0,198.0,250.0,IN-RANGE,408.0,408.0,IN-RANGE,0.0,0.0,scalar,0.0,0.0,scalar,0.0,0.0,scalar,0.0,0.0,scalar,0.0,0.0,scalar,0.0,0.0,scalar,0.0,0.0,scalar,0.0,0.0,scalar,0.0,0.0,0.0,0.0,0.0,0.0,0.0,0.0,0.0,0.0,0.0,0.0,0.0,0.0,True,MEASURED,151
records/creatures/enemies/ghost_b01.dbr,LO,103,records/skills/nonplayerskills/passive/passiveproperties_ghost.dbr,Skill_Passive,26,0,MEASURED-RANK,skillName-slot,False,46.0,0.0,0.0,n/a,0.0,0.0,scalar,0.0,0.0,scalar,148.0,148.0,IN-RANGE,0.0,0.0,scalar,0.0,0.0,scalar,0.0,0.0,scalar,0.0,0.0,n/a,0.0,0.0,scalar,2.0,7.0,scalar,0.0,0.0,0.0,0.0,0.0,0.0,0.0,0.0,0.0,0.0,0.0,0.0,0.0,0.0,True,MEASURED,151
records/creatures/enemies/ghost_b01.dbr,LO,103,(creature record),Monster,1,-1,MEASURED-RECORD,creature-own-fields,False,46.0,0.0,0.0,,0.0,0.0,,0.0,0.0,,0.0,0.0,,0.0,0.0,,0.0,0.0,,0.0,0.0,,0.0,0.0,,0.0,0.0,,0.0,0.0,,0.0,0.0,0.0,0.0,0.0,0.0,0.0,0.0,0.0,0.0,0.0,0.0,0.0,0.0,False,DECODED-ZERO-DAMAGE,151
records/creatures/enemies/ghost_b01.dbr,HI,104,records/skills/nonplayerskills/attackprojectile/ghost_phantomblade.dbr,Skill_AttackProjectileBurst,27,0,MEASURED-RANK,skillName-slot,False,46.0,0.0,0.0,scalar,651.0,651.0,IN-RANGE,0.0,0.0,scalar,702.0,702.0,IN-RANGE,0.0,0.0,scalar,0.0,0.0,scalar,0.0,0.0,scalar,0.0,0.0,scalar,0.0,0.0,scalar,0.0,0.0,n/a,0.0,0.0,0.0,0.0,0.0,0.0,0.0,0.0,0.0,0.0,0.0,0.0,0.0,0.0,True,MEASURED,151
records/creatures/enemies/ghost_b01.dbr,HI,104,records/skills/nonplayerskills/passive/armorbase02.dbr,Skill_Passive,104,0,MEASURED-RANK,skillName-slot,False,46.0,0.0,0.0,scalar,0.0,0.0,scalar,0.0,0.0,scalar,0.0,0.0,scalar,0.0,0.0,scalar,0.0,0.0,scalar,0.0,0.0,scalar,0.0,0.0,scalar,0.0,0.0,scalar,0.0,0.0,scalar,0.0,0.0,0.0,0.0,0.0,0.0,0.0,0.0,0.0,0.0,0.0,0.0,0.0,0.0,False,DECODED-ZERO-DAMAGE,151
records/creatures/enemies/ghost_b01.dbr,HI,104,records/skills/nonplayerskills/passive/damage_totaladjuster.dbr,Skill_Passive,4,0,MEASURED-RANK,skillName-slot,False,46.0,0.0,0.0,scalar,0.0,0.0,scalar,0.0,0.0,scalar,0.0,0.0,scalar,0.0,0.0,scalar,0.0,0.0,scalar,0.0,0.0,scalar,0.0,0.0,scalar,0.0,0.0,scalar,0.0,0.0,scalar,0.0,0.0,0.0,0.0,0.0,0.0,0.0,0.0,0.0,0.0,0.0,0.0,0.0,0.0,False,DECODED-ZERO-DAMAGE,151
records/creatures/enemies/ghost_b01.dbr,HI,104,records/skills/nonplayerskills/passive/damagebonusranged_physical01.dbr,Skill_Passive,104,0,MEASURED-RANK,skillName-slot,False,46.0,200.0,251.0,IN-RANGE,410.0,410.0,IN-RANGE,0.0,0.0,scalar,0.0,0.0,scalar,0.0,0.0,scalar,0.0,0.0,scalar,0.0,0.0,scalar,0.0,0.0,scalar,0.0,0.0,scalar,0.0,0.0,scalar,0.0,0.0,0.0,0.0,0.0,0.0,0.0,0.0,0.0,0.0,0.0,0.0,0.0,0.0,True,MEASURED,151
records/creatures/enemies/ghost_b01.dbr,HI,104,records/skills/nonplayerskills/passive/passiveproperties_ghost.dbr,Skill_Passive,27,0,MEASURED-RANK,skillName-slot,False,46.0,0.0,0.0,n/a,0.0,0.0,scalar,0.0,0.0,scalar,154.0,154.0,IN-RANGE,0.0,0.0,scalar,0.0,0.0,scalar,0.0,0.0,scalar,0.0,0.0,n/a,0.0,0.0,scalar,2.0,7.0,scalar,0.0,0.0,0.0,0.0,0.0,0.0,0.0,0.0,0.0,0.0,0.0,0.0,0.0,0.0,True,MEASURED,151
records/creatures/enemies/ghost_b01.dbr,HI,104,(creature record),Monster,1,-1,MEASURED-RECORD,creature-own-fields,False,46.0,0.0,0.0,,0.0,0.0,,0.0,0.0,,0.0,0.0,,0.0,0.0,,0.0,0.0,,0.0,0.0,,0.0,0.0,,0.0,0.0,,0.0,0.0,,0.0,0.0,0.0,0.0,0.0,0.0,0.0,0.0,0.0,0.0,0.0,0.0,0.0,0.0,False,DECODED-ZERO-DAMAGE,151
records/creatures/enemies/ghost_b02.dbr,LO,103,records/skills/nonplayerskills/attackmelee/ghost_shadowstrike.dbr,Skill_AttackWeaponBlink,26,0,MEASURED-RANK,skillName-slot,False,46.0,0.0,0.0,scalar,0.0,0.0,n/a,0.0,0.0,scalar,659.0,659.0,IN-RANGE,0.0,0.0,scalar,0.0,0.0,scalar,0.0,0.0,scalar,0.0,0.0,n/a,0.0,0.0,n/a,0.0,0.0,scalar,0.0,0.0,0.0,0.0,0.0,0.0,0.0,0.0,0.0,0.0,0.0,0.0,0.0,0.0,True,MEASURED,151
records/creatures/enemies/ghost_b02.dbr,LO,103,records/skills/nonplayerskills/passive/armorbase02.dbr,Skill_Passive,103,0,MEASURED-RANK,skillName-slot,False,46.0,0.0,0.0,scalar,0.0,0.0,scalar,0.0,0.0,scalar,0.0,0.0,scalar,0.0,0.0,scalar,0.0,0.0,scalar,0.0,0.0,scalar,0.0,0.0,scalar,0.0,0.0,scalar,0.0,0.0,scalar,0.0,0.0,0.0,0.0,0.0,0.0,0.0,0.0,0.0,0.0,0.0,0.0,0.0,0.0,False,DECODED-ZERO-DAMAGE,151
records/creatures/enemies/ghost_b02.dbr,LO,103,records/skills/nonplayerskills/passive/damage_totaladjuster.dbr,Skill_Passive,4,0,MEASURED-RANK,skillName-slot,False,46.0,0.0,0.0,scalar,0.0,0.0,scalar,0.0,0.0,scalar,0.0,0.0,scalar,0.0,0.0,scalar,0.0,0.0,scalar,0.0,0.0,scalar,0.0,0.0,scalar,0.0,0.0,scalar,0.0,0.0,scalar,0.0,0.0,0.0,0.0,0.0,0.0,0.0,0.0,0.0,0.0,0.0,0.0,0.0,0.0,False,DECODED-ZERO-DAMAGE,151
records/creatures/enemies/ghost_b02.dbr,LO,103,records/skills/nonplayerskills/passive/damagebonus_physical02.dbr,Skill_Passive,103,0,MEASURED-RANK,skillName-slot,False,46.0,462.0,608.0,IN-RANGE,0.0,0.0,scalar,0.0,0.0,scalar,0.0,0.0,scalar,0.0,0.0,scalar,0.0,0.0,scalar,0.0,0.0,scalar,0.0,0.0,scalar,0.0,0.0,scalar,0.0,0.0,scalar,0.0,0.0,0.0,0.0,0.0,0.0,0.0,0.0,0.0,0.0,0.0,0.0,0.0,0.0,True,MEASURED,151
records/creatures/enemies/ghost_b02.dbr,LO,103,records/skills/nonplayerskills/passive/passiveproperties_ghost.dbr,Skill_Passive,26,0,MEASURED-RANK,skillName-slot,False,46.0,0.0,0.0,n/a,0.0,0.0,scalar,0.0,0.0,scalar,148.0,148.0,IN-RANGE,0.0,0.0,scalar,0.0,0.0,scalar,0.0,0.0,scalar,0.0,0.0,n/a,0.0,0.0,scalar,2.0,7.0,scalar,0.0,0.0,0.0,0.0,0.0,0.0,0.0,0.0,0.0,0.0,0.0,0.0,0.0,0.0,True,MEASURED,151
records/creatures/enemies/ghost_b02.dbr,LO,103,(creature record),Monster,1,-1,MEASURED-RECORD,creature-own-fields,False,46.0,0.0,0.0,,0.0,0.0,,0.0,0.0,,0.0,0.0,,0.0,0.0,,0.0,0.0,,0.0,0.0,,0.0,0.0,,0.0,0.0,,0.0,0.0,,0.0,0.0,0.0,0.0,0.0,0.0,0.0,0.0,0.0,0.0,0.0,0.0,0.0,0.0,False,DECODED-ZERO-DAMAGE,151
records/creatures/enemies/ghost_b02.dbr,HI,104,records/skills/nonplayerskills/attackmelee/ghost_shadowstrike.dbr,Skill_AttackWeaponBlink,27,0,MEASURED-RANK,skillName-slot,False,46.0,0.0,0.0,scalar,0.0,0.0,n/a,0.0,0.0,scalar,694.0,694.0,IN-RANGE,0.0,0.0,scalar,0.0,0.0,scalar,0.0,0.0,scalar,0.0,0.0,n/a,0.0,0.0,n/a,0.0,0.0,scalar,0.0,0.0,0.0,0.0,0.0,0.0,0.0,0.0,0.0,0.0,0.0,0.0,0.0,0.0,True,MEASURED,151
records/creatures/enemies/ghost_b02.dbr,HI,104,records/skills/nonplayerskills/passive/armorbase02.dbr,Skill_Passive,104,0,MEASURED-RANK,skillName-slot,False,46.0,0.0,0.0,scalar,0.0,0.0,scalar,0.0,0.0,scalar,0.0,0.0,scalar,0.0,0.0,scalar,0.0,0.0,scalar,0.0,0.0,scalar,0.0,0.0,scalar,0.0,0.0,scalar,0.0,0.0,scalar,0.0,0.0,0.0,0.0,0.0,0.0,0.0,0.0,0.0,0.0,0.0,0.0,0.0,0.0,False,DECODED-ZERO-DAMAGE,151
records/creatures/enemies/ghost_b02.dbr,HI,104,records/skills/nonplayerskills/passive/damage_totaladjuster.dbr,Skill_Passive,4,0,MEASURED-RANK,skillName-slot,False,46.0,0.0,0.0,scalar,0.0,0.0,scalar,0.0,0.0,scalar,0.0,0.0,scalar,0.0,0.0,scalar,0.0,0.0,scalar,0.0,0.0,scalar,0.0,0.0,scalar,0.0,0.0,scalar,0.0,0.0,scalar,0.0,0.0,0.0,0.0,0.0,0.0,0.0,0.0,0.0,0.0,0.0,0.0,0.0,0.0,False,DECODED-ZERO-DAMAGE,151
records/creatures/enemies/ghost_b02.dbr,HI,104,records/skills/nonplayerskills/passive/damagebonus_physical02.dbr,Skill_Passive,104,0,MEASURED-RANK,skillName-slot,False,46.0,467.0,612.0,IN-RANGE,0.0,0.0,scalar,0.0,0.0,scalar,0.0,0.0,scalar,0.0,0.0,scalar,0.0,0.0,scalar,0.0,0.0,scalar,0.0,0.0,scalar,0.0,0.0,scalar,0.0,0.0,scalar,0.0,0.0,0.0,0.0,0.0,0.0,0.0,0.0,0.0,0.0,0.0,0.0,0.0,0.0,True,MEASURED,151
records/creatures/enemies/ghost_b02.dbr,HI,104,records/skills/nonplayerskills/passive/passiveproperties_ghost.dbr,Skill_Passive,27,0,MEASURED-RANK,skillName-slot,False,46.0,0.0,0.0,n/a,0.0,0.0,scalar,0.0,0.0,scalar,154.0,154.0,IN-RANGE,0.0,0.0,scalar,0.0,0.0,scalar,0.0,0.0,scalar,0.0,0.0,n/a,0.0,0.0,scalar,2.0,7.0,scalar,0.0,0.0,0.0,0.0,0.0,0.0,0.0,0.0,0.0,0.0,0.0,0.0,0.0,0.0,True,MEASURED,151
records/creatures/enemies/ghost_b02.dbr,HI,104,(creature record),Monster,1,-1,MEASURED-RECORD,creature-own-fields,False,46.0,0.0,0.0,,0.0,0.0,,0.0,0.0,,0.0,0.0,,0.0,0.0,,0.0,0.0,,0.0,0.0,,0.0,0.0,,0.0,0.0,,0.0,0.0,,0.0,0.0,0.0,0.0,0.0,0.0,0.0,0.0,0.0,0.0,0.0,0.0,0.0,0.0,False,DECODED-ZERO-DAMAGE,151
records/creatures/enemies/ghost_b03.dbr,LO,103,records/skills/nonplayerskills/attackmelee/ghost_bladearc.dbr,Skill_AttackWeapon,26,0,MEASURED-RANK,skillName-slot,False,41.0,268.0,268.0,IN-RANGE,0.0,0.0,scalar,0.0,0.0,scalar,784.0,784.0,IN-RANGE,0.0,0.0,scalar,0.0,0.0,scalar,0.0,0.0,scalar,0.0,0.0,scalar,0.0,0.0,scalar,0.0,0.0,scalar,0.0,0.0,0.0,0.0,0.0,0.0,0.0,0.0,0.0,0.0,0.0,0.0,0.0,0.0,True,MEASURED,151
records/creatures/enemies/ghost_b03.dbr,LO,103,records/skills/nonplayerskills/attackmelee/ghost_cadence.dbr,Skill_WeaponPool_ChargedFinale,26,0,MEASURED-RANK,skillName-slot,True,41.0,472.0,472.0,IN-RANGE,0.0,0.0,scalar,0.0,0.0,scalar,1062.0,1062.0,IN-RANGE,0.0,0.0,scalar,0.0,0.0,scalar,0.0,0.0,scalar,0.0,0.0,scalar,0.0,0.0,scalar,13.0,22.0,scalar,0.0,0.0,0.0,0.0,0.0,0.0,0.0,0.0,0.0,0.0,0.0,0.0,0.0,0.0,True,MEASURED,151
records/creatures/enemies/ghost_b03.dbr,LO,103,records/skills/nonplayerskills/passive/armorbase03.dbr,Skill_Passive,103,0,MEASURED-RANK,skillName-slot,False,41.0,0.0,0.0,scalar,0.0,0.0,scalar,0.0,0.0,scalar,0.0,0.0,scalar,0.0,0.0,scalar,0.0,0.0,scalar,0.0,0.0,scalar,0.0,0.0,scalar,0.0,0.0,scalar,0.0,0.0,scalar,0.0,0.0,0.0,0.0,0.0,0.0,0.0,0.0,0.0,0.0,0.0,0.0,0.0,0.0,False,DECODED-ZERO-DAMAGE,151
records/creatures/enemies/ghost_b03.dbr,LO,103,records/skills/nonplayerskills/passive/damage_totaladjuster.dbr,Skill_Passive,4,0,MEASURED-RANK,skillName-slot,False,41.0,0.0,0.0,scalar,0.0,0.0,scalar,0.0,0.0,scalar,0.0,0.0,scalar,0.0,0.0,scalar,0.0,0.0,scalar,0.0,0.0,scalar,0.0,0.0,scalar,0.0,0.0,scalar,0.0,0.0,scalar,0.0,0.0,0.0,0.0,0.0,0.0,0.0,0.0,0.0,0.0,0.0,0.0,0.0,0.0,False,DECODED-ZERO-DAMAGE,151
records/creatures/enemies/ghost_b03.dbr,LO,103,records/skills/nonplayerskills/passive/damagebonus_physical02.dbr,Skill_Passive,103,0,MEASURED-RANK,skillName-slot,False,41.0,462.0,608.0,IN-RANGE,0.0,0.0,scalar,0.0,0.0,scalar,0.0,0.0,scalar,0.0,0.0,scalar,0.0,0.0,scalar,0.0,0.0,scalar,0.0,0.0,scalar,0.0,0.0,scalar,0.0,0.0,scalar,0.0,0.0,0.0,0.0,0.0,0.0,0.0,0.0,0.0,0.0,0.0,0.0,0.0,0.0,True,MEASURED,151
records/creatures/enemies/ghost_b03.dbr,LO,103,records/skills/nonplayerskills/passive/passiveproperties_ghost.dbr,Skill_Passive,26,0,MEASURED-RANK,skillName-slot,False,41.0,0.0,0.0,n/a,0.0,0.0,scalar,0.0,0.0,scalar,148.0,148.0,IN-RANGE,0.0,0.0,scalar,0.0,0.0,scalar,0.0,0.0,scalar,0.0,0.0,n/a,0.0,0.0,scalar,2.0,7.0,scalar,0.0,0.0,0.0,0.0,0.0,0.0,0.0,0.0,0.0,0.0,0.0,0.0,0.0,0.0,True,MEASURED,151
records/creatures/enemies/ghost_b03.dbr,LO,103,(creature record),Monster,1,-1,MEASURED-RECORD,creature-own-fields,False,41.0,0.0,0.0,,0.0,0.0,,0.0,0.0,,0.0,0.0,,0.0,0.0,,0.0,0.0,,0.0,0.0,,0.0,0.0,,0.0,0.0,,0.0,0.0,,0.0,0.0,0.0,0.0,0.0,0.0,0.0,0.0,0.0,0.0,0.0,0.0,0.0,0.0,False,DECODED-ZERO-DAMAGE,151
records/creatures/enemies/ghost_b03.dbr,HI,104,records/skills/nonplayerskills/attackmelee/ghost_bladearc.dbr,Skill_AttackWeapon,27,0,MEASURED-RANK,skillName-slot,False,41.0,283.0,283.0,IN-RANGE,0.0,0.0,scalar,0.0,0.0,scalar,822.0,822.0,IN-RANGE,0.0,0.0,scalar,0.0,0.0,scalar,0.0,0.0,scalar,0.0,0.0,scalar,0.0,0.0,scalar,0.0,0.0,scalar,0.0,0.0,0.0,0.0,0.0,0.0,0.0,0.0,0.0,0.0,0.0,0.0,0.0,0.0,True,MEASURED,151
records/creatures/enemies/ghost_b03.dbr,HI,104,records/skills/nonplayerskills/attackmelee/ghost_cadence.dbr,Skill_WeaponPool_ChargedFinale,27,0,MEASURED-RANK,skillName-slot,True,41.0,493.0,493.0,IN-RANGE,0.0,0.0,scalar,0.0,0.0,scalar,1110.0,1110.0,IN-RANGE,0.0,0.0,scalar,0.0,0.0,scalar,0.0,0.0,scalar,0.0,0.0,scalar,0.0,0.0,scalar,13.0,22.0,scalar,0.0,0.0,0.0,0.0,0.0,0.0,0.0,0.0,0.0,0.0,0.0,0.0,0.0,0.0,True,MEASURED,151
records/creatures/enemies/ghost_b03.dbr,HI,104,records/skills/nonplayerskills/passive/armorbase03.dbr,Skill_Passive,104,0,MEASURED-RANK,skillName-slot,False,41.0,0.0,0.0,scalar,0.0,0.0,scalar,0.0,0.0,scalar,0.0,0.0,scalar,0.0,0.0,scalar,0.0,0.0,scalar,0.0,0.0,scalar,0.0,0.0,scalar,0.0,0.0,scalar,0.0,0.0,scalar,0.0,0.0,0.0,0.0,0.0,0.0,0.0,0.0,0.0,0.0,0.0,0.0,0.0,0.0,False,DECODED-ZERO-DAMAGE,151
records/creatures/enemies/ghost_b03.dbr,HI,104,records/skills/nonplayerskills/passive/damage_totaladjuster.dbr,Skill_Passive,4,0,MEASURED-RANK,skillName-slot,False,41.0,0.0,0.0,scalar,0.0,0.0,scalar,0.0,0.0,scalar,0.0,0.0,scalar,0.0,0.0,scalar,0.0,0.0,scalar,0.0,0.0,scalar,0.0,0.0,scalar,0.0,0.0,scalar,0.0,0.0,scalar,0.0,0.0,0.0,0.0,0.0,0.0,0.0,0.0,0.0,0.0,0.0,0.0,0.0,0.0,False,DECODED-ZERO-DAMAGE,151
records/creatures/enemies/ghost_b03.dbr,HI,104,records/skills/nonplayerskills/passive/damagebonus_physical02.dbr,Skill_Passive,104,0,MEASURED-RANK,skillName-slot,False,41.0,467.0,612.0,IN-RANGE,0.0,0.0,scalar,0.0,0.0,scalar,0.0,0.0,scalar,0.0,0.0,scalar,0.0,0.0,scalar,0.0,0.0,scalar,0.0,0.0,scalar,0.0,0.0,scalar,0.0,0.0,scalar,0.0,0.0,0.0,0.0,0.0,0.0,0.0,0.0,0.0,0.0,0.0,0.0,0.0,0.0,True,MEASURED,151
records/creatures/enemies/ghost_b03.dbr,HI,104,records/skills/nonplayerskills/passive/passiveproperties_ghost.dbr,Skill_Passive,27,0,MEASURED-RANK,skillName-slot,False,41.0,0.0,0.0,n/a,0.0,0.0,scalar,0.0,0.0,scalar,154.0,154.0,IN-RANGE,0.0,0.0,scalar,0.0,0.0,scalar,0.0,0.0,scalar,0.0,0.0,n/a,0.0,0.0,scalar,2.0,7.0,scalar,0.0,0.0,0.0,0.0,0.0,0.0,0.0,0.0,0.0,0.0,0.0,0.0,0.0,0.0,True,MEASURED,151
records/creatures/enemies/ghost_b03.dbr,HI,104,(creature record),Monster,1,-1,MEASURED-RECORD,creature-own-fields,False,41.0,0.0,0.0,,0.0,0.0,,0.0,0.0,,0.0,0.0,,0.0,0.0,,0.0,0.0,,0.0,0.0,,0.0,0.0,,0.0,0.0,,0.0,0.0,,0.0,0.0,0.0,0.0,0.0,0.0,0.0,0.0,0.0,0.0,0.0,0.0,0.0,0.0,False,DECODED-ZERO-DAMAGE,151
records/creatures/enemies/ghost_b04.dbr,LO,104,records/skills/nonplayerskills/attackmelee/ghost_bladearc.dbr,Skill_AttackWeapon,27,0,MEASURED-RANK,skillName-slot,False,41.0,283.0,283.0,IN-RANGE,0.0,0.0,scalar,0.0,0.0,scalar,822.0,822.0,IN-RANGE,0.0,0.0,scalar,0.0,0.0,scalar,0.0,0.0,scalar,0.0,0.0,scalar,0.0,0.0,scalar,0.0,0.0,scalar,0.0,0.0,0.0,0.0,0.0,0.0,0.0,0.0,0.0,0.0,0.0,0.0,0.0,0.0,True,MEASURED,151
records/creatures/enemies/ghost_b04.dbr,LO,104,records/skills/nonplayerskills/attackmelee/ghost_cadence.dbr,Skill_WeaponPool_ChargedFinale,27,0,MEASURED-RANK,skillName-slot,True,41.0,493.0,493.0,IN-RANGE,0.0,0.0,scalar,0.0,0.0,scalar,1110.0,1110.0,IN-RANGE,0.0,0.0,scalar,0.0,0.0,scalar,0.0,0.0,scalar,0.0,0.0,scalar,0.0,0.0,scalar,13.0,22.0,scalar,0.0,0.0,0.0,0.0,0.0,0.0,0.0,0.0,0.0,0.0,0.0,0.0,0.0,0.0,True,MEASURED,151
records/creatures/enemies/ghost_b04.dbr,LO,104,records/skills/nonplayerskills/passive/armorbase03.dbr,Skill_Passive,104,0,MEASURED-RANK,skillName-slot,False,41.0,0.0,0.0,scalar,0.0,0.0,scalar,0.0,0.0,scalar,0.0,0.0,scalar,0.0,0.0,scalar,0.0,0.0,scalar,0.0,0.0,scalar,0.0,0.0,scalar,0.0,0.0,scalar,0.0,0.0,scalar,0.0,0.0,0.0,0.0,0.0,0.0,0.0,0.0,0.0,0.0,0.0,0.0,0.0,0.0,False,DECODED-ZERO-DAMAGE,151
records/creatures/enemies/ghost_b04.dbr,LO,104,records/skills/nonplayerskills/passive/damage_totaladjuster.dbr,Skill_Passive,4,0,MEASURED-RANK,skillName-slot,False,41.0,0.0,0.0,scalar,0.0,0.0,scalar,0.0,0.0,scalar,0.0,0.0,scalar,0.0,0.0,scalar,0.0,0.0,scalar,0.0,0.0,scalar,0.0,0.0,scalar,0.0,0.0,scalar,0.0,0.0,scalar,0.0,0.0,0.0,0.0,0.0,0.0,0.0,0.0,0.0,0.0,0.0,0.0,0.0,0.0,False,DECODED-ZERO-DAMAGE,151
records/creatures/enemies/ghost_b04.dbr,LO,104,records/skills/nonplayerskills/passive/damagebonus_physical03.dbr,Skill_Passive,104,0,MEASURED-RANK,skillName-slot,False,41.0,554.0,705.0,IN-RANGE,0.0,0.0,scalar,0.0,0.0,scalar,0.0,0.0,scalar,0.0,0.0,scalar,0.0,0.0,scalar,0.0,0.0,scalar,0.0,0.0,scalar,0.0,0.0,scalar,0.0,0.0,scalar,0.0,0.0,0.0,0.0,0.0,0.0,0.0,0.0,0.0,0.0,0.0,0.0,0.0,0.0,True,MEASURED,151
records/creatures/enemies/ghost_b04.dbr,LO,104,records/skills/nonplayerskills/passive/passiveproperties_ghost.dbr,Skill_Passive,27,0,MEASURED-RANK,skillName-slot,False,41.0,0.0,0.0,n/a,0.0,0.0,scalar,0.0,0.0,scalar,154.0,154.0,IN-RANGE,0.0,0.0,scalar,0.0,0.0,scalar,0.0,0.0,scalar,0.0,0.0,n/a,0.0,0.0,scalar,2.0,7.0,scalar,0.0,0.0,0.0,0.0,0.0,0.0,0.0,0.0,0.0,0.0,0.0,0.0,0.0,0.0,True,MEASURED,151
records/creatures/enemies/ghost_b04.dbr,LO,104,(creature record),Monster,1,-1,MEASURED-RECORD,creature-own-fields,False,41.0,0.0,0.0,,0.0,0.0,,0.0,0.0,,0.0,0.0,,0.0,0.0,,0.0,0.0,,0.0,0.0,,0.0,0.0,,0.0,0.0,,0.0,0.0,,0.0,0.0,0.0,0.0,0.0,0.0,0.0,0.0,0.0,0.0,0.0,0.0,0.0,0.0,False,DECODED-ZERO-DAMAGE,151
records/creatures/enemies/ghost_b04.dbr,HI,105,records/skills/nonplayerskills/attackmelee/ghost_bladearc.dbr,Skill_AttackWeapon,27,0,MEASURED-RANK,skillName-slot,False,41.0,283.0,283.0,IN-RANGE,0.0,0.0,scalar,0.0,0.0,scalar,822.0,822.0,IN-RANGE,0.0,0.0,scalar,0.0,0.0,scalar,0.0,0.0,scalar,0.0,0.0,scalar,0.0,0.0,scalar,0.0,0.0,scalar,0.0,0.0,0.0,0.0,0.0,0.0,0.0,0.0,0.0,0.0,0.0,0.0,0.0,0.0,True,MEASURED,151
records/creatures/enemies/ghost_b04.dbr,HI,105,records/skills/nonplayerskills/attackmelee/ghost_cadence.dbr,Skill_WeaponPool_ChargedFinale,27,0,MEASURED-RANK,skillName-slot,True,41.0,493.0,493.0,IN-RANGE,0.0,0.0,scalar,0.0,0.0,scalar,1110.0,1110.0,IN-RANGE,0.0,0.0,scalar,0.0,0.0,scalar,0.0,0.0,scalar,0.0,0.0,scalar,0.0,0.0,scalar,13.0,22.0,scalar,0.0,0.0,0.0,0.0,0.0,0.0,0.0,0.0,0.0,0.0,0.0,0.0,0.0,0.0,True,MEASURED,151
records/creatures/enemies/ghost_b04.dbr,HI,105,records/skills/nonplayerskills/passive/armorbase03.dbr,Skill_Passive,105,0,MEASURED-RANK,skillName-slot,False,41.0,0.0,0.0,scalar,0.0,0.0,scalar,0.0,0.0,scalar,0.0,0.0,scalar,0.0,0.0,scalar,0.0,0.0,scalar,0.0,0.0,scalar,0.0,0.0,scalar,0.0,0.0,scalar,0.0,0.0,scalar,0.0,0.0,0.0,0.0,0.0,0.0,0.0,0.0,0.0,0.0,0.0,0.0,0.0,0.0,False,DECODED-ZERO-DAMAGE,151
records/creatures/enemies/ghost_b04.dbr,HI,105,records/skills/nonplayerskills/passive/damage_totaladjuster.dbr,Skill_Passive,4,0,MEASURED-RANK,skillName-slot,False,41.0,0.0,0.0,scalar,0.0,0.0,scalar,0.0,0.0,scalar,0.0,0.0,scalar,0.0,0.0,scalar,0.0,0.0,scalar,0.0,0.0,scalar,0.0,0.0,scalar,0.0,0.0,scalar,0.0,0.0,scalar,0.0,0.0,0.0,0.0,0.0,0.0,0.0,0.0,0.0,0.0,0.0,0.0,0.0,0.0,False,DECODED-ZERO-DAMAGE,151
records/creatures/enemies/ghost_b04.dbr,HI,105,records/skills/nonplayerskills/passive/damagebonus_physical03.dbr,Skill_Passive,105,0,MEASURED-RANK,skillName-slot,False,41.0,560.0,713.0,IN-RANGE,0.0,0.0,scalar,0.0,0.0,scalar,0.0,0.0,scalar,0.0,0.0,scalar,0.0,0.0,scalar,0.0,0.0,scalar,0.0,0.0,scalar,0.0,0.0,scalar,0.0,0.0,scalar,0.0,0.0,0.0,0.0,0.0,0.0,0.0,0.0,0.0,0.0,0.0,0.0,0.0,0.0,True,MEASURED,151
records/creatures/enemies/ghost_b04.dbr,HI,105,records/skills/nonplayerskills/passive/passiveproperties_ghost.dbr,Skill_Passive,27,0,MEASURED-RANK,skillName-slot,False,41.0,0.0,0.0,n/a,0.0,0.0,scalar,0.0,0.0,scalar,154.0,154.0,IN-RANGE,0.0,0.0,scalar,0.0,0.0,scalar,0.0,0.0,scalar,0.0,0.0,n/a,0.0,0.0,scalar,2.0,7.0,scalar,0.0,0.0,0.0,0.0,0.0,0.0,0.0,0.0,0.0,0.0,0.0,0.0,0.0,0.0,True,MEASURED,151
records/creatures/enemies/ghost_b04.dbr,HI,105,(creature record),Monster,1,-1,MEASURED-RECORD,creature-own-fields,False,41.0,0.0,0.0,,0.0,0.0,,0.0,0.0,,0.0,0.0,,0.0,0.0,,0.0,0.0,,0.0,0.0,,0.0,0.0,,0.0,0.0,,0.0,0.0,,0.0,0.0,0.0,0.0,0.0,0.0,0.0,0.0,0.0,0.0,0.0,0.0,0.0,0.0,False,DECODED-ZERO-DAMAGE,151
records/creatures/enemies/hero/swampgolem_h01.dbr,LO,107,records/skills/nonplayerskills/heroskills/archetypes/swift_frenzyaura.dbr,Skill_BuffRadiusToggled,27,0,MEASURED-RANK,skillName-slot,False,41.0,0.0,0.0,n/a,0.0,0.0,n/a,0.0,0.0,n/a,0.0,0.0,n/a,0.0,0.0,n/a,0.0,0.0,n/a,0.0,0.0,n/a,0.0,0.0,n/a,0.0,0.0,n/a,0.0,0.0,n/a,0.0,0.0,0.0,0.0,0.0,0.0,0.0,0.0,0.0,0.0,0.0,0.0,0.0,0.0,False,DECODED-ZERO-DAMAGE,151
records/creatures/enemies/hero/swampgolem_h01.dbr,LO,107,records/skills/nonplayerskills/heroskills/archetypes/swift_frenzyaura_buff.dbr,SkillBuff_Passive,27,1,DERIVED-INHERITED-RANK,buffSkillName,False,41.0,0.0,0.0,scalar,0.0,0.0,scalar,0.0,0.0,scalar,0.0,0.0,scalar,0.0,0.0,scalar,0.0,0.0,scalar,0.0,0.0,scalar,0.0,0.0,scalar,0.0,0.0,scalar,0.0,0.0,scalar,0.0,0.0,0.0,0.0,0.0,0.0,0.0,0.0,0.0,0.0,0.0,0.0,0.0,0.0,False,DECODED-ZERO-DAMAGE,151
records/creatures/enemies/hero/swampgolem_h01.dbr,LO,107,records/skills/nonplayerskills/heroskills/archetypes/swift_passivestatmodifier.dbr,Skill_Passive,27,0,MEASURED-RANK,skillName-slot,False,41.0,0.0,0.0,scalar,0.0,0.0,scalar,0.0,0.0,scalar,0.0,0.0,scalar,0.0,0.0,scalar,0.0,0.0,scalar,0.0,0.0,scalar,0.0,0.0,n/a,0.0,0.0,n/a,0.0,0.0,scalar,0.0,0.0,0.0,0.0,0.0,0.0,0.0,0.0,0.0,0.0,0.0,0.0,0.0,0.0,False,DECODED-ZERO-DAMAGE,151
records/creatures/enemies/hero/swampgolem_h01.dbr,LO,107,records/skills/nonplayerskills/heroskills/hero loot chests/hero_chest_all_01.dbr,Skill_OnDeathSpawnActor,0,0,MEASURED-RANK,skillName-slot,False,41.0,0.0,0.0,n/a,0.0,0.0,n/a,0.0,0.0,n/a,0.0,0.0,n/a,0.0,0.0,n/a,0.0,0.0,n/a,0.0,0.0,n/a,0.0,0.0,n/a,0.0,0.0,n/a,0.0,0.0,n/a,0.0,0.0,0.0,0.0,0.0,0.0,0.0,0.0,0.0,0.0,0.0,0.0,0.0,0.0,False,DECODED-ZERO-DAMAGE,151
records/creatures/enemies/hero/swampgolem_h01.dbr,LO,107,records/skills/nonplayerskills/passive/armorbase04.dbr,Skill_Passive,107,0,MEASURED-RANK,skillName-slot,False,41.0,0.0,0.0,scalar,0.0,0.0,scalar,0.0,0.0,scalar,0.0,0.0,scalar,0.0,0.0,scalar,0.0,0.0,scalar,0.0,0.0,scalar,0.0,0.0,scalar,0.0,0.0,scalar,0.0,0.0,scalar,0.0,0.0,0.0,0.0,0.0,0.0,0.0,0.0,0.0,0.0,0.0,0.0,0.0,0.0,False,DECODED-ZERO-DAMAGE,151
records/creatures/enemies/hero/swampgolem_h01.dbr,LO,107,records/skills/nonplayerskills/passive/damage_totaladjuster.dbr,Skill_Passive,4,0,MEASURED-RANK,skillName-slot,False,41.0,0.0,0.0,scalar,0.0,0.0,scalar,0.0,0.0,scalar,0.0,0.0,scalar,0.0,0.0,scalar,0.0,0.0,scalar,0.0,0.0,scalar,0.0,0.0,scalar,0.0,0.0,scalar,0.0,0.0,scalar,0.0,0.0,0.0,0.0,0.0,0.0,0.0,0.0,0.0,0.0,0.0,0.0,0.0,0.0,False,DECODED-ZERO-DAMAGE,151
records/creatures/enemies/hero/swampgolem_h01.dbr,LO,107,records/skills/nonplayerskills/passive/damagebase_physical04.dbr,Skill_Passive,107,0,MEASURED-RANK,skillName-slot,False,41.0,856.0,1111.0,IN-RANGE,0.0,0.0,scalar,0.0,0.0,scalar,0.0,0.0,scalar,0.0,0.0,scalar,0.0,0.0,scalar,0.0,0.0,scalar,0.0,0.0,scalar,0.0,0.0,scalar,0.0,0.0,scalar,0.0,0.0,0.0,0.0,0.0,0.0,0.0,0.0,0.0,0.0,0.0,0.0,0.0,0.0,True,MEASURED,151
records/creatures/enemies/hero/swampgolem_h01.dbr,LO,107,records/skills/nonplayerskills/passive/resists_heroboss.dbr,Skill_Passive,2,0,MEASURED-RANK,skillName-slot,False,41.0,0.0,0.0,scalar,0.0,0.0,scalar,0.0,0.0,scalar,0.0,0.0,scalar,0.0,0.0,scalar,0.0,0.0,scalar,0.0,0.0,scalar,0.0,0.0,scalar,0.0,0.0,scalar,0.0,0.0,scalar,0.0,0.0,0.0,0.0,0.0,0.0,0.0,0.0,0.0,0.0,0.0,0.0,0.0,0.0,False,DECODED-ZERO-DAMAGE,151
records/creatures/enemies/hero/swampgolem_h01.dbr,LO,107,records/skills/nonplayerskillsgdx1/attackmelee/swampgolem_stonethrash.dbr,Skill_WeaponPool_ChargedFinale,27,0,MEASURED-RANK,skillName-slot,True,41.0,723.0,723.0,IN-RANGE,0.0,0.0,scalar,0.0,0.0,scalar,0.0,0.0,scalar,1013.0,1013.0,IN-RANGE,0.0,0.0,scalar,0.0,0.0,scalar,0.0,0.0,n/a,0.0,0.0,scalar,5.0,10.0,scalar,0.0,0.0,0.0,0.0,0.0,0.0,0.0,0.0,0.0,0.0,0.0,0.0,0.0,0.0,True,MEASURED,151
records/creatures/enemies/hero/swampgolem_h01.dbr,LO,107,records/skills/nonplayerskillsgdx1/attackprojectilering/swampgolem_vinenova.dbr,Skill_AttackProjectileRing,27,0,MEASURED-RANK,skillName-slot,False,41.0,526.0,526.0,IN-RANGE,0.0,0.0,scalar,0.0,0.0,scalar,0.0,0.0,n/a,0.0,0.0,n/a,448.0,493.0,IN-RANGE,0.0,0.0,scalar,0.0,0.0,scalar,0.0,0.0,scalar,0.0,0.0,scalar,0.0,0.0,0.0,0.0,0.0,0.0,0.0,0.0,223.0,2.0,0.0,0.0,0.0,0.0,True,MEASURED,151
records/creatures/enemies/hero/swampgolem_h01.dbr,LO,107,records/skills/nonplayerskillsgdx1/passive/passiveproperties_swampgolemchampion.dbr,Skill_Passive,27,0,MEASURED-RANK,skillName-slot,False,41.0,128.0,172.0,IN-RANGE,0.0,0.0,n/a,0.0,0.0,scalar,0.0,0.0,scalar,0.0,0.0,scalar,0.0,0.0,scalar,0.0,0.0,scalar,0.0,0.0,n/a,0.0,0.0,scalar,0.0,0.0,scalar,0.0,0.0,0.0,0.0,0.0,0.0,0.0,0.0,0.0,0.0,0.0,0.0,0.0,0.0,True,MEASURED,151
records/creatures/enemies/hero/swampgolem_h01.dbr,LO,107,records/skills/nonplayerskillsgdx1/path/swampgolem_doubleswipe.dbr,Skill_AttackWave,27,0,MEASURED-RANK,skillName-slot,False,41.0,942.0,942.0,IN-RANGE,0.0,0.0,scalar,0.0,0.0,scalar,0.0,0.0,scalar,0.0,0.0,scalar,880.0,880.0,IN-RANGE,0.0,0.0,n/a,0.0,0.0,n/a,0.0,0.0,n/a,0.0,0.0,scalar,0.0,0.0,0.0,0.0,0.0,0.0,0.0,0.0,235.0,2.0,0.0,0.0,0.0,0.0,True,MEASURED,151
records/creatures/enemies/hero/swampgolem_h01.dbr,LO,107,records/skills/nonplayerskillsgdx1/summoning/swampgolem_spawnplants.dbr,Skill_SpawnPet,27,0,MEASURED-RANK,skillName-slot,False,41.0,0.0,0.0,n/a,0.0,0.0,n/a,0.0,0.0,n/a,0.0,0.0,n/a,0.0,0.0,n/a,0.0,0.0,n/a,0.0,0.0,n/a,0.0,0.0,n/a,0.0,0.0,n/a,0.0,0.0,n/a,0.0,0.0,0.0,0.0,0.0,0.0,0.0,0.0,0.0,0.0,0.0,0.0,0.0,0.0,False,DECODED-ZERO-DAMAGE,151
records/creatures/enemies/hero/swampgolem_h01.dbr,LO,107,(creature record),Monster,1,-1,MEASURED-RECORD,creature-own-fields,False,41.0,0.0,0.0,,0.0,0.0,,0.0,0.0,,0.0,0.0,,0.0,0.0,,0.0,0.0,,0.0,0.0,,0.0,0.0,,0.0,0.0,,0.0,0.0,,0.0,0.0,0.0,0.0,0.0,0.0,0.0,0.0,0.0,0.0,0.0,0.0,0.0,0.0,False,DECODED-ZERO-DAMAGE,151
records/creatures/enemies/hero/swampgolem_h01.dbr,HI,108,records/skills/nonplayerskills/heroskills/archetypes/swift_frenzyaura.dbr,Skill_BuffRadiusToggled,28,0,MEASURED-RANK,skillName-slot,False,41.0,0.0,0.0,n/a,0.0,0.0,n/a,0.0,0.0,n/a,0.0,0.0,n/a,0.0,0.0,n/a,0.0,0.0,n/a,0.0,0.0,n/a,0.0,0.0,n/a,0.0,0.0,n/a,0.0,0.0,n/a,0.0,0.0,0.0,0.0,0.0,0.0,0.0,0.0,0.0,0.0,0.0,0.0,0.0,0.0,False,DECODED-ZERO-DAMAGE,151
records/creatures/enemies/hero/swampgolem_h01.dbr,HI,108,records/skills/nonplayerskills/heroskills/archetypes/swift_frenzyaura_buff.dbr,SkillBuff_Passive,28,1,DERIVED-INHERITED-RANK,buffSkillName,False,41.0,0.0,0.0,scalar,0.0,0.0,scalar,0.0,0.0,scalar,0.0,0.0,scalar,0.0,0.0,scalar,0.0,0.0,scalar,0.0,0.0,scalar,0.0,0.0,scalar,0.0,0.0,scalar,0.0,0.0,scalar,0.0,0.0,0.0,0.0,0.0,0.0,0.0,0.0,0.0,0.0,0.0,0.0,0.0,0.0,False,DECODED-ZERO-DAMAGE,151
records/creatures/enemies/hero/swampgolem_h01.dbr,HI,108,records/skills/nonplayerskills/heroskills/archetypes/swift_passivestatmodifier.dbr,Skill_Passive,28,0,MEASURED-RANK,skillName-slot,False,41.0,0.0,0.0,scalar,0.0,0.0,scalar,0.0,0.0,scalar,0.0,0.0,scalar,0.0,0.0,scalar,0.0,0.0,scalar,0.0,0.0,scalar,0.0,0.0,n/a,0.0,0.0,n/a,0.0,0.0,scalar,0.0,0.0,0.0,0.0,0.0,0.0,0.0,0.0,0.0,0.0,0.0,0.0,0.0,0.0,False,DECODED-ZERO-DAMAGE,151
records/creatures/enemies/hero/swampgolem_h01.dbr,HI,108,records/skills/nonplayerskills/heroskills/hero loot chests/hero_chest_all_01.dbr,Skill_OnDeathSpawnActor,0,0,MEASURED-RANK,skillName-slot,False,41.0,0.0,0.0,n/a,0.0,0.0,n/a,0.0,0.0,n/a,0.0,0.0,n/a,0.0,0.0,n/a,0.0,0.0,n/a,0.0,0.0,n/a,0.0,0.0,n/a,0.0,0.0,n/a,0.0,0.0,n/a,0.0,0.0,0.0,0.0,0.0,0.0,0.0,0.0,0.0,0.0,0.0,0.0,0.0,0.0,False,DECODED-ZERO-DAMAGE,151
records/creatures/enemies/hero/swampgolem_h01.dbr,HI,108,records/skills/nonplayerskills/passive/armorbase04.dbr,Skill_Passive,108,0,MEASURED-RANK,skillName-slot,False,41.0,0.0,0.0,scalar,0.0,0.0,scalar,0.0,0.0,scalar,0.0,0.0,scalar,0.0,0.0,scalar,0.0,0.0,scalar,0.0,0.0,scalar,0.0,0.0,scalar,0.0,0.0,scalar,0.0,0.0,scalar,0.0,0.0,0.0,0.0,0.0,0.0,0.0,0.0,0.0,0.0,0.0,0.0,0.0,0.0,False,DECODED-ZERO-DAMAGE,151
records/creatures/enemies/hero/swampgolem_h01.dbr,HI,108,records/skills/nonplayerskills/passive/damage_totaladjuster.dbr,Skill_Passive,4,0,MEASURED-RANK,skillName-slot,False,41.0,0.0,0.0,scalar,0.0,0.0,scalar,0.0,0.0,scalar,0.0,0.0,scalar,0.0,0.0,scalar,0.0,0.0,scalar,0.0,0.0,scalar,0.0,0.0,scalar,0.0,0.0,scalar,0.0,0.0,scalar,0.0,0.0,0.0,0.0,0.0,0.0,0.0,0.0,0.0,0.0,0.0,0.0,0.0,0.0,False,DECODED-ZERO-DAMAGE,151
records/creatures/enemies/hero/swampgolem_h01.dbr,HI,108,records/skills/nonplayerskills/passive/damagebase_physical04.dbr,Skill_Passive,108,0,MEASURED-RANK,skillName-slot,False,41.0,863.0,1120.0,IN-RANGE,0.0,0.0,scalar,0.0,0.0,scalar,0.0,0.0,scalar,0.0,0.0,scalar,0.0,0.0,scalar,0.0,0.0,scalar,0.0,0.0,scalar,0.0,0.0,scalar,0.0,0.0,scalar,0.0,0.0,0.0,0.0,0.0,0.0,0.0,0.0,0.0,0.0,0.0,0.0,0.0,0.0,True,MEASURED,151
records/creatures/enemies/hero/swampgolem_h01.dbr,HI,108,records/skills/nonplayerskills/passive/resists_heroboss.dbr,Skill_Passive,2,0,MEASURED-RANK,skillName-slot,False,41.0,0.0,0.0,scalar,0.0,0.0,scalar,0.0,0.0,scalar,0.0,0.0,scalar,0.0,0.0,scalar,0.0,0.0,scalar,0.0,0.0,scalar,0.0,0.0,scalar,0.0,0.0,scalar,0.0,0.0,scalar,0.0,0.0,0.0,0.0,0.0,0.0,0.0,0.0,0.0,0.0,0.0,0.0,0.0,0.0,False,DECODED-ZERO-DAMAGE,151
records/creatures/enemies/hero/swampgolem_h01.dbr,HI,108,records/skills/nonplayerskillsgdx1/attackmelee/swampgolem_stonethrash.dbr,Skill_WeaponPool_ChargedFinale,28,0,MEASURED-RANK,skillName-slot,True,41.0,754.0,754.0,IN-RANGE,0.0,0.0,scalar,0.0,0.0,scalar,0.0,0.0,scalar,1056.0,1056.0,IN-RANGE,0.0,0.0,scalar,0.0,0.0,scalar,0.0,0.0,n/a,0.0,0.0,scalar,5.0,10.0,scalar,0.0,0.0,0.0,0.0,0.0,0.0,0.0,0.0,0.0,0.0,0.0,0.0,0.0,0.0,True,MEASURED,151
records/creatures/enemies/hero/swampgolem_h01.dbr,HI,108,records/skills/nonplayerskillsgdx1/attackprojectilering/swampgolem_vinenova.dbr,Skill_AttackProjectileRing,28,0,MEASURED-RANK,skillName-slot,False,41.0,554.0,554.0,IN-RANGE,0.0,0.0,scalar,0.0,0.0,scalar,0.0,0.0,n/a,0.0,0.0,n/a,472.0,518.0,IN-RANGE,0.0,0.0,scalar,0.0,0.0,scalar,0.0,0.0,scalar,0.0,0.0,scalar,0.0,0.0,0.0,0.0,0.0,0.0,0.0,0.0,233.0,2.0,0.0,0.0,0.0,0.0,True,MEASURED,151
records/creatures/enemies/hero/swampgolem_h01.dbr,HI,108,records/skills/nonplayerskillsgdx1/passive/passiveproperties_swampgolemchampion.dbr,Skill_Passive,28,0,MEASURED-RANK,skillName-slot,False,41.0,133.0,179.0,IN-RANGE,0.0,0.0,n/a,0.0,0.0,scalar,0.0,0.0,scalar,0.0,0.0,scalar,0.0,0.0,scalar,0.0,0.0,scalar,0.0,0.0,n/a,0.0,0.0,scalar,0.0,0.0,scalar,0.0,0.0,0.0,0.0,0.0,0.0,0.0,0.0,0.0,0.0,0.0,0.0,0.0,0.0,True,MEASURED,151
records/creatures/enemies/hero/swampgolem_h01.dbr,HI,108,records/skills/nonplayerskillsgdx1/path/swampgolem_doubleswipe.dbr,Skill_AttackWave,28,0,MEASURED-RANK,skillName-slot,False,41.0,980.0,980.0,IN-RANGE,0.0,0.0,scalar,0.0,0.0,scalar,0.0,0.0,scalar,0.0,0.0,scalar,912.0,912.0,IN-RANGE,0.0,0.0,n/a,0.0,0.0,n/a,0.0,0.0,n/a,0.0,0.0,scalar,0.0,0.0,0.0,0.0,0.0,0.0,0.0,0.0,245.0,2.0,0.0,0.0,0.0,0.0,True,MEASURED,151
records/creatures/enemies/hero/swampgolem_h01.dbr,HI,108,records/skills/nonplayerskillsgdx1/summoning/swampgolem_spawnplants.dbr,Skill_SpawnPet,28,0,MEASURED-RANK,skillName-slot,False,41.0,0.0,0.0,n/a,0.0,0.0,n/a,0.0,0.0,n/a,0.0,0.0,n/a,0.0,0.0,n/a,0.0,0.0,n/a,0.0,0.0,n/a,0.0,0.0,n/a,0.0,0.0,n/a,0.0,0.0,n/a,0.0,0.0,0.0,0.0,0.0,0.0,0.0,0.0,0.0,0.0,0.0,0.0,0.0,0.0,False,DECODED-ZERO-DAMAGE,151
records/creatures/enemies/hero/swampgolem_h01.dbr,HI,108,(creature record),Monster,1,-1,MEASURED-RECORD,creature-own-fields,False,41.0,0.0,0.0,,0.0,0.0,,0.0,0.0,,0.0,0.0,,0.0,0.0,,0.0,0.0,,0.0,0.0,,0.0,0.0,,0.0,0.0,,0.0,0.0,,0.0,0.0,0.0,0.0,0.0,0.0,0.0,0.0,0.0,0.0,0.0,0.0,0.0,0.0,False,DECODED-ZERO-DAMAGE,151
records/creatures/enemies/hero/swampgolem_h02.dbr,LO,107,records/skills/nonplayerskills/heroskills/archetypes/defender_defenseaura.dbr,Skill_BuffRadiusToggled,27,0,MEASURED-RANK,skillName-slot,False,41.0,0.0,0.0,n/a,0.0,0.0,n/a,0.0,0.0,n/a,0.0,0.0,n/a,0.0,0.0,n/a,0.0,0.0,n/a,0.0,0.0,n/a,0.0,0.0,n/a,0.0,0.0,n/a,0.0,0.0,n/a,0.0,0.0,0.0,0.0,0.0,0.0,0.0,0.0,0.0,0.0,0.0,0.0,0.0,0.0,False,DECODED-ZERO-DAMAGE,151
records/creatures/enemies/hero/swampgolem_h02.dbr,LO,107,records/skills/nonplayerskills/heroskills/archetypes/defender_defenseaura_buff.dbr,SkillBuff_Passive,27,1,DERIVED-INHERITED-RANK,buffSkillName,False,41.0,0.0,0.0,scalar,0.0,0.0,scalar,0.0,0.0,scalar,0.0,0.0,scalar,0.0,0.0,scalar,0.0,0.0,scalar,0.0,0.0,scalar,0.0,0.0,n/a,0.0,0.0,n/a,0.0,0.0,scalar,0.0,0.0,0.0,0.0,0.0,0.0,0.0,0.0,0.0,0.0,0.0,0.0,0.0,0.0,False,DECODED-ZERO-DAMAGE,151
records/creatures/enemies/hero/swampgolem_h02.dbr,LO,107,records/skills/nonplayerskills/heroskills/archetypes/defender_passivestatmodifier.dbr,Skill_Passive,27,0,MEASURED-RANK,skillName-slot,False,41.0,220.0,220.0,IN-RANGE,0.0,0.0,scalar,0.0,0.0,scalar,0.0,0.0,scalar,0.0,0.0,scalar,0.0,0.0,scalar,0.0,0.0,scalar,0.0,0.0,n/a,0.0,0.0,n/a,0.0,0.0,scalar,0.0,0.0,0.0,0.0,0.0,0.0,0.0,0.0,0.0,0.0,0.0,0.0,0.0,0.0,True,MEASURED,151
records/creatures/enemies/hero/swampgolem_h02.dbr,LO,107,records/skills/nonplayerskills/heroskills/hero loot chests/hero_chest_all_01.dbr,Skill_OnDeathSpawnActor,0,0,MEASURED-RANK,skillName-slot,False,41.0,0.0,0.0,n/a,0.0,0.0,n/a,0.0,0.0,n/a,0.0,0.0,n/a,0.0,0.0,n/a,0.0,0.0,n/a,0.0,0.0,n/a,0.0,0.0,n/a,0.0,0.0,n/a,0.0,0.0,n/a,0.0,0.0,0.0,0.0,0.0,0.0,0.0,0.0,0.0,0.0,0.0,0.0,0.0,0.0,False,DECODED-ZERO-DAMAGE,151
records/creatures/enemies/hero/swampgolem_h02.dbr,LO,107,records/skills/nonplayerskills/passive/armorbase04.dbr,Skill_Passive,107,0,MEASURED-RANK,skillName-slot,False,41.0,0.0,0.0,scalar,0.0,0.0,scalar,0.0,0.0,scalar,0.0,0.0,scalar,0.0,0.0,scalar,0.0,0.0,scalar,0.0,0.0,scalar,0.0,0.0,scalar,0.0,0.0,scalar,0.0,0.0,scalar,0.0,0.0,0.0,0.0,0.0,0.0,0.0,0.0,0.0,0.0,0.0,0.0,0.0,0.0,False,DECODED-ZERO-DAMAGE,151
records/creatures/enemies/hero/swampgolem_h02.dbr,LO,107,records/skills/nonplayerskills/passive/damage_totaladjuster.dbr,Skill_Passive,4,0,MEASURED-RANK,skillName-slot,False,41.0,0.0,0.0,scalar,0.0,0.0,scalar,0.0,0.0,scalar,0.0,0.0,scalar,0.0,0.0,scalar,0.0,0.0,scalar,0.0,0.0,scalar,0.0,0.0,scalar,0.0,0.0,scalar,0.0,0.0,scalar,0.0,0.0,0.0,0.0,0.0,0.0,0.0,0.0,0.0,0.0,0.0,0.0,0.0,0.0,False,DECODED-ZERO-DAMAGE,151
records/creatures/enemies/hero/swampgolem_h02.dbr,LO,107,records/skills/nonplayerskills/passive/damagebase_physical04.dbr,Skill_Passive,107,0,MEASURED-RANK,skillName-slot,False,41.0,856.0,1111.0,IN-RANGE,0.0,0.0,scalar,0.0,0.0,scalar,0.0,0.0,scalar,0.0,0.0,scalar,0.0,0.0,scalar,0.0,0.0,scalar,0.0,0.0,scalar,0.0,0.0,scalar,0.0,0.0,scalar,0.0,0.0,0.0,0.0,0.0,0.0,0.0,0.0,0.0,0.0,0.0,0.0,0.0,0.0,True,MEASURED,151
records/creatures/enemies/hero/swampgolem_h02.dbr,LO,107,records/skills/nonplayerskills/passive/resists_heroboss.dbr,Skill_Passive,2,0,MEASURED-RANK,skillName-slot,False,41.0,0.0,0.0,scalar,0.0,0.0,scalar,0.0,0.0,scalar,0.0,0.0,scalar,0.0,0.0,scalar,0.0,0.0,scalar,0.0,0.0,scalar,0.0,0.0,scalar,0.0,0.0,scalar,0.0,0.0,scalar,0.0,0.0,0.0,0.0,0.0,0.0,0.0,0.0,0.0,0.0,0.0,0.0,0.0,0.0,False,DECODED-ZERO-DAMAGE,151
records/creatures/enemies/hero/swampgolem_h02.dbr,LO,107,records/skills/nonplayerskillsgdx1/attackmelee/swampgolem_stonethrash.dbr,Skill_WeaponPool_ChargedFinale,27,0,MEASURED-RANK,skillName-slot,True,41.0,723.0,723.0,IN-RANGE,0.0,0.0,scalar,0.0,0.0,scalar,0.0,0.0,scalar,1013.0,1013.0,IN-RANGE,0.0,0.0,scalar,0.0,0.0,scalar,0.0,0.0,n/a,0.0,0.0,scalar,5.0,10.0,scalar,0.0,0.0,0.0,0.0,0.0,0.0,0.0,0.0,0.0,0.0,0.0,0.0,0.0,0.0,True,MEASURED,151
records/creatures/enemies/hero/swampgolem_h02.dbr,LO,107,records/skills/nonplayerskillsgdx1/attackprojectilering/swampgolem_vinenova.dbr,Skill_AttackProjectileRing,27,0,MEASURED-RANK,skillName-slot,False,41.0,526.0,526.0,IN-RANGE,0.0,0.0,scalar,0.0,0.0,scalar,0.0,0.0,n/a,0.0,0.0,n/a,448.0,493.0,IN-RANGE,0.0,0.0,scalar,0.0,0.0,scalar,0.0,0.0,scalar,0.0,0.0,scalar,0.0,0.0,0.0,0.0,0.0,0.0,0.0,0.0,223.0,2.0,0.0,0.0,0.0,0.0,True,MEASURED,151
records/creatures/enemies/hero/swampgolem_h02.dbr,LO,107,records/skills/nonplayerskillsgdx1/passive/passiveproperties_swampgolemchampion.dbr,Skill_Passive,27,0,MEASURED-RANK,skillName-slot,False,41.0,128.0,172.0,IN-RANGE,0.0,0.0,n/a,0.0,0.0,scalar,0.0,0.0,scalar,0.0,0.0,scalar,0.0,0.0,scalar,0.0,0.0,scalar,0.0,0.0,n/a,0.0,0.0,scalar,0.0,0.0,scalar,0.0,0.0,0.0,0.0,0.0,0.0,0.0,0.0,0.0,0.0,0.0,0.0,0.0,0.0,True,MEASURED,151
records/creatures/enemies/hero/swampgolem_h02.dbr,LO,107,records/skills/nonplayerskillsgdx1/path/swampgolem_doubleswipe.dbr,Skill_AttackWave,27,0,MEASURED-RANK,skillName-slot,False,41.0,942.0,942.0,IN-RANGE,0.0,0.0,scalar,0.0,0.0,scalar,0.0,0.0,scalar,0.0,0.0,scalar,880.0,880.0,IN-RANGE,0.0,0.0,n/a,0.0,0.0,n/a,0.0,0.0,n/a,0.0,0.0,scalar,0.0,0.0,0.0,0.0,0.0,0.0,0.0,0.0,235.0,2.0,0.0,0.0,0.0,0.0,True,MEASURED,151
records/creatures/enemies/hero/swampgolem_h02.dbr,LO,107,records/skills/nonplayerskillsgdx1/summoning/swampgolem_spawnplants.dbr,Skill_SpawnPet,27,0,MEASURED-RANK,skillName-slot,False,41.0,0.0,0.0,n/a,0.0,0.0,n/a,0.0,0.0,n/a,0.0,0.0,n/a,0.0,0.0,n/a,0.0,0.0,n/a,0.0,0.0,n/a,0.0,0.0,n/a,0.0,0.0,n/a,0.0,0.0,n/a,0.0,0.0,0.0,0.0,0.0,0.0,0.0,0.0,0.0,0.0,0.0,0.0,0.0,0.0,False,DECODED-ZERO-DAMAGE,151
records/creatures/enemies/hero/swampgolem_h02.dbr,LO,107,(creature record),Monster,1,-1,MEASURED-RECORD,creature-own-fields,False,41.0,0.0,0.0,,0.0,0.0,,0.0,0.0,,0.0,0.0,,0.0,0.0,,0.0,0.0,,0.0,0.0,,0.0,0.0,,0.0,0.0,,0.0,0.0,,0.0,0.0,0.0,0.0,0.0,0.0,0.0,0.0,0.0,0.0,0.0,0.0,0.0,0.0,False,DECODED-ZERO-DAMAGE,151
records/creatures/enemies/hero/swampgolem_h02.dbr,HI,108,records/skills/nonplayerskills/heroskills/archetypes/defender_defenseaura.dbr,Skill_BuffRadiusToggled,28,0,MEASURED-RANK,skillName-slot,False,41.0,0.0,0.0,n/a,0.0,0.0,n/a,0.0,0.0,n/a,0.0,0.0,n/a,0.0,0.0,n/a,0.0,0.0,n/a,0.0,0.0,n/a,0.0,0.0,n/a,0.0,0.0,n/a,0.0,0.0,n/a,0.0,0.0,0.0,0.0,0.0,0.0,0.0,0.0,0.0,0.0,0.0,0.0,0.0,0.0,False,DECODED-ZERO-DAMAGE,151
records/creatures/enemies/hero/swampgolem_h02.dbr,HI,108,records/skills/nonplayerskills/heroskills/archetypes/defender_defenseaura_buff.dbr,SkillBuff_Passive,28,1,DERIVED-INHERITED-RANK,buffSkillName,False,41.0,0.0,0.0,scalar,0.0,0.0,scalar,0.0,0.0,scalar,0.0,0.0,scalar,0.0,0.0,scalar,0.0,0.0,scalar,0.0,0.0,scalar,0.0,0.0,n/a,0.0,0.0,n/a,0.0,0.0,scalar,0.0,0.0,0.0,0.0,0.0,0.0,0.0,0.0,0.0,0.0,0.0,0.0,0.0,0.0,False,DECODED-ZERO-DAMAGE,151
records/creatures/enemies/hero/swampgolem_h02.dbr,HI,108,records/skills/nonplayerskills/heroskills/archetypes/defender_passivestatmodifier.dbr,Skill_Passive,28,0,MEASURED-RANK,skillName-slot,False,41.0,230.0,230.0,IN-RANGE,0.0,0.0,scalar,0.0,0.0,scalar,0.0,0.0,scalar,0.0,0.0,scalar,0.0,0.0,scalar,0.0,0.0,scalar,0.0,0.0,n/a,0.0,0.0,n/a,0.0,0.0,scalar,0.0,0.0,0.0,0.0,0.0,0.0,0.0,0.0,0.0,0.0,0.0,0.0,0.0,0.0,True,MEASURED,151
records/creatures/enemies/hero/swampgolem_h02.dbr,HI,108,records/skills/nonplayerskills/heroskills/hero loot chests/hero_chest_all_01.dbr,Skill_OnDeathSpawnActor,0,0,MEASURED-RANK,skillName-slot,False,41.0,0.0,0.0,n/a,0.0,0.0,n/a,0.0,0.0,n/a,0.0,0.0,n/a,0.0,0.0,n/a,0.0,0.0,n/a,0.0,0.0,n/a,0.0,0.0,n/a,0.0,0.0,n/a,0.0,0.0,n/a,0.0,0.0,0.0,0.0,0.0,0.0,0.0,0.0,0.0,0.0,0.0,0.0,0.0,0.0,False,DECODED-ZERO-DAMAGE,151
records/creatures/enemies/hero/swampgolem_h02.dbr,HI,108,records/skills/nonplayerskills/passive/armorbase04.dbr,Skill_Passive,108,0,MEASURED-RANK,skillName-slot,False,41.0,0.0,0.0,scalar,0.0,0.0,scalar,0.0,0.0,scalar,0.0,0.0,scalar,0.0,0.0,scalar,0.0,0.0,scalar,0.0,0.0,scalar,0.0,0.0,scalar,0.0,0.0,scalar,0.0,0.0,scalar,0.0,0.0,0.0,0.0,0.0,0.0,0.0,0.0,0.0,0.0,0.0,0.0,0.0,0.0,False,DECODED-ZERO-DAMAGE,151
records/creatures/enemies/hero/swampgolem_h02.dbr,HI,108,records/skills/nonplayerskills/passive/damage_totaladjuster.dbr,Skill_Passive,4,0,MEASURED-RANK,skillName-slot,False,41.0,0.0,0.0,scalar,0.0,0.0,scalar,0.0,0.0,scalar,0.0,0.0,scalar,0.0,0.0,scalar,0.0,0.0,scalar,0.0,0.0,scalar,0.0,0.0,scalar,0.0,0.0,scalar,0.0,0.0,scalar,0.0,0.0,0.0,0.0,0.0,0.0,0.0,0.0,0.0,0.0,0.0,0.0,0.0,0.0,False,DECODED-ZERO-DAMAGE,151
records/creatures/enemies/hero/swampgolem_h02.dbr,HI,108,records/skills/nonplayerskills/passive/damagebase_physical04.dbr,Skill_Passive,108,0,MEASURED-RANK,skillName-slot,False,41.0,863.0,1120.0,IN-RANGE,0.0,0.0,scalar,0.0,0.0,scalar,0.0,0.0,scalar,0.0,0.0,scalar,0.0,0.0,scalar,0.0,0.0,scalar,0.0,0.0,scalar,0.0,0.0,scalar,0.0,0.0,scalar,0.0,0.0,0.0,0.0,0.0,0.0,0.0,0.0,0.0,0.0,0.0,0.0,0.0,0.0,True,MEASURED,151
records/creatures/enemies/hero/swampgolem_h02.dbr,HI,108,records/skills/nonplayerskills/passive/resists_heroboss.dbr,Skill_Passive,2,0,MEASURED-RANK,skillName-slot,False,41.0,0.0,0.0,scalar,0.0,0.0,scalar,0.0,0.0,scalar,0.0,0.0,scalar,0.0,0.0,scalar,0.0,0.0,scalar,0.0,0.0,scalar,0.0,0.0,scalar,0.0,0.0,scalar,0.0,0.0,scalar,0.0,0.0,0.0,0.0,0.0,0.0,0.0,0.0,0.0,0.0,0.0,0.0,0.0,0.0,False,DECODED-ZERO-DAMAGE,151
records/creatures/enemies/hero/swampgolem_h02.dbr,HI,108,records/skills/nonplayerskillsgdx1/attackmelee/swampgolem_stonethrash.dbr,Skill_WeaponPool_ChargedFinale,28,0,MEASURED-RANK,skillName-slot,True,41.0,754.0,754.0,IN-RANGE,0.0,0.0,scalar,0.0,0.0,scalar,0.0,0.0,scalar,1056.0,1056.0,IN-RANGE,0.0,0.0,scalar,0.0,0.0,scalar,0.0,0.0,n/a,0.0,0.0,scalar,5.0,10.0,scalar,0.0,0.0,0.0,0.0,0.0,0.0,0.0,0.0,0.0,0.0,0.0,0.0,0.0,0.0,True,MEASURED,151
records/creatures/enemies/hero/swampgolem_h02.dbr,HI,108,records/skills/nonplayerskillsgdx1/attackprojectilering/swampgolem_vinenova.dbr,Skill_AttackProjectileRing,28,0,MEASURED-RANK,skillName-slot,False,41.0,554.0,554.0,IN-RANGE,0.0,0.0,scalar,0.0,0.0,scalar,0.0,0.0,n/a,0.0,0.0,n/a,472.0,518.0,IN-RANGE,0.0,0.0,scalar,0.0,0.0,scalar,0.0,0.0,scalar,0.0,0.0,scalar,0.0,0.0,0.0,0.0,0.0,0.0,0.0,0.0,233.0,2.0,0.0,0.0,0.0,0.0,True,MEASURED,151
records/creatures/enemies/hero/swampgolem_h02.dbr,HI,108,records/skills/nonplayerskillsgdx1/passive/passiveproperties_swampgolemchampion.dbr,Skill_Passive,28,0,MEASURED-RANK,skillName-slot,False,41.0,133.0,179.0,IN-RANGE,0.0,0.0,n/a,0.0,0.0,scalar,0.0,0.0,scalar,0.0,0.0,scalar,0.0,0.0,scalar,0.0,0.0,scalar,0.0,0.0,n/a,0.0,0.0,scalar,0.0,0.0,scalar,0.0,0.0,0.0,0.0,0.0,0.0,0.0,0.0,0.0,0.0,0.0,0.0,0.0,0.0,True,MEASURED,151
records/creatures/enemies/hero/swampgolem_h02.dbr,HI,108,records/skills/nonplayerskillsgdx1/path/swampgolem_doubleswipe.dbr,Skill_AttackWave,28,0,MEASURED-RANK,skillName-slot,False,41.0,980.0,980.0,IN-RANGE,0.0,0.0,scalar,0.0,0.0,scalar,0.0,0.0,scalar,0.0,0.0,scalar,912.0,912.0,IN-RANGE,0.0,0.0,n/a,0.0,0.0,n/a,0.0,0.0,n/a,0.0,0.0,scalar,0.0,0.0,0.0,0.0,0.0,0.0,0.0,0.0,245.0,2.0,0.0,0.0,0.0,0.0,True,MEASURED,151
records/creatures/enemies/hero/swampgolem_h02.dbr,HI,108,records/skills/nonplayerskillsgdx1/summoning/swampgolem_spawnplants.dbr,Skill_SpawnPet,28,0,MEASURED-RANK,skillName-slot,False,41.0,0.0,0.0,n/a,0.0,0.0,n/a,0.0,0.0,n/a,0.0,0.0,n/a,0.0,0.0,n/a,0.0,0.0,n/a,0.0,0.0,n/a,0.0,0.0,n/a,0.0,0.0,n/a,0.0,0.0,n/a,0.0,0.0,0.0,0.0,0.0,0.0,0.0,0.0,0.0,0.0,0.0,0.0,0.0,0.0,False,DECODED-ZERO-DAMAGE,151
records/creatures/enemies/hero/swampgolem_h02.dbr,HI,108,(creature record),Monster,1,-1,MEASURED-RECORD,creature-own-fields,False,41.0,0.0,0.0,,0.0,0.0,,0.0,0.0,,0.0,0.0,,0.0,0.0,,0.0,0.0,,0.0,0.0,,0.0,0.0,,0.0,0.0,,0.0,0.0,,0.0,0.0,0.0,0.0,0.0,0.0,0.0,0.0,0.0,0.0,0.0,0.0,0.0,0.0,False,DECODED-ZERO-DAMAGE,151
records/creatures/enemies/hero/swampgolem_h05.dbr,LO,107,records/skills/nonplayerskills/heroskills/hero loot chests/hero_chest_all_01.dbr,Skill_OnDeathSpawnActor,0,0,MEASURED-RANK,skillName-slot,False,41.0,0.0,0.0,n/a,0.0,0.0,n/a,0.0,0.0,n/a,0.0,0.0,n/a,0.0,0.0,n/a,0.0,0.0,n/a,0.0,0.0,n/a,0.0,0.0,n/a,0.0,0.0,n/a,0.0,0.0,n/a,0.0,0.0,0.0,0.0,0.0,0.0,0.0,0.0,0.0,0.0,0.0,0.0,0.0,0.0,False,DECODED-ZERO-DAMAGE,151
records/creatures/enemies/hero/swampgolem_h05.dbr,LO,107,records/skills/nonplayerskills/passive/armorbase04.dbr,Skill_Passive,107,0,MEASURED-RANK,skillName-slot,False,41.0,0.0,0.0,scalar,0.0,0.0,scalar,0.0,0.0,scalar,0.0,0.0,scalar,0.0,0.0,scalar,0.0,0.0,scalar,0.0,0.0,scalar,0.0,0.0,scalar,0.0,0.0,scalar,0.0,0.0,scalar,0.0,0.0,0.0,0.0,0.0,0.0,0.0,0.0,0.0,0.0,0.0,0.0,0.0,0.0,False,DECODED-ZERO-DAMAGE,151
records/creatures/enemies/hero/swampgolem_h05.dbr,LO,107,records/skills/nonplayerskills/passive/damage_totaladjuster.dbr,Skill_Passive,4,0,MEASURED-RANK,skillName-slot,False,41.0,0.0,0.0,scalar,0.0,0.0,scalar,0.0,0.0,scalar,0.0,0.0,scalar,0.0,0.0,scalar,0.0,0.0,scalar,0.0,0.0,scalar,0.0,0.0,scalar,0.0,0.0,scalar,0.0,0.0,scalar,0.0,0.0,0.0,0.0,0.0,0.0,0.0,0.0,0.0,0.0,0.0,0.0,0.0,0.0,False,DECODED-ZERO-DAMAGE,151
records/creatures/enemies/hero/swampgolem_h05.dbr,LO,107,records/skills/nonplayerskills/passive/damagebase_physical04.dbr,Skill_Passive,107,0,MEASURED-RANK,skillName-slot,False,41.0,856.0,1111.0,IN-RANGE,0.0,0.0,scalar,0.0,0.0,scalar,0.0,0.0,scalar,0.0,0.0,scalar,0.0,0.0,scalar,0.0,0.0,scalar,0.0,0.0,scalar,0.0,0.0,scalar,0.0,0.0,scalar,0.0,0.0,0.0,0.0,0.0,0.0,0.0,0.0,0.0,0.0,0.0,0.0,0.0,0.0,True,MEASURED,151
records/creatures/enemies/hero/swampgolem_h05.dbr,LO,107,records/skills/nonplayerskills/passive/resists_heroboss.dbr,Skill_Passive,2,0,MEASURED-RANK,skillName-slot,False,41.0,0.0,0.0,scalar,0.0,0.0,scalar,0.0,0.0,scalar,0.0,0.0,scalar,0.0,0.0,scalar,0.0,0.0,scalar,0.0,0.0,scalar,0.0,0.0,scalar,0.0,0.0,scalar,0.0,0.0,scalar,0.0,0.0,0.0,0.0,0.0,0.0,0.0,0.0,0.0,0.0,0.0,0.0,0.0,0.0,False,DECODED-ZERO-DAMAGE,151
records/creatures/enemies/hero/swampgolem_h05.dbr,LO,107,records/skills/nonplayerskillsgdx1/attackmelee/swampgolem_stonethrash.dbr,Skill_WeaponPool_ChargedFinale,27,0,MEASURED-RANK,skillName-slot,True,41.0,723.0,723.0,IN-RANGE,0.0,0.0,scalar,0.0,0.0,scalar,0.0,0.0,scalar,1013.0,1013.0,IN-RANGE,0.0,0.0,scalar,0.0,0.0,scalar,0.0,0.0,n/a,0.0,0.0,scalar,5.0,10.0,scalar,0.0,0.0,0.0,0.0,0.0,0.0,0.0,0.0,0.0,0.0,0.0,0.0,0.0,0.0,True,MEASURED,151
records/creatures/enemies/hero/swampgolem_h05.dbr,LO,107,records/skills/nonplayerskillsgdx1/attackprojectilering/swampgolem_vinenova.dbr,Skill_AttackProjectileRing,27,0,MEASURED-RANK,skillName-slot,False,41.0,526.0,526.0,IN-RANGE,0.0,0.0,scalar,0.0,0.0,scalar,0.0,0.0,n/a,0.0,0.0,n/a,448.0,493.0,IN-RANGE,0.0,0.0,scalar,0.0,0.0,scalar,0.0,0.0,scalar,0.0,0.0,scalar,0.0,0.0,0.0,0.0,0.0,0.0,0.0,0.0,223.0,2.0,0.0,0.0,0.0,0.0,True,MEASURED,151
records/creatures/enemies/hero/swampgolem_h05.dbr,LO,107,records/skills/nonplayerskillsgdx1/passive/passiveproperties_swampgolemchampion.dbr,Skill_Passive,27,0,MEASURED-RANK,skillName-slot,False,41.0,128.0,172.0,IN-RANGE,0.0,0.0,n/a,0.0,0.0,scalar,0.0,0.0,scalar,0.0,0.0,scalar,0.0,0.0,scalar,0.0,0.0,scalar,0.0,0.0,n/a,0.0,0.0,scalar,0.0,0.0,scalar,0.0,0.0,0.0,0.0,0.0,0.0,0.0,0.0,0.0,0.0,0.0,0.0,0.0,0.0,True,MEASURED,151
records/creatures/enemies/hero/swampgolem_h05.dbr,LO,107,records/skills/nonplayerskillsgdx1/path/swampgolem_doubleswipe.dbr,Skill_AttackWave,27,0,MEASURED-RANK,skillName-slot,False,41.0,942.0,942.0,IN-RANGE,0.0,0.0,scalar,0.0,0.0,scalar,0.0,0.0,scalar,0.0,0.0,scalar,880.0,880.0,IN-RANGE,0.0,0.0,n/a,0.0,0.0,n/a,0.0,0.0,n/a,0.0,0.0,scalar,0.0,0.0,0.0,0.0,0.0,0.0,0.0,0.0,235.0,2.0,0.0,0.0,0.0,0.0,True,MEASURED,151
records/creatures/enemies/hero/swampgolem_h05.dbr,LO,107,records/skills/nonplayerskillsgdx1/summoning/swampgolem_spawnplants.dbr,Skill_SpawnPet,27,0,MEASURED-RANK,skillName-slot,False,41.0,0.0,0.0,n/a,0.0,0.0,n/a,0.0,0.0,n/a,0.0,0.0,n/a,0.0,0.0,n/a,0.0,0.0,n/a,0.0,0.0,n/a,0.0,0.0,n/a,0.0,0.0,n/a,0.0,0.0,n/a,0.0,0.0,0.0,0.0,0.0,0.0,0.0,0.0,0.0,0.0,0.0,0.0,0.0,0.0,False,DECODED-ZERO-DAMAGE,151
records/creatures/enemies/hero/swampgolem_h05.dbr,LO,107,records/skills/nonplayerskillsgdx3/heroskills/archetypes/infernal_emberbuff.dbr,Skill_BuffSelfToggled,27,0,MEASURED-RANK,skillName-slot,False,41.0,0.0,0.0,scalar,0.0,0.0,scalar,0.0,0.0,scalar,0.0,0.0,scalar,0.0,0.0,scalar,0.0,0.0,scalar,0.0,0.0,scalar,0.0,0.0,scalar,0.0,0.0,n/a,0.0,0.0,scalar,0.0,0.0,0.0,0.0,0.0,0.0,0.0,0.0,0.0,0.0,0.0,0.0,0.0,0.0,False,DECODED-ZERO-DAMAGE,151
records/creatures/enemies/hero/swampgolem_h05.dbr,LO,107,records/skills/nonplayerskillsgdx3/heroskills/archetypes/infernal_emberburstproc.dbr,Skill_AttackProjectileBurst,27,0,MEASURED-RANK,skillName-slot,False,41.0,521.0,521.0,IN-RANGE,0.0,0.0,scalar,1251.0,1251.0,IN-RANGE,0.0,0.0,scalar,0.0,0.0,n/a,0.0,0.0,n/a,0.0,0.0,scalar,0.0,0.0,n/a,0.0,0.0,n/a,0.0,0.0,scalar,0.0,0.0,0.0,0.0,0.0,0.0,0.0,0.0,0.0,0.0,0.0,0.0,0.0,0.0,True,MEASURED,151
records/creatures/enemies/hero/swampgolem_h05.dbr,LO,107,records/skills/nonplayerskillsgdx3/heroskills/archetypes/infernal_embernova.dbr,Skill_AttackProjectileRing,27,0,MEASURED-RANK,skillName-slot,False,41.0,936.0,936.0,IN-RANGE,0.0,0.0,scalar,1564.0,1564.0,IN-RANGE,0.0,0.0,n/a,0.0,0.0,n/a,0.0,0.0,scalar,0.0,0.0,scalar,0.0,0.0,n/a,0.0,0.0,scalar,0.0,0.0,n/a,0.0,0.0,0.0,0.0,0.0,0.0,0.0,0.0,0.0,0.0,0.0,0.0,0.0,0.0,True,MEASURED,151
records/creatures/enemies/hero/swampgolem_h05.dbr,LO,107,records/skills/nonplayerskillsgdx3/heroskills/archetypes/infernal_passivestatmodifier.dbr,Skill_Passive,27,0,MEASURED-RANK,skillName-slot,False,41.0,0.0,0.0,scalar,0.0,0.0,scalar,230.0,230.0,IN-RANGE,0.0,0.0,scalar,0.0,0.0,scalar,0.0,0.0,scalar,0.0,0.0,scalar,0.0,0.0,n/a,0.0,0.0,n/a,0.0,0.0,scalar,0.0,0.0,0.0,0.0,0.0,0.0,0.0,0.0,0.0,0.0,0.0,0.0,0.0,0.0,True,MEASURED,151
records/creatures/enemies/hero/swampgolem_h05.dbr,LO,107,(creature record),Monster,1,-1,MEASURED-RECORD,creature-own-fields,False,41.0,0.0,0.0,,0.0,0.0,,0.0,0.0,,0.0,0.0,,0.0,0.0,,0.0,0.0,,0.0,0.0,,0.0,0.0,,0.0,0.0,,0.0,0.0,,0.0,0.0,0.0,0.0,0.0,0.0,0.0,0.0,0.0,0.0,0.0,0.0,0.0,0.0,False,DECODED-ZERO-DAMAGE,151
records/creatures/enemies/hero/swampgolem_h05.dbr,HI,108,records/skills/nonplayerskills/heroskills/hero loot chests/hero_chest_all_01.dbr,Skill_OnDeathSpawnActor,0,0,MEASURED-RANK,skillName-slot,False,41.0,0.0,0.0,n/a,0.0,0.0,n/a,0.0,0.0,n/a,0.0,0.0,n/a,0.0,0.0,n/a,0.0,0.0,n/a,0.0,0.0,n/a,0.0,0.0,n/a,0.0,0.0,n/a,0.0,0.0,n/a,0.0,0.0,0.0,0.0,0.0,0.0,0.0,0.0,0.0,0.0,0.0,0.0,0.0,0.0,False,DECODED-ZERO-DAMAGE,151
records/creatures/enemies/hero/swampgolem_h05.dbr,HI,108,records/skills/nonplayerskills/passive/armorbase04.dbr,Skill_Passive,108,0,MEASURED-RANK,skillName-slot,False,41.0,0.0,0.0,scalar,0.0,0.0,scalar,0.0,0.0,scalar,0.0,0.0,scalar,0.0,0.0,scalar,0.0,0.0,scalar,0.0,0.0,scalar,0.0,0.0,scalar,0.0,0.0,scalar,0.0,0.0,scalar,0.0,0.0,0.0,0.0,0.0,0.0,0.0,0.0,0.0,0.0,0.0,0.0,0.0,0.0,False,DECODED-ZERO-DAMAGE,151
records/creatures/enemies/hero/swampgolem_h05.dbr,HI,108,records/skills/nonplayerskills/passive/damage_totaladjuster.dbr,Skill_Passive,4,0,MEASURED-RANK,skillName-slot,False,41.0,0.0,0.0,scalar,0.0,0.0,scalar,0.0,0.0,scalar,0.0,0.0,scalar,0.0,0.0,scalar,0.0,0.0,scalar,0.0,0.0,scalar,0.0,0.0,scalar,0.0,0.0,scalar,0.0,0.0,scalar,0.0,0.0,0.0,0.0,0.0,0.0,0.0,0.0,0.0,0.0,0.0,0.0,0.0,0.0,False,DECODED-ZERO-DAMAGE,151
records/creatures/enemies/hero/swampgolem_h05.dbr,HI,108,records/skills/nonplayerskills/passive/damagebase_physical04.dbr,Skill_Passive,108,0,MEASURED-RANK,skillName-slot,False,41.0,863.0,1120.0,IN-RANGE,0.0,0.0,scalar,0.0,0.0,scalar,0.0,0.0,scalar,0.0,0.0,scalar,0.0,0.0,scalar,0.0,0.0,scalar,0.0,0.0,scalar,0.0,0.0,scalar,0.0,0.0,scalar,0.0,0.0,0.0,0.0,0.0,0.0,0.0,0.0,0.0,0.0,0.0,0.0,0.0,0.0,True,MEASURED,151
records/creatures/enemies/hero/swampgolem_h05.dbr,HI,108,records/skills/nonplayerskills/passive/resists_heroboss.dbr,Skill_Passive,2,0,MEASURED-RANK,skillName-slot,False,41.0,0.0,0.0,scalar,0.0,0.0,scalar,0.0,0.0,scalar,0.0,0.0,scalar,0.0,0.0,scalar,0.0,0.0,scalar,0.0,0.0,scalar,0.0,0.0,scalar,0.0,0.0,scalar,0.0,0.0,scalar,0.0,0.0,0.0,0.0,0.0,0.0,0.0,0.0,0.0,0.0,0.0,0.0,0.0,0.0,False,DECODED-ZERO-DAMAGE,151
records/creatures/enemies/hero/swampgolem_h05.dbr,HI,108,records/skills/nonplayerskillsgdx1/attackmelee/swampgolem_stonethrash.dbr,Skill_WeaponPool_ChargedFinale,28,0,MEASURED-RANK,skillName-slot,True,41.0,754.0,754.0,IN-RANGE,0.0,0.0,scalar,0.0,0.0,scalar,0.0,0.0,scalar,1056.0,1056.0,IN-RANGE,0.0,0.0,scalar,0.0,0.0,scalar,0.0,0.0,n/a,0.0,0.0,scalar,5.0,10.0,scalar,0.0,0.0,0.0,0.0,0.0,0.0,0.0,0.0,0.0,0.0,0.0,0.0,0.0,0.0,True,MEASURED,151
records/creatures/enemies/hero/swampgolem_h05.dbr,HI,108,records/skills/nonplayerskillsgdx1/attackprojectilering/swampgolem_vinenova.dbr,Skill_AttackProjectileRing,28,0,MEASURED-RANK,skillName-slot,False,41.0,554.0,554.0,IN-RANGE,0.0,0.0,scalar,0.0,0.0,scalar,0.0,0.0,n/a,0.0,0.0,n/a,472.0,518.0,IN-RANGE,0.0,0.0,scalar,0.0,0.0,scalar,0.0,0.0,scalar,0.0,0.0,scalar,0.0,0.0,0.0,0.0,0.0,0.0,0.0,0.0,233.0,2.0,0.0,0.0,0.0,0.0,True,MEASURED,151
records/creatures/enemies/hero/swampgolem_h05.dbr,HI,108,records/skills/nonplayerskillsgdx1/passive/passiveproperties_swampgolemchampion.dbr,Skill_Passive,28,0,MEASURED-RANK,skillName-slot,False,41.0,133.0,179.0,IN-RANGE,0.0,0.0,n/a,0.0,0.0,scalar,0.0,0.0,scalar,0.0,0.0,scalar,0.0,0.0,scalar,0.0,0.0,scalar,0.0,0.0,n/a,0.0,0.0,scalar,0.0,0.0,scalar,0.0,0.0,0.0,0.0,0.0,0.0,0.0,0.0,0.0,0.0,0.0,0.0,0.0,0.0,True,MEASURED,151
records/creatures/enemies/hero/swampgolem_h05.dbr,HI,108,records/skills/nonplayerskillsgdx1/path/swampgolem_doubleswipe.dbr,Skill_AttackWave,28,0,MEASURED-RANK,skillName-slot,False,41.0,980.0,980.0,IN-RANGE,0.0,0.0,scalar,0.0,0.0,scalar,0.0,0.0,scalar,0.0,0.0,scalar,912.0,912.0,IN-RANGE,0.0,0.0,n/a,0.0,0.0,n/a,0.0,0.0,n/a,0.0,0.0,scalar,0.0,0.0,0.0,0.0,0.0,0.0,0.0,0.0,245.0,2.0,0.0,0.0,0.0,0.0,True,MEASURED,151
records/creatures/enemies/hero/swampgolem_h05.dbr,HI,108,records/skills/nonplayerskillsgdx1/summoning/swampgolem_spawnplants.dbr,Skill_SpawnPet,28,0,MEASURED-RANK,skillName-slot,False,41.0,0.0,0.0,n/a,0.0,0.0,n/a,0.0,0.0,n/a,0.0,0.0,n/a,0.0,0.0,n/a,0.0,0.0,n/a,0.0,0.0,n/a,0.0,0.0,n/a,0.0,0.0,n/a,0.0,0.0,n/a,0.0,0.0,0.0,0.0,0.0,0.0,0.0,0.0,0.0,0.0,0.0,0.0,0.0,0.0,False,DECODED-ZERO-DAMAGE,151
records/creatures/enemies/hero/swampgolem_h05.dbr,HI,108,records/skills/nonplayerskillsgdx3/heroskills/archetypes/infernal_emberbuff.dbr,Skill_BuffSelfToggled,28,0,MEASURED-RANK,skillName-slot,False,41.0,0.0,0.0,scalar,0.0,0.0,scalar,0.0,0.0,scalar,0.0,0.0,scalar,0.0,0.0,scalar,0.0,0.0,scalar,0.0,0.0,scalar,0.0,0.0,scalar,0.0,0.0,n/a,0.0,0.0,scalar,0.0,0.0,0.0,0.0,0.0,0.0,0.0,0.0,0.0,0.0,0.0,0.0,0.0,0.0,False,DECODED-ZERO-DAMAGE,151
records/creatures/enemies/hero/swampgolem_h05.dbr,HI,108,records/skills/nonplayerskillsgdx3/heroskills/archetypes/infernal_emberburstproc.dbr,Skill_AttackProjectileBurst,28,0,MEASURED-RANK,skillName-slot,False,41.0,544.0,544.0,IN-RANGE,0.0,0.0,scalar,1302.0,1302.0,IN-RANGE,0.0,0.0,scalar,0.0,0.0,n/a,0.0,0.0,n/a,0.0,0.0,scalar,0.0,0.0,n/a,0.0,0.0,n/a,0.0,0.0,scalar,0.0,0.0,0.0,0.0,0.0,0.0,0.0,0.0,0.0,0.0,0.0,0.0,0.0,0.0,True,MEASURED,151
records/creatures/enemies/hero/swampgolem_h05.dbr,HI,108,records/skills/nonplayerskillsgdx3/heroskills/archetypes/infernal_embernova.dbr,Skill_AttackProjectileRing,28,0,MEASURED-RANK,skillName-slot,False,41.0,976.0,976.0,IN-RANGE,0.0,0.0,scalar,1628.0,1628.0,IN-RANGE,0.0,0.0,n/a,0.0,0.0,n/a,0.0,0.0,scalar,0.0,0.0,scalar,0.0,0.0,n/a,0.0,0.0,scalar,0.0,0.0,n/a,0.0,0.0,0.0,0.0,0.0,0.0,0.0,0.0,0.0,0.0,0.0,0.0,0.0,0.0,True,MEASURED,151
records/creatures/enemies/hero/swampgolem_h05.dbr,HI,108,records/skills/nonplayerskillsgdx3/heroskills/archetypes/infernal_passivestatmodifier.dbr,Skill_Passive,28,0,MEASURED-RANK,skillName-slot,False,41.0,0.0,0.0,scalar,0.0,0.0,scalar,239.0,239.0,IN-RANGE,0.0,0.0,scalar,0.0,0.0,scalar,0.0,0.0,scalar,0.0,0.0,scalar,0.0,0.0,n/a,0.0,0.0,n/a,0.0,0.0,scalar,0.0,0.0,0.0,0.0,0.0,0.0,0.0,0.0,0.0,0.0,0.0,0.0,0.0,0.0,True,MEASURED,151
records/creatures/enemies/hero/swampgolem_h05.dbr,HI,108,(creature record),Monster,1,-1,MEASURED-RECORD,creature-own-fields,False,41.0,0.0,0.0,,0.0,0.0,,0.0,0.0,,0.0,0.0,,0.0,0.0,,0.0,0.0,,0.0,0.0,,0.0,0.0,,0.0,0.0,,0.0,0.0,,0.0,0.0,0.0,0.0,0.0,0.0,0.0,0.0,0.0,0.0,0.0,0.0,0.0,0.0,False,DECODED-ZERO-DAMAGE,151
records/creatures/enemies/hero/wendigo_h01.dbr,LO,107,records/skills/nonplayerskills/heroskills/hero loot chests/hero_chest_all_01.dbr,Skill_OnDeathSpawnActor,0,0,MEASURED-RANK,skillName-slot,False,41.0,0.0,0.0,n/a,0.0,0.0,n/a,0.0,0.0,n/a,0.0,0.0,n/a,0.0,0.0,n/a,0.0,0.0,n/a,0.0,0.0,n/a,0.0,0.0,n/a,0.0,0.0,n/a,0.0,0.0,n/a,0.0,0.0,0.0,0.0,0.0,0.0,0.0,0.0,0.0,0.0,0.0,0.0,0.0,0.0,False,DECODED-ZERO-DAMAGE,151
records/creatures/enemies/hero/wendigo_h01.dbr,LO,107,records/skills/nonplayerskills/passive/armorbase04.dbr,Skill_Passive,107,0,MEASURED-RANK,skillName-slot,False,41.0,0.0,0.0,scalar,0.0,0.0,scalar,0.0,0.0,scalar,0.0,0.0,scalar,0.0,0.0,scalar,0.0,0.0,scalar,0.0,0.0,scalar,0.0,0.0,scalar,0.0,0.0,scalar,0.0,0.0,scalar,0.0,0.0,0.0,0.0,0.0,0.0,0.0,0.0,0.0,0.0,0.0,0.0,0.0,0.0,False,DECODED-ZERO-DAMAGE,151
records/creatures/enemies/hero/wendigo_h01.dbr,LO,107,records/skills/nonplayerskills/passive/damage_totaladjuster.dbr,Skill_Passive,4,0,MEASURED-RANK,skillName-slot,False,41.0,0.0,0.0,scalar,0.0,0.0,scalar,0.0,0.0,scalar,0.0,0.0,scalar,0.0,0.0,scalar,0.0,0.0,scalar,0.0,0.0,scalar,0.0,0.0,scalar,0.0,0.0,scalar,0.0,0.0,scalar,0.0,0.0,0.0,0.0,0.0,0.0,0.0,0.0,0.0,0.0,0.0,0.0,0.0,0.0,False,DECODED-ZERO-DAMAGE,151
records/creatures/enemies/hero/wendigo_h01.dbr,LO,107,records/skills/nonplayerskills/passive/damagebase_physical04.dbr,Skill_Passive,107,0,MEASURED-RANK,skillName-slot,False,41.0,856.0,1111.0,IN-RANGE,0.0,0.0,scalar,0.0,0.0,scalar,0.0,0.0,scalar,0.0,0.0,scalar,0.0,0.0,scalar,0.0,0.0,scalar,0.0,0.0,scalar,0.0,0.0,scalar,0.0,0.0,scalar,0.0,0.0,0.0,0.0,0.0,0.0,0.0,0.0,0.0,0.0,0.0,0.0,0.0,0.0,True,MEASURED,151
records/creatures/enemies/hero/wendigo_h01.dbr,LO,107,records/skills/nonplayerskills/passive/resists_heroboss.dbr,Skill_Passive,2,0,MEASURED-RANK,skillName-slot,False,41.0,0.0,0.0,scalar,0.0,0.0,scalar,0.0,0.0,scalar,0.0,0.0,scalar,0.0,0.0,scalar,0.0,0.0,scalar,0.0,0.0,scalar,0.0,0.0,scalar,0.0,0.0,scalar,0.0,0.0,scalar,0.0,0.0,0.0,0.0,0.0,0.0,0.0,0.0,0.0,0.0,0.0,0.0,0.0,0.0,False,DECODED-ZERO-DAMAGE,151
records/creatures/enemies/hero/wendigo_h01.dbr,LO,107,records/skills/nonplayerskillsgdx1/aoe/wendigo_crimsonpool.dbr,Skill_AttackProjectileAreaEffect,27,0,MEASURED-RANK,skillName-slot,False,41.0,0.0,0.0,scalar,0.0,0.0,scalar,0.0,0.0,n/a,0.0,0.0,scalar,0.0,0.0,n/a,0.0,0.0,n/a,0.0,0.0,n/a,0.0,0.0,n/a,0.0,0.0,n/a,0.0,0.0,n/a,486.0,1.0,0.0,0.0,0.0,0.0,0.0,0.0,0.0,0.0,0.0,0.0,0.0,0.0,True,MEASURED,151
records/creatures/enemies/hero/wendigo_h01.dbr,LO,107,records/skills/nonplayerskillsgdx1/attackmelee/wendigo_leechingslam.dbr,Skill_AttackWeapon,27,0,MEASURED-RANK,skillName-slot,False,41.0,0.0,0.0,n/a,0.0,0.0,n/a,0.0,0.0,scalar,0.0,0.0,scalar,0.0,0.0,scalar,0.0,0.0,scalar,1342.0,1342.0,IN-RANGE,0.0,0.0,n/a,0.0,0.0,n/a,0.0,0.0,n/a,0.0,0.0,0.0,0.0,0.0,0.0,0.0,0.0,0.0,0.0,0.0,0.0,0.0,0.0,True,MEASURED,151
records/creatures/enemies/hero/wendigo_h01.dbr,LO,107,records/skills/nonplayerskillsgdx1/attackmelee/wendigo_tripleswipe.dbr,Skill_AttackWeapon,27,0,MEASURED-RANK,skillName-slot,False,41.0,594.0,594.0,IN-RANGE,0.0,0.0,n/a,0.0,0.0,scalar,0.0,0.0,scalar,0.0,0.0,scalar,0.0,0.0,scalar,0.0,0.0,scalar,0.0,0.0,n/a,0.0,0.0,n/a,0.0,0.0,n/a,366.0,2.0,0.0,0.0,0.0,0.0,0.0,0.0,0.0,0.0,0.0,0.0,0.0,0.0,True,MEASURED,151
records/creatures/enemies/hero/wendigo_h01.dbr,LO,107,records/skills/nonplayerskillsgdx1/buff/wendigo_ancientaura.dbr,Skill_BuffRadiusToggled,27,0,MEASURED-RANK,skillName-slot,False,41.0,0.0,0.0,n/a,0.0,0.0,n/a,0.0,0.0,n/a,0.0,0.0,n/a,0.0,0.0,n/a,0.0,0.0,n/a,0.0,0.0,n/a,0.0,0.0,n/a,0.0,0.0,n/a,0.0,0.0,n/a,0.0,0.0,0.0,0.0,0.0,0.0,0.0,0.0,0.0,0.0,0.0,0.0,0.0,0.0,False,DECODED-ZERO-DAMAGE,151
records/creatures/enemies/hero/wendigo_h01.dbr,LO,107,records/skills/nonplayerskillsgdx1/buff/wendigo_ancientaura_buff.dbr,SkillBuff_Passive,27,1,DERIVED-INHERITED-RANK,buffSkillName,False,41.0,0.0,0.0,scalar,0.0,0.0,scalar,0.0,0.0,scalar,0.0,0.0,n/a,0.0,0.0,n/a,0.0,0.0,n/a,99.0,99.0,IN-RANGE,0.0,0.0,n/a,0.0,0.0,n/a,0.0,0.0,scalar,0.0,0.0,0.0,0.0,0.0,0.0,0.0,0.0,0.0,0.0,0.0,0.0,0.0,0.0,True,MEASURED,151
records/creatures/enemies/hero/wendigo_h01.dbr,LO,107,records/skills/nonplayerskillsgdx1/buffoffensive/wraith_soulsiphon.dbr,Skill_AttackBuffRadius,27,0,MEASURED-RANK,skillName-slot,False,41.0,0.0,0.0,n/a,0.0,0.0,n/a,0.0,0.0,n/a,0.0,0.0,n/a,0.0,0.0,n/a,0.0,0.0,n/a,0.0,0.0,n/a,0.0,0.0,n/a,0.0,0.0,n/a,0.0,0.0,n/a,0.0,0.0,0.0,0.0,0.0,0.0,0.0,0.0,0.0,0.0,0.0,0.0,0.0,0.0,False,DECODED-ZERO-DAMAGE,151
records/creatures/enemies/hero/wendigo_h01.dbr,LO,107,records/skills/nonplayerskillsgdx1/buffoffensive/wraith_soulsiphon_buff.dbr,SkillBuff_Debuf,27,1,DERIVED-INHERITED-RANK,buffSkillName,False,41.0,0.0,0.0,scalar,0.0,0.0,scalar,0.0,0.0,scalar,0.0,0.0,scalar,0.0,0.0,scalar,0.0,0.0,scalar,446.0,446.0,IN-RANGE,0.0,0.0,scalar,0.0,0.0,scalar,0.0,0.0,scalar,0.0,0.0,0.0,0.0,0.0,0.0,0.0,0.0,0.0,0.0,0.0,0.0,0.0,0.0,True,MEASURED,151
records/creatures/enemies/hero/wendigo_h01.dbr,LO,107,records/skills/nonplayerskillsgdx1/heroskills/archetypes/arcane_elementalaura.dbr,Skill_BuffRadiusToggled,27,0,MEASURED-RANK,skillName-slot,False,41.0,0.0,0.0,n/a,0.0,0.0,n/a,0.0,0.0,n/a,0.0,0.0,n/a,0.0,0.0,n/a,0.0,0.0,n/a,0.0,0.0,n/a,0.0,0.0,n/a,0.0,0.0,n/a,0.0,0.0,n/a,0.0,0.0,0.0,0.0,0.0,0.0,0.0,0.0,0.0,0.0,0.0,0.0,0.0,0.0,False,DECODED-ZERO-DAMAGE,151
records/creatures/enemies/hero/wendigo_h01.dbr,LO,107,records/skills/nonplayerskillsgdx1/heroskills/archetypes/arcane_elementalaura_buff.dbr,SkillBuff_Passive,27,1,DERIVED-INHERITED-RANK,buffSkillName,False,41.0,0.0,0.0,scalar,0.0,0.0,scalar,0.0,0.0,scalar,0.0,0.0,scalar,0.0,0.0,scalar,0.0,0.0,scalar,0.0,0.0,scalar,0.0,0.0,n/a,0.0,0.0,n/a,0.0,0.0,scalar,0.0,0.0,0.0,0.0,0.0,0.0,0.0,0.0,0.0,0.0,0.0,0.0,0.0,0.0,False,DECODED-ZERO-DAMAGE,151
records/creatures/enemies/hero/wendigo_h01.dbr,LO,107,records/skills/nonplayerskillsgdx1/heroskills/archetypes/arcane_elementalbolt.dbr,Skill_AttackProjectile,27,0,MEASURED-RANK,skillName-slot,False,41.0,0.0,0.0,scalar,0.0,0.0,scalar,0.0,0.0,scalar,0.0,0.0,scalar,0.0,0.0,scalar,0.0,0.0,scalar,0.0,0.0,scalar,0.0,0.0,n/a,0.0,0.0,n/a,0.0,0.0,scalar,0.0,0.0,223.0,5.0,0.0,0.0,0.0,0.0,0.0,0.0,0.0,0.0,0.0,0.0,True,MEASURED,151
records/creatures/enemies/hero/wendigo_h01.dbr,LO,107,records/skills/nonplayerskillsgdx1/heroskills/archetypes/arcane_elementaltempest.dbr,Skill_AttackRadius,27,0,MEASURED-RANK,skillName-slot,False,41.0,0.0,0.0,scalar,0.0,0.0,n/a,0.0,0.0,scalar,0.0,0.0,n/a,0.0,0.0,n/a,0.0,0.0,scalar,0.0,0.0,scalar,0.0,0.0,n/a,0.0,0.0,n/a,0.0,0.0,scalar,0.0,0.0,0.0,0.0,0.0,0.0,0.0,0.0,0.0,0.0,0.0,0.0,0.0,0.0,False,DECODED-ZERO-DAMAGE,151
records/creatures/enemies/hero/wendigo_h01.dbr,LO,107,records/skills/nonplayerskillsgdx1/heroskills/archetypes/arcane_nullification.dbr,Skill_AttackBuff,27,0,MEASURED-RANK,skillName-slot,False,41.0,0.0,0.0,n/a,0.0,0.0,n/a,0.0,0.0,n/a,0.0,0.0,n/a,0.0,0.0,n/a,0.0,0.0,n/a,0.0,0.0,n/a,0.0,0.0,n/a,0.0,0.0,n/a,0.0,0.0,n/a,0.0,0.0,0.0,0.0,0.0,0.0,0.0,0.0,0.0,0.0,0.0,0.0,0.0,0.0,False,DECODED-ZERO-DAMAGE,151
records/creatures/enemies/hero/wendigo_h01.dbr,LO,107,records/skills/nonplayerskillsgdx1/heroskills/archetypes/arcane_nullification_buff.dbr,SkillBuff_DispelMagic,27,1,DERIVED-INHERITED-RANK,buffSkillName,False,41.0,0.0,0.0,scalar,0.0,0.0,n/a,0.0,0.0,scalar,0.0,0.0,n/a,0.0,0.0,n/a,0.0,0.0,scalar,0.0,0.0,scalar,0.0,0.0,n/a,0.0,0.0,n/a,0.0,0.0,n/a,0.0,0.0,0.0,0.0,0.0,0.0,0.0,0.0,0.0,0.0,0.0,0.0,0.0,0.0,False,DECODED-ZERO-DAMAGE,151
records/creatures/enemies/hero/wendigo_h01.dbr,LO,107,records/skills/nonplayerskillsgdx1/heroskills/archetypes/arcane_passivestatmodifier.dbr,Skill_Passive,27,0,MEASURED-RANK,skillName-slot,False,41.0,0.0,0.0,scalar,0.0,0.0,scalar,0.0,0.0,scalar,0.0,0.0,scalar,0.0,0.0,scalar,0.0,0.0,scalar,0.0,0.0,scalar,0.0,0.0,n/a,0.0,0.0,n/a,0.0,0.0,scalar,0.0,0.0,0.0,0.0,0.0,0.0,0.0,0.0,0.0,0.0,0.0,0.0,0.0,0.0,False,DECODED-ZERO-DAMAGE,151
records/creatures/enemies/hero/wendigo_h01.dbr,LO,107,records/skills/nonplayerskillsgdx1/passive/passiveproperties_wendigo.dbr,Skill_Passive,27,0,MEASURED-RANK,skillName-slot,False,41.0,0.0,0.0,scalar,0.0,0.0,n/a,0.0,0.0,scalar,0.0,0.0,scalar,0.0,0.0,scalar,0.0,0.0,scalar,185.0,185.0,IN-RANGE,0.0,0.0,n/a,0.0,0.0,scalar,0.0,0.0,scalar,0.0,0.0,0.0,0.0,0.0,0.0,0.0,0.0,0.0,0.0,169.0,3.0,0.0,0.0,True,MEASURED,151
records/creatures/enemies/hero/wendigo_h01.dbr,LO,107,(creature record),Monster,1,-1,MEASURED-RECORD,creature-own-fields,False,41.0,0.0,0.0,,0.0,0.0,,0.0,0.0,,0.0,0.0,,0.0,0.0,,0.0,0.0,,0.0,0.0,,0.0,0.0,,0.0,0.0,,0.0,0.0,,0.0,0.0,0.0,0.0,0.0,0.0,0.0,0.0,0.0,0.0,0.0,0.0,0.0,0.0,False,DECODED-ZERO-DAMAGE,151
records/creatures/enemies/hero/wendigo_h01.dbr,HI,108,records/skills/nonplayerskills/heroskills/hero loot chests/hero_chest_all_01.dbr,Skill_OnDeathSpawnActor,0,0,MEASURED-RANK,skillName-slot,False,41.0,0.0,0.0,n/a,0.0,0.0,n/a,0.0,0.0,n/a,0.0,0.0,n/a,0.0,0.0,n/a,0.0,0.0,n/a,0.0,0.0,n/a,0.0,0.0,n/a,0.0,0.0,n/a,0.0,0.0,n/a,0.0,0.0,0.0,0.0,0.0,0.0,0.0,0.0,0.0,0.0,0.0,0.0,0.0,0.0,False,DECODED-ZERO-DAMAGE,151
records/creatures/enemies/hero/wendigo_h01.dbr,HI,108,records/skills/nonplayerskills/passive/armorbase04.dbr,Skill_Passive,108,0,MEASURED-RANK,skillName-slot,False,41.0,0.0,0.0,scalar,0.0,0.0,scalar,0.0,0.0,scalar,0.0,0.0,scalar,0.0,0.0,scalar,0.0,0.0,scalar,0.0,0.0,scalar,0.0,0.0,scalar,0.0,0.0,scalar,0.0,0.0,scalar,0.0,0.0,0.0,0.0,0.0,0.0,0.0,0.0,0.0,0.0,0.0,0.0,0.0,0.0,False,DECODED-ZERO-DAMAGE,151
records/creatures/enemies/hero/wendigo_h01.dbr,HI,108,records/skills/nonplayerskills/passive/damage_totaladjuster.dbr,Skill_Passive,4,0,MEASURED-RANK,skillName-slot,False,41.0,0.0,0.0,scalar,0.0,0.0,scalar,0.0,0.0,scalar,0.0,0.0,scalar,0.0,0.0,scalar,0.0,0.0,scalar,0.0,0.0,scalar,0.0,0.0,scalar,0.0,0.0,scalar,0.0,0.0,scalar,0.0,0.0,0.0,0.0,0.0,0.0,0.0,0.0,0.0,0.0,0.0,0.0,0.0,0.0,False,DECODED-ZERO-DAMAGE,151
records/creatures/enemies/hero/wendigo_h01.dbr,HI,108,records/skills/nonplayerskills/passive/damagebase_physical04.dbr,Skill_Passive,108,0,MEASURED-RANK,skillName-slot,False,41.0,863.0,1120.0,IN-RANGE,0.0,0.0,scalar,0.0,0.0,scalar,0.0,0.0,scalar,0.0,0.0,scalar,0.0,0.0,scalar,0.0,0.0,scalar,0.0,0.0,scalar,0.0,0.0,scalar,0.0,0.0,scalar,0.0,0.0,0.0,0.0,0.0,0.0,0.0,0.0,0.0,0.0,0.0,0.0,0.0,0.0,True,MEASURED,151
records/creatures/enemies/hero/wendigo_h01.dbr,HI,108,records/skills/nonplayerskills/passive/resists_heroboss.dbr,Skill_Passive,2,0,MEASURED-RANK,skillName-slot,False,41.0,0.0,0.0,scalar,0.0,0.0,scalar,0.0,0.0,scalar,0.0,0.0,scalar,0.0,0.0,scalar,0.0,0.0,scalar,0.0,0.0,scalar,0.0,0.0,scalar,0.0,0.0,scalar,0.0,0.0,scalar,0.0,0.0,0.0,0.0,0.0,0.0,0.0,0.0,0.0,0.0,0.0,0.0,0.0,0.0,False,DECODED-ZERO-DAMAGE,151
records/creatures/enemies/hero/wendigo_h01.dbr,HI,108,records/skills/nonplayerskillsgdx1/aoe/wendigo_crimsonpool.dbr,Skill_AttackProjectileAreaEffect,28,0,MEASURED-RANK,skillName-slot,False,41.0,0.0,0.0,scalar,0.0,0.0,scalar,0.0,0.0,n/a,0.0,0.0,scalar,0.0,0.0,n/a,0.0,0.0,n/a,0.0,0.0,n/a,0.0,0.0,n/a,0.0,0.0,n/a,0.0,0.0,n/a,516.0,1.0,0.0,0.0,0.0,0.0,0.0,0.0,0.0,0.0,0.0,0.0,0.0,0.0,True,MEASURED,151
records/creatures/enemies/hero/wendigo_h01.dbr,HI,108,records/skills/nonplayerskillsgdx1/attackmelee/wendigo_leechingslam.dbr,Skill_AttackWeapon,28,0,MEASURED-RANK,skillName-slot,False,41.0,0.0,0.0,n/a,0.0,0.0,n/a,0.0,0.0,scalar,0.0,0.0,scalar,0.0,0.0,scalar,0.0,0.0,scalar,1396.0,1396.0,IN-RANGE,0.0,0.0,n/a,0.0,0.0,n/a,0.0,0.0,n/a,0.0,0.0,0.0,0.0,0.0,0.0,0.0,0.0,0.0,0.0,0.0,0.0,0.0,0.0,True,MEASURED,151
records/creatures/enemies/hero/wendigo_h01.dbr,HI,108,records/skills/nonplayerskillsgdx1/attackmelee/wendigo_tripleswipe.dbr,Skill_AttackWeapon,28,0,MEASURED-RANK,skillName-slot,False,41.0,619.0,619.0,IN-RANGE,0.0,0.0,n/a,0.0,0.0,scalar,0.0,0.0,scalar,0.0,0.0,scalar,0.0,0.0,scalar,0.0,0.0,scalar,0.0,0.0,n/a,0.0,0.0,n/a,0.0,0.0,n/a,378.0,2.0,0.0,0.0,0.0,0.0,0.0,0.0,0.0,0.0,0.0,0.0,0.0,0.0,True,MEASURED,151
records/creatures/enemies/hero/wendigo_h01.dbr,HI,108,records/skills/nonplayerskillsgdx1/buff/wendigo_ancientaura.dbr,Skill_BuffRadiusToggled,28,0,MEASURED-RANK,skillName-slot,False,41.0,0.0,0.0,n/a,0.0,0.0,n/a,0.0,0.0,n/a,0.0,0.0,n/a,0.0,0.0,n/a,0.0,0.0,n/a,0.0,0.0,n/a,0.0,0.0,n/a,0.0,0.0,n/a,0.0,0.0,n/a,0.0,0.0,0.0,0.0,0.0,0.0,0.0,0.0,0.0,0.0,0.0,0.0,0.0,0.0,False,DECODED-ZERO-DAMAGE,151
records/creatures/enemies/hero/wendigo_h01.dbr,HI,108,records/skills/nonplayerskillsgdx1/buff/wendigo_ancientaura_buff.dbr,SkillBuff_Passive,28,1,DERIVED-INHERITED-RANK,buffSkillName,False,41.0,0.0,0.0,scalar,0.0,0.0,scalar,0.0,0.0,scalar,0.0,0.0,n/a,0.0,0.0,n/a,0.0,0.0,n/a,103.0,103.0,IN-RANGE,0.0,0.0,n/a,0.0,0.0,n/a,0.0,0.0,scalar,0.0,0.0,0.0,0.0,0.0,0.0,0.0,0.0,0.0,0.0,0.0,0.0,0.0,0.0,True,MEASURED,151
records/creatures/enemies/hero/wendigo_h01.dbr,HI,108,records/skills/nonplayerskillsgdx1/buffoffensive/wraith_soulsiphon.dbr,Skill_AttackBuffRadius,28,0,MEASURED-RANK,skillName-slot,False,41.0,0.0,0.0,n/a,0.0,0.0,n/a,0.0,0.0,n/a,0.0,0.0,n/a,0.0,0.0,n/a,0.0,0.0,n/a,0.0,0.0,n/a,0.0,0.0,n/a,0.0,0.0,n/a,0.0,0.0,n/a,0.0,0.0,0.0,0.0,0.0,0.0,0.0,0.0,0.0,0.0,0.0,0.0,0.0,0.0,False,DECODED-ZERO-DAMAGE,151
records/creatures/enemies/hero/wendigo_h01.dbr,HI,108,records/skills/nonplayerskillsgdx1/buffoffensive/wraith_soulsiphon_buff.dbr,SkillBuff_Debuf,28,1,DERIVED-INHERITED-RANK,buffSkillName,False,41.0,0.0,0.0,scalar,0.0,0.0,scalar,0.0,0.0,scalar,0.0,0.0,scalar,0.0,0.0,scalar,0.0,0.0,scalar,464.0,464.0,IN-RANGE,0.0,0.0,scalar,0.0,0.0,scalar,0.0,0.0,scalar,0.0,0.0,0.0,0.0,0.0,0.0,0.0,0.0,0.0,0.0,0.0,0.0,0.0,0.0,True,MEASURED,151
records/creatures/enemies/hero/wendigo_h01.dbr,HI,108,records/skills/nonplayerskillsgdx1/heroskills/archetypes/arcane_elementalaura.dbr,Skill_BuffRadiusToggled,28,0,MEASURED-RANK,skillName-slot,False,41.0,0.0,0.0,n/a,0.0,0.0,n/a,0.0,0.0,n/a,0.0,0.0,n/a,0.0,0.0,n/a,0.0,0.0,n/a,0.0,0.0,n/a,0.0,0.0,n/a,0.0,0.0,n/a,0.0,0.0,n/a,0.0,0.0,0.0,0.0,0.0,0.0,0.0,0.0,0.0,0.0,0.0,0.0,0.0,0.0,False,DECODED-ZERO-DAMAGE,151
records/creatures/enemies/hero/wendigo_h01.dbr,HI,108,records/skills/nonplayerskillsgdx1/heroskills/archetypes/arcane_elementalaura_buff.dbr,SkillBuff_Passive,28,1,DERIVED-INHERITED-RANK,buffSkillName,False,41.0,0.0,0.0,scalar,0.0,0.0,scalar,0.0,0.0,scalar,0.0,0.0,scalar,0.0,0.0,scalar,0.0,0.0,scalar,0.0,0.0,scalar,0.0,0.0,n/a,0.0,0.0,n/a,0.0,0.0,scalar,0.0,0.0,0.0,0.0,0.0,0.0,0.0,0.0,0.0,0.0,0.0,0.0,0.0,0.0,False,DECODED-ZERO-DAMAGE,151
records/creatures/enemies/hero/wendigo_h01.dbr,HI,108,records/skills/nonplayerskillsgdx1/heroskills/archetypes/arcane_elementalbolt.dbr,Skill_AttackProjectile,28,0,MEASURED-RANK,skillName-slot,False,41.0,0.0,0.0,scalar,0.0,0.0,scalar,0.0,0.0,scalar,0.0,0.0,scalar,0.0,0.0,scalar,0.0,0.0,scalar,0.0,0.0,scalar,0.0,0.0,n/a,0.0,0.0,n/a,0.0,0.0,scalar,0.0,0.0,232.0,5.0,0.0,0.0,0.0,0.0,0.0,0.0,0.0,0.0,0.0,0.0,True,MEASURED,151
records/creatures/enemies/hero/wendigo_h01.dbr,HI,108,records/skills/nonplayerskillsgdx1/heroskills/archetypes/arcane_elementaltempest.dbr,Skill_AttackRadius,28,0,MEASURED-RANK,skillName-slot,False,41.0,0.0,0.0,scalar,0.0,0.0,n/a,0.0,0.0,scalar,0.0,0.0,n/a,0.0,0.0,n/a,0.0,0.0,scalar,0.0,0.0,scalar,0.0,0.0,n/a,0.0,0.0,n/a,0.0,0.0,scalar,0.0,0.0,0.0,0.0,0.0,0.0,0.0,0.0,0.0,0.0,0.0,0.0,0.0,0.0,False,DECODED-ZERO-DAMAGE,151
records/creatures/enemies/hero/wendigo_h01.dbr,HI,108,records/skills/nonplayerskillsgdx1/heroskills/archetypes/arcane_nullification.dbr,Skill_AttackBuff,28,0,MEASURED-RANK,skillName-slot,False,41.0,0.0,0.0,n/a,0.0,0.0,n/a,0.0,0.0,n/a,0.0,0.0,n/a,0.0,0.0,n/a,0.0,0.0,n/a,0.0,0.0,n/a,0.0,0.0,n/a,0.0,0.0,n/a,0.0,0.0,n/a,0.0,0.0,0.0,0.0,0.0,0.0,0.0,0.0,0.0,0.0,0.0,0.0,0.0,0.0,False,DECODED-ZERO-DAMAGE,151
records/creatures/enemies/hero/wendigo_h01.dbr,HI,108,records/skills/nonplayerskillsgdx1/heroskills/archetypes/arcane_nullification_buff.dbr,SkillBuff_DispelMagic,28,1,DERIVED-INHERITED-RANK,buffSkillName,False,41.0,0.0,0.0,scalar,0.0,0.0,n/a,0.0,0.0,scalar,0.0,0.0,n/a,0.0,0.0,n/a,0.0,0.0,scalar,0.0,0.0,scalar,0.0,0.0,n/a,0.0,0.0,n/a,0.0,0.0,n/a,0.0,0.0,0.0,0.0,0.0,0.0,0.0,0.0,0.0,0.0,0.0,0.0,0.0,0.0,False,DECODED-ZERO-DAMAGE,151
records/creatures/enemies/hero/wendigo_h01.dbr,HI,108,records/skills/nonplayerskillsgdx1/heroskills/archetypes/arcane_passivestatmodifier.dbr,Skill_Passive,28,0,MEASURED-RANK,skillName-slot,False,41.0,0.0,0.0,scalar,0.0,0.0,scalar,0.0,0.0,scalar,0.0,0.0,scalar,0.0,0.0,scalar,0.0,0.0,scalar,0.0,0.0,scalar,0.0,0.0,n/a,0.0,0.0,n/a,0.0,0.0,scalar,0.0,0.0,0.0,0.0,0.0,0.0,0.0,0.0,0.0,0.0,0.0,0.0,0.0,0.0,False,DECODED-ZERO-DAMAGE,151
records/creatures/enemies/hero/wendigo_h01.dbr,HI,108,records/skills/nonplayerskillsgdx1/passive/passiveproperties_wendigo.dbr,Skill_Passive,28,0,MEASURED-RANK,skillName-slot,False,41.0,0.0,0.0,scalar,0.0,0.0,n/a,0.0,0.0,scalar,0.0,0.0,scalar,0.0,0.0,scalar,0.0,0.0,scalar,191.0,191.0,IN-RANGE,0.0,0.0,n/a,0.0,0.0,scalar,0.0,0.0,scalar,0.0,0.0,0.0,0.0,0.0,0.0,0.0,0.0,0.0,0.0,175.0,3.0,0.0,0.0,True,MEASURED,151
records/creatures/enemies/hero/wendigo_h01.dbr,HI,108,(creature record),Monster,1,-1,MEASURED-RECORD,creature-own-fields,False,41.0,0.0,0.0,,0.0,0.0,,0.0,0.0,,0.0,0.0,,0.0,0.0,,0.0,0.0,,0.0,0.0,,0.0,0.0,,0.0,0.0,,0.0,0.0,,0.0,0.0,0.0,0.0,0.0,0.0,0.0,0.0,0.0,0.0,0.0,0.0,0.0,0.0,False,DECODED-ZERO-DAMAGE,151
records/creatures/enemies/hero/wendigo_h04.dbr,LO,107,records/skills/nonplayerskills/heroskills/archetypes/unstoppable_passivestatmodifier.dbr,Skill_Passive,27,0,MEASURED-RANK,skillName-slot,False,41.0,0.0,0.0,scalar,0.0,0.0,scalar,0.0,0.0,scalar,0.0,0.0,scalar,0.0,0.0,scalar,0.0,0.0,scalar,0.0,0.0,scalar,0.0,0.0,n/a,109.0,515.0,IN-RANGE,0.0,0.0,n/a,0.0,0.0,0.0,0.0,0.0,0.0,0.0,0.0,0.0,0.0,0.0,0.0,0.0,0.0,True,MEASURED,151
records/creatures/enemies/hero/wendigo_h04.dbr,LO,107,records/skills/nonplayerskills/heroskills/archetypes/unstoppable_unstoppable.dbr,Skill_BuffRadiusToggled,27,0,MEASURED-RANK,skillName-slot,False,41.0,0.0,0.0,n/a,0.0,0.0,n/a,0.0,0.0,n/a,0.0,0.0,n/a,0.0,0.0,n/a,0.0,0.0,n/a,0.0,0.0,n/a,0.0,0.0,n/a,0.0,0.0,n/a,0.0,0.0,n/a,0.0,0.0,0.0,0.0,0.0,0.0,0.0,0.0,0.0,0.0,0.0,0.0,0.0,0.0,False,DECODED-ZERO-DAMAGE,151
records/creatures/enemies/hero/wendigo_h04.dbr,LO,107,records/skills/nonplayerskills/heroskills/archetypes/unstoppable_unstoppable_buff.dbr,SkillBuff_Passive,27,1,DERIVED-INHERITED-RANK,buffSkillName,False,41.0,0.0,0.0,scalar,0.0,0.0,scalar,0.0,0.0,scalar,0.0,0.0,scalar,0.0,0.0,scalar,0.0,0.0,scalar,0.0,0.0,scalar,0.0,0.0,n/a,0.0,0.0,n/a,0.0,0.0,scalar,0.0,0.0,0.0,0.0,0.0,0.0,0.0,0.0,0.0,0.0,0.0,0.0,0.0,0.0,False,DECODED-ZERO-DAMAGE,151
records/creatures/enemies/hero/wendigo_h04.dbr,LO,107,records/skills/nonplayerskills/heroskills/hero loot chests/hero_chest_all_01.dbr,Skill_OnDeathSpawnActor,0,0,MEASURED-RANK,skillName-slot,False,41.0,0.0,0.0,n/a,0.0,0.0,n/a,0.0,0.0,n/a,0.0,0.0,n/a,0.0,0.0,n/a,0.0,0.0,n/a,0.0,0.0,n/a,0.0,0.0,n/a,0.0,0.0,n/a,0.0,0.0,n/a,0.0,0.0,0.0,0.0,0.0,0.0,0.0,0.0,0.0,0.0,0.0,0.0,0.0,0.0,False,DECODED-ZERO-DAMAGE,151
records/creatures/enemies/hero/wendigo_h04.dbr,LO,107,records/skills/nonplayerskills/passive/armorbase04.dbr,Skill_Passive,107,0,MEASURED-RANK,skillName-slot,False,41.0,0.0,0.0,scalar,0.0,0.0,scalar,0.0,0.0,scalar,0.0,0.0,scalar,0.0,0.0,scalar,0.0,0.0,scalar,0.0,0.0,scalar,0.0,0.0,scalar,0.0,0.0,scalar,0.0,0.0,scalar,0.0,0.0,0.0,0.0,0.0,0.0,0.0,0.0,0.0,0.0,0.0,0.0,0.0,0.0,False,DECODED-ZERO-DAMAGE,151
records/creatures/enemies/hero/wendigo_h04.dbr,LO,107,records/skills/nonplayerskills/passive/damage_totaladjuster.dbr,Skill_Passive,4,0,MEASURED-RANK,skillName-slot,False,41.0,0.0,0.0,scalar,0.0,0.0,scalar,0.0,0.0,scalar,0.0,0.0,scalar,0.0,0.0,scalar,0.0,0.0,scalar,0.0,0.0,scalar,0.0,0.0,scalar,0.0,0.0,scalar,0.0,0.0,scalar,0.0,0.0,0.0,0.0,0.0,0.0,0.0,0.0,0.0,0.0,0.0,0.0,0.0,0.0,False,DECODED-ZERO-DAMAGE,151
records/creatures/enemies/hero/wendigo_h04.dbr,LO,107,records/skills/nonplayerskills/passive/damagebase_physical04.dbr,Skill_Passive,107,0,MEASURED-RANK,skillName-slot,False,41.0,856.0,1111.0,IN-RANGE,0.0,0.0,scalar,0.0,0.0,scalar,0.0,0.0,scalar,0.0,0.0,scalar,0.0,0.0,scalar,0.0,0.0,scalar,0.0,0.0,scalar,0.0,0.0,scalar,0.0,0.0,scalar,0.0,0.0,0.0,0.0,0.0,0.0,0.0,0.0,0.0,0.0,0.0,0.0,0.0,0.0,True,MEASURED,151
records/creatures/enemies/hero/wendigo_h04.dbr,LO,107,records/skills/nonplayerskills/passive/resists_heroboss.dbr,Skill_Passive,2,0,MEASURED-RANK,skillName-slot,False,41.0,0.0,0.0,scalar,0.0,0.0,scalar,0.0,0.0,scalar,0.0,0.0,scalar,0.0,0.0,scalar,0.0,0.0,scalar,0.0,0.0,scalar,0.0,0.0,scalar,0.0,0.0,scalar,0.0,0.0,scalar,0.0,0.0,0.0,0.0,0.0,0.0,0.0,0.0,0.0,0.0,0.0,0.0,0.0,0.0,False,DECODED-ZERO-DAMAGE,151
records/creatures/enemies/hero/wendigo_h04.dbr,LO,107,records/skills/nonplayerskillsgdx1/aoe/wendigo_crimsonpool.dbr,Skill_AttackProjectileAreaEffect,27,0,MEASURED-RANK,skillName-slot,False,41.0,0.0,0.0,scalar,0.0,0.0,scalar,0.0,0.0,n/a,0.0,0.0,scalar,0.0,0.0,n/a,0.0,0.0,n/a,0.0,0.0,n/a,0.0,0.0,n/a,0.0,0.0,n/a,0.0,0.0,n/a,486.0,1.0,0.0,0.0,0.0,0.0,0.0,0.0,0.0,0.0,0.0,0.0,0.0,0.0,True,MEASURED,151
records/creatures/enemies/hero/wendigo_h04.dbr,LO,107,records/skills/nonplayerskillsgdx1/attackmelee/wendigo_leechingslam.dbr,Skill_AttackWeapon,27,0,MEASURED-RANK,skillName-slot,False,41.0,0.0,0.0,n/a,0.0,0.0,n/a,0.0,0.0,scalar,0.0,0.0,scalar,0.0,0.0,scalar,0.0,0.0,scalar,1342.0,1342.0,IN-RANGE,0.0,0.0,n/a,0.0,0.0,n/a,0.0,0.0,n/a,0.0,0.0,0.0,0.0,0.0,0.0,0.0,0.0,0.0,0.0,0.0,0.0,0.0,0.0,True,MEASURED,151
records/creatures/enemies/hero/wendigo_h04.dbr,LO,107,records/skills/nonplayerskillsgdx1/attackmelee/wendigo_tripleswipe.dbr,Skill_AttackWeapon,27,0,MEASURED-RANK,skillName-slot,False,41.0,594.0,594.0,IN-RANGE,0.0,0.0,n/a,0.0,0.0,scalar,0.0,0.0,scalar,0.0,0.0,scalar,0.0,0.0,scalar,0.0,0.0,scalar,0.0,0.0,n/a,0.0,0.0,n/a,0.0,0.0,n/a,366.0,2.0,0.0,0.0,0.0,0.0,0.0,0.0,0.0,0.0,0.0,0.0,0.0,0.0,True,MEASURED,151
records/creatures/enemies/hero/wendigo_h04.dbr,LO,107,records/skills/nonplayerskillsgdx1/buffoffensive/wraith_soulsiphon.dbr,Skill_AttackBuffRadius,27,0,MEASURED-RANK,skillName-slot,False,41.0,0.0,0.0,n/a,0.0,0.0,n/a,0.0,0.0,n/a,0.0,0.0,n/a,0.0,0.0,n/a,0.0,0.0,n/a,0.0,0.0,n/a,0.0,0.0,n/a,0.0,0.0,n/a,0.0,0.0,n/a,0.0,0.0,0.0,0.0,0.0,0.0,0.0,0.0,0.0,0.0,0.0,0.0,0.0,0.0,False,DECODED-ZERO-DAMAGE,151
records/creatures/enemies/hero/wendigo_h04.dbr,LO,107,records/skills/nonplayerskillsgdx1/buffoffensive/wraith_soulsiphon_buff.dbr,SkillBuff_Debuf,27,1,DERIVED-INHERITED-RANK,buffSkillName,False,41.0,0.0,0.0,scalar,0.0,0.0,scalar,0.0,0.0,scalar,0.0,0.0,scalar,0.0,0.0,scalar,0.0,0.0,scalar,446.0,446.0,IN-RANGE,0.0,0.0,scalar,0.0,0.0,scalar,0.0,0.0,scalar,0.0,0.0,0.0,0.0,0.0,0.0,0.0,0.0,0.0,0.0,0.0,0.0,0.0,0.0,True,MEASURED,151
records/creatures/enemies/hero/wendigo_h04.dbr,LO,107,records/skills/nonplayerskillsgdx1/passive/passiveproperties_wendigo.dbr,Skill_Passive,27,0,MEASURED-RANK,skillName-slot,False,41.0,0.0,0.0,scalar,0.0,0.0,n/a,0.0,0.0,scalar,0.0,0.0,scalar,0.0,0.0,scalar,0.0,0.0,scalar,185.0,185.0,IN-RANGE,0.0,0.0,n/a,0.0,0.0,scalar,0.0,0.0,scalar,0.0,0.0,0.0,0.0,0.0,0.0,0.0,0.0,0.0,0.0,169.0,3.0,0.0,0.0,True,MEASURED,151
records/creatures/enemies/hero/wendigo_h04.dbr,LO,107,(creature record),Monster,1,-1,MEASURED-RECORD,creature-own-fields,False,41.0,0.0,0.0,,0.0,0.0,,0.0,0.0,,0.0,0.0,,0.0,0.0,,0.0,0.0,,0.0,0.0,,0.0,0.0,,0.0,0.0,,0.0,0.0,,0.0,0.0,0.0,0.0,0.0,0.0,0.0,0.0,0.0,0.0,0.0,0.0,0.0,0.0,False,DECODED-ZERO-DAMAGE,151
records/creatures/enemies/hero/wendigo_h04.dbr,HI,108,records/skills/nonplayerskills/heroskills/archetypes/unstoppable_passivestatmodifier.dbr,Skill_Passive,28,0,MEASURED-RANK,skillName-slot,False,41.0,0.0,0.0,scalar,0.0,0.0,scalar,0.0,0.0,scalar,0.0,0.0,scalar,0.0,0.0,scalar,0.0,0.0,scalar,0.0,0.0,scalar,0.0,0.0,n/a,113.0,536.0,IN-RANGE,0.0,0.0,n/a,0.0,0.0,0.0,0.0,0.0,0.0,0.0,0.0,0.0,0.0,0.0,0.0,0.0,0.0,True,MEASURED,151
records/creatures/enemies/hero/wendigo_h04.dbr,HI,108,records/skills/nonplayerskills/heroskills/archetypes/unstoppable_unstoppable.dbr,Skill_BuffRadiusToggled,28,0,MEASURED-RANK,skillName-slot,False,41.0,0.0,0.0,n/a,0.0,0.0,n/a,0.0,0.0,n/a,0.0,0.0,n/a,0.0,0.0,n/a,0.0,0.0,n/a,0.0,0.0,n/a,0.0,0.0,n/a,0.0,0.0,n/a,0.0,0.0,n/a,0.0,0.0,0.0,0.0,0.0,0.0,0.0,0.0,0.0,0.0,0.0,0.0,0.0,0.0,False,DECODED-ZERO-DAMAGE,151
records/creatures/enemies/hero/wendigo_h04.dbr,HI,108,records/skills/nonplayerskills/heroskills/archetypes/unstoppable_unstoppable_buff.dbr,SkillBuff_Passive,28,1,DERIVED-INHERITED-RANK,buffSkillName,False,41.0,0.0,0.0,scalar,0.0,0.0,scalar,0.0,0.0,scalar,0.0,0.0,scalar,0.0,0.0,scalar,0.0,0.0,scalar,0.0,0.0,scalar,0.0,0.0,n/a,0.0,0.0,n/a,0.0,0.0,scalar,0.0,0.0,0.0,0.0,0.0,0.0,0.0,0.0,0.0,0.0,0.0,0.0,0.0,0.0,False,DECODED-ZERO-DAMAGE,151
records/creatures/enemies/hero/wendigo_h04.dbr,HI,108,records/skills/nonplayerskills/heroskills/hero loot chests/hero_chest_all_01.dbr,Skill_OnDeathSpawnActor,0,0,MEASURED-RANK,skillName-slot,False,41.0,0.0,0.0,n/a,0.0,0.0,n/a,0.0,0.0,n/a,0.0,0.0,n/a,0.0,0.0,n/a,0.0,0.0,n/a,0.0,0.0,n/a,0.0,0.0,n/a,0.0,0.0,n/a,0.0,0.0,n/a,0.0,0.0,0.0,0.0,0.0,0.0,0.0,0.0,0.0,0.0,0.0,0.0,0.0,0.0,False,DECODED-ZERO-DAMAGE,151
records/creatures/enemies/hero/wendigo_h04.dbr,HI,108,records/skills/nonplayerskills/passive/armorbase04.dbr,Skill_Passive,108,0,MEASURED-RANK,skillName-slot,False,41.0,0.0,0.0,scalar,0.0,0.0,scalar,0.0,0.0,scalar,0.0,0.0,scalar,0.0,0.0,scalar,0.0,0.0,scalar,0.0,0.0,scalar,0.0,0.0,scalar,0.0,0.0,scalar,0.0,0.0,scalar,0.0,0.0,0.0,0.0,0.0,0.0,0.0,0.0,0.0,0.0,0.0,0.0,0.0,0.0,False,DECODED-ZERO-DAMAGE,151
records/creatures/enemies/hero/wendigo_h04.dbr,HI,108,records/skills/nonplayerskills/passive/damage_totaladjuster.dbr,Skill_Passive,4,0,MEASURED-RANK,skillName-slot,False,41.0,0.0,0.0,scalar,0.0,0.0,scalar,0.0,0.0,scalar,0.0,0.0,scalar,0.0,0.0,scalar,0.0,0.0,scalar,0.0,0.0,scalar,0.0,0.0,scalar,0.0,0.0,scalar,0.0,0.0,scalar,0.0,0.0,0.0,0.0,0.0,0.0,0.0,0.0,0.0,0.0,0.0,0.0,0.0,0.0,False,DECODED-ZERO-DAMAGE,151
records/creatures/enemies/hero/wendigo_h04.dbr,HI,108,records/skills/nonplayerskills/passive/damagebase_physical04.dbr,Skill_Passive,108,0,MEASURED-RANK,skillName-slot,False,41.0,863.0,1120.0,IN-RANGE,0.0,0.0,scalar,0.0,0.0,scalar,0.0,0.0,scalar,0.0,0.0,scalar,0.0,0.0,scalar,0.0,0.0,scalar,0.0,0.0,scalar,0.0,0.0,scalar,0.0,0.0,scalar,0.0,0.0,0.0,0.0,0.0,0.0,0.0,0.0,0.0,0.0,0.0,0.0,0.0,0.0,True,MEASURED,151
records/creatures/enemies/hero/wendigo_h04.dbr,HI,108,records/skills/nonplayerskills/passive/resists_heroboss.dbr,Skill_Passive,2,0,MEASURED-RANK,skillName-slot,False,41.0,0.0,0.0,scalar,0.0,0.0,scalar,0.0,0.0,scalar,0.0,0.0,scalar,0.0,0.0,scalar,0.0,0.0,scalar,0.0,0.0,scalar,0.0,0.0,scalar,0.0,0.0,scalar,0.0,0.0,scalar,0.0,0.0,0.0,0.0,0.0,0.0,0.0,0.0,0.0,0.0,0.0,0.0,0.0,0.0,False,DECODED-ZERO-DAMAGE,151
records/creatures/enemies/hero/wendigo_h04.dbr,HI,108,records/skills/nonplayerskillsgdx1/aoe/wendigo_crimsonpool.dbr,Skill_AttackProjectileAreaEffect,28,0,MEASURED-RANK,skillName-slot,False,41.0,0.0,0.0,scalar,0.0,0.0,scalar,0.0,0.0,n/a,0.0,0.0,scalar,0.0,0.0,n/a,0.0,0.0,n/a,0.0,0.0,n/a,0.0,0.0,n/a,0.0,0.0,n/a,0.0,0.0,n/a,516.0,1.0,0.0,0.0,0.0,0.0,0.0,0.0,0.0,0.0,0.0,0.0,0.0,0.0,True,MEASURED,151
records/creatures/enemies/hero/wendigo_h04.dbr,HI,108,records/skills/nonplayerskillsgdx1/attackmelee/wendigo_leechingslam.dbr,Skill_AttackWeapon,28,0,MEASURED-RANK,skillName-slot,False,41.0,0.0,0.0,n/a,0.0,0.0,n/a,0.0,0.0,scalar,0.0,0.0,scalar,0.0,0.0,scalar,0.0,0.0,scalar,1396.0,1396.0,IN-RANGE,0.0,0.0,n/a,0.0,0.0,n/a,0.0,0.0,n/a,0.0,0.0,0.0,0.0,0.0,0.0,0.0,0.0,0.0,0.0,0.0,0.0,0.0,0.0,True,MEASURED,151
records/creatures/enemies/hero/wendigo_h04.dbr,HI,108,records/skills/nonplayerskillsgdx1/attackmelee/wendigo_tripleswipe.dbr,Skill_AttackWeapon,28,0,MEASURED-RANK,skillName-slot,False,41.0,619.0,619.0,IN-RANGE,0.0,0.0,n/a,0.0,0.0,scalar,0.0,0.0,scalar,0.0,0.0,scalar,0.0,0.0,scalar,0.0,0.0,scalar,0.0,0.0,n/a,0.0,0.0,n/a,0.0,0.0,n/a,378.0,2.0,0.0,0.0,0.0,0.0,0.0,0.0,0.0,0.0,0.0,0.0,0.0,0.0,True,MEASURED,151
records/creatures/enemies/hero/wendigo_h04.dbr,HI,108,records/skills/nonplayerskillsgdx1/buffoffensive/wraith_soulsiphon.dbr,Skill_AttackBuffRadius,28,0,MEASURED-RANK,skillName-slot,False,41.0,0.0,0.0,n/a,0.0,0.0,n/a,0.0,0.0,n/a,0.0,0.0,n/a,0.0,0.0,n/a,0.0,0.0,n/a,0.0,0.0,n/a,0.0,0.0,n/a,0.0,0.0,n/a,0.0,0.0,n/a,0.0,0.0,0.0,0.0,0.0,0.0,0.0,0.0,0.0,0.0,0.0,0.0,0.0,0.0,False,DECODED-ZERO-DAMAGE,151
records/creatures/enemies/hero/wendigo_h04.dbr,HI,108,records/skills/nonplayerskillsgdx1/buffoffensive/wraith_soulsiphon_buff.dbr,SkillBuff_Debuf,28,1,DERIVED-INHERITED-RANK,buffSkillName,False,41.0,0.0,0.0,scalar,0.0,0.0,scalar,0.0,0.0,scalar,0.0,0.0,scalar,0.0,0.0,scalar,0.0,0.0,scalar,464.0,464.0,IN-RANGE,0.0,0.0,scalar,0.0,0.0,scalar,0.0,0.0,scalar,0.0,0.0,0.0,0.0,0.0,0.0,0.0,0.0,0.0,0.0,0.0,0.0,0.0,0.0,True,MEASURED,151
records/creatures/enemies/hero/wendigo_h04.dbr,HI,108,records/skills/nonplayerskillsgdx1/passive/passiveproperties_wendigo.dbr,Skill_Passive,28,0,MEASURED-RANK,skillName-slot,False,41.0,0.0,0.0,scalar,0.0,0.0,n/a,0.0,0.0,scalar,0.0,0.0,scalar,0.0,0.0,scalar,0.0,0.0,scalar,191.0,191.0,IN-RANGE,0.0,0.0,n/a,0.0,0.0,scalar,0.0,0.0,scalar,0.0,0.0,0.0,0.0,0.0,0.0,0.0,0.0,0.0,0.0,175.0,3.0,0.0,0.0,True,MEASURED,151
records/creatures/enemies/hero/wendigo_h04.dbr,HI,108,(creature record),Monster,1,-1,MEASURED-RECORD,creature-own-fields,False,41.0,0.0,0.0,,0.0,0.0,,0.0,0.0,,0.0,0.0,,0.0,0.0,,0.0,0.0,,0.0,0.0,,0.0,0.0,,0.0,0.0,,0.0,0.0,,0.0,0.0,0.0,0.0,0.0,0.0,0.0,0.0,0.0,0.0,0.0,0.0,0.0,0.0,False,DECODED-ZERO-DAMAGE,151
records/creatures/enemies/livingplant_a01.dbr,LO,103,records/skills/nonplayerskills/passive/armorbase03.dbr,Skill_Passive,103,0,MEASURED-RANK,skillName-slot,False,45.0,0.0,0.0,scalar,0.0,0.0,scalar,0.0,0.0,scalar,0.0,0.0,scalar,0.0,0.0,scalar,0.0,0.0,scalar,0.0,0.0,scalar,0.0,0.0,scalar,0.0,0.0,scalar,0.0,0.0,scalar,0.0,0.0,0.0,0.0,0.0,0.0,0.0,0.0,0.0,0.0,0.0,0.0,0.0,0.0,False,DECODED-ZERO-DAMAGE,151
records/creatures/enemies/livingplant_a01.dbr,LO,103,records/skills/nonplayerskills/passive/damage_totaladjuster.dbr,Skill_Passive,5,0,MEASURED-RANK,skillName-slot,False,45.0,0.0,0.0,scalar,0.0,0.0,scalar,0.0,0.0,scalar,0.0,0.0,scalar,0.0,0.0,scalar,0.0,0.0,scalar,0.0,0.0,scalar,0.0,0.0,scalar,0.0,0.0,scalar,0.0,0.0,scalar,0.0,0.0,0.0,0.0,0.0,0.0,0.0,0.0,0.0,0.0,0.0,0.0,0.0,0.0,False,DECODED-ZERO-DAMAGE,151
records/creatures/enemies/livingplant_a01.dbr,LO,103,records/skills/nonplayerskills/passive/damagebase_physical02.dbr,Skill_Passive,1,0,MEASURED-RANK,skillName-slot,False,45.0,20.0,30.0,IN-RANGE,0.0,0.0,scalar,0.0,0.0,scalar,0.0,0.0,scalar,0.0,0.0,scalar,0.0,0.0,scalar,0.0,0.0,scalar,0.0,0.0,scalar,0.0,0.0,scalar,0.0,0.0,scalar,0.0,0.0,0.0,0.0,0.0,0.0,0.0,0.0,0.0,0.0,0.0,0.0,0.0,0.0,True,MEASURED,151
records/creatures/enemies/livingplant_a01.dbr,LO,103,records/skills/nonplayerskillsgdx1/attackmelee/livingplant_bite.dbr,Skill_AttackWeapon,26,0,MEASURED-RANK,skillName-slot,False,45.0,1048.0,1048.0,IN-RANGE,536.0,536.0,IN-RANGE,0.0,0.0,scalar,0.0,0.0,scalar,0.0,0.0,scalar,0.0,0.0,scalar,0.0,0.0,scalar,0.0,0.0,n/a,0.0,0.0,n/a,0.0,0.0,n/a,200.0,5.0,0.0,0.0,0.0,0.0,0.0,0.0,0.0,0.0,0.0,0.0,0.0,0.0,True,MEASURED,151
records/creatures/enemies/livingplant_a01.dbr,LO,103,records/skills/nonplayerskillsgdx1/attackprojectile/livingplant_venomousseed.dbr,Skill_AttackProjectileDrop,26,0,MEASURED-RANK,skillName-slot,False,45.0,0.0,0.0,scalar,0.0,0.0,scalar,0.0,0.0,n/a,0.0,0.0,scalar,0.0,0.0,scalar,873.0,873.0,IN-RANGE,0.0,0.0,scalar,0.0,0.0,scalar,0.0,0.0,scalar,16.0,16.0,IN-RANGE,0.0,0.0,0.0,0.0,0.0,0.0,0.0,0.0,231.0,5.0,0.0,0.0,0.0,0.0,True,MEASURED,151
records/creatures/enemies/livingplant_a01.dbr,LO,103,records/skills/nonplayerskillsgdx1/passive/passiveproperties_livingplant.dbr,Skill_Passive,26,0,MEASURED-RANK,skillName-slot,False,45.0,0.0,0.0,scalar,74.0,74.0,IN-RANGE,0.0,0.0,scalar,0.0,0.0,scalar,0.0,0.0,scalar,0.0,0.0,scalar,0.0,0.0,scalar,0.0,0.0,n/a,0.0,0.0,scalar,0.0,0.0,scalar,0.0,0.0,0.0,0.0,0.0,0.0,0.0,0.0,0.0,0.0,0.0,0.0,0.0,0.0,True,MEASURED,151
records/creatures/enemies/livingplant_a01.dbr,LO,103,(creature record),Monster,1,-1,MEASURED-RECORD,creature-own-fields,False,45.0,0.0,0.0,,0.0,0.0,,0.0,0.0,,0.0,0.0,,0.0,0.0,,0.0,0.0,,0.0,0.0,,0.0,0.0,,0.0,0.0,,0.0,0.0,,0.0,0.0,0.0,0.0,0.0,0.0,0.0,0.0,0.0,0.0,0.0,0.0,0.0,0.0,False,DECODED-ZERO-DAMAGE,151
records/creatures/enemies/livingplant_a01.dbr,HI,104,records/skills/nonplayerskills/passive/armorbase03.dbr,Skill_Passive,104,0,MEASURED-RANK,skillName-slot,False,45.0,0.0,0.0,scalar,0.0,0.0,scalar,0.0,0.0,scalar,0.0,0.0,scalar,0.0,0.0,scalar,0.0,0.0,scalar,0.0,0.0,scalar,0.0,0.0,scalar,0.0,0.0,scalar,0.0,0.0,scalar,0.0,0.0,0.0,0.0,0.0,0.0,0.0,0.0,0.0,0.0,0.0,0.0,0.0,0.0,False,DECODED-ZERO-DAMAGE,151
records/creatures/enemies/livingplant_a01.dbr,HI,104,records/skills/nonplayerskills/passive/damage_totaladjuster.dbr,Skill_Passive,5,0,MEASURED-RANK,skillName-slot,False,45.0,0.0,0.0,scalar,0.0,0.0,scalar,0.0,0.0,scalar,0.0,0.0,scalar,0.0,0.0,scalar,0.0,0.0,scalar,0.0,0.0,scalar,0.0,0.0,scalar,0.0,0.0,scalar,0.0,0.0,scalar,0.0,0.0,0.0,0.0,0.0,0.0,0.0,0.0,0.0,0.0,0.0,0.0,0.0,0.0,False,DECODED-ZERO-DAMAGE,151
records/creatures/enemies/livingplant_a01.dbr,HI,104,records/skills/nonplayerskills/passive/damagebase_physical02.dbr,Skill_Passive,1,0,MEASURED-RANK,skillName-slot,False,45.0,20.0,30.0,IN-RANGE,0.0,0.0,scalar,0.0,0.0,scalar,0.0,0.0,scalar,0.0,0.0,scalar,0.0,0.0,scalar,0.0,0.0,scalar,0.0,0.0,scalar,0.0,0.0,scalar,0.0,0.0,scalar,0.0,0.0,0.0,0.0,0.0,0.0,0.0,0.0,0.0,0.0,0.0,0.0,0.0,0.0,True,MEASURED,151
records/creatures/enemies/livingplant_a01.dbr,HI,104,records/skills/nonplayerskillsgdx1/attackmelee/livingplant_bite.dbr,Skill_AttackWeapon,27,0,MEASURED-RANK,skillName-slot,False,45.0,1094.0,1094.0,IN-RANGE,560.0,560.0,IN-RANGE,0.0,0.0,scalar,0.0,0.0,scalar,0.0,0.0,scalar,0.0,0.0,scalar,0.0,0.0,scalar,0.0,0.0,n/a,0.0,0.0,n/a,0.0,0.0,n/a,213.0,5.0,0.0,0.0,0.0,0.0,0.0,0.0,0.0,0.0,0.0,0.0,0.0,0.0,True,MEASURED,151
records/creatures/enemies/livingplant_a01.dbr,HI,104,records/skills/nonplayerskillsgdx1/attackprojectile/livingplant_venomousseed.dbr,Skill_AttackProjectileDrop,27,0,MEASURED-RANK,skillName-slot,False,45.0,0.0,0.0,scalar,0.0,0.0,scalar,0.0,0.0,n/a,0.0,0.0,scalar,0.0,0.0,scalar,911.0,911.0,IN-RANGE,0.0,0.0,scalar,0.0,0.0,scalar,0.0,0.0,scalar,16.0,16.0,IN-RANGE,0.0,0.0,0.0,0.0,0.0,0.0,0.0,0.0,241.0,5.0,0.0,0.0,0.0,0.0,True,MEASURED,151
records/creatures/enemies/livingplant_a01.dbr,HI,104,records/skills/nonplayerskillsgdx1/passive/passiveproperties_livingplant.dbr,Skill_Passive,27,0,MEASURED-RANK,skillName-slot,False,45.0,0.0,0.0,scalar,77.0,77.0,IN-RANGE,0.0,0.0,scalar,0.0,0.0,scalar,0.0,0.0,scalar,0.0,0.0,scalar,0.0,0.0,scalar,0.0,0.0,n/a,0.0,0.0,scalar,0.0,0.0,scalar,0.0,0.0,0.0,0.0,0.0,0.0,0.0,0.0,0.0,0.0,0.0,0.0,0.0,0.0,True,MEASURED,151
records/creatures/enemies/livingplant_a01.dbr,HI,104,(creature record),Monster,1,-1,MEASURED-RECORD,creature-own-fields,False,45.0,0.0,0.0,,0.0,0.0,,0.0,0.0,,0.0,0.0,,0.0,0.0,,0.0,0.0,,0.0,0.0,,0.0,0.0,,0.0,0.0,,0.0,0.0,,0.0,0.0,0.0,0.0,0.0,0.0,0.0,0.0,0.0,0.0,0.0,0.0,0.0,0.0,False,DECODED-ZERO-DAMAGE,151
records/creatures/enemies/swampgolem_a01.dbr,LO,103,records/skills/nonplayerskills/passive/armorbase03.dbr,Skill_Passive,103,0,MEASURED-RANK,skillName-slot,False,45.0,0.0,0.0,scalar,0.0,0.0,scalar,0.0,0.0,scalar,0.0,0.0,scalar,0.0,0.0,scalar,0.0,0.0,scalar,0.0,0.0,scalar,0.0,0.0,scalar,0.0,0.0,scalar,0.0,0.0,scalar,0.0,0.0,0.0,0.0,0.0,0.0,0.0,0.0,0.0,0.0,0.0,0.0,0.0,0.0,False,DECODED-ZERO-DAMAGE,151
records/creatures/enemies/swampgolem_a01.dbr,LO,103,records/skills/nonplayerskills/passive/damage_totaladjuster.dbr,Skill_Passive,5,0,MEASURED-RANK,skillName-slot,False,45.0,0.0,0.0,scalar,0.0,0.0,scalar,0.0,0.0,scalar,0.0,0.0,scalar,0.0,0.0,scalar,0.0,0.0,scalar,0.0,0.0,scalar,0.0,0.0,scalar,0.0,0.0,scalar,0.0,0.0,scalar,0.0,0.0,0.0,0.0,0.0,0.0,0.0,0.0,0.0,0.0,0.0,0.0,0.0,0.0,False,DECODED-ZERO-DAMAGE,151
records/creatures/enemies/swampgolem_a01.dbr,LO,103,records/skills/nonplayerskills/passive/damagebase_physical03.dbr,Skill_Passive,103,0,MEASURED-RANK,skillName-slot,False,45.0,610.0,805.0,IN-RANGE,0.0,0.0,scalar,0.0,0.0,scalar,0.0,0.0,scalar,0.0,0.0,scalar,0.0,0.0,scalar,0.0,0.0,scalar,0.0,0.0,scalar,0.0,0.0,scalar,0.0,0.0,scalar,0.0,0.0,0.0,0.0,0.0,0.0,0.0,0.0,0.0,0.0,0.0,0.0,0.0,0.0,True,MEASURED,151
records/creatures/enemies/swampgolem_a01.dbr,LO,103,records/skills/nonplayerskills/passive/resists_convertconfusefear-30-50-75-500.dbr,Skill_Passive,4,0,MEASURED-RANK,skillName-slot,False,45.0,0.0,0.0,scalar,0.0,0.0,scalar,0.0,0.0,scalar,0.0,0.0,scalar,0.0,0.0,scalar,0.0,0.0,scalar,0.0,0.0,scalar,0.0,0.0,scalar,0.0,0.0,scalar,0.0,0.0,scalar,0.0,0.0,0.0,0.0,0.0,0.0,0.0,0.0,0.0,0.0,0.0,0.0,0.0,0.0,False,DECODED-ZERO-DAMAGE,151
records/creatures/enemies/swampgolem_a01.dbr,LO,103,records/skills/nonplayerskillsgdx1/passive/passiveproperties_swampgolem.dbr,Skill_Passive,26,0,MEASURED-RANK,skillName-slot,False,45.0,106.0,128.0,IN-RANGE,0.0,0.0,n/a,0.0,0.0,scalar,0.0,0.0,scalar,0.0,0.0,scalar,0.0,0.0,scalar,0.0,0.0,scalar,0.0,0.0,n/a,0.0,0.0,scalar,0.0,0.0,scalar,0.0,0.0,0.0,0.0,0.0,0.0,0.0,0.0,0.0,0.0,0.0,0.0,0.0,0.0,True,MEASURED,151
records/creatures/enemies/swampgolem_a01.dbr,LO,103,records/skills/nonplayerskillsgdx1/path/swampgolem_doubleswipe.dbr,Skill_AttackWave,26,0,MEASURED-RANK,skillName-slot,False,45.0,905.0,905.0,IN-RANGE,0.0,0.0,scalar,0.0,0.0,scalar,0.0,0.0,scalar,0.0,0.0,scalar,844.0,844.0,IN-RANGE,0.0,0.0,n/a,0.0,0.0,n/a,0.0,0.0,n/a,0.0,0.0,scalar,0.0,0.0,0.0,0.0,0.0,0.0,0.0,0.0,225.0,2.0,0.0,0.0,0.0,0.0,True,MEASURED,151
records/creatures/enemies/swampgolem_a01.dbr,LO,103,(creature record),Monster,1,-1,MEASURED-RECORD,creature-own-fields,False,45.0,0.0,0.0,,0.0,0.0,,0.0,0.0,,0.0,0.0,,0.0,0.0,,0.0,0.0,,0.0,0.0,,0.0,0.0,,0.0,0.0,,0.0,0.0,,0.0,0.0,0.0,0.0,0.0,0.0,0.0,0.0,0.0,0.0,0.0,0.0,0.0,0.0,False,DECODED-ZERO-DAMAGE,151
records/creatures/enemies/swampgolem_a01.dbr,HI,106,records/skills/nonplayerskills/passive/armorbase03.dbr,Skill_Passive,106,0,MEASURED-RANK,skillName-slot,False,45.0,0.0,0.0,scalar,0.0,0.0,scalar,0.0,0.0,scalar,0.0,0.0,scalar,0.0,0.0,scalar,0.0,0.0,scalar,0.0,0.0,scalar,0.0,0.0,scalar,0.0,0.0,scalar,0.0,0.0,scalar,0.0,0.0,0.0,0.0,0.0,0.0,0.0,0.0,0.0,0.0,0.0,0.0,0.0,0.0,False,DECODED-ZERO-DAMAGE,151
records/creatures/enemies/swampgolem_a01.dbr,HI,106,records/skills/nonplayerskills/passive/damage_totaladjuster.dbr,Skill_Passive,5,0,MEASURED-RANK,skillName-slot,False,45.0,0.0,0.0,scalar,0.0,0.0,scalar,0.0,0.0,scalar,0.0,0.0,scalar,0.0,0.0,scalar,0.0,0.0,scalar,0.0,0.0,scalar,0.0,0.0,scalar,0.0,0.0,scalar,0.0,0.0,scalar,0.0,0.0,0.0,0.0,0.0,0.0,0.0,0.0,0.0,0.0,0.0,0.0,0.0,0.0,False,DECODED-ZERO-DAMAGE,151
records/creatures/enemies/swampgolem_a01.dbr,HI,106,records/skills/nonplayerskills/passive/damagebase_physical03.dbr,Skill_Passive,106,0,MEASURED-RANK,skillName-slot,False,45.0,618.0,818.0,IN-RANGE,0.0,0.0,scalar,0.0,0.0,scalar,0.0,0.0,scalar,0.0,0.0,scalar,0.0,0.0,scalar,0.0,0.0,scalar,0.0,0.0,scalar,0.0,0.0,scalar,0.0,0.0,scalar,0.0,0.0,0.0,0.0,0.0,0.0,0.0,0.0,0.0,0.0,0.0,0.0,0.0,0.0,True,MEASURED,151
records/creatures/enemies/swampgolem_a01.dbr,HI,106,records/skills/nonplayerskills/passive/resists_convertconfusefear-30-50-75-500.dbr,Skill_Passive,4,0,MEASURED-RANK,skillName-slot,False,45.0,0.0,0.0,scalar,0.0,0.0,scalar,0.0,0.0,scalar,0.0,0.0,scalar,0.0,0.0,scalar,0.0,0.0,scalar,0.0,0.0,scalar,0.0,0.0,scalar,0.0,0.0,scalar,0.0,0.0,scalar,0.0,0.0,0.0,0.0,0.0,0.0,0.0,0.0,0.0,0.0,0.0,0.0,0.0,0.0,False,DECODED-ZERO-DAMAGE,151
records/creatures/enemies/swampgolem_a01.dbr,HI,106,records/skills/nonplayerskillsgdx1/passive/passiveproperties_swampgolem.dbr,Skill_Passive,27,0,MEASURED-RANK,skillName-slot,False,45.0,111.0,133.0,IN-RANGE,0.0,0.0,n/a,0.0,0.0,scalar,0.0,0.0,scalar,0.0,0.0,scalar,0.0,0.0,scalar,0.0,0.0,scalar,0.0,0.0,n/a,0.0,0.0,scalar,0.0,0.0,scalar,0.0,0.0,0.0,0.0,0.0,0.0,0.0,0.0,0.0,0.0,0.0,0.0,0.0,0.0,True,MEASURED,151
records/creatures/enemies/swampgolem_a01.dbr,HI,106,records/skills/nonplayerskillsgdx1/path/swampgolem_doubleswipe.dbr,Skill_AttackWave,27,0,MEASURED-RANK,skillName-slot,False,45.0,942.0,942.0,IN-RANGE,0.0,0.0,scalar,0.0,0.0,scalar,0.0,0.0,scalar,0.0,0.0,scalar,880.0,880.0,IN-RANGE,0.0,0.0,n/a,0.0,0.0,n/a,0.0,0.0,n/a,0.0,0.0,scalar,0.0,0.0,0.0,0.0,0.0,0.0,0.0,0.0,235.0,2.0,0.0,0.0,0.0,0.0,True,MEASURED,151
records/creatures/enemies/swampgolem_a01.dbr,HI,106,(creature record),Monster,1,-1,MEASURED-RECORD,creature-own-fields,False,45.0,0.0,0.0,,0.0,0.0,,0.0,0.0,,0.0,0.0,,0.0,0.0,,0.0,0.0,,0.0,0.0,,0.0,0.0,,0.0,0.0,,0.0,0.0,,0.0,0.0,0.0,0.0,0.0,0.0,0.0,0.0,0.0,0.0,0.0,0.0,0.0,0.0,False,DECODED-ZERO-DAMAGE,151
records/creatures/enemies/boss&quest/statue_korvaaktombguardian.dbr,LO,106,records/skills/nonplayerskills/bossskills/boss_chest_02.dbr,Skill_OnDeathSpawnActor,0,0,MEASURED-RANK,skillName-slot,False,49.0,0.0,0.0,n/a,0.0,0.0,n/a,0.0,0.0,n/a,0.0,0.0,n/a,0.0,0.0,n/a,0.0,0.0,n/a,0.0,0.0,n/a,0.0,0.0,n/a,0.0,0.0,n/a,0.0,0.0,n/a,0.0,0.0,0.0,0.0,0.0,0.0,0.0,0.0,0.0,0.0,0.0,0.0,0.0,0.0,False,DECODED-ZERO-DAMAGE,160
records/creatures/enemies/boss&quest/statue_korvaaktombguardian.dbr,LO,106,records/skills/nonplayerskills/passive/armorbase05.dbr,Skill_Passive,106,0,MEASURED-RANK,skillName-slot,False,49.0,0.0,0.0,scalar,0.0,0.0,scalar,0.0,0.0,scalar,0.0,0.0,scalar,0.0,0.0,scalar,0.0,0.0,scalar,0.0,0.0,scalar,0.0,0.0,scalar,0.0,0.0,scalar,0.0,0.0,scalar,0.0,0.0,0.0,0.0,0.0,0.0,0.0,0.0,0.0,0.0,0.0,0.0,0.0,0.0,False,DECODED-ZERO-DAMAGE,160
records/creatures/enemies/boss&quest/statue_korvaaktombguardian.dbr,LO,106,records/skills/nonplayerskills/passive/damage_totaladjuster.dbr,Skill_Passive,6,0,MEASURED-RANK,skillName-slot,False,49.0,0.0,0.0,scalar,0.0,0.0,scalar,0.0,0.0,scalar,0.0,0.0,scalar,0.0,0.0,scalar,0.0,0.0,scalar,0.0,0.0,scalar,0.0,0.0,scalar,0.0,0.0,scalar,0.0,0.0,scalar,0.0,0.0,0.0,0.0,0.0,0.0,0.0,0.0,0.0,0.0,0.0,0.0,0.0,0.0,False,DECODED-ZERO-DAMAGE,160
records/creatures/enemies/boss&quest/statue_korvaaktombguardian.dbr,LO,106,records/skills/nonplayerskills/passive/damagebonus_physical04.dbr,Skill_Passive,106,0,MEASURED-RANK,skillName-slot,False,49.0,684.0,847.0,IN-RANGE,0.0,0.0,scalar,0.0,0.0,scalar,0.0,0.0,scalar,0.0,0.0,scalar,0.0,0.0,scalar,0.0,0.0,scalar,0.0,0.0,scalar,0.0,0.0,scalar,0.0,0.0,scalar,0.0,0.0,0.0,0.0,0.0,0.0,0.0,0.0,0.0,0.0,0.0,0.0,0.0,0.0,True,MEASURED,160
records/creatures/enemies/boss&quest/statue_korvaaktombguardian.dbr,LO,106,records/skills/nonplayerskills/passive/resists_heroboss.dbr,Skill_Passive,5,0,MEASURED-RANK,skillName-slot,False,49.0,0.0,0.0,scalar,0.0,0.0,scalar,0.0,0.0,scalar,0.0,0.0,scalar,0.0,0.0,scalar,0.0,0.0,scalar,0.0,0.0,scalar,0.0,0.0,scalar,0.0,0.0,scalar,0.0,0.0,scalar,0.0,0.0,0.0,0.0,0.0,0.0,0.0,0.0,0.0,0.0,0.0,0.0,0.0,0.0,False,DECODED-ZERO-DAMAGE,160
records/creatures/enemies/boss&quest/statue_korvaaktombguardian.dbr,LO,106,records/skills/nonplayerskillsgdx2/bossskills/passives/tombguardian_passiveproperties_01.dbr,Skill_Passive,27,0,MEASURED-RANK,skillName-slot,False,49.0,238.0,238.0,IN-RANGE,0.0,0.0,n/a,0.0,0.0,scalar,104.0,104.0,IN-RANGE,104.0,104.0,IN-RANGE,0.0,0.0,n/a,0.0,0.0,scalar,0.0,0.0,n/a,0.0,0.0,scalar,0.0,0.0,scalar,0.0,0.0,0.0,0.0,0.0,0.0,0.0,0.0,0.0,0.0,0.0,0.0,0.0,0.0,True,MEASURED,160
records/creatures/enemies/boss&quest/statue_korvaaktombguardian.dbr,LO,106,records/skills/nonplayerskillsgdx2/bossskills/tombguardian_celestialbreath.dbr,Skill_AttackWave,27,0,MEASURED-RANK,skillName-slot,False,49.0,0.0,0.0,scalar,0.0,0.0,scalar,0.0,0.0,n/a,1444.0,1444.0,IN-RANGE,1444.0,1444.0,IN-RANGE,0.0,0.0,scalar,0.0,0.0,scalar,0.0,0.0,n/a,0.0,0.0,n/a,0.0,0.0,scalar,0.0,0.0,0.0,0.0,0.0,0.0,550.0,5.0,0.0,0.0,0.0,0.0,0.0,0.0,True,MEASURED,160
records/creatures/enemies/boss&quest/statue_korvaaktombguardian.dbr,LO,106,records/skills/nonplayerskillsgdx2/bossskills/tombguardian_celestialteleport.dbr,Skill_AttackRadiusTeleport,27,0,MEASURED-RANK,skillName-slot,False,49.0,0.0,0.0,scalar,0.0,0.0,scalar,0.0,0.0,scalar,0.0,0.0,scalar,0.0,0.0,scalar,932.0,932.0,IN-RANGE,0.0,0.0,scalar,0.0,0.0,n/a,0.0,0.0,scalar,0.0,0.0,scalar,0.0,0.0,0.0,0.0,0.0,0.0,0.0,0.0,316.0,2.0,0.0,0.0,0.0,0.0,True,MEASURED,160
records/creatures/enemies/boss&quest/statue_korvaaktombguardian.dbr,LO,106,records/skills/nonplayerskillsgdx2/bossskills/tombguardian_doubleswipe.dbr,Skill_AttackWave,27,0,MEASURED-RANK,skillName-slot,False,49.0,809.0,809.0,IN-RANGE,0.0,0.0,n/a,0.0,0.0,scalar,1128.0,1128.0,IN-RANGE,0.0,0.0,n/a,0.0,0.0,scalar,0.0,0.0,scalar,0.0,0.0,n/a,0.0,0.0,n/a,8.0,8.0,scalar,0.0,0.0,0.0,0.0,0.0,0.0,0.0,0.0,0.0,0.0,0.0,0.0,0.0,0.0,True,MEASURED,160
records/creatures/enemies/boss&quest/statue_korvaaktombguardian.dbr,LO,106,records/skills/nonplayerskillsgdx2/bossskills/tombguardian_massiveswipe.dbr,Skill_WeaponPool_ChargedFinale,27,0,MEASURED-RANK,skillName-slot,True,49.0,0.0,0.0,n/a,0.0,0.0,n/a,0.0,0.0,scalar,2334.0,2334.0,IN-RANGE,0.0,0.0,scalar,0.0,0.0,scalar,0.0,0.0,scalar,0.0,0.0,n/a,0.0,0.0,n/a,18.0,25.0,scalar,0.0,0.0,0.0,0.0,559.0,5.0,0.0,0.0,0.0,0.0,0.0,0.0,0.0,0.0,True,MEASURED,160
records/creatures/enemies/boss&quest/statue_korvaaktombguardian.dbr,LO,106,records/skills/nonplayerskillsgdx2/bossskills/tombguardian_megapunch.dbr,Skill_AttackWeapon,27,0,MEASURED-RANK,skillName-slot,False,49.0,1907.0,1907.0,IN-RANGE,0.0,0.0,scalar,0.0,0.0,scalar,810.0,810.0,IN-RANGE,0.0,0.0,n/a,609.0,609.0,IN-RANGE,0.0,0.0,scalar,0.0,0.0,n/a,0.0,0.0,scalar,15.0,25.0,scalar,0.0,0.0,0.0,0.0,0.0,0.0,0.0,0.0,0.0,0.0,0.0,0.0,0.0,0.0,True,MEASURED,160
records/creatures/enemies/boss&quest/statue_korvaaktombguardian.dbr,LO,106,records/skills/nonplayerskillsgdx2/bossskills/tombguardian_shatteringstomp.dbr,Skill_AttackRadius,27,0,MEASURED-RANK,skillName-slot,False,49.0,890.0,890.0,IN-RANGE,0.0,0.0,scalar,0.0,0.0,scalar,0.0,0.0,scalar,0.0,0.0,scalar,762.0,762.0,IN-RANGE,0.0,0.0,scalar,0.0,0.0,n/a,0.0,0.0,scalar,0.0,0.0,scalar,0.0,0.0,0.0,0.0,0.0,0.0,0.0,0.0,353.0,8.0,0.0,0.0,0.0,0.0,True,MEASURED,160
records/creatures/enemies/boss&quest/statue_korvaaktombguardian.dbr,LO,106,(creature record),Monster,1,-1,MEASURED-RECORD,creature-own-fields,False,49.0,0.0,0.0,,0.0,0.0,,0.0,0.0,,0.0,0.0,,0.0,0.0,,0.0,0.0,,0.0,0.0,,0.0,0.0,,0.0,0.0,,0.0,0.0,,0.0,0.0,0.0,0.0,0.0,0.0,0.0,0.0,0.0,0.0,0.0,0.0,0.0,0.0,False,DECODED-ZERO-DAMAGE,160
records/creatures/enemies/boss&quest/statue_korvaaktombguardian.dbr,HI,108,records/skills/nonplayerskills/bossskills/boss_chest_02.dbr,Skill_OnDeathSpawnActor,0,0,MEASURED-RANK,skillName-slot,False,49.0,0.0,0.0,n/a,0.0,0.0,n/a,0.0,0.0,n/a,0.0,0.0,n/a,0.0,0.0,n/a,0.0,0.0,n/a,0.0,0.0,n/a,0.0,0.0,n/a,0.0,0.0,n/a,0.0,0.0,n/a,0.0,0.0,0.0,0.0,0.0,0.0,0.0,0.0,0.0,0.0,0.0,0.0,0.0,0.0,False,DECODED-ZERO-DAMAGE,160
records/creatures/enemies/boss&quest/statue_korvaaktombguardian.dbr,HI,108,records/skills/nonplayerskills/passive/armorbase05.dbr,Skill_Passive,108,0,MEASURED-RANK,skillName-slot,False,49.0,0.0,0.0,scalar,0.0,0.0,scalar,0.0,0.0,scalar,0.0,0.0,scalar,0.0,0.0,scalar,0.0,0.0,scalar,0.0,0.0,scalar,0.0,0.0,scalar,0.0,0.0,scalar,0.0,0.0,scalar,0.0,0.0,0.0,0.0,0.0,0.0,0.0,0.0,0.0,0.0,0.0,0.0,0.0,0.0,False,DECODED-ZERO-DAMAGE,160
records/creatures/enemies/boss&quest/statue_korvaaktombguardian.dbr,HI,108,records/skills/nonplayerskills/passive/damage_totaladjuster.dbr,Skill_Passive,6,0,MEASURED-RANK,skillName-slot,False,49.0,0.0,0.0,scalar,0.0,0.0,scalar,0.0,0.0,scalar,0.0,0.0,scalar,0.0,0.0,scalar,0.0,0.0,scalar,0.0,0.0,scalar,0.0,0.0,scalar,0.0,0.0,scalar,0.0,0.0,scalar,0.0,0.0,0.0,0.0,0.0,0.0,0.0,0.0,0.0,0.0,0.0,0.0,0.0,0.0,False,DECODED-ZERO-DAMAGE,160
records/creatures/enemies/boss&quest/statue_korvaaktombguardian.dbr,HI,108,records/skills/nonplayerskills/passive/damagebonus_physical04.dbr,Skill_Passive,108,0,MEASURED-RANK,skillName-slot,False,49.0,695.0,860.0,IN-RANGE,0.0,0.0,scalar,0.0,0.0,scalar,0.0,0.0,scalar,0.0,0.0,scalar,0.0,0.0,scalar,0.0,0.0,scalar,0.0,0.0,scalar,0.0,0.0,scalar,0.0,0.0,scalar,0.0,0.0,0.0,0.0,0.0,0.0,0.0,0.0,0.0,0.0,0.0,0.0,0.0,0.0,True,MEASURED,160
records/creatures/enemies/boss&quest/statue_korvaaktombguardian.dbr,HI,108,records/skills/nonplayerskills/passive/resists_heroboss.dbr,Skill_Passive,5,0,MEASURED-RANK,skillName-slot,False,49.0,0.0,0.0,scalar,0.0,0.0,scalar,0.0,0.0,scalar,0.0,0.0,scalar,0.0,0.0,scalar,0.0,0.0,scalar,0.0,0.0,scalar,0.0,0.0,scalar,0.0,0.0,scalar,0.0,0.0,scalar,0.0,0.0,0.0,0.0,0.0,0.0,0.0,0.0,0.0,0.0,0.0,0.0,0.0,0.0,False,DECODED-ZERO-DAMAGE,160
records/creatures/enemies/boss&quest/statue_korvaaktombguardian.dbr,HI,108,records/skills/nonplayerskillsgdx2/bossskills/passives/tombguardian_passiveproperties_01.dbr,Skill_Passive,28,0,MEASURED-RANK,skillName-slot,False,49.0,247.0,247.0,IN-RANGE,0.0,0.0,n/a,0.0,0.0,scalar,108.0,108.0,IN-RANGE,108.0,108.0,IN-RANGE,0.0,0.0,n/a,0.0,0.0,scalar,0.0,0.0,n/a,0.0,0.0,scalar,0.0,0.0,scalar,0.0,0.0,0.0,0.0,0.0,0.0,0.0,0.0,0.0,0.0,0.0,0.0,0.0,0.0,True,MEASURED,160
records/creatures/enemies/boss&quest/statue_korvaaktombguardian.dbr,HI,108,records/skills/nonplayerskillsgdx2/bossskills/tombguardian_celestialbreath.dbr,Skill_AttackWave,28,0,MEASURED-RANK,skillName-slot,False,49.0,0.0,0.0,scalar,0.0,0.0,scalar,0.0,0.0,n/a,1499.0,1499.0,IN-RANGE,1499.0,1499.0,IN-RANGE,0.0,0.0,scalar,0.0,0.0,scalar,0.0,0.0,n/a,0.0,0.0,n/a,0.0,0.0,scalar,0.0,0.0,0.0,0.0,0.0,0.0,572.0,5.0,0.0,0.0,0.0,0.0,0.0,0.0,True,MEASURED,160
records/creatures/enemies/boss&quest/statue_korvaaktombguardian.dbr,HI,108,records/skills/nonplayerskillsgdx2/bossskills/tombguardian_celestialteleport.dbr,Skill_AttackRadiusTeleport,28,0,MEASURED-RANK,skillName-slot,False,49.0,0.0,0.0,scalar,0.0,0.0,scalar,0.0,0.0,scalar,0.0,0.0,scalar,0.0,0.0,scalar,968.0,968.0,IN-RANGE,0.0,0.0,scalar,0.0,0.0,n/a,0.0,0.0,scalar,0.0,0.0,scalar,0.0,0.0,0.0,0.0,0.0,0.0,0.0,0.0,329.0,2.0,0.0,0.0,0.0,0.0,True,MEASURED,160
records/creatures/enemies/boss&quest/statue_korvaaktombguardian.dbr,HI,108,records/skills/nonplayerskillsgdx2/bossskills/tombguardian_doubleswipe.dbr,Skill_AttackWave,28,0,MEASURED-RANK,skillName-slot,False,49.0,848.0,848.0,IN-RANGE,0.0,0.0,n/a,0.0,0.0,scalar,1184.0,1184.0,IN-RANGE,0.0,0.0,n/a,0.0,0.0,scalar,0.0,0.0,scalar,0.0,0.0,n/a,0.0,0.0,n/a,8.0,8.0,scalar,0.0,0.0,0.0,0.0,0.0,0.0,0.0,0.0,0.0,0.0,0.0,0.0,0.0,0.0,True,MEASURED,160
records/creatures/enemies/boss&quest/statue_korvaaktombguardian.dbr,HI,108,records/skills/nonplayerskillsgdx2/bossskills/tombguardian_massiveswipe.dbr,Skill_WeaponPool_ChargedFinale,28,0,MEASURED-RANK,skillName-slot,True,49.0,0.0,0.0,n/a,0.0,0.0,n/a,0.0,0.0,scalar,2428.0,2428.0,IN-RANGE,0.0,0.0,scalar,0.0,0.0,scalar,0.0,0.0,scalar,0.0,0.0,n/a,0.0,0.0,n/a,18.0,25.0,scalar,0.0,0.0,0.0,0.0,582.0,5.0,0.0,0.0,0.0,0.0,0.0,0.0,0.0,0.0,True,MEASURED,160
records/creatures/enemies/boss&quest/statue_korvaaktombguardian.dbr,HI,108,records/skills/nonplayerskillsgdx2/bossskills/tombguardian_megapunch.dbr,Skill_AttackWeapon,28,0,MEASURED-RANK,skillName-slot,False,49.0,1984.0,1984.0,IN-RANGE,0.0,0.0,scalar,0.0,0.0,scalar,854.0,854.0,IN-RANGE,0.0,0.0,n/a,642.0,642.0,IN-RANGE,0.0,0.0,scalar,0.0,0.0,n/a,0.0,0.0,scalar,15.0,25.0,scalar,0.0,0.0,0.0,0.0,0.0,0.0,0.0,0.0,0.0,0.0,0.0,0.0,0.0,0.0,True,MEASURED,160
records/creatures/enemies/boss&quest/statue_korvaaktombguardian.dbr,HI,108,records/skills/nonplayerskillsgdx2/bossskills/tombguardian_shatteringstomp.dbr,Skill_AttackRadius,28,0,MEASURED-RANK,skillName-slot,False,49.0,930.0,930.0,IN-RANGE,0.0,0.0,scalar,0.0,0.0,scalar,0.0,0.0,scalar,0.0,0.0,scalar,796.0,796.0,IN-RANGE,0.0,0.0,scalar,0.0,0.0,n/a,0.0,0.0,scalar,0.0,0.0,scalar,0.0,0.0,0.0,0.0,0.0,0.0,0.0,0.0,367.0,8.0,0.0,0.0,0.0,0.0,True,MEASURED,160
records/creatures/enemies/boss&quest/statue_korvaaktombguardian.dbr,HI,108,(creature record),Monster,1,-1,MEASURED-RECORD,creature-own-fields,False,49.0,0.0,0.0,,0.0,0.0,,0.0,0.0,,0.0,0.0,,0.0,0.0,,0.0,0.0,,0.0,0.0,,0.0,0.0,,0.0,0.0,,0.0,0.0,,0.0,0.0,0.0,0.0,0.0,0.0,0.0,0.0,0.0,0.0,0.0,0.0,0.0,0.0,False,DECODED-ZERO-DAMAGE,160
records/creatures/enemies/nemesis/nemesis_aetherialvanguard_01.dbr,LO,109,records/skills/nonplayerskills/bossskills/nemesis/valdaran_teleportself.dbr,Skill_AttackSpellTeleportSelf,1,0,MEASURED-RANK,skillName-slot,False,69.0,0.0,0.0,n/a,0.0,0.0,n/a,0.0,0.0,n/a,0.0,0.0,n/a,0.0,0.0,n/a,0.0,0.0,n/a,0.0,0.0,n/a,0.0,0.0,n/a,0.0,0.0,n/a,0.0,0.0,n/a,0.0,0.0,0.0,0.0,0.0,0.0,0.0,0.0,0.0,0.0,0.0,0.0,0.0,0.0,False,DECODED-ZERO-DAMAGE,160
records/creatures/enemies/nemesis/nemesis_aetherialvanguard_01.dbr,LO,109,records/skills/nonplayerskills/passive/armorbase05.dbr,Skill_Passive,109,0,MEASURED-RANK,skillName-slot,False,69.0,0.0,0.0,scalar,0.0,0.0,scalar,0.0,0.0,scalar,0.0,0.0,scalar,0.0,0.0,scalar,0.0,0.0,scalar,0.0,0.0,scalar,0.0,0.0,scalar,0.0,0.0,scalar,0.0,0.0,scalar,0.0,0.0,0.0,0.0,0.0,0.0,0.0,0.0,0.0,0.0,0.0,0.0,0.0,0.0,False,DECODED-ZERO-DAMAGE,160
records/creatures/enemies/nemesis/nemesis_aetherialvanguard_01.dbr,LO,109,records/skills/nonplayerskills/passive/damage_totaladjuster.dbr,Skill_Passive,11,0,MEASURED-RANK,skillName-slot,False,69.0,0.0,0.0,scalar,0.0,0.0,scalar,0.0,0.0,scalar,0.0,0.0,scalar,0.0,0.0,scalar,0.0,0.0,scalar,0.0,0.0,scalar,0.0,0.0,scalar,0.0,0.0,scalar,0.0,0.0,scalar,0.0,0.0,0.0,0.0,0.0,0.0,0.0,0.0,0.0,0.0,0.0,0.0,0.0,0.0,False,DECODED-ZERO-DAMAGE,160
records/creatures/enemies/nemesis/nemesis_aetherialvanguard_01.dbr,LO,109,records/skills/nonplayerskills/passive/damagebase_physical06.dbr,Skill_Passive,109,0,MEASURED-RANK,skillName-slot,False,69.0,1072.0,1433.0,IN-RANGE,0.0,0.0,scalar,0.0,0.0,scalar,0.0,0.0,scalar,0.0,0.0,scalar,0.0,0.0,scalar,0.0,0.0,scalar,0.0,0.0,scalar,0.0,0.0,scalar,0.0,0.0,scalar,0.0,0.0,0.0,0.0,0.0,0.0,0.0,0.0,0.0,0.0,0.0,0.0,0.0,0.0,True,MEASURED,160
records/creatures/enemies/nemesis/nemesis_aetherialvanguard_01.dbr,LO,109,records/skills/nonplayerskills/passive/resists_heroboss.dbr,Skill_Passive,5,0,MEASURED-RANK,skillName-slot,False,69.0,0.0,0.0,scalar,0.0,0.0,scalar,0.0,0.0,scalar,0.0,0.0,scalar,0.0,0.0,scalar,0.0,0.0,scalar,0.0,0.0,scalar,0.0,0.0,scalar,0.0,0.0,scalar,0.0,0.0,scalar,0.0,0.0,0.0,0.0,0.0,0.0,0.0,0.0,0.0,0.0,0.0,0.0,0.0,0.0,False,DECODED-ZERO-DAMAGE,160
records/creatures/enemies/nemesis/nemesis_aetherialvanguard_01.dbr,LO,109,records/skills/nonplayerskillsgdx1/bossskills/nemesis/aetherialvanguard_aetherbreath.dbr,Skill_AttackWave,28,0,MEASURED-RANK,skillName-slot,True,69.0,0.0,0.0,n/a,0.0,0.0,scalar,864.0,864.0,IN-RANGE,0.0,0.0,scalar,0.0,0.0,scalar,0.0,0.0,scalar,0.0,0.0,scalar,720.0,720.0,IN-RANGE,0.0,0.0,scalar,0.0,0.0,scalar,0.0,0.0,230.0,5.0,0.0,0.0,0.0,0.0,0.0,0.0,0.0,0.0,0.0,0.0,True,MEASURED,160
records/creatures/enemies/nemesis/nemesis_aetherialvanguard_01.dbr,LO,109,records/skills/nonplayerskillsgdx1/bossskills/nemesis/aetherialvanguard_aethermeteor.dbr,Skill_AttackProjectileDrop,28,0,MEASURED-RANK,skillName-slot,False,69.0,2305.0,2305.0,IN-RANGE,0.0,0.0,scalar,0.0,0.0,n/a,0.0,0.0,n/a,0.0,0.0,n/a,0.0,0.0,scalar,0.0,0.0,n/a,2205.0,2205.0,IN-RANGE,0.0,0.0,n/a,0.0,0.0,scalar,0.0,0.0,550.0,8.0,0.0,0.0,0.0,0.0,0.0,0.0,0.0,0.0,0.0,0.0,True,MEASURED,160
records/creatures/enemies/nemesis/nemesis_aetherialvanguard_01.dbr,LO,109,records/skills/nonplayerskillsgdx1/bossskills/nemesis/aetherialvanguard_aethermissileinversenova.dbr,Skill_AttackProjectileRing,28,0,MEASURED-RANK,skillName-slot,False,69.0,0.0,0.0,scalar,0.0,0.0,scalar,0.0,0.0,scalar,0.0,0.0,n/a,0.0,0.0,n/a,0.0,0.0,scalar,0.0,0.0,scalar,1608.0,1608.0,IN-RANGE,0.0,0.0,n/a,15.0,15.0,scalar,0.0,0.0,0.0,0.0,0.0,0.0,0.0,0.0,0.0,0.0,0.0,0.0,0.0,0.0,True,MEASURED,160
records/creatures/enemies/nemesis/nemesis_aetherialvanguard_01.dbr,LO,109,records/skills/nonplayerskillsgdx1/bossskills/nemesis/aetherialvanguard_arcanemissilenova.dbr,Skill_AttackProjectileRing,28,0,MEASURED-RANK,skillName-slot,False,69.0,0.0,0.0,scalar,0.0,0.0,scalar,0.0,0.0,scalar,0.0,0.0,n/a,0.0,0.0,n/a,0.0,0.0,scalar,0.0,0.0,scalar,0.0,0.0,n/a,0.0,0.0,n/a,0.0,0.0,n/a,0.0,0.0,0.0,0.0,0.0,0.0,0.0,0.0,0.0,0.0,0.0,0.0,0.0,0.0,False,DECODED-ZERO-DAMAGE,160
records/creatures/enemies/nemesis/nemesis_aetherialvanguard_01.dbr,LO,109,records/skills/nonplayerskillsgdx1/bossskills/nemesis/aetherialvanguard_passiveproperties.dbr,Skill_Passive,28,0,MEASURED-RANK,skillName-slot,False,69.0,0.0,0.0,scalar,0.0,0.0,scalar,0.0,0.0,scalar,0.0,0.0,scalar,0.0,0.0,n/a,0.0,0.0,n/a,0.0,0.0,n/a,256.0,256.0,IN-RANGE,0.0,0.0,n/a,0.0,0.0,scalar,0.0,0.0,0.0,0.0,0.0,0.0,0.0,0.0,0.0,0.0,0.0,0.0,0.0,0.0,True,MEASURED,160
records/creatures/enemies/nemesis/nemesis_aetherialvanguard_01.dbr,LO,109,records/skills/nonplayerskillsgdx1/bossskills/nemesis/aetherialvanguard_summonshard.dbr,Skill_SpawnPetMonster,28,0,MEASURED-RANK,skillName-slot,False,69.0,0.0,0.0,n/a,0.0,0.0,n/a,0.0,0.0,n/a,0.0,0.0,n/a,0.0,0.0,n/a,0.0,0.0,n/a,0.0,0.0,n/a,0.0,0.0,n/a,0.0,0.0,n/a,0.0,0.0,n/a,0.0,0.0,0.0,0.0,0.0,0.0,0.0,0.0,0.0,0.0,0.0,0.0,0.0,0.0,False,DECODED-ZERO-DAMAGE,160
records/creatures/enemies/nemesis/nemesis_aetherialvanguard_01.dbr,LO,109,(creature record),Monster,1,-1,MEASURED-RECORD,creature-own-fields,False,69.0,0.0,0.0,,0.0,0.0,,0.0,0.0,,0.0,0.0,,0.0,0.0,,0.0,0.0,,0.0,0.0,,0.0,0.0,,0.0,0.0,,0.0,0.0,,0.0,0.0,0.0,0.0,0.0,0.0,0.0,0.0,0.0,0.0,0.0,0.0,0.0,0.0,False,DECODED-ZERO-DAMAGE,160
records/creatures/enemies/nemesis/nemesis_aetherialvanguard_01.dbr,HI,109,records/skills/nonplayerskills/bossskills/nemesis/valdaran_teleportself.dbr,Skill_AttackSpellTeleportSelf,1,0,MEASURED-RANK,skillName-slot,False,69.0,0.0,0.0,n/a,0.0,0.0,n/a,0.0,0.0,n/a,0.0,0.0,n/a,0.0,0.0,n/a,0.0,0.0,n/a,0.0,0.0,n/a,0.0,0.0,n/a,0.0,0.0,n/a,0.0,0.0,n/a,0.0,0.0,0.0,0.0,0.0,0.0,0.0,0.0,0.0,0.0,0.0,0.0,0.0,0.0,False,DECODED-ZERO-DAMAGE,160
records/creatures/enemies/nemesis/nemesis_aetherialvanguard_01.dbr,HI,109,records/skills/nonplayerskills/passive/armorbase05.dbr,Skill_Passive,109,0,MEASURED-RANK,skillName-slot,False,69.0,0.0,0.0,scalar,0.0,0.0,scalar,0.0,0.0,scalar,0.0,0.0,scalar,0.0,0.0,scalar,0.0,0.0,scalar,0.0,0.0,scalar,0.0,0.0,scalar,0.0,0.0,scalar,0.0,0.0,scalar,0.0,0.0,0.0,0.0,0.0,0.0,0.0,0.0,0.0,0.0,0.0,0.0,0.0,0.0,False,DECODED-ZERO-DAMAGE,160
records/creatures/enemies/nemesis/nemesis_aetherialvanguard_01.dbr,HI,109,records/skills/nonplayerskills/passive/damage_totaladjuster.dbr,Skill_Passive,11,0,MEASURED-RANK,skillName-slot,False,69.0,0.0,0.0,scalar,0.0,0.0,scalar,0.0,0.0,scalar,0.0,0.0,scalar,0.0,0.0,scalar,0.0,0.0,scalar,0.0,0.0,scalar,0.0,0.0,scalar,0.0,0.0,scalar,0.0,0.0,scalar,0.0,0.0,0.0,0.0,0.0,0.0,0.0,0.0,0.0,0.0,0.0,0.0,0.0,0.0,False,DECODED-ZERO-DAMAGE,160
records/creatures/enemies/nemesis/nemesis_aetherialvanguard_01.dbr,HI,109,records/skills/nonplayerskills/passive/damagebase_physical06.dbr,Skill_Passive,109,0,MEASURED-RANK,skillName-slot,False,69.0,1072.0,1433.0,IN-RANGE,0.0,0.0,scalar,0.0,0.0,scalar,0.0,0.0,scalar,0.0,0.0,scalar,0.0,0.0,scalar,0.0,0.0,scalar,0.0,0.0,scalar,0.0,0.0,scalar,0.0,0.0,scalar,0.0,0.0,0.0,0.0,0.0,0.0,0.0,0.0,0.0,0.0,0.0,0.0,0.0,0.0,True,MEASURED,160
records/creatures/enemies/nemesis/nemesis_aetherialvanguard_01.dbr,HI,109,records/skills/nonplayerskills/passive/resists_heroboss.dbr,Skill_Passive,5,0,MEASURED-RANK,skillName-slot,False,69.0,0.0,0.0,scalar,0.0,0.0,scalar,0.0,0.0,scalar,0.0,0.0,scalar,0.0,0.0,scalar,0.0,0.0,scalar,0.0,0.0,scalar,0.0,0.0,scalar,0.0,0.0,scalar,0.0,0.0,scalar,0.0,0.0,0.0,0.0,0.0,0.0,0.0,0.0,0.0,0.0,0.0,0.0,0.0,0.0,False,DECODED-ZERO-DAMAGE,160
records/creatures/enemies/nemesis/nemesis_aetherialvanguard_01.dbr,HI,109,records/skills/nonplayerskillsgdx1/bossskills/nemesis/aetherialvanguard_aetherbreath.dbr,Skill_AttackWave,28,0,MEASURED-RANK,skillName-slot,True,69.0,0.0,0.0,n/a,0.0,0.0,scalar,864.0,864.0,IN-RANGE,0.0,0.0,scalar,0.0,0.0,scalar,0.0,0.0,scalar,0.0,0.0,scalar,720.0,720.0,IN-RANGE,0.0,0.0,scalar,0.0,0.0,scalar,0.0,0.0,230.0,5.0,0.0,0.0,0.0,0.0,0.0,0.0,0.0,0.0,0.0,0.0,True,MEASURED,160
records/creatures/enemies/nemesis/nemesis_aetherialvanguard_01.dbr,HI,109,records/skills/nonplayerskillsgdx1/bossskills/nemesis/aetherialvanguard_aethermeteor.dbr,Skill_AttackProjectileDrop,28,0,MEASURED-RANK,skillName-slot,False,69.0,2305.0,2305.0,IN-RANGE,0.0,0.0,scalar,0.0,0.0,n/a,0.0,0.0,n/a,0.0,0.0,n/a,0.0,0.0,scalar,0.0,0.0,n/a,2205.0,2205.0,IN-RANGE,0.0,0.0,n/a,0.0,0.0,scalar,0.0,0.0,550.0,8.0,0.0,0.0,0.0,0.0,0.0,0.0,0.0,0.0,0.0,0.0,True,MEASURED,160
records/creatures/enemies/nemesis/nemesis_aetherialvanguard_01.dbr,HI,109,records/skills/nonplayerskillsgdx1/bossskills/nemesis/aetherialvanguard_aethermissileinversenova.dbr,Skill_AttackProjectileRing,28,0,MEASURED-RANK,skillName-slot,False,69.0,0.0,0.0,scalar,0.0,0.0,scalar,0.0,0.0,scalar,0.0,0.0,n/a,0.0,0.0,n/a,0.0,0.0,scalar,0.0,0.0,scalar,1608.0,1608.0,IN-RANGE,0.0,0.0,n/a,15.0,15.0,scalar,0.0,0.0,0.0,0.0,0.0,0.0,0.0,0.0,0.0,0.0,0.0,0.0,0.0,0.0,True,MEASURED,160
records/creatures/enemies/nemesis/nemesis_aetherialvanguard_01.dbr,HI,109,records/skills/nonplayerskillsgdx1/bossskills/nemesis/aetherialvanguard_arcanemissilenova.dbr,Skill_AttackProjectileRing,28,0,MEASURED-RANK,skillName-slot,False,69.0,0.0,0.0,scalar,0.0,0.0,scalar,0.0,0.0,scalar,0.0,0.0,n/a,0.0,0.0,n/a,0.0,0.0,scalar,0.0,0.0,scalar,0.0,0.0,n/a,0.0,0.0,n/a,0.0,0.0,n/a,0.0,0.0,0.0,0.0,0.0,0.0,0.0,0.0,0.0,0.0,0.0,0.0,0.0,0.0,False,DECODED-ZERO-DAMAGE,160
records/creatures/enemies/nemesis/nemesis_aetherialvanguard_01.dbr,HI,109,records/skills/nonplayerskillsgdx1/bossskills/nemesis/aetherialvanguard_passiveproperties.dbr,Skill_Passive,28,0,MEASURED-RANK,skillName-slot,False,69.0,0.0,0.0,scalar,0.0,0.0,scalar,0.0,0.0,scalar,0.0,0.0,scalar,0.0,0.0,n/a,0.0,0.0,n/a,0.0,0.0,n/a,256.0,256.0,IN-RANGE,0.0,0.0,n/a,0.0,0.0,scalar,0.0,0.0,0.0,0.0,0.0,0.0,0.0,0.0,0.0,0.0,0.0,0.0,0.0,0.0,True,MEASURED,160
records/creatures/enemies/nemesis/nemesis_aetherialvanguard_01.dbr,HI,109,records/skills/nonplayerskillsgdx1/bossskills/nemesis/aetherialvanguard_summonshard.dbr,Skill_SpawnPetMonster,28,0,MEASURED-RANK,skillName-slot,False,69.0,0.0,0.0,n/a,0.0,0.0,n/a,0.0,0.0,n/a,0.0,0.0,n/a,0.0,0.0,n/a,0.0,0.0,n/a,0.0,0.0,n/a,0.0,0.0,n/a,0.0,0.0,n/a,0.0,0.0,n/a,0.0,0.0,0.0,0.0,0.0,0.0,0.0,0.0,0.0,0.0,0.0,0.0,0.0,0.0,False,DECODED-ZERO-DAMAGE,160
records/creatures/enemies/nemesis/nemesis_aetherialvanguard_01.dbr,HI,109,(creature record),Monster,1,-1,MEASURED-RECORD,creature-own-fields,False,69.0,0.0,0.0,,0.0,0.0,,0.0,0.0,,0.0,0.0,,0.0,0.0,,0.0,0.0,,0.0,0.0,,0.0,0.0,,0.0,0.0,,0.0,0.0,,0.0,0.0,0.0,0.0,0.0,0.0,0.0,0.0,0.0,0.0,0.0,0.0,0.0,0.0,False,DECODED-ZERO-DAMAGE,160
records/creatures/enemies/nemesis/nemesis_kymon_01.dbr,LO,109,records/skills/nonplayerskills/passive/armorbase05.dbr,Skill_Passive,109,0,MEASURED-RANK,skillName-slot,False,69.0,0.0,0.0,scalar,0.0,0.0,scalar,0.0,0.0,scalar,0.0,0.0,scalar,0.0,0.0,scalar,0.0,0.0,scalar,0.0,0.0,scalar,0.0,0.0,scalar,0.0,0.0,scalar,0.0,0.0,scalar,0.0,0.0,0.0,0.0,0.0,0.0,0.0,0.0,0.0,0.0,0.0,0.0,0.0,0.0,False,DECODED-ZERO-DAMAGE,160
records/creatures/enemies/nemesis/nemesis_kymon_01.dbr,LO,109,records/skills/nonplayerskills/passive/damage_totaladjuster.dbr,Skill_Passive,11,0,MEASURED-RANK,skillName-slot,False,69.0,0.0,0.0,scalar,0.0,0.0,scalar,0.0,0.0,scalar,0.0,0.0,scalar,0.0,0.0,scalar,0.0,0.0,scalar,0.0,0.0,scalar,0.0,0.0,scalar,0.0,0.0,scalar,0.0,0.0,scalar,0.0,0.0,0.0,0.0,0.0,0.0,0.0,0.0,0.0,0.0,0.0,0.0,0.0,0.0,False,DECODED-ZERO-DAMAGE,160
records/creatures/enemies/nemesis/nemesis_kymon_01.dbr,LO,109,records/skills/nonplayerskills/passive/damagebonus_physical05.dbr,Skill_Passive,109,0,MEASURED-RANK,skillName-slot,False,69.0,846.0,1029.0,IN-RANGE,0.0,0.0,scalar,0.0,0.0,scalar,0.0,0.0,scalar,0.0,0.0,scalar,0.0,0.0,scalar,0.0,0.0,scalar,0.0,0.0,scalar,0.0,0.0,scalar,0.0,0.0,scalar,0.0,0.0,0.0,0.0,0.0,0.0,0.0,0.0,0.0,0.0,0.0,0.0,0.0,0.0,True,MEASURED,160
records/creatures/enemies/nemesis/nemesis_kymon_01.dbr,LO,109,records/skills/nonplayerskills/passive/resists_heroboss.dbr,Skill_Passive,5,0,MEASURED-RANK,skillName-slot,False,69.0,0.0,0.0,scalar,0.0,0.0,scalar,0.0,0.0,scalar,0.0,0.0,scalar,0.0,0.0,scalar,0.0,0.0,scalar,0.0,0.0,scalar,0.0,0.0,scalar,0.0,0.0,scalar,0.0,0.0,scalar,0.0,0.0,0.0,0.0,0.0,0.0,0.0,0.0,0.0,0.0,0.0,0.0,0.0,0.0,False,DECODED-ZERO-DAMAGE,160
records/creatures/enemies/nemesis/nemesis_kymon_01.dbr,LO,109,records/skills/nonplayerskillsgdx3/bossskills/nemesis/kymon1_firestrike.dbr,Skill_WeaponPool_BasicAttack,28,0,MEASURED-RANK,skillName-slot,True,69.0,107.0,107.0,IN-RANGE,0.0,0.0,n/a,320.0,320.0,IN-RANGE,0.0,0.0,n/a,0.0,0.0,scalar,0.0,0.0,scalar,0.0,0.0,scalar,0.0,0.0,scalar,0.0,0.0,scalar,0.0,0.0,scalar,0.0,0.0,0.0,0.0,0.0,0.0,0.0,0.0,0.0,0.0,0.0,0.0,0.0,0.0,True,MEASURED,160
records/creatures/enemies/nemesis/nemesis_kymon_01.dbr,LO,109,records/skills/nonplayerskillsgdx3/bossskills/nemesis/kymon1_hellfirebreath.dbr,Skill_AttackWave,28,0,MEASURED-RANK,skillName-slot,False,69.0,663.0,663.0,IN-RANGE,0.0,0.0,scalar,918.0,2142.0,IN-RANGE,0.0,0.0,scalar,0.0,0.0,scalar,0.0,0.0,scalar,0.0,0.0,scalar,0.0,0.0,scalar,0.0,0.0,scalar,0.0,0.0,scalar,0.0,0.0,428.0,5.0,0.0,0.0,0.0,0.0,0.0,0.0,0.0,0.0,0.0,0.0,True,MEASURED,160
records/creatures/enemies/nemesis/nemesis_kymon_01.dbr,LO,109,records/skills/nonplayerskillsgdx3/bossskills/nemesis/kymon1_hellfirecocktail.dbr,Skill_AttackProjectile,28,0,MEASURED-RANK,skillName-slot,False,69.0,744.0,744.0,IN-RANGE,0.0,0.0,scalar,1201.0,1201.0,IN-RANGE,0.0,0.0,scalar,0.0,0.0,scalar,0.0,0.0,scalar,0.0,0.0,scalar,0.0,0.0,scalar,901.0,901.0,IN-RANGE,0.0,0.0,scalar,0.0,0.0,0.0,0.0,0.0,0.0,0.0,0.0,0.0,0.0,0.0,0.0,0.0,0.0,True,MEASURED,160
records/creatures/enemies/nemesis/nemesis_kymon_01.dbr,LO,109,records/skills/nonplayerskillsgdx3/bossskills/nemesis/kymon1_hellfiresecondary.dbr,Skill_AttackBuff,28,0,MEASURED-RANK,skillName-slot,False,69.0,0.0,0.0,n/a,0.0,0.0,n/a,0.0,0.0,n/a,0.0,0.0,n/a,0.0,0.0,n/a,0.0,0.0,n/a,0.0,0.0,n/a,0.0,0.0,n/a,0.0,0.0,n/a,0.0,0.0,n/a,0.0,0.0,0.0,0.0,0.0,0.0,0.0,0.0,0.0,0.0,0.0,0.0,0.0,0.0,False,DECODED-ZERO-DAMAGE,160
records/creatures/enemies/nemesis/nemesis_kymon_01.dbr,LO,109,records/skills/nonplayerskillsgdx3/bossskills/nemesis/kymon1_hellfiresecondary_buff.dbr,SkillBuff_Debuf,28,1,DERIVED-INHERITED-RANK,buffSkillName,False,69.0,0.0,0.0,scalar,0.0,0.0,scalar,433.0,433.0,IN-RANGE,0.0,0.0,scalar,0.0,0.0,scalar,0.0,0.0,scalar,0.0,0.0,scalar,0.0,0.0,n/a,0.0,0.0,n/a,0.0,0.0,n/a,0.0,0.0,0.0,0.0,0.0,0.0,0.0,0.0,0.0,0.0,0.0,0.0,0.0,0.0,True,MEASURED,160
records/creatures/enemies/nemesis/nemesis_kymon_01.dbr,LO,109,records/skills/nonplayerskillsgdx3/bossskills/nemesis/kymon1_meteor.dbr,Skill_AttackProjectileDrop,28,0,MEASURED-RANK,skillName-slot,False,69.0,2305.0,2305.0,IN-RANGE,0.0,0.0,scalar,2205.0,2205.0,IN-RANGE,0.0,0.0,n/a,0.0,0.0,n/a,0.0,0.0,scalar,0.0,0.0,n/a,0.0,0.0,n/a,1102.0,1102.0,IN-RANGE,0.0,0.0,scalar,0.0,0.0,0.0,0.0,0.0,0.0,0.0,0.0,0.0,0.0,0.0,0.0,0.0,0.0,True,MEASURED,160
records/creatures/enemies/nemesis/nemesis_kymon_01.dbr,LO,109,records/skills/nonplayerskillsgdx3/bossskills/nemesis/kymon1_passiveproperties.dbr,Skill_Passive,1,0,MEASURED-RANK,skillName-slot,False,69.0,0.0,0.0,n/a,0.0,0.0,scalar,0.0,0.0,n/a,0.0,0.0,scalar,0.0,0.0,n/a,0.0,0.0,n/a,0.0,0.0,scalar,0.0,0.0,n/a,0.0,0.0,n/a,0.0,0.0,scalar,0.0,0.0,0.0,0.0,0.0,0.0,0.0,0.0,0.0,0.0,0.0,0.0,0.0,0.0,False,DECODED-ZERO-DAMAGE,160
records/creatures/enemies/nemesis/nemesis_kymon_01.dbr,LO,109,records/skills/nonplayerskillsgdx3/bossskills/nemesis/kymon1_pneumabreath.dbr,Skill_BuffSelfDuration,28,0,MEASURED-RANK,skillName-slot,False,69.0,0.0,0.0,scalar,0.0,0.0,n/a,0.0,0.0,scalar,0.0,0.0,n/a,0.0,0.0,scalar,0.0,0.0,scalar,0.0,0.0,scalar,0.0,0.0,scalar,0.0,0.0,scalar,0.0,0.0,scalar,0.0,0.0,0.0,0.0,0.0,0.0,0.0,0.0,0.0,0.0,0.0,0.0,0.0,0.0,False,DECODED-ZERO-DAMAGE,160
records/creatures/enemies/nemesis/nemesis_kymon_01.dbr,LO,109,records/skills/nonplayerskillsgdx3/bossskills/nemesis/kymon1_wpattack1.dbr,Skill_WPAttack_BasicAttack,28,0,MEASURED-RANK,skillName-slot,False,69.0,768.0,768.0,IN-RANGE,0.0,0.0,n/a,884.0,884.0,IN-RANGE,0.0,0.0,scalar,0.0,0.0,scalar,0.0,0.0,scalar,0.0,0.0,scalar,0.0,0.0,scalar,0.0,0.0,n/a,0.0,0.0,scalar,0.0,0.0,0.0,0.0,0.0,0.0,0.0,0.0,0.0,0.0,0.0,0.0,0.0,0.0,True,MEASURED,160
records/creatures/enemies/nemesis/nemesis_kymon_01.dbr,LO,109,records/skills/nonplayerskillsgdx3/bossskills/nemesis/kymon1_wpattack2.dbr,Skill_WPAttack_BasicAttack,28,0,MEASURED-RANK,skillName-slot,False,69.0,768.0,768.0,IN-RANGE,0.0,0.0,n/a,884.0,884.0,IN-RANGE,0.0,0.0,scalar,0.0,0.0,scalar,0.0,0.0,scalar,0.0,0.0,scalar,0.0,0.0,n/a,0.0,0.0,n/a,0.0,0.0,scalar,0.0,0.0,0.0,0.0,0.0,0.0,0.0,0.0,0.0,0.0,0.0,0.0,0.0,0.0,True,MEASURED,160
records/creatures/enemies/nemesis/nemesis_kymon_01.dbr,LO,109,records/skills/nonplayerskillsgdx3/bossskills/nemesis/kymon1_wpattack3.dbr,Skill_WPAttack_AttackWave,28,0,MEASURED-RANK,skillName-slot,False,69.0,770.0,770.0,IN-RANGE,0.0,0.0,n/a,884.0,884.0,IN-RANGE,0.0,0.0,n/a,0.0,0.0,scalar,0.0,0.0,scalar,0.0,0.0,n/a,0.0,0.0,n/a,0.0,0.0,n/a,0.0,0.0,n/a,0.0,0.0,0.0,0.0,0.0,0.0,0.0,0.0,0.0,0.0,0.0,0.0,0.0,0.0,True,MEASURED,160
records/creatures/enemies/nemesis/nemesis_kymon_01.dbr,LO,109,(creature record),Monster,1,-1,MEASURED-RECORD,creature-own-fields,False,69.0,0.0,0.0,,0.0,0.0,,0.0,0.0,,0.0,0.0,,0.0,0.0,,0.0,0.0,,0.0,0.0,,0.0,0.0,,0.0,0.0,,0.0,0.0,,0.0,0.0,0.0,0.0,0.0,0.0,0.0,0.0,0.0,0.0,0.0,0.0,0.0,0.0,False,DECODED-ZERO-DAMAGE,160
records/creatures/enemies/nemesis/nemesis_kymon_01.dbr,HI,109,records/skills/nonplayerskills/passive/armorbase05.dbr,Skill_Passive,109,0,MEASURED-RANK,skillName-slot,False,69.0,0.0,0.0,scalar,0.0,0.0,scalar,0.0,0.0,scalar,0.0,0.0,scalar,0.0,0.0,scalar,0.0,0.0,scalar,0.0,0.0,scalar,0.0,0.0,scalar,0.0,0.0,scalar,0.0,0.0,scalar,0.0,0.0,0.0,0.0,0.0,0.0,0.0,0.0,0.0,0.0,0.0,0.0,0.0,0.0,False,DECODED-ZERO-DAMAGE,160
records/creatures/enemies/nemesis/nemesis_kymon_01.dbr,HI,109,records/skills/nonplayerskills/passive/damage_totaladjuster.dbr,Skill_Passive,11,0,MEASURED-RANK,skillName-slot,False,69.0,0.0,0.0,scalar,0.0,0.0,scalar,0.0,0.0,scalar,0.0,0.0,scalar,0.0,0.0,scalar,0.0,0.0,scalar,0.0,0.0,scalar,0.0,0.0,scalar,0.0,0.0,scalar,0.0,0.0,scalar,0.0,0.0,0.0,0.0,0.0,0.0,0.0,0.0,0.0,0.0,0.0,0.0,0.0,0.0,False,DECODED-ZERO-DAMAGE,160
records/creatures/enemies/nemesis/nemesis_kymon_01.dbr,HI,109,records/skills/nonplayerskills/passive/damagebonus_physical05.dbr,Skill_Passive,109,0,MEASURED-RANK,skillName-slot,False,69.0,846.0,1029.0,IN-RANGE,0.0,0.0,scalar,0.0,0.0,scalar,0.0,0.0,scalar,0.0,0.0,scalar,0.0,0.0,scalar,0.0,0.0,scalar,0.0,0.0,scalar,0.0,0.0,scalar,0.0,0.0,scalar,0.0,0.0,0.0,0.0,0.0,0.0,0.0,0.0,0.0,0.0,0.0,0.0,0.0,0.0,True,MEASURED,160
records/creatures/enemies/nemesis/nemesis_kymon_01.dbr,HI,109,records/skills/nonplayerskills/passive/resists_heroboss.dbr,Skill_Passive,5,0,MEASURED-RANK,skillName-slot,False,69.0,0.0,0.0,scalar,0.0,0.0,scalar,0.0,0.0,scalar,0.0,0.0,scalar,0.0,0.0,scalar,0.0,0.0,scalar,0.0,0.0,scalar,0.0,0.0,scalar,0.0,0.0,scalar,0.0,0.0,scalar,0.0,0.0,0.0,0.0,0.0,0.0,0.0,0.0,0.0,0.0,0.0,0.0,0.0,0.0,False,DECODED-ZERO-DAMAGE,160
records/creatures/enemies/nemesis/nemesis_kymon_01.dbr,HI,109,records/skills/nonplayerskillsgdx3/bossskills/nemesis/kymon1_firestrike.dbr,Skill_WeaponPool_BasicAttack,28,0,MEASURED-RANK,skillName-slot,True,69.0,107.0,107.0,IN-RANGE,0.0,0.0,n/a,320.0,320.0,IN-RANGE,0.0,0.0,n/a,0.0,0.0,scalar,0.0,0.0,scalar,0.0,0.0,scalar,0.0,0.0,scalar,0.0,0.0,scalar,0.0,0.0,scalar,0.0,0.0,0.0,0.0,0.0,0.0,0.0,0.0,0.0,0.0,0.0,0.0,0.0,0.0,True,MEASURED,160
records/creatures/enemies/nemesis/nemesis_kymon_01.dbr,HI,109,records/skills/nonplayerskillsgdx3/bossskills/nemesis/kymon1_hellfirebreath.dbr,Skill_AttackWave,28,0,MEASURED-RANK,skillName-slot,False,69.0,663.0,663.0,IN-RANGE,0.0,0.0,scalar,918.0,2142.0,IN-RANGE,0.0,0.0,scalar,0.0,0.0,scalar,0.0,0.0,scalar,0.0,0.0,scalar,0.0,0.0,scalar,0.0,0.0,scalar,0.0,0.0,scalar,0.0,0.0,428.0,5.0,0.0,0.0,0.0,0.0,0.0,0.0,0.0,0.0,0.0,0.0,True,MEASURED,160
records/creatures/enemies/nemesis/nemesis_kymon_01.dbr,HI,109,records/skills/nonplayerskillsgdx3/bossskills/nemesis/kymon1_hellfirecocktail.dbr,Skill_AttackProjectile,28,0,MEASURED-RANK,skillName-slot,False,69.0,744.0,744.0,IN-RANGE,0.0,0.0,scalar,1201.0,1201.0,IN-RANGE,0.0,0.0,scalar,0.0,0.0,scalar,0.0,0.0,scalar,0.0,0.0,scalar,0.0,0.0,scalar,901.0,901.0,IN-RANGE,0.0,0.0,scalar,0.0,0.0,0.0,0.0,0.0,0.0,0.0,0.0,0.0,0.0,0.0,0.0,0.0,0.0,True,MEASURED,160
records/creatures/enemies/nemesis/nemesis_kymon_01.dbr,HI,109,records/skills/nonplayerskillsgdx3/bossskills/nemesis/kymon1_hellfiresecondary.dbr,Skill_AttackBuff,28,0,MEASURED-RANK,skillName-slot,False,69.0,0.0,0.0,n/a,0.0,0.0,n/a,0.0,0.0,n/a,0.0,0.0,n/a,0.0,0.0,n/a,0.0,0.0,n/a,0.0,0.0,n/a,0.0,0.0,n/a,0.0,0.0,n/a,0.0,0.0,n/a,0.0,0.0,0.0,0.0,0.0,0.0,0.0,0.0,0.0,0.0,0.0,0.0,0.0,0.0,False,DECODED-ZERO-DAMAGE,160
records/creatures/enemies/nemesis/nemesis_kymon_01.dbr,HI,109,records/skills/nonplayerskillsgdx3/bossskills/nemesis/kymon1_hellfiresecondary_buff.dbr,SkillBuff_Debuf,28,1,DERIVED-INHERITED-RANK,buffSkillName,False,69.0,0.0,0.0,scalar,0.0,0.0,scalar,433.0,433.0,IN-RANGE,0.0,0.0,scalar,0.0,0.0,scalar,0.0,0.0,scalar,0.0,0.0,scalar,0.0,0.0,n/a,0.0,0.0,n/a,0.0,0.0,n/a,0.0,0.0,0.0,0.0,0.0,0.0,0.0,0.0,0.0,0.0,0.0,0.0,0.0,0.0,True,MEASURED,160
records/creatures/enemies/nemesis/nemesis_kymon_01.dbr,HI,109,records/skills/nonplayerskillsgdx3/bossskills/nemesis/kymon1_meteor.dbr,Skill_AttackProjectileDrop,28,0,MEASURED-RANK,skillName-slot,False,69.0,2305.0,2305.0,IN-RANGE,0.0,0.0,scalar,2205.0,2205.0,IN-RANGE,0.0,0.0,n/a,0.0,0.0,n/a,0.0,0.0,scalar,0.0,0.0,n/a,0.0,0.0,n/a,1102.0,1102.0,IN-RANGE,0.0,0.0,scalar,0.0,0.0,0.0,0.0,0.0,0.0,0.0,0.0,0.0,0.0,0.0,0.0,0.0,0.0,True,MEASURED,160
records/creatures/enemies/nemesis/nemesis_kymon_01.dbr,HI,109,records/skills/nonplayerskillsgdx3/bossskills/nemesis/kymon1_passiveproperties.dbr,Skill_Passive,1,0,MEASURED-RANK,skillName-slot,False,69.0,0.0,0.0,n/a,0.0,0.0,scalar,0.0,0.0,n/a,0.0,0.0,scalar,0.0,0.0,n/a,0.0,0.0,n/a,0.0,0.0,scalar,0.0,0.0,n/a,0.0,0.0,n/a,0.0,0.0,scalar,0.0,0.0,0.0,0.0,0.0,0.0,0.0,0.0,0.0,0.0,0.0,0.0,0.0,0.0,False,DECODED-ZERO-DAMAGE,160
records/creatures/enemies/nemesis/nemesis_kymon_01.dbr,HI,109,records/skills/nonplayerskillsgdx3/bossskills/nemesis/kymon1_pneumabreath.dbr,Skill_BuffSelfDuration,28,0,MEASURED-RANK,skillName-slot,False,69.0,0.0,0.0,scalar,0.0,0.0,n/a,0.0,0.0,scalar,0.0,0.0,n/a,0.0,0.0,scalar,0.0,0.0,scalar,0.0,0.0,scalar,0.0,0.0,scalar,0.0,0.0,scalar,0.0,0.0,scalar,0.0,0.0,0.0,0.0,0.0,0.0,0.0,0.0,0.0,0.0,0.0,0.0,0.0,0.0,False,DECODED-ZERO-DAMAGE,160
records/creatures/enemies/nemesis/nemesis_kymon_01.dbr,HI,109,records/skills/nonplayerskillsgdx3/bossskills/nemesis/kymon1_wpattack1.dbr,Skill_WPAttack_BasicAttack,28,0,MEASURED-RANK,skillName-slot,False,69.0,768.0,768.0,IN-RANGE,0.0,0.0,n/a,884.0,884.0,IN-RANGE,0.0,0.0,scalar,0.0,0.0,scalar,0.0,0.0,scalar,0.0,0.0,scalar,0.0,0.0,scalar,0.0,0.0,n/a,0.0,0.0,scalar,0.0,0.0,0.0,0.0,0.0,0.0,0.0,0.0,0.0,0.0,0.0,0.0,0.0,0.0,True,MEASURED,160
records/creatures/enemies/nemesis/nemesis_kymon_01.dbr,HI,109,records/skills/nonplayerskillsgdx3/bossskills/nemesis/kymon1_wpattack2.dbr,Skill_WPAttack_BasicAttack,28,0,MEASURED-RANK,skillName-slot,False,69.0,768.0,768.0,IN-RANGE,0.0,0.0,n/a,884.0,884.0,IN-RANGE,0.0,0.0,scalar,0.0,0.0,scalar,0.0,0.0,scalar,0.0,0.0,scalar,0.0,0.0,n/a,0.0,0.0,n/a,0.0,0.0,scalar,0.0,0.0,0.0,0.0,0.0,0.0,0.0,0.0,0.0,0.0,0.0,0.0,0.0,0.0,True,MEASURED,160
records/creatures/enemies/nemesis/nemesis_kymon_01.dbr,HI,109,records/skills/nonplayerskillsgdx3/bossskills/nemesis/kymon1_wpattack3.dbr,Skill_WPAttack_AttackWave,28,0,MEASURED-RANK,skillName-slot,False,69.0,770.0,770.0,IN-RANGE,0.0,0.0,n/a,884.0,884.0,IN-RANGE,0.0,0.0,n/a,0.0,0.0,scalar,0.0,0.0,scalar,0.0,0.0,n/a,0.0,0.0,n/a,0.0,0.0,n/a,0.0,0.0,n/a,0.0,0.0,0.0,0.0,0.0,0.0,0.0,0.0,0.0,0.0,0.0,0.0,0.0,0.0,True,MEASURED,160
records/creatures/enemies/nemesis/nemesis_kymon_01.dbr,HI,109,(creature record),Monster,1,-1,MEASURED-RECORD,creature-own-fields,False,69.0,0.0,0.0,,0.0,0.0,,0.0,0.0,,0.0,0.0,,0.0,0.0,,0.0,0.0,,0.0,0.0,,0.0,0.0,,0.0,0.0,,0.0,0.0,,0.0,0.0,0.0,0.0,0.0,0.0,0.0,0.0,0.0,0.0,0.0,0.0,0.0,0.0,False,DECODED-ZERO-DAMAGE,160
records/creatures/enemies/nemesis/nemesis_wendigo_01.dbr,LO,109,records/skills/nonplayerskills/passive/armorbase05.dbr,Skill_Passive,109,0,MEASURED-RANK,skillName-slot,False,109.0,0.0,0.0,scalar,0.0,0.0,scalar,0.0,0.0,scalar,0.0,0.0,scalar,0.0,0.0,scalar,0.0,0.0,scalar,0.0,0.0,scalar,0.0,0.0,scalar,0.0,0.0,scalar,0.0,0.0,scalar,0.0,0.0,0.0,0.0,0.0,0.0,0.0,0.0,0.0,0.0,0.0,0.0,0.0,0.0,False,DECODED-ZERO-DAMAGE,160
records/creatures/enemies/nemesis/nemesis_wendigo_01.dbr,LO,109,records/skills/nonplayerskills/passive/damage_totaladjuster.dbr,Skill_Passive,11,0,MEASURED-RANK,skillName-slot,False,109.0,0.0,0.0,scalar,0.0,0.0,scalar,0.0,0.0,scalar,0.0,0.0,scalar,0.0,0.0,scalar,0.0,0.0,scalar,0.0,0.0,scalar,0.0,0.0,scalar,0.0,0.0,scalar,0.0,0.0,scalar,0.0,0.0,0.0,0.0,0.0,0.0,0.0,0.0,0.0,0.0,0.0,0.0,0.0,0.0,False,DECODED-ZERO-DAMAGE,160
records/creatures/enemies/nemesis/nemesis_wendigo_01.dbr,LO,109,records/skills/nonplayerskills/passive/damagebase_physical06.dbr,Skill_Passive,109,0,MEASURED-RANK,skillName-slot,False,109.0,1072.0,1433.0,IN-RANGE,0.0,0.0,scalar,0.0,0.0,scalar,0.0,0.0,scalar,0.0,0.0,scalar,0.0,0.0,scalar,0.0,0.0,scalar,0.0,0.0,scalar,0.0,0.0,scalar,0.0,0.0,scalar,0.0,0.0,0.0,0.0,0.0,0.0,0.0,0.0,0.0,0.0,0.0,0.0,0.0,0.0,True,MEASURED,160
records/creatures/enemies/nemesis/nemesis_wendigo_01.dbr,LO,109,records/skills/nonplayerskills/passive/resists_heroboss.dbr,Skill_Passive,5,0,MEASURED-RANK,skillName-slot,False,109.0,0.0,0.0,scalar,0.0,0.0,scalar,0.0,0.0,scalar,0.0,0.0,scalar,0.0,0.0,scalar,0.0,0.0,scalar,0.0,0.0,scalar,0.0,0.0,scalar,0.0,0.0,scalar,0.0,0.0,scalar,0.0,0.0,0.0,0.0,0.0,0.0,0.0,0.0,0.0,0.0,0.0,0.0,0.0,0.0,False,DECODED-ZERO-DAMAGE,160
records/creatures/enemies/nemesis/nemesis_wendigo_01.dbr,LO,109,records/skills/nonplayerskillsgdx1/bossskills/nemesis/wendigo_bloodheal.dbr,Skill_BuffRadius,28,0,MEASURED-RANK,skillName-slot,False,109.0,0.0,0.0,n/a,0.0,0.0,n/a,0.0,0.0,n/a,0.0,0.0,n/a,0.0,0.0,n/a,0.0,0.0,n/a,0.0,0.0,n/a,0.0,0.0,n/a,0.0,0.0,n/a,0.0,0.0,n/a,0.0,0.0,0.0,0.0,0.0,0.0,0.0,0.0,0.0,0.0,0.0,0.0,0.0,0.0,False,DECODED-ZERO-DAMAGE,160
records/creatures/enemies/nemesis/nemesis_wendigo_01.dbr,LO,109,records/skills/nonplayerskillsgdx1/bossskills/nemesis/wendigo_bloodheal_buff.dbr,SkillBuff_Passive,28,1,DERIVED-INHERITED-RANK,buffSkillName,False,109.0,0.0,0.0,scalar,0.0,0.0,scalar,0.0,0.0,scalar,0.0,0.0,scalar,0.0,0.0,n/a,0.0,0.0,scalar,0.0,0.0,scalar,0.0,0.0,scalar,0.0,0.0,scalar,0.0,0.0,scalar,0.0,0.0,0.0,0.0,0.0,0.0,0.0,0.0,0.0,0.0,0.0,0.0,0.0,0.0,False,DECODED-ZERO-DAMAGE,160
records/creatures/enemies/nemesis/nemesis_wendigo_01.dbr,LO,109,records/skills/nonplayerskillsgdx1/bossskills/nemesis/wendigo_enrage.dbr,Skill_PassiveOnLifeBuffSelf,28,0,MEASURED-RANK,skillName-slot,False,109.0,0.0,0.0,scalar,0.0,0.0,scalar,0.0,0.0,scalar,0.0,0.0,scalar,0.0,0.0,scalar,0.0,0.0,scalar,0.0,0.0,scalar,0.0,0.0,scalar,0.0,0.0,scalar,0.0,0.0,scalar,0.0,0.0,0.0,0.0,0.0,0.0,0.0,0.0,0.0,0.0,0.0,0.0,0.0,0.0,False,DECODED-ZERO-DAMAGE,160
records/creatures/enemies/nemesis/nemesis_wendigo_01.dbr,LO,109,records/skills/nonplayerskillsgdx1/bossskills/nemesis/wendigo_frenzyswipes.dbr,Skill_WeaponPool_ChargedLinear,28,0,MEASURED-RANK,skillName-slot,True,109.0,0.0,0.0,scalar,0.0,0.0,scalar,0.0,0.0,scalar,0.0,0.0,scalar,0.0,0.0,scalar,0.0,0.0,scalar,0.0,0.0,scalar,0.0,0.0,n/a,0.0,0.0,scalar,0.0,0.0,n/a,0.0,0.0,0.0,0.0,0.0,0.0,0.0,0.0,0.0,0.0,0.0,0.0,0.0,0.0,False,DECODED-ZERO-DAMAGE,160
records/creatures/enemies/nemesis/nemesis_wendigo_01.dbr,LO,109,records/skills/nonplayerskillsgdx1/bossskills/nemesis/wendigo_necroticnovaboomerang.dbr,Skill_AttackProjectileRing,28,0,MEASURED-RANK,skillName-slot,False,109.0,0.0,0.0,n/a,1040.0,1040.0,IN-RANGE,0.0,0.0,scalar,0.0,0.0,n/a,0.0,0.0,scalar,0.0,0.0,n/a,1333.0,1333.0,IN-RANGE,0.0,0.0,n/a,0.0,0.0,n/a,10.0,10.0,scalar,0.0,0.0,0.0,0.0,0.0,0.0,0.0,0.0,0.0,0.0,0.0,0.0,0.0,0.0,True,MEASURED,160
records/creatures/enemies/nemesis/nemesis_wendigo_01.dbr,LO,109,records/skills/nonplayerskillsgdx1/bossskills/nemesis/wendigo_necroticnovainverse.dbr,Skill_AttackProjectileRing,28,0,MEASURED-RANK,skillName-slot,False,109.0,0.0,0.0,n/a,1249.0,1249.0,IN-RANGE,0.0,0.0,scalar,0.0,0.0,n/a,0.0,0.0,scalar,0.0,0.0,n/a,1986.0,1986.0,IN-RANGE,0.0,0.0,n/a,0.0,0.0,n/a,18.0,18.0,scalar,0.0,0.0,0.0,0.0,0.0,0.0,0.0,0.0,0.0,0.0,0.0,0.0,0.0,0.0,True,MEASURED,160
records/creatures/enemies/nemesis/nemesis_wendigo_01.dbr,LO,109,records/skills/nonplayerskillsgdx1/bossskills/nemesis/wendigo_passiveproperties.dbr,Skill_Passive,28,0,MEASURED-RANK,skillName-slot,False,109.0,0.0,0.0,scalar,0.0,0.0,scalar,0.0,0.0,scalar,0.0,0.0,scalar,0.0,0.0,n/a,0.0,0.0,n/a,256.0,256.0,IN-RANGE,0.0,0.0,n/a,0.0,0.0,n/a,0.0,0.0,scalar,0.0,0.0,0.0,0.0,0.0,0.0,0.0,0.0,0.0,0.0,0.0,0.0,0.0,0.0,True,MEASURED,160
records/creatures/enemies/nemesis/nemesis_wendigo_01.dbr,LO,109,records/skills/nonplayerskillsgdx1/bossskills/nemesis/wendigo_summonwraiths.dbr,Skill_SpawnPet,28,0,MEASURED-RANK,skillName-slot,False,109.0,0.0,0.0,n/a,0.0,0.0,n/a,0.0,0.0,n/a,0.0,0.0,n/a,0.0,0.0,n/a,0.0,0.0,n/a,0.0,0.0,n/a,0.0,0.0,n/a,0.0,0.0,n/a,0.0,0.0,n/a,0.0,0.0,0.0,0.0,0.0,0.0,0.0,0.0,0.0,0.0,0.0,0.0,0.0,0.0,False,DECODED-ZERO-DAMAGE,160
records/creatures/enemies/nemesis/nemesis_wendigo_01.dbr,LO,109,records/skills/nonplayerskillsgdx1/bossskills/nemesis/wendigo_tearflesh.dbr,Skill_AttackWeapon,28,0,MEASURED-RANK,skillName-slot,False,109.0,1364.0,1364.0,IN-RANGE,0.0,0.0,n/a,0.0,0.0,scalar,0.0,0.0,scalar,0.0,0.0,scalar,0.0,0.0,scalar,0.0,0.0,scalar,0.0,0.0,n/a,0.0,0.0,n/a,12.0,12.0,scalar,0.0,0.0,0.0,0.0,0.0,0.0,0.0,0.0,0.0,0.0,0.0,0.0,0.0,0.0,True,MEASURED,160
records/creatures/enemies/nemesis/nemesis_wendigo_01.dbr,LO,109,records/skills/nonplayerskillsgdx1/bossskills/nemesis/wendigo_wpattack01.dbr,Skill_WPAttack_BasicAttack,28,0,MEASURED-RANK,skillName-slot,False,109.0,690.0,1066.0,IN-RANGE,0.0,0.0,n/a,0.0,0.0,scalar,0.0,0.0,scalar,0.0,0.0,scalar,0.0,0.0,scalar,525.0,525.0,IN-RANGE,0.0,0.0,scalar,0.0,0.0,n/a,0.0,0.0,scalar,0.0,0.0,0.0,0.0,0.0,0.0,0.0,0.0,0.0,0.0,0.0,0.0,0.0,0.0,True,MEASURED,160
records/creatures/enemies/nemesis/nemesis_wendigo_01.dbr,LO,109,records/skills/nonplayerskillsgdx1/bossskills/nemesis/wendigo_wpattack02.dbr,Skill_WPAttack_BasicAttack,28,0,MEASURED-RANK,skillName-slot,False,109.0,518.0,518.0,IN-RANGE,0.0,0.0,n/a,0.0,0.0,scalar,0.0,0.0,scalar,0.0,0.0,scalar,0.0,0.0,scalar,525.0,525.0,IN-RANGE,0.0,0.0,n/a,0.0,0.0,n/a,0.0,0.0,n/a,0.0,0.0,0.0,0.0,0.0,0.0,0.0,0.0,0.0,0.0,0.0,0.0,0.0,0.0,True,MEASURED,160
records/creatures/enemies/nemesis/nemesis_wendigo_01.dbr,LO,109,records/skills/nonplayerskillsgdx1/bossskills/nemesis/wendigo_wpattack03.dbr,Skill_WPAttack_BasicAttack,28,0,MEASURED-RANK,skillName-slot,False,109.0,552.0,552.0,IN-RANGE,0.0,0.0,n/a,0.0,0.0,scalar,0.0,0.0,n/a,0.0,0.0,scalar,0.0,0.0,scalar,525.0,525.0,IN-RANGE,0.0,0.0,n/a,0.0,0.0,n/a,15.0,15.0,scalar,362.0,2.0,0.0,0.0,0.0,0.0,0.0,0.0,0.0,0.0,0.0,0.0,0.0,0.0,True,MEASURED,160
records/creatures/enemies/nemesis/nemesis_wendigo_01.dbr,LO,109,(creature record),Monster,1,-1,MEASURED-RECORD,creature-own-fields,False,109.0,0.0,0.0,,0.0,0.0,,0.0,0.0,,0.0,0.0,,0.0,0.0,,0.0,0.0,,0.0,0.0,,0.0,0.0,,0.0,0.0,,0.0,0.0,,0.0,0.0,0.0,0.0,0.0,0.0,0.0,0.0,0.0,0.0,0.0,0.0,0.0,0.0,False,DECODED-ZERO-DAMAGE,160
records/creatures/enemies/nemesis/nemesis_wendigo_01.dbr,HI,109,records/skills/nonplayerskills/passive/armorbase05.dbr,Skill_Passive,109,0,MEASURED-RANK,skillName-slot,False,109.0,0.0,0.0,scalar,0.0,0.0,scalar,0.0,0.0,scalar,0.0,0.0,scalar,0.0,0.0,scalar,0.0,0.0,scalar,0.0,0.0,scalar,0.0,0.0,scalar,0.0,0.0,scalar,0.0,0.0,scalar,0.0,0.0,0.0,0.0,0.0,0.0,0.0,0.0,0.0,0.0,0.0,0.0,0.0,0.0,False,DECODED-ZERO-DAMAGE,160
records/creatures/enemies/nemesis/nemesis_wendigo_01.dbr,HI,109,records/skills/nonplayerskills/passive/damage_totaladjuster.dbr,Skill_Passive,11,0,MEASURED-RANK,skillName-slot,False,109.0,0.0,0.0,scalar,0.0,0.0,scalar,0.0,0.0,scalar,0.0,0.0,scalar,0.0,0.0,scalar,0.0,0.0,scalar,0.0,0.0,scalar,0.0,0.0,scalar,0.0,0.0,scalar,0.0,0.0,scalar,0.0,0.0,0.0,0.0,0.0,0.0,0.0,0.0,0.0,0.0,0.0,0.0,0.0,0.0,False,DECODED-ZERO-DAMAGE,160
records/creatures/enemies/nemesis/nemesis_wendigo_01.dbr,HI,109,records/skills/nonplayerskills/passive/damagebase_physical06.dbr,Skill_Passive,109,0,MEASURED-RANK,skillName-slot,False,109.0,1072.0,1433.0,IN-RANGE,0.0,0.0,scalar,0.0,0.0,scalar,0.0,0.0,scalar,0.0,0.0,scalar,0.0,0.0,scalar,0.0,0.0,scalar,0.0,0.0,scalar,0.0,0.0,scalar,0.0,0.0,scalar,0.0,0.0,0.0,0.0,0.0,0.0,0.0,0.0,0.0,0.0,0.0,0.0,0.0,0.0,True,MEASURED,160
records/creatures/enemies/nemesis/nemesis_wendigo_01.dbr,HI,109,records/skills/nonplayerskills/passive/resists_heroboss.dbr,Skill_Passive,5,0,MEASURED-RANK,skillName-slot,False,109.0,0.0,0.0,scalar,0.0,0.0,scalar,0.0,0.0,scalar,0.0,0.0,scalar,0.0,0.0,scalar,0.0,0.0,scalar,0.0,0.0,scalar,0.0,0.0,scalar,0.0,0.0,scalar,0.0,0.0,scalar,0.0,0.0,0.0,0.0,0.0,0.0,0.0,0.0,0.0,0.0,0.0,0.0,0.0,0.0,False,DECODED-ZERO-DAMAGE,160
records/creatures/enemies/nemesis/nemesis_wendigo_01.dbr,HI,109,records/skills/nonplayerskillsgdx1/bossskills/nemesis/wendigo_bloodheal.dbr,Skill_BuffRadius,28,0,MEASURED-RANK,skillName-slot,False,109.0,0.0,0.0,n/a,0.0,0.0,n/a,0.0,0.0,n/a,0.0,0.0,n/a,0.0,0.0,n/a,0.0,0.0,n/a,0.0,0.0,n/a,0.0,0.0,n/a,0.0,0.0,n/a,0.0,0.0,n/a,0.0,0.0,0.0,0.0,0.0,0.0,0.0,0.0,0.0,0.0,0.0,0.0,0.0,0.0,False,DECODED-ZERO-DAMAGE,160
records/creatures/enemies/nemesis/nemesis_wendigo_01.dbr,HI,109,records/skills/nonplayerskillsgdx1/bossskills/nemesis/wendigo_bloodheal_buff.dbr,SkillBuff_Passive,28,1,DERIVED-INHERITED-RANK,buffSkillName,False,109.0,0.0,0.0,scalar,0.0,0.0,scalar,0.0,0.0,scalar,0.0,0.0,scalar,0.0,0.0,n/a,0.0,0.0,scalar,0.0,0.0,scalar,0.0,0.0,scalar,0.0,0.0,scalar,0.0,0.0,scalar,0.0,0.0,0.0,0.0,0.0,0.0,0.0,0.0,0.0,0.0,0.0,0.0,0.0,0.0,False,DECODED-ZERO-DAMAGE,160
records/creatures/enemies/nemesis/nemesis_wendigo_01.dbr,HI,109,records/skills/nonplayerskillsgdx1/bossskills/nemesis/wendigo_enrage.dbr,Skill_PassiveOnLifeBuffSelf,28,0,MEASURED-RANK,skillName-slot,False,109.0,0.0,0.0,scalar,0.0,0.0,scalar,0.0,0.0,scalar,0.0,0.0,scalar,0.0,0.0,scalar,0.0,0.0,scalar,0.0,0.0,scalar,0.0,0.0,scalar,0.0,0.0,scalar,0.0,0.0,scalar,0.0,0.0,0.0,0.0,0.0,0.0,0.0,0.0,0.0,0.0,0.0,0.0,0.0,0.0,False,DECODED-ZERO-DAMAGE,160
records/creatures/enemies/nemesis/nemesis_wendigo_01.dbr,HI,109,records/skills/nonplayerskillsgdx1/bossskills/nemesis/wendigo_frenzyswipes.dbr,Skill_WeaponPool_ChargedLinear,28,0,MEASURED-RANK,skillName-slot,True,109.0,0.0,0.0,scalar,0.0,0.0,scalar,0.0,0.0,scalar,0.0,0.0,scalar,0.0,0.0,scalar,0.0,0.0,scalar,0.0,0.0,scalar,0.0,0.0,n/a,0.0,0.0,scalar,0.0,0.0,n/a,0.0,0.0,0.0,0.0,0.0,0.0,0.0,0.0,0.0,0.0,0.0,0.0,0.0,0.0,False,DECODED-ZERO-DAMAGE,160
records/creatures/enemies/nemesis/nemesis_wendigo_01.dbr,HI,109,records/skills/nonplayerskillsgdx1/bossskills/nemesis/wendigo_necroticnovaboomerang.dbr,Skill_AttackProjectileRing,28,0,MEASURED-RANK,skillName-slot,False,109.0,0.0,0.0,n/a,1040.0,1040.0,IN-RANGE,0.0,0.0,scalar,0.0,0.0,n/a,0.0,0.0,scalar,0.0,0.0,n/a,1333.0,1333.0,IN-RANGE,0.0,0.0,n/a,0.0,0.0,n/a,10.0,10.0,scalar,0.0,0.0,0.0,0.0,0.0,0.0,0.0,0.0,0.0,0.0,0.0,0.0,0.0,0.0,True,MEASURED,160
records/creatures/enemies/nemesis/nemesis_wendigo_01.dbr,HI,109,records/skills/nonplayerskillsgdx1/bossskills/nemesis/wendigo_necroticnovainverse.dbr,Skill_AttackProjectileRing,28,0,MEASURED-RANK,skillName-slot,False,109.0,0.0,0.0,n/a,1249.0,1249.0,IN-RANGE,0.0,0.0,scalar,0.0,0.0,n/a,0.0,0.0,scalar,0.0,0.0,n/a,1986.0,1986.0,IN-RANGE,0.0,0.0,n/a,0.0,0.0,n/a,18.0,18.0,scalar,0.0,0.0,0.0,0.0,0.0,0.0,0.0,0.0,0.0,0.0,0.0,0.0,0.0,0.0,True,MEASURED,160
records/creatures/enemies/nemesis/nemesis_wendigo_01.dbr,HI,109,records/skills/nonplayerskillsgdx1/bossskills/nemesis/wendigo_passiveproperties.dbr,Skill_Passive,28,0,MEASURED-RANK,skillName-slot,False,109.0,0.0,0.0,scalar,0.0,0.0,scalar,0.0,0.0,scalar,0.0,0.0,scalar,0.0,0.0,n/a,0.0,0.0,n/a,256.0,256.0,IN-RANGE,0.0,0.0,n/a,0.0,0.0,n/a,0.0,0.0,scalar,0.0,0.0,0.0,0.0,0.0,0.0,0.0,0.0,0.0,0.0,0.0,0.0,0.0,0.0,True,MEASURED,160
records/creatures/enemies/nemesis/nemesis_wendigo_01.dbr,HI,109,records/skills/nonplayerskillsgdx1/bossskills/nemesis/wendigo_summonwraiths.dbr,Skill_SpawnPet,28,0,MEASURED-RANK,skillName-slot,False,109.0,0.0,0.0,n/a,0.0,0.0,n/a,0.0,0.0,n/a,0.0,0.0,n/a,0.0,0.0,n/a,0.0,0.0,n/a,0.0,0.0,n/a,0.0,0.0,n/a,0.0,0.0,n/a,0.0,0.0,n/a,0.0,0.0,0.0,0.0,0.0,0.0,0.0,0.0,0.0,0.0,0.0,0.0,0.0,0.0,False,DECODED-ZERO-DAMAGE,160
records/creatures/enemies/nemesis/nemesis_wendigo_01.dbr,HI,109,records/skills/nonplayerskillsgdx1/bossskills/nemesis/wendigo_tearflesh.dbr,Skill_AttackWeapon,28,0,MEASURED-RANK,skillName-slot,False,109.0,1364.0,1364.0,IN-RANGE,0.0,0.0,n/a,0.0,0.0,scalar,0.0,0.0,scalar,0.0,0.0,scalar,0.0,0.0,scalar,0.0,0.0,scalar,0.0,0.0,n/a,0.0,0.0,n/a,12.0,12.0,scalar,0.0,0.0,0.0,0.0,0.0,0.0,0.0,0.0,0.0,0.0,0.0,0.0,0.0,0.0,True,MEASURED,160
records/creatures/enemies/nemesis/nemesis_wendigo_01.dbr,HI,109,records/skills/nonplayerskillsgdx1/bossskills/nemesis/wendigo_wpattack01.dbr,Skill_WPAttack_BasicAttack,28,0,MEASURED-RANK,skillName-slot,False,109.0,690.0,1066.0,IN-RANGE,0.0,0.0,n/a,0.0,0.0,scalar,0.0,0.0,scalar,0.0,0.0,scalar,0.0,0.0,scalar,525.0,525.0,IN-RANGE,0.0,0.0,scalar,0.0,0.0,n/a,0.0,0.0,scalar,0.0,0.0,0.0,0.0,0.0,0.0,0.0,0.0,0.0,0.0,0.0,0.0,0.0,0.0,True,MEASURED,160
records/creatures/enemies/nemesis/nemesis_wendigo_01.dbr,HI,109,records/skills/nonplayerskillsgdx1/bossskills/nemesis/wendigo_wpattack02.dbr,Skill_WPAttack_BasicAttack,28,0,MEASURED-RANK,skillName-slot,False,109.0,518.0,518.0,IN-RANGE,0.0,0.0,n/a,0.0,0.0,scalar,0.0,0.0,scalar,0.0,0.0,scalar,0.0,0.0,scalar,525.0,525.0,IN-RANGE,0.0,0.0,n/a,0.0,0.0,n/a,0.0,0.0,n/a,0.0,0.0,0.0,0.0,0.0,0.0,0.0,0.0,0.0,0.0,0.0,0.0,0.0,0.0,True,MEASURED,160
records/creatures/enemies/nemesis/nemesis_wendigo_01.dbr,HI,109,records/skills/nonplayerskillsgdx1/bossskills/nemesis/wendigo_wpattack03.dbr,Skill_WPAttack_BasicAttack,28,0,MEASURED-RANK,skillName-slot,False,109.0,552.0,552.0,IN-RANGE,0.0,0.0,n/a,0.0,0.0,scalar,0.0,0.0,n/a,0.0,0.0,scalar,0.0,0.0,scalar,525.0,525.0,IN-RANGE,0.0,0.0,n/a,0.0,0.0,n/a,15.0,15.0,scalar,362.0,2.0,0.0,0.0,0.0,0.0,0.0,0.0,0.0,0.0,0.0,0.0,0.0,0.0,True,MEASURED,160
records/creatures/enemies/nemesis/nemesis_wendigo_01.dbr,HI,109,(creature record),Monster,1,-1,MEASURED-RECORD,creature-own-fields,False,109.0,0.0,0.0,,0.0,0.0,,0.0,0.0,,0.0,0.0,,0.0,0.0,,0.0,0.0,,0.0,0.0,,0.0,0.0,,0.0,0.0,,0.0,0.0,,0.0,0.0,0.0,0.0,0.0,0.0,0.0,0.0,0.0,0.0,0.0,0.0,0.0,0.0,False,DECODED-ZERO-DAMAGE,160
