wave,spawn_point,placement,counted_p06_off,type_id,type_rank,tier,type_name,record,display_name,role,e_bodies,grade
151,p01,"ring (Proxy, t=0)",True,wraith,2,T1 (80%),Wraith / Spiteful Wraith / Eldritch Spirit / Eldritch Spirit ~ Haunt,records/creatures/enemies/wraith_a01.dbr,Wraith,trash,1.6217,"INFERRED (Monte Carlo 40,000 trials over the DECODED Lap V count law + PACK v3.8 pool_member weights/limits; per-spawn-point totals match Lap V within 0.015)"
151,p01,"ring (Proxy, t=0)",True,wraith,2,T1 (80%),Wraith / Spiteful Wraith / Eldritch Spirit / Eldritch Spirit ~ Haunt,records/creatures/enemies/wraith_b01.dbr,Spiteful Wraith,trash,1.2341,"INFERRED (Monte Carlo 40,000 trials over the DECODED Lap V count law + PACK v3.8 pool_member weights/limits; per-spawn-point totals match Lap V within 0.015)"
151,p01,"ring (Proxy, t=0)",True,hero01_unarmed,6,T1 (80%),Apparition / Possessed Armor / The Sentinel / Eldritch Armor,records/creatures/enemies/ghost_a02.dbr,Apparition,trash,0.8168,"INFERRED (Monte Carlo 40,000 trials over the DECODED Lap V count law + PACK v3.8 pool_member weights/limits; per-spawn-point totals match Lap V within 0.015)"
151,p01,"ring (Proxy, t=0)",True,heroine01_unarmed,15,T1 (80%),"Apparition / Janaxia, the Betrayer / Larria, the Hexxer / Allostria, the Mindthief",records/creatures/enemies/ghost_a01.dbr,Apparition,trash,0.8142,"INFERRED (Monte Carlo 40,000 trials over the DECODED Lap V count law + PACK v3.8 pool_member weights/limits; per-spawn-point totals match Lap V within 0.015)"
151,p01,"ring (Proxy, t=0)",True,heroine01_gun2h,28,T2 (95%),Haunted Noble / Agalla Varos ~ Regenerator,records/creatures/enemies/ghost_b01.dbr,Haunted Noble,trash,0.768,"INFERRED (Monte Carlo 40,000 trials over the DECODED Lap V count law + PACK v3.8 pool_member weights/limits; per-spawn-point totals match Lap V within 0.015)"
151,p01,"ring (Proxy, t=0)",True,heroine01_sword1h,22,T2 (95%),Haunted Noble / Torraxsteria ~ Frozen / Olga Flamebearer / Ludia Bloodwhisper,records/creatures/enemies/ghost_b02.dbr,Haunted Noble,trash,0.764,"INFERRED (Monte Carlo 40,000 trials over the DECODED Lap V count law + PACK v3.8 pool_member weights/limits; per-spawn-point totals match Lap V within 0.015)"
151,p01,"ring (Proxy, t=0)",True,wraith,2,T1 (80%),Wraith / Spiteful Wraith / Eldritch Spirit / Eldritch Spirit ~ Haunt,records/creatures/enemies/wraith_c01.dbr,Ancient Wraith,trash,0.6646,"INFERRED (Monte Carlo 40,000 trials over the DECODED Lap V count law + PACK v3.8 pool_member weights/limits; per-spawn-point totals match Lap V within 0.015)"
151,p01,"ring (Proxy, t=0)",True,hero01_sword2h,29,T2 (95%),Haunted Champion / Baullos Gar ~ Electrified / Senal Thandris ~ Corrupted / Stormbane ~ Electrified,records/creatures/enemies/ghost_b04.dbr,Haunted Champion,trash,0.6589,"INFERRED (Monte Carlo 40,000 trials over the DECODED Lap V count law + PACK v3.8 pool_member weights/limits; per-spawn-point totals match Lap V within 0.015)"
151,p01,"ring (Proxy, t=0)",True,hero01_sword1h,27,T2 (95%),"Haunted Champion / Ixall, Phantom of the Korvan Wastes / Horvald Shieldbreaker / Develos Ondal",records/creatures/enemies/ghost_b03.dbr,Haunted Champion,trash,0.652,"INFERRED (Monte Carlo 40,000 trials over the DECODED Lap V count law + PACK v3.8 pool_member weights/limits; per-spawn-point totals match Lap V within 0.015)"
151,p02,"ring (Proxy, t=0)",True,wraith,2,T1 (80%),Wraith / Spiteful Wraith / Eldritch Spirit / Eldritch Spirit ~ Haunt,records/creatures/enemies/hero/wraith_h05.dbr,Tulldar Endbringer ~ Celestial,champion-hero,0.3039,"INFERRED (Monte Carlo 40,000 trials over the DECODED Lap V count law + PACK v3.8 pool_member weights/limits; per-spawn-point totals match Lap V within 0.015)"
151,p02,"ring (Proxy, t=0)",True,wendigo,8,T1 (80%),Wendigo / Reaper of the Lost / Wendigo ~ Marroweater / Wendigo ~ Flayer,records/creatures/enemies/hero/wendigo_h01.dbr,Vollarius ~ Arcane,champion-hero,0.3021,"INFERRED (Monte Carlo 40,000 trials over the DECODED Lap V count law + PACK v3.8 pool_member weights/limits; per-spawn-point totals match Lap V within 0.015)"
151,p02,"ring (Proxy, t=0)",True,wraith,2,T1 (80%),Wraith / Spiteful Wraith / Eldritch Spirit / Eldritch Spirit ~ Haunt,records/creatures/enemies/hero/wraith_h04.dbr,Sulvar the Endless Hungerer ~ Vampiric,champion-hero,0.302,"INFERRED (Monte Carlo 40,000 trials over the DECODED Lap V count law + PACK v3.8 pool_member weights/limits; per-spawn-point totals match Lap V within 0.015)"
151,p02,"ring (Proxy, t=0)",True,wendigo,8,T1 (80%),Wendigo / Reaper of the Lost / Wendigo ~ Marroweater / Wendigo ~ Flayer,records/creatures/enemies/hero/wendigo_h02.dbr,Anaxius ~ Corrupted,champion-hero,0.3014,"INFERRED (Monte Carlo 40,000 trials over the DECODED Lap V count law + PACK v3.8 pool_member weights/limits; per-spawn-point totals match Lap V within 0.015)"
151,p02,"ring (Proxy, t=0)",True,wraith,2,T1 (80%),Wraith / Spiteful Wraith / Eldritch Spirit / Eldritch Spirit ~ Haunt,records/creatures/enemies/hero/wraith_h02.dbr,Obliterus,champion-hero,0.3008,"INFERRED (Monte Carlo 40,000 trials over the DECODED Lap V count law + PACK v3.8 pool_member weights/limits; per-spawn-point totals match Lap V within 0.015)"
151,p02,"ring (Proxy, t=0)",True,wraith,2,T1 (80%),Wraith / Spiteful Wraith / Eldritch Spirit / Eldritch Spirit ~ Haunt,records/creatures/enemies/hero/wraith_h03.dbr,Tildoom ~ Timewarped,champion-hero,0.2997,"INFERRED (Monte Carlo 40,000 trials over the DECODED Lap V count law + PACK v3.8 pool_member weights/limits; per-spawn-point totals match Lap V within 0.015)"
151,p02,"ring (Proxy, t=0)",True,wendigo,8,T1 (80%),Wendigo / Reaper of the Lost / Wendigo ~ Marroweater / Wendigo ~ Flayer,records/creatures/enemies/hero/wendigo_h05.dbr,Fovarran ~ Infernal,champion-hero,0.2986,"INFERRED (Monte Carlo 40,000 trials over the DECODED Lap V count law + PACK v3.8 pool_member weights/limits; per-spawn-point totals match Lap V within 0.015)"
151,p02,"ring (Proxy, t=0)",True,wendigo,8,T1 (80%),Wendigo / Reaper of the Lost / Wendigo ~ Marroweater / Wendigo ~ Flayer,records/creatures/enemies/hero/wendigo_h04.dbr,Ravagrad ~ Unstoppable,champion-hero,0.2982,"INFERRED (Monte Carlo 40,000 trials over the DECODED Lap V count law + PACK v3.8 pool_member weights/limits; per-spawn-point totals match Lap V within 0.015)"
151,p02,"ring (Proxy, t=0)",True,wraith,2,T1 (80%),Wraith / Spiteful Wraith / Eldritch Spirit / Eldritch Spirit ~ Haunt,records/creatures/enemies/hero/wraith_h01.dbr,Arcanom the Soulthief,champion-hero,0.2977,"INFERRED (Monte Carlo 40,000 trials over the DECODED Lap V count law + PACK v3.8 pool_member weights/limits; per-spawn-point totals match Lap V within 0.015)"
151,p02,"ring (Proxy, t=0)",True,wendigo,8,T1 (80%),Wendigo / Reaper of the Lost / Wendigo ~ Marroweater / Wendigo ~ Flayer,records/creatures/enemies/hero/wendigo_h03.dbr,Waraplius ~ Timewarped,champion-hero,0.2955,"INFERRED (Monte Carlo 40,000 trials over the DECODED Lap V count law + PACK v3.8 pool_member weights/limits; per-spawn-point totals match Lap V within 0.015)"
151,p03,"ring (Proxy, t=0)",True,golemswamp_phase01,5,T1 (80%),Ugdenbog Golem / Ugdenbog Mossflinger / Jormundur ~ Diseased / Ferrosius ~ Swift,records/creatures/enemies/hero/swampgolem_h03.dbr,Jormundur ~ Diseased,champion-hero,0.604,"INFERRED (Monte Carlo 40,000 trials over the DECODED Lap V count law + PACK v3.8 pool_member weights/limits; per-spawn-point totals match Lap V within 0.015)"
151,p03,"ring (Proxy, t=0)",True,golemswamp_phase01,5,T1 (80%),Ugdenbog Golem / Ugdenbog Mossflinger / Jormundur ~ Diseased / Ferrosius ~ Swift,records/creatures/enemies/hero/swampgolem_h01.dbr,Ferrosius ~ Swift,champion-hero,0.602,"INFERRED (Monte Carlo 40,000 trials over the DECODED Lap V count law + PACK v3.8 pool_member weights/limits; per-spawn-point totals match Lap V within 0.015)"
151,p03,"ring (Proxy, t=0)",True,golemswamp_phase01,5,T1 (80%),Ugdenbog Golem / Ugdenbog Mossflinger / Jormundur ~ Diseased / Ferrosius ~ Swift,records/creatures/enemies/hero/swampgolem_h05.dbr,Frulgar ~ Infernal,champion-hero,0.6011,"INFERRED (Monte Carlo 40,000 trials over the DECODED Lap V count law + PACK v3.8 pool_member weights/limits; per-spawn-point totals match Lap V within 0.015)"
151,p03,"ring (Proxy, t=0)",True,golemswamp_phase01,5,T1 (80%),Ugdenbog Golem / Ugdenbog Mossflinger / Jormundur ~ Diseased / Ferrosius ~ Swift,records/creatures/enemies/hero/swampgolem_h02.dbr,Titanius Steelskin ~ Defender,champion-hero,0.5969,"INFERRED (Monte Carlo 40,000 trials over the DECODED Lap V count law + PACK v3.8 pool_member weights/limits; per-spawn-point totals match Lap V within 0.015)"
151,p03,"ring (Proxy, t=0)",True,golemswamp_phase01,5,T1 (80%),Ugdenbog Golem / Ugdenbog Mossflinger / Jormundur ~ Diseased / Ferrosius ~ Swift,records/creatures/enemies/hero/swampgolem_h04.dbr,Garrl ~ Voidtouched,champion-hero,0.596,"INFERRED (Monte Carlo 40,000 trials over the DECODED Lap V count law + PACK v3.8 pool_member weights/limits; per-spawn-point totals match Lap V within 0.015)"
151,p04,"ring (Proxy, t=0)",True,wraith,2,T1 (80%),Wraith / Spiteful Wraith / Eldritch Spirit / Eldritch Spirit ~ Haunt,records/creatures/enemies/wraith_a01.dbr,Wraith,trash,1.6077,"INFERRED (Monte Carlo 40,000 trials over the DECODED Lap V count law + PACK v3.8 pool_member weights/limits; per-spawn-point totals match Lap V within 0.015)"
151,p04,"ring (Proxy, t=0)",True,wraith,2,T1 (80%),Wraith / Spiteful Wraith / Eldritch Spirit / Eldritch Spirit ~ Haunt,records/creatures/enemies/wraith_b01.dbr,Spiteful Wraith,trash,1.2351,"INFERRED (Monte Carlo 40,000 trials over the DECODED Lap V count law + PACK v3.8 pool_member weights/limits; per-spawn-point totals match Lap V within 0.015)"
151,p04,"ring (Proxy, t=0)",True,heroine01_unarmed,15,T1 (80%),"Apparition / Janaxia, the Betrayer / Larria, the Hexxer / Allostria, the Mindthief",records/creatures/enemies/ghost_a01.dbr,Apparition,trash,0.8193,"INFERRED (Monte Carlo 40,000 trials over the DECODED Lap V count law + PACK v3.8 pool_member weights/limits; per-spawn-point totals match Lap V within 0.015)"
151,p04,"ring (Proxy, t=0)",True,hero01_unarmed,6,T1 (80%),Apparition / Possessed Armor / The Sentinel / Eldritch Armor,records/creatures/enemies/ghost_a02.dbr,Apparition,trash,0.8143,"INFERRED (Monte Carlo 40,000 trials over the DECODED Lap V count law + PACK v3.8 pool_member weights/limits; per-spawn-point totals match Lap V within 0.015)"
151,p04,"ring (Proxy, t=0)",True,heroine01_gun2h,28,T2 (95%),Haunted Noble / Agalla Varos ~ Regenerator,records/creatures/enemies/ghost_b01.dbr,Haunted Noble,trash,0.7743,"INFERRED (Monte Carlo 40,000 trials over the DECODED Lap V count law + PACK v3.8 pool_member weights/limits; per-spawn-point totals match Lap V within 0.015)"
151,p04,"ring (Proxy, t=0)",True,heroine01_sword1h,22,T2 (95%),Haunted Noble / Torraxsteria ~ Frozen / Olga Flamebearer / Ludia Bloodwhisper,records/creatures/enemies/ghost_b02.dbr,Haunted Noble,trash,0.7743,"INFERRED (Monte Carlo 40,000 trials over the DECODED Lap V count law + PACK v3.8 pool_member weights/limits; per-spawn-point totals match Lap V within 0.015)"
151,p04,"ring (Proxy, t=0)",True,wraith,2,T1 (80%),Wraith / Spiteful Wraith / Eldritch Spirit / Eldritch Spirit ~ Haunt,records/creatures/enemies/wraith_c01.dbr,Ancient Wraith,trash,0.6611,"INFERRED (Monte Carlo 40,000 trials over the DECODED Lap V count law + PACK v3.8 pool_member weights/limits; per-spawn-point totals match Lap V within 0.015)"
151,p04,"ring (Proxy, t=0)",True,hero01_sword1h,27,T2 (95%),"Haunted Champion / Ixall, Phantom of the Korvan Wastes / Horvald Shieldbreaker / Develos Ondal",records/creatures/enemies/ghost_b03.dbr,Haunted Champion,trash,0.6567,"INFERRED (Monte Carlo 40,000 trials over the DECODED Lap V count law + PACK v3.8 pool_member weights/limits; per-spawn-point totals match Lap V within 0.015)"
151,p04,"ring (Proxy, t=0)",True,hero01_sword2h,29,T2 (95%),Haunted Champion / Baullos Gar ~ Electrified / Senal Thandris ~ Corrupted / Stormbane ~ Electrified,records/creatures/enemies/ghost_b04.dbr,Haunted Champion,trash,0.6563,"INFERRED (Monte Carlo 40,000 trials over the DECODED Lap V count law + PACK v3.8 pool_member weights/limits; per-spawn-point totals match Lap V within 0.015)"
151,p05,"p05 ambush (ProxyAmbush, +4.0 s, emergence clip)",True,carnivorousplant01a_p1,10,T1 (80%),Carnivorous Plant,records/creatures/enemies/livingplant_a01.dbr,Carnivorous Plant,trash,2.9383,"INFERRED (Monte Carlo 40,000 trials over the DECODED Lap V count law + PACK v3.8 pool_member weights/limits; per-spawn-point totals match Lap V within 0.015)"
151,p05,"p05 ambush (ProxyAmbush, +4.0 s, emergence clip)",True,golemswamp_phase01,5,T1 (80%),Ugdenbog Golem / Ugdenbog Mossflinger / Jormundur ~ Diseased / Ferrosius ~ Swift,records/creatures/enemies/swampgolem_a01.dbr,Ugdenbog Golem,trash,1.5585,"INFERRED (Monte Carlo 40,000 trials over the DECODED Lap V count law + PACK v3.8 pool_member weights/limits; per-spawn-point totals match Lap V within 0.015)"
152,p01,"ring (Proxy, t=0)",True,crabmonstrosity,4,T1 (80%),Ugdenbog Crab / Ugdenbog Spikeshell / Ugdenbog Stoneshell / Sparkmucker ~ Thundering,records/creatures/enemies/hero/springscrab_h01.dbr,Sparkmucker ~ Thundering,champion-hero,0.25,"INFERRED (Monte Carlo 40,000 trials over the DECODED Lap V count law + PACK v3.8 pool_member weights/limits; per-spawn-point totals match Lap V within 0.015)"
152,p01,"ring (Proxy, t=0)",True,crabmonstrosity,4,T1 (80%),Ugdenbog Crab / Ugdenbog Spikeshell / Ugdenbog Stoneshell / Sparkmucker ~ Thundering,records/creatures/enemies/hero/springscrab_h03.dbr,Frostfroth ~ Arctic,champion-hero,0.2482,"INFERRED (Monte Carlo 40,000 trials over the DECODED Lap V count law + PACK v3.8 pool_member weights/limits; per-spawn-point totals match Lap V within 0.015)"
152,p01,"ring (Proxy, t=0)",True,crabmonstrosity,4,T1 (80%),Ugdenbog Crab / Ugdenbog Spikeshell / Ugdenbog Stoneshell / Sparkmucker ~ Thundering,records/creatures/enemies/hero/springscrab_h04.dbr,Muckclaw ~ Unstoppable,champion-hero,0.2481,"INFERRED (Monte Carlo 40,000 trials over the DECODED Lap V count law + PACK v3.8 pool_member weights/limits; per-spawn-point totals match Lap V within 0.015)"
152,p01,"ring (Proxy, t=0)",True,crabmonstrosity,4,T1 (80%),Ugdenbog Crab / Ugdenbog Spikeshell / Ugdenbog Stoneshell / Sparkmucker ~ Thundering,records/creatures/enemies/hero/springscrab_h02.dbr,Magecruncher ~ Arcane,champion-hero,0.2479,"INFERRED (Monte Carlo 40,000 trials over the DECODED Lap V count law + PACK v3.8 pool_member weights/limits; per-spawn-point totals match Lap V within 0.015)"
152,p01,"ring (Proxy, t=0)",True,crabmonstrosity,4,T1 (80%),Ugdenbog Crab / Ugdenbog Spikeshell / Ugdenbog Stoneshell / Sparkmucker ~ Thundering,records/creatures/enemies/hero/ghostcrab_h02.dbr,Goll the Stormshell,champion-hero,0.2029,"INFERRED (Monte Carlo 40,000 trials over the DECODED Lap V count law + PACK v3.8 pool_member weights/limits; per-spawn-point totals match Lap V within 0.015)"
152,p01,"ring (Proxy, t=0)",True,crabmonstrosity,4,T1 (80%),Ugdenbog Crab / Ugdenbog Spikeshell / Ugdenbog Stoneshell / Sparkmucker ~ Thundering,records/creatures/enemies/hero/swampcrab_h03.dbr,Mudflinger ~ Reflective,champion-hero,0.2025,"INFERRED (Monte Carlo 40,000 trials over the DECODED Lap V count law + PACK v3.8 pool_member weights/limits; per-spawn-point totals match Lap V within 0.015)"
152,p01,"ring (Proxy, t=0)",True,crabmonstrosity,4,T1 (80%),Ugdenbog Crab / Ugdenbog Spikeshell / Ugdenbog Stoneshell / Sparkmucker ~ Thundering,records/creatures/enemies/hero/ghostcrab_h05.dbr,Emptius ~ Celestial,champion-hero,0.2022,"INFERRED (Monte Carlo 40,000 trials over the DECODED Lap V count law + PACK v3.8 pool_member weights/limits; per-spawn-point totals match Lap V within 0.015)"
152,p01,"ring (Proxy, t=0)",True,crabmonstrosity,4,T1 (80%),Ugdenbog Crab / Ugdenbog Spikeshell / Ugdenbog Stoneshell / Sparkmucker ~ Thundering,records/creatures/enemies/hero/swampcrab_h01.dbr,Iceskorn,champion-hero,0.2019,"INFERRED (Monte Carlo 40,000 trials over the DECODED Lap V count law + PACK v3.8 pool_member weights/limits; per-spawn-point totals match Lap V within 0.015)"
152,p01,"ring (Proxy, t=0)",True,crabmonstrosity,4,T1 (80%),Ugdenbog Crab / Ugdenbog Spikeshell / Ugdenbog Stoneshell / Sparkmucker ~ Thundering,records/creatures/enemies/hero/swampcrab_h05.dbr,Thornshell ~ Bramble,champion-hero,0.2014,"INFERRED (Monte Carlo 40,000 trials over the DECODED Lap V count law + PACK v3.8 pool_member weights/limits; per-spawn-point totals match Lap V within 0.015)"
152,p01,"ring (Proxy, t=0)",True,crabmonstrosity,4,T1 (80%),Ugdenbog Crab / Ugdenbog Spikeshell / Ugdenbog Stoneshell / Sparkmucker ~ Thundering,records/creatures/enemies/hero/ghostcrab_h04.dbr,Corrupshell ~ Corrupted,champion-hero,0.1995,"INFERRED (Monte Carlo 40,000 trials over the DECODED Lap V count law + PACK v3.8 pool_member weights/limits; per-spawn-point totals match Lap V within 0.015)"
152,p01,"ring (Proxy, t=0)",True,crabmonstrosity,4,T1 (80%),Ugdenbog Crab / Ugdenbog Spikeshell / Ugdenbog Stoneshell / Sparkmucker ~ Thundering,records/creatures/enemies/hero/swampcrab_h02.dbr,Vileclaw,champion-hero,0.1995,"INFERRED (Monte Carlo 40,000 trials over the DECODED Lap V count law + PACK v3.8 pool_member weights/limits; per-spawn-point totals match Lap V within 0.015)"
152,p01,"ring (Proxy, t=0)",True,crabmonstrosity,4,T1 (80%),Ugdenbog Crab / Ugdenbog Spikeshell / Ugdenbog Stoneshell / Sparkmucker ~ Thundering,records/creatures/enemies/hero/ghostcrab_h01.dbr,Foll the Burningshell,champion-hero,0.1994,"INFERRED (Monte Carlo 40,000 trials over the DECODED Lap V count law + PACK v3.8 pool_member weights/limits; per-spawn-point totals match Lap V within 0.015)"
152,p01,"ring (Proxy, t=0)",True,crabmonstrosity,4,T1 (80%),Ugdenbog Crab / Ugdenbog Spikeshell / Ugdenbog Stoneshell / Sparkmucker ~ Thundering,records/creatures/enemies/hero/ghostcrab_h03.dbr,Mudrock ~ Defender,champion-hero,0.1991,"INFERRED (Monte Carlo 40,000 trials over the DECODED Lap V count law + PACK v3.8 pool_member weights/limits; per-spawn-point totals match Lap V within 0.015)"
152,p01,"ring (Proxy, t=0)",True,crabmonstrosity,4,T1 (80%),Ugdenbog Crab / Ugdenbog Spikeshell / Ugdenbog Stoneshell / Sparkmucker ~ Thundering,records/creatures/enemies/hero/swampcrab_h04.dbr,Chaosshell ~ Voidtouched,champion-hero,0.1974,"INFERRED (Monte Carlo 40,000 trials over the DECODED Lap V count law + PACK v3.8 pool_member weights/limits; per-spawn-point totals match Lap V within 0.015)"
152,p02,"ring (Proxy, t=0)",True,thornedhorrora01,13,T1 (80%),Rimethorn Horror / Rimethorn Terror / Rimethorn Monstrosity / Everbarb ~ Reflective,records/creatures/enemies/hero/thornedhorrorfrost_h03.dbr,Everbarb ~ Reflective,champion-hero,0.379,"INFERRED (Monte Carlo 40,000 trials over the DECODED Lap V count law + PACK v3.8 pool_member weights/limits; per-spawn-point totals match Lap V within 0.015)"
152,p02,"ring (Proxy, t=0)",True,thornedhorrora01,13,T1 (80%),Rimethorn Horror / Rimethorn Terror / Rimethorn Monstrosity / Everbarb ~ Reflective,records/creatures/enemies/hero/thornedhorrorfrost_h04.dbr,Ivar the Evergrowth ~ Bramble,champion-hero,0.3785,"INFERRED (Monte Carlo 40,000 trials over the DECODED Lap V count law + PACK v3.8 pool_member weights/limits; per-spawn-point totals match Lap V within 0.015)"
152,p02,"ring (Proxy, t=0)",True,thornedhorrora01,13,T1 (80%),Rimethorn Horror / Rimethorn Terror / Rimethorn Monstrosity / Everbarb ~ Reflective,records/creatures/enemies/hero/thornedhorrorfrost_h01.dbr,Spellthorn ~ Arcane,champion-hero,0.3777,"INFERRED (Monte Carlo 40,000 trials over the DECODED Lap V count law + PACK v3.8 pool_member weights/limits; per-spawn-point totals match Lap V within 0.015)"
152,p02,"ring (Proxy, t=0)",True,thornedhorrora01,13,T1 (80%),Rimethorn Horror / Rimethorn Terror / Rimethorn Monstrosity / Everbarb ~ Reflective,records/creatures/enemies/hero/thornedhorrorfrost_h02.dbr,Stormbark ~ Thundering,champion-hero,0.3737,"INFERRED (Monte Carlo 40,000 trials over the DECODED Lap V count law + PACK v3.8 pool_member weights/limits; per-spawn-point totals match Lap V within 0.015)"
152,p02,"ring (Proxy, t=0)",True,basilisk,11,T1 (80%),Juvenile Basilisk / Venomgaze Basilisk / Stonegaze Basilisk / Stone Basilisk,records/creatures/enemies/hero/basilisk_h01.dbr,Stormslither,champion-hero,0.3008,"INFERRED (Monte Carlo 40,000 trials over the DECODED Lap V count law + PACK v3.8 pool_member weights/limits; per-spawn-point totals match Lap V within 0.015)"
152,p02,"ring (Proxy, t=0)",True,basilisk,11,T1 (80%),Juvenile Basilisk / Venomgaze Basilisk / Stonegaze Basilisk / Stone Basilisk,records/creatures/enemies/hero/basilisk_h03.dbr,Aregos ~ Corrupted,champion-hero,0.3008,"INFERRED (Monte Carlo 40,000 trials over the DECODED Lap V count law + PACK v3.8 pool_member weights/limits; per-spawn-point totals match Lap V within 0.015)"
152,p02,"ring (Proxy, t=0)",True,basilisk,11,T1 (80%),Juvenile Basilisk / Venomgaze Basilisk / Stonegaze Basilisk / Stone Basilisk,records/creatures/enemies/hero/basilisk_h02.dbr,Rotmouth,champion-hero,0.2992,"INFERRED (Monte Carlo 40,000 trials over the DECODED Lap V count law + PACK v3.8 pool_member weights/limits; per-spawn-point totals match Lap V within 0.015)"
152,p02,"ring (Proxy, t=0)",True,basilisk,11,T1 (80%),Juvenile Basilisk / Venomgaze Basilisk / Stonegaze Basilisk / Stone Basilisk,records/creatures/enemies/hero/basilisk_h05.dbr,Chillslither ~ Arctic,champion-hero,0.2971,"INFERRED (Monte Carlo 40,000 trials over the DECODED Lap V count law + PACK v3.8 pool_member weights/limits; per-spawn-point totals match Lap V within 0.015)"
152,p02,"ring (Proxy, t=0)",True,basilisk,11,T1 (80%),Juvenile Basilisk / Venomgaze Basilisk / Stonegaze Basilisk / Stone Basilisk,records/creatures/enemies/hero/basilisk_h04.dbr,Ranaxus ~ Voidtouched,champion-hero,0.2929,"INFERRED (Monte Carlo 40,000 trials over the DECODED Lap V count law + PACK v3.8 pool_member weights/limits; per-spawn-point totals match Lap V within 0.015)"
152,p03,"ring (Proxy, t=0)",True,thornedhorrora01,13,T1 (80%),Rimethorn Horror / Rimethorn Terror / Rimethorn Monstrosity / Everbarb ~ Reflective,records/creatures/enemies/thornedhorrorfrost_a01.dbr,Rimethorn Horror,trash,1.8492,"INFERRED (Monte Carlo 40,000 trials over the DECODED Lap V count law + PACK v3.8 pool_member weights/limits; per-spawn-point totals match Lap V within 0.015)"
152,p03,"ring (Proxy, t=0)",True,basilisk,11,T1 (80%),Juvenile Basilisk / Venomgaze Basilisk / Stonegaze Basilisk / Stone Basilisk,records/creatures/enemies/basilisk_a01.dbr,Juvenile Basilisk,trash,1.5453,"INFERRED (Monte Carlo 40,000 trials over the DECODED Lap V count law + PACK v3.8 pool_member weights/limits; per-spawn-point totals match Lap V within 0.015)"
152,p03,"ring (Proxy, t=0)",True,basilisk,11,T1 (80%),Juvenile Basilisk / Venomgaze Basilisk / Stonegaze Basilisk / Stone Basilisk,records/creatures/enemies/basilisk_b01.dbr,Venomgaze Basilisk,trash,1.2091,"INFERRED (Monte Carlo 40,000 trials over the DECODED Lap V count law + PACK v3.8 pool_member weights/limits; per-spawn-point totals match Lap V within 0.015)"
152,p03,"ring (Proxy, t=0)",True,thornedhorrora01,13,T1 (80%),Rimethorn Horror / Rimethorn Terror / Rimethorn Monstrosity / Everbarb ~ Reflective,records/creatures/enemies/thornedhorrorfrost_b01.dbr,Rimethorn Terror,trash,0.9211,"INFERRED (Monte Carlo 40,000 trials over the DECODED Lap V count law + PACK v3.8 pool_member weights/limits; per-spawn-point totals match Lap V within 0.015)"
152,p03,"ring (Proxy, t=0)",True,basilisk,11,T1 (80%),Juvenile Basilisk / Venomgaze Basilisk / Stonegaze Basilisk / Stone Basilisk,records/creatures/enemies/basilisk_c01.dbr,Stonegaze Basilisk,trash,0.7573,"INFERRED (Monte Carlo 40,000 trials over the DECODED Lap V count law + PACK v3.8 pool_member weights/limits; per-spawn-point totals match Lap V within 0.015)"
152,p03,"ring (Proxy, t=0)",True,thornedhorrora01,13,T1 (80%),Rimethorn Horror / Rimethorn Terror / Rimethorn Monstrosity / Everbarb ~ Reflective,records/creatures/enemies/thornedhorrorfrost_c01.dbr,Rimethorn Monstrosity,trash,0.718,"INFERRED (Monte Carlo 40,000 trials over the DECODED Lap V count law + PACK v3.8 pool_member weights/limits; per-spawn-point totals match Lap V within 0.015)"
152,p04,"ring (Proxy, t=0)",True,aetherialfleshshaper,31,T2 (95%),Fleshweaver Haraxis / Fleshshaper Hinissius / Blazragarus / Fleshweaver Krieg,records/creatures/enemies/boss&quest/aetherialfleshshaper_haraxis.dbr,Fleshweaver Haraxis,boss,0.253,"INFERRED (Monte Carlo 40,000 trials over the DECODED Lap V count law + PACK v3.8 pool_member weights/limits; per-spawn-point totals match Lap V within 0.015)"
152,p04,"ring (Proxy, t=0)",True,aetherialfleshshaper,31,T2 (95%),Fleshweaver Haraxis / Fleshshaper Hinissius / Blazragarus / Fleshweaver Krieg,records/creatures/enemies/boss&quest/aetherialfleshshaper_hinissius.dbr,Fleshshaper Hinissius ,boss,0.2504,"INFERRED (Monte Carlo 40,000 trials over the DECODED Lap V count law + PACK v3.8 pool_member weights/limits; per-spawn-point totals match Lap V within 0.015)"
152,p04,"ring (Proxy, t=0)",True,crabmonstrosity,4,T1 (80%),Ugdenbog Crab / Ugdenbog Spikeshell / Ugdenbog Stoneshell / Sparkmucker ~ Thundering,records/creatures/enemies/boss&quest/swampcrab_ugdenbog_01.dbr,Carraxus Foul,boss,0.2474,"INFERRED (Monte Carlo 40,000 trials over the DECODED Lap V count law + PACK v3.8 pool_member weights/limits; per-spawn-point totals match Lap V within 0.015)"
152,p04,"ring (Proxy, t=0)",True,aetherialfleshshaper,31,T2 (95%),Fleshweaver Haraxis / Fleshshaper Hinissius / Blazragarus / Fleshweaver Krieg,records/creatures/enemies/boss&quest/aetherial_fleshweaverkrieg.dbr,Fleshweaver Krieg,boss,0.1246,"INFERRED (Monte Carlo 40,000 trials over the DECODED Lap V count law + PACK v3.8 pool_member weights/limits; per-spawn-point totals match Lap V within 0.015)"
152,p04,"ring (Proxy, t=0)",True,aetherialfleshshaper,31,T2 (95%),Fleshweaver Haraxis / Fleshshaper Hinissius / Blazragarus / Fleshweaver Krieg,records/creatures/enemies/boss&quest/aetherial_fleshweaverkriegb.dbr,Fleshweaver Krieg,boss,0.1245,"INFERRED (Monte Carlo 40,000 trials over the DECODED Lap V count law + PACK v3.8 pool_member weights/limits; per-spawn-point totals match Lap V within 0.015)"
152,p05,"p05 ambush (ProxyAmbush, +4.0 s, emergence clip)",True,aetherialcorruption,1,T1 (80%),Fleshwarped Aberration / Fleshwarped Stormwalker / Fleshwarped Chilled One / Fleshwarped Scorcher,records/creatures/enemies/hero/aetherialcorruption_h04.dbr,Chromallus ~ Timewarped,champion-hero,0.6018,"INFERRED (Monte Carlo 40,000 trials over the DECODED Lap V count law + PACK v3.8 pool_member weights/limits; per-spawn-point totals match Lap V within 0.015)"
152,p05,"p05 ambush (ProxyAmbush, +4.0 s, emergence clip)",True,aetherialcorruption,1,T1 (80%),Fleshwarped Aberration / Fleshwarped Stormwalker / Fleshwarped Chilled One / Fleshwarped Scorcher,records/creatures/enemies/hero/aetherialcorruption_h03.dbr,Disallus ~ Diseased,champion-hero,0.6008,"INFERRED (Monte Carlo 40,000 trials over the DECODED Lap V count law + PACK v3.8 pool_member weights/limits; per-spawn-point totals match Lap V within 0.015)"
152,p05,"p05 ambush (ProxyAmbush, +4.0 s, emergence clip)",True,aetherialcorruption,1,T1 (80%),Fleshwarped Aberration / Fleshwarped Stormwalker / Fleshwarped Chilled One / Fleshwarped Scorcher,records/creatures/enemies/hero/aetherialcorruption_h01.dbr,Challdrus the Coldheart,champion-hero,0.6004,"INFERRED (Monte Carlo 40,000 trials over the DECODED Lap V count law + PACK v3.8 pool_member weights/limits; per-spawn-point totals match Lap V within 0.015)"
152,p05,"p05 ambush (ProxyAmbush, +4.0 s, emergence clip)",True,aetherialcorruption,1,T1 (80%),Fleshwarped Aberration / Fleshwarped Stormwalker / Fleshwarped Chilled One / Fleshwarped Scorcher,records/creatures/enemies/hero/aetherialcorruption_h05.dbr,Icallon ~ Arctic,champion-hero,0.6003,"INFERRED (Monte Carlo 40,000 trials over the DECODED Lap V count law + PACK v3.8 pool_member weights/limits; per-spawn-point totals match Lap V within 0.015)"
152,p05,"p05 ambush (ProxyAmbush, +4.0 s, emergence clip)",True,aetherialcorruption,1,T1 (80%),Fleshwarped Aberration / Fleshwarped Stormwalker / Fleshwarped Chilled One / Fleshwarped Scorcher,records/creatures/enemies/hero/aetherialcorruption_h02.dbr,Vanallius the Voracious,champion-hero,0.5968,"INFERRED (Monte Carlo 40,000 trials over the DECODED Lap V count law + PACK v3.8 pool_member weights/limits; per-spawn-point totals match Lap V within 0.015)"
152,p06,"p06 bonus (OFF in the oracle, V11-P06-1)",False,run_01,46,T3 (tail),Nucus'Dal / Mal'Thallon ~ Frozen / Blagal'Doth / Elegor'Dar,records/creatures/enemies/devotion/chthonianminion_h07.dbr,Shogal'Gargoth ~ Shielded,champion-hero,0.0404,"INFERRED (Monte Carlo 40,000 trials over the DECODED Lap V count law + PACK v3.8 pool_member weights/limits; per-spawn-point totals match Lap V within 0.015)"
152,p06,"p06 bonus (OFF in the oracle, V11-P06-1)",False,hero01_sword1h,27,T2 (95%),"Haunted Champion / Ixall, Phantom of the Korvan Wastes / Horvald Shieldbreaker / Develos Ondal",records/creatures/enemies/devotion/ghost_h02.dbr,Marden Thal ~ Burning,champion-hero,0.0404,"INFERRED (Monte Carlo 40,000 trials over the DECODED Lap V count law + PACK v3.8 pool_member weights/limits; per-spawn-point totals match Lap V within 0.015)"
152,p06,"p06 bonus (OFF in the oracle, V11-P06-1)",False,prawn,55,T3 (tail),"Sicrix, the Skittering ~ Voidtouched / Idricrix ~ Electrified / Direcrix / Malocrix ~ Voidtouched",records/creatures/enemies/devotion/prawncave_h02.dbr,Malocrix ~ Voidtouched,champion-hero,0.0402,"INFERRED (Monte Carlo 40,000 trials over the DECODED Lap V count law + PACK v3.8 pool_member weights/limits; per-spawn-point totals match Lap V within 0.015)"
152,p06,"p06 bonus (OFF in the oracle, V11-P06-1)",False,voidfiend,16,T1 (80%),Voidlurker Blightbearer / Voidlurker / Voidlurker Pestilence / Vom'Zul,records/creatures/enemies/devotion/chthonianfiend_h02.dbr,Udal'Thel,champion-hero,0.0401,"INFERRED (Monte Carlo 40,000 trials over the DECODED Lap V count law + PACK v3.8 pool_member weights/limits; per-spawn-point totals match Lap V within 0.015)"
152,p06,"p06 bonus (OFF in the oracle, V11-P06-1)",False,skeleton_01a,14,T1 (80%),Storm Revenant / Flame Revenant / Frost Revenant / Death Revenant,records/creatures/enemies/devotion/skeleton_h09.dbr,Elagorian Darkmarrow,champion-hero,0.04,"INFERRED (Monte Carlo 40,000 trials over the DECODED Lap V count law + PACK v3.8 pool_member weights/limits; per-spawn-point totals match Lap V within 0.015)"
152,p06,"p06 bonus (OFF in the oracle, V11-P06-1)",False,heroine01_gun2h,28,T2 (95%),Haunted Noble / Agalla Varos ~ Regenerator,records/creatures/enemies/devotion/ghost_h03.dbr,Agalla Varos ~ Regenerator,champion-hero,0.0399,"INFERRED (Monte Carlo 40,000 trials over the DECODED Lap V count law + PACK v3.8 pool_member weights/limits; per-spawn-point totals match Lap V within 0.015)"
152,p06,"p06 bonus (OFF in the oracle, V11-P06-1)",False,skeleton_01a,14,T1 (80%),Storm Revenant / Flame Revenant / Frost Revenant / Death Revenant,records/creatures/enemies/devotion/skeleton_h07.dbr,Tenethon,champion-hero,0.0399,"INFERRED (Monte Carlo 40,000 trials over the DECODED Lap V count law + PACK v3.8 pool_member weights/limits; per-spawn-point totals match Lap V within 0.015)"
152,p06,"p06 bonus (OFF in the oracle, V11-P06-1)",False,run_01,46,T3 (tail),Nucus'Dal / Mal'Thallon ~ Frozen / Blagal'Doth / Elegor'Dar,records/creatures/enemies/devotion/chthonianminion_h04.dbr,Ossius'Dar,champion-hero,0.0396,"INFERRED (Monte Carlo 40,000 trials over the DECODED Lap V count law + PACK v3.8 pool_member weights/limits; per-spawn-point totals match Lap V within 0.015)"
152,p06,"p06 bonus (OFF in the oracle, V11-P06-1)",False,voidfiend,16,T1 (80%),Voidlurker Blightbearer / Voidlurker / Voidlurker Pestilence / Vom'Zul,records/creatures/enemies/devotion/chthonianfiend_h06.dbr,Halloth'Siin,champion-hero,0.0395,"INFERRED (Monte Carlo 40,000 trials over the DECODED Lap V count law + PACK v3.8 pool_member weights/limits; per-spawn-point totals match Lap V within 0.015)"
152,p06,"p06 bonus (OFF in the oracle, V11-P06-1)",False,hero01_sword2h,29,T2 (95%),Haunted Champion / Baullos Gar ~ Electrified / Senal Thandris ~ Corrupted / Stormbane ~ Electrified,records/creatures/enemies/devotion/ghost_h05.dbr,Baullos Gar ~ Electrified,champion-hero,0.0395,"INFERRED (Monte Carlo 40,000 trials over the DECODED Lap V count law + PACK v3.8 pool_member weights/limits; per-spawn-point totals match Lap V within 0.015)"
152,p06,"p06 bonus (OFF in the oracle, V11-P06-1)",False,golembone_phase01,30,T2 (95%),"Skeletal Monstrosity / Ilgorr, the Eternal / Skeletal Gargantuan / Grum ~ Diseased",records/creatures/enemies/devotion/skeletalgolem_h02.dbr,Icesharn ~ Frozen,champion-hero,0.0394,"INFERRED (Monte Carlo 40,000 trials over the DECODED Lap V count law + PACK v3.8 pool_member weights/limits; per-spawn-point totals match Lap V within 0.015)"
152,p06,"p06 bonus (OFF in the oracle, V11-P06-1)",False,run_01,46,T3 (tail),Nucus'Dal / Mal'Thallon ~ Frozen / Blagal'Doth / Elegor'Dar,records/creatures/enemies/devotion/chthonianminion_h05.dbr,Blagal'Doth,champion-hero,0.0393,"INFERRED (Monte Carlo 40,000 trials over the DECODED Lap V count law + PACK v3.8 pool_member weights/limits; per-spawn-point totals match Lap V within 0.015)"
152,p06,"p06 bonus (OFF in the oracle, V11-P06-1)",False,slith01,44,T3 (tail),"Slathra, the Plagued / Wrallan ~ Electrified / Lunorius / Balladra Stormscion",records/creatures/enemies/devotion/slith_h05.dbr,Wrallan ~ Electrified,champion-hero,0.0393,"INFERRED (Monte Carlo 40,000 trials over the DECODED Lap V count law + PACK v3.8 pool_member weights/limits; per-spawn-point totals match Lap V within 0.015)"
152,p06,"p06 bonus (OFF in the oracle, V11-P06-1)",False,run_01,46,T3 (tail),Nucus'Dal / Mal'Thallon ~ Frozen / Blagal'Doth / Elegor'Dar,records/creatures/enemies/devotion/chthonianminion_h03.dbr,Fallim'Gargoth,champion-hero,0.0392,"INFERRED (Monte Carlo 40,000 trials over the DECODED Lap V count law + PACK v3.8 pool_member weights/limits; per-spawn-point totals match Lap V within 0.015)"
152,p06,"p06 bonus (OFF in the oracle, V11-P06-1)",False,voidfiend,16,T1 (80%),Voidlurker Blightbearer / Voidlurker / Voidlurker Pestilence / Vom'Zul,records/creatures/enemies/devotion/chthonianfiend_h03.dbr,Walloth'Dar,champion-hero,0.0391,"INFERRED (Monte Carlo 40,000 trials over the DECODED Lap V count law + PACK v3.8 pool_member weights/limits; per-spawn-point totals match Lap V within 0.015)"
152,p06,"p06 bonus (OFF in the oracle, V11-P06-1)",False,hero01_sword2h,29,T2 (95%),Haunted Champion / Baullos Gar ~ Electrified / Senal Thandris ~ Corrupted / Stormbane ~ Electrified,records/creatures/enemies/devotion/ghost_h06.dbr,Senal Thandris ~ Corrupted,champion-hero,0.0391,"INFERRED (Monte Carlo 40,000 trials over the DECODED Lap V count law + PACK v3.8 pool_member weights/limits; per-spawn-point totals match Lap V within 0.015)"
152,p06,"p06 bonus (OFF in the oracle, V11-P06-1)",False,heroine01_sword1h,22,T2 (95%),Haunted Noble / Torraxsteria ~ Frozen / Olga Flamebearer / Ludia Bloodwhisper,records/creatures/enemies/devotion/ghost_h09.dbr,Aneria Thandris,champion-hero,0.0391,"INFERRED (Monte Carlo 40,000 trials over the DECODED Lap V count law + PACK v3.8 pool_member weights/limits; per-spawn-point totals match Lap V within 0.015)"
152,p06,"p06 bonus (OFF in the oracle, V11-P06-1)",False,heroine01_sword1h,22,T2 (95%),Haunted Noble / Torraxsteria ~ Frozen / Olga Flamebearer / Ludia Bloodwhisper,records/creatures/enemies/devotion/ghost_h01.dbr,Odellia Lanos,champion-hero,0.039,"INFERRED (Monte Carlo 40,000 trials over the DECODED Lap V count law + PACK v3.8 pool_member weights/limits; per-spawn-point totals match Lap V within 0.015)"
152,p06,"p06 bonus (OFF in the oracle, V11-P06-1)",False,skeleton_01a,14,T1 (80%),Storm Revenant / Flame Revenant / Frost Revenant / Death Revenant,records/creatures/enemies/devotion/skeleton_h03.dbr,Damnoth,champion-hero,0.0389,"INFERRED (Monte Carlo 40,000 trials over the DECODED Lap V count law + PACK v3.8 pool_member weights/limits; per-spawn-point totals match Lap V within 0.015)"
152,p06,"p06 bonus (OFF in the oracle, V11-P06-1)",False,skeleton_01a,14,T1 (80%),Storm Revenant / Flame Revenant / Frost Revenant / Death Revenant,records/creatures/enemies/devotion/skeleton_h05.dbr,Vengar the Vengeful ~ Reflective,champion-hero,0.0389,"INFERRED (Monte Carlo 40,000 trials over the DECODED Lap V count law + PACK v3.8 pool_member weights/limits; per-spawn-point totals match Lap V within 0.015)"
152,p06,"p06 bonus (OFF in the oracle, V11-P06-1)",False,fleshhulk_unarmed,43,T3 (tail),"Venarius, the Backbreaker / Feseron ~ Electrified / Aethollin / Brognathar",records/creatures/enemies/devotion/fleshhulk_h04.dbr,Feseron ~ Electrified,champion-hero,0.0387,"INFERRED (Monte Carlo 40,000 trials over the DECODED Lap V count law + PACK v3.8 pool_member weights/limits; per-spawn-point totals match Lap V within 0.015)"
152,p06,"p06 bonus (OFF in the oracle, V11-P06-1)",False,golembone_phase01,30,T2 (95%),"Skeletal Monstrosity / Ilgorr, the Eternal / Skeletal Gargantuan / Grum ~ Diseased",records/creatures/enemies/devotion/skeletalgolem_h03.dbr,Flamegore ~ Burning,champion-hero,0.0387,"INFERRED (Monte Carlo 40,000 trials over the DECODED Lap V count law + PACK v3.8 pool_member weights/limits; per-spawn-point totals match Lap V within 0.015)"
152,p06,"p06 bonus (OFF in the oracle, V11-P06-1)",False,skeleton_01a,14,T1 (80%),Storm Revenant / Flame Revenant / Frost Revenant / Death Revenant,records/creatures/enemies/devotion/skeleton_h08.dbr,Alladon the Flamewatcher,champion-hero,0.0387,"INFERRED (Monte Carlo 40,000 trials over the DECODED Lap V count law + PACK v3.8 pool_member weights/limits; per-spawn-point totals match Lap V within 0.015)"
152,p06,"p06 bonus (OFF in the oracle, V11-P06-1)",False,zombie01_unarmed,54,T3 (tail),Palleod ~ Electrified / Follistad / Grubnar / Occullon,records/creatures/enemies/devotion/zombie_h02.dbr,Follistad,champion-hero,0.0387,"INFERRED (Monte Carlo 40,000 trials over the DECODED Lap V count law + PACK v3.8 pool_member weights/limits; per-spawn-point totals match Lap V within 0.015)"
152,p06,"p06 bonus (OFF in the oracle, V11-P06-1)",False,zombiemutated02,53,T3 (tail),Ballior ~ Burning / Swiftrot ~ Swift / Bloodwretch ~ Swift / Vampireon,records/creatures/enemies/devotion/zombiemutated_h04.dbr,Swiftrot ~ Swift,champion-hero,0.0387,"INFERRED (Monte Carlo 40,000 trials over the DECODED Lap V count law + PACK v3.8 pool_member weights/limits; per-spawn-point totals match Lap V within 0.015)"
152,p06,"p06 bonus (OFF in the oracle, V11-P06-1)",False,hero01_sword2h,29,T2 (95%),Haunted Champion / Baullos Gar ~ Electrified / Senal Thandris ~ Corrupted / Stormbane ~ Electrified,records/creatures/enemies/devotion/ghost_h04.dbr,Stormbane ~ Electrified,champion-hero,0.0386,"INFERRED (Monte Carlo 40,000 trials over the DECODED Lap V count law + PACK v3.8 pool_member weights/limits; per-spawn-point totals match Lap V within 0.015)"
152,p06,"p06 bonus (OFF in the oracle, V11-P06-1)",False,skeleton_01a,14,T1 (80%),Storm Revenant / Flame Revenant / Frost Revenant / Death Revenant,records/creatures/enemies/devotion/skeleton_h06.dbr,Rimelord ~ Frozen,champion-hero,0.0386,"INFERRED (Monte Carlo 40,000 trials over the DECODED Lap V count law + PACK v3.8 pool_member weights/limits; per-spawn-point totals match Lap V within 0.015)"
152,p06,"p06 bonus (OFF in the oracle, V11-P06-1)",False,zombie01_unarmed,54,T3 (tail),Palleod ~ Electrified / Follistad / Grubnar / Occullon,records/creatures/enemies/devotion/zombie_h03.dbr,Flamewretch ~ Burning,champion-hero,0.0386,"INFERRED (Monte Carlo 40,000 trials over the DECODED Lap V count law + PACK v3.8 pool_member weights/limits; per-spawn-point totals match Lap V within 0.015)"
152,p06,"p06 bonus (OFF in the oracle, V11-P06-1)",False,fleshhulk_unarmed,43,T3 (tail),"Venarius, the Backbreaker / Feseron ~ Electrified / Aethollin / Brognathar",records/creatures/enemies/devotion/fleshhulk_h02.dbr,Aethollin,champion-hero,0.0385,"INFERRED (Monte Carlo 40,000 trials over the DECODED Lap V count law + PACK v3.8 pool_member weights/limits; per-spawn-point totals match Lap V within 0.015)"
152,p06,"p06 bonus (OFF in the oracle, V11-P06-1)",False,golembone_phase01,30,T2 (95%),"Skeletal Monstrosity / Ilgorr, the Eternal / Skeletal Gargantuan / Grum ~ Diseased",records/creatures/enemies/devotion/skeletalgolem_h05.dbr,Voidreach ~ Voidtouched,champion-hero,0.0385,"INFERRED (Monte Carlo 40,000 trials over the DECODED Lap V count law + PACK v3.8 pool_member weights/limits; per-spawn-point totals match Lap V within 0.015)"
152,p06,"p06 bonus (OFF in the oracle, V11-P06-1)",False,spidergiant,57,T3 (tail),Shalloth / Waviix ~ Swift / Troaxna ~ Regenerator,records/creatures/enemies/devotion/spider_cave_h01.dbr,Shalloth,champion-hero,0.0385,"INFERRED (Monte Carlo 40,000 trials over the DECODED Lap V count law + PACK v3.8 pool_member weights/limits; per-spawn-point totals match Lap V within 0.015)"
152,p06,"p06 bonus (OFF in the oracle, V11-P06-1)",False,skeleton_01a,14,T1 (80%),Storm Revenant / Flame Revenant / Frost Revenant / Death Revenant,records/creatures/enemies/devotion/skeleton_h10.dbr,Ollegon the Icewatcher,champion-hero,0.0384,"INFERRED (Monte Carlo 40,000 trials over the DECODED Lap V count law + PACK v3.8 pool_member weights/limits; per-spawn-point totals match Lap V within 0.015)"
152,p06,"p06 bonus (OFF in the oracle, V11-P06-1)",False,zombie01_unarmed,54,T3 (tail),Palleod ~ Electrified / Follistad / Grubnar / Occullon,records/creatures/enemies/devotion/zombie_h05.dbr,Occullon,champion-hero,0.0384,"INFERRED (Monte Carlo 40,000 trials over the DECODED Lap V count law + PACK v3.8 pool_member weights/limits; per-spawn-point totals match Lap V within 0.015)"
152,p06,"p06 bonus (OFF in the oracle, V11-P06-1)",False,prawn,55,T3 (tail),"Sicrix, the Skittering ~ Voidtouched / Idricrix ~ Electrified / Direcrix / Malocrix ~ Voidtouched",records/creatures/enemies/devotion/prawncave_h01.dbr,Direcrix,champion-hero,0.0383,"INFERRED (Monte Carlo 40,000 trials over the DECODED Lap V count law + PACK v3.8 pool_member weights/limits; per-spawn-point totals match Lap V within 0.015)"
152,p06,"p06 bonus (OFF in the oracle, V11-P06-1)",False,prawn,55,T3 (tail),"Sicrix, the Skittering ~ Voidtouched / Idricrix ~ Electrified / Direcrix / Malocrix ~ Voidtouched",records/creatures/enemies/devotion/prawncave_h03.dbr,Idricrix ~ Electrified,champion-hero,0.0383,"INFERRED (Monte Carlo 40,000 trials over the DECODED Lap V count law + PACK v3.8 pool_member weights/limits; per-spawn-point totals match Lap V within 0.015)"
152,p06,"p06 bonus (OFF in the oracle, V11-P06-1)",False,skeleton_01a,14,T1 (80%),Storm Revenant / Flame Revenant / Frost Revenant / Death Revenant,records/creatures/enemies/devotion/skeleton_h04.dbr,Everon ~ Burning,champion-hero,0.0383,"INFERRED (Monte Carlo 40,000 trials over the DECODED Lap V count law + PACK v3.8 pool_member weights/limits; per-spawn-point totals match Lap V within 0.015)"
152,p06,"p06 bonus (OFF in the oracle, V11-P06-1)",False,golembone_phase01,30,T2 (95%),"Skeletal Monstrosity / Ilgorr, the Eternal / Skeletal Gargantuan / Grum ~ Diseased",records/creatures/enemies/devotion/skeletalgolem_h04.dbr,Aethergore ~ Corrupted,champion-hero,0.0382,"INFERRED (Monte Carlo 40,000 trials over the DECODED Lap V count law + PACK v3.8 pool_member weights/limits; per-spawn-point totals match Lap V within 0.015)"
152,p06,"p06 bonus (OFF in the oracle, V11-P06-1)",False,slith01,44,T3 (tail),"Slathra, the Plagued / Wrallan ~ Electrified / Lunorius / Balladra Stormscion",records/creatures/enemies/devotion/slith_h07.dbr,Bliegna,champion-hero,0.0382,"INFERRED (Monte Carlo 40,000 trials over the DECODED Lap V count law + PACK v3.8 pool_member weights/limits; per-spawn-point totals match Lap V within 0.015)"
152,p06,"p06 bonus (OFF in the oracle, V11-P06-1)",False,slith01,44,T3 (tail),"Slathra, the Plagued / Wrallan ~ Electrified / Lunorius / Balladra Stormscion",records/creatures/enemies/devotion/slith_h08.dbr,Lunorius,champion-hero,0.0381,"INFERRED (Monte Carlo 40,000 trials over the DECODED Lap V count law + PACK v3.8 pool_member weights/limits; per-spawn-point totals match Lap V within 0.015)"
152,p06,"p06 bonus (OFF in the oracle, V11-P06-1)",False,zombie01_unarmed,54,T3 (tail),Palleod ~ Electrified / Follistad / Grubnar / Occullon,records/creatures/enemies/devotion/zombie_h01.dbr,Grubnar,champion-hero,0.0381,"INFERRED (Monte Carlo 40,000 trials over the DECODED Lap V count law + PACK v3.8 pool_member weights/limits; per-spawn-point totals match Lap V within 0.015)"
152,p06,"p06 bonus (OFF in the oracle, V11-P06-1)",False,run_01,46,T3 (tail),Nucus'Dal / Mal'Thallon ~ Frozen / Blagal'Doth / Elegor'Dar,records/creatures/enemies/devotion/chthonianminion_h06.dbr,Mal'Thallon ~ Frozen,champion-hero,0.038,"INFERRED (Monte Carlo 40,000 trials over the DECODED Lap V count law + PACK v3.8 pool_member weights/limits; per-spawn-point totals match Lap V within 0.015)"
152,p06,"p06 bonus (OFF in the oracle, V11-P06-1)",False,spidergiant,57,T3 (tail),Shalloth / Waviix ~ Swift / Troaxna ~ Regenerator,records/creatures/enemies/devotion/spider_cave_h03.dbr,Waviix ~ Swift,champion-hero,0.038,"INFERRED (Monte Carlo 40,000 trials over the DECODED Lap V count law + PACK v3.8 pool_member weights/limits; per-spawn-point totals match Lap V within 0.015)"
152,p06,"p06 bonus (OFF in the oracle, V11-P06-1)",False,zombiemutated02,53,T3 (tail),Ballior ~ Burning / Swiftrot ~ Swift / Bloodwretch ~ Swift / Vampireon,records/creatures/enemies/devotion/zombiemutated_h02.dbr,Icerot,champion-hero,0.038,"INFERRED (Monte Carlo 40,000 trials over the DECODED Lap V count law + PACK v3.8 pool_member weights/limits; per-spawn-point totals match Lap V within 0.015)"
152,p06,"p06 bonus (OFF in the oracle, V11-P06-1)",False,voidfiend,16,T1 (80%),Voidlurker Blightbearer / Voidlurker / Voidlurker Pestilence / Vom'Zul,records/creatures/enemies/devotion/chthonianfiend_h04.dbr,Eldon'Siin ~ Electrified,champion-hero,0.0379,"INFERRED (Monte Carlo 40,000 trials over the DECODED Lap V count law + PACK v3.8 pool_member weights/limits; per-spawn-point totals match Lap V within 0.015)"
152,p06,"p06 bonus (OFF in the oracle, V11-P06-1)",False,slith01,44,T3 (tail),"Slathra, the Plagued / Wrallan ~ Electrified / Lunorius / Balladra Stormscion",records/creatures/enemies/devotion/slith_h03.dbr,Sharath,champion-hero,0.0379,"INFERRED (Monte Carlo 40,000 trials over the DECODED Lap V count law + PACK v3.8 pool_member weights/limits; per-spawn-point totals match Lap V within 0.015)"
152,p06,"p06 bonus (OFF in the oracle, V11-P06-1)",False,run_01,46,T3 (tail),Nucus'Dal / Mal'Thallon ~ Frozen / Blagal'Doth / Elegor'Dar,records/creatures/enemies/devotion/chthonianminion_h01.dbr,Carath'Lud,champion-hero,0.0378,"INFERRED (Monte Carlo 40,000 trials over the DECODED Lap V count law + PACK v3.8 pool_member weights/limits; per-spawn-point totals match Lap V within 0.015)"
152,p06,"p06 bonus (OFF in the oracle, V11-P06-1)",False,slith01,44,T3 (tail),"Slathra, the Plagued / Wrallan ~ Electrified / Lunorius / Balladra Stormscion",records/creatures/enemies/devotion/slith_h02.dbr,Balladra Stormscion,champion-hero,0.0378,"INFERRED (Monte Carlo 40,000 trials over the DECODED Lap V count law + PACK v3.8 pool_member weights/limits; per-spawn-point totals match Lap V within 0.015)"
152,p06,"p06 bonus (OFF in the oracle, V11-P06-1)",False,voidfiend,16,T1 (80%),Voidlurker Blightbearer / Voidlurker / Voidlurker Pestilence / Vom'Zul,records/creatures/enemies/devotion/chthonianfiend_h05.dbr,Sen'Udal ~ Burning,champion-hero,0.0377,"INFERRED (Monte Carlo 40,000 trials over the DECODED Lap V count law + PACK v3.8 pool_member weights/limits; per-spawn-point totals match Lap V within 0.015)"
152,p06,"p06 bonus (OFF in the oracle, V11-P06-1)",False,slith01,44,T3 (tail),"Slathra, the Plagued / Wrallan ~ Electrified / Lunorius / Balladra Stormscion",records/creatures/enemies/devotion/slith_h04.dbr,Traglodan ~ Voidtouched,champion-hero,0.0377,"INFERRED (Monte Carlo 40,000 trials over the DECODED Lap V count law + PACK v3.8 pool_member weights/limits; per-spawn-point totals match Lap V within 0.015)"
152,p06,"p06 bonus (OFF in the oracle, V11-P06-1)",False,voidfiend,16,T1 (80%),Voidlurker Blightbearer / Voidlurker / Voidlurker Pestilence / Vom'Zul,records/creatures/enemies/devotion/chthonianfiend_h01.dbr,Innal'Gargoth,champion-hero,0.0376,"INFERRED (Monte Carlo 40,000 trials over the DECODED Lap V count law + PACK v3.8 pool_member weights/limits; per-spawn-point totals match Lap V within 0.015)"
152,p06,"p06 bonus (OFF in the oracle, V11-P06-1)",False,fleshhulk_unarmed,43,T3 (tail),"Venarius, the Backbreaker / Feseron ~ Electrified / Aethollin / Brognathar",records/creatures/enemies/devotion/fleshhulk_h01.dbr,Brognathar,champion-hero,0.0376,"INFERRED (Monte Carlo 40,000 trials over the DECODED Lap V count law + PACK v3.8 pool_member weights/limits; per-spawn-point totals match Lap V within 0.015)"
152,p06,"p06 bonus (OFF in the oracle, V11-P06-1)",False,fleshhulk_unarmed,43,T3 (tail),"Venarius, the Backbreaker / Feseron ~ Electrified / Aethollin / Brognathar",records/creatures/enemies/devotion/fleshhulk_h03.dbr,Kollus ~ Burning,champion-hero,0.0375,"INFERRED (Monte Carlo 40,000 trials over the DECODED Lap V count law + PACK v3.8 pool_member weights/limits; per-spawn-point totals match Lap V within 0.015)"
152,p06,"p06 bonus (OFF in the oracle, V11-P06-1)",False,skeleton_01a,14,T1 (80%),Storm Revenant / Flame Revenant / Frost Revenant / Death Revenant,records/creatures/enemies/devotion/skeleton_h02.dbr,Priest Dagoll,champion-hero,0.0375,"INFERRED (Monte Carlo 40,000 trials over the DECODED Lap V count law + PACK v3.8 pool_member weights/limits; per-spawn-point totals match Lap V within 0.015)"
152,p06,"p06 bonus (OFF in the oracle, V11-P06-1)",False,zombie01_unarmed,54,T3 (tail),Palleod ~ Electrified / Follistad / Grubnar / Occullon,records/creatures/enemies/devotion/zombie_h04.dbr,Palleod ~ Electrified,champion-hero,0.0375,"INFERRED (Monte Carlo 40,000 trials over the DECODED Lap V count law + PACK v3.8 pool_member weights/limits; per-spawn-point totals match Lap V within 0.015)"
152,p06,"p06 bonus (OFF in the oracle, V11-P06-1)",False,abomination,58,T3 (tail),Chthonian Unraveler,records/creatures/enemies/devotion/chthonianmonstrosity_h01.dbr,Chthonian Unraveler,champion-hero,0.0373,"INFERRED (Monte Carlo 40,000 trials over the DECODED Lap V count law + PACK v3.8 pool_member weights/limits; per-spawn-point totals match Lap V within 0.015)"
152,p06,"p06 bonus (OFF in the oracle, V11-P06-1)",False,spidergiant,57,T3 (tail),Shalloth / Waviix ~ Swift / Troaxna ~ Regenerator,records/creatures/enemies/devotion/spider_cave_h02.dbr,Troaxna ~ Regenerator,champion-hero,0.0373,"INFERRED (Monte Carlo 40,000 trials over the DECODED Lap V count law + PACK v3.8 pool_member weights/limits; per-spawn-point totals match Lap V within 0.015)"
152,p06,"p06 bonus (OFF in the oracle, V11-P06-1)",False,heroine01_sword1h,22,T2 (95%),Haunted Noble / Torraxsteria ~ Frozen / Olga Flamebearer / Ludia Bloodwhisper,records/creatures/enemies/devotion/ghost_h08.dbr,Barrosa Namos,champion-hero,0.0372,"INFERRED (Monte Carlo 40,000 trials over the DECODED Lap V count law + PACK v3.8 pool_member weights/limits; per-spawn-point totals match Lap V within 0.015)"
152,p06,"p06 bonus (OFF in the oracle, V11-P06-1)",False,skeleton_01a,14,T1 (80%),Storm Revenant / Flame Revenant / Frost Revenant / Death Revenant,records/creatures/enemies/devotion/skeleton_h01.dbr,Elledar Bloodthirster,champion-hero,0.0372,"INFERRED (Monte Carlo 40,000 trials over the DECODED Lap V count law + PACK v3.8 pool_member weights/limits; per-spawn-point totals match Lap V within 0.015)"
152,p06,"p06 bonus (OFF in the oracle, V11-P06-1)",False,slith01,44,T3 (tail),"Slathra, the Plagued / Wrallan ~ Electrified / Lunorius / Balladra Stormscion",records/creatures/enemies/devotion/slith_h06.dbr,Calladra ~ Corrupted,champion-hero,0.0371,"INFERRED (Monte Carlo 40,000 trials over the DECODED Lap V count law + PACK v3.8 pool_member weights/limits; per-spawn-point totals match Lap V within 0.015)"
152,p06,"p06 bonus (OFF in the oracle, V11-P06-1)",False,run_01,46,T3 (tail),Nucus'Dal / Mal'Thallon ~ Frozen / Blagal'Doth / Elegor'Dar,records/creatures/enemies/devotion/chthonianminion_h02.dbr,Elegor'Dar,champion-hero,0.037,"INFERRED (Monte Carlo 40,000 trials over the DECODED Lap V count law + PACK v3.8 pool_member weights/limits; per-spawn-point totals match Lap V within 0.015)"
152,p06,"p06 bonus (OFF in the oracle, V11-P06-1)",False,hero01_sword1h,27,T2 (95%),"Haunted Champion / Ixall, Phantom of the Korvan Wastes / Horvald Shieldbreaker / Develos Ondal",records/creatures/enemies/devotion/ghost_h07.dbr,Develos Ondal,champion-hero,0.037,"INFERRED (Monte Carlo 40,000 trials over the DECODED Lap V count law + PACK v3.8 pool_member weights/limits; per-spawn-point totals match Lap V within 0.015)"
152,p06,"p06 bonus (OFF in the oracle, V11-P06-1)",False,zombiemutated02,53,T3 (tail),Ballior ~ Burning / Swiftrot ~ Swift / Bloodwretch ~ Swift / Vampireon,records/creatures/enemies/devotion/zombiemutated_h03.dbr,Vampireon,champion-hero,0.037,"INFERRED (Monte Carlo 40,000 trials over the DECODED Lap V count law + PACK v3.8 pool_member weights/limits; per-spawn-point totals match Lap V within 0.015)"
152,p06,"p06 bonus (OFF in the oracle, V11-P06-1)",False,devourer,3,T1 (80%),Chthonian Hungerer / Chthonian Devourer / Chthonian Gorger / Narl'Sarroth,records/creatures/enemies/devotion/chthoniandevourer_h01.dbr,Gal'Barok,champion-hero,0.0369,"INFERRED (Monte Carlo 40,000 trials over the DECODED Lap V count law + PACK v3.8 pool_member weights/limits; per-spawn-point totals match Lap V within 0.015)"
152,p06,"p06 bonus (OFF in the oracle, V11-P06-1)",False,devourer,3,T1 (80%),Chthonian Hungerer / Chthonian Devourer / Chthonian Gorger / Narl'Sarroth,records/creatures/enemies/devotion/chthoniandevourer_h02.dbr,Har'Nadiin,champion-hero,0.0369,"INFERRED (Monte Carlo 40,000 trials over the DECODED Lap V count law + PACK v3.8 pool_member weights/limits; per-spawn-point totals match Lap V within 0.015)"
152,p06,"p06 bonus (OFF in the oracle, V11-P06-1)",False,devourer,3,T1 (80%),Chthonian Hungerer / Chthonian Devourer / Chthonian Gorger / Narl'Sarroth,records/creatures/enemies/devotion/chthoniandevourer_h04.dbr,Udal'Nadal,champion-hero,0.0369,"INFERRED (Monte Carlo 40,000 trials over the DECODED Lap V count law + PACK v3.8 pool_member weights/limits; per-spawn-point totals match Lap V within 0.015)"
152,p06,"p06 bonus (OFF in the oracle, V11-P06-1)",False,dreadguard_sword2h,35,T2 (95%),Grul'Thunn of the Crimson Tides / Zagal'Udal ~ Electrified / Wallan'Siin / Serethal'Siin,records/creatures/enemies/devotion/chthoniandreadguard_h02.dbr,Wallan'Siin,champion-hero,0.0367,"INFERRED (Monte Carlo 40,000 trials over the DECODED Lap V count law + PACK v3.8 pool_member weights/limits; per-spawn-point totals match Lap V within 0.015)"
152,p06,"p06 bonus (OFF in the oracle, V11-P06-1)",False,golembone_phase01,30,T2 (95%),"Skeletal Monstrosity / Ilgorr, the Eternal / Skeletal Gargantuan / Grum ~ Diseased",records/creatures/enemies/devotion/skeletalgolem_h01.dbr,Grubwrath ~ Diseased,champion-hero,0.0367,"INFERRED (Monte Carlo 40,000 trials over the DECODED Lap V count law + PACK v3.8 pool_member weights/limits; per-spawn-point totals match Lap V within 0.015)"
152,p06,"p06 bonus (OFF in the oracle, V11-P06-1)",False,zombiemutated02,53,T3 (tail),Ballior ~ Burning / Swiftrot ~ Swift / Bloodwretch ~ Swift / Vampireon,records/creatures/enemies/devotion/zombiemutated_h01.dbr,Bloodwretch ~ Swift,champion-hero,0.0366,"INFERRED (Monte Carlo 40,000 trials over the DECODED Lap V count law + PACK v3.8 pool_member weights/limits; per-spawn-point totals match Lap V within 0.015)"
152,p06,"p06 bonus (OFF in the oracle, V11-P06-1)",False,devourer,3,T1 (80%),Chthonian Hungerer / Chthonian Devourer / Chthonian Gorger / Narl'Sarroth,records/creatures/enemies/devotion/chthoniandevourer_h05.dbr,Balok'Grot,champion-hero,0.0365,"INFERRED (Monte Carlo 40,000 trials over the DECODED Lap V count law + PACK v3.8 pool_member weights/limits; per-spawn-point totals match Lap V within 0.015)"
152,p06,"p06 bonus (OFF in the oracle, V11-P06-1)",False,slith01,44,T3 (tail),"Slathra, the Plagued / Wrallan ~ Electrified / Lunorius / Balladra Stormscion",records/creatures/enemies/devotion/slith_h01.dbr,Rexna,champion-hero,0.0365,"INFERRED (Monte Carlo 40,000 trials over the DECODED Lap V count law + PACK v3.8 pool_member weights/limits; per-spawn-point totals match Lap V within 0.015)"
152,p06,"p06 bonus (OFF in the oracle, V11-P06-1)",False,aetherialwisp,59,T3 (tail),"Athraz, the Watcher / Idalazius, the Corruptor / Naladrak, Essence of the Flame",records/creatures/enemies/devotion/aetherialphantom_h01.dbr,"Athraz, the Watcher",champion-hero,0.0361,"INFERRED (Monte Carlo 40,000 trials over the DECODED Lap V count law + PACK v3.8 pool_member weights/limits; per-spawn-point totals match Lap V within 0.015)"
152,p06,"p06 bonus (OFF in the oracle, V11-P06-1)",False,aetherialwisp,59,T3 (tail),"Athraz, the Watcher / Idalazius, the Corruptor / Naladrak, Essence of the Flame",records/creatures/enemies/devotion/aetherialphantom_h02.dbr,"Naladrak, Essence of the Flame",champion-hero,0.0361,"INFERRED (Monte Carlo 40,000 trials over the DECODED Lap V count law + PACK v3.8 pool_member weights/limits; per-spawn-point totals match Lap V within 0.015)"
152,p06,"p06 bonus (OFF in the oracle, V11-P06-1)",False,dreadguard_sword2h,35,T2 (95%),Grul'Thunn of the Crimson Tides / Zagal'Udal ~ Electrified / Wallan'Siin / Serethal'Siin,records/creatures/enemies/devotion/chthoniandreadguard_h05.dbr,Palloth'Dar ~ Frozen,champion-hero,0.0361,"INFERRED (Monte Carlo 40,000 trials over the DECODED Lap V count law + PACK v3.8 pool_member weights/limits; per-spawn-point totals match Lap V within 0.015)"
152,p06,"p06 bonus (OFF in the oracle, V11-P06-1)",False,devourer,3,T1 (80%),Chthonian Hungerer / Chthonian Devourer / Chthonian Gorger / Narl'Sarroth,records/creatures/enemies/devotion/chthoniandevourer_h03.dbr,Ellon'Siin,champion-hero,0.0359,"INFERRED (Monte Carlo 40,000 trials over the DECODED Lap V count law + PACK v3.8 pool_member weights/limits; per-spawn-point totals match Lap V within 0.015)"
152,p06,"p06 bonus (OFF in the oracle, V11-P06-1)",False,dreadguard_sword2h,35,T2 (95%),Grul'Thunn of the Crimson Tides / Zagal'Udal ~ Electrified / Wallan'Siin / Serethal'Siin,records/creatures/enemies/devotion/chthoniandreadguard_h03.dbr,Zagal'Udal ~ Electrified,champion-hero,0.0356,"INFERRED (Monte Carlo 40,000 trials over the DECODED Lap V count law + PACK v3.8 pool_member weights/limits; per-spawn-point totals match Lap V within 0.015)"
152,p06,"p06 bonus (OFF in the oracle, V11-P06-1)",False,dreadguard_sword2h,35,T2 (95%),Grul'Thunn of the Crimson Tides / Zagal'Udal ~ Electrified / Wallan'Siin / Serethal'Siin,records/creatures/enemies/devotion/chthoniandreadguard_h01.dbr,Serethal'Siin,champion-hero,0.0355,"INFERRED (Monte Carlo 40,000 trials over the DECODED Lap V count law + PACK v3.8 pool_member weights/limits; per-spawn-point totals match Lap V within 0.015)"
152,p06,"p06 bonus (OFF in the oracle, V11-P06-1)",False,dreadguard_sword2h,35,T2 (95%),Grul'Thunn of the Crimson Tides / Zagal'Udal ~ Electrified / Wallan'Siin / Serethal'Siin,records/creatures/enemies/devotion/chthoniandreadguard_h04.dbr,Rigak'Doth ~ Reflective,champion-hero,0.0353,"INFERRED (Monte Carlo 40,000 trials over the DECODED Lap V count law + PACK v3.8 pool_member weights/limits; per-spawn-point totals match Lap V within 0.015)"
152,p06,"p06 bonus (OFF in the oracle, V11-P06-1)",False,aetherialwisp,59,T3 (tail),"Athraz, the Watcher / Idalazius, the Corruptor / Naladrak, Essence of the Flame",records/creatures/enemies/devotion/aetherialphantom_h03.dbr,"Idalazius, the Corruptor",champion-hero,0.0351,"INFERRED (Monte Carlo 40,000 trials over the DECODED Lap V count law + PACK v3.8 pool_member weights/limits; per-spawn-point totals match Lap V within 0.015)"
152,p06,"p06 bonus (OFF in the oracle, V11-P06-1)",False,devourer,3,T1 (80%),Chthonian Hungerer / Chthonian Devourer / Chthonian Gorger / Narl'Sarroth,records/creatures/enemies/devotion/chthoniandevourer_h06.dbr,Orudin'Ak,champion-hero,0.0344,"INFERRED (Monte Carlo 40,000 trials over the DECODED Lap V count law + PACK v3.8 pool_member weights/limits; per-spawn-point totals match Lap V within 0.015)"
153,p01,"ring (Proxy, t=0)",True,cannibal,12,T1 (80%),"Ugdenbog Wretch / Ugdenbog Turned / Ugdenbog Marked / Packla, the Turning",records/creatures/enemies/wendigocannibal_a01.dbr,Ugdenbog Wretch,trash,1.3605,"INFERRED (Monte Carlo 40,000 trials over the DECODED Lap V count law + PACK v3.8 pool_member weights/limits; per-spawn-point totals match Lap V within 0.015)"
153,p01,"ring (Proxy, t=0)",True,wendigo,8,T1 (80%),Wendigo / Reaper of the Lost / Wendigo ~ Marroweater / Wendigo ~ Flayer,records/creatures/enemies/wendigo_a01.dbr,Wendigo,trash,1.3533,"INFERRED (Monte Carlo 40,000 trials over the DECODED Lap V count law + PACK v3.8 pool_member weights/limits; per-spawn-point totals match Lap V within 0.015)"
153,p01,"ring (Proxy, t=0)",True,cannibal,12,T1 (80%),"Ugdenbog Wretch / Ugdenbog Turned / Ugdenbog Marked / Packla, the Turning",records/creatures/enemies/wendigocannibal_b01.dbr,Ugdenbog Turned,trash,1.3165,"INFERRED (Monte Carlo 40,000 trials over the DECODED Lap V count law + PACK v3.8 pool_member weights/limits; per-spawn-point totals match Lap V within 0.015)"
153,p01,"ring (Proxy, t=0)",True,wendigo,8,T1 (80%),Wendigo / Reaper of the Lost / Wendigo ~ Marroweater / Wendigo ~ Flayer,records/creatures/enemies/wendigo_b02.dbr,Wendigo ~ Marroweater,trash,0.6576,"INFERRED (Monte Carlo 40,000 trials over the DECODED Lap V count law + PACK v3.8 pool_member weights/limits; per-spawn-point totals match Lap V within 0.015)"
153,p01,"ring (Proxy, t=0)",True,wendigo,8,T1 (80%),Wendigo / Reaper of the Lost / Wendigo ~ Marroweater / Wendigo ~ Flayer,records/creatures/enemies/wendigo_b01.dbr,Wendigo ~ Flayer,trash,0.6569,"INFERRED (Monte Carlo 40,000 trials over the DECODED Lap V count law + PACK v3.8 pool_member weights/limits; per-spawn-point totals match Lap V within 0.015)"
153,p01,"ring (Proxy, t=0)",True,wendigo,8,T1 (80%),Wendigo / Reaper of the Lost / Wendigo ~ Marroweater / Wendigo ~ Flayer,records/creatures/enemies/wendigo_c01.dbr,Wendigo ~ Ancient,trash,0.6553,"INFERRED (Monte Carlo 40,000 trials over the DECODED Lap V count law + PACK v3.8 pool_member weights/limits; per-spawn-point totals match Lap V within 0.015)"
153,p02,"ring (Proxy, t=0)",True,aetherialbloater,18,T1 (80%),Aetherial Bloater / Aetherial Bileeater / Aetherial Regurgitator / Blugrug the Living Plague,records/creatures/enemies/bounties/cu_bounty04.dbr,Vanoxxis Bile,champion-hero,0.0768,"INFERRED (Monte Carlo 40,000 trials over the DECODED Lap V count law + PACK v3.8 pool_member weights/limits; per-spawn-point totals match Lap V within 0.015)"
153,p02,"ring (Proxy, t=0)",True,golemswamp_phase01,5,T1 (80%),Ugdenbog Golem / Ugdenbog Mossflinger / Jormundur ~ Diseased / Ferrosius ~ Swift,records/creatures/enemies/bounties/cu_bounty06.dbr,Habnor the Void-Chosen,champion-hero,0.0765,"INFERRED (Monte Carlo 40,000 trials over the DECODED Lap V count law + PACK v3.8 pool_member weights/limits; per-spawn-point totals match Lap V within 0.015)"
153,p02,"ring (Proxy, t=0)",True,aetherialcolossus,33,T2 (95%),"Galakros, the Mountain / Crognoth, the Blazing Vanguard / Stormtitan ~ Electrified / Thunderfist ~ Electrified",records/creatures/enemies/bounties/cu_bounty05.dbr,"Crognoth, the Blazing Vanguard",champion-hero,0.076,"INFERRED (Monte Carlo 40,000 trials over the DECODED Lap V count law + PACK v3.8 pool_member weights/limits; per-spawn-point totals match Lap V within 0.015)"
153,p02,"ring (Proxy, t=0)",True,wendigo,8,T1 (80%),Wendigo / Reaper of the Lost / Wendigo ~ Marroweater / Wendigo ~ Flayer,records/creatures/enemies/bounties/cu_bounty09.dbr,Vagarroth the Insatiable,champion-hero,0.076,"INFERRED (Monte Carlo 40,000 trials over the DECODED Lap V count law + PACK v3.8 pool_member weights/limits; per-spawn-point totals match Lap V within 0.015)"
153,p02,"ring (Proxy, t=0)",True,basilisk,11,T1 (80%),Juvenile Basilisk / Venomgaze Basilisk / Stonegaze Basilisk / Stone Basilisk,records/creatures/enemies/bounties/cu_bounty07.dbr,Sllancar the Tainted,champion-hero,0.0753,"INFERRED (Monte Carlo 40,000 trials over the DECODED Lap V count law + PACK v3.8 pool_member weights/limits; per-spawn-point totals match Lap V within 0.015)"
153,p02,"ring (Proxy, t=0)",True,aetherialbloater,18,T1 (80%),Aetherial Bloater / Aetherial Bileeater / Aetherial Regurgitator / Blugrug the Living Plague,records/creatures/enemies/bounties/pm_bounty05.dbr,Bluggraag Blazebarf,champion-hero,0.0753,"INFERRED (Monte Carlo 40,000 trials over the DECODED Lap V count law + PACK v3.8 pool_member weights/limits; per-spawn-point totals match Lap V within 0.015)"
153,p02,"ring (Proxy, t=0)",True,yeti,19,T1 (80%),"Diremane Brute / Kubacabra, the Endless Menace / Diremane Icebreaker / Diremane Rager",records/creatures/enemies/bounties/cw_bounty09.dbr,Yoknar ~ Vampiric,champion-hero,0.075,"INFERRED (Monte Carlo 40,000 trials over the DECODED Lap V count law + PACK v3.8 pool_member weights/limits; per-spawn-point totals match Lap V within 0.015)"
153,p02,"ring (Proxy, t=0)",True,aetherialfleshshaper,31,T2 (95%),Fleshweaver Haraxis / Fleshshaper Hinissius / Blazragarus / Fleshweaver Krieg,records/creatures/enemies/bounties/pm_bounty07.dbr,Blazragarus,champion-hero,0.0748,"INFERRED (Monte Carlo 40,000 trials over the DECODED Lap V count law + PACK v3.8 pool_member weights/limits; per-spawn-point totals match Lap V within 0.015)"
153,p02,"ring (Proxy, t=0)",True,heroine01_sword1h,22,T2 (95%),Haunted Noble / Torraxsteria ~ Frozen / Olga Flamebearer / Ludia Bloodwhisper,records/creatures/enemies/bounties/pm_bounty08.dbr,Torraxsteria ~ Frozen,champion-hero,0.0745,"INFERRED (Monte Carlo 40,000 trials over the DECODED Lap V count law + PACK v3.8 pool_member weights/limits; per-spawn-point totals match Lap V within 0.015)"
153,p02,"ring (Proxy, t=0)",True,wraith,2,T1 (80%),Wraith / Spiteful Wraith / Eldritch Spirit / Eldritch Spirit ~ Haunt,records/creatures/enemies/bounties/cw_bounty08.dbr,Vladris ~ Vampiric,champion-hero,0.0743,"INFERRED (Monte Carlo 40,000 trials over the DECODED Lap V count law + PACK v3.8 pool_member weights/limits; per-spawn-point totals match Lap V within 0.015)"
153,p02,"ring (Proxy, t=0)",True,wraith,2,T1 (80%),Wraith / Spiteful Wraith / Eldritch Spirit / Eldritch Spirit ~ Haunt,records/creatures/enemies/bounties/cw_bounty07.dbr,Polterrios,champion-hero,0.0742,"INFERRED (Monte Carlo 40,000 trials over the DECODED Lap V count law + PACK v3.8 pool_member weights/limits; per-spawn-point totals match Lap V within 0.015)"
153,p02,"ring (Proxy, t=0)",True,chthonianrylok,17,T1 (80%),"Ekket'Zul, Progenitor of Darkness / Gabal'Thunn, the Visage of Madness / Void Rylok / Eldritch Gargoyle",records/creatures/enemies/bounties/cw_bounty04.dbr,Dar'Vagol the Mageclaw ~ Arcane,champion-hero,0.074,"INFERRED (Monte Carlo 40,000 trials over the DECODED Lap V count law + PACK v3.8 pool_member weights/limits; per-spawn-point totals match Lap V within 0.015)"
153,p02,"ring (Proxy, t=0)",True,crabmonstrosity,4,T1 (80%),Ugdenbog Crab / Ugdenbog Spikeshell / Ugdenbog Stoneshell / Sparkmucker ~ Thundering,records/creatures/enemies/bounties/cu_bounty08.dbr,Chillpincer,champion-hero,0.0738,"INFERRED (Monte Carlo 40,000 trials over the DECODED Lap V count law + PACK v3.8 pool_member weights/limits; per-spawn-point totals match Lap V within 0.015)"
153,p02,"ring (Proxy, t=0)",True,chthonianservitor,23,T2 (95%),"Lunal'Valgoth, Steward of Darkness / Chthonian Drone / Chthonian Servitor / Chthonian Harvester",records/creatures/enemies/bounties/cw_bounty05.dbr,Rhidal'Gulvor the Stormblood ~ Electrified,champion-hero,0.0736,"INFERRED (Monte Carlo 40,000 trials over the DECODED Lap V count law + PACK v3.8 pool_member weights/limits; per-spawn-point totals match Lap V within 0.015)"
153,p02,"ring (Proxy, t=0)",True,aetherialcolossus,33,T2 (95%),"Galakros, the Mountain / Crognoth, the Blazing Vanguard / Stormtitan ~ Electrified / Thunderfist ~ Electrified",records/creatures/enemies/bounties/pm_bounty06.dbr,Stormtitan ~ Electrified,champion-hero,0.0736,"INFERRED (Monte Carlo 40,000 trials over the DECODED Lap V count law + PACK v3.8 pool_member weights/limits; per-spawn-point totals match Lap V within 0.015)"
153,p02,"ring (Proxy, t=0)",True,golemswamp_phase01,5,T1 (80%),Ugdenbog Golem / Ugdenbog Mossflinger / Jormundur ~ Diseased / Ferrosius ~ Swift,records/creatures/enemies/bounties/cw_bounty06.dbr,Swillius,champion-hero,0.073,"INFERRED (Monte Carlo 40,000 trials over the DECODED Lap V count law + PACK v3.8 pool_member weights/limits; per-spawn-point totals match Lap V within 0.015)"
153,p02,"ring (Proxy, t=0)",True,harpy,61,T3 (tail),Rixna Plaguefeather,records/creatures/enemies/bounties/ro_bounty11.dbr,Rixna Plaguefeather,champion-hero,0.0475,"INFERRED (Monte Carlo 40,000 trials over the DECODED Lap V count law + PACK v3.8 pool_member weights/limits; per-spawn-point totals match Lap V within 0.015)"
153,p02,"ring (Proxy, t=0)",True,heroine01_unarmed,15,T1 (80%),"Apparition / Janaxia, the Betrayer / Larria, the Hexxer / Allostria, the Mindthief",records/creatures/enemies/bounties/odv_bounty06.dbr,Halvastra Wrathfire,champion-hero,0.0472,"INFERRED (Monte Carlo 40,000 trials over the DECODED Lap V count law + PACK v3.8 pool_member weights/limits; per-spawn-point totals match Lap V within 0.015)"
153,p02,"ring (Proxy, t=0)",True,devourer,3,T1 (80%),Chthonian Hungerer / Chthonian Devourer / Chthonian Gorger / Narl'Sarroth,records/creatures/enemies/bounties/odv_bounty12.dbr,Narl'Sarroth,champion-hero,0.0472,"INFERRED (Monte Carlo 40,000 trials over the DECODED Lap V count law + PACK v3.8 pool_member weights/limits; per-spawn-point totals match Lap V within 0.015)"
153,p02,"ring (Proxy, t=0)",True,reanimator,48,T3 (tail),"Valdaran, the Storm Scourge / Barrostrandt, the Ascended ~ Swift / Nalloth, the Frostbound / Phabius",records/creatures/enemies/bounties/odv_bounty10.dbr,"Barrostrandt, the Ascended ~ Swift",champion-hero,0.0466,"INFERRED (Monte Carlo 40,000 trials over the DECODED Lap V count law + PACK v3.8 pool_member weights/limits; per-spawn-point totals match Lap V within 0.015)"
153,p02,"ring (Proxy, t=0)",True,half-troll_corrupted_sword1h,56,T3 (tail),"Narroth, the Behemoth ~ Electrified / Harrath, the Returned",records/creatures/enemies/bounties/odv_bounty09.dbr,"Narroth, the Behemoth ~ Electrified",champion-hero,0.0464,"INFERRED (Monte Carlo 40,000 trials over the DECODED Lap V count law + PACK v3.8 pool_member weights/limits; per-spawn-point totals match Lap V within 0.015)"
153,p02,"ring (Proxy, t=0)",True,hero01_sword1h,27,T2 (95%),"Haunted Champion / Ixall, Phantom of the Korvan Wastes / Horvald Shieldbreaker / Develos Ondal",records/creatures/enemies/bounties/odv_bounty07.dbr,Horvald Shieldbreaker,champion-hero,0.0463,"INFERRED (Monte Carlo 40,000 trials over the DECODED Lap V count law + PACK v3.8 pool_member weights/limits; per-spawn-point totals match Lap V within 0.015)"
153,p02,"ring (Proxy, t=0)",True,skeleton_01a_b,49,T3 (tail),"Zantarin, the Immortal / Death Revenant / Mortallis ~ Charger",records/creatures/enemies/bounties/ro_bounty12.dbr,Mortallis ~ Charger,champion-hero,0.0461,"INFERRED (Monte Carlo 40,000 trials over the DECODED Lap V count law + PACK v3.8 pool_member weights/limits; per-spawn-point totals match Lap V within 0.015)"
153,p02,"ring (Proxy, t=0)",True,skeleton_01a_b,49,T3 (tail),"Zantarin, the Immortal / Death Revenant / Mortallis ~ Charger",records/creatures/enemies/bounties/odv_bounty13.dbr,Death Revenant,champion-hero,0.046,"INFERRED (Monte Carlo 40,000 trials over the DECODED Lap V count law + PACK v3.8 pool_member weights/limits; per-spawn-point totals match Lap V within 0.015)"
153,p02,"ring (Proxy, t=0)",True,heroine01_sword1h,22,T2 (95%),Haunted Noble / Torraxsteria ~ Frozen / Olga Flamebearer / Ludia Bloodwhisper,records/creatures/enemies/bounties/odv_bounty08.dbr,Olga Flamebearer,champion-hero,0.0457,"INFERRED (Monte Carlo 40,000 trials over the DECODED Lap V count law + PACK v3.8 pool_member weights/limits; per-spawn-point totals match Lap V within 0.015)"
153,p02,"ring (Proxy, t=0)",True,hero01_gun2h,62,T3 (tail),Oligeane Dar ~ Corrupted,records/creatures/enemies/bounties/ro_bounty10.dbr,Oligeane Dar ~ Corrupted,champion-hero,0.0457,"INFERRED (Monte Carlo 40,000 trials over the DECODED Lap V count law + PACK v3.8 pool_member weights/limits; per-spawn-point totals match Lap V within 0.015)"
153,p02,"ring (Proxy, t=0)",True,ghoul,37,T3 (tail),"Plagius, the Decrepit / Gravvis, the Decayed / Corprus / Abathis, the Withered ~ Frozen",records/creatures/enemies/bounties/odv_bounty11.dbr,"Gravvis, the Decayed",champion-hero,0.0456,"INFERRED (Monte Carlo 40,000 trials over the DECODED Lap V count law + PACK v3.8 pool_member weights/limits; per-spawn-point totals match Lap V within 0.015)"
153,p02,"ring (Proxy, t=0)",True,heroine01_sword1h,22,T2 (95%),Haunted Noble / Torraxsteria ~ Frozen / Olga Flamebearer / Ludia Bloodwhisper,records/creatures/enemies/bounties/kc_bounty19.dbr,Ludia Bloodwhisper,champion-hero,0.0455,"INFERRED (Monte Carlo 40,000 trials over the DECODED Lap V count law + PACK v3.8 pool_member weights/limits; per-spawn-point totals match Lap V within 0.015)"
153,p02,"ring (Proxy, t=0)",True,golembone_phase01,30,T2 (95%),"Skeletal Monstrosity / Ilgorr, the Eternal / Skeletal Gargantuan / Grum ~ Diseased",records/creatures/enemies/bounties/ro_bounty19.dbr,Grum ~ Diseased,champion-hero,0.0454,"INFERRED (Monte Carlo 40,000 trials over the DECODED Lap V count law + PACK v3.8 pool_member weights/limits; per-spawn-point totals match Lap V within 0.015)"
153,p02,"ring (Proxy, t=0)",True,hero01_unarmed,6,T1 (80%),Apparition / Possessed Armor / The Sentinel / Eldritch Armor,records/creatures/enemies/bounties/dc_bounty11.dbr,"Caspis, the Blooddrinker",champion-hero,0.0424,"INFERRED (Monte Carlo 40,000 trials over the DECODED Lap V count law + PACK v3.8 pool_member weights/limits; per-spawn-point totals match Lap V within 0.015)"
153,p02,"ring (Proxy, t=0)",True,hero01_unarmed,6,T1 (80%),Apparition / Possessed Armor / The Sentinel / Eldritch Armor,records/creatures/enemies/bounties/kc_bounty07.dbr,Holvuur Bonespeaker ~ Swift,champion-hero,0.0417,"INFERRED (Monte Carlo 40,000 trials over the DECODED Lap V count law + PACK v3.8 pool_member weights/limits; per-spawn-point totals match Lap V within 0.015)"
153,p02,"ring (Proxy, t=0)",True,half-troll_corrupted_sword1h,56,T3 (tail),"Narroth, the Behemoth ~ Electrified / Harrath, the Returned",records/creatures/enemies/bounties/bl_bounty17.dbr,"Harrath, the Returned",champion-hero,0.0415,"INFERRED (Monte Carlo 40,000 trials over the DECODED Lap V count law + PACK v3.8 pool_member weights/limits; per-spawn-point totals match Lap V within 0.015)"
153,p02,"ring (Proxy, t=0)",True,ghoul,37,T3 (tail),"Plagius, the Decrepit / Gravvis, the Decayed / Corprus / Abathis, the Withered ~ Frozen",records/creatures/enemies/bounties/bl_bounty19.dbr,Corprus,champion-hero,0.041,"INFERRED (Monte Carlo 40,000 trials over the DECODED Lap V count law + PACK v3.8 pool_member weights/limits; per-spawn-point totals match Lap V within 0.015)"
153,p02,"ring (Proxy, t=0)",True,hero01_unarmed,6,T1 (80%),Apparition / Possessed Armor / The Sentinel / Eldritch Armor,records/creatures/enemies/bounties/dc_bounty10.dbr,"Igor ""The Brawler"" ~ Corrupted",champion-hero,0.0409,"INFERRED (Monte Carlo 40,000 trials over the DECODED Lap V count law + PACK v3.8 pool_member weights/limits; per-spawn-point totals match Lap V within 0.015)"
153,p02,"ring (Proxy, t=0)",True,hero01_unarmed,6,T1 (80%),Apparition / Possessed Armor / The Sentinel / Eldritch Armor,records/creatures/enemies/bounties/dc_bounty06.dbr,"""The Bruiser"" Romanov ~ Charger",champion-hero,0.0408,"INFERRED (Monte Carlo 40,000 trials over the DECODED Lap V count law + PACK v3.8 pool_member weights/limits; per-spawn-point totals match Lap V within 0.015)"
153,p02,"ring (Proxy, t=0)",True,weavil,64,T3 (tail),The Locust,records/creatures/enemies/bounties/hs_bounty10.dbr,The Locust,champion-hero,0.0408,"INFERRED (Monte Carlo 40,000 trials over the DECODED Lap V count law + PACK v3.8 pool_member weights/limits; per-spawn-point totals match Lap V within 0.015)"
153,p02,"ring (Proxy, t=0)",True,dermapteran,65,T3 (tail),Vizier Haxin,records/creatures/enemies/bounties/hs_bounty11.dbr,Vizier Haxin,champion-hero,0.0408,"INFERRED (Monte Carlo 40,000 trials over the DECODED Lap V count law + PACK v3.8 pool_member weights/limits; per-spawn-point totals match Lap V within 0.015)"
153,p02,"ring (Proxy, t=0)",True,prawn,55,T3 (tail),"Sicrix, the Skittering ~ Voidtouched / Idricrix ~ Electrified / Direcrix / Malocrix ~ Voidtouched",records/creatures/enemies/bounties/bl_bounty09.dbr,"Sicrix, the Skittering ~ Voidtouched",champion-hero,0.0407,"INFERRED (Monte Carlo 40,000 trials over the DECODED Lap V count law + PACK v3.8 pool_member weights/limits; per-spawn-point totals match Lap V within 0.015)"
153,p02,"ring (Proxy, t=0)",True,heroine01_unarmed,15,T1 (80%),"Apparition / Janaxia, the Betrayer / Larria, the Hexxer / Allostria, the Mindthief",records/creatures/enemies/bounties/exile_bounty15.dbr,Ludia Starfire,champion-hero,0.0407,"INFERRED (Monte Carlo 40,000 trials over the DECODED Lap V count law + PACK v3.8 pool_member weights/limits; per-spawn-point totals match Lap V within 0.015)"
153,p02,"ring (Proxy, t=0)",True,hero01_unarmed,6,T1 (80%),Apparition / Possessed Armor / The Sentinel / Eldritch Armor,records/creatures/enemies/bounties/dc_bounty07.dbr,"Bolla ""The Raven""",champion-hero,0.0404,"INFERRED (Monte Carlo 40,000 trials over the DECODED Lap V count law + PACK v3.8 pool_member weights/limits; per-spawn-point totals match Lap V within 0.015)"
153,p02,"ring (Proxy, t=0)",True,stalker,52,T3 (tail),"Benn'Jahr, the Colossal / Innu'Garbal / Luthus'Balok",records/creatures/enemies/bounties/bl_bounty20.dbr,Luthus'Balok,champion-hero,0.0403,"INFERRED (Monte Carlo 40,000 trials over the DECODED Lap V count law + PACK v3.8 pool_member weights/limits; per-spawn-point totals match Lap V within 0.015)"
153,p02,"ring (Proxy, t=0)",True,hero01_unarmed,6,T1 (80%),Apparition / Possessed Armor / The Sentinel / Eldritch Armor,records/creatures/enemies/bounties/dc_bounty15.dbr,"Rostov, the Aetherflame ~ Charger",champion-hero,0.0401,"INFERRED (Monte Carlo 40,000 trials over the DECODED Lap V count law + PACK v3.8 pool_member weights/limits; per-spawn-point totals match Lap V within 0.015)"
153,p02,"ring (Proxy, t=0)",True,voidfiend,16,T1 (80%),Voidlurker Blightbearer / Voidlurker / Voidlurker Pestilence / Vom'Zul,records/creatures/enemies/bounties/kc_bounty09.dbr,Vom'Zul,champion-hero,0.0401,"INFERRED (Monte Carlo 40,000 trials over the DECODED Lap V count law + PACK v3.8 pool_member weights/limits; per-spawn-point totals match Lap V within 0.015)"
153,p02,"ring (Proxy, t=0)",True,reanimator,48,T3 (tail),"Valdaran, the Storm Scourge / Barrostrandt, the Ascended ~ Swift / Nalloth, the Frostbound / Phabius",records/creatures/enemies/bounties/dc_bounty17.dbr,"Nalloth, the Frostbound",champion-hero,0.04,"INFERRED (Monte Carlo 40,000 trials over the DECODED Lap V count law + PACK v3.8 pool_member weights/limits; per-spawn-point totals match Lap V within 0.015)"
153,p02,"ring (Proxy, t=0)",True,stalker,52,T3 (tail),"Benn'Jahr, the Colossal / Innu'Garbal / Luthus'Balok",records/creatures/enemies/bounties/exile_bounty13.dbr,Innu'Garbal,champion-hero,0.04,"INFERRED (Monte Carlo 40,000 trials over the DECODED Lap V count law + PACK v3.8 pool_member weights/limits; per-spawn-point totals match Lap V within 0.015)"
153,p02,"ring (Proxy, t=0)",True,hero01_unarmed,6,T1 (80%),Apparition / Possessed Armor / The Sentinel / Eldritch Armor,records/creatures/enemies/bounties/kc_bounty10.dbr,"Thullon, Chosen of Ch'thon",champion-hero,0.04,"INFERRED (Monte Carlo 40,000 trials over the DECODED Lap V count law + PACK v3.8 pool_member weights/limits; per-spawn-point totals match Lap V within 0.015)"
153,p02,"ring (Proxy, t=0)",True,heroine01_unarmed,15,T1 (80%),"Apparition / Janaxia, the Betrayer / Larria, the Hexxer / Allostria, the Mindthief",records/creatures/enemies/bounties/bl_bounty18.dbr,Padmanestia,champion-hero,0.0397,"INFERRED (Monte Carlo 40,000 trials over the DECODED Lap V count law + PACK v3.8 pool_member weights/limits; per-spawn-point totals match Lap V within 0.015)"
153,p02,"ring (Proxy, t=0)",True,heroine01_unarmed,15,T1 (80%),"Apparition / Janaxia, the Betrayer / Larria, the Hexxer / Allostria, the Mindthief",records/creatures/enemies/bounties/kc_bounty08.dbr,Igniaa Venomtongue,champion-hero,0.0397,"INFERRED (Monte Carlo 40,000 trials over the DECODED Lap V count law + PACK v3.8 pool_member weights/limits; per-spawn-point totals match Lap V within 0.015)"
153,p02,"ring (Proxy, t=0)",True,devourer,3,T1 (80%),Chthonian Hungerer / Chthonian Devourer / Chthonian Gorger / Narl'Sarroth,records/creatures/enemies/bounties/bl_bounty08.dbr,Gluttrius'Maw,champion-hero,0.0396,"INFERRED (Monte Carlo 40,000 trials over the DECODED Lap V count law + PACK v3.8 pool_member weights/limits; per-spawn-point totals match Lap V within 0.015)"
153,p02,"ring (Proxy, t=0)",True,thornedhorrora01,13,T1 (80%),Rimethorn Horror / Rimethorn Terror / Rimethorn Monstrosity / Everbarb ~ Reflective,records/creatures/enemies/bounties/bl_bounty10.dbr,Emberjaw,champion-hero,0.0396,"INFERRED (Monte Carlo 40,000 trials over the DECODED Lap V count law + PACK v3.8 pool_member weights/limits; per-spawn-point totals match Lap V within 0.015)"
153,p02,"ring (Proxy, t=0)",True,run_01,46,T3 (tail),Nucus'Dal / Mal'Thallon ~ Frozen / Blagal'Doth / Elegor'Dar,records/creatures/enemies/bounties/exile_bounty12.dbr,Nucus'Dal,champion-hero,0.0395,"INFERRED (Monte Carlo 40,000 trials over the DECODED Lap V count law + PACK v3.8 pool_member weights/limits; per-spawn-point totals match Lap V within 0.015)"
153,p02,"ring (Proxy, t=0)",True,troll,66,T3 (tail),Bogloth the Marrowdrinker,records/creatures/enemies/bounties/hs_bounty09.dbr,Bogloth the Marrowdrinker,champion-hero,0.0395,"INFERRED (Monte Carlo 40,000 trials over the DECODED Lap V count law + PACK v3.8 pool_member weights/limits; per-spawn-point totals match Lap V within 0.015)"
153,p02,"ring (Proxy, t=0)",True,slith01,44,T3 (tail),"Slathra, the Plagued / Wrallan ~ Electrified / Lunorius / Balladra Stormscion",records/creatures/enemies/bounties/dc_bounty08.dbr,"Slathra, the Plagued",champion-hero,0.0393,"INFERRED (Monte Carlo 40,000 trials over the DECODED Lap V count law + PACK v3.8 pool_member weights/limits; per-spawn-point totals match Lap V within 0.015)"
153,p02,"ring (Proxy, t=0)",True,ghoul,37,T3 (tail),"Plagius, the Decrepit / Gravvis, the Decayed / Corprus / Abathis, the Withered ~ Frozen",records/creatures/enemies/bounties/kc_bounty11.dbr,"Abathis, the Withered ~ Frozen",champion-hero,0.0393,"INFERRED (Monte Carlo 40,000 trials over the DECODED Lap V count law + PACK v3.8 pool_member weights/limits; per-spawn-point totals match Lap V within 0.015)"
153,p02,"ring (Proxy, t=0)",True,zombiemutated02,53,T3 (tail),Ballior ~ Burning / Swiftrot ~ Swift / Bloodwretch ~ Swift / Vampireon,records/creatures/enemies/bounties/dc_bounty09.dbr,Ballior ~ Burning,champion-hero,0.0387,"INFERRED (Monte Carlo 40,000 trials over the DECODED Lap V count law + PACK v3.8 pool_member weights/limits; per-spawn-point totals match Lap V within 0.015)"
153,p02,"ring (Proxy, t=0)",True,reanimator,48,T3 (tail),"Valdaran, the Storm Scourge / Barrostrandt, the Ascended ~ Swift / Nalloth, the Frostbound / Phabius",records/creatures/enemies/bounties/hs_bounty13.dbr,Phabius,champion-hero,0.0386,"INFERRED (Monte Carlo 40,000 trials over the DECODED Lap V count law + PACK v3.8 pool_member weights/limits; per-spawn-point totals match Lap V within 0.015)"
153,p02,"ring (Proxy, t=0)",True,heroine01_unarmed,15,T1 (80%),"Apparition / Janaxia, the Betrayer / Larria, the Hexxer / Allostria, the Mindthief",records/creatures/enemies/bounties/exile_bounty14.dbr,Conastaria ~ Corrupted,champion-hero,0.0385,"INFERRED (Monte Carlo 40,000 trials over the DECODED Lap V count law + PACK v3.8 pool_member weights/limits; per-spawn-point totals match Lap V within 0.015)"
153,p02,"ring (Proxy, t=0)",True,half-troll_sword1h,67,T3 (tail),Glukrog Lifedrinker,records/creatures/enemies/bounties/hs_bounty12.dbr,Glukrog Lifedrinker,champion-hero,0.0385,"INFERRED (Monte Carlo 40,000 trials over the DECODED Lap V count law + PACK v3.8 pool_member weights/limits; per-spawn-point totals match Lap V within 0.015)"
153,p02,"ring (Proxy, t=0)",True,abomination,58,T3 (tail),Chthonian Unraveler,records/creatures/enemies/bounties/kc_bounty13.dbr,Chthonian Unraveler,champion-hero,0.0385,"INFERRED (Monte Carlo 40,000 trials over the DECODED Lap V count law + PACK v3.8 pool_member weights/limits; per-spawn-point totals match Lap V within 0.015)"
153,p03,"ring (Proxy, t=0)",True,skeleton_01a,14,T1 (80%),Storm Revenant / Flame Revenant / Frost Revenant / Death Revenant,records/creatures/enemies/skeleton_c03.dbr,Storm Revenant,trash,0.9846,"INFERRED (Monte Carlo 40,000 trials over the DECODED Lap V count law + PACK v3.8 pool_member weights/limits; per-spawn-point totals match Lap V within 0.015)"
153,p03,"ring (Proxy, t=0)",True,skeleton_01a,14,T1 (80%),Storm Revenant / Flame Revenant / Frost Revenant / Death Revenant,records/creatures/enemies/skeleton_c01.dbr,Flame Revenant,trash,0.9827,"INFERRED (Monte Carlo 40,000 trials over the DECODED Lap V count law + PACK v3.8 pool_member weights/limits; per-spawn-point totals match Lap V within 0.015)"
153,p03,"ring (Proxy, t=0)",True,skeleton_01a,14,T1 (80%),Storm Revenant / Flame Revenant / Frost Revenant / Death Revenant,records/creatures/enemies/skeleton_c02.dbr,Frost Revenant,trash,0.9035,"INFERRED (Monte Carlo 40,000 trials over the DECODED Lap V count law + PACK v3.8 pool_member weights/limits; per-spawn-point totals match Lap V within 0.015)"
153,p03,"ring (Proxy, t=0)",True,giant,20,T2 (95%),Asterkarn Giant / Asterkarn Behemoth / The Underking / Asterkarn Titan,records/creatures/enemies/giant_a01.dbr,Asterkarn Giant,trash,0.897,"INFERRED (Monte Carlo 40,000 trials over the DECODED Lap V count law + PACK v3.8 pool_member weights/limits; per-spawn-point totals match Lap V within 0.015)"
153,p03,"ring (Proxy, t=0)",True,groble01,26,T2 (95%),Groble ~ Frost Clan Warrior / Groble ~ Frost Clan Tracker / Groble ~ Frost Clan Scavenger,records/creatures/enemies/groblefrost_b01.dbr,Groble ~ Frost Clan Warrior,trash,0.6585,"INFERRED (Monte Carlo 40,000 trials over the DECODED Lap V count law + PACK v3.8 pool_member weights/limits; per-spawn-point totals match Lap V within 0.015)"
153,p03,"ring (Proxy, t=0)",True,giant,20,T2 (95%),Asterkarn Giant / Asterkarn Behemoth / The Underking / Asterkarn Titan,records/creatures/enemies/giant_b01.dbr,Asterkarn Behemoth,trash,0.6535,"INFERRED (Monte Carlo 40,000 trials over the DECODED Lap V count law + PACK v3.8 pool_member weights/limits; per-spawn-point totals match Lap V within 0.015)"
153,p03,"ring (Proxy, t=0)",True,skeleton_01a,14,T1 (80%),Storm Revenant / Flame Revenant / Frost Revenant / Death Revenant,records/creatures/enemies/skeleton_d01.dbr,Death Revenant,trash,0.6195,"INFERRED (Monte Carlo 40,000 trials over the DECODED Lap V count law + PACK v3.8 pool_member weights/limits; per-spawn-point totals match Lap V within 0.015)"
153,p03,"ring (Proxy, t=0)",True,groble01,26,T2 (95%),Groble ~ Frost Clan Warrior / Groble ~ Frost Clan Tracker / Groble ~ Frost Clan Scavenger,records/creatures/enemies/groblefrost_a02.dbr,Groble ~ Frost Clan Tracker,trash,0.5228,"INFERRED (Monte Carlo 40,000 trials over the DECODED Lap V count law + PACK v3.8 pool_member weights/limits; per-spawn-point totals match Lap V within 0.015)"
153,p03,"ring (Proxy, t=0)",True,groble01,26,T2 (95%),Groble ~ Frost Clan Warrior / Groble ~ Frost Clan Tracker / Groble ~ Frost Clan Scavenger,records/creatures/enemies/groblefrost_a01.dbr,Groble ~ Frost Clan Scavenger,trash,0.5216,"INFERRED (Monte Carlo 40,000 trials over the DECODED Lap V count law + PACK v3.8 pool_member weights/limits; per-spawn-point totals match Lap V within 0.015)"
153,p03,"ring (Proxy, t=0)",True,giant,20,T2 (95%),Asterkarn Giant / Asterkarn Behemoth / The Underking / Asterkarn Titan,records/creatures/enemies/giant_c01.dbr,Asterkarn Titan,trash,0.2563,"INFERRED (Monte Carlo 40,000 trials over the DECODED Lap V count law + PACK v3.8 pool_member weights/limits; per-spawn-point totals match Lap V within 0.015)"
153,p04,"ring (Proxy, t=0)",True,dranghoul_01,42,T3 (tail),Crogg the Maimer / Murg ~ Timewarped / Urdo ~ Swift / Gruug ~ Electrified,records/creatures/enemies/bounties/ku_bounty_07.dbr,Crogg the Maimer,champion-hero,0.0843,"INFERRED (Monte Carlo 40,000 trials over the DECODED Lap V count law + PACK v3.8 pool_member weights/limits; per-spawn-point totals match Lap V within 0.015)"
153,p04,"ring (Proxy, t=0)",True,avian,63,T3 (tail),Juknuuk Bloodfeather,records/creatures/enemies/bounties/ku_bounty_10.dbr,Juknuuk Bloodfeather,champion-hero,0.0834,"INFERRED (Monte Carlo 40,000 trials over the DECODED Lap V count law + PACK v3.8 pool_member weights/limits; per-spawn-point totals match Lap V within 0.015)"
153,p04,"ring (Proxy, t=0)",True,gryphon01a,25,T2 (95%),Corvunox ~ Vampiric / Corrot ~ Diseased / Covull ~ Swift / Corvulux ~ Supporter,records/creatures/enemies/bounties/ku_bounty_05.dbr,Corridius,champion-hero,0.0831,"INFERRED (Monte Carlo 40,000 trials over the DECODED Lap V count law + PACK v3.8 pool_member weights/limits; per-spawn-point totals match Lap V within 0.015)"
153,p04,"ring (Proxy, t=0)",True,roc,40,T3 (tail),Avinnia of the Western Winds / Thundra / Corrowing ~ Corrupted / Anorwing ~ Shielded,records/creatures/enemies/bounties/ku_bounty_09.dbr,Thundra,champion-hero,0.083,"INFERRED (Monte Carlo 40,000 trials over the DECODED Lap V count law + PACK v3.8 pool_member weights/limits; per-spawn-point totals match Lap V within 0.015)"
153,p04,"ring (Proxy, t=0)",True,yeti,19,T1 (80%),"Diremane Brute / Kubacabra, the Endless Menace / Diremane Icebreaker / Diremane Rager",records/creatures/enemies/bounties/ku_bounty_08.dbr,Icethrasher,champion-hero,0.0829,"INFERRED (Monte Carlo 40,000 trials over the DECODED Lap V count law + PACK v3.8 pool_member weights/limits; per-spawn-point totals match Lap V within 0.015)"
153,p04,"ring (Proxy, t=0)",True,heroine01_unarmed,15,T1 (80%),"Apparition / Janaxia, the Betrayer / Larria, the Hexxer / Allostria, the Mindthief",records/creatures/enemies/bounties/ku_bounty_06.dbr,Holvir the Crimson Blade,champion-hero,0.0821,"INFERRED (Monte Carlo 40,000 trials over the DECODED Lap V count law + PACK v3.8 pool_member weights/limits; per-spawn-point totals match Lap V within 0.015)"
153,p04,"ring (Proxy, t=0)",True,wendigo,8,T1 (80%),Wendigo / Reaper of the Lost / Wendigo ~ Marroweater / Wendigo ~ Flayer,records/creatures/enemies/bounties/cu_bounty09.dbr,Vagarroth the Insatiable,champion-hero,0.064,"INFERRED (Monte Carlo 40,000 trials over the DECODED Lap V count law + PACK v3.8 pool_member weights/limits; per-spawn-point totals match Lap V within 0.015)"
153,p04,"ring (Proxy, t=0)",True,aetherialbloater,18,T1 (80%),Aetherial Bloater / Aetherial Bileeater / Aetherial Regurgitator / Blugrug the Living Plague,records/creatures/enemies/bounties/cu_bounty04.dbr,Vanoxxis Bile,champion-hero,0.0635,"INFERRED (Monte Carlo 40,000 trials over the DECODED Lap V count law + PACK v3.8 pool_member weights/limits; per-spawn-point totals match Lap V within 0.015)"
153,p04,"ring (Proxy, t=0)",True,crabmonstrosity,4,T1 (80%),Ugdenbog Crab / Ugdenbog Spikeshell / Ugdenbog Stoneshell / Sparkmucker ~ Thundering,records/creatures/enemies/bounties/cu_bounty08.dbr,Chillpincer,champion-hero,0.0634,"INFERRED (Monte Carlo 40,000 trials over the DECODED Lap V count law + PACK v3.8 pool_member weights/limits; per-spawn-point totals match Lap V within 0.015)"
153,p04,"ring (Proxy, t=0)",True,aetherialcolossus,33,T2 (95%),"Galakros, the Mountain / Crognoth, the Blazing Vanguard / Stormtitan ~ Electrified / Thunderfist ~ Electrified",records/creatures/enemies/bounties/cu_bounty05.dbr,"Crognoth, the Blazing Vanguard",champion-hero,0.063,"INFERRED (Monte Carlo 40,000 trials over the DECODED Lap V count law + PACK v3.8 pool_member weights/limits; per-spawn-point totals match Lap V within 0.015)"
153,p04,"ring (Proxy, t=0)",True,aetherialbloater,18,T1 (80%),Aetherial Bloater / Aetherial Bileeater / Aetherial Regurgitator / Blugrug the Living Plague,records/creatures/enemies/bounties/pm_bounty05.dbr,Bluggraag Blazebarf,champion-hero,0.0625,"INFERRED (Monte Carlo 40,000 trials over the DECODED Lap V count law + PACK v3.8 pool_member weights/limits; per-spawn-point totals match Lap V within 0.015)"
153,p04,"ring (Proxy, t=0)",True,chthonianrylok,17,T1 (80%),"Ekket'Zul, Progenitor of Darkness / Gabal'Thunn, the Visage of Madness / Void Rylok / Eldritch Gargoyle",records/creatures/enemies/bounties/cw_bounty04.dbr,Dar'Vagol the Mageclaw ~ Arcane,champion-hero,0.0622,"INFERRED (Monte Carlo 40,000 trials over the DECODED Lap V count law + PACK v3.8 pool_member weights/limits; per-spawn-point totals match Lap V within 0.015)"
153,p04,"ring (Proxy, t=0)",True,wraith,2,T1 (80%),Wraith / Spiteful Wraith / Eldritch Spirit / Eldritch Spirit ~ Haunt,records/creatures/enemies/bounties/cw_bounty07.dbr,Polterrios,champion-hero,0.0622,"INFERRED (Monte Carlo 40,000 trials over the DECODED Lap V count law + PACK v3.8 pool_member weights/limits; per-spawn-point totals match Lap V within 0.015)"
153,p04,"ring (Proxy, t=0)",True,wraith,2,T1 (80%),Wraith / Spiteful Wraith / Eldritch Spirit / Eldritch Spirit ~ Haunt,records/creatures/enemies/bounties/cw_bounty08.dbr,Vladris ~ Vampiric,champion-hero,0.0622,"INFERRED (Monte Carlo 40,000 trials over the DECODED Lap V count law + PACK v3.8 pool_member weights/limits; per-spawn-point totals match Lap V within 0.015)"
153,p04,"ring (Proxy, t=0)",True,yeti,19,T1 (80%),"Diremane Brute / Kubacabra, the Endless Menace / Diremane Icebreaker / Diremane Rager",records/creatures/enemies/bounties/cw_bounty09.dbr,Yoknar ~ Vampiric,champion-hero,0.0622,"INFERRED (Monte Carlo 40,000 trials over the DECODED Lap V count law + PACK v3.8 pool_member weights/limits; per-spawn-point totals match Lap V within 0.015)"
153,p04,"ring (Proxy, t=0)",True,golemswamp_phase01,5,T1 (80%),Ugdenbog Golem / Ugdenbog Mossflinger / Jormundur ~ Diseased / Ferrosius ~ Swift,records/creatures/enemies/bounties/cu_bounty06.dbr,Habnor the Void-Chosen,champion-hero,0.0621,"INFERRED (Monte Carlo 40,000 trials over the DECODED Lap V count law + PACK v3.8 pool_member weights/limits; per-spawn-point totals match Lap V within 0.015)"
153,p04,"ring (Proxy, t=0)",True,aetherialfleshshaper,31,T2 (95%),Fleshweaver Haraxis / Fleshshaper Hinissius / Blazragarus / Fleshweaver Krieg,records/creatures/enemies/bounties/pm_bounty07.dbr,Blazragarus,champion-hero,0.0618,"INFERRED (Monte Carlo 40,000 trials over the DECODED Lap V count law + PACK v3.8 pool_member weights/limits; per-spawn-point totals match Lap V within 0.015)"
153,p04,"ring (Proxy, t=0)",True,basilisk,11,T1 (80%),Juvenile Basilisk / Venomgaze Basilisk / Stonegaze Basilisk / Stone Basilisk,records/creatures/enemies/bounties/cu_bounty07.dbr,Sllancar the Tainted,champion-hero,0.0615,"INFERRED (Monte Carlo 40,000 trials over the DECODED Lap V count law + PACK v3.8 pool_member weights/limits; per-spawn-point totals match Lap V within 0.015)"
153,p04,"ring (Proxy, t=0)",True,golemswamp_phase01,5,T1 (80%),Ugdenbog Golem / Ugdenbog Mossflinger / Jormundur ~ Diseased / Ferrosius ~ Swift,records/creatures/enemies/bounties/cw_bounty06.dbr,Swillius,champion-hero,0.0615,"INFERRED (Monte Carlo 40,000 trials over the DECODED Lap V count law + PACK v3.8 pool_member weights/limits; per-spawn-point totals match Lap V within 0.015)"
153,p04,"ring (Proxy, t=0)",True,chthonianservitor,23,T2 (95%),"Lunal'Valgoth, Steward of Darkness / Chthonian Drone / Chthonian Servitor / Chthonian Harvester",records/creatures/enemies/bounties/cw_bounty05.dbr,Rhidal'Gulvor the Stormblood ~ Electrified,champion-hero,0.0612,"INFERRED (Monte Carlo 40,000 trials over the DECODED Lap V count law + PACK v3.8 pool_member weights/limits; per-spawn-point totals match Lap V within 0.015)"
153,p04,"ring (Proxy, t=0)",True,heroine01_sword1h,22,T2 (95%),Haunted Noble / Torraxsteria ~ Frozen / Olga Flamebearer / Ludia Bloodwhisper,records/creatures/enemies/bounties/pm_bounty08.dbr,Torraxsteria ~ Frozen,champion-hero,0.0612,"INFERRED (Monte Carlo 40,000 trials over the DECODED Lap V count law + PACK v3.8 pool_member weights/limits; per-spawn-point totals match Lap V within 0.015)"
153,p04,"ring (Proxy, t=0)",True,aetherialcolossus,33,T2 (95%),"Galakros, the Mountain / Crognoth, the Blazing Vanguard / Stormtitan ~ Electrified / Thunderfist ~ Electrified",records/creatures/enemies/bounties/pm_bounty06.dbr,Stormtitan ~ Electrified,champion-hero,0.0593,"INFERRED (Monte Carlo 40,000 trials over the DECODED Lap V count law + PACK v3.8 pool_member weights/limits; per-spawn-point totals match Lap V within 0.015)"
153,p04,"ring (Proxy, t=0)",True,golembone_phase01,30,T2 (95%),"Skeletal Monstrosity / Ilgorr, the Eternal / Skeletal Gargantuan / Grum ~ Diseased",records/creatures/enemies/bounties/ro_bounty19.dbr,Grum ~ Diseased,champion-hero,0.0395,"INFERRED (Monte Carlo 40,000 trials over the DECODED Lap V count law + PACK v3.8 pool_member weights/limits; per-spawn-point totals match Lap V within 0.015)"
153,p04,"ring (Proxy, t=0)",True,ghoul,37,T3 (tail),"Plagius, the Decrepit / Gravvis, the Decayed / Corprus / Abathis, the Withered ~ Frozen",records/creatures/enemies/bounties/odv_bounty11.dbr,"Gravvis, the Decayed",champion-hero,0.0394,"INFERRED (Monte Carlo 40,000 trials over the DECODED Lap V count law + PACK v3.8 pool_member weights/limits; per-spawn-point totals match Lap V within 0.015)"
153,p04,"ring (Proxy, t=0)",True,hero01_sword1h,27,T2 (95%),"Haunted Champion / Ixall, Phantom of the Korvan Wastes / Horvald Shieldbreaker / Develos Ondal",records/creatures/enemies/bounties/odv_bounty07.dbr,Horvald Shieldbreaker,champion-hero,0.0393,"INFERRED (Monte Carlo 40,000 trials over the DECODED Lap V count law + PACK v3.8 pool_member weights/limits; per-spawn-point totals match Lap V within 0.015)"
153,p04,"ring (Proxy, t=0)",True,half-troll_corrupted_sword1h,56,T3 (tail),"Narroth, the Behemoth ~ Electrified / Harrath, the Returned",records/creatures/enemies/bounties/odv_bounty09.dbr,"Narroth, the Behemoth ~ Electrified",champion-hero,0.0392,"INFERRED (Monte Carlo 40,000 trials over the DECODED Lap V count law + PACK v3.8 pool_member weights/limits; per-spawn-point totals match Lap V within 0.015)"
153,p04,"ring (Proxy, t=0)",True,skeleton_01a_b,49,T3 (tail),"Zantarin, the Immortal / Death Revenant / Mortallis ~ Charger",records/creatures/enemies/bounties/odv_bounty13.dbr,Death Revenant,champion-hero,0.0388,"INFERRED (Monte Carlo 40,000 trials over the DECODED Lap V count law + PACK v3.8 pool_member weights/limits; per-spawn-point totals match Lap V within 0.015)"
153,p04,"ring (Proxy, t=0)",True,hero01_gun2h,62,T3 (tail),Oligeane Dar ~ Corrupted,records/creatures/enemies/bounties/ro_bounty10.dbr,Oligeane Dar ~ Corrupted,champion-hero,0.0388,"INFERRED (Monte Carlo 40,000 trials over the DECODED Lap V count law + PACK v3.8 pool_member weights/limits; per-spawn-point totals match Lap V within 0.015)"
153,p04,"ring (Proxy, t=0)",True,devourer,3,T1 (80%),Chthonian Hungerer / Chthonian Devourer / Chthonian Gorger / Narl'Sarroth,records/creatures/enemies/bounties/odv_bounty12.dbr,Narl'Sarroth,champion-hero,0.0386,"INFERRED (Monte Carlo 40,000 trials over the DECODED Lap V count law + PACK v3.8 pool_member weights/limits; per-spawn-point totals match Lap V within 0.015)"
153,p04,"ring (Proxy, t=0)",True,heroine01_unarmed,15,T1 (80%),"Apparition / Janaxia, the Betrayer / Larria, the Hexxer / Allostria, the Mindthief",records/creatures/enemies/bounties/odv_bounty06.dbr,Halvastra Wrathfire,champion-hero,0.0385,"INFERRED (Monte Carlo 40,000 trials over the DECODED Lap V count law + PACK v3.8 pool_member weights/limits; per-spawn-point totals match Lap V within 0.015)"
153,p04,"ring (Proxy, t=0)",True,heroine01_sword1h,22,T2 (95%),Haunted Noble / Torraxsteria ~ Frozen / Olga Flamebearer / Ludia Bloodwhisper,records/creatures/enemies/bounties/kc_bounty19.dbr,Ludia Bloodwhisper,champion-hero,0.0381,"INFERRED (Monte Carlo 40,000 trials over the DECODED Lap V count law + PACK v3.8 pool_member weights/limits; per-spawn-point totals match Lap V within 0.015)"
153,p04,"ring (Proxy, t=0)",True,heroine01_sword1h,22,T2 (95%),Haunted Noble / Torraxsteria ~ Frozen / Olga Flamebearer / Ludia Bloodwhisper,records/creatures/enemies/bounties/odv_bounty08.dbr,Olga Flamebearer,champion-hero,0.0381,"INFERRED (Monte Carlo 40,000 trials over the DECODED Lap V count law + PACK v3.8 pool_member weights/limits; per-spawn-point totals match Lap V within 0.015)"
153,p04,"ring (Proxy, t=0)",True,reanimator,48,T3 (tail),"Valdaran, the Storm Scourge / Barrostrandt, the Ascended ~ Swift / Nalloth, the Frostbound / Phabius",records/creatures/enemies/bounties/odv_bounty10.dbr,"Barrostrandt, the Ascended ~ Swift",champion-hero,0.038,"INFERRED (Monte Carlo 40,000 trials over the DECODED Lap V count law + PACK v3.8 pool_member weights/limits; per-spawn-point totals match Lap V within 0.015)"
153,p04,"ring (Proxy, t=0)",True,skeleton_01a_b,49,T3 (tail),"Zantarin, the Immortal / Death Revenant / Mortallis ~ Charger",records/creatures/enemies/bounties/ro_bounty12.dbr,Mortallis ~ Charger,champion-hero,0.0378,"INFERRED (Monte Carlo 40,000 trials over the DECODED Lap V count law + PACK v3.8 pool_member weights/limits; per-spawn-point totals match Lap V within 0.015)"
153,p04,"ring (Proxy, t=0)",True,harpy,61,T3 (tail),Rixna Plaguefeather,records/creatures/enemies/bounties/ro_bounty11.dbr,Rixna Plaguefeather,champion-hero,0.0376,"INFERRED (Monte Carlo 40,000 trials over the DECODED Lap V count law + PACK v3.8 pool_member weights/limits; per-spawn-point totals match Lap V within 0.015)"
153,p04,"ring (Proxy, t=0)",True,hero01_unarmed,6,T1 (80%),Apparition / Possessed Armor / The Sentinel / Eldritch Armor,records/creatures/enemies/bounties/kc_bounty07.dbr,Holvuur Bonespeaker ~ Swift,champion-hero,0.0355,"INFERRED (Monte Carlo 40,000 trials over the DECODED Lap V count law + PACK v3.8 pool_member weights/limits; per-spawn-point totals match Lap V within 0.015)"
153,p04,"ring (Proxy, t=0)",True,weavil,64,T3 (tail),The Locust,records/creatures/enemies/bounties/hs_bounty10.dbr,The Locust,champion-hero,0.0354,"INFERRED (Monte Carlo 40,000 trials over the DECODED Lap V count law + PACK v3.8 pool_member weights/limits; per-spawn-point totals match Lap V within 0.015)"
153,p04,"ring (Proxy, t=0)",True,stalker,52,T3 (tail),"Benn'Jahr, the Colossal / Innu'Garbal / Luthus'Balok",records/creatures/enemies/bounties/exile_bounty13.dbr,Innu'Garbal,champion-hero,0.0348,"INFERRED (Monte Carlo 40,000 trials over the DECODED Lap V count law + PACK v3.8 pool_member weights/limits; per-spawn-point totals match Lap V within 0.015)"
153,p04,"ring (Proxy, t=0)",True,half-troll_sword1h,67,T3 (tail),Glukrog Lifedrinker,records/creatures/enemies/bounties/hs_bounty12.dbr,Glukrog Lifedrinker,champion-hero,0.0347,"INFERRED (Monte Carlo 40,000 trials over the DECODED Lap V count law + PACK v3.8 pool_member weights/limits; per-spawn-point totals match Lap V within 0.015)"
153,p04,"ring (Proxy, t=0)",True,troll,66,T3 (tail),Bogloth the Marrowdrinker,records/creatures/enemies/bounties/hs_bounty09.dbr,Bogloth the Marrowdrinker,champion-hero,0.0343,"INFERRED (Monte Carlo 40,000 trials over the DECODED Lap V count law + PACK v3.8 pool_member weights/limits; per-spawn-point totals match Lap V within 0.015)"
153,p04,"ring (Proxy, t=0)",True,reanimator,48,T3 (tail),"Valdaran, the Storm Scourge / Barrostrandt, the Ascended ~ Swift / Nalloth, the Frostbound / Phabius",records/creatures/enemies/bounties/hs_bounty13.dbr,Phabius,champion-hero,0.0341,"INFERRED (Monte Carlo 40,000 trials over the DECODED Lap V count law + PACK v3.8 pool_member weights/limits; per-spawn-point totals match Lap V within 0.015)"
153,p04,"ring (Proxy, t=0)",True,abomination,58,T3 (tail),Chthonian Unraveler,records/creatures/enemies/bounties/kc_bounty13.dbr,Chthonian Unraveler,champion-hero,0.0339,"INFERRED (Monte Carlo 40,000 trials over the DECODED Lap V count law + PACK v3.8 pool_member weights/limits; per-spawn-point totals match Lap V within 0.015)"
153,p04,"ring (Proxy, t=0)",True,voidfiend,16,T1 (80%),Voidlurker Blightbearer / Voidlurker / Voidlurker Pestilence / Vom'Zul,records/creatures/enemies/bounties/kc_bounty09.dbr,Vom'Zul,champion-hero,0.0338,"INFERRED (Monte Carlo 40,000 trials over the DECODED Lap V count law + PACK v3.8 pool_member weights/limits; per-spawn-point totals match Lap V within 0.015)"
153,p04,"ring (Proxy, t=0)",True,half-troll_corrupted_sword1h,56,T3 (tail),"Narroth, the Behemoth ~ Electrified / Harrath, the Returned",records/creatures/enemies/bounties/bl_bounty17.dbr,"Harrath, the Returned",champion-hero,0.0337,"INFERRED (Monte Carlo 40,000 trials over the DECODED Lap V count law + PACK v3.8 pool_member weights/limits; per-spawn-point totals match Lap V within 0.015)"
153,p04,"ring (Proxy, t=0)",True,dermapteran,65,T3 (tail),Vizier Haxin,records/creatures/enemies/bounties/hs_bounty11.dbr,Vizier Haxin,champion-hero,0.0337,"INFERRED (Monte Carlo 40,000 trials over the DECODED Lap V count law + PACK v3.8 pool_member weights/limits; per-spawn-point totals match Lap V within 0.015)"
153,p04,"ring (Proxy, t=0)",True,heroine01_unarmed,15,T1 (80%),"Apparition / Janaxia, the Betrayer / Larria, the Hexxer / Allostria, the Mindthief",records/creatures/enemies/bounties/kc_bounty08.dbr,Igniaa Venomtongue,champion-hero,0.0337,"INFERRED (Monte Carlo 40,000 trials over the DECODED Lap V count law + PACK v3.8 pool_member weights/limits; per-spawn-point totals match Lap V within 0.015)"
153,p04,"ring (Proxy, t=0)",True,hero01_unarmed,6,T1 (80%),Apparition / Possessed Armor / The Sentinel / Eldritch Armor,records/creatures/enemies/bounties/dc_bounty06.dbr,"""The Bruiser"" Romanov ~ Charger",champion-hero,0.0336,"INFERRED (Monte Carlo 40,000 trials over the DECODED Lap V count law + PACK v3.8 pool_member weights/limits; per-spawn-point totals match Lap V within 0.015)"
153,p04,"ring (Proxy, t=0)",True,run_01,46,T3 (tail),Nucus'Dal / Mal'Thallon ~ Frozen / Blagal'Doth / Elegor'Dar,records/creatures/enemies/bounties/exile_bounty12.dbr,Nucus'Dal,champion-hero,0.0336,"INFERRED (Monte Carlo 40,000 trials over the DECODED Lap V count law + PACK v3.8 pool_member weights/limits; per-spawn-point totals match Lap V within 0.015)"
153,p04,"ring (Proxy, t=0)",True,hero01_unarmed,6,T1 (80%),Apparition / Possessed Armor / The Sentinel / Eldritch Armor,records/creatures/enemies/bounties/kc_bounty10.dbr,"Thullon, Chosen of Ch'thon",champion-hero,0.0336,"INFERRED (Monte Carlo 40,000 trials over the DECODED Lap V count law + PACK v3.8 pool_member weights/limits; per-spawn-point totals match Lap V within 0.015)"
153,p04,"ring (Proxy, t=0)",True,ghoul,37,T3 (tail),"Plagius, the Decrepit / Gravvis, the Decayed / Corprus / Abathis, the Withered ~ Frozen",records/creatures/enemies/bounties/bl_bounty19.dbr,Corprus,champion-hero,0.0335,"INFERRED (Monte Carlo 40,000 trials over the DECODED Lap V count law + PACK v3.8 pool_member weights/limits; per-spawn-point totals match Lap V within 0.015)"
153,p04,"ring (Proxy, t=0)",True,hero01_unarmed,6,T1 (80%),Apparition / Possessed Armor / The Sentinel / Eldritch Armor,records/creatures/enemies/bounties/dc_bounty07.dbr,"Bolla ""The Raven""",champion-hero,0.0335,"INFERRED (Monte Carlo 40,000 trials over the DECODED Lap V count law + PACK v3.8 pool_member weights/limits; per-spawn-point totals match Lap V within 0.015)"
153,p04,"ring (Proxy, t=0)",True,heroine01_unarmed,15,T1 (80%),"Apparition / Janaxia, the Betrayer / Larria, the Hexxer / Allostria, the Mindthief",records/creatures/enemies/bounties/exile_bounty14.dbr,Conastaria ~ Corrupted,champion-hero,0.0335,"INFERRED (Monte Carlo 40,000 trials over the DECODED Lap V count law + PACK v3.8 pool_member weights/limits; per-spawn-point totals match Lap V within 0.015)"
153,p04,"ring (Proxy, t=0)",True,ghoul,37,T3 (tail),"Plagius, the Decrepit / Gravvis, the Decayed / Corprus / Abathis, the Withered ~ Frozen",records/creatures/enemies/bounties/kc_bounty11.dbr,"Abathis, the Withered ~ Frozen",champion-hero,0.0335,"INFERRED (Monte Carlo 40,000 trials over the DECODED Lap V count law + PACK v3.8 pool_member weights/limits; per-spawn-point totals match Lap V within 0.015)"
153,p04,"ring (Proxy, t=0)",True,thornedhorrora01,13,T1 (80%),Rimethorn Horror / Rimethorn Terror / Rimethorn Monstrosity / Everbarb ~ Reflective,records/creatures/enemies/bounties/bl_bounty10.dbr,Emberjaw,champion-hero,0.0333,"INFERRED (Monte Carlo 40,000 trials over the DECODED Lap V count law + PACK v3.8 pool_member weights/limits; per-spawn-point totals match Lap V within 0.015)"
153,p04,"ring (Proxy, t=0)",True,hero01_unarmed,6,T1 (80%),Apparition / Possessed Armor / The Sentinel / Eldritch Armor,records/creatures/enemies/bounties/dc_bounty15.dbr,"Rostov, the Aetherflame ~ Charger",champion-hero,0.0332,"INFERRED (Monte Carlo 40,000 trials over the DECODED Lap V count law + PACK v3.8 pool_member weights/limits; per-spawn-point totals match Lap V within 0.015)"
153,p04,"ring (Proxy, t=0)",True,reanimator,48,T3 (tail),"Valdaran, the Storm Scourge / Barrostrandt, the Ascended ~ Swift / Nalloth, the Frostbound / Phabius",records/creatures/enemies/bounties/dc_bounty17.dbr,"Nalloth, the Frostbound",champion-hero,0.0332,"INFERRED (Monte Carlo 40,000 trials over the DECODED Lap V count law + PACK v3.8 pool_member weights/limits; per-spawn-point totals match Lap V within 0.015)"
153,p04,"ring (Proxy, t=0)",True,heroine01_unarmed,15,T1 (80%),"Apparition / Janaxia, the Betrayer / Larria, the Hexxer / Allostria, the Mindthief",records/creatures/enemies/bounties/exile_bounty15.dbr,Ludia Starfire,champion-hero,0.0329,"INFERRED (Monte Carlo 40,000 trials over the DECODED Lap V count law + PACK v3.8 pool_member weights/limits; per-spawn-point totals match Lap V within 0.015)"
153,p04,"ring (Proxy, t=0)",True,prawn,55,T3 (tail),"Sicrix, the Skittering ~ Voidtouched / Idricrix ~ Electrified / Direcrix / Malocrix ~ Voidtouched",records/creatures/enemies/bounties/bl_bounty09.dbr,"Sicrix, the Skittering ~ Voidtouched",champion-hero,0.0328,"INFERRED (Monte Carlo 40,000 trials over the DECODED Lap V count law + PACK v3.8 pool_member weights/limits; per-spawn-point totals match Lap V within 0.015)"
153,p04,"ring (Proxy, t=0)",True,heroine01_unarmed,15,T1 (80%),"Apparition / Janaxia, the Betrayer / Larria, the Hexxer / Allostria, the Mindthief",records/creatures/enemies/bounties/bl_bounty18.dbr,Padmanestia,champion-hero,0.0328,"INFERRED (Monte Carlo 40,000 trials over the DECODED Lap V count law + PACK v3.8 pool_member weights/limits; per-spawn-point totals match Lap V within 0.015)"
153,p04,"ring (Proxy, t=0)",True,zombiemutated02,53,T3 (tail),Ballior ~ Burning / Swiftrot ~ Swift / Bloodwretch ~ Swift / Vampireon,records/creatures/enemies/bounties/dc_bounty09.dbr,Ballior ~ Burning,champion-hero,0.0327,"INFERRED (Monte Carlo 40,000 trials over the DECODED Lap V count law + PACK v3.8 pool_member weights/limits; per-spawn-point totals match Lap V within 0.015)"
153,p04,"ring (Proxy, t=0)",True,stalker,52,T3 (tail),"Benn'Jahr, the Colossal / Innu'Garbal / Luthus'Balok",records/creatures/enemies/bounties/bl_bounty20.dbr,Luthus'Balok,champion-hero,0.0326,"INFERRED (Monte Carlo 40,000 trials over the DECODED Lap V count law + PACK v3.8 pool_member weights/limits; per-spawn-point totals match Lap V within 0.015)"
153,p04,"ring (Proxy, t=0)",True,hero01_unarmed,6,T1 (80%),Apparition / Possessed Armor / The Sentinel / Eldritch Armor,records/creatures/enemies/bounties/dc_bounty11.dbr,"Caspis, the Blooddrinker",champion-hero,0.0326,"INFERRED (Monte Carlo 40,000 trials over the DECODED Lap V count law + PACK v3.8 pool_member weights/limits; per-spawn-point totals match Lap V within 0.015)"
153,p04,"ring (Proxy, t=0)",True,devourer,3,T1 (80%),Chthonian Hungerer / Chthonian Devourer / Chthonian Gorger / Narl'Sarroth,records/creatures/enemies/bounties/bl_bounty08.dbr,Gluttrius'Maw,champion-hero,0.0324,"INFERRED (Monte Carlo 40,000 trials over the DECODED Lap V count law + PACK v3.8 pool_member weights/limits; per-spawn-point totals match Lap V within 0.015)"
153,p04,"ring (Proxy, t=0)",True,hero01_unarmed,6,T1 (80%),Apparition / Possessed Armor / The Sentinel / Eldritch Armor,records/creatures/enemies/bounties/dc_bounty10.dbr,"Igor ""The Brawler"" ~ Corrupted",champion-hero,0.0323,"INFERRED (Monte Carlo 40,000 trials over the DECODED Lap V count law + PACK v3.8 pool_member weights/limits; per-spawn-point totals match Lap V within 0.015)"
153,p04,"ring (Proxy, t=0)",True,slith01,44,T3 (tail),"Slathra, the Plagued / Wrallan ~ Electrified / Lunorius / Balladra Stormscion",records/creatures/enemies/bounties/dc_bounty08.dbr,"Slathra, the Plagued",champion-hero,0.0322,"INFERRED (Monte Carlo 40,000 trials over the DECODED Lap V count law + PACK v3.8 pool_member weights/limits; per-spawn-point totals match Lap V within 0.015)"
153,p05,"p05 ambush (ProxyAmbush, +4.0 s, emergence clip)",True,carnivorousplant01a_p1,10,T1 (80%),Carnivorous Plant,records/creatures/enemies/livingplant_a01.dbr,Carnivorous Plant,trash,2.9338,"INFERRED (Monte Carlo 40,000 trials over the DECODED Lap V count law + PACK v3.8 pool_member weights/limits; per-spawn-point totals match Lap V within 0.015)"
153,p05,"p05 ambush (ProxyAmbush, +4.0 s, emergence clip)",True,golemswamp_phase01,5,T1 (80%),Ugdenbog Golem / Ugdenbog Mossflinger / Jormundur ~ Diseased / Ferrosius ~ Swift,records/creatures/enemies/swampgolem_a01.dbr,Ugdenbog Golem,trash,1.5639,"INFERRED (Monte Carlo 40,000 trials over the DECODED Lap V count law + PACK v3.8 pool_member weights/limits; per-spawn-point totals match Lap V within 0.015)"
153,p06,"p06 bonus (OFF in the oracle, V11-P06-1)",False,giant,20,T2 (95%),Asterkarn Giant / Asterkarn Behemoth / The Underking / Asterkarn Titan,records/creatures/enemies/hero/giant_h04.dbr,Dracuum ~ Vampiric,champion-hero,0.3752,"INFERRED (Monte Carlo 40,000 trials over the DECODED Lap V count law + PACK v3.8 pool_member weights/limits; per-spawn-point totals match Lap V within 0.015)"
153,p06,"p06 bonus (OFF in the oracle, V11-P06-1)",False,giant,20,T2 (95%),Asterkarn Giant / Asterkarn Behemoth / The Underking / Asterkarn Titan,records/creatures/enemies/hero/giant_h02.dbr,Edullus ~ Corrupted,champion-hero,0.3744,"INFERRED (Monte Carlo 40,000 trials over the DECODED Lap V count law + PACK v3.8 pool_member weights/limits; per-spawn-point totals match Lap V within 0.015)"
153,p06,"p06 bonus (OFF in the oracle, V11-P06-1)",False,giant,20,T2 (95%),Asterkarn Giant / Asterkarn Behemoth / The Underking / Asterkarn Titan,records/creatures/enemies/hero/giant_h01.dbr,Codrommius ~ Voidtouched,champion-hero,0.3735,"INFERRED (Monte Carlo 40,000 trials over the DECODED Lap V count law + PACK v3.8 pool_member weights/limits; per-spawn-point totals match Lap V within 0.015)"
153,p06,"p06 bonus (OFF in the oracle, V11-P06-1)",False,giant,20,T2 (95%),Asterkarn Giant / Asterkarn Behemoth / The Underking / Asterkarn Titan,records/creatures/enemies/hero/giant_h03.dbr,Hoduur ~ Arctic,champion-hero,0.3729,"INFERRED (Monte Carlo 40,000 trials over the DECODED Lap V count law + PACK v3.8 pool_member weights/limits; per-spawn-point totals match Lap V within 0.015)"
153,p06,"p06 bonus (OFF in the oracle, V11-P06-1)",False,voidfiend,16,T1 (80%),Voidlurker Blightbearer / Voidlurker / Voidlurker Pestilence / Vom'Zul,records/creatures/enemies/hero/chthonianfiend_h02.dbr,"Hiln'Raz, the Dark Omen",champion-hero,0.1392,"INFERRED (Monte Carlo 40,000 trials over the DECODED Lap V count law + PACK v3.8 pool_member weights/limits; per-spawn-point totals match Lap V within 0.015)"
153,p06,"p06 bonus (OFF in the oracle, V11-P06-1)",False,dreadguard_sword2h,35,T2 (95%),Grul'Thunn of the Crimson Tides / Zagal'Udal ~ Electrified / Wallan'Siin / Serethal'Siin,records/creatures/enemies/hero/chthoniandreadguard_h04.dbr,Jugak'Siin ~ Reflective,champion-hero,0.1385,"INFERRED (Monte Carlo 40,000 trials over the DECODED Lap V count law + PACK v3.8 pool_member weights/limits; per-spawn-point totals match Lap V within 0.015)"
153,p06,"p06 bonus (OFF in the oracle, V11-P06-1)",False,dreadguard_sword2h,35,T2 (95%),Grul'Thunn of the Crimson Tides / Zagal'Udal ~ Electrified / Wallan'Siin / Serethal'Siin,records/creatures/enemies/hero/chthoniandreadguard_h02.dbr,"Wen'Kazul, the Hungering Blade",champion-hero,0.1383,"INFERRED (Monte Carlo 40,000 trials over the DECODED Lap V count law + PACK v3.8 pool_member weights/limits; per-spawn-point totals match Lap V within 0.015)"
153,p06,"p06 bonus (OFF in the oracle, V11-P06-1)",False,voidfiend,16,T1 (80%),Voidlurker Blightbearer / Voidlurker / Voidlurker Pestilence / Vom'Zul,records/creatures/enemies/hero/chthonianfiend_h01.dbr,"Innugaru, Terror of the Void",champion-hero,0.1383,"INFERRED (Monte Carlo 40,000 trials over the DECODED Lap V count law + PACK v3.8 pool_member weights/limits; per-spawn-point totals match Lap V within 0.015)"
153,p06,"p06 bonus (OFF in the oracle, V11-P06-1)",False,dreadguard_sword2h,35,T2 (95%),Grul'Thunn of the Crimson Tides / Zagal'Udal ~ Electrified / Wallan'Siin / Serethal'Siin,records/creatures/enemies/hero/chthoniandreadguard_h06.dbr,Sutuum'Kazul ~ Thundering,champion-hero,0.1372,"INFERRED (Monte Carlo 40,000 trials over the DECODED Lap V count law + PACK v3.8 pool_member weights/limits; per-spawn-point totals match Lap V within 0.015)"
153,p06,"p06 bonus (OFF in the oracle, V11-P06-1)",False,voidfiend,16,T1 (80%),Voidlurker Blightbearer / Voidlurker / Voidlurker Pestilence / Vom'Zul,records/creatures/enemies/hero/chthonianfiend_h03.dbr,Sen'Thel Voidbringer,champion-hero,0.1365,"INFERRED (Monte Carlo 40,000 trials over the DECODED Lap V count law + PACK v3.8 pool_member weights/limits; per-spawn-point totals match Lap V within 0.015)"
153,p06,"p06 bonus (OFF in the oracle, V11-P06-1)",False,dreadguard_sword2h,35,T2 (95%),Grul'Thunn of the Crimson Tides / Zagal'Udal ~ Electrified / Wallan'Siin / Serethal'Siin,records/creatures/enemies/hero/chthoniandreadguard_h01.dbr,Shar'Oruuth,champion-hero,0.1363,"INFERRED (Monte Carlo 40,000 trials over the DECODED Lap V count law + PACK v3.8 pool_member weights/limits; per-spawn-point totals match Lap V within 0.015)"
153,p06,"p06 bonus (OFF in the oracle, V11-P06-1)",False,dreadguard_sword2h,35,T2 (95%),Grul'Thunn of the Crimson Tides / Zagal'Udal ~ Electrified / Wallan'Siin / Serethal'Siin,records/creatures/enemies/hero/chthoniandreadguard_h05.dbr,Sarmaz'Din ~ Frozen,champion-hero,0.1354,"INFERRED (Monte Carlo 40,000 trials over the DECODED Lap V count law + PACK v3.8 pool_member weights/limits; per-spawn-point totals match Lap V within 0.015)"
153,p06,"p06 bonus (OFF in the oracle, V11-P06-1)",False,voidfiend,16,T1 (80%),Voidlurker Blightbearer / Voidlurker / Voidlurker Pestilence / Vom'Zul,records/creatures/enemies/hero/chthonianfiend_h05.dbr,Gurgoth'Siin ~ Burning,champion-hero,0.1353,"INFERRED (Monte Carlo 40,000 trials over the DECODED Lap V count law + PACK v3.8 pool_member weights/limits; per-spawn-point totals match Lap V within 0.015)"
153,p06,"p06 bonus (OFF in the oracle, V11-P06-1)",False,voidfiend,16,T1 (80%),Voidlurker Blightbearer / Voidlurker / Voidlurker Pestilence / Vom'Zul,records/creatures/enemies/hero/chthonianfiend_h04.dbr,Nii'Thel ~ Bruiser,champion-hero,0.1349,"INFERRED (Monte Carlo 40,000 trials over the DECODED Lap V count law + PACK v3.8 pool_member weights/limits; per-spawn-point totals match Lap V within 0.015)"
153,p06,"p06 bonus (OFF in the oracle, V11-P06-1)",False,dreadguard_sword2h,35,T2 (95%),Grul'Thunn of the Crimson Tides / Zagal'Udal ~ Electrified / Wallan'Siin / Serethal'Siin,records/creatures/enemies/hero/chthoniandreadguard_h03.dbr,Zalyth'Uthax ~ Electrified,champion-hero,0.134,"INFERRED (Monte Carlo 40,000 trials over the DECODED Lap V count law + PACK v3.8 pool_member weights/limits; per-spawn-point totals match Lap V within 0.015)"
154,p01,"ring (Proxy, t=0)",True,hero01_unarmed,6,T1 (80%),Apparition / Possessed Armor / The Sentinel / Eldritch Armor,records/creatures/enemies/boss&quest/cultist_cultleader_01.dbr,Bloodlord Thalonis,boss,0.502,"INFERRED (Monte Carlo 40,000 trials over the DECODED Lap V count law + PACK v3.8 pool_member weights/limits; per-spawn-point totals match Lap V within 0.015)"
154,p01,"ring (Proxy, t=0)",True,hero01_unarmed,6,T1 (80%),Apparition / Possessed Armor / The Sentinel / Eldritch Armor,records/creatures/enemies/boss&quest/korvaak_lieutenant_01.dbr,"Brother Segarius, Vengeance of Kymon",boss,0.2518,"INFERRED (Monte Carlo 40,000 trials over the DECODED Lap V count law + PACK v3.8 pool_member weights/limits; per-spawn-point totals match Lap V within 0.015)"
154,p01,"ring (Proxy, t=0)",True,korvaaksascended01a,45,T3 (tail),"Father Kymon, Avatar of Korvaak / Kaisan, the Eldritch Scion",records/creatures/enemies/boss&quest/fatherkymon.dbr,"Father Kymon, Avatar of Korvaak",boss,0.2461,"INFERRED (Monte Carlo 40,000 trials over the DECODED Lap V count law + PACK v3.8 pool_member weights/limits; per-spawn-point totals match Lap V within 0.015)"
154,p02,"ring (Proxy, t=0)",True,dreadguard_sword2h,35,T2 (95%),Grul'Thunn of the Crimson Tides / Zagal'Udal ~ Electrified / Wallan'Siin / Serethal'Siin,records/creatures/enemies/boss&quest/chthoniantyrant_grulthunn.dbr,Grul'Thunn of the Crimson Tides,boss,0.5035,"INFERRED (Monte Carlo 40,000 trials over the DECODED Lap V count law + PACK v3.8 pool_member weights/limits; per-spawn-point totals match Lap V within 0.015)"
154,p02,"ring (Proxy, t=0)",True,chthonianrylok,17,T1 (80%),"Ekket'Zul, Progenitor of Darkness / Gabal'Thunn, the Visage of Madness / Void Rylok / Eldritch Gargoyle",records/creatures/enemies/boss&quest/chthonianrylok_gabalthunn.dbr,"Gabal'Thunn, the Visage of Madness",boss,0.4965,"INFERRED (Monte Carlo 40,000 trials over the DECODED Lap V count law + PACK v3.8 pool_member weights/limits; per-spawn-point totals match Lap V within 0.015)"
154,p03,"ring (Proxy, t=0)",True,giant,20,T2 (95%),Asterkarn Giant / Asterkarn Behemoth / The Underking / Asterkarn Titan,records/creatures/enemies/nemesis/nemesis_beast_02.dbr,The Underking,nemesis,0.3033,"INFERRED (Monte Carlo 40,000 trials over the DECODED Lap V count law + PACK v3.8 pool_member weights/limits; per-spawn-point totals match Lap V within 0.015)"
154,p03,"ring (Proxy, t=0)",True,yeti,19,T1 (80%),"Diremane Brute / Kubacabra, the Endless Menace / Diremane Icebreaker / Diremane Rager",records/creatures/enemies/nemesis/nemesis_beast_01_p1.dbr,"Kubacabra, the Endless Menace",nemesis,0.3025,"INFERRED (Monte Carlo 40,000 trials over the DECODED Lap V count law + PACK v3.8 pool_member weights/limits; per-spawn-point totals match Lap V within 0.015)"
154,p03,"ring (Proxy, t=0)",True,chthonianherald,32,T2 (95%),"Chthonian Herald / Chthonian Portent / Nyarlathon, Herald of Annihilation / Chthonian Omen",records/creatures/enemies/nemesis/nemesis_chthonickurn_01.dbr,"Nyarlathon, Herald of Annihilation",nemesis,0.1516,"INFERRED (Monte Carlo 40,000 trials over the DECODED Lap V count law + PACK v3.8 pool_member weights/limits; per-spawn-point totals match Lap V within 0.015)"
154,p03,"ring (Proxy, t=0)",True,hero01_sword1h,27,T2 (95%),"Haunted Champion / Ixall, Phantom of the Korvan Wastes / Horvald Shieldbreaker / Develos Ondal",records/creatures/enemies/nemesis/nemesis_eldritch_02a.dbr,"Ixall, Phantom of the Korvan Wastes",nemesis,0.1221,"INFERRED (Monte Carlo 40,000 trials over the DECODED Lap V count law + PACK v3.8 pool_member weights/limits; per-spawn-point totals match Lap V within 0.015)"
154,p03,"ring (Proxy, t=0)",True,korvaaksascended01a,45,T3 (tail),"Father Kymon, Avatar of Korvaak / Kaisan, the Eldritch Scion",records/creatures/enemies/nemesis/nemesis_eldritch_01.dbr,"Kaisan, the Eldritch Scion",nemesis,0.1204,"INFERRED (Monte Carlo 40,000 trials over the DECODED Lap V count law + PACK v3.8 pool_member weights/limits; per-spawn-point totals match Lap V within 0.015)"
154,p04,"ring (Proxy, t=0)",True,hero01_unarmed,6,T1 (80%),Apparition / Possessed Armor / The Sentinel / Eldritch Armor,records/creatures/enemies/eldritcharmor_a01.dbr,Possessed Armor,trash,1.3818,"INFERRED (Monte Carlo 40,000 trials over the DECODED Lap V count law + PACK v3.8 pool_member weights/limits; per-spawn-point totals match Lap V within 0.015)"
154,p04,"ring (Proxy, t=0)",True,cannibal,12,T1 (80%),"Ugdenbog Wretch / Ugdenbog Turned / Ugdenbog Marked / Packla, the Turning",records/creatures/enemies/wendigocannibal_a01.dbr,Ugdenbog Wretch,trash,1.3539,"INFERRED (Monte Carlo 40,000 trials over the DECODED Lap V count law + PACK v3.8 pool_member weights/limits; per-spawn-point totals match Lap V within 0.015)"
154,p04,"ring (Proxy, t=0)",True,voidfiend,16,T1 (80%),Voidlurker Blightbearer / Voidlurker / Voidlurker Pestilence / Vom'Zul,records/creatures/enemies/chthonianwretch_b01.dbr,Voidlurker Blightbearer,trash,1.114,"INFERRED (Monte Carlo 40,000 trials over the DECODED Lap V count law + PACK v3.8 pool_member weights/limits; per-spawn-point totals match Lap V within 0.015)"
154,p04,"ring (Proxy, t=0)",True,voidfiend,16,T1 (80%),Voidlurker Blightbearer / Voidlurker / Voidlurker Pestilence / Vom'Zul,records/creatures/enemies/chthonianwretch_a01.dbr,Voidlurker,trash,0.8384,"INFERRED (Monte Carlo 40,000 trials over the DECODED Lap V count law + PACK v3.8 pool_member weights/limits; per-spawn-point totals match Lap V within 0.015)"
154,p04,"ring (Proxy, t=0)",True,hero01_unarmed,6,T1 (80%),Apparition / Possessed Armor / The Sentinel / Eldritch Armor,records/creatures/enemies/eldritcharmor_b01.dbr,Eldritch Armor,trash,0.8073,"INFERRED (Monte Carlo 40,000 trials over the DECODED Lap V count law + PACK v3.8 pool_member weights/limits; per-spawn-point totals match Lap V within 0.015)"
154,p04,"ring (Proxy, t=0)",True,cannibal,12,T1 (80%),"Ugdenbog Wretch / Ugdenbog Turned / Ugdenbog Marked / Packla, the Turning",records/creatures/enemies/wendigocannibal_b01.dbr,Ugdenbog Turned,trash,0.7907,"INFERRED (Monte Carlo 40,000 trials over the DECODED Lap V count law + PACK v3.8 pool_member weights/limits; per-spawn-point totals match Lap V within 0.015)"
154,p04,"ring (Proxy, t=0)",True,voidfiend,16,T1 (80%),Voidlurker Blightbearer / Voidlurker / Voidlurker Pestilence / Vom'Zul,records/creatures/enemies/chthonianwretch_c01.dbr,Voidlurker Pestilence,trash,0.7081,"INFERRED (Monte Carlo 40,000 trials over the DECODED Lap V count law + PACK v3.8 pool_member weights/limits; per-spawn-point totals match Lap V within 0.015)"
154,p04,"ring (Proxy, t=0)",True,hero01_unarmed,6,T1 (80%),Apparition / Possessed Armor / The Sentinel / Eldritch Armor,records/creatures/enemies/eldritcharmor_c01.dbr,Ancient Armor,trash,0.5083,"INFERRED (Monte Carlo 40,000 trials over the DECODED Lap V count law + PACK v3.8 pool_member weights/limits; per-spawn-point totals match Lap V within 0.015)"
154,p04,"ring (Proxy, t=0)",True,cannibal,12,T1 (80%),"Ugdenbog Wretch / Ugdenbog Turned / Ugdenbog Marked / Packla, the Turning",records/creatures/enemies/wendigocannibal_c01.dbr,Ugdenbog Marked,trash,0.4977,"INFERRED (Monte Carlo 40,000 trials over the DECODED Lap V count law + PACK v3.8 pool_member weights/limits; per-spawn-point totals match Lap V within 0.015)"
155,p01,"ring (Proxy, t=0)",True,aetherialcorruption,1,T1 (80%),Fleshwarped Aberration / Fleshwarped Stormwalker / Fleshwarped Chilled One / Fleshwarped Scorcher,records/creatures/enemies/boss&quest/aetherialcorruption_intro.dbr,"Dralgar, the Keeper of Burrwitch",boss,1.0,"INFERRED (Monte Carlo 40,000 trials over the DECODED Lap V count law + PACK v3.8 pool_member weights/limits; per-spawn-point totals match Lap V within 0.015)"
155,p02,"ring (Proxy, t=0)",True,hero01_unarmed,6,T1 (80%),Apparition / Possessed Armor / The Sentinel / Eldritch Armor,records/creatures/enemies/boss&quest/eldritcharmor_dreegmindreaper_01.dbr,"Ishtal, the Mind Reaper",boss,0.5063,"INFERRED (Monte Carlo 40,000 trials over the DECODED Lap V count law + PACK v3.8 pool_member weights/limits; per-spawn-point totals match Lap V within 0.015)"
155,p02,"ring (Proxy, t=0)",True,heroine01_unarmed,15,T1 (80%),"Apparition / Janaxia, the Betrayer / Larria, the Hexxer / Allostria, the Mindthief",records/creatures/enemies/boss&quest/humanascendant_mindthief_01.dbr,"Allostria, the Mindthief",boss,0.4937,"INFERRED (Monte Carlo 40,000 trials over the DECODED Lap V count law + PACK v3.8 pool_member weights/limits; per-spawn-point totals match Lap V within 0.015)"
155,p03,"ring (Proxy, t=0)",True,aetherialcorruption,1,T1 (80%),Fleshwarped Aberration / Fleshwarped Stormwalker / Fleshwarped Chilled One / Fleshwarped Scorcher,records/creatures/enemies/aetherialcorruption_c01.dbr,Fleshwarped Aberration,trash,2.3284,"INFERRED (Monte Carlo 40,000 trials over the DECODED Lap V count law + PACK v3.8 pool_member weights/limits; per-spawn-point totals match Lap V within 0.015)"
155,p03,"ring (Proxy, t=0)",True,aetherialimp,9,T1 (80%),Aetherial Scamp / Aetherial Imp / Brolbos ~ Arctic / Phigillius Stormbile,records/creatures/enemies/aetherialimp_a01.dbr,Aetherial Scamp,trash,1.6473,"INFERRED (Monte Carlo 40,000 trials over the DECODED Lap V count law + PACK v3.8 pool_member weights/limits; per-spawn-point totals match Lap V within 0.015)"
155,p03,"ring (Proxy, t=0)",True,wraith,2,T1 (80%),Wraith / Spiteful Wraith / Eldritch Spirit / Eldritch Spirit ~ Haunt,records/creatures/enemies/eldritchwraith_a01.dbr,Eldritch Spirit,trash,1.0787,"INFERRED (Monte Carlo 40,000 trials over the DECODED Lap V count law + PACK v3.8 pool_member weights/limits; per-spawn-point totals match Lap V within 0.015)"
155,p03,"ring (Proxy, t=0)",True,aetherialimp,9,T1 (80%),Aetherial Scamp / Aetherial Imp / Brolbos ~ Arctic / Phigillius Stormbile,records/creatures/enemies/aetherialimp_b01.dbr,Aetherial Imp,trash,0.8491,"INFERRED (Monte Carlo 40,000 trials over the DECODED Lap V count law + PACK v3.8 pool_member weights/limits; per-spawn-point totals match Lap V within 0.015)"
155,p03,"ring (Proxy, t=0)",True,wraith,2,T1 (80%),Wraith / Spiteful Wraith / Eldritch Spirit / Eldritch Spirit ~ Haunt,records/creatures/enemies/eldritchwraith_b01.dbr,Eldritch Spirit ~ Haunt,trash,0.8195,"INFERRED (Monte Carlo 40,000 trials over the DECODED Lap V count law + PACK v3.8 pool_member weights/limits; per-spawn-point totals match Lap V within 0.015)"
155,p03,"ring (Proxy, t=0)",True,wraith,2,T1 (80%),Wraith / Spiteful Wraith / Eldritch Spirit / Eldritch Spirit ~ Haunt,records/creatures/enemies/eldritchwraith_c01.dbr,Eldritch Spirit ~ Ancient,trash,0.4435,"INFERRED (Monte Carlo 40,000 trials over the DECODED Lap V count law + PACK v3.8 pool_member weights/limits; per-spawn-point totals match Lap V within 0.015)"
155,p04,"ring (Proxy, t=0)",True,aetherialcorruption,1,T1 (80%),Fleshwarped Aberration / Fleshwarped Stormwalker / Fleshwarped Chilled One / Fleshwarped Scorcher,records/creatures/enemies/aetherialcorruption_c01.dbr,Fleshwarped Aberration,trash,2.352,"INFERRED (Monte Carlo 40,000 trials over the DECODED Lap V count law + PACK v3.8 pool_member weights/limits; per-spawn-point totals match Lap V within 0.015)"
155,p04,"ring (Proxy, t=0)",True,aetherialimp,9,T1 (80%),Aetherial Scamp / Aetherial Imp / Brolbos ~ Arctic / Phigillius Stormbile,records/creatures/enemies/aetherialimp_a01.dbr,Aetherial Scamp,trash,1.6229,"INFERRED (Monte Carlo 40,000 trials over the DECODED Lap V count law + PACK v3.8 pool_member weights/limits; per-spawn-point totals match Lap V within 0.015)"
155,p04,"ring (Proxy, t=0)",True,wraith,2,T1 (80%),Wraith / Spiteful Wraith / Eldritch Spirit / Eldritch Spirit ~ Haunt,records/creatures/enemies/eldritchwraith_a01.dbr,Eldritch Spirit,trash,1.078,"INFERRED (Monte Carlo 40,000 trials over the DECODED Lap V count law + PACK v3.8 pool_member weights/limits; per-spawn-point totals match Lap V within 0.015)"
155,p04,"ring (Proxy, t=0)",True,aetherialimp,9,T1 (80%),Aetherial Scamp / Aetherial Imp / Brolbos ~ Arctic / Phigillius Stormbile,records/creatures/enemies/aetherialimp_b01.dbr,Aetherial Imp,trash,0.8519,"INFERRED (Monte Carlo 40,000 trials over the DECODED Lap V count law + PACK v3.8 pool_member weights/limits; per-spawn-point totals match Lap V within 0.015)"
155,p04,"ring (Proxy, t=0)",True,wraith,2,T1 (80%),Wraith / Spiteful Wraith / Eldritch Spirit / Eldritch Spirit ~ Haunt,records/creatures/enemies/eldritchwraith_b01.dbr,Eldritch Spirit ~ Haunt,trash,0.8209,"INFERRED (Monte Carlo 40,000 trials over the DECODED Lap V count law + PACK v3.8 pool_member weights/limits; per-spawn-point totals match Lap V within 0.015)"
155,p04,"ring (Proxy, t=0)",True,wraith,2,T1 (80%),Wraith / Spiteful Wraith / Eldritch Spirit / Eldritch Spirit ~ Haunt,records/creatures/enemies/eldritchwraith_c01.dbr,Eldritch Spirit ~ Ancient,trash,0.4383,"INFERRED (Monte Carlo 40,000 trials over the DECODED Lap V count law + PACK v3.8 pool_member weights/limits; per-spawn-point totals match Lap V within 0.015)"
155,p06,"p06 bonus (OFF in the oracle, V11-P06-1)",False,aetherialbloater,18,T1 (80%),Aetherial Bloater / Aetherial Bileeater / Aetherial Regurgitator / Blugrug the Living Plague,records/creatures/enemies/bounties/pm_bounty05.dbr,Bluggraag Blazebarf,champion-hero,0.0775,"INFERRED (Monte Carlo 40,000 trials over the DECODED Lap V count law + PACK v3.8 pool_member weights/limits; per-spawn-point totals match Lap V within 0.015)"
155,p06,"p06 bonus (OFF in the oracle, V11-P06-1)",False,aetherialcolossus,33,T2 (95%),"Galakros, the Mountain / Crognoth, the Blazing Vanguard / Stormtitan ~ Electrified / Thunderfist ~ Electrified",records/creatures/enemies/bounties/cu_bounty05.dbr,"Crognoth, the Blazing Vanguard",champion-hero,0.0772,"INFERRED (Monte Carlo 40,000 trials over the DECODED Lap V count law + PACK v3.8 pool_member weights/limits; per-spawn-point totals match Lap V within 0.015)"
155,p06,"p06 bonus (OFF in the oracle, V11-P06-1)",False,crabmonstrosity,4,T1 (80%),Ugdenbog Crab / Ugdenbog Spikeshell / Ugdenbog Stoneshell / Sparkmucker ~ Thundering,records/creatures/enemies/bounties/cu_bounty08.dbr,Chillpincer,champion-hero,0.0772,"INFERRED (Monte Carlo 40,000 trials over the DECODED Lap V count law + PACK v3.8 pool_member weights/limits; per-spawn-point totals match Lap V within 0.015)"
155,p06,"p06 bonus (OFF in the oracle, V11-P06-1)",False,basilisk,11,T1 (80%),Juvenile Basilisk / Venomgaze Basilisk / Stonegaze Basilisk / Stone Basilisk,records/creatures/enemies/bounties/cu_bounty07.dbr,Sllancar the Tainted,champion-hero,0.0771,"INFERRED (Monte Carlo 40,000 trials over the DECODED Lap V count law + PACK v3.8 pool_member weights/limits; per-spawn-point totals match Lap V within 0.015)"
155,p06,"p06 bonus (OFF in the oracle, V11-P06-1)",False,aetherialbloater,18,T1 (80%),Aetherial Bloater / Aetherial Bileeater / Aetherial Regurgitator / Blugrug the Living Plague,records/creatures/enemies/bounties/cu_bounty04.dbr,Vanoxxis Bile,champion-hero,0.0761,"INFERRED (Monte Carlo 40,000 trials over the DECODED Lap V count law + PACK v3.8 pool_member weights/limits; per-spawn-point totals match Lap V within 0.015)"
155,p06,"p06 bonus (OFF in the oracle, V11-P06-1)",False,wendigo,8,T1 (80%),Wendigo / Reaper of the Lost / Wendigo ~ Marroweater / Wendigo ~ Flayer,records/creatures/enemies/bounties/cu_bounty09.dbr,Vagarroth the Insatiable,champion-hero,0.0758,"INFERRED (Monte Carlo 40,000 trials over the DECODED Lap V count law + PACK v3.8 pool_member weights/limits; per-spawn-point totals match Lap V within 0.015)"
155,p06,"p06 bonus (OFF in the oracle, V11-P06-1)",False,golemswamp_phase01,5,T1 (80%),Ugdenbog Golem / Ugdenbog Mossflinger / Jormundur ~ Diseased / Ferrosius ~ Swift,records/creatures/enemies/bounties/cu_bounty06.dbr,Habnor the Void-Chosen,champion-hero,0.0744,"INFERRED (Monte Carlo 40,000 trials over the DECODED Lap V count law + PACK v3.8 pool_member weights/limits; per-spawn-point totals match Lap V within 0.015)"
155,p06,"p06 bonus (OFF in the oracle, V11-P06-1)",False,aetherialfleshshaper,31,T2 (95%),Fleshweaver Haraxis / Fleshshaper Hinissius / Blazragarus / Fleshweaver Krieg,records/creatures/enemies/bounties/pm_bounty07.dbr,Blazragarus,champion-hero,0.0744,"INFERRED (Monte Carlo 40,000 trials over the DECODED Lap V count law + PACK v3.8 pool_member weights/limits; per-spawn-point totals match Lap V within 0.015)"
155,p06,"p06 bonus (OFF in the oracle, V11-P06-1)",False,wraith,2,T1 (80%),Wraith / Spiteful Wraith / Eldritch Spirit / Eldritch Spirit ~ Haunt,records/creatures/enemies/bounties/cw_bounty08.dbr,Vladris ~ Vampiric,champion-hero,0.0736,"INFERRED (Monte Carlo 40,000 trials over the DECODED Lap V count law + PACK v3.8 pool_member weights/limits; per-spawn-point totals match Lap V within 0.015)"
155,p06,"p06 bonus (OFF in the oracle, V11-P06-1)",False,chthonianservitor,23,T2 (95%),"Lunal'Valgoth, Steward of Darkness / Chthonian Drone / Chthonian Servitor / Chthonian Harvester",records/creatures/enemies/bounties/cw_bounty05.dbr,Rhidal'Gulvor the Stormblood ~ Electrified,champion-hero,0.073,"INFERRED (Monte Carlo 40,000 trials over the DECODED Lap V count law + PACK v3.8 pool_member weights/limits; per-spawn-point totals match Lap V within 0.015)"
155,p06,"p06 bonus (OFF in the oracle, V11-P06-1)",False,yeti,19,T1 (80%),"Diremane Brute / Kubacabra, the Endless Menace / Diremane Icebreaker / Diremane Rager",records/creatures/enemies/bounties/cw_bounty09.dbr,Yoknar ~ Vampiric,champion-hero,0.0729,"INFERRED (Monte Carlo 40,000 trials over the DECODED Lap V count law + PACK v3.8 pool_member weights/limits; per-spawn-point totals match Lap V within 0.015)"
155,p06,"p06 bonus (OFF in the oracle, V11-P06-1)",False,aetherialcolossus,33,T2 (95%),"Galakros, the Mountain / Crognoth, the Blazing Vanguard / Stormtitan ~ Electrified / Thunderfist ~ Electrified",records/creatures/enemies/bounties/pm_bounty06.dbr,Stormtitan ~ Electrified,champion-hero,0.0728,"INFERRED (Monte Carlo 40,000 trials over the DECODED Lap V count law + PACK v3.8 pool_member weights/limits; per-spawn-point totals match Lap V within 0.015)"
155,p06,"p06 bonus (OFF in the oracle, V11-P06-1)",False,wraith,2,T1 (80%),Wraith / Spiteful Wraith / Eldritch Spirit / Eldritch Spirit ~ Haunt,records/creatures/enemies/bounties/cw_bounty07.dbr,Polterrios,champion-hero,0.0724,"INFERRED (Monte Carlo 40,000 trials over the DECODED Lap V count law + PACK v3.8 pool_member weights/limits; per-spawn-point totals match Lap V within 0.015)"
155,p06,"p06 bonus (OFF in the oracle, V11-P06-1)",False,chthonianrylok,17,T1 (80%),"Ekket'Zul, Progenitor of Darkness / Gabal'Thunn, the Visage of Madness / Void Rylok / Eldritch Gargoyle",records/creatures/enemies/bounties/cw_bounty04.dbr,Dar'Vagol the Mageclaw ~ Arcane,champion-hero,0.0722,"INFERRED (Monte Carlo 40,000 trials over the DECODED Lap V count law + PACK v3.8 pool_member weights/limits; per-spawn-point totals match Lap V within 0.015)"
155,p06,"p06 bonus (OFF in the oracle, V11-P06-1)",False,golemswamp_phase01,5,T1 (80%),Ugdenbog Golem / Ugdenbog Mossflinger / Jormundur ~ Diseased / Ferrosius ~ Swift,records/creatures/enemies/bounties/cw_bounty06.dbr,Swillius,champion-hero,0.0722,"INFERRED (Monte Carlo 40,000 trials over the DECODED Lap V count law + PACK v3.8 pool_member weights/limits; per-spawn-point totals match Lap V within 0.015)"
155,p06,"p06 bonus (OFF in the oracle, V11-P06-1)",False,heroine01_sword1h,22,T2 (95%),Haunted Noble / Torraxsteria ~ Frozen / Olga Flamebearer / Ludia Bloodwhisper,records/creatures/enemies/bounties/pm_bounty08.dbr,Torraxsteria ~ Frozen,champion-hero,0.072,"INFERRED (Monte Carlo 40,000 trials over the DECODED Lap V count law + PACK v3.8 pool_member weights/limits; per-spawn-point totals match Lap V within 0.015)"
155,p06,"p06 bonus (OFF in the oracle, V11-P06-1)",False,skeleton_01a_b,49,T3 (tail),"Zantarin, the Immortal / Death Revenant / Mortallis ~ Charger",records/creatures/enemies/bounties/odv_bounty13.dbr,Death Revenant,champion-hero,0.0484,"INFERRED (Monte Carlo 40,000 trials over the DECODED Lap V count law + PACK v3.8 pool_member weights/limits; per-spawn-point totals match Lap V within 0.015)"
155,p06,"p06 bonus (OFF in the oracle, V11-P06-1)",False,devourer,3,T1 (80%),Chthonian Hungerer / Chthonian Devourer / Chthonian Gorger / Narl'Sarroth,records/creatures/enemies/bounties/odv_bounty12.dbr,Narl'Sarroth,champion-hero,0.0478,"INFERRED (Monte Carlo 40,000 trials over the DECODED Lap V count law + PACK v3.8 pool_member weights/limits; per-spawn-point totals match Lap V within 0.015)"
155,p06,"p06 bonus (OFF in the oracle, V11-P06-1)",False,hero01_gun2h,62,T3 (tail),Oligeane Dar ~ Corrupted,records/creatures/enemies/bounties/ro_bounty10.dbr,Oligeane Dar ~ Corrupted,champion-hero,0.0469,"INFERRED (Monte Carlo 40,000 trials over the DECODED Lap V count law + PACK v3.8 pool_member weights/limits; per-spawn-point totals match Lap V within 0.015)"
155,p06,"p06 bonus (OFF in the oracle, V11-P06-1)",False,skeleton_01a_b,49,T3 (tail),"Zantarin, the Immortal / Death Revenant / Mortallis ~ Charger",records/creatures/enemies/bounties/ro_bounty12.dbr,Mortallis ~ Charger,champion-hero,0.0468,"INFERRED (Monte Carlo 40,000 trials over the DECODED Lap V count law + PACK v3.8 pool_member weights/limits; per-spawn-point totals match Lap V within 0.015)"
155,p06,"p06 bonus (OFF in the oracle, V11-P06-1)",False,ghoul,37,T3 (tail),"Plagius, the Decrepit / Gravvis, the Decayed / Corprus / Abathis, the Withered ~ Frozen",records/creatures/enemies/bounties/odv_bounty11.dbr,"Gravvis, the Decayed",champion-hero,0.0465,"INFERRED (Monte Carlo 40,000 trials over the DECODED Lap V count law + PACK v3.8 pool_member weights/limits; per-spawn-point totals match Lap V within 0.015)"
155,p06,"p06 bonus (OFF in the oracle, V11-P06-1)",False,hero01_sword1h,27,T2 (95%),"Haunted Champion / Ixall, Phantom of the Korvan Wastes / Horvald Shieldbreaker / Develos Ondal",records/creatures/enemies/bounties/odv_bounty07.dbr,Horvald Shieldbreaker,champion-hero,0.0463,"INFERRED (Monte Carlo 40,000 trials over the DECODED Lap V count law + PACK v3.8 pool_member weights/limits; per-spawn-point totals match Lap V within 0.015)"
155,p06,"p06 bonus (OFF in the oracle, V11-P06-1)",False,golembone_phase01,30,T2 (95%),"Skeletal Monstrosity / Ilgorr, the Eternal / Skeletal Gargantuan / Grum ~ Diseased",records/creatures/enemies/bounties/ro_bounty19.dbr,Grum ~ Diseased,champion-hero,0.0463,"INFERRED (Monte Carlo 40,000 trials over the DECODED Lap V count law + PACK v3.8 pool_member weights/limits; per-spawn-point totals match Lap V within 0.015)"
155,p06,"p06 bonus (OFF in the oracle, V11-P06-1)",False,reanimator,48,T3 (tail),"Valdaran, the Storm Scourge / Barrostrandt, the Ascended ~ Swift / Nalloth, the Frostbound / Phabius",records/creatures/enemies/bounties/odv_bounty10.dbr,"Barrostrandt, the Ascended ~ Swift",champion-hero,0.0459,"INFERRED (Monte Carlo 40,000 trials over the DECODED Lap V count law + PACK v3.8 pool_member weights/limits; per-spawn-point totals match Lap V within 0.015)"
155,p06,"p06 bonus (OFF in the oracle, V11-P06-1)",False,heroine01_sword1h,22,T2 (95%),Haunted Noble / Torraxsteria ~ Frozen / Olga Flamebearer / Ludia Bloodwhisper,records/creatures/enemies/bounties/odv_bounty08.dbr,Olga Flamebearer,champion-hero,0.0458,"INFERRED (Monte Carlo 40,000 trials over the DECODED Lap V count law + PACK v3.8 pool_member weights/limits; per-spawn-point totals match Lap V within 0.015)"
155,p06,"p06 bonus (OFF in the oracle, V11-P06-1)",False,heroine01_sword1h,22,T2 (95%),Haunted Noble / Torraxsteria ~ Frozen / Olga Flamebearer / Ludia Bloodwhisper,records/creatures/enemies/bounties/kc_bounty19.dbr,Ludia Bloodwhisper,champion-hero,0.0457,"INFERRED (Monte Carlo 40,000 trials over the DECODED Lap V count law + PACK v3.8 pool_member weights/limits; per-spawn-point totals match Lap V within 0.015)"
155,p06,"p06 bonus (OFF in the oracle, V11-P06-1)",False,heroine01_unarmed,15,T1 (80%),"Apparition / Janaxia, the Betrayer / Larria, the Hexxer / Allostria, the Mindthief",records/creatures/enemies/bounties/odv_bounty06.dbr,Halvastra Wrathfire,champion-hero,0.0456,"INFERRED (Monte Carlo 40,000 trials over the DECODED Lap V count law + PACK v3.8 pool_member weights/limits; per-spawn-point totals match Lap V within 0.015)"
155,p06,"p06 bonus (OFF in the oracle, V11-P06-1)",False,harpy,61,T3 (tail),Rixna Plaguefeather,records/creatures/enemies/bounties/ro_bounty11.dbr,Rixna Plaguefeather,champion-hero,0.045,"INFERRED (Monte Carlo 40,000 trials over the DECODED Lap V count law + PACK v3.8 pool_member weights/limits; per-spawn-point totals match Lap V within 0.015)"
155,p06,"p06 bonus (OFF in the oracle, V11-P06-1)",False,half-troll_corrupted_sword1h,56,T3 (tail),"Narroth, the Behemoth ~ Electrified / Harrath, the Returned",records/creatures/enemies/bounties/odv_bounty09.dbr,"Narroth, the Behemoth ~ Electrified",champion-hero,0.0449,"INFERRED (Monte Carlo 40,000 trials over the DECODED Lap V count law + PACK v3.8 pool_member weights/limits; per-spawn-point totals match Lap V within 0.015)"
155,p06,"p06 bonus (OFF in the oracle, V11-P06-1)",False,dermapteran,65,T3 (tail),Vizier Haxin,records/creatures/enemies/bounties/hs_bounty11.dbr,Vizier Haxin,champion-hero,0.0432,"INFERRED (Monte Carlo 40,000 trials over the DECODED Lap V count law + PACK v3.8 pool_member weights/limits; per-spawn-point totals match Lap V within 0.015)"
155,p06,"p06 bonus (OFF in the oracle, V11-P06-1)",False,stalker,52,T3 (tail),"Benn'Jahr, the Colossal / Innu'Garbal / Luthus'Balok",records/creatures/enemies/bounties/bl_bounty20.dbr,Luthus'Balok,champion-hero,0.0415,"INFERRED (Monte Carlo 40,000 trials over the DECODED Lap V count law + PACK v3.8 pool_member weights/limits; per-spawn-point totals match Lap V within 0.015)"
155,p06,"p06 bonus (OFF in the oracle, V11-P06-1)",False,ghoul,37,T3 (tail),"Plagius, the Decrepit / Gravvis, the Decayed / Corprus / Abathis, the Withered ~ Frozen",records/creatures/enemies/bounties/bl_bounty19.dbr,Corprus,champion-hero,0.0414,"INFERRED (Monte Carlo 40,000 trials over the DECODED Lap V count law + PACK v3.8 pool_member weights/limits; per-spawn-point totals match Lap V within 0.015)"
155,p06,"p06 bonus (OFF in the oracle, V11-P06-1)",False,thornedhorrora01,13,T1 (80%),Rimethorn Horror / Rimethorn Terror / Rimethorn Monstrosity / Everbarb ~ Reflective,records/creatures/enemies/bounties/bl_bounty10.dbr,Emberjaw,champion-hero,0.0413,"INFERRED (Monte Carlo 40,000 trials over the DECODED Lap V count law + PACK v3.8 pool_member weights/limits; per-spawn-point totals match Lap V within 0.015)"
155,p06,"p06 bonus (OFF in the oracle, V11-P06-1)",False,stalker,52,T3 (tail),"Benn'Jahr, the Colossal / Innu'Garbal / Luthus'Balok",records/creatures/enemies/bounties/exile_bounty13.dbr,Innu'Garbal,champion-hero,0.0412,"INFERRED (Monte Carlo 40,000 trials over the DECODED Lap V count law + PACK v3.8 pool_member weights/limits; per-spawn-point totals match Lap V within 0.015)"
155,p06,"p06 bonus (OFF in the oracle, V11-P06-1)",False,half-troll_corrupted_sword1h,56,T3 (tail),"Narroth, the Behemoth ~ Electrified / Harrath, the Returned",records/creatures/enemies/bounties/bl_bounty17.dbr,"Harrath, the Returned",champion-hero,0.0411,"INFERRED (Monte Carlo 40,000 trials over the DECODED Lap V count law + PACK v3.8 pool_member weights/limits; per-spawn-point totals match Lap V within 0.015)"
155,p06,"p06 bonus (OFF in the oracle, V11-P06-1)",False,hero01_unarmed,6,T1 (80%),Apparition / Possessed Armor / The Sentinel / Eldritch Armor,records/creatures/enemies/bounties/dc_bounty07.dbr,"Bolla ""The Raven""",champion-hero,0.041,"INFERRED (Monte Carlo 40,000 trials over the DECODED Lap V count law + PACK v3.8 pool_member weights/limits; per-spawn-point totals match Lap V within 0.015)"
155,p06,"p06 bonus (OFF in the oracle, V11-P06-1)",False,heroine01_unarmed,15,T1 (80%),"Apparition / Janaxia, the Betrayer / Larria, the Hexxer / Allostria, the Mindthief",records/creatures/enemies/bounties/kc_bounty08.dbr,Igniaa Venomtongue,champion-hero,0.041,"INFERRED (Monte Carlo 40,000 trials over the DECODED Lap V count law + PACK v3.8 pool_member weights/limits; per-spawn-point totals match Lap V within 0.015)"
155,p06,"p06 bonus (OFF in the oracle, V11-P06-1)",False,heroine01_unarmed,15,T1 (80%),"Apparition / Janaxia, the Betrayer / Larria, the Hexxer / Allostria, the Mindthief",records/creatures/enemies/bounties/exile_bounty14.dbr,Conastaria ~ Corrupted,champion-hero,0.0409,"INFERRED (Monte Carlo 40,000 trials over the DECODED Lap V count law + PACK v3.8 pool_member weights/limits; per-spawn-point totals match Lap V within 0.015)"
155,p06,"p06 bonus (OFF in the oracle, V11-P06-1)",False,troll,66,T3 (tail),Bogloth the Marrowdrinker,records/creatures/enemies/bounties/hs_bounty09.dbr,Bogloth the Marrowdrinker,champion-hero,0.0408,"INFERRED (Monte Carlo 40,000 trials over the DECODED Lap V count law + PACK v3.8 pool_member weights/limits; per-spawn-point totals match Lap V within 0.015)"
155,p06,"p06 bonus (OFF in the oracle, V11-P06-1)",False,hero01_unarmed,6,T1 (80%),Apparition / Possessed Armor / The Sentinel / Eldritch Armor,records/creatures/enemies/bounties/dc_bounty06.dbr,"""The Bruiser"" Romanov ~ Charger",champion-hero,0.0407,"INFERRED (Monte Carlo 40,000 trials over the DECODED Lap V count law + PACK v3.8 pool_member weights/limits; per-spawn-point totals match Lap V within 0.015)"
155,p06,"p06 bonus (OFF in the oracle, V11-P06-1)",False,hero01_unarmed,6,T1 (80%),Apparition / Possessed Armor / The Sentinel / Eldritch Armor,records/creatures/enemies/bounties/kc_bounty07.dbr,Holvuur Bonespeaker ~ Swift,champion-hero,0.0405,"INFERRED (Monte Carlo 40,000 trials over the DECODED Lap V count law + PACK v3.8 pool_member weights/limits; per-spawn-point totals match Lap V within 0.015)"
155,p06,"p06 bonus (OFF in the oracle, V11-P06-1)",False,reanimator,48,T3 (tail),"Valdaran, the Storm Scourge / Barrostrandt, the Ascended ~ Swift / Nalloth, the Frostbound / Phabius",records/creatures/enemies/bounties/hs_bounty13.dbr,Phabius,champion-hero,0.0404,"INFERRED (Monte Carlo 40,000 trials over the DECODED Lap V count law + PACK v3.8 pool_member weights/limits; per-spawn-point totals match Lap V within 0.015)"
155,p06,"p06 bonus (OFF in the oracle, V11-P06-1)",False,voidfiend,16,T1 (80%),Voidlurker Blightbearer / Voidlurker / Voidlurker Pestilence / Vom'Zul,records/creatures/enemies/bounties/kc_bounty09.dbr,Vom'Zul,champion-hero,0.0404,"INFERRED (Monte Carlo 40,000 trials over the DECODED Lap V count law + PACK v3.8 pool_member weights/limits; per-spawn-point totals match Lap V within 0.015)"
155,p06,"p06 bonus (OFF in the oracle, V11-P06-1)",False,ghoul,37,T3 (tail),"Plagius, the Decrepit / Gravvis, the Decayed / Corprus / Abathis, the Withered ~ Frozen",records/creatures/enemies/bounties/kc_bounty11.dbr,"Abathis, the Withered ~ Frozen",champion-hero,0.0404,"INFERRED (Monte Carlo 40,000 trials over the DECODED Lap V count law + PACK v3.8 pool_member weights/limits; per-spawn-point totals match Lap V within 0.015)"
155,p06,"p06 bonus (OFF in the oracle, V11-P06-1)",False,heroine01_unarmed,15,T1 (80%),"Apparition / Janaxia, the Betrayer / Larria, the Hexxer / Allostria, the Mindthief",records/creatures/enemies/bounties/exile_bounty15.dbr,Ludia Starfire,champion-hero,0.0402,"INFERRED (Monte Carlo 40,000 trials over the DECODED Lap V count law + PACK v3.8 pool_member weights/limits; per-spawn-point totals match Lap V within 0.015)"
155,p06,"p06 bonus (OFF in the oracle, V11-P06-1)",False,prawn,55,T3 (tail),"Sicrix, the Skittering ~ Voidtouched / Idricrix ~ Electrified / Direcrix / Malocrix ~ Voidtouched",records/creatures/enemies/bounties/bl_bounty09.dbr,"Sicrix, the Skittering ~ Voidtouched",champion-hero,0.0401,"INFERRED (Monte Carlo 40,000 trials over the DECODED Lap V count law + PACK v3.8 pool_member weights/limits; per-spawn-point totals match Lap V within 0.015)"
155,p06,"p06 bonus (OFF in the oracle, V11-P06-1)",False,zombiemutated02,53,T3 (tail),Ballior ~ Burning / Swiftrot ~ Swift / Bloodwretch ~ Swift / Vampireon,records/creatures/enemies/bounties/dc_bounty09.dbr,Ballior ~ Burning,champion-hero,0.04,"INFERRED (Monte Carlo 40,000 trials over the DECODED Lap V count law + PACK v3.8 pool_member weights/limits; per-spawn-point totals match Lap V within 0.015)"
155,p06,"p06 bonus (OFF in the oracle, V11-P06-1)",False,hero01_unarmed,6,T1 (80%),Apparition / Possessed Armor / The Sentinel / Eldritch Armor,records/creatures/enemies/bounties/dc_bounty11.dbr,"Caspis, the Blooddrinker",champion-hero,0.04,"INFERRED (Monte Carlo 40,000 trials over the DECODED Lap V count law + PACK v3.8 pool_member weights/limits; per-spawn-point totals match Lap V within 0.015)"
155,p06,"p06 bonus (OFF in the oracle, V11-P06-1)",False,hero01_unarmed,6,T1 (80%),Apparition / Possessed Armor / The Sentinel / Eldritch Armor,records/creatures/enemies/bounties/dc_bounty10.dbr,"Igor ""The Brawler"" ~ Corrupted",champion-hero,0.0399,"INFERRED (Monte Carlo 40,000 trials over the DECODED Lap V count law + PACK v3.8 pool_member weights/limits; per-spawn-point totals match Lap V within 0.015)"
155,p06,"p06 bonus (OFF in the oracle, V11-P06-1)",False,abomination,58,T3 (tail),Chthonian Unraveler,records/creatures/enemies/bounties/kc_bounty13.dbr,Chthonian Unraveler,champion-hero,0.0399,"INFERRED (Monte Carlo 40,000 trials over the DECODED Lap V count law + PACK v3.8 pool_member weights/limits; per-spawn-point totals match Lap V within 0.015)"
155,p06,"p06 bonus (OFF in the oracle, V11-P06-1)",False,run_01,46,T3 (tail),Nucus'Dal / Mal'Thallon ~ Frozen / Blagal'Doth / Elegor'Dar,records/creatures/enemies/bounties/exile_bounty12.dbr,Nucus'Dal,champion-hero,0.0395,"INFERRED (Monte Carlo 40,000 trials over the DECODED Lap V count law + PACK v3.8 pool_member weights/limits; per-spawn-point totals match Lap V within 0.015)"
155,p06,"p06 bonus (OFF in the oracle, V11-P06-1)",False,slith01,44,T3 (tail),"Slathra, the Plagued / Wrallan ~ Electrified / Lunorius / Balladra Stormscion",records/creatures/enemies/bounties/dc_bounty08.dbr,"Slathra, the Plagued",champion-hero,0.0394,"INFERRED (Monte Carlo 40,000 trials over the DECODED Lap V count law + PACK v3.8 pool_member weights/limits; per-spawn-point totals match Lap V within 0.015)"
155,p06,"p06 bonus (OFF in the oracle, V11-P06-1)",False,half-troll_sword1h,67,T3 (tail),Glukrog Lifedrinker,records/creatures/enemies/bounties/hs_bounty12.dbr,Glukrog Lifedrinker,champion-hero,0.0394,"INFERRED (Monte Carlo 40,000 trials over the DECODED Lap V count law + PACK v3.8 pool_member weights/limits; per-spawn-point totals match Lap V within 0.015)"
155,p06,"p06 bonus (OFF in the oracle, V11-P06-1)",False,weavil,64,T3 (tail),The Locust,records/creatures/enemies/bounties/hs_bounty10.dbr,The Locust,champion-hero,0.0393,"INFERRED (Monte Carlo 40,000 trials over the DECODED Lap V count law + PACK v3.8 pool_member weights/limits; per-spawn-point totals match Lap V within 0.015)"
155,p06,"p06 bonus (OFF in the oracle, V11-P06-1)",False,hero01_unarmed,6,T1 (80%),Apparition / Possessed Armor / The Sentinel / Eldritch Armor,records/creatures/enemies/bounties/dc_bounty15.dbr,"Rostov, the Aetherflame ~ Charger",champion-hero,0.039,"INFERRED (Monte Carlo 40,000 trials over the DECODED Lap V count law + PACK v3.8 pool_member weights/limits; per-spawn-point totals match Lap V within 0.015)"
155,p06,"p06 bonus (OFF in the oracle, V11-P06-1)",False,reanimator,48,T3 (tail),"Valdaran, the Storm Scourge / Barrostrandt, the Ascended ~ Swift / Nalloth, the Frostbound / Phabius",records/creatures/enemies/bounties/dc_bounty17.dbr,"Nalloth, the Frostbound",champion-hero,0.0389,"INFERRED (Monte Carlo 40,000 trials over the DECODED Lap V count law + PACK v3.8 pool_member weights/limits; per-spawn-point totals match Lap V within 0.015)"
155,p06,"p06 bonus (OFF in the oracle, V11-P06-1)",False,heroine01_unarmed,15,T1 (80%),"Apparition / Janaxia, the Betrayer / Larria, the Hexxer / Allostria, the Mindthief",records/creatures/enemies/bounties/bl_bounty18.dbr,Padmanestia,champion-hero,0.0388,"INFERRED (Monte Carlo 40,000 trials over the DECODED Lap V count law + PACK v3.8 pool_member weights/limits; per-spawn-point totals match Lap V within 0.015)"
155,p06,"p06 bonus (OFF in the oracle, V11-P06-1)",False,devourer,3,T1 (80%),Chthonian Hungerer / Chthonian Devourer / Chthonian Gorger / Narl'Sarroth,records/creatures/enemies/bounties/bl_bounty08.dbr,Gluttrius'Maw,champion-hero,0.0384,"INFERRED (Monte Carlo 40,000 trials over the DECODED Lap V count law + PACK v3.8 pool_member weights/limits; per-spawn-point totals match Lap V within 0.015)"
155,p06,"p06 bonus (OFF in the oracle, V11-P06-1)",False,hero01_unarmed,6,T1 (80%),Apparition / Possessed Armor / The Sentinel / Eldritch Armor,records/creatures/enemies/bounties/kc_bounty10.dbr,"Thullon, Chosen of Ch'thon",champion-hero,0.0384,"INFERRED (Monte Carlo 40,000 trials over the DECODED Lap V count law + PACK v3.8 pool_member weights/limits; per-spawn-point totals match Lap V within 0.015)"
156,p01,"ring (Proxy, t=0)",True,heroine01_unarmed,15,T1 (80%),"Apparition / Janaxia, the Betrayer / Larria, the Hexxer / Allostria, the Mindthief",records/creatures/enemies/boss&quest/witch_janaxia.dbr,"Janaxia, the Betrayer",boss,1.0,"INFERRED (Monte Carlo 40,000 trials over the DECODED Lap V count law + PACK v3.8 pool_member weights/limits; per-spawn-point totals match Lap V within 0.015)"
156,p02,"ring (Proxy, t=0)",True,basilisk,11,T1 (80%),Juvenile Basilisk / Venomgaze Basilisk / Stonegaze Basilisk / Stone Basilisk,records/creatures/enemies/boss&quest/basilisk_witchritual.dbr,Stone Basilisk,boss,0.5086,"INFERRED (Monte Carlo 40,000 trials over the DECODED Lap V count law + PACK v3.8 pool_member weights/limits; per-spawn-point totals match Lap V within 0.015)"
156,p02,"ring (Proxy, t=0)",True,hellhound,41,T3 (tail),Siff Icehowl,records/creatures/enemies/boss&quest/direwolf_frozenwastes_01.dbr,Siff Icehowl,boss,0.4914,"INFERRED (Monte Carlo 40,000 trials over the DECODED Lap V count law + PACK v3.8 pool_member weights/limits; per-spawn-point totals match Lap V within 0.015)"
156,p03,"ring (Proxy, t=0)",True,heroine01_unarmed,15,T1 (80%),"Apparition / Janaxia, the Betrayer / Larria, the Hexxer / Allostria, the Mindthief",records/creatures/enemies/boss&quest/witch_larria.dbr,"Larria, the Hexxer",boss,0.5004,"INFERRED (Monte Carlo 40,000 trials over the DECODED Lap V count law + PACK v3.8 pool_member weights/limits; per-spawn-point totals match Lap V within 0.015)"
156,p03,"ring (Proxy, t=0)",True,heroine01_sword1h_floating,38,T3 (tail),Yurra Voideye,records/creatures/enemies/boss&quest/human_chthonickurn_shaman_01.dbr,Yurra Voideye,boss,0.4996,"INFERRED (Monte Carlo 40,000 trials over the DECODED Lap V count law + PACK v3.8 pool_member weights/limits; per-spawn-point totals match Lap V within 0.015)"
156,p04,"ring (Proxy, t=0)",True,aetherialbloater,18,T1 (80%),Aetherial Bloater / Aetherial Bileeater / Aetherial Regurgitator / Blugrug the Living Plague,records/creatures/enemies/aetherialbloater_a01.dbr,Aetherial Bloater,trash,0.5605,"INFERRED (Monte Carlo 40,000 trials over the DECODED Lap V count law + PACK v3.8 pool_member weights/limits; per-spawn-point totals match Lap V within 0.015)"
156,p04,"ring (Proxy, t=0)",True,golemswamp_phase01,5,T1 (80%),Ugdenbog Golem / Ugdenbog Mossflinger / Jormundur ~ Diseased / Ferrosius ~ Swift,records/creatures/enemies/swampgolem_a01.dbr,Ugdenbog Golem,trash,0.5331,"INFERRED (Monte Carlo 40,000 trials over the DECODED Lap V count law + PACK v3.8 pool_member weights/limits; per-spawn-point totals match Lap V within 0.015)"
156,p04,"ring (Proxy, t=0)",True,golemswamp_phase01,5,T1 (80%),Ugdenbog Golem / Ugdenbog Mossflinger / Jormundur ~ Diseased / Ferrosius ~ Swift,records/creatures/enemies/swampgolem_b01.dbr,Ugdenbog Mossflinger,trash,0.4752,"INFERRED (Monte Carlo 40,000 trials over the DECODED Lap V count law + PACK v3.8 pool_member weights/limits; per-spawn-point totals match Lap V within 0.015)"
156,p04,"ring (Proxy, t=0)",True,aetherialbloater,18,T1 (80%),Aetherial Bloater / Aetherial Bileeater / Aetherial Regurgitator / Blugrug the Living Plague,records/creatures/enemies/aetherialbloater_b01.dbr,Aetherial Bileeater,trash,0.4743,"INFERRED (Monte Carlo 40,000 trials over the DECODED Lap V count law + PACK v3.8 pool_member weights/limits; per-spawn-point totals match Lap V within 0.015)"
156,p04,"ring (Proxy, t=0)",True,voidfiend,16,T1 (80%),Voidlurker Blightbearer / Voidlurker / Voidlurker Pestilence / Vom'Zul,records/creatures/enemies/chthonianwretch_a01.dbr,Voidlurker,trash,0.4077,"INFERRED (Monte Carlo 40,000 trials over the DECODED Lap V count law + PACK v3.8 pool_member weights/limits; per-spawn-point totals match Lap V within 0.015)"
156,p04,"ring (Proxy, t=0)",True,voidfiend,16,T1 (80%),Voidlurker Blightbearer / Voidlurker / Voidlurker Pestilence / Vom'Zul,records/creatures/enemies/chthonianwretch_b01.dbr,Voidlurker Blightbearer,trash,0.3395,"INFERRED (Monte Carlo 40,000 trials over the DECODED Lap V count law + PACK v3.8 pool_member weights/limits; per-spawn-point totals match Lap V within 0.015)"
156,p04,"ring (Proxy, t=0)",True,voidfiend,16,T1 (80%),Voidlurker Blightbearer / Voidlurker / Voidlurker Pestilence / Vom'Zul,records/creatures/enemies/chthonianwretch_c01.dbr,Voidlurker Pestilence,trash,0.3356,"INFERRED (Monte Carlo 40,000 trials over the DECODED Lap V count law + PACK v3.8 pool_member weights/limits; per-spawn-point totals match Lap V within 0.015)"
156,p04,"ring (Proxy, t=0)",True,chthonianherald,32,T2 (95%),"Chthonian Herald / Chthonian Portent / Nyarlathon, Herald of Annihilation / Chthonian Omen",records/creatures/enemies/chthonianherald_a01.dbr,Chthonian Herald,trash,0.3352,"INFERRED (Monte Carlo 40,000 trials over the DECODED Lap V count law + PACK v3.8 pool_member weights/limits; per-spawn-point totals match Lap V within 0.015)"
156,p04,"ring (Proxy, t=0)",True,aetherialcorruption,1,T1 (80%),Fleshwarped Aberration / Fleshwarped Stormwalker / Fleshwarped Chilled One / Fleshwarped Scorcher,records/creatures/enemies/aetherialcorruption_a01.dbr,Fleshwarped Corruption,trash,0.2793,"INFERRED (Monte Carlo 40,000 trials over the DECODED Lap V count law + PACK v3.8 pool_member weights/limits; per-spawn-point totals match Lap V within 0.015)"
156,p04,"ring (Proxy, t=0)",True,golemswamp_phase01,5,T1 (80%),Ugdenbog Golem / Ugdenbog Mossflinger / Jormundur ~ Diseased / Ferrosius ~ Swift,records/creatures/enemies/swampgolem_c01.dbr,Ugdenbog Overgrowth,trash,0.242,"INFERRED (Monte Carlo 40,000 trials over the DECODED Lap V count law + PACK v3.8 pool_member weights/limits; per-spawn-point totals match Lap V within 0.015)"
156,p04,"ring (Proxy, t=0)",True,aetherialbloater,18,T1 (80%),Aetherial Bloater / Aetherial Bileeater / Aetherial Regurgitator / Blugrug the Living Plague,records/creatures/enemies/aetherialbloater_c01.dbr,Aetherial Regurgitator,trash,0.2223,"INFERRED (Monte Carlo 40,000 trials over the DECODED Lap V count law + PACK v3.8 pool_member weights/limits; per-spawn-point totals match Lap V within 0.015)"
156,p04,"ring (Proxy, t=0)",True,aetherialcorruption,1,T1 (80%),Fleshwarped Aberration / Fleshwarped Stormwalker / Fleshwarped Chilled One / Fleshwarped Scorcher,records/creatures/enemies/aetherialcorruption_c01.dbr,Fleshwarped Aberration,trash,0.2099,"INFERRED (Monte Carlo 40,000 trials over the DECODED Lap V count law + PACK v3.8 pool_member weights/limits; per-spawn-point totals match Lap V within 0.015)"
156,p04,"ring (Proxy, t=0)",True,chthonianherald,32,T2 (95%),"Chthonian Herald / Chthonian Portent / Nyarlathon, Herald of Annihilation / Chthonian Omen",records/creatures/enemies/chthonianherald_b01.dbr,Chthonian Portent,trash,0.205,"INFERRED (Monte Carlo 40,000 trials over the DECODED Lap V count law + PACK v3.8 pool_member weights/limits; per-spawn-point totals match Lap V within 0.015)"
156,p04,"ring (Proxy, t=0)",True,possessedstatue,24,T2 (95%),"The Steward / Risen Stone, Temple Guardian / Animated Keeper",records/creatures/enemies/statue_a02.dbr,Animated Keeper,trash,0.2025,"INFERRED (Monte Carlo 40,000 trials over the DECODED Lap V count law + PACK v3.8 pool_member weights/limits; per-spawn-point totals match Lap V within 0.015)"
156,p04,"ring (Proxy, t=0)",True,possessedstatue,24,T2 (95%),"The Steward / Risen Stone, Temple Guardian / Animated Keeper",records/creatures/enemies/statue_a01.dbr,Animated Keeper,trash,0.2001,"INFERRED (Monte Carlo 40,000 trials over the DECODED Lap V count law + PACK v3.8 pool_member weights/limits; per-spawn-point totals match Lap V within 0.015)"
156,p04,"ring (Proxy, t=0)",True,possessedstatue,24,T2 (95%),"The Steward / Risen Stone, Temple Guardian / Animated Keeper",records/creatures/enemies/statue_b02.dbr,Animated Watcher,trash,0.1587,"INFERRED (Monte Carlo 40,000 trials over the DECODED Lap V count law + PACK v3.8 pool_member weights/limits; per-spawn-point totals match Lap V within 0.015)"
156,p04,"ring (Proxy, t=0)",True,possessedstatue,24,T2 (95%),"The Steward / Risen Stone, Temple Guardian / Animated Keeper",records/creatures/enemies/statue_b01.dbr,Animated Watcher,trash,0.1583,"INFERRED (Monte Carlo 40,000 trials over the DECODED Lap V count law + PACK v3.8 pool_member weights/limits; per-spawn-point totals match Lap V within 0.015)"
156,p04,"ring (Proxy, t=0)",True,chthonianherald,32,T2 (95%),"Chthonian Herald / Chthonian Portent / Nyarlathon, Herald of Annihilation / Chthonian Omen",records/creatures/enemies/chthonianherald_c01.dbr,Chthonian Omen,trash,0.1444,"INFERRED (Monte Carlo 40,000 trials over the DECODED Lap V count law + PACK v3.8 pool_member weights/limits; per-spawn-point totals match Lap V within 0.015)"
156,p04,"ring (Proxy, t=0)",True,wraith,2,T1 (80%),Wraith / Spiteful Wraith / Eldritch Spirit / Eldritch Spirit ~ Haunt,records/creatures/enemies/eldritchwraith_b01.dbr,Eldritch Spirit ~ Haunt,trash,0.1085,"INFERRED (Monte Carlo 40,000 trials over the DECODED Lap V count law + PACK v3.8 pool_member weights/limits; per-spawn-point totals match Lap V within 0.015)"
156,p04,"ring (Proxy, t=0)",True,wraith,2,T1 (80%),Wraith / Spiteful Wraith / Eldritch Spirit / Eldritch Spirit ~ Haunt,records/creatures/enemies/eldritchwraith_a01.dbr,Eldritch Spirit,trash,0.1059,"INFERRED (Monte Carlo 40,000 trials over the DECODED Lap V count law + PACK v3.8 pool_member weights/limits; per-spawn-point totals match Lap V within 0.015)"
156,p04,"ring (Proxy, t=0)",True,possessedstatue,24,T2 (95%),"The Steward / Risen Stone, Temple Guardian / Animated Keeper",records/creatures/enemies/statue_c01.dbr,Animated Preserver,trash,0.0924,"INFERRED (Monte Carlo 40,000 trials over the DECODED Lap V count law + PACK v3.8 pool_member weights/limits; per-spawn-point totals match Lap V within 0.015)"
156,p04,"ring (Proxy, t=0)",True,possessedstatue,24,T2 (95%),"The Steward / Risen Stone, Temple Guardian / Animated Keeper",records/creatures/enemies/statue_c02.dbr,Animated Preserver,trash,0.0894,"INFERRED (Monte Carlo 40,000 trials over the DECODED Lap V count law + PACK v3.8 pool_member weights/limits; per-spawn-point totals match Lap V within 0.015)"
156,p05,"p05 ambush (ProxyAmbush, +4.0 s, emergence clip)",True,aetherialcorruption,1,T1 (80%),Fleshwarped Aberration / Fleshwarped Stormwalker / Fleshwarped Chilled One / Fleshwarped Scorcher,records/creatures/enemies/aetherialcorruption_b02.dbr,Fleshwarped Stormwalker,trash,2.3576,"INFERRED (Monte Carlo 40,000 trials over the DECODED Lap V count law + PACK v3.8 pool_member weights/limits; per-spawn-point totals match Lap V within 0.015)"
156,p05,"p05 ambush (ProxyAmbush, +4.0 s, emergence clip)",True,aetherialcorruption,1,T1 (80%),Fleshwarped Aberration / Fleshwarped Stormwalker / Fleshwarped Chilled One / Fleshwarped Scorcher,records/creatures/enemies/aetherialcorruption_b01.dbr,Fleshwarped Chilled One,trash,2.3333,"INFERRED (Monte Carlo 40,000 trials over the DECODED Lap V count law + PACK v3.8 pool_member weights/limits; per-spawn-point totals match Lap V within 0.015)"
156,p05,"p05 ambush (ProxyAmbush, +4.0 s, emergence clip)",True,aetherialcorruption,1,T1 (80%),Fleshwarped Aberration / Fleshwarped Stormwalker / Fleshwarped Chilled One / Fleshwarped Scorcher,records/creatures/enemies/aetherialcorruption_b03.dbr,Fleshwarped Scorcher,trash,2.3091,"INFERRED (Monte Carlo 40,000 trials over the DECODED Lap V count law + PACK v3.8 pool_member weights/limits; per-spawn-point totals match Lap V within 0.015)"
156,p06,"p06 bonus (OFF in the oracle, V11-P06-1)",False,hero01_gun1h,68,T3 (tail),Ugdenbog Cannibal ~ Bloodsinger,records/creatures/enemies/human_wendigo_b01.dbr,Ugdenbog Cannibal ~ Bloodsinger,trash,2.4634,"INFERRED (Monte Carlo 40,000 trials over the DECODED Lap V count law + PACK v3.8 pool_member weights/limits; per-spawn-point totals match Lap V within 0.015)"
156,p06,"p06 bonus (OFF in the oracle, V11-P06-1)",False,hero01_sword1h,27,T2 (95%),"Haunted Champion / Ixall, Phantom of the Korvan Wastes / Horvald Shieldbreaker / Develos Ondal",records/creatures/enemies/human_wendigo_a01.dbr,Ugdenbog Cannibal ~ Fleshcrazed,trash,1.6173,"INFERRED (Monte Carlo 40,000 trials over the DECODED Lap V count law + PACK v3.8 pool_member weights/limits; per-spawn-point totals match Lap V within 0.015)"
156,p06,"p06 bonus (OFF in the oracle, V11-P06-1)",False,heroine01_sword1h,22,T2 (95%),Haunted Noble / Torraxsteria ~ Frozen / Olga Flamebearer / Ludia Bloodwhisper,records/creatures/enemies/human_wendigo_a02.dbr,Ugdenbog Cannibal ~ Fleshcrazed,trash,1.6029,"INFERRED (Monte Carlo 40,000 trials over the DECODED Lap V count law + PACK v3.8 pool_member weights/limits; per-spawn-point totals match Lap V within 0.015)"
156,p06,"p06 bonus (OFF in the oracle, V11-P06-1)",False,heroine01_gun1h,50,T3 (tail),Avris Marrowill / Ugdenbog Cannibal ~ Wraithspeaker,records/creatures/enemies/human_wendigo_c01.dbr,Ugdenbog Cannibal ~ Wraithspeaker,trash,1.3164,"INFERRED (Monte Carlo 40,000 trials over the DECODED Lap V count law + PACK v3.8 pool_member weights/limits; per-spawn-point totals match Lap V within 0.015)"
157,p01,"ring (Proxy, t=0)",True,aetherialbloater,18,T1 (80%),Aetherial Bloater / Aetherial Bileeater / Aetherial Regurgitator / Blugrug the Living Plague,records/creatures/enemies/boss&quest/aetherialbloater_malmouthdocks_01.dbr,Blugrug the Living Plague,boss,0.3349,"INFERRED (Monte Carlo 40,000 trials over the DECODED Lap V count law + PACK v3.8 pool_member weights/limits; per-spawn-point totals match Lap V within 0.015)"
157,p01,"ring (Proxy, t=0)",True,ghoul,37,T3 (tail),"Plagius, the Decrepit / Gravvis, the Decayed / Corprus / Abathis, the Withered ~ Frozen",records/creatures/enemies/boss&quest/ghoul_necropolis_01.dbr,"Plagius, the Decrepit",boss,0.3332,"INFERRED (Monte Carlo 40,000 trials over the DECODED Lap V count law + PACK v3.8 pool_member weights/limits; per-spawn-point totals match Lap V within 0.015)"
157,p01,"ring (Proxy, t=0)",True,cannibal,12,T1 (80%),"Ugdenbog Wretch / Ugdenbog Turned / Ugdenbog Marked / Packla, the Turning",records/creatures/enemies/boss&quest/wendigocannibal_packla.dbr,"Packla, the Turning",boss,0.3319,"INFERRED (Monte Carlo 40,000 trials over the DECODED Lap V count law + PACK v3.8 pool_member weights/limits; per-spawn-point totals match Lap V within 0.015)"
157,p02,"ring (Proxy, t=0)",True,woollyrhino,47,T3 (tail),Starhorn ~ Celestial / Infermane ~ Infernal / Rimmane ~ Arctic / Vinmane ~ Bramble,records/creatures/enemies/devotion/rhino_h02.dbr,Starhorn ~ Celestial,champion-hero,0.0839,"INFERRED (Monte Carlo 40,000 trials over the DECODED Lap V count law + PACK v3.8 pool_member weights/limits; per-spawn-point totals match Lap V within 0.015)"
157,p02,"ring (Proxy, t=0)",True,yeti,19,T1 (80%),"Diremane Brute / Kubacabra, the Endless Menace / Diremane Icebreaker / Diremane Rager",records/creatures/enemies/devotion/yetidire_h03.dbr,Rotmaim ~ Diseased,champion-hero,0.0836,"INFERRED (Monte Carlo 40,000 trials over the DECODED Lap V count law + PACK v3.8 pool_member weights/limits; per-spawn-point totals match Lap V within 0.015)"
157,p02,"ring (Proxy, t=0)",True,dranghoul_01,42,T3 (tail),Crogg the Maimer / Murg ~ Timewarped / Urdo ~ Swift / Gruug ~ Electrified,records/creatures/enemies/devotion/dranghoul_h04.dbr,Murg ~ Timewarped,champion-hero,0.0831,"INFERRED (Monte Carlo 40,000 trials over the DECODED Lap V count law + PACK v3.8 pool_member weights/limits; per-spawn-point totals match Lap V within 0.015)"
157,p02,"ring (Proxy, t=0)",True,woollyrhino,47,T3 (tail),Starhorn ~ Celestial / Infermane ~ Infernal / Rimmane ~ Arctic / Vinmane ~ Bramble,records/creatures/enemies/devotion/rhino_h03.dbr,Infermane ~ Infernal,champion-hero,0.083,"INFERRED (Monte Carlo 40,000 trials over the DECODED Lap V count law + PACK v3.8 pool_member weights/limits; per-spawn-point totals match Lap V within 0.015)"
157,p02,"ring (Proxy, t=0)",True,yeti,19,T1 (80%),"Diremane Brute / Kubacabra, the Endless Menace / Diremane Icebreaker / Diremane Rager",records/creatures/enemies/devotion/yetidire_h01.dbr,Blazemaim ~ Burning,champion-hero,0.0828,"INFERRED (Monte Carlo 40,000 trials over the DECODED Lap V count law + PACK v3.8 pool_member weights/limits; per-spawn-point totals match Lap V within 0.015)"
157,p02,"ring (Proxy, t=0)",True,yeti,19,T1 (80%),"Diremane Brute / Kubacabra, the Endless Menace / Diremane Icebreaker / Diremane Rager",records/creatures/enemies/devotion/yetidire_h04.dbr,Deathmaim ~ Voidtouched,champion-hero,0.0825,"INFERRED (Monte Carlo 40,000 trials over the DECODED Lap V count law + PACK v3.8 pool_member weights/limits; per-spawn-point totals match Lap V within 0.015)"
157,p02,"ring (Proxy, t=0)",True,yeti,19,T1 (80%),"Diremane Brute / Kubacabra, the Endless Menace / Diremane Icebreaker / Diremane Rager",records/creatures/enemies/devotion/yetidire_h02.dbr,Runemaim ~ Arcane,champion-hero,0.0821,"INFERRED (Monte Carlo 40,000 trials over the DECODED Lap V count law + PACK v3.8 pool_member weights/limits; per-spawn-point totals match Lap V within 0.015)"
157,p02,"ring (Proxy, t=0)",True,woollyrhino,47,T3 (tail),Starhorn ~ Celestial / Infermane ~ Infernal / Rimmane ~ Arctic / Vinmane ~ Bramble,records/creatures/enemies/devotion/rhino_h04.dbr,Rimmane ~ Arctic,champion-hero,0.0819,"INFERRED (Monte Carlo 40,000 trials over the DECODED Lap V count law + PACK v3.8 pool_member weights/limits; per-spawn-point totals match Lap V within 0.015)"
157,p02,"ring (Proxy, t=0)",True,dranghoul_01,42,T3 (tail),Crogg the Maimer / Murg ~ Timewarped / Urdo ~ Swift / Gruug ~ Electrified,records/creatures/enemies/devotion/dranghoul_h01.dbr,Urdo ~ Swift,champion-hero,0.0814,"INFERRED (Monte Carlo 40,000 trials over the DECODED Lap V count law + PACK v3.8 pool_member weights/limits; per-spawn-point totals match Lap V within 0.015)"
157,p02,"ring (Proxy, t=0)",True,dranghoul_01,42,T3 (tail),Crogg the Maimer / Murg ~ Timewarped / Urdo ~ Swift / Gruug ~ Electrified,records/creatures/enemies/devotion/dranghoul_h03.dbr,Gruug ~ Electrified,champion-hero,0.0805,"INFERRED (Monte Carlo 40,000 trials over the DECODED Lap V count law + PACK v3.8 pool_member weights/limits; per-spawn-point totals match Lap V within 0.015)"
157,p02,"ring (Proxy, t=0)",True,woollyrhino,47,T3 (tail),Starhorn ~ Celestial / Infermane ~ Infernal / Rimmane ~ Arctic / Vinmane ~ Bramble,records/creatures/enemies/devotion/rhino_h01.dbr,Vinmane ~ Bramble,champion-hero,0.0805,"INFERRED (Monte Carlo 40,000 trials over the DECODED Lap V count law + PACK v3.8 pool_member weights/limits; per-spawn-point totals match Lap V within 0.015)"
157,p02,"ring (Proxy, t=0)",True,dranghoul_01,42,T3 (tail),Crogg the Maimer / Murg ~ Timewarped / Urdo ~ Swift / Gruug ~ Electrified,records/creatures/enemies/devotion/dranghoul_h02.dbr,Fariim ~ Bramble,champion-hero,0.0796,"INFERRED (Monte Carlo 40,000 trials over the DECODED Lap V count law + PACK v3.8 pool_member weights/limits; per-spawn-point totals match Lap V within 0.015)"
157,p02,"ring (Proxy, t=0)",True,wight01a,34,T2 (95%),"Iglus Bloodmonger ~ Swift / Alluc the Thirster ~ Vampiric / Raddoth, Lord Hierophant",records/creatures/enemies/devotion/wight_h02.dbr,Alluc the Thirster ~ Vampiric,champion-hero,0.0431,"INFERRED (Monte Carlo 40,000 trials over the DECODED Lap V count law + PACK v3.8 pool_member weights/limits; per-spawn-point totals match Lap V within 0.015)"
157,p02,"ring (Proxy, t=0)",True,chthonianherald,32,T2 (95%),"Chthonian Herald / Chthonian Portent / Nyarlathon, Herald of Annihilation / Chthonian Omen",records/creatures/enemies/devotion/chthonianherald_h03.dbr,Rugoth'Zoth ~ Shielded,champion-hero,0.0428,"INFERRED (Monte Carlo 40,000 trials over the DECODED Lap V count law + PACK v3.8 pool_member weights/limits; per-spawn-point totals match Lap V within 0.015)"
157,p02,"ring (Proxy, t=0)",True,wight01a,34,T2 (95%),"Iglus Bloodmonger ~ Swift / Alluc the Thirster ~ Vampiric / Raddoth, Lord Hierophant",records/creatures/enemies/devotion/wight_h01.dbr,Iglus Bloodmonger ~ Swift,champion-hero,0.0428,"INFERRED (Monte Carlo 40,000 trials over the DECODED Lap V count law + PACK v3.8 pool_member weights/limits; per-spawn-point totals match Lap V within 0.015)"
157,p02,"ring (Proxy, t=0)",True,roc,40,T3 (tail),Avinnia of the Western Winds / Thundra / Corrowing ~ Corrupted / Anorwing ~ Shielded,records/creatures/enemies/devotion/rok_h02.dbr,Corrowing ~ Corrupted,champion-hero,0.0425,"INFERRED (Monte Carlo 40,000 trials over the DECODED Lap V count law + PACK v3.8 pool_member weights/limits; per-spawn-point totals match Lap V within 0.015)"
157,p02,"ring (Proxy, t=0)",True,chthonianherald,32,T2 (95%),"Chthonian Herald / Chthonian Portent / Nyarlathon, Herald of Annihilation / Chthonian Omen",records/creatures/enemies/devotion/chthonianherald_h02.dbr,Arum'Zoth ~ Burning,champion-hero,0.0422,"INFERRED (Monte Carlo 40,000 trials over the DECODED Lap V count law + PACK v3.8 pool_member weights/limits; per-spawn-point totals match Lap V within 0.015)"
157,p02,"ring (Proxy, t=0)",True,chthonianherald,32,T2 (95%),"Chthonian Herald / Chthonian Portent / Nyarlathon, Herald of Annihilation / Chthonian Omen",records/creatures/enemies/devotion/chthonianherald_h04.dbr,Barl'Zoth ~ Thundering,champion-hero,0.0422,"INFERRED (Monte Carlo 40,000 trials over the DECODED Lap V count law + PACK v3.8 pool_member weights/limits; per-spawn-point totals match Lap V within 0.015)"
157,p02,"ring (Proxy, t=0)",True,roc,40,T3 (tail),Avinnia of the Western Winds / Thundra / Corrowing ~ Corrupted / Anorwing ~ Shielded,records/creatures/enemies/devotion/rok_h01.dbr,Anorwing ~ Shielded,champion-hero,0.0411,"INFERRED (Monte Carlo 40,000 trials over the DECODED Lap V count law + PACK v3.8 pool_member weights/limits; per-spawn-point totals match Lap V within 0.015)"
157,p02,"ring (Proxy, t=0)",True,roc,40,T3 (tail),Avinnia of the Western Winds / Thundra / Corrowing ~ Corrupted / Anorwing ~ Shielded,records/creatures/enemies/devotion/rok_h04.dbr,Starwing ~ Celestial,champion-hero,0.0407,"INFERRED (Monte Carlo 40,000 trials over the DECODED Lap V count law + PACK v3.8 pool_member weights/limits; per-spawn-point totals match Lap V within 0.015)"
157,p02,"ring (Proxy, t=0)",True,wight02a,36,T3 (tail),Orbon the Martyr ~ Supporter / Jirro Stormcharger ~ Electrified,records/creatures/enemies/devotion/wight_h03.dbr,Jirro Stormcharger ~ Electrified,champion-hero,0.0407,"INFERRED (Monte Carlo 40,000 trials over the DECODED Lap V count law + PACK v3.8 pool_member weights/limits; per-spawn-point totals match Lap V within 0.015)"
157,p02,"ring (Proxy, t=0)",True,chthonianherald,32,T2 (95%),"Chthonian Herald / Chthonian Portent / Nyarlathon, Herald of Annihilation / Chthonian Omen",records/creatures/enemies/devotion/chthonianherald_h01.dbr,Ghol'Zoth ~ Reflective,champion-hero,0.0402,"INFERRED (Monte Carlo 40,000 trials over the DECODED Lap V count law + PACK v3.8 pool_member weights/limits; per-spawn-point totals match Lap V within 0.015)"
157,p02,"ring (Proxy, t=0)",True,wight02a,36,T3 (tail),Orbon the Martyr ~ Supporter / Jirro Stormcharger ~ Electrified,records/creatures/enemies/devotion/wight_h04.dbr,Orbon the Martyr ~ Supporter,champion-hero,0.0398,"INFERRED (Monte Carlo 40,000 trials over the DECODED Lap V count law + PACK v3.8 pool_member weights/limits; per-spawn-point totals match Lap V within 0.015)"
157,p02,"ring (Proxy, t=0)",True,roc,40,T3 (tail),Avinnia of the Western Winds / Thundra / Corrowing ~ Corrupted / Anorwing ~ Shielded,records/creatures/enemies/devotion/rok_h03.dbr,Runewing ~ Arcane,champion-hero,0.0389,"INFERRED (Monte Carlo 40,000 trials over the DECODED Lap V count law + PACK v3.8 pool_member weights/limits; per-spawn-point totals match Lap V within 0.015)"
157,p02,"ring (Proxy, t=0)",True,aetherialbloater,18,T1 (80%),Aetherial Bloater / Aetherial Bileeater / Aetherial Regurgitator / Blugrug the Living Plague,records/creatures/enemies/devotion/aetherialbloater_h04.dbr,Draklon ~ Vampiric,champion-hero,0.0381,"INFERRED (Monte Carlo 40,000 trials over the DECODED Lap V count law + PACK v3.8 pool_member weights/limits; per-spawn-point totals match Lap V within 0.015)"
157,p02,"ring (Proxy, t=0)",True,chthonianservitor,23,T2 (95%),"Lunal'Valgoth, Steward of Darkness / Chthonian Drone / Chthonian Servitor / Chthonian Harvester",records/creatures/enemies/devotion/chthonianservitor_h02.dbr,Lank'Zuul the Torturer,champion-hero,0.0375,"INFERRED (Monte Carlo 40,000 trials over the DECODED Lap V count law + PACK v3.8 pool_member weights/limits; per-spawn-point totals match Lap V within 0.015)"
157,p02,"ring (Proxy, t=0)",True,aetherialbloater,18,T1 (80%),Aetherial Bloater / Aetherial Bileeater / Aetherial Regurgitator / Blugrug the Living Plague,records/creatures/enemies/devotion/aetherialbloater_h02.dbr,Ignos,champion-hero,0.0373,"INFERRED (Monte Carlo 40,000 trials over the DECODED Lap V count law + PACK v3.8 pool_member weights/limits; per-spawn-point totals match Lap V within 0.015)"
157,p02,"ring (Proxy, t=0)",True,chthonianservitor,23,T2 (95%),"Lunal'Valgoth, Steward of Darkness / Chthonian Drone / Chthonian Servitor / Chthonian Harvester",records/creatures/enemies/devotion/chthonianservitor_h03.dbr,Ukog'Dal ~ Electrified,champion-hero,0.0372,"INFERRED (Monte Carlo 40,000 trials over the DECODED Lap V count law + PACK v3.8 pool_member weights/limits; per-spawn-point totals match Lap V within 0.015)"
157,p02,"ring (Proxy, t=0)",True,chthonianservitor,23,T2 (95%),"Lunal'Valgoth, Steward of Darkness / Chthonian Drone / Chthonian Servitor / Chthonian Harvester",records/creatures/enemies/devotion/chthonianservitor_h04.dbr,Unatu'Ukog ~ Arcane,champion-hero,0.0368,"INFERRED (Monte Carlo 40,000 trials over the DECODED Lap V count law + PACK v3.8 pool_member weights/limits; per-spawn-point totals match Lap V within 0.015)"
157,p02,"ring (Proxy, t=0)",True,crabmonstrosity,4,T1 (80%),Ugdenbog Crab / Ugdenbog Spikeshell / Ugdenbog Stoneshell / Sparkmucker ~ Thundering,records/creatures/enemies/devotion/swampcrab_h01.dbr,Iceclaw,champion-hero,0.0366,"INFERRED (Monte Carlo 40,000 trials over the DECODED Lap V count law + PACK v3.8 pool_member weights/limits; per-spawn-point totals match Lap V within 0.015)"
157,p02,"ring (Proxy, t=0)",True,aetherialbloater,18,T1 (80%),Aetherial Bloater / Aetherial Bileeater / Aetherial Regurgitator / Blugrug the Living Plague,records/creatures/enemies/devotion/aetherialbloater_h01.dbr,Barrthnas the Plagueborn,champion-hero,0.0365,"INFERRED (Monte Carlo 40,000 trials over the DECODED Lap V count law + PACK v3.8 pool_member weights/limits; per-spawn-point totals match Lap V within 0.015)"
157,p02,"ring (Proxy, t=0)",True,aetherialcolossus,33,T2 (95%),"Galakros, the Mountain / Crognoth, the Blazing Vanguard / Stormtitan ~ Electrified / Thunderfist ~ Electrified",records/creatures/enemies/devotion/aetherialcolossus_h01.dbr,Thunderfist ~ Electrified,champion-hero,0.0365,"INFERRED (Monte Carlo 40,000 trials over the DECODED Lap V count law + PACK v3.8 pool_member weights/limits; per-spawn-point totals match Lap V within 0.015)"
157,p02,"ring (Proxy, t=0)",True,aetherialcolossus,33,T2 (95%),"Galakros, the Mountain / Crognoth, the Blazing Vanguard / Stormtitan ~ Electrified / Thunderfist ~ Electrified",records/creatures/enemies/devotion/aetherialcolossus_h03.dbr,Oblaigon ~ Vampiric,champion-hero,0.0365,"INFERRED (Monte Carlo 40,000 trials over the DECODED Lap V count law + PACK v3.8 pool_member weights/limits; per-spawn-point totals match Lap V within 0.015)"
157,p02,"ring (Proxy, t=0)",True,aetherialcolossus,33,T2 (95%),"Galakros, the Mountain / Crognoth, the Blazing Vanguard / Stormtitan ~ Electrified / Thunderfist ~ Electrified",records/creatures/enemies/devotion/aetherialcolossus_h04.dbr,Speldrakus ~ Arcane,champion-hero,0.0364,"INFERRED (Monte Carlo 40,000 trials over the DECODED Lap V count law + PACK v3.8 pool_member weights/limits; per-spawn-point totals match Lap V within 0.015)"
157,p02,"ring (Proxy, t=0)",True,crabmonstrosity,4,T1 (80%),Ugdenbog Crab / Ugdenbog Spikeshell / Ugdenbog Stoneshell / Sparkmucker ~ Thundering,records/creatures/enemies/devotion/swampcrab_h02.dbr,Bileclaw,champion-hero,0.036,"INFERRED (Monte Carlo 40,000 trials over the DECODED Lap V count law + PACK v3.8 pool_member weights/limits; per-spawn-point totals match Lap V within 0.015)"
157,p02,"ring (Proxy, t=0)",True,aetherialcolossus,33,T2 (95%),"Galakros, the Mountain / Crognoth, the Blazing Vanguard / Stormtitan ~ Electrified / Thunderfist ~ Electrified",records/creatures/enemies/devotion/aetherialcolossus_h02.dbr,Infernox ~ Burning,champion-hero,0.0359,"INFERRED (Monte Carlo 40,000 trials over the DECODED Lap V count law + PACK v3.8 pool_member weights/limits; per-spawn-point totals match Lap V within 0.015)"
157,p02,"ring (Proxy, t=0)",True,chthonianservitor,23,T2 (95%),"Lunal'Valgoth, Steward of Darkness / Chthonian Drone / Chthonian Servitor / Chthonian Harvester",records/creatures/enemies/devotion/chthonianservitor_h01.dbr,Ishthu'Gal the Dreadblood,champion-hero,0.0358,"INFERRED (Monte Carlo 40,000 trials over the DECODED Lap V count law + PACK v3.8 pool_member weights/limits; per-spawn-point totals match Lap V within 0.015)"
157,p02,"ring (Proxy, t=0)",True,aetherialbloater,18,T1 (80%),Aetherial Bloater / Aetherial Bileeater / Aetherial Regurgitator / Blugrug the Living Plague,records/creatures/enemies/devotion/aetherialbloater_h03.dbr,Frozdar ~ Frozen,champion-hero,0.0354,"INFERRED (Monte Carlo 40,000 trials over the DECODED Lap V count law + PACK v3.8 pool_member weights/limits; per-spawn-point totals match Lap V within 0.015)"
157,p02,"ring (Proxy, t=0)",True,chthonianrylok,17,T1 (80%),"Ekket'Zul, Progenitor of Darkness / Gabal'Thunn, the Visage of Madness / Void Rylok / Eldritch Gargoyle",records/creatures/enemies/devotion/chthonianrylok_h04.dbr,Nurdul'Siin ~ Arcane,champion-hero,0.0351,"INFERRED (Monte Carlo 40,000 trials over the DECODED Lap V count law + PACK v3.8 pool_member weights/limits; per-spawn-point totals match Lap V within 0.015)"
157,p02,"ring (Proxy, t=0)",True,wendigo,8,T1 (80%),Wendigo / Reaper of the Lost / Wendigo ~ Marroweater / Wendigo ~ Flayer,records/creatures/enemies/devotion/wendigo_h01.dbr,Hegamon ~ Arcane,champion-hero,0.035,"INFERRED (Monte Carlo 40,000 trials over the DECODED Lap V count law + PACK v3.8 pool_member weights/limits; per-spawn-point totals match Lap V within 0.015)"
157,p02,"ring (Proxy, t=0)",True,chthonianrylok,17,T1 (80%),"Ekket'Zul, Progenitor of Darkness / Gabal'Thunn, the Visage of Madness / Void Rylok / Eldritch Gargoyle",records/creatures/enemies/devotion/chthonianrylok_h01.dbr,Balg'Gawtok the Voidbringer,champion-hero,0.0349,"INFERRED (Monte Carlo 40,000 trials over the DECODED Lap V count law + PACK v3.8 pool_member weights/limits; per-spawn-point totals match Lap V within 0.015)"
157,p02,"ring (Proxy, t=0)",True,basilisk,11,T1 (80%),Juvenile Basilisk / Venomgaze Basilisk / Stonegaze Basilisk / Stone Basilisk,records/creatures/enemies/devotion/basilisk_h03.dbr,Colplur ~ Corrupted,champion-hero,0.0346,"INFERRED (Monte Carlo 40,000 trials over the DECODED Lap V count law + PACK v3.8 pool_member weights/limits; per-spawn-point totals match Lap V within 0.015)"
157,p02,"ring (Proxy, t=0)",True,basilisk,11,T1 (80%),Juvenile Basilisk / Venomgaze Basilisk / Stonegaze Basilisk / Stone Basilisk,records/creatures/enemies/devotion/basilisk_h04.dbr,Volaxius ~ Voidtouched,champion-hero,0.0346,"INFERRED (Monte Carlo 40,000 trials over the DECODED Lap V count law + PACK v3.8 pool_member weights/limits; per-spawn-point totals match Lap V within 0.015)"
157,p02,"ring (Proxy, t=0)",True,golemswamp_phase01,5,T1 (80%),Ugdenbog Golem / Ugdenbog Mossflinger / Jormundur ~ Diseased / Ferrosius ~ Swift,records/creatures/enemies/devotion/swampgolem_h02.dbr,Phanatos ~ Defender,champion-hero,0.0346,"INFERRED (Monte Carlo 40,000 trials over the DECODED Lap V count law + PACK v3.8 pool_member weights/limits; per-spawn-point totals match Lap V within 0.015)"
157,p02,"ring (Proxy, t=0)",True,golemswamp_phase01,5,T1 (80%),Ugdenbog Golem / Ugdenbog Mossflinger / Jormundur ~ Diseased / Ferrosius ~ Swift,records/creatures/enemies/devotion/swampgolem_h01.dbr,Swiftrock ~ Swift,champion-hero,0.0344,"INFERRED (Monte Carlo 40,000 trials over the DECODED Lap V count law + PACK v3.8 pool_member weights/limits; per-spawn-point totals match Lap V within 0.015)"
157,p02,"ring (Proxy, t=0)",True,wraith,2,T1 (80%),Wraith / Spiteful Wraith / Eldritch Spirit / Eldritch Spirit ~ Haunt,records/creatures/enemies/devotion/wraith_h02.dbr,Oblegon,champion-hero,0.0342,"INFERRED (Monte Carlo 40,000 trials over the DECODED Lap V count law + PACK v3.8 pool_member weights/limits; per-spawn-point totals match Lap V within 0.015)"
157,p02,"ring (Proxy, t=0)",True,wendigo,8,T1 (80%),Wendigo / Reaper of the Lost / Wendigo ~ Marroweater / Wendigo ~ Flayer,records/creatures/enemies/devotion/wendigo_h04.dbr,Reapressad ~ Unstoppable,champion-hero,0.0341,"INFERRED (Monte Carlo 40,000 trials over the DECODED Lap V count law + PACK v3.8 pool_member weights/limits; per-spawn-point totals match Lap V within 0.015)"
157,p02,"ring (Proxy, t=0)",True,aetherialfleshshaper,31,T2 (95%),Fleshweaver Haraxis / Fleshshaper Hinissius / Blazragarus / Fleshweaver Krieg,records/creatures/enemies/devotion/aetherialfleshshaper_h04.dbr,Porendallos ~ Unstoppable,champion-hero,0.034,"INFERRED (Monte Carlo 40,000 trials over the DECODED Lap V count law + PACK v3.8 pool_member weights/limits; per-spawn-point totals match Lap V within 0.015)"
157,p02,"ring (Proxy, t=0)",True,wraith,2,T1 (80%),Wraith / Spiteful Wraith / Eldritch Spirit / Eldritch Spirit ~ Haunt,records/creatures/enemies/devotion/wraith_h03.dbr,Dolsarr ~ Timewarped,champion-hero,0.0338,"INFERRED (Monte Carlo 40,000 trials over the DECODED Lap V count law + PACK v3.8 pool_member weights/limits; per-spawn-point totals match Lap V within 0.015)"
157,p02,"ring (Proxy, t=0)",True,aetherialcorruption,1,T1 (80%),Fleshwarped Aberration / Fleshwarped Stormwalker / Fleshwarped Chilled One / Fleshwarped Scorcher,records/creatures/enemies/devotion/aetherialcorruption_h03.dbr,Peuglis ~ Diseased,champion-hero,0.0337,"INFERRED (Monte Carlo 40,000 trials over the DECODED Lap V count law + PACK v3.8 pool_member weights/limits; per-spawn-point totals match Lap V within 0.015)"
157,p02,"ring (Proxy, t=0)",True,chthonianrylok,17,T1 (80%),"Ekket'Zul, Progenitor of Darkness / Gabal'Thunn, the Visage of Madness / Void Rylok / Eldritch Gargoyle",records/creatures/enemies/devotion/chthonianrylok_h03.dbr,Zuuth'Aglathon ~ Vampiric,champion-hero,0.0336,"INFERRED (Monte Carlo 40,000 trials over the DECODED Lap V count law + PACK v3.8 pool_member weights/limits; per-spawn-point totals match Lap V within 0.015)"
157,p02,"ring (Proxy, t=0)",True,aetherialfleshshaper,31,T2 (95%),Fleshweaver Haraxis / Fleshshaper Hinissius / Blazragarus / Fleshweaver Krieg,records/creatures/enemies/devotion/aetherialfleshshaper_h01.dbr,Filnaderzad ~ Burning,champion-hero,0.0335,"INFERRED (Monte Carlo 40,000 trials over the DECODED Lap V count law + PACK v3.8 pool_member weights/limits; per-spawn-point totals match Lap V within 0.015)"
157,p02,"ring (Proxy, t=0)",True,chthonianrylok,17,T1 (80%),"Ekket'Zul, Progenitor of Darkness / Gabal'Thunn, the Visage of Madness / Void Rylok / Eldritch Gargoyle",records/creatures/enemies/devotion/chthonianrylok_h02.dbr,Garu'Doth ~ Swift,champion-hero,0.0335,"INFERRED (Monte Carlo 40,000 trials over the DECODED Lap V count law + PACK v3.8 pool_member weights/limits; per-spawn-point totals match Lap V within 0.015)"
157,p02,"ring (Proxy, t=0)",True,crabmonstrosity,4,T1 (80%),Ugdenbog Crab / Ugdenbog Spikeshell / Ugdenbog Stoneshell / Sparkmucker ~ Thundering,records/creatures/enemies/devotion/swampcrab_h03.dbr,Sheldrock ~ Reflective,champion-hero,0.0335,"INFERRED (Monte Carlo 40,000 trials over the DECODED Lap V count law + PACK v3.8 pool_member weights/limits; per-spawn-point totals match Lap V within 0.015)"
157,p02,"ring (Proxy, t=0)",True,aetherialcorruption,1,T1 (80%),Fleshwarped Aberration / Fleshwarped Stormwalker / Fleshwarped Chilled One / Fleshwarped Scorcher,records/creatures/enemies/devotion/aetherialcorruption_h04.dbr,Tirendal ~ Timewarped,champion-hero,0.0334,"INFERRED (Monte Carlo 40,000 trials over the DECODED Lap V count law + PACK v3.8 pool_member weights/limits; per-spawn-point totals match Lap V within 0.015)"
157,p02,"ring (Proxy, t=0)",True,wendigo,8,T1 (80%),Wendigo / Reaper of the Lost / Wendigo ~ Marroweater / Wendigo ~ Flayer,records/creatures/enemies/devotion/wendigo_h03.dbr,Spiritbane ~ Timewarped,champion-hero,0.0334,"INFERRED (Monte Carlo 40,000 trials over the DECODED Lap V count law + PACK v3.8 pool_member weights/limits; per-spawn-point totals match Lap V within 0.015)"
157,p02,"ring (Proxy, t=0)",True,basilisk,11,T1 (80%),Juvenile Basilisk / Venomgaze Basilisk / Stonegaze Basilisk / Stone Basilisk,records/creatures/enemies/devotion/basilisk_h02.dbr,Venomnius,champion-hero,0.0333,"INFERRED (Monte Carlo 40,000 trials over the DECODED Lap V count law + PACK v3.8 pool_member weights/limits; per-spawn-point totals match Lap V within 0.015)"
157,p02,"ring (Proxy, t=0)",True,aetherialfleshshaper,31,T2 (95%),Fleshweaver Haraxis / Fleshshaper Hinissius / Blazragarus / Fleshweaver Krieg,records/creatures/enemies/devotion/aetherialfleshshaper_h03.dbr,Karthallas ~ Electrified,champion-hero,0.0332,"INFERRED (Monte Carlo 40,000 trials over the DECODED Lap V count law + PACK v3.8 pool_member weights/limits; per-spawn-point totals match Lap V within 0.015)"
157,p02,"ring (Proxy, t=0)",True,golemswamp_phase01,5,T1 (80%),Ugdenbog Golem / Ugdenbog Mossflinger / Jormundur ~ Diseased / Ferrosius ~ Swift,records/creatures/enemies/devotion/swampgolem_h03.dbr,Gigartus ~ Diseased,champion-hero,0.0332,"INFERRED (Monte Carlo 40,000 trials over the DECODED Lap V count law + PACK v3.8 pool_member weights/limits; per-spawn-point totals match Lap V within 0.015)"
157,p02,"ring (Proxy, t=0)",True,wendigo,8,T1 (80%),Wendigo / Reaper of the Lost / Wendigo ~ Marroweater / Wendigo ~ Flayer,records/creatures/enemies/devotion/wendigo_h02.dbr,Colporrus ~ Corrupted,champion-hero,0.0332,"INFERRED (Monte Carlo 40,000 trials over the DECODED Lap V count law + PACK v3.8 pool_member weights/limits; per-spawn-point totals match Lap V within 0.015)"
157,p02,"ring (Proxy, t=0)",True,aetherialfleshshaper,31,T2 (95%),Fleshweaver Haraxis / Fleshshaper Hinissius / Blazragarus / Fleshweaver Krieg,records/creatures/enemies/devotion/aetherialfleshshaper_h02.dbr,Noxus ~ Frozen,champion-hero,0.033,"INFERRED (Monte Carlo 40,000 trials over the DECODED Lap V count law + PACK v3.8 pool_member weights/limits; per-spawn-point totals match Lap V within 0.015)"
157,p02,"ring (Proxy, t=0)",True,wraith,2,T1 (80%),Wraith / Spiteful Wraith / Eldritch Spirit / Eldritch Spirit ~ Haunt,records/creatures/enemies/devotion/wraith_h01.dbr,Soulshreak,champion-hero,0.0329,"INFERRED (Monte Carlo 40,000 trials over the DECODED Lap V count law + PACK v3.8 pool_member weights/limits; per-spawn-point totals match Lap V within 0.015)"
157,p02,"ring (Proxy, t=0)",True,crabmonstrosity,4,T1 (80%),Ugdenbog Crab / Ugdenbog Spikeshell / Ugdenbog Stoneshell / Sparkmucker ~ Thundering,records/creatures/enemies/devotion/swampcrab_h04.dbr,Voidshell ~ Voidtouched,champion-hero,0.0327,"INFERRED (Monte Carlo 40,000 trials over the DECODED Lap V count law + PACK v3.8 pool_member weights/limits; per-spawn-point totals match Lap V within 0.015)"
157,p02,"ring (Proxy, t=0)",True,aetherialcorruption,1,T1 (80%),Fleshwarped Aberration / Fleshwarped Stormwalker / Fleshwarped Chilled One / Fleshwarped Scorcher,records/creatures/enemies/devotion/aetherialcorruption_h01.dbr,Chillian,champion-hero,0.0326,"INFERRED (Monte Carlo 40,000 trials over the DECODED Lap V count law + PACK v3.8 pool_member weights/limits; per-spawn-point totals match Lap V within 0.015)"
157,p02,"ring (Proxy, t=0)",True,aetherialcorruption,1,T1 (80%),Fleshwarped Aberration / Fleshwarped Stormwalker / Fleshwarped Chilled One / Fleshwarped Scorcher,records/creatures/enemies/devotion/aetherialcorruption_h02.dbr,Naragon the Manhunter,champion-hero,0.0322,"INFERRED (Monte Carlo 40,000 trials over the DECODED Lap V count law + PACK v3.8 pool_member weights/limits; per-spawn-point totals match Lap V within 0.015)"
157,p02,"ring (Proxy, t=0)",True,golemswamp_phase01,5,T1 (80%),Ugdenbog Golem / Ugdenbog Mossflinger / Jormundur ~ Diseased / Ferrosius ~ Swift,records/creatures/enemies/devotion/swampgolem_h04.dbr,Rawk ~ Voidtouched,champion-hero,0.0322,"INFERRED (Monte Carlo 40,000 trials over the DECODED Lap V count law + PACK v3.8 pool_member weights/limits; per-spawn-point totals match Lap V within 0.015)"
157,p02,"ring (Proxy, t=0)",True,basilisk,11,T1 (80%),Juvenile Basilisk / Venomgaze Basilisk / Stonegaze Basilisk / Stone Basilisk,records/creatures/enemies/devotion/basilisk_h01.dbr,Lagarslin Stormskin,champion-hero,0.0318,"INFERRED (Monte Carlo 40,000 trials over the DECODED Lap V count law + PACK v3.8 pool_member weights/limits; per-spawn-point totals match Lap V within 0.015)"
157,p02,"ring (Proxy, t=0)",True,wraith,2,T1 (80%),Wraith / Spiteful Wraith / Eldritch Spirit / Eldritch Spirit ~ Haunt,records/creatures/enemies/devotion/wraith_h04.dbr,Endearon ~ Vampiric,champion-hero,0.0317,"INFERRED (Monte Carlo 40,000 trials over the DECODED Lap V count law + PACK v3.8 pool_member weights/limits; per-spawn-point totals match Lap V within 0.015)"
157,p03,"ring (Proxy, t=0)",True,leech,21,T2 (95%),Void Parasite / Void Souldrinker / Void Leech,records/creatures/enemies/chthonianleech_a01.dbr,Void Parasite,trash,1.0989,"INFERRED (Monte Carlo 40,000 trials over the DECODED Lap V count law + PACK v3.8 pool_member weights/limits; per-spawn-point totals match Lap V within 0.015)"
157,p03,"ring (Proxy, t=0)",True,leech,21,T2 (95%),Void Parasite / Void Souldrinker / Void Leech,records/creatures/enemies/chthonianleech_b02.dbr,Void Souldrinker,trash,0.5172,"INFERRED (Monte Carlo 40,000 trials over the DECODED Lap V count law + PACK v3.8 pool_member weights/limits; per-spawn-point totals match Lap V within 0.015)"
157,p03,"ring (Proxy, t=0)",True,leech,21,T2 (95%),Void Parasite / Void Souldrinker / Void Leech,records/creatures/enemies/chthonianleech_b01.dbr,Void Leech,trash,0.5152,"INFERRED (Monte Carlo 40,000 trials over the DECODED Lap V count law + PACK v3.8 pool_member weights/limits; per-spawn-point totals match Lap V within 0.015)"
157,p03,"ring (Proxy, t=0)",True,chthonianservitor,23,T2 (95%),"Lunal'Valgoth, Steward of Darkness / Chthonian Drone / Chthonian Servitor / Chthonian Harvester",records/creatures/enemies/chthonianservitor_a01.dbr,Chthonian Drone,trash,0.3929,"INFERRED (Monte Carlo 40,000 trials over the DECODED Lap V count law + PACK v3.8 pool_member weights/limits; per-spawn-point totals match Lap V within 0.015)"
157,p03,"ring (Proxy, t=0)",True,devourer,3,T1 (80%),Chthonian Hungerer / Chthonian Devourer / Chthonian Gorger / Narl'Sarroth,records/creatures/enemies/chthoniandevourer_a01.dbr,Chthonian Hungerer,trash,0.3777,"INFERRED (Monte Carlo 40,000 trials over the DECODED Lap V count law + PACK v3.8 pool_member weights/limits; per-spawn-point totals match Lap V within 0.015)"
157,p03,"ring (Proxy, t=0)",True,chthonianrylok,17,T1 (80%),"Ekket'Zul, Progenitor of Darkness / Gabal'Thunn, the Visage of Madness / Void Rylok / Eldritch Gargoyle",records/creatures/enemies/chthonianrylok_a01.dbr,Void Rylok,trash,0.3775,"INFERRED (Monte Carlo 40,000 trials over the DECODED Lap V count law + PACK v3.8 pool_member weights/limits; per-spawn-point totals match Lap V within 0.015)"
157,p03,"ring (Proxy, t=0)",True,chthonianrylok,17,T1 (80%),"Ekket'Zul, Progenitor of Darkness / Gabal'Thunn, the Visage of Madness / Void Rylok / Eldritch Gargoyle",records/creatures/enemies/gargoyle_a01.dbr,Eldritch Gargoyle,trash,0.3351,"INFERRED (Monte Carlo 40,000 trials over the DECODED Lap V count law + PACK v3.8 pool_member weights/limits; per-spawn-point totals match Lap V within 0.015)"
157,p03,"ring (Proxy, t=0)",True,devourer,3,T1 (80%),Chthonian Hungerer / Chthonian Devourer / Chthonian Gorger / Narl'Sarroth,records/creatures/enemies/chthoniandevourer_b01.dbr,Chthonian Devourer,trash,0.3137,"INFERRED (Monte Carlo 40,000 trials over the DECODED Lap V count law + PACK v3.8 pool_member weights/limits; per-spawn-point totals match Lap V within 0.015)"
157,p03,"ring (Proxy, t=0)",True,chthonianservitor,23,T2 (95%),"Lunal'Valgoth, Steward of Darkness / Chthonian Drone / Chthonian Servitor / Chthonian Harvester",records/creatures/enemies/chthonianservitor_b01.dbr,Chthonian Servitor,trash,0.2924,"INFERRED (Monte Carlo 40,000 trials over the DECODED Lap V count law + PACK v3.8 pool_member weights/limits; per-spawn-point totals match Lap V within 0.015)"
157,p03,"ring (Proxy, t=0)",True,chthonianservitor,23,T2 (95%),"Lunal'Valgoth, Steward of Darkness / Chthonian Drone / Chthonian Servitor / Chthonian Harvester",records/creatures/enemies/chthonianservitor_b02.dbr,Chthonian Harvester,trash,0.2917,"INFERRED (Monte Carlo 40,000 trials over the DECODED Lap V count law + PACK v3.8 pool_member weights/limits; per-spawn-point totals match Lap V within 0.015)"
157,p03,"ring (Proxy, t=0)",True,chthonianrylok,17,T1 (80%),"Ekket'Zul, Progenitor of Darkness / Gabal'Thunn, the Visage of Madness / Void Rylok / Eldritch Gargoyle",records/creatures/enemies/chthonianrylok_b01.dbr,Void Taskmaster,trash,0.2842,"INFERRED (Monte Carlo 40,000 trials over the DECODED Lap V count law + PACK v3.8 pool_member weights/limits; per-spawn-point totals match Lap V within 0.015)"
157,p03,"ring (Proxy, t=0)",True,chthonianrylok,17,T1 (80%),"Ekket'Zul, Progenitor of Darkness / Gabal'Thunn, the Visage of Madness / Void Rylok / Eldritch Gargoyle",records/creatures/enemies/gargoyle_c01.dbr,Ancient Gargoyle,trash,0.1995,"INFERRED (Monte Carlo 40,000 trials over the DECODED Lap V count law + PACK v3.8 pool_member weights/limits; per-spawn-point totals match Lap V within 0.015)"
157,p03,"ring (Proxy, t=0)",True,chthonianrylok,17,T1 (80%),"Ekket'Zul, Progenitor of Darkness / Gabal'Thunn, the Visage of Madness / Void Rylok / Eldritch Gargoyle",records/creatures/enemies/gargoyle_b01.dbr,Forsaken Gargoyle,trash,0.1831,"INFERRED (Monte Carlo 40,000 trials over the DECODED Lap V count law + PACK v3.8 pool_member weights/limits; per-spawn-point totals match Lap V within 0.015)"
157,p03,"ring (Proxy, t=0)",True,sandlizard,7,T1 (80%),Moltenclaw / Sandclaw / Riftclaw / Riftclaw ~ Flayer,records/creatures/enemies/sandlizard_eldritch_b01.dbr,Riftclaw ~ Flayer,trash,0.1423,"INFERRED (Monte Carlo 40,000 trials over the DECODED Lap V count law + PACK v3.8 pool_member weights/limits; per-spawn-point totals match Lap V within 0.015)"
157,p03,"ring (Proxy, t=0)",True,sandlizard,7,T1 (80%),Moltenclaw / Sandclaw / Riftclaw / Riftclaw ~ Flayer,records/creatures/enemies/sandlizard_eldritch_b02.dbr,Riftclaw ~ Nest Guardian,trash,0.1404,"INFERRED (Monte Carlo 40,000 trials over the DECODED Lap V count law + PACK v3.8 pool_member weights/limits; per-spawn-point totals match Lap V within 0.015)"
157,p03,"ring (Proxy, t=0)",True,chthonianservitor,23,T2 (95%),"Lunal'Valgoth, Steward of Darkness / Chthonian Drone / Chthonian Servitor / Chthonian Harvester",records/creatures/enemies/chthonianservitor_c01.dbr,Chthonian Bloodkeeper,trash,0.1387,"INFERRED (Monte Carlo 40,000 trials over the DECODED Lap V count law + PACK v3.8 pool_member weights/limits; per-spawn-point totals match Lap V within 0.015)"
157,p03,"ring (Proxy, t=0)",True,sandlizard,7,T1 (80%),Moltenclaw / Sandclaw / Riftclaw / Riftclaw ~ Flayer,records/creatures/enemies/sandlizard_eldritch_c01.dbr,Riftclaw ~ Matriarch,trash,0.1364,"INFERRED (Monte Carlo 40,000 trials over the DECODED Lap V count law + PACK v3.8 pool_member weights/limits; per-spawn-point totals match Lap V within 0.015)"
157,p03,"ring (Proxy, t=0)",True,chthonianrylok,17,T1 (80%),"Ekket'Zul, Progenitor of Darkness / Gabal'Thunn, the Visage of Madness / Void Rylok / Eldritch Gargoyle",records/creatures/enemies/chthonianrylok_c01.dbr,Void Oppressor,trash,0.1346,"INFERRED (Monte Carlo 40,000 trials over the DECODED Lap V count law + PACK v3.8 pool_member weights/limits; per-spawn-point totals match Lap V within 0.015)"
157,p04,"ring (Proxy, t=0)",True,yeti,19,T1 (80%),"Diremane Brute / Kubacabra, the Endless Menace / Diremane Icebreaker / Diremane Rager",records/creatures/enemies/yetidire_a01.dbr,Diremane Brute,trash,0.7366,"INFERRED (Monte Carlo 40,000 trials over the DECODED Lap V count law + PACK v3.8 pool_member weights/limits; per-spawn-point totals match Lap V within 0.015)"
157,p04,"ring (Proxy, t=0)",True,aetherialbloater,18,T1 (80%),Aetherial Bloater / Aetherial Bileeater / Aetherial Regurgitator / Blugrug the Living Plague,records/creatures/enemies/aetherialbloater_a01.dbr,Aetherial Bloater,trash,0.5641,"INFERRED (Monte Carlo 40,000 trials over the DECODED Lap V count law + PACK v3.8 pool_member weights/limits; per-spawn-point totals match Lap V within 0.015)"
157,p04,"ring (Proxy, t=0)",True,golemswamp_phase01,5,T1 (80%),Ugdenbog Golem / Ugdenbog Mossflinger / Jormundur ~ Diseased / Ferrosius ~ Swift,records/creatures/enemies/swampgolem_a01.dbr,Ugdenbog Golem,trash,0.5324,"INFERRED (Monte Carlo 40,000 trials over the DECODED Lap V count law + PACK v3.8 pool_member weights/limits; per-spawn-point totals match Lap V within 0.015)"
157,p04,"ring (Proxy, t=0)",True,skeleton_01a,14,T1 (80%),Storm Revenant / Flame Revenant / Frost Revenant / Death Revenant,records/creatures/enemies/skeleton_b02_knight.dbr,Skeletal Knight,trash,0.4956,"INFERRED (Monte Carlo 40,000 trials over the DECODED Lap V count law + PACK v3.8 pool_member weights/limits; per-spawn-point totals match Lap V within 0.015)"
157,p04,"ring (Proxy, t=0)",True,aetherialbloater,18,T1 (80%),Aetherial Bloater / Aetherial Bileeater / Aetherial Regurgitator / Blugrug the Living Plague,records/creatures/enemies/aetherialbloater_b01.dbr,Aetherial Bileeater,trash,0.4776,"INFERRED (Monte Carlo 40,000 trials over the DECODED Lap V count law + PACK v3.8 pool_member weights/limits; per-spawn-point totals match Lap V within 0.015)"
157,p04,"ring (Proxy, t=0)",True,golemswamp_phase01,5,T1 (80%),Ugdenbog Golem / Ugdenbog Mossflinger / Jormundur ~ Diseased / Ferrosius ~ Swift,records/creatures/enemies/swampgolem_b01.dbr,Ugdenbog Mossflinger,trash,0.4756,"INFERRED (Monte Carlo 40,000 trials over the DECODED Lap V count law + PACK v3.8 pool_member weights/limits; per-spawn-point totals match Lap V within 0.015)"
157,p04,"ring (Proxy, t=0)",True,yeti,19,T1 (80%),"Diremane Brute / Kubacabra, the Endless Menace / Diremane Icebreaker / Diremane Rager",records/creatures/enemies/yetidire_b02.dbr,Diremane Icebreaker,trash,0.3925,"INFERRED (Monte Carlo 40,000 trials over the DECODED Lap V count law + PACK v3.8 pool_member weights/limits; per-spawn-point totals match Lap V within 0.015)"
157,p04,"ring (Proxy, t=0)",True,yeti,19,T1 (80%),"Diremane Brute / Kubacabra, the Endless Menace / Diremane Icebreaker / Diremane Rager",records/creatures/enemies/yetidire_b01.dbr,Diremane Rager,trash,0.3879,"INFERRED (Monte Carlo 40,000 trials over the DECODED Lap V count law + PACK v3.8 pool_member weights/limits; per-spawn-point totals match Lap V within 0.015)"
157,p04,"ring (Proxy, t=0)",True,golembone_phase01,30,T2 (95%),"Skeletal Monstrosity / Ilgorr, the Eternal / Skeletal Gargantuan / Grum ~ Diseased",records/creatures/enemies/skeletalgolem_c01.dbr,Skeletal Monstrosity,trash,0.3757,"INFERRED (Monte Carlo 40,000 trials over the DECODED Lap V count law + PACK v3.8 pool_member weights/limits; per-spawn-point totals match Lap V within 0.015)"
157,p04,"ring (Proxy, t=0)",True,aetherialcorruption,1,T1 (80%),Fleshwarped Aberration / Fleshwarped Stormwalker / Fleshwarped Chilled One / Fleshwarped Scorcher,records/creatures/enemies/aetherialcorruption_a01.dbr,Fleshwarped Corruption,trash,0.278,"INFERRED (Monte Carlo 40,000 trials over the DECODED Lap V count law + PACK v3.8 pool_member weights/limits; per-spawn-point totals match Lap V within 0.015)"
157,p04,"ring (Proxy, t=0)",True,golemswamp_phase01,5,T1 (80%),Ugdenbog Golem / Ugdenbog Mossflinger / Jormundur ~ Diseased / Ferrosius ~ Swift,records/creatures/enemies/swampgolem_c01.dbr,Ugdenbog Overgrowth,trash,0.2398,"INFERRED (Monte Carlo 40,000 trials over the DECODED Lap V count law + PACK v3.8 pool_member weights/limits; per-spawn-point totals match Lap V within 0.015)"
157,p04,"ring (Proxy, t=0)",True,golembone_phase01,30,T2 (95%),"Skeletal Monstrosity / Ilgorr, the Eternal / Skeletal Gargantuan / Grum ~ Diseased",records/creatures/enemies/skeletalgolem_b01.dbr,Skeletal Gargantuan,trash,0.2345,"INFERRED (Monte Carlo 40,000 trials over the DECODED Lap V count law + PACK v3.8 pool_member weights/limits; per-spawn-point totals match Lap V within 0.015)"
157,p04,"ring (Proxy, t=0)",True,aetherialbloater,18,T1 (80%),Aetherial Bloater / Aetherial Bileeater / Aetherial Regurgitator / Blugrug the Living Plague,records/creatures/enemies/aetherialbloater_c01.dbr,Aetherial Regurgitator,trash,0.2242,"INFERRED (Monte Carlo 40,000 trials over the DECODED Lap V count law + PACK v3.8 pool_member weights/limits; per-spawn-point totals match Lap V within 0.015)"
157,p04,"ring (Proxy, t=0)",True,yeti,19,T1 (80%),"Diremane Brute / Kubacabra, the Endless Menace / Diremane Icebreaker / Diremane Rager",records/creatures/enemies/yetidire_c01.dbr,Diremane Alpha,trash,0.2214,"INFERRED (Monte Carlo 40,000 trials over the DECODED Lap V count law + PACK v3.8 pool_member weights/limits; per-spawn-point totals match Lap V within 0.015)"
157,p04,"ring (Proxy, t=0)",True,skeleton_01a,14,T1 (80%),Storm Revenant / Flame Revenant / Frost Revenant / Death Revenant,records/creatures/enemies/skeleton_c01.dbr,Flame Revenant,trash,0.2175,"INFERRED (Monte Carlo 40,000 trials over the DECODED Lap V count law + PACK v3.8 pool_member weights/limits; per-spawn-point totals match Lap V within 0.015)"
157,p04,"ring (Proxy, t=0)",True,skeleton_01a,14,T1 (80%),Storm Revenant / Flame Revenant / Frost Revenant / Death Revenant,records/creatures/enemies/skeleton_c02.dbr,Frost Revenant,trash,0.217,"INFERRED (Monte Carlo 40,000 trials over the DECODED Lap V count law + PACK v3.8 pool_member weights/limits; per-spawn-point totals match Lap V within 0.015)"
157,p04,"ring (Proxy, t=0)",True,skeleton_01a,14,T1 (80%),Storm Revenant / Flame Revenant / Frost Revenant / Death Revenant,records/creatures/enemies/skeleton_c03.dbr,Storm Revenant,trash,0.2167,"INFERRED (Monte Carlo 40,000 trials over the DECODED Lap V count law + PACK v3.8 pool_member weights/limits; per-spawn-point totals match Lap V within 0.015)"
157,p04,"ring (Proxy, t=0)",True,aetherialcorruption,1,T1 (80%),Fleshwarped Aberration / Fleshwarped Stormwalker / Fleshwarped Chilled One / Fleshwarped Scorcher,records/creatures/enemies/aetherialcorruption_c01.dbr,Fleshwarped Aberration,trash,0.2126,"INFERRED (Monte Carlo 40,000 trials over the DECODED Lap V count law + PACK v3.8 pool_member weights/limits; per-spawn-point totals match Lap V within 0.015)"
157,p05,"p05 ambush (ProxyAmbush, +4.0 s, emergence clip)",True,wight02a,36,T3 (tail),Orbon the Martyr ~ Supporter / Jirro Stormcharger ~ Electrified,records/creatures/enemies/hero/wight_h04.dbr,Orbon the Martyr ~ Supporter,champion-hero,0.2519,"INFERRED (Monte Carlo 40,000 trials over the DECODED Lap V count law + PACK v3.8 pool_member weights/limits; per-spawn-point totals match Lap V within 0.015)"
157,p05,"p05 ambush (ProxyAmbush, +4.0 s, emergence clip)",True,wight01a,34,T2 (95%),"Iglus Bloodmonger ~ Swift / Alluc the Thirster ~ Vampiric / Raddoth, Lord Hierophant",records/creatures/enemies/hero/wight_h01.dbr,Iglus Bloodmonger ~ Swift,champion-hero,0.2505,"INFERRED (Monte Carlo 40,000 trials over the DECODED Lap V count law + PACK v3.8 pool_member weights/limits; per-spawn-point totals match Lap V within 0.015)"
157,p05,"p05 ambush (ProxyAmbush, +4.0 s, emergence clip)",True,wight02a,36,T3 (tail),Orbon the Martyr ~ Supporter / Jirro Stormcharger ~ Electrified,records/creatures/enemies/hero/wight_h03.dbr,Jirro Stormcharger ~ Electrified,champion-hero,0.2497,"INFERRED (Monte Carlo 40,000 trials over the DECODED Lap V count law + PACK v3.8 pool_member weights/limits; per-spawn-point totals match Lap V within 0.015)"
157,p05,"p05 ambush (ProxyAmbush, +4.0 s, emergence clip)",True,wight01a,34,T2 (95%),"Iglus Bloodmonger ~ Swift / Alluc the Thirster ~ Vampiric / Raddoth, Lord Hierophant",records/creatures/enemies/hero/wight_h02.dbr,Alluc the Thirster ~ Vampiric,champion-hero,0.2495,"INFERRED (Monte Carlo 40,000 trials over the DECODED Lap V count law + PACK v3.8 pool_member weights/limits; per-spawn-point totals match Lap V within 0.015)"
157,p05,"p05 ambush (ProxyAmbush, +4.0 s, emergence clip)",True,aetherialimp,9,T1 (80%),Aetherial Scamp / Aetherial Imp / Brolbos ~ Arctic / Phigillius Stormbile,records/creatures/enemies/hero/aetherialimp_h05.dbr,Brolbos ~ Arctic,champion-hero,0.202,"INFERRED (Monte Carlo 40,000 trials over the DECODED Lap V count law + PACK v3.8 pool_member weights/limits; per-spawn-point totals match Lap V within 0.015)"
157,p05,"p05 ambush (ProxyAmbush, +4.0 s, emergence clip)",True,aetherialimp,9,T1 (80%),Aetherial Scamp / Aetherial Imp / Brolbos ~ Arctic / Phigillius Stormbile,records/creatures/enemies/hero/aetherialimp_h01.dbr,Phigillius Stormbile,champion-hero,0.2018,"INFERRED (Monte Carlo 40,000 trials over the DECODED Lap V count law + PACK v3.8 pool_member weights/limits; per-spawn-point totals match Lap V within 0.015)"
157,p05,"p05 ambush (ProxyAmbush, +4.0 s, emergence clip)",True,aetherialimp,9,T1 (80%),Aetherial Scamp / Aetherial Imp / Brolbos ~ Arctic / Phigillius Stormbile,records/creatures/enemies/hero/aetherialimp_h02.dbr,Phanolg the Iceborn,champion-hero,0.2017,"INFERRED (Monte Carlo 40,000 trials over the DECODED Lap V count law + PACK v3.8 pool_member weights/limits; per-spawn-point totals match Lap V within 0.015)"
157,p05,"p05 ambush (ProxyAmbush, +4.0 s, emergence clip)",True,aetherialimp,9,T1 (80%),Aetherial Scamp / Aetherial Imp / Brolbos ~ Arctic / Phigillius Stormbile,records/creatures/enemies/hero/aetherialimp_h04.dbr,Ghalbar ~ Regenerator,champion-hero,0.2015,"INFERRED (Monte Carlo 40,000 trials over the DECODED Lap V count law + PACK v3.8 pool_member weights/limits; per-spawn-point totals match Lap V within 0.015)"
157,p05,"p05 ambush (ProxyAmbush, +4.0 s, emergence clip)",True,aetherialcorruption,1,T1 (80%),Fleshwarped Aberration / Fleshwarped Stormwalker / Fleshwarped Chilled One / Fleshwarped Scorcher,records/creatures/enemies/hero/aetherialcorruption_h01.dbr,Challdrus the Coldheart,champion-hero,0.2012,"INFERRED (Monte Carlo 40,000 trials over the DECODED Lap V count law + PACK v3.8 pool_member weights/limits; per-spawn-point totals match Lap V within 0.015)"
157,p05,"p05 ambush (ProxyAmbush, +4.0 s, emergence clip)",True,aetherialimp,9,T1 (80%),Aetherial Scamp / Aetherial Imp / Brolbos ~ Arctic / Phigillius Stormbile,records/creatures/enemies/hero/aetherialimp_h03.dbr,Wourble ~ Reflective,champion-hero,0.2009,"INFERRED (Monte Carlo 40,000 trials over the DECODED Lap V count law + PACK v3.8 pool_member weights/limits; per-spawn-point totals match Lap V within 0.015)"
157,p05,"p05 ambush (ProxyAmbush, +4.0 s, emergence clip)",True,aetherialcorruption,1,T1 (80%),Fleshwarped Aberration / Fleshwarped Stormwalker / Fleshwarped Chilled One / Fleshwarped Scorcher,records/creatures/enemies/hero/aetherialcorruption_h02.dbr,Vanallius the Voracious,champion-hero,0.1986,"INFERRED (Monte Carlo 40,000 trials over the DECODED Lap V count law + PACK v3.8 pool_member weights/limits; per-spawn-point totals match Lap V within 0.015)"
157,p05,"p05 ambush (ProxyAmbush, +4.0 s, emergence clip)",True,aetherialcorruption,1,T1 (80%),Fleshwarped Aberration / Fleshwarped Stormwalker / Fleshwarped Chilled One / Fleshwarped Scorcher,records/creatures/enemies/hero/aetherialcorruption_h04.dbr,Chromallus ~ Timewarped,champion-hero,0.1975,"INFERRED (Monte Carlo 40,000 trials over the DECODED Lap V count law + PACK v3.8 pool_member weights/limits; per-spawn-point totals match Lap V within 0.015)"
157,p05,"p05 ambush (ProxyAmbush, +4.0 s, emergence clip)",True,aetherialcorruption,1,T1 (80%),Fleshwarped Aberration / Fleshwarped Stormwalker / Fleshwarped Chilled One / Fleshwarped Scorcher,records/creatures/enemies/hero/aetherialcorruption_h05.dbr,Icallon ~ Arctic,champion-hero,0.1971,"INFERRED (Monte Carlo 40,000 trials over the DECODED Lap V count law + PACK v3.8 pool_member weights/limits; per-spawn-point totals match Lap V within 0.015)"
157,p05,"p05 ambush (ProxyAmbush, +4.0 s, emergence clip)",True,aetherialcorruption,1,T1 (80%),Fleshwarped Aberration / Fleshwarped Stormwalker / Fleshwarped Chilled One / Fleshwarped Scorcher,records/creatures/enemies/hero/aetherialcorruption_h03.dbr,Disallus ~ Diseased,champion-hero,0.196,"INFERRED (Monte Carlo 40,000 trials over the DECODED Lap V count law + PACK v3.8 pool_member weights/limits; per-spawn-point totals match Lap V within 0.015)"
157,p06,"p06 bonus (OFF in the oracle, V11-P06-1)",False,aetherialcolossus,33,T2 (95%),"Galakros, the Mountain / Crognoth, the Blazing Vanguard / Stormtitan ~ Electrified / Thunderfist ~ Electrified",records/creatures/enemies/hero/aetherialcolossus_h03.dbr,Hungeron ~ Vampiric,champion-hero,0.6024,"INFERRED (Monte Carlo 40,000 trials over the DECODED Lap V count law + PACK v3.8 pool_member weights/limits; per-spawn-point totals match Lap V within 0.015)"
157,p06,"p06 bonus (OFF in the oracle, V11-P06-1)",False,aetherialcolossus,33,T2 (95%),"Galakros, the Mountain / Crognoth, the Blazing Vanguard / Stormtitan ~ Electrified / Thunderfist ~ Electrified",records/creatures/enemies/hero/aetherialcolossus_h02.dbr,Embrallis ~ Burning,champion-hero,0.5999,"INFERRED (Monte Carlo 40,000 trials over the DECODED Lap V count law + PACK v3.8 pool_member weights/limits; per-spawn-point totals match Lap V within 0.015)"
157,p06,"p06 bonus (OFF in the oracle, V11-P06-1)",False,aetherialcolossus,33,T2 (95%),"Galakros, the Mountain / Crognoth, the Blazing Vanguard / Stormtitan ~ Electrified / Thunderfist ~ Electrified",records/creatures/enemies/hero/aetherialcolossus_h05.dbr,Neverus ~ Celestial,champion-hero,0.5999,"INFERRED (Monte Carlo 40,000 trials over the DECODED Lap V count law + PACK v3.8 pool_member weights/limits; per-spawn-point totals match Lap V within 0.015)"
157,p06,"p06 bonus (OFF in the oracle, V11-P06-1)",False,aetherialcolossus,33,T2 (95%),"Galakros, the Mountain / Crognoth, the Blazing Vanguard / Stormtitan ~ Electrified / Thunderfist ~ Electrified",records/creatures/enemies/hero/aetherialcolossus_h01.dbr,Stormfist ~ Electrified,champion-hero,0.5992,"INFERRED (Monte Carlo 40,000 trials over the DECODED Lap V count law + PACK v3.8 pool_member weights/limits; per-spawn-point totals match Lap V within 0.015)"
157,p06,"p06 bonus (OFF in the oracle, V11-P06-1)",False,aetherialcolossus,33,T2 (95%),"Galakros, the Mountain / Crognoth, the Blazing Vanguard / Stormtitan ~ Electrified / Thunderfist ~ Electrified",records/creatures/enemies/hero/aetherialcolossus_h04.dbr,Archanis ~ Arcane,champion-hero,0.5987,"INFERRED (Monte Carlo 40,000 trials over the DECODED Lap V count law + PACK v3.8 pool_member weights/limits; per-spawn-point totals match Lap V within 0.015)"
158,p01,"ring (Proxy, t=0)",True,devourer,3,T1 (80%),Chthonian Hungerer / Chthonian Devourer / Chthonian Gorger / Narl'Sarroth,records/creatures/enemies/chthoniandevourer_a01.dbr,Chthonian Hungerer,trash,1.8115,"INFERRED (Monte Carlo 40,000 trials over the DECODED Lap V count law + PACK v3.8 pool_member weights/limits; per-spawn-point totals match Lap V within 0.015)"
158,p01,"ring (Proxy, t=0)",True,crabmonstrosity,4,T1 (80%),Ugdenbog Crab / Ugdenbog Spikeshell / Ugdenbog Stoneshell / Sparkmucker ~ Thundering,records/creatures/enemies/swampcrab_a01.dbr,Ugdenbog Crab,trash,1.1056,"INFERRED (Monte Carlo 40,000 trials over the DECODED Lap V count law + PACK v3.8 pool_member weights/limits; per-spawn-point totals match Lap V within 0.015)"
158,p01,"ring (Proxy, t=0)",True,devourer,3,T1 (80%),Chthonian Hungerer / Chthonian Devourer / Chthonian Gorger / Narl'Sarroth,records/creatures/enemies/chthoniandevourer_b01.dbr,Chthonian Devourer,trash,1.0978,"INFERRED (Monte Carlo 40,000 trials over the DECODED Lap V count law + PACK v3.8 pool_member weights/limits; per-spawn-point totals match Lap V within 0.015)"
158,p01,"ring (Proxy, t=0)",True,devourer,3,T1 (80%),Chthonian Hungerer / Chthonian Devourer / Chthonian Gorger / Narl'Sarroth,records/creatures/enemies/chthoniandevourer_b02.dbr,Chthonian Gorger,trash,1.0963,"INFERRED (Monte Carlo 40,000 trials over the DECODED Lap V count law + PACK v3.8 pool_member weights/limits; per-spawn-point totals match Lap V within 0.015)"
158,p01,"ring (Proxy, t=0)",True,crabmonstrosity,4,T1 (80%),Ugdenbog Crab / Ugdenbog Spikeshell / Ugdenbog Stoneshell / Sparkmucker ~ Thundering,records/creatures/enemies/swampcrab_b01.dbr,Ugdenbog Spikeshell,trash,0.9862,"INFERRED (Monte Carlo 40,000 trials over the DECODED Lap V count law + PACK v3.8 pool_member weights/limits; per-spawn-point totals match Lap V within 0.015)"
158,p01,"ring (Proxy, t=0)",True,sandlizard,7,T1 (80%),Moltenclaw / Sandclaw / Riftclaw / Riftclaw ~ Flayer,records/creatures/enemies/sandlizard_a01.dbr,Sandclaw,trash,0.9722,"INFERRED (Monte Carlo 40,000 trials over the DECODED Lap V count law + PACK v3.8 pool_member weights/limits; per-spawn-point totals match Lap V within 0.015)"
158,p01,"ring (Proxy, t=0)",True,crabmonstrosity,4,T1 (80%),Ugdenbog Crab / Ugdenbog Spikeshell / Ugdenbog Stoneshell / Sparkmucker ~ Thundering,records/creatures/enemies/swampcrab_c01.dbr,Ugdenbog Stoneshell,trash,0.5476,"INFERRED (Monte Carlo 40,000 trials over the DECODED Lap V count law + PACK v3.8 pool_member weights/limits; per-spawn-point totals match Lap V within 0.015)"
158,p01,"ring (Proxy, t=0)",True,sandlizard,7,T1 (80%),Moltenclaw / Sandclaw / Riftclaw / Riftclaw ~ Flayer,records/creatures/enemies/sandlizard_b02.dbr,Sandclaw ~ Nest Guardian,trash,0.4863,"INFERRED (Monte Carlo 40,000 trials over the DECODED Lap V count law + PACK v3.8 pool_member weights/limits; per-spawn-point totals match Lap V within 0.015)"
158,p01,"ring (Proxy, t=0)",True,sandlizard,7,T1 (80%),Moltenclaw / Sandclaw / Riftclaw / Riftclaw ~ Flayer,records/creatures/enemies/sandlizard_b01.dbr,Sandclaw ~ Flayer,trash,0.4839,"INFERRED (Monte Carlo 40,000 trials over the DECODED Lap V count law + PACK v3.8 pool_member weights/limits; per-spawn-point totals match Lap V within 0.015)"
158,p01,"ring (Proxy, t=0)",True,sandlizard,7,T1 (80%),Moltenclaw / Sandclaw / Riftclaw / Riftclaw ~ Flayer,records/creatures/enemies/sandlizard_c01.dbr,Sandclaw ~ Matriarch,trash,0.4116,"INFERRED (Monte Carlo 40,000 trials over the DECODED Lap V count law + PACK v3.8 pool_member weights/limits; per-spawn-point totals match Lap V within 0.015)"
158,p02,"ring (Proxy, t=0)",True,heroine01_gun2h,28,T2 (95%),Haunted Noble / Agalla Varos ~ Regenerator,records/creatures/enemies/devotion/ghost_h03.dbr,Agalla Varos ~ Regenerator,champion-hero,0.0401,"INFERRED (Monte Carlo 40,000 trials over the DECODED Lap V count law + PACK v3.8 pool_member weights/limits; per-spawn-point totals match Lap V within 0.015)"
158,p02,"ring (Proxy, t=0)",True,skeleton_01a,14,T1 (80%),Storm Revenant / Flame Revenant / Frost Revenant / Death Revenant,records/creatures/enemies/devotion/skeleton_h03.dbr,Damnoth,champion-hero,0.0398,"INFERRED (Monte Carlo 40,000 trials over the DECODED Lap V count law + PACK v3.8 pool_member weights/limits; per-spawn-point totals match Lap V within 0.015)"
158,p02,"ring (Proxy, t=0)",True,skeleton_01a,14,T1 (80%),Storm Revenant / Flame Revenant / Frost Revenant / Death Revenant,records/creatures/enemies/devotion/skeleton_h06.dbr,Rimelord ~ Frozen,champion-hero,0.0398,"INFERRED (Monte Carlo 40,000 trials over the DECODED Lap V count law + PACK v3.8 pool_member weights/limits; per-spawn-point totals match Lap V within 0.015)"
158,p02,"ring (Proxy, t=0)",True,spidergiant,57,T3 (tail),Shalloth / Waviix ~ Swift / Troaxna ~ Regenerator,records/creatures/enemies/devotion/spider_cave_h01.dbr,Shalloth,champion-hero,0.0397,"INFERRED (Monte Carlo 40,000 trials over the DECODED Lap V count law + PACK v3.8 pool_member weights/limits; per-spawn-point totals match Lap V within 0.015)"
158,p02,"ring (Proxy, t=0)",True,heroine01_sword1h,22,T2 (95%),Haunted Noble / Torraxsteria ~ Frozen / Olga Flamebearer / Ludia Bloodwhisper,records/creatures/enemies/devotion/ghost_h08.dbr,Barrosa Namos,champion-hero,0.0394,"INFERRED (Monte Carlo 40,000 trials over the DECODED Lap V count law + PACK v3.8 pool_member weights/limits; per-spawn-point totals match Lap V within 0.015)"
158,p02,"ring (Proxy, t=0)",True,skeleton_01a,14,T1 (80%),Storm Revenant / Flame Revenant / Frost Revenant / Death Revenant,records/creatures/enemies/devotion/skeleton_h01.dbr,Elledar Bloodthirster,champion-hero,0.0394,"INFERRED (Monte Carlo 40,000 trials over the DECODED Lap V count law + PACK v3.8 pool_member weights/limits; per-spawn-point totals match Lap V within 0.015)"
158,p02,"ring (Proxy, t=0)",True,slith01,44,T3 (tail),"Slathra, the Plagued / Wrallan ~ Electrified / Lunorius / Balladra Stormscion",records/creatures/enemies/devotion/slith_h05.dbr,Wrallan ~ Electrified,champion-hero,0.0394,"INFERRED (Monte Carlo 40,000 trials over the DECODED Lap V count law + PACK v3.8 pool_member weights/limits; per-spawn-point totals match Lap V within 0.015)"
158,p02,"ring (Proxy, t=0)",True,hero01_sword1h,27,T2 (95%),"Haunted Champion / Ixall, Phantom of the Korvan Wastes / Horvald Shieldbreaker / Develos Ondal",records/creatures/enemies/devotion/ghost_h07.dbr,Develos Ondal,champion-hero,0.0393,"INFERRED (Monte Carlo 40,000 trials over the DECODED Lap V count law + PACK v3.8 pool_member weights/limits; per-spawn-point totals match Lap V within 0.015)"
158,p02,"ring (Proxy, t=0)",True,golembone_phase01,30,T2 (95%),"Skeletal Monstrosity / Ilgorr, the Eternal / Skeletal Gargantuan / Grum ~ Diseased",records/creatures/enemies/devotion/skeletalgolem_h02.dbr,Icesharn ~ Frozen,champion-hero,0.0393,"INFERRED (Monte Carlo 40,000 trials over the DECODED Lap V count law + PACK v3.8 pool_member weights/limits; per-spawn-point totals match Lap V within 0.015)"
158,p02,"ring (Proxy, t=0)",True,skeleton_01a,14,T1 (80%),Storm Revenant / Flame Revenant / Frost Revenant / Death Revenant,records/creatures/enemies/devotion/skeleton_h04.dbr,Everon ~ Burning,champion-hero,0.0393,"INFERRED (Monte Carlo 40,000 trials over the DECODED Lap V count law + PACK v3.8 pool_member weights/limits; per-spawn-point totals match Lap V within 0.015)"
158,p02,"ring (Proxy, t=0)",True,hero01_sword1h,27,T2 (95%),"Haunted Champion / Ixall, Phantom of the Korvan Wastes / Horvald Shieldbreaker / Develos Ondal",records/creatures/enemies/devotion/ghost_h02.dbr,Marden Thal ~ Burning,champion-hero,0.0392,"INFERRED (Monte Carlo 40,000 trials over the DECODED Lap V count law + PACK v3.8 pool_member weights/limits; per-spawn-point totals match Lap V within 0.015)"
158,p02,"ring (Proxy, t=0)",True,skeleton_01a,14,T1 (80%),Storm Revenant / Flame Revenant / Frost Revenant / Death Revenant,records/creatures/enemies/devotion/skeleton_h10.dbr,Ollegon the Icewatcher,champion-hero,0.0392,"INFERRED (Monte Carlo 40,000 trials over the DECODED Lap V count law + PACK v3.8 pool_member weights/limits; per-spawn-point totals match Lap V within 0.015)"
158,p02,"ring (Proxy, t=0)",True,skeleton_01a,14,T1 (80%),Storm Revenant / Flame Revenant / Frost Revenant / Death Revenant,records/creatures/enemies/devotion/skeleton_h02.dbr,Priest Dagoll,champion-hero,0.0391,"INFERRED (Monte Carlo 40,000 trials over the DECODED Lap V count law + PACK v3.8 pool_member weights/limits; per-spawn-point totals match Lap V within 0.015)"
158,p02,"ring (Proxy, t=0)",True,slith01,44,T3 (tail),"Slathra, the Plagued / Wrallan ~ Electrified / Lunorius / Balladra Stormscion",records/creatures/enemies/devotion/slith_h08.dbr,Lunorius,champion-hero,0.0391,"INFERRED (Monte Carlo 40,000 trials over the DECODED Lap V count law + PACK v3.8 pool_member weights/limits; per-spawn-point totals match Lap V within 0.015)"
158,p02,"ring (Proxy, t=0)",True,spidergiant,57,T3 (tail),Shalloth / Waviix ~ Swift / Troaxna ~ Regenerator,records/creatures/enemies/devotion/spider_cave_h03.dbr,Waviix ~ Swift,champion-hero,0.0391,"INFERRED (Monte Carlo 40,000 trials over the DECODED Lap V count law + PACK v3.8 pool_member weights/limits; per-spawn-point totals match Lap V within 0.015)"
158,p02,"ring (Proxy, t=0)",True,fleshhulk_unarmed,43,T3 (tail),"Venarius, the Backbreaker / Feseron ~ Electrified / Aethollin / Brognathar",records/creatures/enemies/devotion/fleshhulk_h04.dbr,Feseron ~ Electrified,champion-hero,0.0389,"INFERRED (Monte Carlo 40,000 trials over the DECODED Lap V count law + PACK v3.8 pool_member weights/limits; per-spawn-point totals match Lap V within 0.015)"
158,p02,"ring (Proxy, t=0)",True,run_01,46,T3 (tail),Nucus'Dal / Mal'Thallon ~ Frozen / Blagal'Doth / Elegor'Dar,records/creatures/enemies/devotion/chthonianminion_h06.dbr,Mal'Thallon ~ Frozen,champion-hero,0.0388,"INFERRED (Monte Carlo 40,000 trials over the DECODED Lap V count law + PACK v3.8 pool_member weights/limits; per-spawn-point totals match Lap V within 0.015)"
158,p02,"ring (Proxy, t=0)",True,slith01,44,T3 (tail),"Slathra, the Plagued / Wrallan ~ Electrified / Lunorius / Balladra Stormscion",records/creatures/enemies/devotion/slith_h02.dbr,Balladra Stormscion,champion-hero,0.0388,"INFERRED (Monte Carlo 40,000 trials over the DECODED Lap V count law + PACK v3.8 pool_member weights/limits; per-spawn-point totals match Lap V within 0.015)"
158,p02,"ring (Proxy, t=0)",True,fleshhulk_unarmed,43,T3 (tail),"Venarius, the Backbreaker / Feseron ~ Electrified / Aethollin / Brognathar",records/creatures/enemies/devotion/fleshhulk_h02.dbr,Aethollin,champion-hero,0.0387,"INFERRED (Monte Carlo 40,000 trials over the DECODED Lap V count law + PACK v3.8 pool_member weights/limits; per-spawn-point totals match Lap V within 0.015)"
158,p02,"ring (Proxy, t=0)",True,heroine01_sword1h,22,T2 (95%),Haunted Noble / Torraxsteria ~ Frozen / Olga Flamebearer / Ludia Bloodwhisper,records/creatures/enemies/devotion/ghost_h01.dbr,Odellia Lanos,champion-hero,0.0387,"INFERRED (Monte Carlo 40,000 trials over the DECODED Lap V count law + PACK v3.8 pool_member weights/limits; per-spawn-point totals match Lap V within 0.015)"
158,p02,"ring (Proxy, t=0)",True,heroine01_sword1h,22,T2 (95%),Haunted Noble / Torraxsteria ~ Frozen / Olga Flamebearer / Ludia Bloodwhisper,records/creatures/enemies/devotion/ghost_h09.dbr,Aneria Thandris,champion-hero,0.0387,"INFERRED (Monte Carlo 40,000 trials over the DECODED Lap V count law + PACK v3.8 pool_member weights/limits; per-spawn-point totals match Lap V within 0.015)"
158,p02,"ring (Proxy, t=0)",True,prawn,55,T3 (tail),"Sicrix, the Skittering ~ Voidtouched / Idricrix ~ Electrified / Direcrix / Malocrix ~ Voidtouched",records/creatures/enemies/devotion/prawncave_h03.dbr,Idricrix ~ Electrified,champion-hero,0.0387,"INFERRED (Monte Carlo 40,000 trials over the DECODED Lap V count law + PACK v3.8 pool_member weights/limits; per-spawn-point totals match Lap V within 0.015)"
158,p02,"ring (Proxy, t=0)",True,voidfiend,16,T1 (80%),Voidlurker Blightbearer / Voidlurker / Voidlurker Pestilence / Vom'Zul,records/creatures/enemies/devotion/chthonianfiend_h01.dbr,Innal'Gargoth,champion-hero,0.0386,"INFERRED (Monte Carlo 40,000 trials over the DECODED Lap V count law + PACK v3.8 pool_member weights/limits; per-spawn-point totals match Lap V within 0.015)"
158,p02,"ring (Proxy, t=0)",True,slith01,44,T3 (tail),"Slathra, the Plagued / Wrallan ~ Electrified / Lunorius / Balladra Stormscion",records/creatures/enemies/devotion/slith_h03.dbr,Sharath,champion-hero,0.0386,"INFERRED (Monte Carlo 40,000 trials over the DECODED Lap V count law + PACK v3.8 pool_member weights/limits; per-spawn-point totals match Lap V within 0.015)"
158,p02,"ring (Proxy, t=0)",True,zombie01_unarmed,54,T3 (tail),Palleod ~ Electrified / Follistad / Grubnar / Occullon,records/creatures/enemies/devotion/zombie_h04.dbr,Palleod ~ Electrified,champion-hero,0.0386,"INFERRED (Monte Carlo 40,000 trials over the DECODED Lap V count law + PACK v3.8 pool_member weights/limits; per-spawn-point totals match Lap V within 0.015)"
158,p02,"ring (Proxy, t=0)",True,zombiemutated02,53,T3 (tail),Ballior ~ Burning / Swiftrot ~ Swift / Bloodwretch ~ Swift / Vampireon,records/creatures/enemies/devotion/zombiemutated_h04.dbr,Swiftrot ~ Swift,champion-hero,0.0386,"INFERRED (Monte Carlo 40,000 trials over the DECODED Lap V count law + PACK v3.8 pool_member weights/limits; per-spawn-point totals match Lap V within 0.015)"
158,p02,"ring (Proxy, t=0)",True,golembone_phase01,30,T2 (95%),"Skeletal Monstrosity / Ilgorr, the Eternal / Skeletal Gargantuan / Grum ~ Diseased",records/creatures/enemies/devotion/skeletalgolem_h01.dbr,Grubwrath ~ Diseased,champion-hero,0.0385,"INFERRED (Monte Carlo 40,000 trials over the DECODED Lap V count law + PACK v3.8 pool_member weights/limits; per-spawn-point totals match Lap V within 0.015)"
158,p02,"ring (Proxy, t=0)",True,golembone_phase01,30,T2 (95%),"Skeletal Monstrosity / Ilgorr, the Eternal / Skeletal Gargantuan / Grum ~ Diseased",records/creatures/enemies/devotion/skeletalgolem_h05.dbr,Voidreach ~ Voidtouched,champion-hero,0.0385,"INFERRED (Monte Carlo 40,000 trials over the DECODED Lap V count law + PACK v3.8 pool_member weights/limits; per-spawn-point totals match Lap V within 0.015)"
158,p02,"ring (Proxy, t=0)",True,slith01,44,T3 (tail),"Slathra, the Plagued / Wrallan ~ Electrified / Lunorius / Balladra Stormscion",records/creatures/enemies/devotion/slith_h06.dbr,Calladra ~ Corrupted,champion-hero,0.0385,"INFERRED (Monte Carlo 40,000 trials over the DECODED Lap V count law + PACK v3.8 pool_member weights/limits; per-spawn-point totals match Lap V within 0.015)"
158,p02,"ring (Proxy, t=0)",True,run_01,46,T3 (tail),Nucus'Dal / Mal'Thallon ~ Frozen / Blagal'Doth / Elegor'Dar,records/creatures/enemies/devotion/chthonianminion_h05.dbr,Blagal'Doth,champion-hero,0.0384,"INFERRED (Monte Carlo 40,000 trials over the DECODED Lap V count law + PACK v3.8 pool_member weights/limits; per-spawn-point totals match Lap V within 0.015)"
158,p02,"ring (Proxy, t=0)",True,prawn,55,T3 (tail),"Sicrix, the Skittering ~ Voidtouched / Idricrix ~ Electrified / Direcrix / Malocrix ~ Voidtouched",records/creatures/enemies/devotion/prawncave_h01.dbr,Direcrix,champion-hero,0.0384,"INFERRED (Monte Carlo 40,000 trials over the DECODED Lap V count law + PACK v3.8 pool_member weights/limits; per-spawn-point totals match Lap V within 0.015)"
158,p02,"ring (Proxy, t=0)",True,skeleton_01a,14,T1 (80%),Storm Revenant / Flame Revenant / Frost Revenant / Death Revenant,records/creatures/enemies/devotion/skeleton_h09.dbr,Elagorian Darkmarrow,champion-hero,0.0384,"INFERRED (Monte Carlo 40,000 trials over the DECODED Lap V count law + PACK v3.8 pool_member weights/limits; per-spawn-point totals match Lap V within 0.015)"
158,p02,"ring (Proxy, t=0)",True,slith01,44,T3 (tail),"Slathra, the Plagued / Wrallan ~ Electrified / Lunorius / Balladra Stormscion",records/creatures/enemies/devotion/slith_h07.dbr,Bliegna,champion-hero,0.0384,"INFERRED (Monte Carlo 40,000 trials over the DECODED Lap V count law + PACK v3.8 pool_member weights/limits; per-spawn-point totals match Lap V within 0.015)"
158,p02,"ring (Proxy, t=0)",True,zombiemutated02,53,T3 (tail),Ballior ~ Burning / Swiftrot ~ Swift / Bloodwretch ~ Swift / Vampireon,records/creatures/enemies/devotion/zombiemutated_h01.dbr,Bloodwretch ~ Swift,champion-hero,0.0384,"INFERRED (Monte Carlo 40,000 trials over the DECODED Lap V count law + PACK v3.8 pool_member weights/limits; per-spawn-point totals match Lap V within 0.015)"
158,p02,"ring (Proxy, t=0)",True,voidfiend,16,T1 (80%),Voidlurker Blightbearer / Voidlurker / Voidlurker Pestilence / Vom'Zul,records/creatures/enemies/devotion/chthonianfiend_h05.dbr,Sen'Udal ~ Burning,champion-hero,0.0383,"INFERRED (Monte Carlo 40,000 trials over the DECODED Lap V count law + PACK v3.8 pool_member weights/limits; per-spawn-point totals match Lap V within 0.015)"
158,p02,"ring (Proxy, t=0)",True,hero01_sword2h,29,T2 (95%),Haunted Champion / Baullos Gar ~ Electrified / Senal Thandris ~ Corrupted / Stormbane ~ Electrified,records/creatures/enemies/devotion/ghost_h05.dbr,Baullos Gar ~ Electrified,champion-hero,0.0383,"INFERRED (Monte Carlo 40,000 trials over the DECODED Lap V count law + PACK v3.8 pool_member weights/limits; per-spawn-point totals match Lap V within 0.015)"
158,p02,"ring (Proxy, t=0)",True,hero01_sword2h,29,T2 (95%),Haunted Champion / Baullos Gar ~ Electrified / Senal Thandris ~ Corrupted / Stormbane ~ Electrified,records/creatures/enemies/devotion/ghost_h06.dbr,Senal Thandris ~ Corrupted,champion-hero,0.0383,"INFERRED (Monte Carlo 40,000 trials over the DECODED Lap V count law + PACK v3.8 pool_member weights/limits; per-spawn-point totals match Lap V within 0.015)"
158,p02,"ring (Proxy, t=0)",True,skeleton_01a,14,T1 (80%),Storm Revenant / Flame Revenant / Frost Revenant / Death Revenant,records/creatures/enemies/devotion/skeleton_h08.dbr,Alladon the Flamewatcher,champion-hero,0.0383,"INFERRED (Monte Carlo 40,000 trials over the DECODED Lap V count law + PACK v3.8 pool_member weights/limits; per-spawn-point totals match Lap V within 0.015)"
158,p02,"ring (Proxy, t=0)",True,zombie01_unarmed,54,T3 (tail),Palleod ~ Electrified / Follistad / Grubnar / Occullon,records/creatures/enemies/devotion/zombie_h02.dbr,Follistad,champion-hero,0.0383,"INFERRED (Monte Carlo 40,000 trials over the DECODED Lap V count law + PACK v3.8 pool_member weights/limits; per-spawn-point totals match Lap V within 0.015)"
158,p02,"ring (Proxy, t=0)",True,run_01,46,T3 (tail),Nucus'Dal / Mal'Thallon ~ Frozen / Blagal'Doth / Elegor'Dar,records/creatures/enemies/devotion/chthonianminion_h02.dbr,Elegor'Dar,champion-hero,0.0382,"INFERRED (Monte Carlo 40,000 trials over the DECODED Lap V count law + PACK v3.8 pool_member weights/limits; per-spawn-point totals match Lap V within 0.015)"
158,p02,"ring (Proxy, t=0)",True,slith01,44,T3 (tail),"Slathra, the Plagued / Wrallan ~ Electrified / Lunorius / Balladra Stormscion",records/creatures/enemies/devotion/slith_h04.dbr,Traglodan ~ Voidtouched,champion-hero,0.0382,"INFERRED (Monte Carlo 40,000 trials over the DECODED Lap V count law + PACK v3.8 pool_member weights/limits; per-spawn-point totals match Lap V within 0.015)"
158,p02,"ring (Proxy, t=0)",True,zombiemutated02,53,T3 (tail),Ballior ~ Burning / Swiftrot ~ Swift / Bloodwretch ~ Swift / Vampireon,records/creatures/enemies/devotion/zombiemutated_h03.dbr,Vampireon,champion-hero,0.0382,"INFERRED (Monte Carlo 40,000 trials over the DECODED Lap V count law + PACK v3.8 pool_member weights/limits; per-spawn-point totals match Lap V within 0.015)"
158,p02,"ring (Proxy, t=0)",True,voidfiend,16,T1 (80%),Voidlurker Blightbearer / Voidlurker / Voidlurker Pestilence / Vom'Zul,records/creatures/enemies/devotion/chthonianfiend_h03.dbr,Walloth'Dar,champion-hero,0.0381,"INFERRED (Monte Carlo 40,000 trials over the DECODED Lap V count law + PACK v3.8 pool_member weights/limits; per-spawn-point totals match Lap V within 0.015)"
158,p02,"ring (Proxy, t=0)",True,golembone_phase01,30,T2 (95%),"Skeletal Monstrosity / Ilgorr, the Eternal / Skeletal Gargantuan / Grum ~ Diseased",records/creatures/enemies/devotion/skeletalgolem_h03.dbr,Flamegore ~ Burning,champion-hero,0.0381,"INFERRED (Monte Carlo 40,000 trials over the DECODED Lap V count law + PACK v3.8 pool_member weights/limits; per-spawn-point totals match Lap V within 0.015)"
158,p02,"ring (Proxy, t=0)",True,skeleton_01a,14,T1 (80%),Storm Revenant / Flame Revenant / Frost Revenant / Death Revenant,records/creatures/enemies/devotion/skeleton_h05.dbr,Vengar the Vengeful ~ Reflective,champion-hero,0.0381,"INFERRED (Monte Carlo 40,000 trials over the DECODED Lap V count law + PACK v3.8 pool_member weights/limits; per-spawn-point totals match Lap V within 0.015)"
158,p02,"ring (Proxy, t=0)",True,run_01,46,T3 (tail),Nucus'Dal / Mal'Thallon ~ Frozen / Blagal'Doth / Elegor'Dar,records/creatures/enemies/devotion/chthonianminion_h07.dbr,Shogal'Gargoth ~ Shielded,champion-hero,0.038,"INFERRED (Monte Carlo 40,000 trials over the DECODED Lap V count law + PACK v3.8 pool_member weights/limits; per-spawn-point totals match Lap V within 0.015)"
158,p02,"ring (Proxy, t=0)",True,fleshhulk_unarmed,43,T3 (tail),"Venarius, the Backbreaker / Feseron ~ Electrified / Aethollin / Brognathar",records/creatures/enemies/devotion/fleshhulk_h01.dbr,Brognathar,champion-hero,0.038,"INFERRED (Monte Carlo 40,000 trials over the DECODED Lap V count law + PACK v3.8 pool_member weights/limits; per-spawn-point totals match Lap V within 0.015)"
158,p02,"ring (Proxy, t=0)",True,slith01,44,T3 (tail),"Slathra, the Plagued / Wrallan ~ Electrified / Lunorius / Balladra Stormscion",records/creatures/enemies/devotion/slith_h01.dbr,Rexna,champion-hero,0.038,"INFERRED (Monte Carlo 40,000 trials over the DECODED Lap V count law + PACK v3.8 pool_member weights/limits; per-spawn-point totals match Lap V within 0.015)"
158,p02,"ring (Proxy, t=0)",True,voidfiend,16,T1 (80%),Voidlurker Blightbearer / Voidlurker / Voidlurker Pestilence / Vom'Zul,records/creatures/enemies/devotion/chthonianfiend_h04.dbr,Eldon'Siin ~ Electrified,champion-hero,0.0379,"INFERRED (Monte Carlo 40,000 trials over the DECODED Lap V count law + PACK v3.8 pool_member weights/limits; per-spawn-point totals match Lap V within 0.015)"
158,p02,"ring (Proxy, t=0)",True,spidergiant,57,T3 (tail),Shalloth / Waviix ~ Swift / Troaxna ~ Regenerator,records/creatures/enemies/devotion/spider_cave_h02.dbr,Troaxna ~ Regenerator,champion-hero,0.0379,"INFERRED (Monte Carlo 40,000 trials over the DECODED Lap V count law + PACK v3.8 pool_member weights/limits; per-spawn-point totals match Lap V within 0.015)"
158,p02,"ring (Proxy, t=0)",True,zombie01_unarmed,54,T3 (tail),Palleod ~ Electrified / Follistad / Grubnar / Occullon,records/creatures/enemies/devotion/zombie_h01.dbr,Grubnar,champion-hero,0.0379,"INFERRED (Monte Carlo 40,000 trials over the DECODED Lap V count law + PACK v3.8 pool_member weights/limits; per-spawn-point totals match Lap V within 0.015)"
158,p02,"ring (Proxy, t=0)",True,zombie01_unarmed,54,T3 (tail),Palleod ~ Electrified / Follistad / Grubnar / Occullon,records/creatures/enemies/devotion/zombie_h05.dbr,Occullon,champion-hero,0.0379,"INFERRED (Monte Carlo 40,000 trials over the DECODED Lap V count law + PACK v3.8 pool_member weights/limits; per-spawn-point totals match Lap V within 0.015)"
158,p02,"ring (Proxy, t=0)",True,voidfiend,16,T1 (80%),Voidlurker Blightbearer / Voidlurker / Voidlurker Pestilence / Vom'Zul,records/creatures/enemies/devotion/chthonianfiend_h02.dbr,Udal'Thel,champion-hero,0.0378,"INFERRED (Monte Carlo 40,000 trials over the DECODED Lap V count law + PACK v3.8 pool_member weights/limits; per-spawn-point totals match Lap V within 0.015)"
158,p02,"ring (Proxy, t=0)",True,golembone_phase01,30,T2 (95%),"Skeletal Monstrosity / Ilgorr, the Eternal / Skeletal Gargantuan / Grum ~ Diseased",records/creatures/enemies/devotion/skeletalgolem_h04.dbr,Aethergore ~ Corrupted,champion-hero,0.0377,"INFERRED (Monte Carlo 40,000 trials over the DECODED Lap V count law + PACK v3.8 pool_member weights/limits; per-spawn-point totals match Lap V within 0.015)"
158,p02,"ring (Proxy, t=0)",True,devourer,3,T1 (80%),Chthonian Hungerer / Chthonian Devourer / Chthonian Gorger / Narl'Sarroth,records/creatures/enemies/devotion/chthoniandevourer_h04.dbr,Udal'Nadal,champion-hero,0.0376,"INFERRED (Monte Carlo 40,000 trials over the DECODED Lap V count law + PACK v3.8 pool_member weights/limits; per-spawn-point totals match Lap V within 0.015)"
158,p02,"ring (Proxy, t=0)",True,abomination,58,T3 (tail),Chthonian Unraveler,records/creatures/enemies/devotion/chthonianmonstrosity_h01.dbr,Chthonian Unraveler,champion-hero,0.0376,"INFERRED (Monte Carlo 40,000 trials over the DECODED Lap V count law + PACK v3.8 pool_member weights/limits; per-spawn-point totals match Lap V within 0.015)"
158,p02,"ring (Proxy, t=0)",True,aetherialwisp,59,T3 (tail),"Athraz, the Watcher / Idalazius, the Corruptor / Naladrak, Essence of the Flame",records/creatures/enemies/devotion/aetherialphantom_h01.dbr,"Athraz, the Watcher",champion-hero,0.0375,"INFERRED (Monte Carlo 40,000 trials over the DECODED Lap V count law + PACK v3.8 pool_member weights/limits; per-spawn-point totals match Lap V within 0.015)"
158,p02,"ring (Proxy, t=0)",True,zombie01_unarmed,54,T3 (tail),Palleod ~ Electrified / Follistad / Grubnar / Occullon,records/creatures/enemies/devotion/zombie_h03.dbr,Flamewretch ~ Burning,champion-hero,0.0374,"INFERRED (Monte Carlo 40,000 trials over the DECODED Lap V count law + PACK v3.8 pool_member weights/limits; per-spawn-point totals match Lap V within 0.015)"
158,p02,"ring (Proxy, t=0)",True,zombiemutated02,53,T3 (tail),Ballior ~ Burning / Swiftrot ~ Swift / Bloodwretch ~ Swift / Vampireon,records/creatures/enemies/devotion/zombiemutated_h02.dbr,Icerot,champion-hero,0.0373,"INFERRED (Monte Carlo 40,000 trials over the DECODED Lap V count law + PACK v3.8 pool_member weights/limits; per-spawn-point totals match Lap V within 0.015)"
158,p02,"ring (Proxy, t=0)",True,run_01,46,T3 (tail),Nucus'Dal / Mal'Thallon ~ Frozen / Blagal'Doth / Elegor'Dar,records/creatures/enemies/devotion/chthonianminion_h01.dbr,Carath'Lud,champion-hero,0.0372,"INFERRED (Monte Carlo 40,000 trials over the DECODED Lap V count law + PACK v3.8 pool_member weights/limits; per-spawn-point totals match Lap V within 0.015)"
158,p02,"ring (Proxy, t=0)",True,run_01,46,T3 (tail),Nucus'Dal / Mal'Thallon ~ Frozen / Blagal'Doth / Elegor'Dar,records/creatures/enemies/devotion/chthonianminion_h03.dbr,Fallim'Gargoth,champion-hero,0.0372,"INFERRED (Monte Carlo 40,000 trials over the DECODED Lap V count law + PACK v3.8 pool_member weights/limits; per-spawn-point totals match Lap V within 0.015)"
158,p02,"ring (Proxy, t=0)",True,run_01,46,T3 (tail),Nucus'Dal / Mal'Thallon ~ Frozen / Blagal'Doth / Elegor'Dar,records/creatures/enemies/devotion/chthonianminion_h04.dbr,Ossius'Dar,champion-hero,0.0371,"INFERRED (Monte Carlo 40,000 trials over the DECODED Lap V count law + PACK v3.8 pool_member weights/limits; per-spawn-point totals match Lap V within 0.015)"
158,p02,"ring (Proxy, t=0)",True,fleshhulk_unarmed,43,T3 (tail),"Venarius, the Backbreaker / Feseron ~ Electrified / Aethollin / Brognathar",records/creatures/enemies/devotion/fleshhulk_h03.dbr,Kollus ~ Burning,champion-hero,0.0371,"INFERRED (Monte Carlo 40,000 trials over the DECODED Lap V count law + PACK v3.8 pool_member weights/limits; per-spawn-point totals match Lap V within 0.015)"
158,p02,"ring (Proxy, t=0)",True,dreadguard_sword2h,35,T2 (95%),Grul'Thunn of the Crimson Tides / Zagal'Udal ~ Electrified / Wallan'Siin / Serethal'Siin,records/creatures/enemies/devotion/chthoniandreadguard_h03.dbr,Zagal'Udal ~ Electrified,champion-hero,0.0369,"INFERRED (Monte Carlo 40,000 trials over the DECODED Lap V count law + PACK v3.8 pool_member weights/limits; per-spawn-point totals match Lap V within 0.015)"
158,p02,"ring (Proxy, t=0)",True,dreadguard_sword2h,35,T2 (95%),Grul'Thunn of the Crimson Tides / Zagal'Udal ~ Electrified / Wallan'Siin / Serethal'Siin,records/creatures/enemies/devotion/chthoniandreadguard_h02.dbr,Wallan'Siin,champion-hero,0.0367,"INFERRED (Monte Carlo 40,000 trials over the DECODED Lap V count law + PACK v3.8 pool_member weights/limits; per-spawn-point totals match Lap V within 0.015)"
158,p02,"ring (Proxy, t=0)",True,skeleton_01a,14,T1 (80%),Storm Revenant / Flame Revenant / Frost Revenant / Death Revenant,records/creatures/enemies/devotion/skeleton_h07.dbr,Tenethon,champion-hero,0.0367,"INFERRED (Monte Carlo 40,000 trials over the DECODED Lap V count law + PACK v3.8 pool_member weights/limits; per-spawn-point totals match Lap V within 0.015)"
158,p02,"ring (Proxy, t=0)",True,devourer,3,T1 (80%),Chthonian Hungerer / Chthonian Devourer / Chthonian Gorger / Narl'Sarroth,records/creatures/enemies/devotion/chthoniandevourer_h01.dbr,Gal'Barok,champion-hero,0.0366,"INFERRED (Monte Carlo 40,000 trials over the DECODED Lap V count law + PACK v3.8 pool_member weights/limits; per-spawn-point totals match Lap V within 0.015)"
158,p02,"ring (Proxy, t=0)",True,devourer,3,T1 (80%),Chthonian Hungerer / Chthonian Devourer / Chthonian Gorger / Narl'Sarroth,records/creatures/enemies/devotion/chthoniandevourer_h05.dbr,Balok'Grot,champion-hero,0.0366,"INFERRED (Monte Carlo 40,000 trials over the DECODED Lap V count law + PACK v3.8 pool_member weights/limits; per-spawn-point totals match Lap V within 0.015)"
158,p02,"ring (Proxy, t=0)",True,voidfiend,16,T1 (80%),Voidlurker Blightbearer / Voidlurker / Voidlurker Pestilence / Vom'Zul,records/creatures/enemies/devotion/chthonianfiend_h06.dbr,Halloth'Siin,champion-hero,0.0364,"INFERRED (Monte Carlo 40,000 trials over the DECODED Lap V count law + PACK v3.8 pool_member weights/limits; per-spawn-point totals match Lap V within 0.015)"
158,p02,"ring (Proxy, t=0)",True,aetherialwisp,59,T3 (tail),"Athraz, the Watcher / Idalazius, the Corruptor / Naladrak, Essence of the Flame",records/creatures/enemies/devotion/aetherialphantom_h03.dbr,"Idalazius, the Corruptor",champion-hero,0.0361,"INFERRED (Monte Carlo 40,000 trials over the DECODED Lap V count law + PACK v3.8 pool_member weights/limits; per-spawn-point totals match Lap V within 0.015)"
158,p02,"ring (Proxy, t=0)",True,devourer,3,T1 (80%),Chthonian Hungerer / Chthonian Devourer / Chthonian Gorger / Narl'Sarroth,records/creatures/enemies/devotion/chthoniandevourer_h03.dbr,Ellon'Siin,champion-hero,0.0361,"INFERRED (Monte Carlo 40,000 trials over the DECODED Lap V count law + PACK v3.8 pool_member weights/limits; per-spawn-point totals match Lap V within 0.015)"
158,p02,"ring (Proxy, t=0)",True,hero01_sword2h,29,T2 (95%),Haunted Champion / Baullos Gar ~ Electrified / Senal Thandris ~ Corrupted / Stormbane ~ Electrified,records/creatures/enemies/devotion/ghost_h04.dbr,Stormbane ~ Electrified,champion-hero,0.0361,"INFERRED (Monte Carlo 40,000 trials over the DECODED Lap V count law + PACK v3.8 pool_member weights/limits; per-spawn-point totals match Lap V within 0.015)"
158,p02,"ring (Proxy, t=0)",True,prawn,55,T3 (tail),"Sicrix, the Skittering ~ Voidtouched / Idricrix ~ Electrified / Direcrix / Malocrix ~ Voidtouched",records/creatures/enemies/devotion/prawncave_h02.dbr,Malocrix ~ Voidtouched,champion-hero,0.036,"INFERRED (Monte Carlo 40,000 trials over the DECODED Lap V count law + PACK v3.8 pool_member weights/limits; per-spawn-point totals match Lap V within 0.015)"
158,p02,"ring (Proxy, t=0)",True,devourer,3,T1 (80%),Chthonian Hungerer / Chthonian Devourer / Chthonian Gorger / Narl'Sarroth,records/creatures/enemies/devotion/chthoniandevourer_h02.dbr,Har'Nadiin,champion-hero,0.0359,"INFERRED (Monte Carlo 40,000 trials over the DECODED Lap V count law + PACK v3.8 pool_member weights/limits; per-spawn-point totals match Lap V within 0.015)"
158,p02,"ring (Proxy, t=0)",True,devourer,3,T1 (80%),Chthonian Hungerer / Chthonian Devourer / Chthonian Gorger / Narl'Sarroth,records/creatures/enemies/devotion/chthoniandevourer_h06.dbr,Orudin'Ak,champion-hero,0.0357,"INFERRED (Monte Carlo 40,000 trials over the DECODED Lap V count law + PACK v3.8 pool_member weights/limits; per-spawn-point totals match Lap V within 0.015)"
158,p02,"ring (Proxy, t=0)",True,dreadguard_sword2h,35,T2 (95%),Grul'Thunn of the Crimson Tides / Zagal'Udal ~ Electrified / Wallan'Siin / Serethal'Siin,records/creatures/enemies/devotion/chthoniandreadguard_h01.dbr,Serethal'Siin,champion-hero,0.0356,"INFERRED (Monte Carlo 40,000 trials over the DECODED Lap V count law + PACK v3.8 pool_member weights/limits; per-spawn-point totals match Lap V within 0.015)"
158,p02,"ring (Proxy, t=0)",True,dreadguard_sword2h,35,T2 (95%),Grul'Thunn of the Crimson Tides / Zagal'Udal ~ Electrified / Wallan'Siin / Serethal'Siin,records/creatures/enemies/devotion/chthoniandreadguard_h04.dbr,Rigak'Doth ~ Reflective,champion-hero,0.0355,"INFERRED (Monte Carlo 40,000 trials over the DECODED Lap V count law + PACK v3.8 pool_member weights/limits; per-spawn-point totals match Lap V within 0.015)"
158,p02,"ring (Proxy, t=0)",True,dreadguard_sword2h,35,T2 (95%),Grul'Thunn of the Crimson Tides / Zagal'Udal ~ Electrified / Wallan'Siin / Serethal'Siin,records/creatures/enemies/devotion/chthoniandreadguard_h05.dbr,Palloth'Dar ~ Frozen,champion-hero,0.0355,"INFERRED (Monte Carlo 40,000 trials over the DECODED Lap V count law + PACK v3.8 pool_member weights/limits; per-spawn-point totals match Lap V within 0.015)"
158,p02,"ring (Proxy, t=0)",True,aetherialwisp,59,T3 (tail),"Athraz, the Watcher / Idalazius, the Corruptor / Naladrak, Essence of the Flame",records/creatures/enemies/devotion/aetherialphantom_h02.dbr,"Naladrak, Essence of the Flame",champion-hero,0.0351,"INFERRED (Monte Carlo 40,000 trials over the DECODED Lap V count law + PACK v3.8 pool_member weights/limits; per-spawn-point totals match Lap V within 0.015)"
158,p03,"ring (Proxy, t=0)",True,devourer,3,T1 (80%),Chthonian Hungerer / Chthonian Devourer / Chthonian Gorger / Narl'Sarroth,records/creatures/enemies/chthoniandevourer_a01.dbr,Chthonian Hungerer,trash,1.7909,"INFERRED (Monte Carlo 40,000 trials over the DECODED Lap V count law + PACK v3.8 pool_member weights/limits; per-spawn-point totals match Lap V within 0.015)"
158,p03,"ring (Proxy, t=0)",True,crabmonstrosity,4,T1 (80%),Ugdenbog Crab / Ugdenbog Spikeshell / Ugdenbog Stoneshell / Sparkmucker ~ Thundering,records/creatures/enemies/swampcrab_a01.dbr,Ugdenbog Crab,trash,1.1204,"INFERRED (Monte Carlo 40,000 trials over the DECODED Lap V count law + PACK v3.8 pool_member weights/limits; per-spawn-point totals match Lap V within 0.015)"
158,p03,"ring (Proxy, t=0)",True,devourer,3,T1 (80%),Chthonian Hungerer / Chthonian Devourer / Chthonian Gorger / Narl'Sarroth,records/creatures/enemies/chthoniandevourer_b02.dbr,Chthonian Gorger,trash,1.0912,"INFERRED (Monte Carlo 40,000 trials over the DECODED Lap V count law + PACK v3.8 pool_member weights/limits; per-spawn-point totals match Lap V within 0.015)"
158,p03,"ring (Proxy, t=0)",True,devourer,3,T1 (80%),Chthonian Hungerer / Chthonian Devourer / Chthonian Gorger / Narl'Sarroth,records/creatures/enemies/chthoniandevourer_b01.dbr,Chthonian Devourer,trash,1.0836,"INFERRED (Monte Carlo 40,000 trials over the DECODED Lap V count law + PACK v3.8 pool_member weights/limits; per-spawn-point totals match Lap V within 0.015)"
158,p03,"ring (Proxy, t=0)",True,crabmonstrosity,4,T1 (80%),Ugdenbog Crab / Ugdenbog Spikeshell / Ugdenbog Stoneshell / Sparkmucker ~ Thundering,records/creatures/enemies/swampcrab_b01.dbr,Ugdenbog Spikeshell,trash,0.9964,"INFERRED (Monte Carlo 40,000 trials over the DECODED Lap V count law + PACK v3.8 pool_member weights/limits; per-spawn-point totals match Lap V within 0.015)"
158,p03,"ring (Proxy, t=0)",True,sandlizard,7,T1 (80%),Moltenclaw / Sandclaw / Riftclaw / Riftclaw ~ Flayer,records/creatures/enemies/sandlizard_volcanic_a01.dbr,Moltenclaw,trash,0.976,"INFERRED (Monte Carlo 40,000 trials over the DECODED Lap V count law + PACK v3.8 pool_member weights/limits; per-spawn-point totals match Lap V within 0.015)"
158,p03,"ring (Proxy, t=0)",True,crabmonstrosity,4,T1 (80%),Ugdenbog Crab / Ugdenbog Spikeshell / Ugdenbog Stoneshell / Sparkmucker ~ Thundering,records/creatures/enemies/swampcrab_c01.dbr,Ugdenbog Stoneshell,trash,0.5497,"INFERRED (Monte Carlo 40,000 trials over the DECODED Lap V count law + PACK v3.8 pool_member weights/limits; per-spawn-point totals match Lap V within 0.015)"
158,p03,"ring (Proxy, t=0)",True,sandlizard,7,T1 (80%),Moltenclaw / Sandclaw / Riftclaw / Riftclaw ~ Flayer,records/creatures/enemies/sandlizard_volcanic_b01.dbr,Moltenclaw ~ Flayer,trash,0.4878,"INFERRED (Monte Carlo 40,000 trials over the DECODED Lap V count law + PACK v3.8 pool_member weights/limits; per-spawn-point totals match Lap V within 0.015)"
158,p03,"ring (Proxy, t=0)",True,sandlizard,7,T1 (80%),Moltenclaw / Sandclaw / Riftclaw / Riftclaw ~ Flayer,records/creatures/enemies/sandlizard_volcanic_b02.dbr,Moltenclaw ~ Nest Guardian,trash,0.4831,"INFERRED (Monte Carlo 40,000 trials over the DECODED Lap V count law + PACK v3.8 pool_member weights/limits; per-spawn-point totals match Lap V within 0.015)"
158,p03,"ring (Proxy, t=0)",True,sandlizard,7,T1 (80%),Moltenclaw / Sandclaw / Riftclaw / Riftclaw ~ Flayer,records/creatures/enemies/sandlizard_volcanic_c01.dbr,Moltenclaw ~ Matriarch,trash,0.4066,"INFERRED (Monte Carlo 40,000 trials over the DECODED Lap V count law + PACK v3.8 pool_member weights/limits; per-spawn-point totals match Lap V within 0.015)"
158,p04,"ring (Proxy, t=0)",True,devourer,3,T1 (80%),Chthonian Hungerer / Chthonian Devourer / Chthonian Gorger / Narl'Sarroth,records/creatures/enemies/chthoniandevourer_a01.dbr,Chthonian Hungerer,trash,1.7929,"INFERRED (Monte Carlo 40,000 trials over the DECODED Lap V count law + PACK v3.8 pool_member weights/limits; per-spawn-point totals match Lap V within 0.015)"
158,p04,"ring (Proxy, t=0)",True,crabmonstrosity,4,T1 (80%),Ugdenbog Crab / Ugdenbog Spikeshell / Ugdenbog Stoneshell / Sparkmucker ~ Thundering,records/creatures/enemies/swampcrab_a01.dbr,Ugdenbog Crab,trash,1.124,"INFERRED (Monte Carlo 40,000 trials over the DECODED Lap V count law + PACK v3.8 pool_member weights/limits; per-spawn-point totals match Lap V within 0.015)"
158,p04,"ring (Proxy, t=0)",True,devourer,3,T1 (80%),Chthonian Hungerer / Chthonian Devourer / Chthonian Gorger / Narl'Sarroth,records/creatures/enemies/chthoniandevourer_b01.dbr,Chthonian Devourer,trash,1.093,"INFERRED (Monte Carlo 40,000 trials over the DECODED Lap V count law + PACK v3.8 pool_member weights/limits; per-spawn-point totals match Lap V within 0.015)"
158,p04,"ring (Proxy, t=0)",True,devourer,3,T1 (80%),Chthonian Hungerer / Chthonian Devourer / Chthonian Gorger / Narl'Sarroth,records/creatures/enemies/chthoniandevourer_b02.dbr,Chthonian Gorger,trash,1.093,"INFERRED (Monte Carlo 40,000 trials over the DECODED Lap V count law + PACK v3.8 pool_member weights/limits; per-spawn-point totals match Lap V within 0.015)"
158,p04,"ring (Proxy, t=0)",True,crabmonstrosity,4,T1 (80%),Ugdenbog Crab / Ugdenbog Spikeshell / Ugdenbog Stoneshell / Sparkmucker ~ Thundering,records/creatures/enemies/swampcrab_b01.dbr,Ugdenbog Spikeshell,trash,1.0064,"INFERRED (Monte Carlo 40,000 trials over the DECODED Lap V count law + PACK v3.8 pool_member weights/limits; per-spawn-point totals match Lap V within 0.015)"
158,p04,"ring (Proxy, t=0)",True,sandlizard,7,T1 (80%),Moltenclaw / Sandclaw / Riftclaw / Riftclaw ~ Flayer,records/creatures/enemies/sandlizard_eldritch_a01.dbr,Riftclaw,trash,0.9652,"INFERRED (Monte Carlo 40,000 trials over the DECODED Lap V count law + PACK v3.8 pool_member weights/limits; per-spawn-point totals match Lap V within 0.015)"
158,p04,"ring (Proxy, t=0)",True,crabmonstrosity,4,T1 (80%),Ugdenbog Crab / Ugdenbog Spikeshell / Ugdenbog Stoneshell / Sparkmucker ~ Thundering,records/creatures/enemies/swampcrab_c01.dbr,Ugdenbog Stoneshell,trash,0.5521,"INFERRED (Monte Carlo 40,000 trials over the DECODED Lap V count law + PACK v3.8 pool_member weights/limits; per-spawn-point totals match Lap V within 0.015)"
158,p04,"ring (Proxy, t=0)",True,sandlizard,7,T1 (80%),Moltenclaw / Sandclaw / Riftclaw / Riftclaw ~ Flayer,records/creatures/enemies/sandlizard_eldritch_b01.dbr,Riftclaw ~ Flayer,trash,0.4816,"INFERRED (Monte Carlo 40,000 trials over the DECODED Lap V count law + PACK v3.8 pool_member weights/limits; per-spawn-point totals match Lap V within 0.015)"
158,p04,"ring (Proxy, t=0)",True,sandlizard,7,T1 (80%),Moltenclaw / Sandclaw / Riftclaw / Riftclaw ~ Flayer,records/creatures/enemies/sandlizard_eldritch_b02.dbr,Riftclaw ~ Nest Guardian,trash,0.4811,"INFERRED (Monte Carlo 40,000 trials over the DECODED Lap V count law + PACK v3.8 pool_member weights/limits; per-spawn-point totals match Lap V within 0.015)"
158,p04,"ring (Proxy, t=0)",True,sandlizard,7,T1 (80%),Moltenclaw / Sandclaw / Riftclaw / Riftclaw ~ Flayer,records/creatures/enemies/sandlizard_eldritch_c01.dbr,Riftclaw ~ Matriarch,trash,0.404,"INFERRED (Monte Carlo 40,000 trials over the DECODED Lap V count law + PACK v3.8 pool_member weights/limits; per-spawn-point totals match Lap V within 0.015)"
158,p05,"p05 ambush (ProxyAmbush, +4.0 s, emergence clip)",True,gryphon01a,25,T2 (95%),Corvunox ~ Vampiric / Corrot ~ Diseased / Covull ~ Swift / Corvulux ~ Supporter,records/creatures/enemies/hero/hypporaven_h03.dbr,Corvunox ~ Vampiric,champion-hero,0.379,"INFERRED (Monte Carlo 40,000 trials over the DECODED Lap V count law + PACK v3.8 pool_member weights/limits; per-spawn-point totals match Lap V within 0.015)"
158,p05,"p05 ambush (ProxyAmbush, +4.0 s, emergence clip)",True,gryphon01a,25,T2 (95%),Corvunox ~ Vampiric / Corrot ~ Diseased / Covull ~ Swift / Corvulux ~ Supporter,records/creatures/enemies/hero/hypporaven_h02.dbr,Corrot ~ Diseased,champion-hero,0.378,"INFERRED (Monte Carlo 40,000 trials over the DECODED Lap V count law + PACK v3.8 pool_member weights/limits; per-spawn-point totals match Lap V within 0.015)"
158,p05,"p05 ambush (ProxyAmbush, +4.0 s, emergence clip)",True,gryphon01a,25,T2 (95%),Corvunox ~ Vampiric / Corrot ~ Diseased / Covull ~ Swift / Corvulux ~ Supporter,records/creatures/enemies/hero/hypporaven_h01.dbr,Covull ~ Swift,champion-hero,0.3768,"INFERRED (Monte Carlo 40,000 trials over the DECODED Lap V count law + PACK v3.8 pool_member weights/limits; per-spawn-point totals match Lap V within 0.015)"
158,p05,"p05 ambush (ProxyAmbush, +4.0 s, emergence clip)",True,gryphon01a,25,T2 (95%),Corvunox ~ Vampiric / Corrot ~ Diseased / Covull ~ Swift / Corvulux ~ Supporter,records/creatures/enemies/hero/hypporaven_h04.dbr,Corvulux ~ Supporter,champion-hero,0.3767,"INFERRED (Monte Carlo 40,000 trials over the DECODED Lap V count law + PACK v3.8 pool_member weights/limits; per-spawn-point totals match Lap V within 0.015)"
158,p05,"p05 ambush (ProxyAmbush, +4.0 s, emergence clip)",True,wraith,2,T1 (80%),Wraith / Spiteful Wraith / Eldritch Spirit / Eldritch Spirit ~ Haunt,records/creatures/enemies/hero/wraith_h04.dbr,Sulvar the Endless Hungerer ~ Vampiric,champion-hero,0.3,"INFERRED (Monte Carlo 40,000 trials over the DECODED Lap V count law + PACK v3.8 pool_member weights/limits; per-spawn-point totals match Lap V within 0.015)"
158,p05,"p05 ambush (ProxyAmbush, +4.0 s, emergence clip)",True,wraith,2,T1 (80%),Wraith / Spiteful Wraith / Eldritch Spirit / Eldritch Spirit ~ Haunt,records/creatures/enemies/hero/wraith_h03.dbr,Tildoom ~ Timewarped,champion-hero,0.2979,"INFERRED (Monte Carlo 40,000 trials over the DECODED Lap V count law + PACK v3.8 pool_member weights/limits; per-spawn-point totals match Lap V within 0.015)"
158,p05,"p05 ambush (ProxyAmbush, +4.0 s, emergence clip)",True,wraith,2,T1 (80%),Wraith / Spiteful Wraith / Eldritch Spirit / Eldritch Spirit ~ Haunt,records/creatures/enemies/hero/wraith_h05.dbr,Tulldar Endbringer ~ Celestial,champion-hero,0.2978,"INFERRED (Monte Carlo 40,000 trials over the DECODED Lap V count law + PACK v3.8 pool_member weights/limits; per-spawn-point totals match Lap V within 0.015)"
158,p05,"p05 ambush (ProxyAmbush, +4.0 s, emergence clip)",True,wraith,2,T1 (80%),Wraith / Spiteful Wraith / Eldritch Spirit / Eldritch Spirit ~ Haunt,records/creatures/enemies/hero/wraith_h01.dbr,Arcanom the Soulthief,champion-hero,0.297,"INFERRED (Monte Carlo 40,000 trials over the DECODED Lap V count law + PACK v3.8 pool_member weights/limits; per-spawn-point totals match Lap V within 0.015)"
158,p05,"p05 ambush (ProxyAmbush, +4.0 s, emergence clip)",True,wraith,2,T1 (80%),Wraith / Spiteful Wraith / Eldritch Spirit / Eldritch Spirit ~ Haunt,records/creatures/enemies/hero/wraith_h02.dbr,Obliterus,champion-hero,0.2968,"INFERRED (Monte Carlo 40,000 trials over the DECODED Lap V count law + PACK v3.8 pool_member weights/limits; per-spawn-point totals match Lap V within 0.015)"
158,p06,"p06 bonus (OFF in the oracle, V11-P06-1)",False,dranghoul_01,42,T3 (tail),Crogg the Maimer / Murg ~ Timewarped / Urdo ~ Swift / Gruug ~ Electrified,records/creatures/enemies/hero/dranghoul_h04.dbr,Chrog ~ Timewarped,champion-hero,0.375,"INFERRED (Monte Carlo 40,000 trials over the DECODED Lap V count law + PACK v3.8 pool_member weights/limits; per-spawn-point totals match Lap V within 0.015)"
158,p06,"p06 bonus (OFF in the oracle, V11-P06-1)",False,dranghoul_01,42,T3 (tail),Crogg the Maimer / Murg ~ Timewarped / Urdo ~ Swift / Gruug ~ Electrified,records/creatures/enemies/hero/dranghoul_h03.dbr,Strum ~ Electrified,champion-hero,0.3745,"INFERRED (Monte Carlo 40,000 trials over the DECODED Lap V count law + PACK v3.8 pool_member weights/limits; per-spawn-point totals match Lap V within 0.015)"
158,p06,"p06 bonus (OFF in the oracle, V11-P06-1)",False,dranghoul_01,42,T3 (tail),Crogg the Maimer / Murg ~ Timewarped / Urdo ~ Swift / Gruug ~ Electrified,records/creatures/enemies/hero/dranghoul_h01.dbr,Lurg ~ Swift,champion-hero,0.3737,"INFERRED (Monte Carlo 40,000 trials over the DECODED Lap V count law + PACK v3.8 pool_member weights/limits; per-spawn-point totals match Lap V within 0.015)"
158,p06,"p06 bonus (OFF in the oracle, V11-P06-1)",False,dranghoul_01,42,T3 (tail),Crogg the Maimer / Murg ~ Timewarped / Urdo ~ Swift / Gruug ~ Electrified,records/creatures/enemies/hero/dranghoul_h02.dbr,Jaduum ~ Bramble,champion-hero,0.3734,"INFERRED (Monte Carlo 40,000 trials over the DECODED Lap V count law + PACK v3.8 pool_member weights/limits; per-spawn-point totals match Lap V within 0.015)"
158,p06,"p06 bonus (OFF in the oracle, V11-P06-1)",False,aetherialfleshshaper,31,T2 (95%),Fleshweaver Haraxis / Fleshshaper Hinissius / Blazragarus / Fleshweaver Krieg,records/creatures/enemies/hero/aetherialfleshshaper_h03.dbr,Joxallus ~ Electrified,champion-hero,0.3017,"INFERRED (Monte Carlo 40,000 trials over the DECODED Lap V count law + PACK v3.8 pool_member weights/limits; per-spawn-point totals match Lap V within 0.015)"
158,p06,"p06 bonus (OFF in the oracle, V11-P06-1)",False,aetherialfleshshaper,31,T2 (95%),Fleshweaver Haraxis / Fleshshaper Hinissius / Blazragarus / Fleshweaver Krieg,records/creatures/enemies/hero/aetherialfleshshaper_h01.dbr,Frenazad ~ Burning,champion-hero,0.3013,"INFERRED (Monte Carlo 40,000 trials over the DECODED Lap V count law + PACK v3.8 pool_member weights/limits; per-spawn-point totals match Lap V within 0.015)"
158,p06,"p06 bonus (OFF in the oracle, V11-P06-1)",False,aetherialfleshshaper,31,T2 (95%),Fleshweaver Haraxis / Fleshshaper Hinissius / Blazragarus / Fleshweaver Krieg,records/creatures/enemies/hero/aetherialfleshshaper_h04.dbr,Oppressius ~ Unstoppable,champion-hero,0.3013,"INFERRED (Monte Carlo 40,000 trials over the DECODED Lap V count law + PACK v3.8 pool_member weights/limits; per-spawn-point totals match Lap V within 0.015)"
158,p06,"p06 bonus (OFF in the oracle, V11-P06-1)",False,aetherialfleshshaper,31,T2 (95%),Fleshweaver Haraxis / Fleshshaper Hinissius / Blazragarus / Fleshweaver Krieg,records/creatures/enemies/hero/aetherialfleshshaper_h05.dbr,Omegus ~ Celestial,champion-hero,0.3,"INFERRED (Monte Carlo 40,000 trials over the DECODED Lap V count law + PACK v3.8 pool_member weights/limits; per-spawn-point totals match Lap V within 0.015)"
158,p06,"p06 bonus (OFF in the oracle, V11-P06-1)",False,aetherialfleshshaper,31,T2 (95%),Fleshweaver Haraxis / Fleshshaper Hinissius / Blazragarus / Fleshweaver Krieg,records/creatures/enemies/hero/aetherialfleshshaper_h02.dbr,Noxraderad ~ Frozen,champion-hero,0.299,"INFERRED (Monte Carlo 40,000 trials over the DECODED Lap V count law + PACK v3.8 pool_member weights/limits; per-spawn-point totals match Lap V within 0.015)"
159,p01,"ring (Proxy, t=0)",True,chthonianservitor,23,T2 (95%),"Lunal'Valgoth, Steward of Darkness / Chthonian Drone / Chthonian Servitor / Chthonian Harvester",records/creatures/enemies/boss&quest/chthonianservitor_lunalvalgoth.dbr,"Lunal'Valgoth, Steward of Darkness",boss,0.5008,"INFERRED (Monte Carlo 40,000 trials over the DECODED Lap V count law + PACK v3.8 pool_member weights/limits; per-spawn-point totals match Lap V within 0.015)"
159,p01,"ring (Proxy, t=0)",True,manticore,39,T3 (tail),"Mogara, the Prime Matriarch",records/creatures/enemies/boss&quest/manticore_jaggedwaste_01.dbr,"Mogara, the Prime Matriarch",boss,0.4992,"INFERRED (Monte Carlo 40,000 trials over the DECODED Lap V count law + PACK v3.8 pool_member weights/limits; per-spawn-point totals match Lap V within 0.015)"
159,p02,"ring (Proxy, t=0)",True,roc,40,T3 (tail),Avinnia of the Western Winds / Thundra / Corrowing ~ Corrupted / Anorwing ~ Shielded,records/creatures/enemies/boss&quest/rokwind_01.dbr,Avinnia of the Western Winds,boss,0.252,"INFERRED (Monte Carlo 40,000 trials over the DECODED Lap V count law + PACK v3.8 pool_member weights/limits; per-spawn-point totals match Lap V within 0.015)"
159,p02,"ring (Proxy, t=0)",True,golembone_phase01,30,T2 (95%),"Skeletal Monstrosity / Ilgorr, the Eternal / Skeletal Gargantuan / Grum ~ Diseased",records/creatures/enemies/boss&quest/skeletalgolem_stepsoftorment_01.dbr,"Ilgorr, the Eternal",boss,0.2504,"INFERRED (Monte Carlo 40,000 trials over the DECODED Lap V count law + PACK v3.8 pool_member weights/limits; per-spawn-point totals match Lap V within 0.015)"
159,p02,"ring (Proxy, t=0)",True,fleshhulk_unarmed,43,T3 (tail),"Venarius, the Backbreaker / Feseron ~ Electrified / Aethollin / Brognathar",records/creatures/enemies/boss&quest/aetherial_fleshhulk_mine.dbr,"Venarius, the Backbreaker",boss,0.2494,"INFERRED (Monte Carlo 40,000 trials over the DECODED Lap V count law + PACK v3.8 pool_member weights/limits; per-spawn-point totals match Lap V within 0.015)"
159,p02,"ring (Proxy, t=0)",True,possessedstatue,24,T2 (95%),"The Steward / Risen Stone, Temple Guardian / Animated Keeper",records/creatures/enemies/boss&quest/statue_templeguardian_02.dbr,"Risen Stone, Temple Guardian",boss,0.2481,"INFERRED (Monte Carlo 40,000 trials over the DECODED Lap V count law + PACK v3.8 pool_member weights/limits; per-spawn-point totals match Lap V within 0.015)"
159,p02,"ring (Proxy, t=0)",True,possessedstatue,24,T2 (95%),"The Steward / Risen Stone, Temple Guardian / Animated Keeper",records/creatures/enemies/boss&quest/statue_templeguardian_03.dbr,"Risen Stone, Temple Guardian",boss,0.2481,"INFERRED (Monte Carlo 40,000 trials over the DECODED Lap V count law + PACK v3.8 pool_member weights/limits; per-spawn-point totals match Lap V within 0.015)"
159,p02,"ring (Proxy, t=0)",True,gryphon01a,25,T2 (95%),Corvunox ~ Vampiric / Corrot ~ Diseased / Covull ~ Swift / Corvulux ~ Supporter,records/creatures/enemies/boss&quest/stonegryphon_templeguardian_01.dbr,"Inashkor, Temple Guardian",boss,0.2481,"INFERRED (Monte Carlo 40,000 trials over the DECODED Lap V count law + PACK v3.8 pool_member weights/limits; per-spawn-point totals match Lap V within 0.015)"
159,p03,"ring (Proxy, t=0)",True,hero01_unarmed,6,T1 (80%),Apparition / Possessed Armor / The Sentinel / Eldritch Armor,records/creatures/enemies/boss&quest/witchgod_finalboss.dbr,The Sentinel,boss,1.0,"INFERRED (Monte Carlo 40,000 trials over the DECODED Lap V count law + PACK v3.8 pool_member weights/limits; per-spawn-point totals match Lap V within 0.015)"
159,p04,"ring (Proxy, t=0)",True,heroine01_gun1h,50,T3 (tail),Avris Marrowill / Ugdenbog Cannibal ~ Wraithspeaker,records/creatures/enemies/boss&quest/humanwendigo_darkwood_01.dbr,Avris Marrowill,boss,0.251,"INFERRED (Monte Carlo 40,000 trials over the DECODED Lap V count law + PACK v3.8 pool_member weights/limits; per-spawn-point totals match Lap V within 0.015)"
159,p04,"ring (Proxy, t=0)",True,yeti,19,T1 (80%),"Diremane Brute / Kubacabra, the Endless Menace / Diremane Icebreaker / Diremane Rager",records/creatures/enemies/boss&quest/yeti_rimehorn_01.dbr,Rimehorn,boss,0.251,"INFERRED (Monte Carlo 40,000 trials over the DECODED Lap V count law + PACK v3.8 pool_member weights/limits; per-spawn-point totals match Lap V within 0.015)"
159,p04,"ring (Proxy, t=0)",True,sandbeetle01a,51,T3 (tail),Margul the Rotting,records/creatures/enemies/boss&quest/beetle_maggot01.dbr,Margul the Rotting,boss,0.2504,"INFERRED (Monte Carlo 40,000 trials over the DECODED Lap V count law + PACK v3.8 pool_member weights/limits; per-spawn-point totals match Lap V within 0.015)"
159,p04,"ring (Proxy, t=0)",True,wendigo,8,T1 (80%),Wendigo / Reaper of the Lost / Wendigo ~ Marroweater / Wendigo ~ Flayer,records/creatures/enemies/boss&quest/wendigo_ancient_namadea.dbr,"Namadea, the Screecher",boss,0.2476,"INFERRED (Monte Carlo 40,000 trials over the DECODED Lap V count law + PACK v3.8 pool_member weights/limits; per-spawn-point totals match Lap V within 0.015)"
159,p05,"p05 ambush (ProxyAmbush, +4.0 s, emergence clip)",True,chthonianrylok,17,T1 (80%),"Ekket'Zul, Progenitor of Darkness / Gabal'Thunn, the Visage of Madness / Void Rylok / Eldritch Gargoyle",records/creatures/enemies/boss&quest/chthonianrylok_ekketzul.dbr,"Ekket'Zul, Progenitor of Darkness",boss,0.5019,"INFERRED (Monte Carlo 40,000 trials over the DECODED Lap V count law + PACK v3.8 pool_member weights/limits; per-spawn-point totals match Lap V within 0.015)"
159,p05,"p05 ambush (ProxyAmbush, +4.0 s, emergence clip)",True,chthonianrylok,17,T1 (80%),"Ekket'Zul, Progenitor of Darkness / Gabal'Thunn, the Visage of Madness / Void Rylok / Eldritch Gargoyle",records/creatures/enemies/boss&quest/korvaakmessenger_02b.dbr,"Okaloth ~ ""The Messenger""",boss,0.2503,"INFERRED (Monte Carlo 40,000 trials over the DECODED Lap V count law + PACK v3.8 pool_member weights/limits; per-spawn-point totals match Lap V within 0.015)"
159,p05,"p05 ambush (ProxyAmbush, +4.0 s, emergence clip)",True,chthonianrylok,17,T1 (80%),"Ekket'Zul, Progenitor of Darkness / Gabal'Thunn, the Visage of Madness / Void Rylok / Eldritch Gargoyle",records/creatures/enemies/boss&quest/korvaakmessenger_02.dbr,"Okaloth ~ ""The Messenger""",boss,0.2478,"INFERRED (Monte Carlo 40,000 trials over the DECODED Lap V count law + PACK v3.8 pool_member weights/limits; per-spawn-point totals match Lap V within 0.015)"
160,p01,"ring (Proxy, t=0)",True,heroine01_unarmed,15,T1 (80%),"Apparition / Janaxia, the Betrayer / Larria, the Hexxer / Allostria, the Mindthief",records/creatures/enemies/nemesis/nemesis_orderdeathsvigil_02.dbr,Shriek,nemesis,0.1013,"INFERRED (Monte Carlo 40,000 trials over the DECODED Lap V count law + PACK v3.8 pool_member weights/limits; per-spawn-point totals match Lap V within 0.015)"
160,p01,"ring (Proxy, t=0)",True,golembone_phase02,60,T3 (tail),"Moosilauke, the Chillwind",records/creatures/enemies/nemesis/nemesis_undead_02b.dbr,"Moosilauke, the Chillwind",nemesis,0.1013,"INFERRED (Monte Carlo 40,000 trials over the DECODED Lap V count law + PACK v3.8 pool_member weights/limits; per-spawn-point totals match Lap V within 0.015)"
160,p01,"ring (Proxy, t=0)",True,heroine01_unarmed,15,T1 (80%),"Apparition / Janaxia, the Betrayer / Larria, the Hexxer / Allostria, the Mindthief",records/creatures/enemies/nemesis/nemesis_kymon_02.dbr,The Iron Maiden,nemesis,0.1009,"INFERRED (Monte Carlo 40,000 trials over the DECODED Lap V count law + PACK v3.8 pool_member weights/limits; per-spawn-point totals match Lap V within 0.015)"
160,p01,"ring (Proxy, t=0)",True,hero01_unarmed,6,T1 (80%),Apparition / Possessed Armor / The Sentinel / Eldritch Armor,records/creatures/enemies/nemesis/nemesis_kymon_01.dbr,Curate Ignus,nemesis,0.1004,"INFERRED (Monte Carlo 40,000 trials over the DECODED Lap V count law + PACK v3.8 pool_member weights/limits; per-spawn-point totals match Lap V within 0.015)"
160,p01,"ring (Proxy, t=0)",True,skeleton_01a_b,49,T3 (tail),"Zantarin, the Immortal / Death Revenant / Mortallis ~ Charger",records/creatures/enemies/nemesis/nemesis_orderdeathsvigil_01.dbr,"Zantarin, the Immortal",nemesis,0.0997,"INFERRED (Monte Carlo 40,000 trials over the DECODED Lap V count law + PACK v3.8 pool_member weights/limits; per-spawn-point totals match Lap V within 0.015)"
160,p01,"ring (Proxy, t=0)",True,hero01_unarmed,6,T1 (80%),Apparition / Possessed Armor / The Sentinel / Eldritch Armor,records/creatures/enemies/nemesis/nemesis_outlaw_01.dbr,"Fabius ""the Unseen"" Gonzar",nemesis,0.0997,"INFERRED (Monte Carlo 40,000 trials over the DECODED Lap V count law + PACK v3.8 pool_member weights/limits; per-spawn-point totals match Lap V within 0.015)"
160,p01,"ring (Proxy, t=0)",True,wight01a,34,T2 (95%),"Iglus Bloodmonger ~ Swift / Alluc the Thirster ~ Vampiric / Raddoth, Lord Hierophant",records/creatures/enemies/nemesis/nemesis_undead_01.dbr,"Raddoth, Lord Hierophant",nemesis,0.0996,"INFERRED (Monte Carlo 40,000 trials over the DECODED Lap V count law + PACK v3.8 pool_member weights/limits; per-spawn-point totals match Lap V within 0.015)"
160,p01,"ring (Proxy, t=0)",True,stalker,52,T3 (tail),"Benn'Jahr, the Colossal / Innu'Garbal / Luthus'Balok",records/creatures/enemies/nemesis/nemesis_chthonian_02.dbr,"Benn'Jahr, the Colossal",nemesis,0.0995,"INFERRED (Monte Carlo 40,000 trials over the DECODED Lap V count law + PACK v3.8 pool_member weights/limits; per-spawn-point totals match Lap V within 0.015)"
160,p01,"ring (Proxy, t=0)",True,hero01_unarmed,6,T1 (80%),Apparition / Possessed Armor / The Sentinel / Eldritch Armor,records/creatures/enemies/nemesis/nemesis_outlaw_02.dbr,"Vinn ""the Giant"" Ozmald",nemesis,0.0993,"INFERRED (Monte Carlo 40,000 trials over the DECODED Lap V count law + PACK v3.8 pool_member weights/limits; per-spawn-point totals match Lap V within 0.015)"
160,p01,"ring (Proxy, t=0)",True,reanimator,48,T3 (tail),"Valdaran, the Storm Scourge / Barrostrandt, the Ascended ~ Swift / Nalloth, the Frostbound / Phabius",records/creatures/enemies/nemesis/nemesis_aetherial_01.dbr,"Valdaran, the Storm Scourge",nemesis,0.0981,"INFERRED (Monte Carlo 40,000 trials over the DECODED Lap V count law + PACK v3.8 pool_member weights/limits; per-spawn-point totals match Lap V within 0.015)"
160,p02,"ring (Proxy, t=0)",True,wendigo,8,T1 (80%),Wendigo / Reaper of the Lost / Wendigo ~ Marroweater / Wendigo ~ Flayer,records/creatures/enemies/nemesis/nemesis_wendigo_01.dbr,Reaper of the Lost,nemesis,0.2023,"INFERRED (Monte Carlo 40,000 trials over the DECODED Lap V count law + PACK v3.8 pool_member weights/limits; per-spawn-point totals match Lap V within 0.015)"
160,p02,"ring (Proxy, t=0)",True,yeti,19,T1 (80%),"Diremane Brute / Kubacabra, the Endless Menace / Diremane Icebreaker / Diremane Rager",records/creatures/enemies/nemesis/nemesis_beast_01_p1.dbr,"Kubacabra, the Endless Menace",nemesis,0.2021,"INFERRED (Monte Carlo 40,000 trials over the DECODED Lap V count law + PACK v3.8 pool_member weights/limits; per-spawn-point totals match Lap V within 0.015)"
160,p02,"ring (Proxy, t=0)",True,wraith,2,T1 (80%),Wraith / Spiteful Wraith / Eldritch Spirit / Eldritch Spirit ~ Haunt,records/creatures/enemies/nemesis/nemesis_wendigo_02.dbr,Reaper of Rot,nemesis,0.2001,"INFERRED (Monte Carlo 40,000 trials over the DECODED Lap V count law + PACK v3.8 pool_member weights/limits; per-spawn-point totals match Lap V within 0.015)"
160,p02,"ring (Proxy, t=0)",True,giant,20,T2 (95%),Asterkarn Giant / Asterkarn Behemoth / The Underking / Asterkarn Titan,records/creatures/enemies/nemesis/nemesis_beast_02.dbr,The Underking,nemesis,0.1986,"INFERRED (Monte Carlo 40,000 trials over the DECODED Lap V count law + PACK v3.8 pool_member weights/limits; per-spawn-point totals match Lap V within 0.015)"
160,p02,"ring (Proxy, t=0)",True,chthonianrylok,17,T1 (80%),"Ekket'Zul, Progenitor of Darkness / Gabal'Thunn, the Visage of Madness / Void Rylok / Eldritch Gargoyle",records/creatures/enemies/nemesis/nemesis_chthonianvoidborn_01.dbr,"Grava'Thul, the Voiddrinker",nemesis,0.1969,"INFERRED (Monte Carlo 40,000 trials over the DECODED Lap V count law + PACK v3.8 pool_member weights/limits; per-spawn-point totals match Lap V within 0.015)"
160,p03,"ring (Proxy, t=0)",True,hero01_unarmed,6,T1 (80%),Apparition / Possessed Armor / The Sentinel / Eldritch Armor,records/creatures/enemies/nemesis/nemesis_aetherialvanguard_01.dbr,Archmage Aleksander,nemesis,0.5002,"INFERRED (Monte Carlo 40,000 trials over the DECODED Lap V count law + PACK v3.8 pool_member weights/limits; per-spawn-point totals match Lap V within 0.015)"
160,p03,"ring (Proxy, t=0)",True,wendigo,8,T1 (80%),Wendigo / Reaper of the Lost / Wendigo ~ Marroweater / Wendigo ~ Flayer,records/creatures/enemies/nemesis/nemesis_wendigo_01.dbr,Reaper of the Lost,nemesis,0.4998,"INFERRED (Monte Carlo 40,000 trials over the DECODED Lap V count law + PACK v3.8 pool_member weights/limits; per-spawn-point totals match Lap V within 0.015)"
160,p04,"ring (Proxy, t=0)",True,aetherialcolossus,33,T2 (95%),"Galakros, the Mountain / Crognoth, the Blazing Vanguard / Stormtitan ~ Electrified / Thunderfist ~ Electrified",records/creatures/enemies/boss&quest/aetherialcolossus_galakros.dbr,"Galakros, the Mountain",boss,0.5015,"INFERRED (Monte Carlo 40,000 trials over the DECODED Lap V count law + PACK v3.8 pool_member weights/limits; per-spawn-point totals match Lap V within 0.015)"
160,p04,"ring (Proxy, t=0)",True,possessedstatue,24,T2 (95%),"The Steward / Risen Stone, Temple Guardian / Animated Keeper",records/creatures/enemies/boss&quest/statue_korvaaktombguardian.dbr,The Steward,boss,0.4985,"INFERRED (Monte Carlo 40,000 trials over the DECODED Lap V count law + PACK v3.8 pool_member weights/limits; per-spawn-point totals match Lap V within 0.015)"
160,p06,"p06 bonus (OFF in the oracle, V11-P06-1)",False,cannibal,12,T1 (80%),"Ugdenbog Wretch / Ugdenbog Turned / Ugdenbog Marked / Packla, the Turning",records/creatures/enemies/hero/wendigocannibal_h05.dbr,Gaddo Evergrown ~ Bramble,champion-hero,0.6027,"INFERRED (Monte Carlo 40,000 trials over the DECODED Lap V count law + PACK v3.8 pool_member weights/limits; per-spawn-point totals match Lap V within 0.015)"
160,p06,"p06 bonus (OFF in the oracle, V11-P06-1)",False,cannibal,12,T1 (80%),"Ugdenbog Wretch / Ugdenbog Turned / Ugdenbog Marked / Packla, the Turning",records/creatures/enemies/hero/wendigocannibal_h04.dbr,Allcadius the Unburied ~ Reflective,champion-hero,0.6018,"INFERRED (Monte Carlo 40,000 trials over the DECODED Lap V count law + PACK v3.8 pool_member weights/limits; per-spawn-point totals match Lap V within 0.015)"
160,p06,"p06 bonus (OFF in the oracle, V11-P06-1)",False,cannibal,12,T1 (80%),"Ugdenbog Wretch / Ugdenbog Turned / Ugdenbog Marked / Packla, the Turning",records/creatures/enemies/hero/wendigocannibal_h02.dbr,Haldra the Bloodlust,champion-hero,0.6002,"INFERRED (Monte Carlo 40,000 trials over the DECODED Lap V count law + PACK v3.8 pool_member weights/limits; per-spawn-point totals match Lap V within 0.015)"
160,p06,"p06 bonus (OFF in the oracle, V11-P06-1)",False,cannibal,12,T1 (80%),"Ugdenbog Wretch / Ugdenbog Turned / Ugdenbog Marked / Packla, the Turning",records/creatures/enemies/hero/wendigocannibal_h01.dbr,Ulda Emberclaw,champion-hero,0.5989,"INFERRED (Monte Carlo 40,000 trials over the DECODED Lap V count law + PACK v3.8 pool_member weights/limits; per-spawn-point totals match Lap V within 0.015)"
160,p06,"p06 bonus (OFF in the oracle, V11-P06-1)",False,cannibal,12,T1 (80%),"Ugdenbog Wretch / Ugdenbog Turned / Ugdenbog Marked / Packla, the Turning",records/creatures/enemies/hero/wendigocannibal_h03.dbr,"Palros, Protector of the Pack ~ Defender",champion-hero,0.5965,"INFERRED (Monte Carlo 40,000 trials over the DECODED Lap V count law + PACK v3.8 pool_member weights/limits; per-spawn-point totals match Lap V within 0.015)"
