archive,map,dbr,x,y,z
survivalmode1/resources/Maps.arc,survivalworld_a.map,records/scriptentities/trappoint_01.dbr,57.5804,8.141,56.2964
survivalmode1/resources/Maps.arc,survivalworld_a.map,records/controllers/controlobjects/patrolpoint_01.dbr,62.8223,7.4798,60.2164
survivalmode1/resources/Maps.arc,survivalworld_a.map,records/scriptentities/trappoint_02.dbr,72.6106,8.2661,43.898
survivalmode1/resources/Maps.arc,survivalworld_a.map,records/scriptentities/trappoint_08.dbr,92.4624,7.9205,39.4998
survivalmode1/resources/Maps.arc,survivalworld_a.map,records/scriptentities/spawnbeacon_02.dbr,85.2985,8.8155,51.0303
survivalmode1/resources/Maps.arc,survivalworld_a.map,records/scriptentities/spawnpoint02.dbr,90.6027,7.6825,32.8984
survivalmode1/resources/Maps.arc,survivalworld_a.map,records/controllers/controlobjects/patrolpoint_01.dbr,95.9063,6.5824,36.8713
survivalmode1/resources/Maps.arc,survivalworld_a.map,records/controllers/controlobjects/patrolpoint_01.dbr,97.1716,7.35,43.5711
survivalmode1/resources/Maps.arc,survivalworld_a.map,records/scriptentities/spawnpoint05.dbr,74.4387,7.5362,66.5362
survivalmode1/resources/Maps.arc,survivalworld_a.map,records/controllers/player/spawnplayer.dbr,73.0151,7.5889,58.5364
survivalmode1/resources/Maps.arc,survivalworld_a.map,records/controllers/controlobjects/patrolpoint_01.dbr,69.2878,7.8341,55.3363
survivalmode1/resources/Maps.arc,survivalworld_a.map,records/scriptentities/defensepoint_01.dbr,71.7932,7.7446,57.6527
survivalmode1/resources/Maps.arc,survivalworld_a.map,records/scriptentities/defensepoint_npc_01.dbr,71.7932,7.7446,57.6527
survivalmode1/resources/Maps.arc,survivalworld_a.map,records/controllers/controlobjects/patrolpoint_01.dbr,79.2799,8.1909,57.2983
survivalmode1/resources/Maps.arc,survivalworld_a.map,records/controllers/controlobjects/patrolpoint_01.dbr,73.8587,7.4666,59.2739
survivalmode1/resources/Maps.arc,survivalworld_a.map,records/scriptentities/trappoint_06.dbr,75.3501,7.9336,64.8969
survivalmode1/resources/Maps.arc,survivalworld_a.map,records/scriptentities/defensepoint_03.dbr,90.8237,10.0813,57.0452
survivalmode1/resources/Maps.arc,survivalworld_a.map,records/scriptentities/defensepoint_npc_03.dbr,94.0132,9.9435,52.9243
survivalmode1/resources/Maps.arc,survivalworld_a.map,records/scriptentities/trappoint_04.dbr,111.791,7.3794,59.5825
survivalmode1/resources/Maps.arc,survivalworld_a.map,records/controllers/controlobjects/patrolpoint_01.dbr,103.9244,7.4736,59.5369
survivalmode1/resources/Maps.arc,survivalworld_a.map,records/scriptentities/tier15spawnpoint01.dbr,41.8817,3.3783,90.3657
survivalmode1/resources/Maps.arc,survivalworld_a.map,records/scriptentities/tier09spawnpoint01.dbr,46.7082,5.6225,74.1466
survivalmode1/resources/Maps.arc,survivalworld_a.map,records/scriptentities/tier03spawnpoint01.dbr,46.6606,5.6289,73.4848
survivalmode1/resources/Maps.arc,survivalworld_a.map,records/scriptentities/tier02spawnpoint01.dbr,46.6085,5.6097,74.1219
survivalmode1/resources/Maps.arc,survivalworld_a.map,records/scriptentities/tier01spawnpoint01.dbr,46.6261,5.6147,74.0333
survivalmode1/resources/Maps.arc,survivalworld_a.map,records/scriptentities/tier04spawnpoint01.dbr,46.6737,5.6191,74.1035
survivalmode1/resources/Maps.arc,survivalworld_a.map,records/scriptentities/tier13spawnpoint01.dbr,46.7683,5.6382,73.8711
survivalmode1/resources/Maps.arc,survivalworld_a.map,records/scriptentities/spawnbeacon_01.dbr,46.8163,5.6323,74.3136
survivalmode1/resources/Maps.arc,survivalworld_a.map,records/scriptentities/tier12spawnpoint01.dbr,46.4629,5.5991,73.833
survivalmode1/resources/Maps.arc,survivalworld_a.map,records/scriptentities/tier08spawnpoint01.dbr,41.6393,3.9632,83.7035
survivalmode1/resources/Maps.arc,survivalworld_a.map,records/scriptentities/tier14spawnpoint01.dbr,46.4252,5.5935,73.7448
survivalmode1/resources/Maps.arc,survivalworld_a.map,records/scriptentities/tier06spawnpoint01.dbr,46.2859,5.5582,74.6277
survivalmode1/resources/Maps.arc,survivalworld_a.map,records/scriptentities/tier11spawnpoint01.dbr,53.125,6.0255,83.8527
survivalmode1/resources/Maps.arc,survivalworld_a.map,records/scriptentities/tier07spawnpoint01.dbr,47.1835,5.7049,73.4642
survivalmode1/resources/Maps.arc,survivalworld_a.map,records/scriptentities/tier10spawnpoint01.dbr,47.1936,5.6985,73.9759
survivalmode1/resources/Maps.arc,survivalworld_a.map,records/scriptentities/tier05spawnpoint01.dbr,46.8753,5.6247,74.9203
survivalmode1/resources/Maps.arc,survivalworld_a.map,records/scriptentities/tier17spawnpoint01.dbr,46.8815,5.6308,74.6691
survivalmode1/resources/Maps.arc,survivalworld_a.map,records/scriptentities/tier16spawnpoint01.dbr,46.8133,5.6449,73.9551
survivalmode1/resources/Maps.arc,survivalworld_a.map,records/scriptentities/trappoint_07.dbr,83.2545,9.4587,75.3332
survivalmode1/resources/Maps.arc,survivalworld_a.map,records/controllers/controlobjects/patrolpoint_01.dbr,72.7546,7.8005,80.6571
survivalmode1/resources/Maps.arc,survivalworld_a.map,records/scriptentities/defensepoint_02.dbr,79.0959,9.5166,81.6922
survivalmode1/resources/Maps.arc,survivalworld_a.map,records/scriptentities/trappoint_03.dbr,83.3786,10.5458,75.9365
survivalmode1/resources/Maps.arc,survivalworld_a.map,records/controllers/controlobjects/patrolpoint_01.dbr,91.4804,7.4936,73.0544
survivalmode1/resources/Maps.arc,survivalworld_a.map,records/controllers/controlobjects/patrolpoint_01.dbr,96.139,7.8027,81.239
survivalmode1/resources/Maps.arc,survivalworld_a.map,records/scriptentities/trappoint_05.dbr,70.7614,9.0698,94.0747
survivalmode1/resources/Maps.arc,survivalworld_a.map,records/controllers/controlobjects/patrolpoint_01.dbr,76.7736,7.4981,86.775
survivalmode1/resources/Maps.arc,survivalworld_a.map,records/scriptentities/spawnbeacon_05.dbr,84.8589,7.7387,99.2954
survivalmode1/resources/Maps.arc,survivalworld_a.map,records/scriptentities/spawnpoint03.dbr,89.3845,7.472,96.7289
survivalmode1/resources/Maps.arc,survivalworld_a.map,records/scriptentities/spawnbeacon_03.dbr,100.6751,7.3675,74.4746
survivalmode1/resources/Maps.arc,survivalworld_a.map,records/scriptentities/spawnpoint04.dbr,112.1647,7.3807,71.5078
survivalmode1/resources/Maps.arc,survivalworld_a.map,records/scriptentities/spawnpoint06.dbr,112.4749,7.3854,71.1656
survivalmode1/resources/Maps.arc,survivalworld_a.map,records/scriptentities/spawnpoint06_fx.dbr,102.0706,7.37,82.3275
survivalmode1/resources/Maps.arc,survivalworld_a.map,records/scriptentities/spawnbeacon_04.dbr,102.1889,7.37,82.5804
survivalmode1/resources/Maps.arc,survivalworld_b.map,records/scriptentities/tier06spawnpoint01.dbr,47.1022,4.3981,49.7421
survivalmode1/resources/Maps.arc,survivalworld_b.map,records/scriptentities/tier02spawnpoint01.dbr,36.8451,7.03,63.8836
survivalmode1/resources/Maps.arc,survivalworld_b.map,records/scriptentities/tier03spawnpoint01.dbr,43.3998,6.886,57.5622
survivalmode1/resources/Maps.arc,survivalworld_b.map,records/controllers/player/spawnplayer.dbr,51.1696,8.1067,52.8298
survivalmode1/resources/Maps.arc,survivalworld_b.map,records/controllers/controlobjects/patrolpoint_01.dbr,57.0483,7.95,51.0693
survivalmode1/resources/Maps.arc,survivalworld_b.map,records/scriptentities/trappoint_08.dbr,45.7205,7.95,60.4655
survivalmode1/resources/Maps.arc,survivalworld_b.map,records/controllers/controlobjects/patrolpoint_01.dbr,55.9446,7.9506,56.8668
survivalmode1/resources/Maps.arc,survivalworld_b.map,records/scriptentities/spawnpoint02.dbr,66.7867,0.0,22.2756
survivalmode1/resources/Maps.arc,survivalworld_b.map,records/scriptentities/spawnbeacon_02.dbr,70.006,7.02,29.2159
survivalmode1/resources/Maps.arc,survivalworld_b.map,records/scriptentities/playerspawnpoint.dbr,82.3175,7.4247,26.2446
survivalmode1/resources/Maps.arc,survivalworld_b.map,records/controllers/controlobjects/patrolpoint_01.dbr,76.1352,8.1066,38.1607
survivalmode1/resources/Maps.arc,survivalworld_b.map,records/scriptentities/defensepoint_npc_02.dbr,70.9654,8.513,57.798
survivalmode1/resources/Maps.arc,survivalworld_b.map,records/scriptentities/trappoint_05.dbr,72.9311,7.95,55.996
survivalmode1/resources/Maps.arc,survivalworld_b.map,records/scriptentities/defensepoint_02.dbr,62.8412,7.95,49.8564
survivalmode1/resources/Maps.arc,survivalworld_b.map,records/controllers/controlobjects/patrolpoint_01.dbr,67.7088,9.3618,63.6214
survivalmode1/resources/Maps.arc,survivalworld_b.map,records/scriptentities/trappoint_03.dbr,88.4663,9.1627,55.149
survivalmode1/resources/Maps.arc,survivalworld_b.map,records/controllers/controlobjects/patrolpoint_01.dbr,79.8452,7.9501,54.1145
survivalmode1/resources/Maps.arc,survivalworld_b.map,records/scriptentities/defensepoint_npc_04.dbr,91.9882,9.21,50.3367
survivalmode1/resources/Maps.arc,survivalworld_b.map,records/controllers/controlobjects/patrolpoint_01.dbr,88.207,7.952,57.4513
survivalmode1/resources/Maps.arc,survivalworld_b.map,records/scriptentities/spawnpoint04.dbr,98.5908,7.2168,56.1318
survivalmode1/resources/Maps.arc,survivalworld_b.map,records/scriptentities/spawnbeacon_03.dbr,105.0357,7.02,63.3728
survivalmode1/resources/Maps.arc,survivalworld_b.map,records/scriptentities/tier10spawnpoint01.dbr,45.2834,0.0,76.0163
survivalmode1/resources/Maps.arc,survivalworld_b.map,records/scriptentities/tier01spawnpoint01.dbr,44.1036,6.886,72.8988
survivalmode1/resources/Maps.arc,survivalworld_b.map,records/scriptentities/tier13spawnpoint01.dbr,34.7494,7.1606,64.5161
survivalmode1/resources/Maps.arc,survivalworld_b.map,records/scriptentities/tier05spawnpoint01.dbr,36.0651,7.03,64.4865
survivalmode1/resources/Maps.arc,survivalworld_b.map,records/scriptentities/tier07spawnpoint01.dbr,35.9778,7.0317,64.6136
survivalmode1/resources/Maps.arc,survivalworld_b.map,records/scriptentities/tier09spawnpoint01.dbr,35.835,7.0523,64.3633
survivalmode1/resources/Maps.arc,survivalworld_b.map,records/scriptentities/tier12spawnpoint01.dbr,35.7474,7.0649,64.491
survivalmode1/resources/Maps.arc,survivalworld_b.map,records/scriptentities/tier14spawnpoint01.dbr,35.8718,7.0469,64.4078
survivalmode1/resources/Maps.arc,survivalworld_b.map,records/scriptentities/spawnbeacon_01.dbr,35.9128,7.041,64.3803
survivalmode1/resources/Maps.arc,survivalworld_b.map,records/scriptentities/tier11spawnpoint01.dbr,35.9799,7.03,65.2242
survivalmode1/resources/Maps.arc,survivalworld_b.map,records/scriptentities/tier15spawnpoint01.dbr,35.8536,7.0496,64.6962
survivalmode1/resources/Maps.arc,survivalworld_b.map,records/scriptentities/tier08spawnpoint01.dbr,35.5881,7.073,64.7155
survivalmode1/resources/Maps.arc,survivalworld_b.map,records/scriptentities/tier04spawnpoint01.dbr,35.2996,7.0823,64.6504
survivalmode1/resources/Maps.arc,survivalworld_b.map,records/scriptentities/tier17spawnpoint01.dbr,34.9777,7.0302,65.0731
survivalmode1/resources/Maps.arc,survivalworld_b.map,records/scriptentities/tier16spawnpoint01.dbr,36.1718,7.03,64.9483
survivalmode1/resources/Maps.arc,survivalworld_b.map,records/scriptentities/trappoint_06.dbr,54.0948,9.5747,77.191
survivalmode1/resources/Maps.arc,survivalworld_b.map,records/scriptentities/defensepoint_01.dbr,57.5,7.9266,65.0
survivalmode1/resources/Maps.arc,survivalworld_b.map,records/controllers/controlobjects/patrolpoint_01.dbr,54.3482,8.1299,75.1637
survivalmode1/resources/Maps.arc,survivalworld_b.map,records/scriptentities/spawnpoint05.dbr,69.9296,8.5131,73.6071
survivalmode1/resources/Maps.arc,survivalworld_b.map,records/scriptentities/defensepoint_npc_03.dbr,69.0411,9.2001,66.0613
survivalmode1/resources/Maps.arc,survivalworld_b.map,records/scriptentities/defensepoint_npc_01.dbr,69.3761,8.1867,74.5591
survivalmode1/resources/Maps.arc,survivalworld_b.map,records/controllers/controlobjects/patrolpoint_01.dbr,61.9536,8.1734,66.8466
survivalmode1/resources/Maps.arc,survivalworld_b.map,records/controllers/controlobjects/patrolpoint_01.dbr,72.2161,9.2,66.147
survivalmode1/resources/Maps.arc,survivalworld_b.map,records/scriptentities/trappoint_04.dbr,72.506,9.3023,69.5106
survivalmode1/resources/Maps.arc,survivalworld_b.map,records/scriptentities/defensepoint_03.dbr,71.0,7.9285,78.5
survivalmode1/resources/Maps.arc,survivalworld_b.map,records/controllers/controlobjects/patrolpoint_01.dbr,71.0,8.0,78.5
survivalmode1/resources/Maps.arc,survivalworld_b.map,records/scriptentities/trappoint_02.dbr,80.3049,7.95,64.5824
survivalmode1/resources/Maps.arc,survivalworld_b.map,records/scriptentities/defensepoint_04.dbr,84.5,7.9131,65.0
survivalmode1/resources/Maps.arc,survivalworld_b.map,records/controllers/controlobjects/patrolpoint_01.dbr,84.5,8.0,65.0
survivalmode1/resources/Maps.arc,survivalworld_b.map,records/scriptentities/spawnpoint06.dbr,110.3692,8.0,72.9409
survivalmode1/resources/Maps.arc,survivalworld_b.map,records/scriptentities/spawnpoint06_fx.dbr,101.1737,8.0028,90.7135
survivalmode1/resources/Maps.arc,survivalworld_b.map,records/scriptentities/spawnbeacon_04.dbr,98.2359,7.9488,91.9835
survivalmode1/resources/Maps.arc,survivalworld_b.map,records/scriptentities/spawnbeacon_05.dbr,63.9247,7.2258,103.0088
survivalmode1/resources/Maps.arc,survivalworld_b.map,records/scriptentities/spawnpoint03.dbr,70.7492,7.0284,99.4182
survivalmode1/resources/Maps.arc,survivalworld_c.map,records/scriptentities/defensepoint_04.dbr,44.1446,18.1791,66.5966
survivalmode1/resources/Maps.arc,survivalworld_c.map,records/scriptentities/tier17spawnpoint01.dbr,54.0694,18.2098,66.7683
survivalmode1/resources/Maps.arc,survivalworld_c.map,records/scriptentities/tier16spawnpoint01.dbr,36.1679,16.4279,65.5468
survivalmode1/resources/Maps.arc,survivalworld_c.map,records/scriptentities/tier15spawnpoint01.dbr,36.1703,16.4998,65.1743
survivalmode1/resources/Maps.arc,survivalworld_c.map,records/scriptentities/tier07spawnpoint01.dbr,35.6118,16.4543,65.2327
survivalmode1/resources/Maps.arc,survivalworld_c.map,records/scriptentities/tier06spawnpoint01.dbr,35.7481,16.4659,65.18
survivalmode1/resources/Maps.arc,survivalworld_c.map,records/scriptentities/tier02spawnpoint01.dbr,35.641,16.4992,64.9986
survivalmode1/resources/Maps.arc,survivalworld_c.map,records/scriptentities/tier01spawnpoint01.dbr,35.6423,16.496,64.9424
survivalmode1/resources/Maps.arc,survivalworld_c.map,records/scriptentities/tier14spawnpoint01.dbr,35.5903,16.4607,65.1984
survivalmode1/resources/Maps.arc,survivalworld_c.map,records/scriptentities/tier05spawnpoint01.dbr,35.5117,16.4838,64.7592
survivalmode1/resources/Maps.arc,survivalworld_c.map,records/scriptentities/tier03spawnpoint01.dbr,35.6466,16.4848,64.7515
survivalmode1/resources/Maps.arc,survivalworld_c.map,records/scriptentities/tier09spawnpoint01.dbr,35.6575,16.4856,64.763
survivalmode1/resources/Maps.arc,survivalworld_c.map,records/scriptentities/tier08spawnpoint01.dbr,35.9347,16.4975,64.9047
survivalmode1/resources/Maps.arc,survivalworld_c.map,records/scriptentities/tier10spawnpoint01.dbr,35.8184,16.4878,65.0698
survivalmode1/resources/Maps.arc,survivalworld_c.map,records/scriptentities/tier13spawnpoint01.dbr,35.9832,16.4927,64.7488
survivalmode1/resources/Maps.arc,survivalworld_c.map,records/scriptentities/tier12spawnpoint01.dbr,35.605,16.4758,64.6042
survivalmode1/resources/Maps.arc,survivalworld_c.map,records/scriptentities/tier04spawnpoint01.dbr,35.789,16.4738,64.4179
survivalmode1/resources/Maps.arc,survivalworld_c.map,records/scriptentities/tier11spawnpoint01.dbr,35.6603,16.4788,64.6395
survivalmode1/resources/Maps.arc,survivalworld_c.map,records/scriptentities/spawnbeacon_05.dbr,36.0651,16.4834,64.6048
survivalmode1/resources/Maps.arc,survivalworld_c.map,records/controllers/controlobjects/patrolpoint_01.dbr,52.9445,18.2101,61.74
survivalmode1/resources/Maps.arc,survivalworld_c.map,records/controllers/player/spawnplayer.dbr,43.3141,18.21,38.6933
survivalmode1/resources/Maps.arc,survivalworld_c.map,records/controllers/controlobjects/patrolpoint_01.dbr,60.1459,16.7165,34.1391
survivalmode1/resources/Maps.arc,survivalworld_c.map,records/scriptentities/defensepoint_npc_01.dbr,63.0986,18.209,38.9838
survivalmode1/resources/Maps.arc,survivalworld_c.map,records/scriptentities/trappoint_04.dbr,58.5655,18.5548,49.8443
survivalmode1/resources/Maps.arc,survivalworld_c.map,records/scriptentities/playerspawnpoint.dbr,50.2084,18.21,50.7531
survivalmode1/resources/Maps.arc,survivalworld_c.map,records/scriptentities/defensepoint_01.dbr,61.3232,18.2101,48.1876
survivalmode1/resources/Maps.arc,survivalworld_c.map,records/controllers/controlobjects/patrolpoint_01.dbr,53.1941,18.259,55.3713
survivalmode1/resources/Maps.arc,survivalworld_c.map,records/controllers/controlobjects/patrolpoint_01.dbr,59.5607,17.0,54.7114
survivalmode1/resources/Maps.arc,survivalworld_c.map,records/scriptentities/defensepoint_03.dbr,72.7061,18.2107,67.0072
survivalmode1/resources/Maps.arc,survivalworld_c.map,records/scriptentities/defensepoint_npc_03.dbr,72.7061,18.2107,67.0072
survivalmode1/resources/Maps.arc,survivalworld_c.map,records/scriptentities/trappoint_01.dbr,80.9479,17.3323,59.7708
survivalmode1/resources/Maps.arc,survivalworld_c.map,records/scriptentities/trappoint_03.dbr,87.1176,16.6794,62.555
survivalmode1/resources/Maps.arc,survivalworld_c.map,records/scriptentities/spawnbeacon_01.dbr,67.0395,19.1603,38.0295
survivalmode1/resources/Maps.arc,survivalworld_c.map,records/controllers/controlobjects/patrolpoint_01.dbr,86.3487,16.6493,25.2264
survivalmode1/resources/Maps.arc,survivalworld_c.map,records/scriptentities/spawnpoint04.dbr,94.2505,16.65,31.0529
survivalmode1/resources/Maps.arc,survivalworld_c.map,records/scriptentities/trappoint_05.dbr,73.3887,18.2377,57.4516
survivalmode1/resources/Maps.arc,survivalworld_c.map,records/scriptentities/defensepoint_npc_02.dbr,68.699,18.21,44.6977
survivalmode1/resources/Maps.arc,survivalworld_c.map,records/controllers/controlobjects/patrolpoint_01.dbr,74.8443,18.1921,46.3146
survivalmode1/resources/Maps.arc,survivalworld_c.map,records/scriptentities/trappoint_07.dbr,78.5785,17.8031,45.9843
survivalmode1/resources/Maps.arc,survivalworld_c.map,records/scriptentities/defensepoint_02.dbr,70.0647,18.2739,51.5118
survivalmode1/resources/Maps.arc,survivalworld_c.map,records/controllers/controlobjects/patrolpoint_01.dbr,95.3661,17.1728,58.2808
survivalmode1/resources/Maps.arc,survivalworld_c.map,records/scriptentities/spawnpoint06_fx.dbr,97.7385,16.65,40.4812
survivalmode1/resources/Maps.arc,survivalworld_c.map,records/scriptentities/spawnpoint06.dbr,97.1211,16.65,40.8003
survivalmode1/resources/Maps.arc,survivalworld_c.map,records/scriptentities/trappoint_08.dbr,43.2902,16.6892,96.6429
survivalmode1/resources/Maps.arc,survivalworld_c.map,records/controllers/controlobjects/patrolpoint_01.dbr,36.147,15.3464,75.8288
survivalmode1/resources/Maps.arc,survivalworld_c.map,records/scriptentities/trappoint_02.dbr,51.3874,18.0926,72.316
survivalmode1/resources/Maps.arc,survivalworld_c.map,records/scriptentities/defensepoint_npc_04.dbr,62.567,18.2149,68.9214
survivalmode1/resources/Maps.arc,survivalworld_c.map,records/scriptentities/trappoint_06.dbr,58.0363,18.2099,69.1844
survivalmode1/resources/Maps.arc,survivalworld_c.map,records/controllers/controlobjects/patrolpoint_01.dbr,54.2632,16.6869,88.4688
survivalmode1/resources/Maps.arc,survivalworld_c.map,records/scriptentities/spawnpoint02.dbr,53.4479,16.65,95.9515
survivalmode1/resources/Maps.arc,survivalworld_c.map,records/controllers/controlobjects/patrolpoint_01.dbr,73.1179,18.2094,73.4394
survivalmode1/resources/Maps.arc,survivalworld_c.map,records/scriptentities/spawnpoint03.dbr,99.5659,16.65,91.5207
survivalmode1/resources/Maps.arc,survivalworld_c.map,records/scriptentities/spawnbeacon_03.dbr,91.6033,16.6511,84.6148
survivalmode1/resources/Maps.arc,survivalworld_d.map,records/controllers/controlobjects/patrolpoint_01.dbr,10.2064,11.3168,59.3211
survivalmode1/resources/Maps.arc,survivalworld_d.map,records/scriptentities/tier10spawnpoint01.dbr,37.0301,13.5382,36.6279
survivalmode1/resources/Maps.arc,survivalworld_d.map,records/scriptentities/tier09spawnpoint01.dbr,36.624,13.452,43.381
survivalmode1/resources/Maps.arc,survivalworld_d.map,records/scriptentities/tier07spawnpoint01.dbr,36.2879,13.4512,43.211
survivalmode1/resources/Maps.arc,survivalworld_d.map,records/scriptentities/tier05spawnpoint01.dbr,36.8495,13.4606,43.2771
survivalmode1/resources/Maps.arc,survivalworld_d.map,records/scriptentities/tier04spawnpoint01.dbr,36.6894,13.5387,43.1691
survivalmode1/resources/Maps.arc,survivalworld_d.map,records/scriptentities/tier03spawnpoint01.dbr,36.5579,13.4533,43.3071
survivalmode1/resources/Maps.arc,survivalworld_d.map,records/scriptentities/tier01spawnpoint01.dbr,36.6723,13.4567,43.2815
survivalmode1/resources/Maps.arc,survivalworld_d.map,records/scriptentities/tier02spawnpoint01.dbr,36.6691,13.4562,43.2933
survivalmode1/resources/Maps.arc,survivalworld_d.map,records/scriptentities/tier15spawnpoint01.dbr,36.6202,13.466,43.0027
survivalmode1/resources/Maps.arc,survivalworld_d.map,records/scriptentities/spawnbeacon_05.dbr,36.508,13.4599,43.1029
survivalmode1/resources/Maps.arc,survivalworld_d.map,records/scriptentities/tier12spawnpoint01.dbr,35.0842,13.3765,52.9804
survivalmode1/resources/Maps.arc,survivalworld_d.map,records/scriptentities/tier06spawnpoint01.dbr,36.3498,13.5388,43.5251
survivalmode1/resources/Maps.arc,survivalworld_d.map,records/scriptentities/tier13spawnpoint01.dbr,36.4185,13.5385,43.6722
survivalmode1/resources/Maps.arc,survivalworld_d.map,records/scriptentities/tier14spawnpoint01.dbr,36.5189,13.5386,43.6806
survivalmode1/resources/Maps.arc,survivalworld_d.map,records/scriptentities/tier08spawnpoint01.dbr,36.6444,13.5384,43.7921
survivalmode1/resources/Maps.arc,survivalworld_d.map,records/scriptentities/tier11spawnpoint01.dbr,36.6968,13.5389,43.6482
survivalmode1/resources/Maps.arc,survivalworld_d.map,records/scriptentities/tier17spawnpoint01.dbr,35.9832,13.5374,43.6362
survivalmode1/resources/Maps.arc,survivalworld_d.map,records/scriptentities/tier16spawnpoint01.dbr,36.9198,13.4246,44.2536
survivalmode1/resources/Maps.arc,survivalworld_d.map,records/scriptentities/trappoint_06.dbr,36.6994,13.4168,44.2726
survivalmode1/resources/Maps.arc,survivalworld_d.map,records/controllers/controlobjects/patrolpoint_01.dbr,39.3245,13.7153,61.3592
survivalmode1/resources/Maps.arc,survivalworld_d.map,records/controllers/player/spawnplayer.dbr,15.4828,13.9042,87.7911
survivalmode1/resources/Maps.arc,survivalworld_d.map,records/scriptentities/trappoint_04.dbr,5.6766,12.6453,68.0182
survivalmode1/resources/Maps.arc,survivalworld_d.map,records/scriptentities/trappoint_08.dbr,19.1901,15.6353,73.6764
survivalmode1/resources/Maps.arc,survivalworld_d.map,records/scriptentities/playerspawnpoint.dbr,0.3487,12.7383,77.8712
survivalmode1/resources/Maps.arc,survivalworld_d.map,records/controllers/controlobjects/patrolpoint_01.dbr,10.593,12.5574,77.5413
survivalmode1/resources/Maps.arc,survivalworld_d.map,records/scriptentities/spawnbeacon_04.dbr,8.7476,11.979,101.9853
survivalmode1/resources/Maps.arc,survivalworld_d.map,records/scriptentities/trappoint_05.dbr,10.1907,12.4391,111.129
survivalmode1/resources/Maps.arc,survivalworld_d.map,records/scriptentities/defensepoint_npc_01.dbr,1.4814,13.1764,91.17
survivalmode1/resources/Maps.arc,survivalworld_d.map,records/controllers/controlobjects/patrolpoint_01.dbr,18.2204,15.6103,91.8341
survivalmode1/resources/Maps.arc,survivalworld_d.map,records/scriptentities/defensepoint_npc_02.dbr,44.4251,15.0078,91.3957
survivalmode1/resources/Maps.arc,survivalworld_d.map,records/scriptentities/defensepoint_02.dbr,20.5203,15.7154,73.7949
survivalmode1/resources/Maps.arc,survivalworld_d.map,records/scriptentities/trappoint_02.dbr,27.5461,14.1118,66.8367
survivalmode1/resources/Maps.arc,survivalworld_d.map,records/scriptentities/trappoint_01.dbr,37.445,15.6172,73.0342
survivalmode1/resources/Maps.arc,survivalworld_d.map,records/controllers/controlobjects/patrolpoint_01.dbr,24.8235,15.504,77.8124
survivalmode1/resources/Maps.arc,survivalworld_d.map,records/controllers/controlobjects/patrolpoint_01.dbr,31.5402,16.3122,77.632
survivalmode1/resources/Maps.arc,survivalworld_d.map,records/controllers/controlobjects/patrolpoint_01.dbr,45.3001,14.2796,70.9885
survivalmode1/resources/Maps.arc,survivalworld_d.map,records/scriptentities/defensepoint_npc_03.dbr,58.4044,14.0725,74.9188
survivalmode1/resources/Maps.arc,survivalworld_d.map,records/scriptentities/defensepoint_03.dbr,46.1609,15.9025,79.6714
survivalmode1/resources/Maps.arc,survivalworld_d.map,records/scriptentities/defensepoint_01.dbr,32.637,15.8848,94.4656
survivalmode1/resources/Maps.arc,survivalworld_d.map,records/scriptentities/trappoint_03.dbr,23.5504,13.7114,99.4605
survivalmode1/resources/Maps.arc,survivalworld_d.map,records/controllers/controlobjects/patrolpoint_01.dbr,36.5033,16.0983,91.6962
survivalmode1/resources/Maps.arc,survivalworld_d.map,records/controllers/controlobjects/patrolpoint_01.dbr,24.7254,13.7643,100.1166
survivalmode1/resources/Maps.arc,survivalworld_d.map,records/controllers/controlobjects/patrolpoint_01.dbr,35.9563,13.8619,106.7526
survivalmode1/resources/Maps.arc,survivalworld_d.map,records/controllers/controlobjects/patrolpoint_01.dbr,50.0001,13.8703,89.0735
survivalmode1/resources/Maps.arc,survivalworld_d.map,records/scriptentities/spawnbeacon_03.dbr,47.7274,12.9878,126.5743
survivalmode1/resources/Maps.arc,survivalworld_d.map,records/scriptentities/spawnpoint04.dbr,46.8699,13.54,113.3305
survivalmode1/resources/Maps.arc,survivalworld_d.map,records/scriptentities/spawnbeacon_01.dbr,71.774,13.5359,93.9932
survivalmode1/resources/Maps.arc,survivalworld_d.map,records/scriptentities/spawnpoint03.dbr,65.2709,13.5436,64.9397
survivalmode1/resources/Maps.arc,survivalworld_d.map,records/scriptentities/spawnpoint06.dbr,73.4907,13.233,88.0915
survivalmode1/resources/Maps.arc,survivalworld_d.map,records/scriptentities/spawnpoint06_fx.dbr,71.6841,13.555,89.4931
survivalmode1/resources/Maps.arc,survivalworld_d.map,records/scriptentities/spawnbeacon_02.dbr,64.6952,13.2211,89.7919
survivalmode1/resources/Maps.arc,survivalworld_e.map,records/controllers/controlobjects/patrolpoint_01.dbr,39.7925,10.5304,62.1993
survivalmode1/resources/Maps.arc,survivalworld_e.map,records/controllers/player/spawnplayer.dbr,60.0008,7.9501,53.8795
survivalmode1/resources/Maps.arc,survivalworld_e.map,records/scriptentities/trappoint_01.dbr,48.9521,7.903,65.4214
survivalmode1/resources/Maps.arc,survivalworld_e.map,records/scriptentities/defensepoint_04.dbr,50.5922,8.7235,56.5982
survivalmode1/resources/Maps.arc,survivalworld_e.map,records/scriptentities/spawnbeacon_02.dbr,94.7556,6.2835,15.9405
survivalmode1/resources/Maps.arc,survivalworld_e.map,records/scriptentities/spawnpoint02.dbr,82.3997,7.0199,28.9462
survivalmode1/resources/Maps.arc,survivalworld_e.map,records/scriptentities/trappoint_02.dbr,74.699,8.2199,32.5898
survivalmode1/resources/Maps.arc,survivalworld_e.map,records/controllers/controlobjects/patrolpoint_01.dbr,66.5019,8.4445,40.5027
survivalmode1/resources/Maps.arc,survivalworld_e.map,records/scriptentities/trappoint_08.dbr,75.3537,7.9144,41.4454
survivalmode1/resources/Maps.arc,survivalworld_e.map,records/scriptentities/defensepoint_npc_04.dbr,68.8603,7.9501,48.2553
survivalmode1/resources/Maps.arc,survivalworld_e.map,records/scriptentities/defensepoint_npc_01.dbr,66.0176,7.9505,52.4525
survivalmode1/resources/Maps.arc,survivalworld_e.map,records/scriptentities/defensepoint_01.dbr,76.8736,7.9567,54.272
survivalmode1/resources/Maps.arc,survivalworld_e.map,records/scriptentities/trappoint_06.dbr,76.8736,7.9567,54.272
survivalmode1/resources/Maps.arc,survivalworld_e.map,records/controllers/controlobjects/patrolpoint_01.dbr,67.0138,8.3372,60.4696
survivalmode1/resources/Maps.arc,survivalworld_e.map,records/controllers/controlobjects/patrolpoint_01.dbr,70.5738,8.6638,62.8461
survivalmode1/resources/Maps.arc,survivalworld_e.map,records/scriptentities/trappoint_04.dbr,82.4914,7.9596,63.7631
survivalmode1/resources/Maps.arc,survivalworld_e.map,records/controllers/controlobjects/patrolpoint_01.dbr,89.0119,8.1273,58.867
survivalmode1/resources/Maps.arc,survivalworld_e.map,records/controllers/controlobjects/patrolpoint_01.dbr,90.4706,8.535,51.6337
survivalmode1/resources/Maps.arc,survivalworld_e.map,records/scriptentities/spawnpoint04.dbr,110.099,4.0667,45.9272
survivalmode1/resources/Maps.arc,survivalworld_e.map,records/scriptentities/tier09spawnpoint01.dbr,42.9272,7.03,71.5359
survivalmode1/resources/Maps.arc,survivalworld_e.map,records/scriptentities/tier06spawnpoint01.dbr,34.448,6.75,77.006
survivalmode1/resources/Maps.arc,survivalworld_e.map,records/scriptentities/tier08spawnpoint01.dbr,33.6948,6.75,78.0854
survivalmode1/resources/Maps.arc,survivalworld_e.map,records/scriptentities/spawnbeacon_01.dbr,34.2126,6.75,77.2659
survivalmode1/resources/Maps.arc,survivalworld_e.map,records/scriptentities/tier04spawnpoint01.dbr,34.2503,6.75,77.3541
survivalmode1/resources/Maps.arc,survivalworld_e.map,records/scriptentities/tier02spawnpoint01.dbr,34.5557,6.75,77.3922
survivalmode1/resources/Maps.arc,survivalworld_e.map,records/scriptentities/tier12spawnpoint01.dbr,34.4135,6.75,77.5545
survivalmode1/resources/Maps.arc,survivalworld_e.map,records/scriptentities/tier01spawnpoint01.dbr,34.4262,6.75,77.9553
survivalmode1/resources/Maps.arc,survivalworld_e.map,records/scriptentities/tier15spawnpoint01.dbr,34.461,6.75,77.6246
survivalmode1/resources/Maps.arc,survivalworld_e.map,records/scriptentities/tier13spawnpoint01.dbr,34.4955,6.75,77.6677
survivalmode1/resources/Maps.arc,survivalworld_e.map,records/scriptentities/tier03spawnpoint01.dbr,34.6037,6.75,77.8347
survivalmode1/resources/Maps.arc,survivalworld_e.map,records/scriptentities/tier07spawnpoint01.dbr,34.3958,6.75,77.643
survivalmode1/resources/Maps.arc,survivalworld_e.map,records/scriptentities/tier14spawnpoint01.dbr,34.981,6.75,77.4971
survivalmode1/resources/Maps.arc,survivalworld_e.map,records/scriptentities/tier05spawnpoint01.dbr,34.0733,6.75,78.1488
survivalmode1/resources/Maps.arc,survivalworld_e.map,records/scriptentities/tier10spawnpoint01.dbr,34.6689,6.75,78.1902
survivalmode1/resources/Maps.arc,survivalworld_e.map,records/scriptentities/tier11spawnpoint01.dbr,34.6627,6.75,78.4414
survivalmode1/resources/Maps.arc,survivalworld_e.map,records/scriptentities/tier16spawnpoint01.dbr,34.9709,6.75,76.9853
survivalmode1/resources/Maps.arc,survivalworld_e.map,records/scriptentities/tier17spawnpoint01.dbr,34.5472,6.75,77.4687
survivalmode1/resources/Maps.arc,survivalworld_e.map,records/scriptentities/trappoint_07.dbr,34.6972,6.75,77.1991
survivalmode1/resources/Maps.arc,survivalworld_e.map,records/scriptentities/defensepoint_npc_03.dbr,53.6517,7.9041,69.5382
survivalmode1/resources/Maps.arc,survivalworld_e.map,records/controllers/controlobjects/patrolpoint_01.dbr,61.0299,8.0184,67.9036
survivalmode1/resources/Maps.arc,survivalworld_e.map,records/scriptentities/spawnbeacon_03.dbr,89.9846,8.9157,99.0081
survivalmode1/resources/Maps.arc,survivalworld_e.map,records/scriptentities/defensepoint_02.dbr,78.8416,8.2401,68.499
survivalmode1/resources/Maps.arc,survivalworld_e.map,records/scriptentities/defensepoint_03.dbr,65.0895,8.2146,71.1187
survivalmode1/resources/Maps.arc,survivalworld_e.map,records/controllers/controlobjects/patrolpoint_01.dbr,72.8792,8.5494,70.6059
survivalmode1/resources/Maps.arc,survivalworld_e.map,records/scriptentities/trappoint_03.dbr,82.3206,8.0095,68.8982
survivalmode1/resources/Maps.arc,survivalworld_e.map,records/controllers/controlobjects/patrolpoint_01.dbr,81.3129,8.1089,70.3627
survivalmode1/resources/Maps.arc,survivalworld_e.map,records/controllers/controlobjects/patrolpoint_01.dbr,64.7622,9.4856,88.4956
survivalmode1/resources/Maps.arc,survivalworld_e.map,records/scriptentities/spawnpoint06.dbr,82.0858,10.6172,88.5716
survivalmode1/resources/Maps.arc,survivalworld_e.map,records/scriptentities/spawnpoint06_fx.dbr,91.76,10.3001,85.2462
survivalmode1/resources/Maps.arc,survivalworld_e.map,records/scriptentities/spawnbeacon_04.dbr,91.8783,10.3175,85.499
survivalmode1/resources/Maps.arc,survivalworld_e.map,records/scriptentities/spawnbeacon_05.dbr,63.9247,6.7671,103.0088
survivalmode1/resources/Maps.arc,survivalworld_e.map,records/scriptentities/spawnpoint03.dbr,71.3682,7.0302,100.191
survivalmode1/resources/Maps.arc,survivalworld_f.map,records/scriptentities/spawnpoint02.dbr,72.6483,1.3952,24.0496
survivalmode1/resources/Maps.arc,survivalworld_f.map,records/scriptentities/spawnbeacon_02.dbr,74.4719,1.0,21.3091
survivalmode1/resources/Maps.arc,survivalworld_f.map,records/scriptentities/trappoint_01.dbr,76.0553,7.1505,29.5722
survivalmode1/resources/Maps.arc,survivalworld_f.map,records/controllers/controlobjects/patrolpoint_01.dbr,64.5365,1.0,35.0946
survivalmode1/resources/Maps.arc,survivalworld_f.map,records/scriptentities/tier10spawnpoint01.dbr,22.8871,1.3952,68.3153
survivalmode1/resources/Maps.arc,survivalworld_f.map,records/scriptentities/tier13spawnpoint01.dbr,19.8137,1.0,69.8623
survivalmode1/resources/Maps.arc,survivalworld_f.map,records/scriptentities/spawnbeacon_01.dbr,19.5448,1.0,69.9933
survivalmode1/resources/Maps.arc,survivalworld_f.map,records/scriptentities/tier05spawnpoint01.dbr,19.6671,1.0,69.8836
survivalmode1/resources/Maps.arc,survivalworld_f.map,records/scriptentities/tier14spawnpoint01.dbr,19.5716,1.0,70.087
survivalmode1/resources/Maps.arc,survivalworld_f.map,records/scriptentities/tier12spawnpoint01.dbr,19.7304,1.0,70.1163
survivalmode1/resources/Maps.arc,survivalworld_f.map,records/scriptentities/tier11spawnpoint01.dbr,19.7977,1.0,69.9454
survivalmode1/resources/Maps.arc,survivalworld_f.map,records/scriptentities/tier07spawnpoint01.dbr,19.8829,1.0,69.7596
survivalmode1/resources/Maps.arc,survivalworld_f.map,records/scriptentities/tier09spawnpoint01.dbr,19.9292,1.0,69.919
survivalmode1/resources/Maps.arc,survivalworld_f.map,records/scriptentities/tier04spawnpoint01.dbr,19.7801,1.0,69.9477
survivalmode1/resources/Maps.arc,survivalworld_f.map,records/scriptentities/tier15spawnpoint01.dbr,19.9123,1.0,69.8457
survivalmode1/resources/Maps.arc,survivalworld_f.map,records/scriptentities/tier08spawnpoint01.dbr,19.7481,1.0,70.114
survivalmode1/resources/Maps.arc,survivalworld_f.map,records/scriptentities/tier02spawnpoint01.dbr,19.8021,1.0,70.0186
survivalmode1/resources/Maps.arc,survivalworld_f.map,records/scriptentities/tier03spawnpoint01.dbr,19.8914,1.0,69.9187
survivalmode1/resources/Maps.arc,survivalworld_f.map,records/scriptentities/tier01spawnpoint01.dbr,19.8128,1.0,69.9506
survivalmode1/resources/Maps.arc,survivalworld_f.map,records/scriptentities/tier06spawnpoint01.dbr,19.4042,1.0,69.9476
survivalmode1/resources/Maps.arc,survivalworld_f.map,records/scriptentities/tier16spawnpoint01.dbr,19.0785,1.0,70.5398
survivalmode1/resources/Maps.arc,survivalworld_f.map,records/scriptentities/tier17spawnpoint01.dbr,19.511,1.0,69.834
survivalmode1/resources/Maps.arc,survivalworld_f.map,records/controllers/controlobjects/patrolpoint_01.dbr,19.6923,1.0,69.8839
survivalmode1/resources/Maps.arc,survivalworld_f.map,records/scriptentities/playerspawnpoint.dbr,43.4222,-13.0652,51.4136
survivalmode1/resources/Maps.arc,survivalworld_f.map,records/controllers/player/spawnplayer.dbr,45.526,1.0,42.4535
survivalmode1/resources/Maps.arc,survivalworld_f.map,records/controllers/controlobjects/patrolpoint_01.dbr,41.6755,1.0,38.3071
survivalmode1/resources/Maps.arc,survivalworld_f.map,records/scriptentities/trappoint_08.dbr,54.7463,4.7397,46.5277
survivalmode1/resources/Maps.arc,survivalworld_f.map,records/scriptentities/trappoint_05.dbr,48.3772,4.7396,52.4295
survivalmode1/resources/Maps.arc,survivalworld_f.map,records/controllers/controlobjects/patrolpoint_01.dbr,55.1695,4.3,53.0863
survivalmode1/resources/Maps.arc,survivalworld_f.map,records/scriptentities/spawnpoint05.dbr,49.7765,4.3,56.1444
survivalmode1/resources/Maps.arc,survivalworld_f.map,records/controllers/controlobjects/patrolpoint_01.dbr,56.989,4.3,55.163
survivalmode1/resources/Maps.arc,survivalworld_f.map,records/scriptentities/defensepoint_02.dbr,66.5,4.5,48.5
survivalmode1/resources/Maps.arc,survivalworld_f.map,records/scriptentities/defensepoint_npc_02.dbr,76.3491,0.9244,38.2448
survivalmode1/resources/Maps.arc,survivalworld_f.map,records/scriptentities/trappoint_04.dbr,69.1876,4.3,50.4512
survivalmode1/resources/Maps.arc,survivalworld_f.map,records/scriptentities/defensepoint_npc_04.dbr,76.6432,4.7508,53.6542
survivalmode1/resources/Maps.arc,survivalworld_f.map,records/scriptentities/defensepoint_04.dbr,74.5,4.5,57.0
survivalmode1/resources/Maps.arc,survivalworld_f.map,records/scriptentities/defensepoint_npc_03.dbr,47.4448,-17.0444,68.6179
survivalmode1/resources/Maps.arc,survivalworld_f.map,records/scriptentities/defensepoint_01.dbr,49.495,4.5,63.8208
survivalmode1/resources/Maps.arc,survivalworld_f.map,records/scriptentities/defensepoint_npc_01.dbr,49.495,4.5,63.8208
survivalmode1/resources/Maps.arc,survivalworld_f.map,records/scriptentities/trappoint_07.dbr,51.0439,4.3,67.368
survivalmode1/resources/Maps.arc,survivalworld_f.map,records/scriptentities/defensepoint_03.dbr,55.6366,4.3,66.4026
survivalmode1/resources/Maps.arc,survivalworld_f.map,records/controllers/controlobjects/patrolpoint_01.dbr,76.242,4.7406,69.8203
survivalmode1/resources/Maps.arc,survivalworld_f.map,records/controllers/controlobjects/patrolpoint_01.dbr,83.8884,6.6592,39.4333
survivalmode1/resources/Maps.arc,survivalworld_f.map,records/scriptentities/spawnpoint04.dbr,90.3803,0.9998,49.9763
survivalmode1/resources/Maps.arc,survivalworld_f.map,records/scriptentities/spawnbeacon_03.dbr,102.9783,1.0,50.9223
survivalmode1/resources/Maps.arc,survivalworld_f.map,records/scriptentities/trappoint_03.dbr,96.1617,-6.845,66.6395
survivalmode1/resources/Maps.arc,survivalworld_f.map,records/controllers/controlobjects/patrolpoint_01.dbr,90.0447,0.9977,60.7351
survivalmode1/resources/Maps.arc,survivalworld_f.map,records/controllers/controlobjects/patrolpoint_01.dbr,44.2641,9.7295,83.4012
survivalmode1/resources/Maps.arc,survivalworld_f.map,records/scriptentities/trappoint_02.dbr,45.7272,0.9244,88.1745
survivalmode1/resources/Maps.arc,survivalworld_f.map,records/controllers/controlobjects/patrolpoint_01.dbr,59.0934,1.0,86.1981
survivalmode1/resources/Maps.arc,survivalworld_f.map,records/scriptentities/spawnbeacon_05.dbr,45.1575,2.328,93.0808
survivalmode1/resources/Maps.arc,survivalworld_f.map,records/scriptentities/spawnpoint03.dbr,47.3306,1.0,99.7462
survivalmode1/resources/Maps.arc,survivalworld_f.map,records/controllers/controlobjects/patrolpoint_01.dbr,83.016,-4.0009,94.5164
survivalmode1/resources/Maps.arc,survivalworld_f.map,records/scriptentities/spawnpoint06.dbr,87.4009,0.94,77.5943
survivalmode1/resources/Maps.arc,survivalworld_f.map,records/scriptentities/spawnbeacon_04.dbr,88.1924,-3.7742,90.4941
survivalmode1/resources/Maps.arc,survivalworld_f.map,records/scriptentities/spawnpoint06_fx.dbr,81.6768,0.9545,86.7817
survivalmode1/resources/Maps.arc,survivalworld_g.map,records/scriptentities/defensepoint_01.dbr,57.183,-0.0601,54.6073
survivalmode1/resources/Maps.arc,survivalworld_g.map,records/controllers/controlobjects/patrolpoint_01.dbr,57.183,-0.0601,54.6073
survivalmode1/resources/Maps.arc,survivalworld_g.map,records/controllers/player/spawnplayer.dbr,49.1208,-0.3901,58.8856
survivalmode1/resources/Maps.arc,survivalworld_g.map,records/scriptentities/playerspawnpoint.dbr,48.0418,-0.9679,58.1643
survivalmode1/resources/Maps.arc,survivalworld_g.map,records/scriptentities/defensepoint_npc_01.dbr,51.405,-0.7208,61.2443
survivalmode1/resources/Maps.arc,survivalworld_g.map,records/scriptentities/trappoint_02.dbr,59.9094,-0.5886,59.062
survivalmode1/resources/Maps.arc,survivalworld_g.map,records/controllers/controlobjects/patrolpoint_01.dbr,51.0996,-0.8262,56.4188
survivalmode1/resources/Maps.arc,survivalworld_g.map,records/scriptentities/spawnbeacon_01.dbr,69.9076,-1.8943,32.7592
survivalmode1/resources/Maps.arc,survivalworld_g.map,records/scriptentities/spawnpoint04.dbr,64.8029,-1.8557,24.9671
survivalmode1/resources/Maps.arc,survivalworld_g.map,records/controllers/controlobjects/patrolpoint_01.dbr,66.5317,1.1311,54.9829
survivalmode1/resources/Maps.arc,survivalworld_g.map,records/controllers/controlobjects/patrolpoint_01.dbr,68.3731,0.8762,46.0229
survivalmode1/resources/Maps.arc,survivalworld_g.map,records/scriptentities/defensepoint_npc_02.dbr,64.7067,0.202,57.0178
survivalmode1/resources/Maps.arc,survivalworld_g.map,records/scriptentities/defensepoint_npc_03.dbr,48.7612,-0.5059,83.3349
survivalmode1/resources/Maps.arc,survivalworld_g.map,records/controllers/controlobjects/patrolpoint_01.dbr,41.3208,-1.0633,80.9657
survivalmode1/resources/Maps.arc,survivalworld_g.map,records/controllers/controlobjects/patrolpoint_01.dbr,39.7531,-0.6551,76.6171
survivalmode1/resources/Maps.arc,survivalworld_g.map,records/controllers/controlobjects/patrolpoint_01.dbr,53.3261,-1.0729,80.7756
survivalmode1/resources/Maps.arc,survivalworld_g.map,records/scriptentities/tier15spawnpoint01.dbr,49.0877,-1.0879,101.5247
survivalmode1/resources/Maps.arc,survivalworld_g.map,records/scriptentities/tier08spawnpoint01.dbr,39.8699,-0.2426,95.8245
survivalmode1/resources/Maps.arc,survivalworld_g.map,records/scriptentities/tier01spawnpoint01.dbr,40.0766,-0.2796,95.6616
survivalmode1/resources/Maps.arc,survivalworld_g.map,records/scriptentities/tier06spawnpoint01.dbr,39.8484,-0.2474,95.7903
survivalmode1/resources/Maps.arc,survivalworld_g.map,records/scriptentities/tier07spawnpoint01.dbr,39.8991,-0.2858,95.5904
survivalmode1/resources/Maps.arc,survivalworld_g.map,records/scriptentities/spawnbeacon_05.dbr,40.0062,-0.2592,95.7718
survivalmode1/resources/Maps.arc,survivalworld_g.map,records/scriptentities/tier10spawnpoint01.dbr,41.6897,0.0491,87.4457
survivalmode1/resources/Maps.arc,survivalworld_g.map,records/scriptentities/tier05spawnpoint01.dbr,40.2414,-0.3386,95.3407
survivalmode1/resources/Maps.arc,survivalworld_g.map,records/scriptentities/tier09spawnpoint01.dbr,39.9047,-0.33,95.3433
survivalmode1/resources/Maps.arc,survivalworld_g.map,records/scriptentities/tier03spawnpoint01.dbr,40.1928,-0.3103,95.4965
survivalmode1/resources/Maps.arc,survivalworld_g.map,records/scriptentities/tier14spawnpoint01.dbr,39.9156,-0.3286,95.3548
survivalmode1/resources/Maps.arc,survivalworld_g.map,records/scriptentities/tier02spawnpoint01.dbr,39.7698,-0.3209,95.351
survivalmode1/resources/Maps.arc,survivalworld_g.map,records/scriptentities/tier11spawnpoint01.dbr,39.9004,-0.2959,95.5342
survivalmode1/resources/Maps.arc,survivalworld_g.map,records/scriptentities/tier04spawnpoint01.dbr,40.3232,-0.3695,95.1966
survivalmode1/resources/Maps.arc,survivalworld_g.map,records/scriptentities/tier13spawnpoint01.dbr,39.9185,-0.3507,95.2313
survivalmode1/resources/Maps.arc,survivalworld_g.map,records/scriptentities/tier12spawnpoint01.dbr,39.8631,-0.3538,95.196
survivalmode1/resources/Maps.arc,survivalworld_g.map,records/scriptentities/tier16spawnpoint01.dbr,40.0471,-0.3966,95.0098
survivalmode1/resources/Maps.arc,survivalworld_g.map,records/scriptentities/tier17spawnpoint01.dbr,44.5627,-0.2566,102.748
survivalmode1/resources/Maps.arc,survivalworld_g.map,records/scriptentities/defensepoint_03.dbr,61.7022,-0.9899,78.3561
survivalmode1/resources/Maps.arc,survivalworld_g.map,records/scriptentities/trappoint_08.dbr,61.7022,-0.9899,78.3561
survivalmode1/resources/Maps.arc,survivalworld_g.map,records/scriptentities/spawnpoint05.dbr,65.2935,-0.798,64.9568
survivalmode1/resources/Maps.arc,survivalworld_g.map,records/controllers/controlobjects/patrolpoint_01.dbr,64.6123,-0.8766,66.9706
survivalmode1/resources/Maps.arc,survivalworld_g.map,records/scriptentities/defensepoint_02.dbr,80.2108,-0.047,60.537
survivalmode1/resources/Maps.arc,survivalworld_g.map,records/controllers/controlobjects/patrolpoint_01.dbr,80.2108,-0.047,60.537
survivalmode1/resources/Maps.arc,survivalworld_g.map,records/scriptentities/trappoint_06.dbr,80.5209,-0.8363,68.9387
survivalmode1/resources/Maps.arc,survivalworld_g.map,records/controllers/controlobjects/patrolpoint_01.dbr,68.4556,-1.0895,80.2782
survivalmode1/resources/Maps.arc,survivalworld_g.map,records/scriptentities/spawnbeacon_03.dbr,94.9074,-0.4977,64.5771
survivalmode1/resources/Maps.arc,survivalworld_g.map,records/scriptentities/spawnpoint03.dbr,103.0417,0.0003,64.9115
survivalmode1/resources/Maps.arc,survivalworld_g.map,records/scriptentities/spawnpoint06.dbr,66.5631,-0.5,95.9326
survivalmode1/resources/Maps.arc,survivalworld_g.map,records/scriptentities/spawnpoint06_fx.dbr,61.8043,-1.0732,103.3407
survivalmode1/resources/Maps.arc,survivalworld_g.map,records/scriptentities/spawnbeacon_02.dbr,61.5995,-1.0733,103.5042
survivalmode1/resources/Maps.arc,survivalworld_g.map,records/scriptentities/spawnbeacon_04.dbr,98.4116,-0.4156,102.8577
survivalmode1/resources/Maps.arc,survivalworld_g.map,records/scriptentities/spawnpoint02.dbr,91.4908,-0.994,88.5484
survivalmode1/resources/Maps.arc,survivalworld_j.map,records/controllers/player/spawnplayer.dbr,37.6329,19.0062,42.0527
survivalmode1/resources/Maps.arc,survivalworld_j.map,records/scriptentities/trappoint_01.dbr,45.6441,18.7976,49.5575
survivalmode1/resources/Maps.arc,survivalworld_j.map,records/controllers/controlobjects/patrolpoint_01.dbr,45.6563,18.7949,49.6715
survivalmode1/resources/Maps.arc,survivalworld_j.map,records/controllers/controlobjects/patrolpoint_01.dbr,56.5535,17.1376,46.8595
survivalmode1/resources/Maps.arc,survivalworld_j.map,records/controllers/controlobjects/patrolpoint_01.dbr,79.5553,19.6919,65.4168
survivalmode1/resources/Maps.arc,survivalworld_j.map,records/controllers/controlobjects/patrolpoint_01.dbr,82.6715,16.8455,59.3135
survivalmode1/resources/Maps.arc,survivalworld_j.map,records/scriptentities/spawnbeacon_01.dbr,83.0932,17.4732,23.4907
survivalmode1/resources/Maps.arc,survivalworld_j.map,records/scriptentities/spawnpoint04.dbr,91.0294,17.5017,33.9229
survivalmode1/resources/Maps.arc,survivalworld_j.map,records/controllers/controlobjects/patrolpoint_01.dbr,84.0793,17.8043,41.3433
survivalmode1/resources/Maps.arc,survivalworld_j.map,records/scriptentities/defensepoint_npc_01.dbr,71.718,19.3557,55.8648
survivalmode1/resources/Maps.arc,survivalworld_j.map,records/scriptentities/defensepoint_01.dbr,72.6456,20.443,59.1671
survivalmode1/resources/Maps.arc,survivalworld_j.map,records/scriptentities/trappoint_02.dbr,84.7587,18.0357,57.558
survivalmode1/resources/Maps.arc,survivalworld_j.map,records/scriptentities/spawnbeacon_03.dbr,100.9951,18.1946,53.9698
survivalmode1/resources/Maps.arc,survivalworld_j.map,records/scriptentities/spawnpoint03.dbr,109.5919,18.1968,56.9344
survivalmode1/resources/Maps.arc,survivalworld_j.map,records/scriptentities/trappoint_07.dbr,20.1856,19.5,70.2974
survivalmode1/resources/Maps.arc,survivalworld_j.map,records/controllers/controlobjects/patrolpoint_01.dbr,39.8639,18.252,62.665
survivalmode1/resources/Maps.arc,survivalworld_j.map,records/scriptentities/trappoint_08.dbr,48.2079,19.2844,73.2036
survivalmode1/resources/Maps.arc,survivalworld_j.map,records/scriptentities/defensepoint_02.dbr,49.9402,22.2857,68.6847
survivalmode1/resources/Maps.arc,survivalworld_j.map,records/scriptentities/defensepoint_npc_02.dbr,49.9402,22.2857,68.6847
survivalmode1/resources/Maps.arc,survivalworld_j.map,records/controllers/controlobjects/patrolpoint_01.dbr,54.4321,21.4817,66.489
survivalmode1/resources/Maps.arc,survivalworld_j.map,records/scriptentities/defensepoint_03.dbr,59.9019,18.139,85.0697
survivalmode1/resources/Maps.arc,survivalworld_j.map,records/scriptentities/defensepoint_npc_03.dbr,59.9019,18.139,85.0697
survivalmode1/resources/Maps.arc,survivalworld_j.map,records/controllers/controlobjects/patrolpoint_01.dbr,56.84,18.0637,93.7981
survivalmode1/resources/Maps.arc,survivalworld_j.map,records/scriptentities/tier15spawnpoint01.dbr,42.9574,17.6533,103.0594
survivalmode1/resources/Maps.arc,survivalworld_j.map,records/scriptentities/tier01spawnpoint01.dbr,42.7803,17.6607,103.8742
survivalmode1/resources/Maps.arc,survivalworld_j.map,records/scriptentities/tier07spawnpoint01.dbr,42.7587,17.6583,103.8399
survivalmode1/resources/Maps.arc,survivalworld_j.map,records/scriptentities/tier08spawnpoint01.dbr,42.9166,17.6687,103.8214
survivalmode1/resources/Maps.arc,survivalworld_j.map,records/scriptentities/tier06spawnpoint01.dbr,42.9869,17.6713,103.7113
survivalmode1/resources/Maps.arc,survivalworld_j.map,records/scriptentities/tier02spawnpoint01.dbr,42.8095,17.6567,103.6401
survivalmode1/resources/Maps.arc,survivalworld_j.map,records/scriptentities/tier09spawnpoint01.dbr,42.8108,17.6554,103.5839
survivalmode1/resources/Maps.arc,survivalworld_j.map,records/scriptentities/tier03spawnpoint01.dbr,43.1032,17.6769,103.5462
survivalmode1/resources/Maps.arc,survivalworld_j.map,records/scriptentities/tier10spawnpoint01.dbr,42.826,17.6522,103.4045
survivalmode1/resources/Maps.arc,survivalworld_j.map,records/scriptentities/tier05spawnpoint01.dbr,43.1517,17.6772,103.3903
survivalmode1/resources/Maps.arc,survivalworld_j.map,records/scriptentities/tier11spawnpoint01.dbr,42.8151,17.6512,103.393
survivalmode1/resources/Maps.arc,survivalworld_j.map,records/scriptentities/tier04spawnpoint01.dbr,43.2336,17.6805,103.2462
survivalmode1/resources/Maps.arc,survivalworld_j.map,records/scriptentities/tier13spawnpoint01.dbr,42.8288,17.6494,103.281
survivalmode1/resources/Maps.arc,survivalworld_j.map,records/scriptentities/tier14spawnpoint01.dbr,42.7735,17.6446,103.2457
survivalmode1/resources/Maps.arc,survivalworld_j.map,records/scriptentities/spawnbeacon_05.dbr,42.6801,17.6417,103.4007
survivalmode1/resources/Maps.arc,survivalworld_j.map,records/scriptentities/tier17spawnpoint01.dbr,43.7985,17.7172,102.6677
survivalmode1/resources/Maps.arc,survivalworld_j.map,records/scriptentities/tier16spawnpoint01.dbr,43.3364,17.7126,104.1883
survivalmode1/resources/Maps.arc,survivalworld_j.map,records/scriptentities/spawnpoint05.dbr,77.4992,19.3058,67.1068
survivalmode1/resources/Maps.arc,survivalworld_j.map,records/scriptentities/defensepoint_npc_04.dbr,71.5924,20.7375,78.9811
survivalmode1/resources/Maps.arc,survivalworld_j.map,records/scriptentities/defensepoint_04.dbr,76.5008,19.1607,78.4238
survivalmode1/resources/Maps.arc,survivalworld_j.map,records/scriptentities/trappoint_03.dbr,76.3074,18.6555,81.773
survivalmode1/resources/Maps.arc,survivalworld_j.map,records/scriptentities/trappoint_04.dbr,78.8239,18.6117,95.9499
survivalmode1/resources/Maps.arc,survivalworld_j.map,records/controllers/controlobjects/patrolpoint_01.dbr,83.0244,18.0369,90.5612
survivalmode1/resources/Maps.arc,survivalworld_j.map,records/scriptentities/spawnbeacon_04.dbr,78.9512,18.23,98.5913
survivalmode1/resources/Maps.arc,survivalworld_j.map,records/scriptentities/spawnpoint02.dbr,68.6685,17.942,106.1615
survivalmode1/resources/Maps.arc,survivalworld_j.map,records/scriptentities/spawnbeacon_02.dbr,97.0225,15.402,91.3011
survivalmode1/resources/Maps.arc,survivalworld_j.map,records/scriptentities/spawnpoint06_fx.dbr,106.7647,15.86,88.0032
survivalmode1/resources/Maps.arc,survivalworld_j.map,records/scriptentities/spawnpoint06.dbr,106.1472,15.8304,88.3223
survivalmode2/resources/Maps.arc,survivalworld_h.map,records/controllers/controlobjects/patrolpoint_01.dbr,93.9054,13.3625,31.6477
survivalmode2/resources/Maps.arc,survivalworld_h.map,records/scriptentities/spawnpoint04.dbr,71.2948,15.2402,13.9682
survivalmode2/resources/Maps.arc,survivalworld_h.map,records/scriptentities/spawnbeacon_01.dbr,72.3077,15.16,30.8755
survivalmode2/resources/Maps.arc,survivalworld_h.map,records/controllers/controlobjects/patrolpoint_01.dbr,36.4369,14.07,46.1999
survivalmode2/resources/Maps.arc,survivalworld_h.map,records/controllers/controlobjects/patrolpoint_01.dbr,60.0415,14.2947,52.856
survivalmode2/resources/Maps.arc,survivalworld_h.map,records/scriptentities/trappoint_02.dbr,56.5399,14.0705,50.8656
survivalmode2/resources/Maps.arc,survivalworld_h.map,records/scriptentities/defensepoint_02.dbr,60.0811,14.1593,48.6036
survivalmode2/resources/Maps.arc,survivalworld_h.map,records/controllers/player/spawnplayer.dbr,46.6943,14.2655,69.7893
survivalmode2/resources/Maps.arc,survivalworld_h.map,records/scriptentities/trappoint_01.dbr,43.9098,14.07,61.4097
survivalmode2/resources/Maps.arc,survivalworld_h.map,records/controllers/controlobjects/patrolpoint_01.dbr,47.6377,14.07,60.5004
survivalmode2/resources/Maps.arc,survivalworld_h.map,records/scriptentities/defensepoint_03.dbr,56.3521,17.7206,84.7563
survivalmode2/resources/Maps.arc,survivalworld_h.map,records/scriptentities/trappoint_08.dbr,59.4474,14.5132,72.6443
survivalmode2/resources/Maps.arc,survivalworld_h.map,records/scriptentities/playerspawnpoint.dbr,68.5794,15.3699,61.2757
survivalmode2/resources/Maps.arc,survivalworld_h.map,records/controllers/controlobjects/patrolpoint_01.dbr,49.8066,14.07,61.221
survivalmode2/resources/Maps.arc,survivalworld_h.map,records/scriptentities/trappoint_03.dbr,56.8884,14.07,82.1417
survivalmode2/resources/Maps.arc,survivalworld_h.map,records/scriptentities/defensepoint_npc_03.dbr,66.2668,15.3663,72.5397
survivalmode2/resources/Maps.arc,survivalworld_h.map,records/controllers/controlobjects/patrolpoint_01.dbr,62.5602,14.2551,75.1864
survivalmode2/resources/Maps.arc,survivalworld_h.map,records/scriptentities/trappoint_04.dbr,72.0227,14.2861,50.9512
survivalmode2/resources/Maps.arc,survivalworld_h.map,records/scriptentities/trappoint_05.dbr,96.8197,14.0681,50.4962
survivalmode2/resources/Maps.arc,survivalworld_h.map,records/scriptentities/defensepoint_01.dbr,83.4551,13.7848,55.9045
survivalmode2/resources/Maps.arc,survivalworld_h.map,records/scriptentities/defensepoint_npc_01.dbr,84.3175,14.1037,49.2586
survivalmode2/resources/Maps.arc,survivalworld_h.map,records/scriptentities/trappoint_07.dbr,72.051,14.2024,71.2085
survivalmode2/resources/Maps.arc,survivalworld_h.map,records/scriptentities/spawnpoint05.dbr,72.0709,14.07,77.919
survivalmode2/resources/Maps.arc,survivalworld_h.map,records/controllers/controlobjects/patrolpoint_01.dbr,71.7179,15.37,61.1283
survivalmode2/resources/Maps.arc,survivalworld_h.map,records/controllers/controlobjects/patrolpoint_01.dbr,83.219,15.3663,66.2283
survivalmode2/resources/Maps.arc,survivalworld_h.map,records/scriptentities/defensepoint_npc_04.dbr,83.9622,14.245,73.0267
survivalmode2/resources/Maps.arc,survivalworld_h.map,records/controllers/controlobjects/patrolpoint_01.dbr,86.4852,14.07,69.8881
survivalmode2/resources/Maps.arc,survivalworld_h.map,records/scriptentities/trappoint_06.dbr,94.5884,13.785,70.7785
survivalmode2/resources/Maps.arc,survivalworld_h.map,records/scriptentities/spawnpoint02.dbr,115.7937,1.4395,58.2576
survivalmode2/resources/Maps.arc,survivalworld_h.map,records/scriptentities/spawnbeacon_04.dbr,107.9895,9.9874,81.7184
survivalmode2/resources/Maps.arc,survivalworld_h.map,records/scriptentities/spawnbeacon_03.dbr,104.5944,11.6249,48.3693
survivalmode2/resources/Maps.arc,survivalworld_h.map,records/scriptentities/spawnpoint03.dbr,107.7529,10.6689,42.3393
survivalmode2/resources/Maps.arc,survivalworld_h.map,records/scriptentities/spawnpoint06.dbr,104.5295,10.2301,72.9705
survivalmode2/resources/Maps.arc,survivalworld_h.map,records/scriptentities/spawnpoint06_fx.dbr,101.7327,14.0613,60.8523
survivalmode2/resources/Maps.arc,survivalworld_h.map,records/scriptentities/spawnbeacon_02.dbr,101.7232,14.0608,60.875
survivalmode2/resources/Maps.arc,survivalworld_h.map,records/scriptentities/tier17spawnpoint01.dbr,71.1725,15.16,91.4303
survivalmode2/resources/Maps.arc,survivalworld_h.map,records/scriptentities/tier15spawnpoint01.dbr,71.5855,15.16,91.7284
survivalmode2/resources/Maps.arc,survivalworld_h.map,records/scriptentities/tier01spawnpoint01.dbr,71.0294,15.16,91.4143
survivalmode2/resources/Maps.arc,survivalworld_h.map,records/scriptentities/tier07spawnpoint01.dbr,71.0079,15.16,91.3801
survivalmode2/resources/Maps.arc,survivalworld_h.map,records/scriptentities/tier16spawnpoint01.dbr,71.1657,15.16,91.3616
survivalmode2/resources/Maps.arc,survivalworld_h.map,records/scriptentities/tier14spawnpoint01.dbr,71.5879,15.16,91.3559
survivalmode2/resources/Maps.arc,survivalworld_h.map,records/scriptentities/tier06spawnpoint01.dbr,70.9293,15.16,90.9408
survivalmode2/resources/Maps.arc,survivalworld_h.map,records/scriptentities/tier02spawnpoint01.dbr,71.0586,15.16,91.1802
survivalmode2/resources/Maps.arc,survivalworld_h.map,records/scriptentities/tier05spawnpoint01.dbr,71.0599,15.16,91.124
survivalmode2/resources/Maps.arc,survivalworld_h.map,records/scriptentities/tier03spawnpoint01.dbr,71.0642,15.16,90.9331
survivalmode2/resources/Maps.arc,survivalworld_h.map,records/scriptentities/tier04spawnpoint01.dbr,71.0751,15.16,90.9446
survivalmode2/resources/Maps.arc,survivalworld_h.map,records/scriptentities/tier08spawnpoint01.dbr,71.0779,15.16,90.8211
survivalmode2/resources/Maps.arc,survivalworld_h.map,records/scriptentities/tier09spawnpoint01.dbr,71.2361,15.16,91.2514
survivalmode2/resources/Maps.arc,survivalworld_h.map,records/scriptentities/tier10spawnpoint01.dbr,71.3523,15.16,91.0863
survivalmode2/resources/Maps.arc,survivalworld_h.map,records/scriptentities/spawnbeacon_05.dbr,71.5801,14.9552,84.4986
survivalmode2/resources/Maps.arc,survivalworld_h.map,records/scriptentities/tier13spawnpoint01.dbr,72.4108,15.16,89.743
survivalmode2/resources/Maps.arc,survivalworld_h.map,records/scriptentities/tier12spawnpoint01.dbr,71.0226,15.16,90.7858
survivalmode2/resources/Maps.arc,survivalworld_h.map,records/scriptentities/tier11spawnpoint01.dbr,71.2066,15.16,90.5996
survivalmode2/resources/Maps.arc,survivalworld_i.map,records/scriptentities/trappoint_07.dbr,34.0172,25.786,29.7129
survivalmode2/resources/Maps.arc,survivalworld_i.map,records/controllers/controlobjects/patrolpoint_01.dbr,27.8385,25.9266,38.5724
survivalmode2/resources/Maps.arc,survivalworld_i.map,records/controllers/player/spawnplayer.dbr,42.2265,26.8827,22.7612
survivalmode2/resources/Maps.arc,survivalworld_i.map,records/controllers/controlobjects/patrolpoint_01.dbr,45.4815,27.101,29.1615
survivalmode2/resources/Maps.arc,survivalworld_i.map,records/controllers/controlobjects/patrolpoint_01.dbr,46.7432,26.93,31.8429
survivalmode2/resources/Maps.arc,survivalworld_i.map,records/scriptentities/defensepoint_npc_02.dbr,48.3626,27.3379,34.7541
survivalmode2/resources/Maps.arc,survivalworld_i.map,records/scriptentities/defensepoint_02.dbr,57.2749,25.8245,29.846
survivalmode2/resources/Maps.arc,survivalworld_i.map,records/scriptentities/defensepoint_npc_01.dbr,57.2749,25.8245,29.846
survivalmode2/resources/Maps.arc,survivalworld_i.map,records/controllers/controlobjects/patrolpoint_01.dbr,44.2176,26.9166,38.3763
survivalmode2/resources/Maps.arc,survivalworld_i.map,records/scriptentities/trappoint_06.dbr,24.75,25.7195,58.8556
survivalmode2/resources/Maps.arc,survivalworld_i.map,records/controllers/controlobjects/patrolpoint_01.dbr,28.0954,25.9042,56.1255
survivalmode2/resources/Maps.arc,survivalworld_i.map,records/scriptentities/trappoint_08.dbr,52.7817,25.618,58.6384
survivalmode2/resources/Maps.arc,survivalworld_i.map,records/scriptentities/spawnpoint05.dbr,51.9045,26.93,44.0299
survivalmode2/resources/Maps.arc,survivalworld_i.map,records/controllers/controlobjects/patrolpoint_01.dbr,53.6714,26.9044,46.2045
survivalmode2/resources/Maps.arc,survivalworld_i.map,records/controllers/controlobjects/patrolpoint_01.dbr,56.8828,25.4353,58.6366
survivalmode2/resources/Maps.arc,survivalworld_i.map,records/scriptentities/spawnbeacon_01.dbr,73.1296,18.0,8.8205
survivalmode2/resources/Maps.arc,survivalworld_i.map,records/scriptentities/spawnpoint04.dbr,61.9415,29.8327,4.2212
survivalmode2/resources/Maps.arc,survivalworld_i.map,records/scriptentities/trappoint_02.dbr,69.6196,25.8589,35.0651
survivalmode2/resources/Maps.arc,survivalworld_i.map,records/controllers/controlobjects/patrolpoint_01.dbr,64.1839,25.4927,31.64
survivalmode2/resources/Maps.arc,survivalworld_i.map,records/scriptentities/spawnpoint03.dbr,85.9503,23.9578,26.9325
survivalmode2/resources/Maps.arc,survivalworld_i.map,records/scriptentities/trappoint_03.dbr,65.0793,27.3262,52.6267
survivalmode2/resources/Maps.arc,survivalworld_i.map,records/controllers/controlobjects/patrolpoint_01.dbr,80.6046,25.49,40.2187
survivalmode2/resources/Maps.arc,survivalworld_i.map,records/scriptentities/defensepoint_npc_03.dbr,64.8696,25.618,52.2188
survivalmode2/resources/Maps.arc,survivalworld_i.map,records/scriptentities/defensepoint_03.dbr,67.9531,25.863,52.5478
survivalmode2/resources/Maps.arc,survivalworld_i.map,records/scriptentities/spawnbeacon_03.dbr,93.1915,25.4999,52.507
survivalmode2/resources/Maps.arc,survivalworld_i.map,records/scriptentities/spawnbeacon_02.dbr,100.6129,25.3844,45.2011
survivalmode2/resources/Maps.arc,survivalworld_i.map,records/scriptentities/spawnpoint06.dbr,83.4366,25.9244,58.0866
survivalmode2/resources/Maps.arc,survivalworld_i.map,records/scriptentities/spawnpoint06_fx.dbr,82.8287,25.8771,58.383
survivalmode2/resources/Maps.arc,survivalworld_i.map,records/scriptentities/tier01spawnpoint01.dbr,26.4227,26.7404,67.1396
survivalmode2/resources/Maps.arc,survivalworld_i.map,records/scriptentities/tier15spawnpoint01.dbr,30.2905,27.2772,74.2019
survivalmode2/resources/Maps.arc,survivalworld_i.map,records/scriptentities/tier13spawnpoint01.dbr,30.312,27.277,74.2361
survivalmode2/resources/Maps.arc,survivalworld_i.map,records/scriptentities/tier14spawnpoint01.dbr,30.3052,27.2732,73.6076
survivalmode2/resources/Maps.arc,survivalworld_i.map,records/scriptentities/tier05spawnpoint01.dbr,30.2119,27.2757,73.7627
survivalmode2/resources/Maps.arc,survivalworld_i.map,records/scriptentities/tier03spawnpoint01.dbr,30.3468,27.2743,73.755
survivalmode2/resources/Maps.arc,survivalworld_i.map,records/scriptentities/tier04spawnpoint01.dbr,30.3578,27.2743,73.7665
survivalmode2/resources/Maps.arc,survivalworld_i.map,records/scriptentities/tier06spawnpoint01.dbr,30.3606,27.273,73.643
survivalmode2/resources/Maps.arc,survivalworld_i.map,records/scriptentities/tier02spawnpoint01.dbr,30.3412,27.2767,74.002
survivalmode2/resources/Maps.arc,survivalworld_i.map,records/scriptentities/tier17spawnpoint01.dbr,30.3425,27.2762,73.9458
survivalmode2/resources/Maps.arc,survivalworld_i.map,records/scriptentities/spawnbeacon_05.dbr,30.8682,27.2715,74.5502
survivalmode2/resources/Maps.arc,survivalworld_i.map,records/scriptentities/tier07spawnpoint01.dbr,31.246,27.7111,73.1535
survivalmode2/resources/Maps.arc,survivalworld_i.map,records/scriptentities/tier12spawnpoint01.dbr,30.4483,27.2756,74.1834
survivalmode2/resources/Maps.arc,survivalworld_i.map,records/scriptentities/tier08spawnpoint01.dbr,30.4892,27.27,73.4214
survivalmode2/resources/Maps.arc,survivalworld_i.map,records/scriptentities/tier09spawnpoint01.dbr,30.5187,27.2749,74.0732
survivalmode2/resources/Maps.arc,survivalworld_i.map,records/scriptentities/tier10spawnpoint01.dbr,30.6349,27.2729,73.9082
survivalmode2/resources/Maps.arc,survivalworld_i.map,records/scriptentities/tier11spawnpoint01.dbr,30.6835,27.2709,73.7523
survivalmode2/resources/Maps.arc,survivalworld_i.map,records/scriptentities/tier16spawnpoint01.dbr,30.7653,27.27,73.6082
survivalmode2/resources/Maps.arc,survivalworld_i.map,records/scriptentities/trappoint_05.dbr,55.7856,25.5979,71.2426
survivalmode2/resources/Maps.arc,survivalworld_i.map,records/scriptentities/defensepoint_04.dbr,50.8385,26.1335,61.0
survivalmode2/resources/Maps.arc,survivalworld_i.map,records/scriptentities/defensepoint_npc_04.dbr,50.8385,26.1335,61.0
survivalmode2/resources/Maps.arc,survivalworld_i.map,records/scriptentities/spawnbeacon_04.dbr,68.0295,25.49,67.6208
survivalmode2/resources/Maps.arc,survivalworld_i.map,records/scriptentities/spawnpoint02.dbr,67.6899,25.4898,76.6911
survivalmode3/resources/Maps.arc,survivalworld_a.map,records/scriptentities/spawnpoint05.dbr,93.4695,7.36,63.597
survivalmode3/resources/Maps.arc,survivalworld_a.map,records/scriptentities/spawnbeacon_02.dbr,83.4793,7.0322,39.7963
survivalmode3/resources/Maps.arc,survivalworld_a.map,records/scriptentities/spawnpoint02.dbr,90.6027,7.6825,32.8984
survivalmode3/resources/Maps.arc,survivalworld_a.map,records/controllers/player/spawnplayer.dbr,82.5261,10.1563,40.0729
survivalmode3/resources/Maps.arc,survivalworld_a.map,records/controllers/controlobjects/patrolpoint_01.dbr,69.2878,7.8341,55.3363
survivalmode3/resources/Maps.arc,survivalworld_a.map,records/scriptentities/trappoint_02.dbr,75.2435,8.2747,42.7219
survivalmode3/resources/Maps.arc,survivalworld_a.map,records/controllers/controlobjects/patrolpoint_01.dbr,76.1935,7.8689,47.0617
survivalmode3/resources/Maps.arc,survivalworld_a.map,records/scriptentities/defensepoint_01.dbr,71.7932,7.7446,57.6527
survivalmode3/resources/Maps.arc,survivalworld_a.map,records/controllers/controlobjects/patrolpoint_01.dbr,79.939,8.2639,43.2225
survivalmode3/resources/Maps.arc,survivalworld_a.map,records/scriptentities/defensepoint_npc_01.dbr,85.2985,8.8155,51.0303
survivalmode3/resources/Maps.arc,survivalworld_a.map,records/scriptentities/defensepoint_03.dbr,90.8237,10.0813,57.0452
survivalmode3/resources/Maps.arc,survivalworld_a.map,records/scriptentities/defensepoint_npc_03.dbr,90.8237,10.0813,57.0452
survivalmode3/resources/Maps.arc,survivalworld_a.map,records/controllers/controlobjects/patrolpoint_01.dbr,96.3123,9.4921,53.9742
survivalmode3/resources/Maps.arc,survivalworld_a.map,records/controllers/controlobjects/patrolpoint_01.dbr,110.0222,7.3615,58.7964
survivalmode3/resources/Maps.arc,survivalworld_a.map,records/scriptentities/tier18spawnpoint01.dbr,4.8304,4.493,84.1656
survivalmode3/resources/Maps.arc,survivalworld_a.map,records/scriptentities/tier19spawnpoint01.dbr,46.4175,5.5938,73.7747
survivalmode3/resources/Maps.arc,survivalworld_a.map,records/scriptentities/tier20spawnpoint01.dbr,46.0969,5.5459,74.0474
survivalmode3/resources/Maps.arc,survivalworld_a.map,records/controllers/controlobjects/patrolpoint_01.dbr,35.5726,7.6948,74.5725
survivalmode3/resources/Maps.arc,survivalworld_a.map,records/scriptentities/tier11spawnpoint01.dbr,56.5996,7.8167,62.5968
survivalmode3/resources/Maps.arc,survivalworld_a.map,records/scriptentities/tier07spawnpoint01.dbr,47.1835,5.7049,73.4642
survivalmode3/resources/Maps.arc,survivalworld_a.map,records/scriptentities/tier16spawnpoint01.dbr,47.1936,5.6985,73.9759
survivalmode3/resources/Maps.arc,survivalworld_a.map,records/scriptentities/tier05spawnpoint01.dbr,46.8514,5.6503,73.9361
survivalmode3/resources/Maps.arc,survivalworld_a.map,records/scriptentities/tier06spawnpoint01.dbr,46.8815,5.6308,74.6691
survivalmode3/resources/Maps.arc,survivalworld_a.map,records/scriptentities/tier08spawnpoint01.dbr,45.9074,5.5233,74.5643
survivalmode3/resources/Maps.arc,survivalworld_a.map,records/scriptentities/tier14spawnpoint01.dbr,46.4252,5.5935,73.7448
survivalmode3/resources/Maps.arc,survivalworld_a.map,records/scriptentities/tier17spawnpoint01.dbr,46.2859,5.5582,74.6277
survivalmode3/resources/Maps.arc,survivalworld_a.map,records/scriptentities/tier15spawnpoint01.dbr,46.8133,5.6449,73.9551
survivalmode3/resources/Maps.arc,survivalworld_a.map,records/scriptentities/tier09spawnpoint01.dbr,46.7082,5.6225,74.1466
survivalmode3/resources/Maps.arc,survivalworld_a.map,records/scriptentities/tier03spawnpoint01.dbr,46.6606,5.6289,73.4848
survivalmode3/resources/Maps.arc,survivalworld_a.map,records/scriptentities/tier02spawnpoint01.dbr,46.6085,5.6097,74.1219
survivalmode3/resources/Maps.arc,survivalworld_a.map,records/scriptentities/tier01spawnpoint01.dbr,46.6261,5.6147,74.0333
survivalmode3/resources/Maps.arc,survivalworld_a.map,records/scriptentities/tier04spawnpoint01.dbr,46.6737,5.6191,74.1035
survivalmode3/resources/Maps.arc,survivalworld_a.map,records/scriptentities/tier13spawnpoint01.dbr,46.7683,5.6382,73.8711
survivalmode3/resources/Maps.arc,survivalworld_a.map,records/scriptentities/spawnbeacon_01.dbr,46.8163,5.6323,74.3136
survivalmode3/resources/Maps.arc,survivalworld_a.map,records/scriptentities/tier12spawnpoint01.dbr,46.4629,5.5991,73.833
survivalmode3/resources/Maps.arc,survivalworld_a.map,records/scriptentities/tier10spawnpoint01.dbr,46.6388,5.6048,74.4342
survivalmode3/resources/Maps.arc,survivalworld_a.map,records/scriptentities/trappoint_04.dbr,105.9849,8.2641,76.3898
survivalmode3/resources/Maps.arc,survivalworld_a.map,records/scriptentities/playerspawnpoint.dbr,103.9244,7.4736,59.5369
survivalmode3/resources/Maps.arc,survivalworld_a.map,records/scriptentities/trappoint_01.dbr,73.8587,7.4666,59.2739
survivalmode3/resources/Maps.arc,survivalworld_a.map,records/scriptentities/spawnpoint03.dbr,70.7614,9.0698,94.0747
survivalmode3/resources/Maps.arc,survivalworld_a.map,records/scriptentities/spawnbeacon_05.dbr,89.4879,7.4826,96.4231
survivalmode3/resources/Maps.arc,survivalworld_a.map,records/scriptentities/trappoint_06.dbr,81.5754,9.3036,79.0975
survivalmode3/resources/Maps.arc,survivalworld_a.map,records/scriptentities/trappoint_07.dbr,79.7363,7.5848,64.3105
survivalmode3/resources/Maps.arc,survivalworld_a.map,records/scriptentities/defensepoint_02.dbr,66.6398,8.5047,71.3207
survivalmode3/resources/Maps.arc,survivalworld_a.map,records/scriptentities/defensepoint_npc_02.dbr,76.2663,10.2397,75.6524
survivalmode3/resources/Maps.arc,survivalworld_a.map,records/scriptentities/trappoint_03.dbr,83.3786,10.5458,75.9365
survivalmode3/resources/Maps.arc,survivalworld_a.map,records/controllers/controlobjects/patrolpoint_01.dbr,91.4804,7.4936,73.0544
survivalmode3/resources/Maps.arc,survivalworld_a.map,records/controllers/controlobjects/patrolpoint_01.dbr,72.7265,9.3799,81.8626
survivalmode3/resources/Maps.arc,survivalworld_a.map,records/scriptentities/trappoint_05.dbr,78.4779,9.5428,81.8146
survivalmode3/resources/Maps.arc,survivalworld_a.map,records/controllers/controlobjects/patrolpoint_01.dbr,84.8589,7.7387,99.2954
survivalmode3/resources/Maps.arc,survivalworld_a.map,records/scriptentities/spawnbeacon_03.dbr,105.5902,7.6875,70.8909
survivalmode3/resources/Maps.arc,survivalworld_a.map,records/scriptentities/spawnpoint04.dbr,112.1647,7.3807,71.5078
survivalmode3/resources/Maps.arc,survivalworld_a.map,records/scriptentities/spawnpoint06.dbr,108.7462,6.0184,88.093
survivalmode3/resources/Maps.arc,survivalworld_a.map,records/scriptentities/spawnpoint06_fx.dbr,102.0706,7.37,82.3275
survivalmode3/resources/Maps.arc,survivalworld_a.map,records/scriptentities/spawnbeacon_04.dbr,102.1889,7.37,82.5804
survivalmode3/resources/Maps.arc,survivalworld_b.map,records/controllers/player/spawnplayer.dbr,51.1696,8.1067,52.8298
survivalmode3/resources/Maps.arc,survivalworld_b.map,records/controllers/controlobjects/patrolpoint_01.dbr,57.0483,7.95,51.0693
survivalmode3/resources/Maps.arc,survivalworld_b.map,records/scriptentities/trappoint_08.dbr,45.7205,7.95,60.4655
survivalmode3/resources/Maps.arc,survivalworld_b.map,records/controllers/controlobjects/patrolpoint_01.dbr,55.9446,7.9506,56.8668
survivalmode3/resources/Maps.arc,survivalworld_b.map,records/scriptentities/playerspawnpoint.dbr,70.1886,7.02,29.2247
survivalmode3/resources/Maps.arc,survivalworld_b.map,records/scriptentities/spawnbeacon_02.dbr,69.1086,7.0499,27.8679
survivalmode3/resources/Maps.arc,survivalworld_b.map,records/scriptentities/spawnpoint02.dbr,69.539,7.02,28.7554
survivalmode3/resources/Maps.arc,survivalworld_b.map,records/scriptentities/trappoint_05.dbr,81.6296,1.59,47.3229
survivalmode3/resources/Maps.arc,survivalworld_b.map,records/scriptentities/trappoint_01.dbr,76.1352,8.1066,38.1607
survivalmode3/resources/Maps.arc,survivalworld_b.map,records/controllers/controlobjects/patrolpoint_01.dbr,70.184,7.9501,43.9348
survivalmode3/resources/Maps.arc,survivalworld_b.map,records/scriptentities/defensepoint_npc_02.dbr,70.9654,8.513,57.798
survivalmode3/resources/Maps.arc,survivalworld_b.map,records/scriptentities/defensepoint_02.dbr,72.9311,7.95,55.996
survivalmode3/resources/Maps.arc,survivalworld_b.map,records/controllers/controlobjects/patrolpoint_01.dbr,74.8164,7.95,49.782
survivalmode3/resources/Maps.arc,survivalworld_b.map,records/scriptentities/trappoint_03.dbr,88.4663,9.1627,55.149
survivalmode3/resources/Maps.arc,survivalworld_b.map,records/scriptentities/defensepoint_npc_04.dbr,94.7724,8.0908,55.2242
survivalmode3/resources/Maps.arc,survivalworld_b.map,records/scriptentities/spawnpoint04.dbr,98.5908,7.2168,56.1318
survivalmode3/resources/Maps.arc,survivalworld_b.map,records/scriptentities/tier03spawnpoint01.dbr,47.2143,8.0,75.8019
survivalmode3/resources/Maps.arc,survivalworld_b.map,records/scriptentities/tier10spawnpoint01.dbr,39.6496,7.0244,75.5564
survivalmode3/resources/Maps.arc,survivalworld_b.map,records/scriptentities/tier06spawnpoint01.dbr,36.1698,7.03,64.0698
survivalmode3/resources/Maps.arc,survivalworld_b.map,records/scriptentities/tier02spawnpoint01.dbr,36.8451,7.03,63.8836
survivalmode3/resources/Maps.arc,survivalworld_b.map,records/scriptentities/tier20spawnpoint01.dbr,35.5859,7.0887,63.9713
survivalmode3/resources/Maps.arc,survivalworld_b.map,records/scriptentities/tier18spawnpoint01.dbr,36.0819,7.03,65.0352
survivalmode3/resources/Maps.arc,survivalworld_b.map,records/scriptentities/tier19spawnpoint01.dbr,36.3152,7.0299,64.5391
survivalmode3/resources/Maps.arc,survivalworld_b.map,records/scriptentities/spawnbeacon_01.dbr,35.5783,7.0908,64.2239
survivalmode3/resources/Maps.arc,survivalworld_b.map,records/scriptentities/tier11spawnpoint01.dbr,35.9799,7.03,65.2242
survivalmode3/resources/Maps.arc,survivalworld_b.map,records/scriptentities/tier15spawnpoint01.dbr,35.8536,7.0496,64.6962
survivalmode3/resources/Maps.arc,survivalworld_b.map,records/scriptentities/tier08spawnpoint01.dbr,35.5881,7.073,64.7155
survivalmode3/resources/Maps.arc,survivalworld_b.map,records/scriptentities/tier16spawnpoint01.dbr,35.2996,7.0823,64.6504
survivalmode3/resources/Maps.arc,survivalworld_b.map,records/scriptentities/tier17spawnpoint01.dbr,36.6247,7.0299,64.7265
survivalmode3/resources/Maps.arc,survivalworld_b.map,records/scriptentities/tier13spawnpoint01.dbr,36.1718,7.03,64.9483
survivalmode3/resources/Maps.arc,survivalworld_b.map,records/scriptentities/tier05spawnpoint01.dbr,36.0651,7.03,64.4865
survivalmode3/resources/Maps.arc,survivalworld_b.map,records/scriptentities/tier07spawnpoint01.dbr,35.9778,7.0317,64.6136
survivalmode3/resources/Maps.arc,survivalworld_b.map,records/scriptentities/tier09spawnpoint01.dbr,35.835,7.0523,64.3633
survivalmode3/resources/Maps.arc,survivalworld_b.map,records/scriptentities/tier12spawnpoint01.dbr,35.7474,7.0649,64.491
survivalmode3/resources/Maps.arc,survivalworld_b.map,records/scriptentities/tier14spawnpoint01.dbr,35.8718,7.0469,64.4078
survivalmode3/resources/Maps.arc,survivalworld_b.map,records/scriptentities/tier04spawnpoint01.dbr,35.9128,7.041,64.3803
survivalmode3/resources/Maps.arc,survivalworld_b.map,records/scriptentities/tier01spawnpoint01.dbr,34.9777,7.0302,65.0731
survivalmode3/resources/Maps.arc,survivalworld_b.map,records/scriptentities/trappoint_06.dbr,54.3482,8.1299,75.1637
survivalmode3/resources/Maps.arc,survivalworld_b.map,records/scriptentities/defensepoint_01.dbr,57.5,7.9266,65.0
survivalmode3/resources/Maps.arc,survivalworld_b.map,records/controllers/controlobjects/patrolpoint_01.dbr,95.6239,8.0,96.3709
survivalmode3/resources/Maps.arc,survivalworld_b.map,records/scriptentities/defensepoint_npc_03.dbr,69.9296,8.5131,73.6071
survivalmode3/resources/Maps.arc,survivalworld_b.map,records/scriptentities/spawnpoint05.dbr,69.3761,8.1867,74.5591
survivalmode3/resources/Maps.arc,survivalworld_b.map,records/scriptentities/defensepoint_npc_01.dbr,69.0411,9.2001,66.0613
survivalmode3/resources/Maps.arc,survivalworld_b.map,records/controllers/controlobjects/patrolpoint_01.dbr,61.9536,8.1734,66.8466
survivalmode3/resources/Maps.arc,survivalworld_b.map,records/controllers/controlobjects/patrolpoint_01.dbr,72.2161,9.2,66.147
survivalmode3/resources/Maps.arc,survivalworld_b.map,records/scriptentities/trappoint_04.dbr,72.506,9.3023,69.5106
survivalmode3/resources/Maps.arc,survivalworld_b.map,records/scriptentities/defensepoint_03.dbr,71.0,7.9285,78.5
survivalmode3/resources/Maps.arc,survivalworld_b.map,records/scriptentities/trappoint_02.dbr,71.0,8.0,78.5
survivalmode3/resources/Maps.arc,survivalworld_b.map,records/scriptentities/defensepoint_04.dbr,84.5,7.9131,65.0
survivalmode3/resources/Maps.arc,survivalworld_b.map,records/controllers/controlobjects/patrolpoint_01.dbr,84.5,8.0,65.0
survivalmode3/resources/Maps.arc,survivalworld_b.map,records/controllers/controlobjects/patrolpoint_01.dbr,64.6454,7.9963,83.1971
survivalmode3/resources/Maps.arc,survivalworld_b.map,records/scriptentities/spawnpoint06.dbr,107.4664,-0.0,80.3719
survivalmode3/resources/Maps.arc,survivalworld_b.map,records/scriptentities/spawnbeacon_03.dbr,94.641,7.95,88.8754
survivalmode3/resources/Maps.arc,survivalworld_b.map,records/scriptentities/spawnpoint06_fx.dbr,101.1737,8.0028,90.7135
survivalmode3/resources/Maps.arc,survivalworld_b.map,records/scriptentities/spawnbeacon_04.dbr,98.4775,8.0,93.6991
survivalmode3/resources/Maps.arc,survivalworld_b.map,records/scriptentities/spawnbeacon_05.dbr,63.9247,7.2258,103.0088
survivalmode3/resources/Maps.arc,survivalworld_b.map,records/scriptentities/spawnpoint03.dbr,70.7492,7.0284,99.4182
survivalmode3/resources/Maps.arc,survivalworld_c.map,records/scriptentities/tier20spawnpoint01.dbr,47.5227,19.58,35.3463
survivalmode3/resources/Maps.arc,survivalworld_c.map,records/scriptentities/tier18spawnpoint01.dbr,35.4976,16.4758,64.6236
survivalmode3/resources/Maps.arc,survivalworld_c.map,records/scriptentities/tier19spawnpoint01.dbr,35.8142,16.4935,64.8688
survivalmode3/resources/Maps.arc,survivalworld_c.map,records/controllers/player/spawnplayer.dbr,41.7137,18.2321,37.1218
survivalmode3/resources/Maps.arc,survivalworld_c.map,records/scriptentities/defensepoint_npc_01.dbr,63.0986,18.209,38.9838
survivalmode3/resources/Maps.arc,survivalworld_c.map,records/controllers/controlobjects/patrolpoint_01.dbr,46.4979,18.296,54.8519
survivalmode3/resources/Maps.arc,survivalworld_c.map,records/scriptentities/playerspawnpoint.dbr,58.1547,18.2576,48.9599
survivalmode3/resources/Maps.arc,survivalworld_c.map,records/scriptentities/trappoint_04.dbr,51.912,18.2073,46.688
survivalmode3/resources/Maps.arc,survivalworld_c.map,records/scriptentities/defensepoint_01.dbr,59.8578,18.2114,46.3574
survivalmode3/resources/Maps.arc,survivalworld_c.map,records/controllers/controlobjects/patrolpoint_01.dbr,59.8578,18.2114,46.3574
survivalmode3/resources/Maps.arc,survivalworld_c.map,records/controllers/controlobjects/patrolpoint_01.dbr,58.5655,18.5548,49.8443
survivalmode3/resources/Maps.arc,survivalworld_c.map,records/scriptentities/spawnpoint05.dbr,53.1941,18.259,55.3713
survivalmode3/resources/Maps.arc,survivalworld_c.map,records/controllers/controlobjects/patrolpoint_01.dbr,59.5607,17.0,54.7114
survivalmode3/resources/Maps.arc,survivalworld_c.map,records/controllers/controlobjects/patrolpoint_01.dbr,82.2178,16.6501,29.8898
survivalmode3/resources/Maps.arc,survivalworld_c.map,records/scriptentities/spawnbeacon_01.dbr,72.5215,17.294,36.53
survivalmode3/resources/Maps.arc,survivalworld_c.map,records/controllers/controlobjects/patrolpoint_01.dbr,86.3487,16.6493,25.2264
survivalmode3/resources/Maps.arc,survivalworld_c.map,records/scriptentities/spawnpoint04.dbr,88.344,16.6166,38.7052
survivalmode3/resources/Maps.arc,survivalworld_c.map,records/scriptentities/trappoint_05.dbr,72.0953,19.0,53.9399
survivalmode3/resources/Maps.arc,survivalworld_c.map,records/scriptentities/defensepoint_npc_02.dbr,68.699,18.21,44.6977
survivalmode3/resources/Maps.arc,survivalworld_c.map,records/scriptentities/trappoint_07.dbr,78.5785,17.8031,45.9843
survivalmode3/resources/Maps.arc,survivalworld_c.map,records/scriptentities/defensepoint_02.dbr,73.5593,18.2173,52.1809
survivalmode3/resources/Maps.arc,survivalworld_c.map,records/controllers/controlobjects/patrolpoint_01.dbr,80.065,18.2099,52.438
survivalmode3/resources/Maps.arc,survivalworld_c.map,records/scriptentities/spawnbeacon_02.dbr,94.8803,16.7165,52.0815
survivalmode3/resources/Maps.arc,survivalworld_c.map,records/scriptentities/spawnpoint06.dbr,91.2772,16.65,43.8866
survivalmode3/resources/Maps.arc,survivalworld_c.map,records/scriptentities/spawnpoint06_fx.dbr,97.1306,16.65,40.7776
survivalmode3/resources/Maps.arc,survivalworld_c.map,records/scriptentities/spawnbeacon_04.dbr,64.2319,18.21,76.5711
survivalmode3/resources/Maps.arc,survivalworld_c.map,records/scriptentities/trappoint_08.dbr,53.4479,16.65,95.9515
survivalmode3/resources/Maps.arc,survivalworld_c.map,records/scriptentities/spawnbeacon_05.dbr,65.9925,16.6519,83.7704
survivalmode3/resources/Maps.arc,survivalworld_c.map,records/scriptentities/tier11spawnpoint01.dbr,38.5494,16.6547,75.2141
survivalmode3/resources/Maps.arc,survivalworld_c.map,records/scriptentities/tier04spawnpoint01.dbr,36.0651,16.4834,64.6048
survivalmode3/resources/Maps.arc,survivalworld_c.map,records/scriptentities/tier12spawnpoint01.dbr,35.6603,16.4788,64.6395
survivalmode3/resources/Maps.arc,survivalworld_c.map,records/scriptentities/tier13spawnpoint01.dbr,35.789,16.4738,64.4179
survivalmode3/resources/Maps.arc,survivalworld_c.map,records/scriptentities/tier10spawnpoint01.dbr,35.605,16.4758,64.6042
survivalmode3/resources/Maps.arc,survivalworld_c.map,records/scriptentities/tier08spawnpoint01.dbr,35.9832,16.4927,64.7488
survivalmode3/resources/Maps.arc,survivalworld_c.map,records/scriptentities/tier09spawnpoint01.dbr,35.8184,16.4878,65.0698
survivalmode3/resources/Maps.arc,survivalworld_c.map,records/scriptentities/tier17spawnpoint01.dbr,35.9347,16.4975,64.9047
survivalmode3/resources/Maps.arc,survivalworld_c.map,records/scriptentities/tier16spawnpoint01.dbr,36.1679,16.4279,65.5468
survivalmode3/resources/Maps.arc,survivalworld_c.map,records/scriptentities/tier03spawnpoint01.dbr,36.1703,16.4998,65.1743
survivalmode3/resources/Maps.arc,survivalworld_c.map,records/scriptentities/tier05spawnpoint01.dbr,35.6575,16.4856,64.763
survivalmode3/resources/Maps.arc,survivalworld_c.map,records/scriptentities/tier14spawnpoint01.dbr,35.6466,16.4848,64.7515
survivalmode3/resources/Maps.arc,survivalworld_c.map,records/scriptentities/tier01spawnpoint01.dbr,35.5117,16.4838,64.7592
survivalmode3/resources/Maps.arc,survivalworld_c.map,records/scriptentities/tier02spawnpoint01.dbr,35.5903,16.4607,65.1984
survivalmode3/resources/Maps.arc,survivalworld_c.map,records/scriptentities/tier06spawnpoint01.dbr,35.6423,16.496,64.9424
survivalmode3/resources/Maps.arc,survivalworld_c.map,records/scriptentities/tier07spawnpoint01.dbr,35.641,16.4992,64.9986
survivalmode3/resources/Maps.arc,survivalworld_c.map,records/scriptentities/tier15spawnpoint01.dbr,35.7481,16.4659,65.18
survivalmode3/resources/Maps.arc,survivalworld_c.map,records/controllers/controlobjects/patrolpoint_01.dbr,36.147,15.3464,75.8288
survivalmode3/resources/Maps.arc,survivalworld_c.map,records/scriptentities/trappoint_02.dbr,51.3874,18.0926,72.316
survivalmode3/resources/Maps.arc,survivalworld_c.map,records/scriptentities/defensepoint_04.dbr,54.0694,18.2098,66.7683
survivalmode3/resources/Maps.arc,survivalworld_c.map,records/scriptentities/defensepoint_npc_04.dbr,62.567,18.2149,68.9214
survivalmode3/resources/Maps.arc,survivalworld_c.map,records/scriptentities/spawnpoint02.dbr,60.2914,16.65,89.1674
survivalmode3/resources/Maps.arc,survivalworld_c.map,records/scriptentities/trappoint_06.dbr,53.8495,16.65,95.4938
survivalmode3/resources/Maps.arc,survivalworld_c.map,records/controllers/controlobjects/patrolpoint_01.dbr,50.4214,16.9806,79.4521
survivalmode3/resources/Maps.arc,survivalworld_c.map,records/controllers/controlobjects/patrolpoint_01.dbr,86.0833,16.6506,79.4831
survivalmode3/resources/Maps.arc,survivalworld_c.map,records/scriptentities/defensepoint_npc_03.dbr,73.1179,18.2094,73.4394
survivalmode3/resources/Maps.arc,survivalworld_c.map,records/scriptentities/trappoint_03.dbr,72.7095,18.2301,64.2131
survivalmode3/resources/Maps.arc,survivalworld_c.map,records/scriptentities/defensepoint_03.dbr,77.4724,18.21,59.4574
survivalmode3/resources/Maps.arc,survivalworld_c.map,records/controllers/controlobjects/patrolpoint_01.dbr,72.7061,18.2107,67.0072
survivalmode3/resources/Maps.arc,survivalworld_c.map,records/scriptentities/trappoint_01.dbr,92.3721,16.6524,74.4473
survivalmode3/resources/Maps.arc,survivalworld_c.map,records/scriptentities/spawnbeacon_03.dbr,91.7926,16.6307,92.68
survivalmode3/resources/Maps.arc,survivalworld_c.map,records/scriptentities/spawnpoint03.dbr,91.5757,16.6509,85.1971
survivalmode3/resources/Maps.arc,survivalworld_d.map,records/scriptentities/tier17spawnpoint01.dbr,20.1842,10.6345,52.2397
survivalmode3/resources/Maps.arc,survivalworld_d.map,records/scriptentities/tier16spawnpoint01.dbr,36.9198,13.4246,44.2536
survivalmode3/resources/Maps.arc,survivalworld_d.map,records/scriptentities/tier14spawnpoint01.dbr,36.6994,13.4168,44.2726
survivalmode3/resources/Maps.arc,survivalworld_d.map,records/scriptentities/tier11spawnpoint01.dbr,36.6444,13.5384,43.7921
survivalmode3/resources/Maps.arc,survivalworld_d.map,records/scriptentities/tier05spawnpoint01.dbr,35.9832,13.5374,43.6362
survivalmode3/resources/Maps.arc,survivalworld_d.map,records/scriptentities/tier02spawnpoint01.dbr,36.6894,13.5387,43.1691
survivalmode3/resources/Maps.arc,survivalworld_d.map,records/scriptentities/tier15spawnpoint01.dbr,36.6202,13.466,43.0027
survivalmode3/resources/Maps.arc,survivalworld_d.map,records/scriptentities/spawnbeacon_05.dbr,36.508,13.4599,43.1029
survivalmode3/resources/Maps.arc,survivalworld_d.map,records/scriptentities/tier09spawnpoint01.dbr,36.4672,13.4822,42.5535
survivalmode3/resources/Maps.arc,survivalworld_d.map,records/scriptentities/tier07spawnpoint01.dbr,36.2879,13.4512,43.211
survivalmode3/resources/Maps.arc,survivalworld_d.map,records/scriptentities/tier03spawnpoint01.dbr,36.8495,13.4606,43.2771
survivalmode3/resources/Maps.arc,survivalworld_d.map,records/scriptentities/tier01spawnpoint01.dbr,36.6723,13.4567,43.2815
survivalmode3/resources/Maps.arc,survivalworld_d.map,records/scriptentities/tier10spawnpoint01.dbr,36.6691,13.4562,43.2933
survivalmode3/resources/Maps.arc,survivalworld_d.map,records/scriptentities/tier04spawnpoint01.dbr,36.624,13.452,43.381
survivalmode3/resources/Maps.arc,survivalworld_d.map,records/scriptentities/tier12spawnpoint01.dbr,36.5579,13.4533,43.3071
survivalmode3/resources/Maps.arc,survivalworld_d.map,records/scriptentities/tier06spawnpoint01.dbr,36.3498,13.5388,43.5251
survivalmode3/resources/Maps.arc,survivalworld_d.map,records/scriptentities/tier13spawnpoint01.dbr,36.4185,13.5385,43.6722
survivalmode3/resources/Maps.arc,survivalworld_d.map,records/scriptentities/tier08spawnpoint01.dbr,36.5189,13.5386,43.6806
survivalmode3/resources/Maps.arc,survivalworld_d.map,records/controllers/controlobjects/patrolpoint_01.dbr,36.6968,13.5389,43.6482
survivalmode3/resources/Maps.arc,survivalworld_d.map,records/controllers/controlobjects/patrolpoint_01.dbr,39.3245,13.7153,61.3592
survivalmode3/resources/Maps.arc,survivalworld_d.map,records/controllers/player/spawnplayer.dbr,15.4828,13.9042,87.7911
survivalmode3/resources/Maps.arc,survivalworld_d.map,records/scriptentities/trappoint_04.dbr,1.7472,12.6293,72.7202
survivalmode3/resources/Maps.arc,survivalworld_d.map,records/scriptentities/trappoint_08.dbr,19.1901,15.6353,73.6764
survivalmode3/resources/Maps.arc,survivalworld_d.map,records/scriptentities/playerspawnpoint.dbr,0.3487,12.7383,77.8712
survivalmode3/resources/Maps.arc,survivalworld_d.map,records/controllers/controlobjects/patrolpoint_01.dbr,10.593,12.5574,77.5413
survivalmode3/resources/Maps.arc,survivalworld_d.map,records/scriptentities/tier18spawnpoint01.dbr,11.9926,12.7827,111.0085
survivalmode3/resources/Maps.arc,survivalworld_d.map,records/scriptentities/tier19spawnpoint01.dbr,11.1814,12.6072,110.7341
survivalmode3/resources/Maps.arc,survivalworld_d.map,records/scriptentities/spawnbeacon_04.dbr,8.7476,11.979,101.9853
survivalmode3/resources/Maps.arc,survivalworld_d.map,records/scriptentities/trappoint_05.dbr,1.4814,13.1764,91.17
survivalmode3/resources/Maps.arc,survivalworld_d.map,records/scriptentities/defensepoint_npc_01.dbr,7.9672,12.4248,92.7033
survivalmode3/resources/Maps.arc,survivalworld_d.map,records/controllers/controlobjects/patrolpoint_01.dbr,18.2204,15.6103,91.8341
survivalmode3/resources/Maps.arc,survivalworld_d.map,records/scriptentities/spawnpoint02.dbr,16.4645,13.4236,105.7563
survivalmode3/resources/Maps.arc,survivalworld_d.map,records/scriptentities/spawnpoint05.dbr,30.2274,15.3909,70.8869
survivalmode3/resources/Maps.arc,survivalworld_d.map,records/scriptentities/defensepoint_npc_02.dbr,27.5461,14.1118,66.8367
survivalmode3/resources/Maps.arc,survivalworld_d.map,records/scriptentities/defensepoint_02.dbr,20.5203,15.7154,73.7949
survivalmode3/resources/Maps.arc,survivalworld_d.map,records/scriptentities/trappoint_02.dbr,20.7533,16.1539,69.1081
survivalmode3/resources/Maps.arc,survivalworld_d.map,records/scriptentities/trappoint_01.dbr,24.8235,15.504,77.8124
survivalmode3/resources/Maps.arc,survivalworld_d.map,records/controllers/controlobjects/patrolpoint_01.dbr,30.2428,15.5359,78.4921
survivalmode3/resources/Maps.arc,survivalworld_d.map,records/controllers/controlobjects/patrolpoint_01.dbr,33.696,16.0238,80.065
survivalmode3/resources/Maps.arc,survivalworld_d.map,records/controllers/controlobjects/patrolpoint_01.dbr,45.3001,14.2796,70.9885
survivalmode3/resources/Maps.arc,survivalworld_d.map,records/scriptentities/defensepoint_npc_03.dbr,58.4044,14.0725,74.9188
survivalmode3/resources/Maps.arc,survivalworld_d.map,records/scriptentities/defensepoint_03.dbr,46.1609,15.9025,79.6714
survivalmode3/resources/Maps.arc,survivalworld_d.map,records/scriptentities/defensepoint_01.dbr,23.5504,13.7114,99.4605
survivalmode3/resources/Maps.arc,survivalworld_d.map,records/scriptentities/trappoint_03.dbr,32.4736,14.8419,93.8461
survivalmode3/resources/Maps.arc,survivalworld_d.map,records/controllers/controlobjects/patrolpoint_01.dbr,36.5033,16.0983,91.6962
survivalmode3/resources/Maps.arc,survivalworld_d.map,records/controllers/controlobjects/patrolpoint_01.dbr,24.7254,13.7643,100.1166
survivalmode3/resources/Maps.arc,survivalworld_d.map,records/controllers/controlobjects/patrolpoint_01.dbr,35.9563,13.8619,106.7526
survivalmode3/resources/Maps.arc,survivalworld_d.map,records/controllers/controlobjects/patrolpoint_01.dbr,50.0001,13.8703,89.0735
survivalmode3/resources/Maps.arc,survivalworld_d.map,records/scriptentities/spawnbeacon_03.dbr,36.3395,14.6685,117.9957
survivalmode3/resources/Maps.arc,survivalworld_d.map,records/scriptentities/spawnpoint04.dbr,46.8699,13.54,113.3305
survivalmode3/resources/Maps.arc,survivalworld_d.map,records/scriptentities/spawnbeacon_01.dbr,84.682,11.4967,96.9151
survivalmode3/resources/Maps.arc,survivalworld_d.map,records/scriptentities/spawnpoint03.dbr,65.2709,13.5436,64.9397
survivalmode3/resources/Maps.arc,survivalworld_d.map,records/scriptentities/spawnpoint06.dbr,71.774,13.5359,93.9932
survivalmode3/resources/Maps.arc,survivalworld_d.map,records/scriptentities/spawnpoint06_fx.dbr,71.6841,13.555,89.4931
survivalmode3/resources/Maps.arc,survivalworld_d.map,records/scriptentities/spawnbeacon_02.dbr,64.6952,13.2211,89.7919
survivalmode3/resources/Maps.arc,survivalworld_e.map,records/controllers/controlobjects/patrolpoint_01.dbr,53.2031,9.0,44.5223
survivalmode3/resources/Maps.arc,survivalworld_e.map,records/scriptentities/trappoint_01.dbr,45.7205,9.187,60.4655
survivalmode3/resources/Maps.arc,survivalworld_e.map,records/scriptentities/playerspawnpoint.dbr,50.5922,8.7235,56.5982
survivalmode3/resources/Maps.arc,survivalworld_e.map,records/controllers/player/spawnplayer.dbr,60.0008,7.9501,53.8795
survivalmode3/resources/Maps.arc,survivalworld_e.map,records/scriptentities/defensepoint_04.dbr,62.5526,7.9557,56.9602
survivalmode3/resources/Maps.arc,survivalworld_e.map,records/controllers/controlobjects/patrolpoint_01.dbr,48.9521,7.903,65.4214
survivalmode3/resources/Maps.arc,survivalworld_e.map,records/scriptentities/spawnbeacon_02.dbr,94.7556,6.2835,15.9405
survivalmode3/resources/Maps.arc,survivalworld_e.map,records/scriptentities/spawnpoint02.dbr,82.3997,7.0199,28.9462
survivalmode3/resources/Maps.arc,survivalworld_e.map,records/scriptentities/trappoint_02.dbr,74.699,8.2199,32.5898
survivalmode3/resources/Maps.arc,survivalworld_e.map,records/controllers/controlobjects/patrolpoint_01.dbr,66.5019,8.4445,40.5027
survivalmode3/resources/Maps.arc,survivalworld_e.map,records/scriptentities/trappoint_08.dbr,75.3537,7.9144,41.4454
survivalmode3/resources/Maps.arc,survivalworld_e.map,records/scriptentities/defensepoint_npc_04.dbr,68.8603,7.9501,48.2553
survivalmode3/resources/Maps.arc,survivalworld_e.map,records/scriptentities/defensepoint_npc_01.dbr,66.0176,7.9505,52.4525
survivalmode3/resources/Maps.arc,survivalworld_e.map,records/scriptentities/defensepoint_01.dbr,78.295,7.9618,54.9936
survivalmode3/resources/Maps.arc,survivalworld_e.map,records/scriptentities/trappoint_06.dbr,76.8736,7.9567,54.272
survivalmode3/resources/Maps.arc,survivalworld_e.map,records/controllers/controlobjects/patrolpoint_01.dbr,67.0138,8.3372,60.4696
survivalmode3/resources/Maps.arc,survivalworld_e.map,records/controllers/controlobjects/patrolpoint_01.dbr,70.5738,8.6638,62.8461
survivalmode3/resources/Maps.arc,survivalworld_e.map,records/scriptentities/trappoint_04.dbr,96.3226,8.0704,59.6285
survivalmode3/resources/Maps.arc,survivalworld_e.map,records/scriptentities/defensepoint_npc_02.dbr,89.0119,8.1273,58.867
survivalmode3/resources/Maps.arc,survivalworld_e.map,records/controllers/controlobjects/patrolpoint_01.dbr,82.4914,7.9596,63.7631
survivalmode3/resources/Maps.arc,survivalworld_e.map,records/controllers/controlobjects/patrolpoint_01.dbr,90.4706,8.535,51.6337
survivalmode3/resources/Maps.arc,survivalworld_e.map,records/scriptentities/spawnbeacon_03.dbr,117.2383,7.9578,63.4625
survivalmode3/resources/Maps.arc,survivalworld_e.map,records/scriptentities/spawnpoint04.dbr,106.8802,7.0642,64.4495
survivalmode3/resources/Maps.arc,survivalworld_e.map,records/scriptentities/tier20spawnpoint01.dbr,31.4884,6.6394,66.9753
survivalmode3/resources/Maps.arc,survivalworld_e.map,records/scriptentities/tier18spawnpoint01.dbr,34.188,6.75,77.8519
survivalmode3/resources/Maps.arc,survivalworld_e.map,records/scriptentities/tier19spawnpoint01.dbr,34.3813,6.75,77.4864
survivalmode3/resources/Maps.arc,survivalworld_e.map,records/scriptentities/tier11spawnpoint01.dbr,34.2808,6.75,76.9587
survivalmode3/resources/Maps.arc,survivalworld_e.map,records/scriptentities/tier14spawnpoint01.dbr,34.9709,6.75,76.9853
survivalmode3/resources/Maps.arc,survivalworld_e.map,records/scriptentities/tier07spawnpoint01.dbr,34.0733,6.75,78.1488
survivalmode3/resources/Maps.arc,survivalworld_e.map,records/scriptentities/tier03spawnpoint01.dbr,34.981,6.75,77.4971
survivalmode3/resources/Maps.arc,survivalworld_e.map,records/scriptentities/tier13spawnpoint01.dbr,34.3958,6.75,77.643
survivalmode3/resources/Maps.arc,survivalworld_e.map,records/scriptentities/tier15spawnpoint01.dbr,34.6037,6.75,77.8347
survivalmode3/resources/Maps.arc,survivalworld_e.map,records/scriptentities/tier01spawnpoint01.dbr,34.4955,6.75,77.6677
survivalmode3/resources/Maps.arc,survivalworld_e.map,records/scriptentities/tier12spawnpoint01.dbr,34.461,6.75,77.6246
survivalmode3/resources/Maps.arc,survivalworld_e.map,records/scriptentities/tier17spawnpoint01.dbr,34.4262,6.75,77.9553
survivalmode3/resources/Maps.arc,survivalworld_e.map,records/scriptentities/tier16spawnpoint01.dbr,34.6972,6.75,77.1991
survivalmode3/resources/Maps.arc,survivalworld_e.map,records/scriptentities/tier02spawnpoint01.dbr,34.5472,6.75,77.4687
survivalmode3/resources/Maps.arc,survivalworld_e.map,records/scriptentities/tier04spawnpoint01.dbr,34.4135,6.75,77.5545
survivalmode3/resources/Maps.arc,survivalworld_e.map,records/scriptentities/spawnbeacon_01.dbr,34.5557,6.75,77.3922
survivalmode3/resources/Maps.arc,survivalworld_e.map,records/scriptentities/tier08spawnpoint01.dbr,34.2503,6.75,77.3541
survivalmode3/resources/Maps.arc,survivalworld_e.map,records/scriptentities/tier06spawnpoint01.dbr,34.2126,6.75,77.2659
survivalmode3/resources/Maps.arc,survivalworld_e.map,records/scriptentities/tier09spawnpoint01.dbr,33.6948,6.75,78.0854
survivalmode3/resources/Maps.arc,survivalworld_e.map,records/scriptentities/tier10spawnpoint01.dbr,34.448,6.75,77.006
survivalmode3/resources/Maps.arc,survivalworld_e.map,records/scriptentities/tier05spawnpoint01.dbr,34.6627,6.75,78.4414
survivalmode3/resources/Maps.arc,survivalworld_e.map,records/scriptentities/trappoint_07.dbr,34.6689,6.75,78.1902
survivalmode3/resources/Maps.arc,survivalworld_e.map,records/scriptentities/defensepoint_npc_03.dbr,53.6517,7.9041,69.5382
survivalmode3/resources/Maps.arc,survivalworld_e.map,records/controllers/controlobjects/patrolpoint_01.dbr,61.0299,8.0184,67.9036
survivalmode3/resources/Maps.arc,survivalworld_e.map,records/scriptentities/defensepoint_03.dbr,69.3104,8.7416,68.1365
survivalmode3/resources/Maps.arc,survivalworld_e.map,records/scriptentities/defensepoint_02.dbr,65.0895,8.2146,71.1187
survivalmode3/resources/Maps.arc,survivalworld_e.map,records/controllers/controlobjects/patrolpoint_01.dbr,72.8792,8.5494,70.6059
survivalmode3/resources/Maps.arc,survivalworld_e.map,records/scriptentities/trappoint_03.dbr,82.3206,8.0095,68.8982
survivalmode3/resources/Maps.arc,survivalworld_e.map,records/controllers/controlobjects/patrolpoint_01.dbr,81.3129,8.1089,70.3627
survivalmode3/resources/Maps.arc,survivalworld_e.map,records/controllers/controlobjects/patrolpoint_01.dbr,64.6454,8.0736,83.1971
survivalmode3/resources/Maps.arc,survivalworld_e.map,records/scriptentities/spawnbeacon_04.dbr,82.0858,10.6172,88.5716
survivalmode3/resources/Maps.arc,survivalworld_e.map,records/scriptentities/spawnpoint06_fx.dbr,91.752,10.3258,85.7873
survivalmode3/resources/Maps.arc,survivalworld_e.map,records/scriptentities/spawnpoint06.dbr,91.8783,10.3175,85.499
survivalmode3/resources/Maps.arc,survivalworld_e.map,records/scriptentities/spawnpoint03.dbr,63.9247,6.7671,103.0088
survivalmode3/resources/Maps.arc,survivalworld_e.map,records/scriptentities/spawnbeacon_05.dbr,71.4716,7.0304,99.8853
survivalmode3/resources/Maps.arc,survivalworld_f.map,records/scriptentities/spawnbeacon_02.dbr,68.0363,1.8295,20.098
survivalmode3/resources/Maps.arc,survivalworld_f.map,records/scriptentities/spawnpoint02.dbr,74.6626,1.0,20.961
survivalmode3/resources/Maps.arc,survivalworld_f.map,records/controllers/controlobjects/patrolpoint_01.dbr,19.4239,1.8295,63.3168
survivalmode3/resources/Maps.arc,survivalworld_f.map,records/scriptentities/tier20spawnpoint01.dbr,17.8121,1.0,71.1332
survivalmode3/resources/Maps.arc,survivalworld_f.map,records/scriptentities/tier18spawnpoint01.dbr,17.9501,1.0,71.4815
survivalmode3/resources/Maps.arc,survivalworld_f.map,records/scriptentities/tier11spawnpoint01.dbr,21.1815,-6.7793,68.0581
survivalmode3/resources/Maps.arc,survivalworld_f.map,records/scriptentities/trappoint_08.dbr,48.3641,-2.8525,69.2798
survivalmode3/resources/Maps.arc,survivalworld_f.map,records/controllers/player/spawnplayer.dbr,56.3027,1.0014,26.8123
survivalmode3/resources/Maps.arc,survivalworld_f.map,records/controllers/controlobjects/patrolpoint_01.dbr,41.6755,1.0,38.3071
survivalmode3/resources/Maps.arc,survivalworld_f.map,records/controllers/controlobjects/patrolpoint_01.dbr,70.5994,4.7508,47.2565
survivalmode3/resources/Maps.arc,survivalworld_f.map,records/scriptentities/defensepoint_02.dbr,76.0553,7.1505,29.5722
survivalmode3/resources/Maps.arc,survivalworld_f.map,records/scriptentities/spawnpoint05.dbr,49.7765,4.3,56.1444
survivalmode3/resources/Maps.arc,survivalworld_f.map,records/scriptentities/trappoint_05.dbr,56.989,4.3,55.163
survivalmode3/resources/Maps.arc,survivalworld_f.map,records/controllers/controlobjects/patrolpoint_01.dbr,55.1695,4.3,53.0863
survivalmode3/resources/Maps.arc,survivalworld_f.map,records/scriptentities/defensepoint_01.dbr,51.0439,4.3,67.368
survivalmode3/resources/Maps.arc,survivalworld_f.map,records/scriptentities/trappoint_07.dbr,49.495,4.5,63.8208
survivalmode3/resources/Maps.arc,survivalworld_f.map,records/scriptentities/trappoint_04.dbr,55.6366,4.3,66.4026
survivalmode3/resources/Maps.arc,survivalworld_f.map,records/scriptentities/defensepoint_npc_02.dbr,68.5232,4.3,54.9373
survivalmode3/resources/Maps.arc,survivalworld_f.map,records/scriptentities/defensepoint_npc_04.dbr,76.6432,4.7508,53.6542
survivalmode3/resources/Maps.arc,survivalworld_f.map,records/scriptentities/defensepoint_04.dbr,73.0881,4.3193,54.4548
survivalmode3/resources/Maps.arc,survivalworld_f.map,records/scriptentities/trappoint_06.dbr,74.5,4.5,57.0
survivalmode3/resources/Maps.arc,survivalworld_f.map,records/controllers/controlobjects/patrolpoint_01.dbr,67.7288,4.3,66.7026
survivalmode3/resources/Maps.arc,survivalworld_f.map,records/controllers/controlobjects/patrolpoint_01.dbr,90.5886,0.1146,41.379
survivalmode3/resources/Maps.arc,survivalworld_f.map,records/scriptentities/spawnbeacon_03.dbr,90.3803,0.9998,49.9763
survivalmode3/resources/Maps.arc,survivalworld_f.map,records/scriptentities/spawnpoint04.dbr,102.906,1.0,50.8236
survivalmode3/resources/Maps.arc,survivalworld_f.map,records/scriptentities/trappoint_03.dbr,102.9783,1.0,50.9223
survivalmode3/resources/Maps.arc,survivalworld_f.map,records/controllers/controlobjects/patrolpoint_01.dbr,90.0447,0.9977,60.7351
survivalmode3/resources/Maps.arc,survivalworld_f.map,records/scriptentities/tier01spawnpoint01.dbr,13.5946,-6.2117,75.124
survivalmode3/resources/Maps.arc,survivalworld_f.map,records/scriptentities/tier03spawnpoint01.dbr,19.4042,1.0,69.9476
survivalmode3/resources/Maps.arc,survivalworld_f.map,records/scriptentities/tier17spawnpoint01.dbr,19.8128,1.0,69.9506
survivalmode3/resources/Maps.arc,survivalworld_f.map,records/scriptentities/tier16spawnpoint01.dbr,19.6923,1.0,69.8839
survivalmode3/resources/Maps.arc,survivalworld_f.map,records/scriptentities/tier02spawnpoint01.dbr,19.511,1.0,69.834
survivalmode3/resources/Maps.arc,survivalworld_f.map,records/scriptentities/tier08spawnpoint01.dbr,19.8914,1.0,69.9187
survivalmode3/resources/Maps.arc,survivalworld_f.map,records/scriptentities/tier15spawnpoint01.dbr,19.8021,1.0,70.0186
survivalmode3/resources/Maps.arc,survivalworld_f.map,records/scriptentities/tier04spawnpoint01.dbr,19.7481,1.0,70.114
survivalmode3/resources/Maps.arc,survivalworld_f.map,records/scriptentities/tier09spawnpoint01.dbr,19.9123,1.0,69.8457
survivalmode3/resources/Maps.arc,survivalworld_f.map,records/scriptentities/tier07spawnpoint01.dbr,19.7801,1.0,69.9477
survivalmode3/resources/Maps.arc,survivalworld_f.map,records/scriptentities/tier12spawnpoint01.dbr,19.9292,1.0,69.919
survivalmode3/resources/Maps.arc,survivalworld_f.map,records/scriptentities/tier14spawnpoint01.dbr,19.7977,1.0,69.9454
survivalmode3/resources/Maps.arc,survivalworld_f.map,records/scriptentities/tier05spawnpoint01.dbr,19.7304,1.0,70.1163
survivalmode3/resources/Maps.arc,survivalworld_f.map,records/scriptentities/spawnbeacon_01.dbr,19.5716,1.0,70.087
survivalmode3/resources/Maps.arc,survivalworld_f.map,records/scriptentities/tier13spawnpoint01.dbr,19.6671,1.0,69.8836
survivalmode3/resources/Maps.arc,survivalworld_f.map,records/scriptentities/tier10spawnpoint01.dbr,19.5448,1.0,69.9933
survivalmode3/resources/Maps.arc,survivalworld_f.map,records/scriptentities/tier06spawnpoint01.dbr,19.8137,1.0,69.8623
survivalmode3/resources/Maps.arc,survivalworld_f.map,records/scriptentities/trappoint_02.dbr,53.7276,4.7508,74.6493
survivalmode3/resources/Maps.arc,survivalworld_f.map,records/controllers/controlobjects/patrolpoint_01.dbr,44.2641,9.7295,83.4012
survivalmode3/resources/Maps.arc,survivalworld_f.map,records/scriptentities/defensepoint_03.dbr,57.0,4.5,72.5
survivalmode3/resources/Maps.arc,survivalworld_f.map,records/scriptentities/defensepoint_npc_03.dbr,57.0,4.5,72.5
survivalmode3/resources/Maps.arc,survivalworld_f.map,records/scriptentities/spawnpoint03.dbr,45.7272,0.9244,88.1745
survivalmode3/resources/Maps.arc,survivalworld_f.map,records/scriptentities/spawnbeacon_05.dbr,47.1692,1.0,99.8661
survivalmode3/resources/Maps.arc,survivalworld_f.map,records/controllers/controlobjects/patrolpoint_01.dbr,54.2831,6.08,100.7627
survivalmode3/resources/Maps.arc,survivalworld_f.map,records/scriptentities/spawnbeacon_04.dbr,91.9286,-3.5856,80.7917
survivalmode3/resources/Maps.arc,survivalworld_f.map,records/controllers/controlobjects/patrolpoint_01.dbr,87.4009,0.94,77.5943
survivalmode3/resources/Maps.arc,survivalworld_f.map,records/scriptentities/spawnpoint06_fx.dbr,88.1924,-3.7742,90.4941
survivalmode3/resources/Maps.arc,survivalworld_g.map,records/scriptentities/playerspawnpoint.dbr,22.6905,-0.5692,57.6683
survivalmode3/resources/Maps.arc,survivalworld_g.map,records/scriptentities/defensepoint_01.dbr,40.4758,-1.1131,51.1664
survivalmode3/resources/Maps.arc,survivalworld_g.map,records/controllers/controlobjects/patrolpoint_01.dbr,57.183,-0.0601,54.6073
survivalmode3/resources/Maps.arc,survivalworld_g.map,records/controllers/player/spawnplayer.dbr,51.0996,-0.8262,56.4188
survivalmode3/resources/Maps.arc,survivalworld_g.map,records/controllers/controlobjects/patrolpoint_01.dbr,48.0418,-0.9679,58.1643
survivalmode3/resources/Maps.arc,survivalworld_g.map,records/scriptentities/spawnbeacon_01.dbr,69.9076,-1.8943,32.7592
survivalmode3/resources/Maps.arc,survivalworld_g.map,records/scriptentities/spawnpoint04.dbr,66.897,0.0932,31.5945
survivalmode3/resources/Maps.arc,survivalworld_g.map,records/controllers/controlobjects/patrolpoint_01.dbr,79.6836,-5.4719,54.1872
survivalmode3/resources/Maps.arc,survivalworld_g.map,records/scriptentities/trappoint_04.dbr,68.3731,0.8762,46.0229
survivalmode3/resources/Maps.arc,survivalworld_g.map,records/controllers/controlobjects/patrolpoint_01.dbr,77.9147,0.8017,54.0439
survivalmode3/resources/Maps.arc,survivalworld_g.map,records/scriptentities/defensepoint_02.dbr,68.8556,0.1933,59.3631
survivalmode3/resources/Maps.arc,survivalworld_g.map,records/scriptentities/defensepoint_npc_02.dbr,80.2108,-0.047,60.537
survivalmode3/resources/Maps.arc,survivalworld_g.map,records/scriptentities/tier19spawnpoint01.dbr,41.6897,0.0491,87.4457
survivalmode3/resources/Maps.arc,survivalworld_g.map,records/scriptentities/tier18spawnpoint01.dbr,40.0826,-0.2208,95.9751
survivalmode3/resources/Maps.arc,survivalworld_g.map,records/scriptentities/tier20spawnpoint01.dbr,40.4062,-0.3,95.5506
survivalmode3/resources/Maps.arc,survivalworld_g.map,records/scriptentities/trappoint_01.dbr,60.6114,-0.4827,73.8511
survivalmode3/resources/Maps.arc,survivalworld_g.map,records/scriptentities/defensepoint_npc_03.dbr,58.5829,-1.0015,67.3881
survivalmode3/resources/Maps.arc,survivalworld_g.map,records/controllers/controlobjects/patrolpoint_01.dbr,60.5386,-1.0879,71.6081
survivalmode3/resources/Maps.arc,survivalworld_g.map,records/controllers/controlobjects/patrolpoint_01.dbr,53.3261,-1.0729,80.7756
survivalmode3/resources/Maps.arc,survivalworld_g.map,records/scriptentities/tier11spawnpoint01.dbr,28.0624,-0.9952,101.6123
survivalmode3/resources/Maps.arc,survivalworld_g.map,records/scriptentities/tier16spawnpoint01.dbr,40.3232,-0.3695,95.1966
survivalmode3/resources/Maps.arc,survivalworld_g.map,records/scriptentities/tier17spawnpoint01.dbr,40.4284,-0.2652,95.7661
survivalmode3/resources/Maps.arc,survivalworld_g.map,records/scriptentities/tier12spawnpoint01.dbr,24.7262,-1.0074,99.9526
survivalmode3/resources/Maps.arc,survivalworld_g.map,records/scriptentities/tier09spawnpoint01.dbr,40.0471,-0.3966,95.0098
survivalmode3/resources/Maps.arc,survivalworld_g.map,records/scriptentities/tier10spawnpoint01.dbr,40.1928,-0.3103,95.4965
survivalmode3/resources/Maps.arc,survivalworld_g.map,records/scriptentities/tier08spawnpoint01.dbr,40.2414,-0.3386,95.3407
survivalmode3/resources/Maps.arc,survivalworld_g.map,records/scriptentities/tier04spawnpoint01.dbr,40.0766,-0.2796,95.6616
survivalmode3/resources/Maps.arc,survivalworld_g.map,records/scriptentities/tier02spawnpoint01.dbr,39.9185,-0.3507,95.2313
survivalmode3/resources/Maps.arc,survivalworld_g.map,records/scriptentities/tier03spawnpoint01.dbr,39.9004,-0.2959,95.5342
survivalmode3/resources/Maps.arc,survivalworld_g.map,records/scriptentities/tier05spawnpoint01.dbr,39.9156,-0.3286,95.3548
survivalmode3/resources/Maps.arc,survivalworld_g.map,records/scriptentities/spawnbeacon_05.dbr,39.9047,-0.33,95.3433
survivalmode3/resources/Maps.arc,survivalworld_g.map,records/scriptentities/tier07spawnpoint01.dbr,39.8287,-0.2242,95.9474
survivalmode3/resources/Maps.arc,survivalworld_g.map,records/scriptentities/tier06spawnpoint01.dbr,40.0062,-0.2592,95.7718
survivalmode3/resources/Maps.arc,survivalworld_g.map,records/scriptentities/tier01spawnpoint01.dbr,39.8991,-0.2858,95.5904
survivalmode3/resources/Maps.arc,survivalworld_g.map,records/scriptentities/tier15spawnpoint01.dbr,39.8484,-0.2474,95.7903
survivalmode3/resources/Maps.arc,survivalworld_g.map,records/scriptentities/tier13spawnpoint01.dbr,39.8699,-0.2426,95.8245
survivalmode3/resources/Maps.arc,survivalworld_g.map,records/scriptentities/tier14spawnpoint01.dbr,39.8631,-0.3538,95.196
survivalmode3/resources/Maps.arc,survivalworld_g.map,records/scriptentities/defensepoint_03.dbr,68.7296,-0.4215,71.9574
survivalmode3/resources/Maps.arc,survivalworld_g.map,records/scriptentities/spawnpoint05.dbr,61.7022,-0.9899,78.3561
survivalmode3/resources/Maps.arc,survivalworld_g.map,records/scriptentities/trappoint_08.dbr,64.6123,-0.8766,66.9706
survivalmode3/resources/Maps.arc,survivalworld_g.map,records/controllers/controlobjects/patrolpoint_01.dbr,65.2935,-0.798,64.9568
survivalmode3/resources/Maps.arc,survivalworld_g.map,records/scriptentities/trappoint_06.dbr,80.5209,-0.8363,68.9387
survivalmode3/resources/Maps.arc,survivalworld_g.map,records/controllers/controlobjects/patrolpoint_01.dbr,68.4556,-1.0895,80.2782
survivalmode3/resources/Maps.arc,survivalworld_g.map,records/scriptentities/spawnpoint03.dbr,93.5287,-1.0042,70.5754
survivalmode3/resources/Maps.arc,survivalworld_g.map,records/scriptentities/spawnbeacon_03.dbr,103.2033,-0.0145,64.7964
survivalmode3/resources/Maps.arc,survivalworld_g.map,records/scriptentities/spawnpoint06_fx.dbr,70.3607,-1.0596,91.9675
survivalmode3/resources/Maps.arc,survivalworld_g.map,records/scriptentities/spawnpoint06.dbr,61.5995,-1.0733,103.5042
survivalmode3/resources/Maps.arc,survivalworld_g.map,records/scriptentities/spawnbeacon_02.dbr,66.5631,-0.5,95.9326
survivalmode3/resources/Maps.arc,survivalworld_g.map,records/scriptentities/spawnpoint02.dbr,98.4116,-0.4156,102.8577
survivalmode3/resources/Maps.arc,survivalworld_g.map,records/scriptentities/spawnbeacon_04.dbr,91.9315,-0.9913,88.5943
survivalmode3/resources/Maps.arc,survivalworld_h.map,records/controllers/controlobjects/patrolpoint_01.dbr,93.9054,13.3625,31.6477
survivalmode3/resources/Maps.arc,survivalworld_h.map,records/scriptentities/spawnpoint04.dbr,71.2948,15.2402,13.9682
survivalmode3/resources/Maps.arc,survivalworld_h.map,records/scriptentities/spawnbeacon_01.dbr,72.3077,15.16,30.8755
survivalmode3/resources/Maps.arc,survivalworld_h.map,records/scriptentities/playerspawnpoint.dbr,46.3746,14.07,53.9027
survivalmode3/resources/Maps.arc,survivalworld_h.map,records/controllers/controlobjects/patrolpoint_01.dbr,49.8066,14.07,61.221
survivalmode3/resources/Maps.arc,survivalworld_h.map,records/controllers/controlobjects/patrolpoint_01.dbr,62.1987,13.9173,57.7602
survivalmode3/resources/Maps.arc,survivalworld_h.map,records/scriptentities/trappoint_02.dbr,56.5399,14.0705,50.8656
survivalmode3/resources/Maps.arc,survivalworld_h.map,records/scriptentities/defensepoint_02.dbr,60.0811,14.1593,48.6036
survivalmode3/resources/Maps.arc,survivalworld_h.map,records/controllers/player/spawnplayer.dbr,33.0936,14.07,61.6758
survivalmode3/resources/Maps.arc,survivalworld_h.map,records/scriptentities/trappoint_01.dbr,43.9098,14.07,61.4097
survivalmode3/resources/Maps.arc,survivalworld_h.map,records/controllers/controlobjects/patrolpoint_01.dbr,47.6377,14.07,60.5004
survivalmode3/resources/Maps.arc,survivalworld_h.map,records/scriptentities/trappoint_08.dbr,56.8884,14.07,82.1417
survivalmode3/resources/Maps.arc,survivalworld_h.map,records/scriptentities/defensepoint_03.dbr,68.5794,15.3699,61.2757
survivalmode3/resources/Maps.arc,survivalworld_h.map,records/controllers/controlobjects/patrolpoint_01.dbr,59.4474,14.5132,72.6443
survivalmode3/resources/Maps.arc,survivalworld_h.map,records/scriptentities/trappoint_03.dbr,61.8351,13.8472,66.3781
survivalmode3/resources/Maps.arc,survivalworld_h.map,records/scriptentities/defensepoint_npc_03.dbr,66.2668,15.3663,72.5397
survivalmode3/resources/Maps.arc,survivalworld_h.map,records/controllers/controlobjects/patrolpoint_01.dbr,62.5602,14.2551,75.1864
survivalmode3/resources/Maps.arc,survivalworld_h.map,records/scriptentities/trappoint_04.dbr,72.0227,14.2861,50.9512
survivalmode3/resources/Maps.arc,survivalworld_h.map,records/scriptentities/defensepoint_01.dbr,83.3422,14.0637,53.3765
survivalmode3/resources/Maps.arc,survivalworld_h.map,records/scriptentities/defensepoint_npc_01.dbr,84.3175,14.1037,49.2586
survivalmode3/resources/Maps.arc,survivalworld_h.map,records/scriptentities/trappoint_05.dbr,94.7173,13.785,50.128
survivalmode3/resources/Maps.arc,survivalworld_h.map,records/scriptentities/trappoint_07.dbr,72.051,14.2024,71.2085
survivalmode3/resources/Maps.arc,survivalworld_h.map,records/scriptentities/spawnpoint05.dbr,72.0709,14.07,77.919
survivalmode3/resources/Maps.arc,survivalworld_h.map,records/controllers/controlobjects/patrolpoint_01.dbr,71.7179,15.37,61.1283
survivalmode3/resources/Maps.arc,survivalworld_h.map,records/controllers/controlobjects/patrolpoint_01.dbr,83.219,15.3663,66.2283
survivalmode3/resources/Maps.arc,survivalworld_h.map,records/scriptentities/defensepoint_npc_04.dbr,83.9622,14.245,73.0267
survivalmode3/resources/Maps.arc,survivalworld_h.map,records/controllers/controlobjects/patrolpoint_01.dbr,86.4852,14.07,69.8881
survivalmode3/resources/Maps.arc,survivalworld_h.map,records/scriptentities/trappoint_06.dbr,94.5884,13.785,70.7785
survivalmode3/resources/Maps.arc,survivalworld_h.map,records/scriptentities/spawnbeacon_03.dbr,104.5944,11.6249,48.3693
survivalmode3/resources/Maps.arc,survivalworld_h.map,records/scriptentities/spawnpoint03.dbr,107.7529,10.6689,42.3393
survivalmode3/resources/Maps.arc,survivalworld_h.map,records/scriptentities/spawnpoint06.dbr,104.5295,10.2301,72.9705
survivalmode3/resources/Maps.arc,survivalworld_h.map,records/scriptentities/spawnpoint06_fx.dbr,101.7327,14.0613,60.8523
survivalmode3/resources/Maps.arc,survivalworld_h.map,records/scriptentities/spawnbeacon_02.dbr,101.7232,14.0608,60.875
survivalmode3/resources/Maps.arc,survivalworld_h.map,records/scriptentities/tier19spawnpoint01.dbr,71.5801,14.9552,84.4986
survivalmode3/resources/Maps.arc,survivalworld_h.map,records/scriptentities/tier18spawnpoint01.dbr,71.5516,15.16,91.1575
survivalmode3/resources/Maps.arc,survivalworld_h.map,records/scriptentities/tier20spawnpoint01.dbr,71.3357,15.16,91.2551
survivalmode3/resources/Maps.arc,survivalworld_h.map,records/scriptentities/tier14spawnpoint01.dbr,71.0493,15.16,91.5473
survivalmode3/resources/Maps.arc,survivalworld_h.map,records/scriptentities/tier05spawnpoint01.dbr,70.9293,15.16,90.9408
survivalmode3/resources/Maps.arc,survivalworld_h.map,records/scriptentities/tier03spawnpoint01.dbr,71.0642,15.16,90.9331
survivalmode3/resources/Maps.arc,survivalworld_h.map,records/scriptentities/tier04spawnpoint01.dbr,71.0751,15.16,90.9446
survivalmode3/resources/Maps.arc,survivalworld_h.map,records/scriptentities/tier13spawnpoint01.dbr,71.0779,15.16,90.8211
survivalmode3/resources/Maps.arc,survivalworld_h.map,records/scriptentities/tier15spawnpoint01.dbr,71.0226,15.16,90.7858
survivalmode3/resources/Maps.arc,survivalworld_h.map,records/scriptentities/tier01spawnpoint01.dbr,71.0294,15.16,91.4143
survivalmode3/resources/Maps.arc,survivalworld_h.map,records/scriptentities/tier07spawnpoint01.dbr,71.0079,15.16,91.3801
survivalmode3/resources/Maps.arc,survivalworld_h.map,records/scriptentities/tier16spawnpoint01.dbr,71.1657,15.16,91.3616
survivalmode3/resources/Maps.arc,survivalworld_h.map,records/scriptentities/tier06spawnpoint01.dbr,71.5879,15.16,91.3559
survivalmode3/resources/Maps.arc,survivalworld_h.map,records/scriptentities/tier02spawnpoint01.dbr,71.0586,15.16,91.1802
survivalmode3/resources/Maps.arc,survivalworld_h.map,records/scriptentities/tier08spawnpoint01.dbr,71.0599,15.16,91.124
survivalmode3/resources/Maps.arc,survivalworld_h.map,records/scriptentities/tier09spawnpoint01.dbr,71.2361,15.16,91.2514
survivalmode3/resources/Maps.arc,survivalworld_h.map,records/scriptentities/tier10spawnpoint01.dbr,71.3523,15.16,91.0863
survivalmode3/resources/Maps.arc,survivalworld_h.map,records/scriptentities/spawnbeacon_05.dbr,71.4008,15.16,90.9305
survivalmode3/resources/Maps.arc,survivalworld_h.map,records/scriptentities/tier12spawnpoint01.dbr,72.4108,15.16,89.743
survivalmode3/resources/Maps.arc,survivalworld_h.map,records/scriptentities/tier11spawnpoint01.dbr,71.2066,15.16,90.5996
survivalmode3/resources/Maps.arc,survivalworld_h.map,records/scriptentities/tier17spawnpoint01.dbr,76.0232,14.07,84.0886
survivalmode3/resources/Maps.arc,survivalworld_h.map,records/scriptentities/spawnbeacon_04.dbr,99.8055,8.6191,85.9631
survivalmode3/resources/Maps.arc,survivalworld_h.map,records/scriptentities/spawnpoint02.dbr,107.5879,9.9894,82.1762
survivalmode3/resources/Maps.arc,survivalworld_i.map,records/scriptentities/trappoint_07.dbr,34.0172,25.786,29.7129
survivalmode3/resources/Maps.arc,survivalworld_i.map,records/controllers/controlobjects/patrolpoint_01.dbr,27.8385,25.9266,38.5724
survivalmode3/resources/Maps.arc,survivalworld_i.map,records/scriptentities/defensepoint_01.dbr,39.9893,25.9429,39.1352
survivalmode3/resources/Maps.arc,survivalworld_i.map,records/scriptentities/playerspawnpoint.dbr,42.2265,26.8827,22.7612
survivalmode3/resources/Maps.arc,survivalworld_i.map,records/controllers/player/spawnplayer.dbr,48.3626,27.3379,34.7541
survivalmode3/resources/Maps.arc,survivalworld_i.map,records/controllers/controlobjects/patrolpoint_01.dbr,45.4815,27.101,29.1615
survivalmode3/resources/Maps.arc,survivalworld_i.map,records/controllers/controlobjects/patrolpoint_01.dbr,46.7432,26.93,31.8429
survivalmode3/resources/Maps.arc,survivalworld_i.map,records/scriptentities/defensepoint_npc_02.dbr,57.2749,25.8245,29.846
survivalmode3/resources/Maps.arc,survivalworld_i.map,records/scriptentities/defensepoint_npc_01.dbr,53.7883,26.9972,32.9053
survivalmode3/resources/Maps.arc,survivalworld_i.map,records/controllers/controlobjects/patrolpoint_01.dbr,44.2176,26.9166,38.3763
survivalmode3/resources/Maps.arc,survivalworld_i.map,records/scriptentities/trappoint_06.dbr,24.75,25.7195,58.8556
survivalmode3/resources/Maps.arc,survivalworld_i.map,records/controllers/controlobjects/patrolpoint_01.dbr,28.0954,25.9042,56.1255
survivalmode3/resources/Maps.arc,survivalworld_i.map,records/scriptentities/trappoint_08.dbr,52.7817,25.618,58.6384
survivalmode3/resources/Maps.arc,survivalworld_i.map,records/scriptentities/spawnpoint05.dbr,51.9045,26.93,44.0299
survivalmode3/resources/Maps.arc,survivalworld_i.map,records/controllers/controlobjects/patrolpoint_01.dbr,53.6714,26.9044,46.2045
survivalmode3/resources/Maps.arc,survivalworld_i.map,records/controllers/controlobjects/patrolpoint_01.dbr,56.8828,25.4353,58.6366
survivalmode3/resources/Maps.arc,survivalworld_i.map,records/scriptentities/spawnpoint04.dbr,73.1296,18.0,8.8205
survivalmode3/resources/Maps.arc,survivalworld_i.map,records/scriptentities/spawnbeacon_01.dbr,62.354,29.7791,4.6617
survivalmode3/resources/Maps.arc,survivalworld_i.map,records/scriptentities/trappoint_02.dbr,69.7691,25.82,35.2743
survivalmode3/resources/Maps.arc,survivalworld_i.map,records/controllers/controlobjects/patrolpoint_01.dbr,64.1839,25.4927,31.64
survivalmode3/resources/Maps.arc,survivalworld_i.map,records/scriptentities/spawnpoint03.dbr,85.9503,23.9578,26.9325
survivalmode3/resources/Maps.arc,survivalworld_i.map,records/scriptentities/defensepoint_03.dbr,65.0793,27.3262,52.6267
survivalmode3/resources/Maps.arc,survivalworld_i.map,records/scriptentities/defensepoint_npc_03.dbr,67.9531,25.863,52.5478
survivalmode3/resources/Maps.arc,survivalworld_i.map,records/scriptentities/trappoint_03.dbr,68.7761,25.7483,54.8998
survivalmode3/resources/Maps.arc,survivalworld_i.map,records/controllers/controlobjects/patrolpoint_01.dbr,68.741,25.7937,45.9488
survivalmode3/resources/Maps.arc,survivalworld_i.map,records/scriptentities/spawnbeacon_03.dbr,93.1915,25.4999,52.507
survivalmode3/resources/Maps.arc,survivalworld_i.map,records/scriptentities/spawnbeacon_02.dbr,89.1462,25.769,39.0767
survivalmode3/resources/Maps.arc,survivalworld_i.map,records/scriptentities/spawnpoint06_fx.dbr,83.4366,25.9244,58.0866
survivalmode3/resources/Maps.arc,survivalworld_i.map,records/scriptentities/spawnpoint06.dbr,82.8192,25.8773,58.4057
survivalmode3/resources/Maps.arc,survivalworld_i.map,records/scriptentities/defensepoint_04.dbr,56.4219,23.1436,96.5583
survivalmode3/resources/Maps.arc,survivalworld_i.map,records/scriptentities/trappoint_05.dbr,50.8385,26.1335,61.0
survivalmode3/resources/Maps.arc,survivalworld_i.map,records/scriptentities/tier20spawnpoint01.dbr,26.4227,26.7404,67.1396
survivalmode3/resources/Maps.arc,survivalworld_i.map,records/scriptentities/tier18spawnpoint01.dbr,30.831,27.2717,74.5315
survivalmode3/resources/Maps.arc,survivalworld_i.map,records/scriptentities/tier19spawnpoint01.dbr,30.8327,27.2716,74.6034
survivalmode3/resources/Maps.arc,survivalworld_i.map,records/scriptentities/tier16spawnpoint01.dbr,30.849,27.2717,74.3372
survivalmode3/resources/Maps.arc,survivalworld_i.map,records/scriptentities/tier11spawnpoint01.dbr,30.8705,27.2715,74.1778
survivalmode3/resources/Maps.arc,survivalworld_i.map,records/scriptentities/tier10spawnpoint01.dbr,30.7653,27.27,73.6082
survivalmode3/resources/Maps.arc,survivalworld_i.map,records/scriptentities/tier09spawnpoint01.dbr,30.6835,27.2709,73.7523
survivalmode3/resources/Maps.arc,survivalworld_i.map,records/scriptentities/tier08spawnpoint01.dbr,30.6349,27.2729,73.9082
survivalmode3/resources/Maps.arc,survivalworld_i.map,records/scriptentities/tier12spawnpoint01.dbr,30.5187,27.2749,74.0732
survivalmode3/resources/Maps.arc,survivalworld_i.map,records/scriptentities/tier07spawnpoint01.dbr,30.4892,27.27,73.4214
survivalmode3/resources/Maps.arc,survivalworld_i.map,records/scriptentities/spawnbeacon_05.dbr,30.4483,27.2756,74.1834
survivalmode3/resources/Maps.arc,survivalworld_i.map,records/scriptentities/tier17spawnpoint01.dbr,31.246,27.7111,73.1535
survivalmode3/resources/Maps.arc,survivalworld_i.map,records/scriptentities/tier02spawnpoint01.dbr,30.8682,27.2715,74.5502
survivalmode3/resources/Maps.arc,survivalworld_i.map,records/scriptentities/tier06spawnpoint01.dbr,30.3425,27.2762,73.9458
survivalmode3/resources/Maps.arc,survivalworld_i.map,records/scriptentities/tier04spawnpoint01.dbr,30.3412,27.2767,74.002
survivalmode3/resources/Maps.arc,survivalworld_i.map,records/scriptentities/tier03spawnpoint01.dbr,30.3606,27.273,73.643
survivalmode3/resources/Maps.arc,survivalworld_i.map,records/scriptentities/tier05spawnpoint01.dbr,30.3578,27.2743,73.7665
survivalmode3/resources/Maps.arc,survivalworld_i.map,records/scriptentities/tier14spawnpoint01.dbr,30.3468,27.2743,73.755
survivalmode3/resources/Maps.arc,survivalworld_i.map,records/scriptentities/tier13spawnpoint01.dbr,30.2119,27.2757,73.7627
survivalmode3/resources/Maps.arc,survivalworld_i.map,records/scriptentities/tier15spawnpoint01.dbr,30.3052,27.2732,73.6076
survivalmode3/resources/Maps.arc,survivalworld_i.map,records/scriptentities/tier01spawnpoint01.dbr,30.312,27.277,74.2361
survivalmode3/resources/Maps.arc,survivalworld_i.map,records/scriptentities/defensepoint_npc_04.dbr,55.7856,25.5979,71.2426
survivalmode3/resources/Maps.arc,survivalworld_i.map,records/scriptentities/trappoint_04.dbr,121.9346,20.9637,109.3523
survivalmode3/resources/Maps.arc,survivalworld_i.map,records/scriptentities/spawnpoint02.dbr,68.0295,25.49,67.6208
survivalmode3/resources/Maps.arc,survivalworld_i.map,records/scriptentities/spawnbeacon_04.dbr,68.0915,25.4899,76.2333
survivalmode3/resources/Maps.arc,survivalworld_j.map,records/scriptentities/trappoint_07.dbr,29.4172,20.2845,52.2344
survivalmode3/resources/Maps.arc,survivalworld_j.map,records/controllers/player/spawnplayer.dbr,37.6329,19.0062,42.0527
survivalmode3/resources/Maps.arc,survivalworld_j.map,records/scriptentities/trappoint_01.dbr,45.6441,18.7976,49.5575
survivalmode3/resources/Maps.arc,survivalworld_j.map,records/controllers/controlobjects/patrolpoint_01.dbr,45.6563,18.7949,49.6715
survivalmode3/resources/Maps.arc,survivalworld_j.map,records/controllers/controlobjects/patrolpoint_01.dbr,56.5535,17.1376,46.8595
survivalmode3/resources/Maps.arc,survivalworld_j.map,records/controllers/controlobjects/patrolpoint_01.dbr,89.6224,17.8773,42.4271
survivalmode3/resources/Maps.arc,survivalworld_j.map,records/scriptentities/spawnbeacon_01.dbr,83.0932,17.4732,23.4907
survivalmode3/resources/Maps.arc,survivalworld_j.map,records/scriptentities/spawnpoint04.dbr,91.0294,17.5017,33.9229
survivalmode3/resources/Maps.arc,survivalworld_j.map,records/controllers/controlobjects/patrolpoint_01.dbr,84.0793,17.8043,41.3433
survivalmode3/resources/Maps.arc,survivalworld_j.map,records/scriptentities/defensepoint_01.dbr,77.9059,21.2548,58.5274
survivalmode3/resources/Maps.arc,survivalworld_j.map,records/scriptentities/defensepoint_npc_01.dbr,77.9059,21.2548,58.5274
survivalmode3/resources/Maps.arc,survivalworld_j.map,records/scriptentities/trappoint_02.dbr,84.7587,18.0357,57.558
survivalmode3/resources/Maps.arc,survivalworld_j.map,records/scriptentities/spawnbeacon_03.dbr,100.9951,18.1946,53.9698
survivalmode3/resources/Maps.arc,survivalworld_j.map,records/scriptentities/spawnpoint03.dbr,109.5919,18.1968,56.9344
survivalmode3/resources/Maps.arc,survivalworld_j.map,records/scriptentities/tier18spawnpoint01.dbr,44.3809,18.246,92.0676
survivalmode3/resources/Maps.arc,survivalworld_j.map,records/scriptentities/tier20spawnpoint01.dbr,42.6598,17.6498,103.8698
survivalmode3/resources/Maps.arc,survivalworld_j.map,records/scriptentities/tier19spawnpoint01.dbr,42.5027,17.6372,103.7989
survivalmode3/resources/Maps.arc,survivalworld_j.map,records/controllers/controlobjects/patrolpoint_01.dbr,20.1856,19.5,70.2974
survivalmode3/resources/Maps.arc,survivalworld_j.map,records/scriptentities/trappoint_08.dbr,48.2079,19.2844,73.2036
survivalmode3/resources/Maps.arc,survivalworld_j.map,records/scriptentities/defensepoint_02.dbr,65.9192,20.4542,68.6837
survivalmode3/resources/Maps.arc,survivalworld_j.map,records/scriptentities/defensepoint_npc_02.dbr,49.9402,22.2857,68.6847
survivalmode3/resources/Maps.arc,survivalworld_j.map,records/controllers/controlobjects/patrolpoint_01.dbr,54.4321,21.4817,66.489
survivalmode3/resources/Maps.arc,survivalworld_j.map,records/scriptentities/defensepoint_npc_03.dbr,63.3438,20.415,80.7656
survivalmode3/resources/Maps.arc,survivalworld_j.map,records/scriptentities/defensepoint_03.dbr,58.8996,19.6418,80.3461
survivalmode3/resources/Maps.arc,survivalworld_j.map,records/controllers/controlobjects/patrolpoint_01.dbr,56.84,18.0637,93.7981
survivalmode3/resources/Maps.arc,survivalworld_j.map,records/scriptentities/tier17spawnpoint01.dbr,42.6801,17.6417,103.4007
survivalmode3/resources/Maps.arc,survivalworld_j.map,records/scriptentities/tier13spawnpoint01.dbr,43.3364,17.7126,104.1883
survivalmode3/resources/Maps.arc,survivalworld_j.map,records/scriptentities/tier04spawnpoint01.dbr,42.7735,17.6446,103.2457
survivalmode3/resources/Maps.arc,survivalworld_j.map,records/scriptentities/tier11spawnpoint01.dbr,42.8288,17.6494,103.281
survivalmode3/resources/Maps.arc,survivalworld_j.map,records/scriptentities/tier05spawnpoint01.dbr,43.2336,17.6805,103.2462
survivalmode3/resources/Maps.arc,survivalworld_j.map,records/scriptentities/tier10spawnpoint01.dbr,42.8151,17.6512,103.393
survivalmode3/resources/Maps.arc,survivalworld_j.map,records/scriptentities/tier03spawnpoint01.dbr,43.1517,17.6772,103.3903
survivalmode3/resources/Maps.arc,survivalworld_j.map,records/scriptentities/tier09spawnpoint01.dbr,42.826,17.6522,103.4045
survivalmode3/resources/Maps.arc,survivalworld_j.map,records/scriptentities/tier02spawnpoint01.dbr,43.1032,17.6769,103.5462
survivalmode3/resources/Maps.arc,survivalworld_j.map,records/scriptentities/tier06spawnpoint01.dbr,42.8108,17.6554,103.5839
survivalmode3/resources/Maps.arc,survivalworld_j.map,records/scriptentities/tier08spawnpoint01.dbr,42.8095,17.6567,103.6401
survivalmode3/resources/Maps.arc,survivalworld_j.map,records/scriptentities/tier07spawnpoint01.dbr,42.9869,17.6713,103.7113
survivalmode3/resources/Maps.arc,survivalworld_j.map,records/scriptentities/tier16spawnpoint01.dbr,42.9166,17.6687,103.8214
survivalmode3/resources/Maps.arc,survivalworld_j.map,records/scriptentities/tier01spawnpoint01.dbr,43.3388,17.7029,103.8158
survivalmode3/resources/Maps.arc,survivalworld_j.map,records/scriptentities/tier15spawnpoint01.dbr,42.7587,17.6583,103.8399
survivalmode3/resources/Maps.arc,survivalworld_j.map,records/scriptentities/tier12spawnpoint01.dbr,42.7803,17.6607,103.8742
survivalmode3/resources/Maps.arc,survivalworld_j.map,records/scriptentities/spawnbeacon_05.dbr,42.9574,17.6533,103.0594
survivalmode3/resources/Maps.arc,survivalworld_j.map,records/scriptentities/spawnpoint05.dbr,71.5924,20.7375,78.9811
survivalmode3/resources/Maps.arc,survivalworld_j.map,records/scriptentities/trappoint_03.dbr,80.9728,18.0247,68.1012
survivalmode3/resources/Maps.arc,survivalworld_j.map,records/scriptentities/defensepoint_npc_04.dbr,73.5383,16.5307,82.2213
survivalmode3/resources/Maps.arc,survivalworld_j.map,records/scriptentities/defensepoint_04.dbr,76.3074,18.6555,81.773
survivalmode3/resources/Maps.arc,survivalworld_j.map,records/controllers/controlobjects/patrolpoint_01.dbr,76.3074,18.6555,81.773
survivalmode3/resources/Maps.arc,survivalworld_j.map,records/scriptentities/spawnpoint06.dbr,99.7833,16.25,86.1741
survivalmode3/resources/Maps.arc,survivalworld_j.map,records/scriptentities/spawnpoint06_fx.dbr,106.1567,15.8334,88.2996
survivalmode3/resources/Maps.arc,survivalworld_j.map,records/scriptentities/spawnbeacon_02.dbr,106.1472,15.8304,88.3223
survivalmode3/resources/Maps.arc,survivalworld_j.map,records/scriptentities/trappoint_04.dbr,78.9512,18.23,98.5913
survivalmode3/resources/Maps.arc,survivalworld_j.map,records/scriptentities/spawnpoint02.dbr,84.8093,19.4805,96.2993
survivalmode3/resources/Maps.arc,survivalworld_j.map,records/scriptentities/spawnbeacon_04.dbr,68.7335,17.931,107.1875
