track_id,wave,t_birth_s,t_last_s,n_frames,r_birth_gpx,r_birth_m_lo119,r_birth_m_hi125,r_min_gpx,r_min_m_lo119,r_min_m_hi125,at_frustum_boundary,G_MAX,N_MIN,H_GAP,basis
T00001,151,683.0,683.2,13,964.0,8.1009,7.712,964.0,8.1009,7.712,1,60.0,6,6,"Lap H-2 nameplate census, player-relative ground offsets"
T00002,151,683.0,683.3667,23,913.62,7.6775,7.3089,850.14,7.144,6.8011,1,60.0,6,6,"Lap H-2 nameplate census, player-relative ground offsets"
T00003,151,683.0,683.7167,44,886.24,7.4474,7.0899,808.02,6.7901,6.4642,1,60.0,6,6,"Lap H-2 nameplate census, player-relative ground offsets"
T00004,151,683.0,684.15,70,1057.95,8.8904,8.4636,1055.63,8.8708,8.445,1,60.0,6,6,"Lap H-2 nameplate census, player-relative ground offsets"
T00005,151,683.0,684.2,70,966.32,8.1204,7.7306,813.17,6.8334,6.5054,1,60.0,6,6,"Lap H-2 nameplate census, player-relative ground offsets"
T00006,151,683.0,684.2,73,903.62,7.5934,7.2289,709.02,5.9582,5.6722,1,60.0,6,6,"Lap H-2 nameplate census, player-relative ground offsets"
T00007,151,683.3,686.9667,220,958.57,8.0552,7.6686,296.76,2.4938,2.3741,1,60.0,6,6,"Lap H-2 nameplate census, player-relative ground offsets"
T00008,151,683.5333,683.65,8,837.74,7.0399,6.7019,822.32,6.9102,6.5786,1,60.0,6,6,"Lap H-2 nameplate census, player-relative ground offsets"
T00009,151,683.6333,684.1333,25,931.54,7.828,7.4523,898.21,7.548,7.1857,1,60.0,6,6,"Lap H-2 nameplate census, player-relative ground offsets"
T00010,151,683.7167,684.4833,47,991.71,8.3337,7.9337,798.98,6.7141,6.3919,1,60.0,6,6,"Lap H-2 nameplate census, player-relative ground offsets"
T00011,151,683.8333,684.0,11,811.56,6.8198,6.4925,784.8,6.5949,6.2784,1,60.0,6,6,"Lap H-2 nameplate census, player-relative ground offsets"
T00012,151,683.8833,684.4667,36,929.26,7.8089,7.434,811.05,6.8156,6.4884,1,60.0,6,6,"Lap H-2 nameplate census, player-relative ground offsets"
T00013,151,684.05,685.2167,71,778.52,6.5422,6.2282,573.46,4.819,4.5877,1,60.0,6,6,"Lap H-2 nameplate census, player-relative ground offsets"
T00014,151,684.2167,686.8833,161,730.91,6.1421,5.8473,150.59,1.2654,1.2047,0,60.0,6,6,"Lap H-2 nameplate census, player-relative ground offsets"
T00015,151,684.2667,685.75,90,846.51,7.1136,6.7721,564.83,4.7465,4.5187,1,60.0,6,6,"Lap H-2 nameplate census, player-relative ground offsets"
T00016,151,684.6167,684.7833,10,795.6,6.6857,6.3648,790.52,6.643,6.3242,1,60.0,6,6,"Lap H-2 nameplate census, player-relative ground offsets"
T00017,151,684.95,688.1667,185,1055.28,8.8679,8.4422,1044.58,8.778,8.3566,1,60.0,6,6,"Lap H-2 nameplate census, player-relative ground offsets"
T00018,151,685.7667,686.1,21,575.25,4.8341,4.602,574.87,4.8308,4.5989,0,60.0,6,6,"Lap H-2 nameplate census, player-relative ground offsets"
T00019,151,685.7667,687.0667,73,563.53,4.7356,4.5083,548.8,4.6118,4.3904,0,60.0,6,6,"Lap H-2 nameplate census, player-relative ground offsets"
T00020,151,685.7667,688.2667,132,203.43,1.7095,1.6274,87.18,0.7326,0.6974,0,60.0,6,6,"Lap H-2 nameplate census, player-relative ground offsets"
T00021,151,685.8,686.2,22,571.46,4.8022,4.5717,563.53,4.7356,4.5083,0,60.0,6,6,"Lap H-2 nameplate census, player-relative ground offsets"
T00022,151,685.9667,686.2167,7,300.07,2.5216,2.4006,270.53,2.2734,2.1643,0,60.0,6,6,"Lap H-2 nameplate census, player-relative ground offsets"
T00023,151,686.0167,686.1833,7,172.11,1.4463,1.3769,172.11,1.4463,1.3769,0,60.0,6,6,"Lap H-2 nameplate census, player-relative ground offsets"
T00024,151,686.0167,686.5167,25,197.92,1.6632,1.5834,156.84,1.318,1.2547,0,60.0,6,6,"Lap H-2 nameplate census, player-relative ground offsets"
T00025,151,686.0167,687.2667,76,1124.38,9.4486,8.9951,1112.93,9.3524,8.9035,1,60.0,6,6,"Lap H-2 nameplate census, player-relative ground offsets"
T00026,151,686.0167,687.55,87,675.02,5.6725,5.4002,591.35,4.9694,4.7308,0,60.0,6,6,"Lap H-2 nameplate census, player-relative ground offsets"
T00027,151,686.05,687.0667,29,245.05,2.0592,1.9604,245.05,2.0592,1.9604,0,60.0,6,6,"Lap H-2 nameplate census, player-relative ground offsets"
T00028,151,686.1667,686.75,12,152.93,1.2851,1.2234,152.93,1.2851,1.2234,0,60.0,6,6,"Lap H-2 nameplate census, player-relative ground offsets"
T00029,151,686.2833,686.8667,26,240.71,2.0228,1.9257,190.77,1.6031,1.5262,0,60.0,6,6,"Lap H-2 nameplate census, player-relative ground offsets"
T00030,151,686.3833,686.55,7,121.84,1.0238,0.9747,91.96,0.7728,0.7357,0,60.0,6,6,"Lap H-2 nameplate census, player-relative ground offsets"
T00031,151,686.3833,686.5833,8,150.05,1.2609,1.2004,118.33,0.9943,0.9466,0,60.0,6,6,"Lap H-2 nameplate census, player-relative ground offsets"
T00032,151,686.4,686.7333,9,67.1,0.5639,0.5368,66.32,0.5573,0.5306,0,60.0,6,6,"Lap H-2 nameplate census, player-relative ground offsets"
T00033,151,686.4667,686.6833,8,97.84,0.8222,0.7828,72.05,0.6055,0.5764,0,60.0,6,6,"Lap H-2 nameplate census, player-relative ground offsets"
T00034,151,686.4667,686.95,9,252.63,2.123,2.0211,252.63,2.123,2.0211,0,60.0,6,6,"Lap H-2 nameplate census, player-relative ground offsets"
T00035,151,686.5,686.7667,9,390.9,3.2848,3.1272,390.9,3.2848,3.1272,0,60.0,6,6,"Lap H-2 nameplate census, player-relative ground offsets"
T00036,151,686.5333,686.8167,9,403.14,3.3877,3.2251,340.66,2.8627,2.7253,0,60.0,6,6,"Lap H-2 nameplate census, player-relative ground offsets"
T00037,151,686.55,686.6833,8,73.27,0.6158,0.5862,73.22,0.6153,0.5858,0,60.0,6,6,"Lap H-2 nameplate census, player-relative ground offsets"
T00038,151,686.5833,686.8,14,152.59,1.2823,1.2208,151.34,1.2718,1.2107,0,60.0,6,6,"Lap H-2 nameplate census, player-relative ground offsets"
T00039,151,686.5833,688.85,126,701.68,5.8965,5.6134,41.74,0.3507,0.3339,0,60.0,6,6,"Lap H-2 nameplate census, player-relative ground offsets"
T00040,151,686.6,687.0833,18,22.97,0.193,0.1838,17.65,0.1484,0.1412,0,60.0,6,6,"Lap H-2 nameplate census, player-relative ground offsets"
T00041,151,686.65,686.8,6,107.15,0.9004,0.8572,104.15,0.8752,0.8332,0,60.0,6,6,"Lap H-2 nameplate census, player-relative ground offsets"
T00042,151,686.6833,687.1333,18,81.74,0.6869,0.6539,33.41,0.2807,0.2673,0,60.0,6,6,"Lap H-2 nameplate census, player-relative ground offsets"
T00043,151,686.7333,687.0667,21,568.93,4.7809,4.5515,554.93,4.6633,4.4395,0,60.0,6,6,"Lap H-2 nameplate census, player-relative ground offsets"
T00044,151,686.9333,687.1,7,244.62,2.0557,1.957,238.3,2.0025,1.9064,0,60.0,6,6,"Lap H-2 nameplate census, player-relative ground offsets"
T00045,151,687.1833,687.5667,13,451.68,3.7956,3.6134,451.68,3.7956,3.6134,0,60.0,6,6,"Lap H-2 nameplate census, player-relative ground offsets"
T00046,151,687.2667,687.45,6,467.73,3.9305,3.7419,467.73,3.9305,3.7419,0,60.0,6,6,"Lap H-2 nameplate census, player-relative ground offsets"
T00047,151,687.35,687.5167,6,396.8,3.3344,3.1744,396.8,3.3344,3.1744,0,60.0,6,6,"Lap H-2 nameplate census, player-relative ground offsets"
T00048,151,687.5167,687.8,10,460.12,3.8666,3.681,380.75,3.1996,3.046,0,60.0,6,6,"Lap H-2 nameplate census, player-relative ground offsets"
T00049,151,687.5167,687.8833,10,518.34,4.3558,4.1467,424.47,3.567,3.3958,0,60.0,6,6,"Lap H-2 nameplate census, player-relative ground offsets"
T00050,151,687.6167,688.0333,24,571.9,4.8059,4.5752,555.37,4.667,4.443,0,60.0,6,6,"Lap H-2 nameplate census, player-relative ground offsets"
T00051,151,687.6333,687.8,11,582.43,4.8944,4.6595,582.04,4.8911,4.6563,0,60.0,6,6,"Lap H-2 nameplate census, player-relative ground offsets"
T00052,151,687.6333,688.0333,25,573.69,4.821,4.5896,561.17,4.7157,4.4894,0,60.0,6,6,"Lap H-2 nameplate census, player-relative ground offsets"
T00053,151,687.7167,687.95,6,374.73,3.149,2.9978,211.07,1.7737,1.6886,0,60.0,6,6,"Lap H-2 nameplate census, player-relative ground offsets"
T00054,151,687.75,688.0667,9,282.89,2.3772,2.2631,259.64,2.1818,2.0771,0,60.0,6,6,"Lap H-2 nameplate census, player-relative ground offsets"
T00055,151,687.8667,688.0167,8,317.25,2.6659,2.538,236.12,1.9842,1.889,0,60.0,6,6,"Lap H-2 nameplate census, player-relative ground offsets"
T00056,151,687.8667,688.2833,26,1282.57,10.7779,10.2606,1160.09,9.7487,9.2807,1,60.0,6,6,"Lap H-2 nameplate census, player-relative ground offsets"
T00057,151,688.1,688.1833,6,151.57,1.2737,1.2125,140.53,1.1809,1.1242,0,60.0,6,6,"Lap H-2 nameplate census, player-relative ground offsets"
T00058,151,688.1,688.3,7,285.85,2.4021,2.2868,245.87,2.0661,1.9669,0,60.0,6,6,"Lap H-2 nameplate census, player-relative ground offsets"
T00059,151,688.4,688.6667,8,579.9,4.8731,4.6392,564.1,4.7404,4.5128,0,60.0,6,6,"Lap H-2 nameplate census, player-relative ground offsets"
T00060,151,688.5167,688.8,10,221.18,1.8586,1.7694,189.14,1.5894,1.5131,0,60.0,6,6,"Lap H-2 nameplate census, player-relative ground offsets"
T00061,151,688.5167,689.1,18,100.21,0.8421,0.8017,89.51,0.7522,0.7161,0,60.0,6,6,"Lap H-2 nameplate census, player-relative ground offsets"
T00062,151,688.55,688.7667,10,65.18,0.5477,0.5214,65.18,0.5477,0.5214,0,60.0,6,6,"Lap H-2 nameplate census, player-relative ground offsets"
T00063,151,688.55,688.9,11,392.83,3.3011,3.1426,302.81,2.5446,2.4224,0,60.0,6,6,"Lap H-2 nameplate census, player-relative ground offsets"
T00064,151,688.5833,689.3,34,180.7,1.5185,1.4456,180.7,1.5185,1.4456,0,60.0,6,6,"Lap H-2 nameplate census, player-relative ground offsets"
T00065,151,688.6333,688.85,6,520.18,4.3713,4.1615,498.4,4.1882,3.9872,0,60.0,6,6,"Lap H-2 nameplate census, player-relative ground offsets"
T00066,151,688.65,688.9667,10,115.33,0.9691,0.9226,115.33,0.9691,0.9226,0,60.0,6,6,"Lap H-2 nameplate census, player-relative ground offsets"
T00067,151,688.65,689.0833,9,564.39,4.7428,4.5151,520.07,4.3704,4.1606,0,60.0,6,6,"Lap H-2 nameplate census, player-relative ground offsets"
T00068,151,688.7333,689.1,10,633.31,5.3219,5.0665,509.12,4.2783,4.073,0,60.0,6,6,"Lap H-2 nameplate census, player-relative ground offsets"
T00069,151,688.8167,688.95,6,293.35,2.4651,2.3468,214.39,1.8016,1.7151,0,60.0,6,6,"Lap H-2 nameplate census, player-relative ground offsets"
T00070,151,688.85,689.0,6,470.32,3.9523,3.7626,435.53,3.6599,3.4842,0,60.0,6,6,"Lap H-2 nameplate census, player-relative ground offsets"
T00071,151,688.8667,689.15,8,447.38,3.7595,3.579,427.73,3.5943,3.4218,0,60.0,6,6,"Lap H-2 nameplate census, player-relative ground offsets"
T00072,151,688.9,690.0,30,297.32,2.4985,2.3785,220.07,1.8493,1.7605,0,60.0,6,6,"Lap H-2 nameplate census, player-relative ground offsets"
T00073,151,688.95,689.1833,8,416.27,3.4981,3.3302,395.63,3.3246,3.165,0,60.0,6,6,"Lap H-2 nameplate census, player-relative ground offsets"
T00074,151,688.9667,689.1833,9,189.57,1.593,1.5166,188.11,1.5807,1.5048,0,60.0,6,6,"Lap H-2 nameplate census, player-relative ground offsets"
T00075,151,688.9667,689.3333,9,371.67,3.1233,2.9734,289.9,2.4362,2.3192,0,60.0,6,6,"Lap H-2 nameplate census, player-relative ground offsets"
T00076,151,688.9833,689.7667,19,227.65,1.9131,1.8212,100.3,0.8429,0.8024,0,60.0,6,6,"Lap H-2 nameplate census, player-relative ground offsets"
T00077,151,688.9833,689.7667,42,1059.13,8.9003,8.4731,1045.47,8.7854,8.3637,1,60.0,6,6,"Lap H-2 nameplate census, player-relative ground offsets"
T00078,151,689.0167,689.2333,7,211.16,1.7744,1.6892,208.16,1.7493,1.6653,0,60.0,6,6,"Lap H-2 nameplate census, player-relative ground offsets"
T00079,151,689.05,689.35,11,306.02,2.5716,2.4481,300.94,2.5289,2.4075,0,60.0,6,6,"Lap H-2 nameplate census, player-relative ground offsets"
T00080,151,689.1667,689.4,15,1382.03,11.6137,11.0563,1306.0,10.9748,10.448,1,60.0,6,6,"Lap H-2 nameplate census, player-relative ground offsets"
T00081,151,689.1667,689.4667,10,233.4,1.9614,1.8672,233.4,1.9614,1.8672,0,60.0,6,6,"Lap H-2 nameplate census, player-relative ground offsets"
T00082,151,689.1833,689.35,9,205.83,1.7297,1.6466,145.64,1.2239,1.1651,0,60.0,6,6,"Lap H-2 nameplate census, player-relative ground offsets"
T00083,151,689.2,689.3333,7,205.8,1.7294,1.6464,159.92,1.3439,1.2794,0,60.0,6,6,"Lap H-2 nameplate census, player-relative ground offsets"
T00084,151,689.2,689.9333,45,558.76,4.6955,4.4701,558.09,4.6898,4.4647,0,60.0,6,6,"Lap H-2 nameplate census, player-relative ground offsets"
T00085,151,689.2333,689.3333,6,109.08,0.9167,0.8727,88.35,0.7425,0.7068,0,60.0,6,6,"Lap H-2 nameplate census, player-relative ground offsets"
T00086,151,689.25,689.6833,25,171.12,1.438,1.369,70.03,0.5885,0.5603,0,60.0,6,6,"Lap H-2 nameplate census, player-relative ground offsets"
T00087,151,689.3167,689.7833,16,173.29,1.4562,1.3863,51.95,0.4366,0.4156,0,60.0,6,6,"Lap H-2 nameplate census, player-relative ground offsets"
T00088,151,689.3333,689.6333,8,372.53,3.1305,2.9802,326.97,2.7476,2.6157,0,60.0,6,6,"Lap H-2 nameplate census, player-relative ground offsets"
T00089,151,689.3833,690.15,45,1031.24,8.6659,8.2499,945.42,7.9447,7.5634,1,60.0,6,6,"Lap H-2 nameplate census, player-relative ground offsets"
T00090,151,689.4,689.5167,6,239.2,2.0101,1.9136,238.15,2.0013,1.9052,0,60.0,6,6,"Lap H-2 nameplate census, player-relative ground offsets"
T00091,151,689.4,689.6167,6,256.71,2.1572,2.0537,233.0,1.958,1.864,0,60.0,6,6,"Lap H-2 nameplate census, player-relative ground offsets"
T00092,151,689.4833,689.7333,11,515.2,4.3294,4.1216,515.2,4.3294,4.1216,0,60.0,6,6,"Lap H-2 nameplate census, player-relative ground offsets"
T00093,151,689.55,689.9333,24,446.77,3.7544,3.5742,430.78,3.62,3.4463,0,60.0,6,6,"Lap H-2 nameplate census, player-relative ground offsets"
T00094,151,689.5667,690.0667,30,1161.24,9.7583,9.2899,977.06,8.2106,7.8165,1,60.0,6,6,"Lap H-2 nameplate census, player-relative ground offsets"
T00095,151,689.5667,691.3667,101,1198.3,10.0697,9.5864,474.47,3.9871,3.7958,1,60.0,6,6,"Lap H-2 nameplate census, player-relative ground offsets"
T00096,151,689.5833,689.8,9,169.35,1.4231,1.3548,160.64,1.3499,1.2851,0,60.0,6,6,"Lap H-2 nameplate census, player-relative ground offsets"
T00097,151,689.6167,690.0,11,383.28,3.2208,3.0662,365.12,3.0682,2.921,0,60.0,6,6,"Lap H-2 nameplate census, player-relative ground offsets"
T00098,151,689.6833,689.8833,7,395.58,3.3242,3.1647,365.09,3.068,2.9208,0,60.0,6,6,"Lap H-2 nameplate census, player-relative ground offsets"
T00099,151,689.7,689.8167,6,188.81,1.5867,1.5105,187.87,1.5787,1.5029,0,60.0,6,6,"Lap H-2 nameplate census, player-relative ground offsets"
T00100,151,689.7333,689.9833,16,1191.35,10.0113,9.5308,1118.96,9.403,8.9517,1,60.0,6,6,"Lap H-2 nameplate census, player-relative ground offsets"
T00101,151,689.8,690.1,9,180.42,1.5162,1.4434,149.51,1.2564,1.1961,0,60.0,6,6,"Lap H-2 nameplate census, player-relative ground offsets"
T00102,151,690.0833,690.8667,44,1076.0,9.042,8.608,652.49,5.4831,5.2199,1,60.0,6,6,"Lap H-2 nameplate census, player-relative ground offsets"
T00103,151,690.35,690.6167,9,344.45,2.8946,2.7556,318.83,2.6792,2.5506,0,60.0,6,6,"Lap H-2 nameplate census, player-relative ground offsets"
T00104,151,690.4,691.95,92,1058.56,8.8954,8.4685,1045.81,8.7884,8.3665,1,60.0,6,6,"Lap H-2 nameplate census, player-relative ground offsets"
T00105,151,690.45,690.6333,7,272.92,2.2934,2.1834,272.92,2.2934,2.1834,0,60.0,6,6,"Lap H-2 nameplate census, player-relative ground offsets"
T00106,151,690.4833,692.25,105,1133.0,9.521,9.064,376.39,3.163,3.0111,1,60.0,6,6,"Lap H-2 nameplate census, player-relative ground offsets"
T00107,151,690.5833,692.3,101,1031.35,8.6668,8.2508,555.49,4.668,4.4439,1,60.0,6,6,"Lap H-2 nameplate census, player-relative ground offsets"
T00108,151,690.6167,690.8,8,1145.42,9.6253,9.1633,850.02,7.1431,6.8002,1,60.0,6,6,"Lap H-2 nameplate census, player-relative ground offsets"
T00109,151,690.7,690.7833,6,1265.06,10.6307,10.1204,993.28,8.3469,7.9462,1,60.0,6,6,"Lap H-2 nameplate census, player-relative ground offsets"
T00110,151,690.7,690.85,7,898.16,7.5476,7.1853,701.27,5.893,5.6102,1,60.0,6,6,"Lap H-2 nameplate census, player-relative ground offsets"
T00111,151,690.7,691.4667,47,870.9,7.3185,6.9672,339.16,2.8501,2.7133,1,60.0,6,6,"Lap H-2 nameplate census, player-relative ground offsets"
T00112,151,690.75,692.55,98,1001.45,8.4155,8.0116,285.12,2.3959,2.2809,1,60.0,6,6,"Lap H-2 nameplate census, player-relative ground offsets"
T00113,151,690.7667,692.55,103,963.06,8.093,7.7045,388.97,3.2687,3.1118,1,60.0,6,6,"Lap H-2 nameplate census, player-relative ground offsets"
T00114,151,690.8,691.3667,26,830.25,6.9769,6.642,460.71,3.8715,3.6856,1,60.0,6,6,"Lap H-2 nameplate census, player-relative ground offsets"
T00115,151,690.8,692.0333,73,932.96,7.84,7.4637,158.86,1.3349,1.2708,1,60.0,6,6,"Lap H-2 nameplate census, player-relative ground offsets"
T00116,151,690.8167,692.0333,72,985.74,8.2835,7.8859,303.03,2.5465,2.4242,1,60.0,6,6,"Lap H-2 nameplate census, player-relative ground offsets"
T00117,151,690.85,692.1167,65,413.89,3.4781,3.3111,23.47,0.1972,0.1877,0,60.0,6,6,"Lap H-2 nameplate census, player-relative ground offsets"
T00118,151,690.85,692.55,98,1340.3,11.263,10.7224,603.05,5.0676,4.8244,1,60.0,6,6,"Lap H-2 nameplate census, player-relative ground offsets"
T00119,151,690.8833,691.1667,16,342.38,2.8772,2.7391,342.38,2.8772,2.7391,0,60.0,6,6,"Lap H-2 nameplate census, player-relative ground offsets"
T00120,151,691.25,692.0,38,573.96,4.8232,4.5916,563.16,4.7324,4.5052,0,60.0,6,6,"Lap H-2 nameplate census, player-relative ground offsets"
T00121,151,691.3,692.55,71,1349.29,11.3386,10.7943,666.94,5.6045,5.3355,1,60.0,6,6,"Lap H-2 nameplate census, player-relative ground offsets"
T00122,151,691.3667,691.45,6,452.39,3.8016,3.6192,382.92,3.2178,3.0633,0,60.0,6,6,"Lap H-2 nameplate census, player-relative ground offsets"
T00123,151,691.3667,691.6333,7,366.44,3.0793,2.9315,256.55,2.1558,2.0524,0,60.0,6,6,"Lap H-2 nameplate census, player-relative ground offsets"
T00124,151,691.3833,691.6333,12,240.8,2.0235,1.9264,147.44,1.239,1.1795,0,60.0,6,6,"Lap H-2 nameplate census, player-relative ground offsets"
T00125,151,691.4833,691.6167,9,237.97,1.9997,1.9037,167.46,1.4073,1.3397,0,60.0,6,6,"Lap H-2 nameplate census, player-relative ground offsets"
T00126,151,691.4833,692.55,50,580.26,4.8761,4.6421,562.09,4.7235,4.4967,0,60.0,6,6,"Lap H-2 nameplate census, player-relative ground offsets"
T00127,151,691.8,692.55,41,243.16,2.0434,1.9453,221.24,1.8591,1.7699,0,60.0,6,6,"Lap H-2 nameplate census, player-relative ground offsets"
T00128,151,692.0333,692.55,29,287.48,2.4158,2.2998,58.04,0.4877,0.4643,0,60.0,6,6,"Lap H-2 nameplate census, player-relative ground offsets"
T00129,151,692.1667,692.55,21,577.91,4.8564,4.6233,576.42,4.8438,4.6113,0,60.0,6,6,"Lap H-2 nameplate census, player-relative ground offsets"
T00130,151,692.2,693.05,15,525.27,4.4141,4.2022,521.5,4.3823,4.172,0,60.0,6,6,"Lap H-2 nameplate census, player-relative ground offsets"
T00131,151,692.9333,693.1,8,568.5,4.7773,4.548,505.14,4.2448,4.0411,0,60.0,6,6,"Lap H-2 nameplate census, player-relative ground offsets"
T00132,151,692.9333,694.3,83,536.89,4.5117,4.2951,250.69,2.1067,2.0055,0,60.0,6,6,"Lap H-2 nameplate census, player-relative ground offsets"
T00133,151,692.9333,694.9667,119,494.0,4.1513,3.952,81.88,0.6881,0.655,0,60.0,6,6,"Lap H-2 nameplate census, player-relative ground offsets"
T00134,151,692.9333,695.4833,144,1058.56,8.8954,8.4685,1046.97,8.7981,8.3758,1,60.0,6,6,"Lap H-2 nameplate census, player-relative ground offsets"
T00135,151,692.9333,696.2833,187,331.32,2.7842,2.6505,239.4,2.0118,1.9152,0,60.0,6,6,"Lap H-2 nameplate census, player-relative ground offsets"
T00136,151,692.9333,696.3833,192,577.68,4.8544,4.6214,118.11,0.9926,0.9449,0,60.0,6,6,"Lap H-2 nameplate census, player-relative ground offsets"
T00137,151,692.9333,697.5333,232,235.56,1.9795,1.8845,210.62,1.7699,1.685,0,60.0,6,6,"Lap H-2 nameplate census, player-relative ground offsets"
T00138,151,692.95,693.2333,12,469.75,3.9475,3.758,372.01,3.1261,2.9761,0,60.0,6,6,"Lap H-2 nameplate census, player-relative ground offsets"
T00139,151,693.25,693.3667,6,311.63,2.6187,2.493,309.36,2.5996,2.4749,0,60.0,6,6,"Lap H-2 nameplate census, player-relative ground offsets"
T00140,151,693.2833,693.6,9,317.47,2.6678,2.5397,241.32,2.0279,1.9306,0,60.0,6,6,"Lap H-2 nameplate census, player-relative ground offsets"
T00141,151,693.35,693.5333,6,177.55,1.492,1.4204,140.98,1.1847,1.1278,0,60.0,6,6,"Lap H-2 nameplate census, player-relative ground offsets"
T00142,151,693.3833,693.8167,14,282.96,2.3778,2.2637,210.67,1.7703,1.6853,0,60.0,6,6,"Lap H-2 nameplate census, player-relative ground offsets"
T00143,151,693.55,693.8,16,577.6,4.8538,4.6208,558.3,4.6916,4.4664,0,60.0,6,6,"Lap H-2 nameplate census, player-relative ground offsets"
T00144,151,693.5667,693.7667,8,70.25,0.5903,0.562,70.25,0.5903,0.562,0,60.0,6,6,"Lap H-2 nameplate census, player-relative ground offsets"
T00145,151,693.5833,693.8,14,576.72,4.8464,4.6138,561.96,4.7224,4.4957,0,60.0,6,6,"Lap H-2 nameplate census, player-relative ground offsets"
T00146,151,693.6,693.7667,8,235.67,1.9804,1.8854,226.44,1.9028,1.8115,0,60.0,6,6,"Lap H-2 nameplate census, player-relative ground offsets"
T00147,151,693.6167,693.8,12,568.75,4.7794,4.55,565.21,4.7497,4.5217,0,60.0,6,6,"Lap H-2 nameplate census, player-relative ground offsets"
T00148,151,693.6167,693.8,7,620.98,5.2183,4.9678,604.6,5.0806,4.8368,0,60.0,6,6,"Lap H-2 nameplate census, player-relative ground offsets"
T00149,151,693.65,694.4333,19,253.43,2.1296,2.0274,197.32,1.6581,1.5785,0,60.0,6,6,"Lap H-2 nameplate census, player-relative ground offsets"
T00150,151,693.7,694.1333,13,236.24,1.9852,1.8899,236.04,1.9835,1.8883,0,60.0,6,6,"Lap H-2 nameplate census, player-relative ground offsets"
T00151,151,693.8167,694.4167,12,267.96,2.2518,2.1437,233.91,1.9656,1.8713,0,60.0,6,6,"Lap H-2 nameplate census, player-relative ground offsets"
T00152,151,693.95,694.4167,13,182.77,1.5358,1.4621,102.16,0.8585,0.8173,0,60.0,6,6,"Lap H-2 nameplate census, player-relative ground offsets"
T00153,151,694.2667,694.4167,6,263.66,2.2157,2.1093,251.76,2.1156,2.014,0,60.0,6,6,"Lap H-2 nameplate census, player-relative ground offsets"
T00154,151,694.55,696.1333,66,101.36,0.8517,0.8108,21.19,0.178,0.1695,0,60.0,6,6,"Lap H-2 nameplate census, player-relative ground offsets"
T00155,151,694.65,695.1,13,395.43,3.3229,3.1634,395.43,3.3229,3.1634,0,60.0,6,6,"Lap H-2 nameplate census, player-relative ground offsets"
T00156,151,694.7,694.9667,9,131.56,1.1055,1.0525,89.97,0.756,0.7197,0,60.0,6,6,"Lap H-2 nameplate census, player-relative ground offsets"
T00157,151,694.7167,695.1333,26,286.58,2.4082,2.2926,280.46,2.3568,2.2437,0,60.0,6,6,"Lap H-2 nameplate census, player-relative ground offsets"
T00158,151,694.7333,694.9,6,85.84,0.7214,0.6867,63.32,0.5321,0.5066,0,60.0,6,6,"Lap H-2 nameplate census, player-relative ground offsets"
T00159,151,694.7833,694.95,8,249.35,2.0954,1.9948,246.36,2.0703,1.9709,0,60.0,6,6,"Lap H-2 nameplate census, player-relative ground offsets"
T00160,151,694.7833,696.75,109,729.1,6.1269,5.8328,293.27,2.4644,2.3461,0,60.0,6,6,"Lap H-2 nameplate census, player-relative ground offsets"
T00161,151,694.8667,695.0333,7,677.75,5.6954,5.422,676.35,5.6836,5.4108,0,60.0,6,6,"Lap H-2 nameplate census, player-relative ground offsets"
T00162,151,694.9,695.3833,11,281.65,2.3668,2.2532,262.07,2.2023,2.0965,0,60.0,6,6,"Lap H-2 nameplate census, player-relative ground offsets"
T00163,151,694.9,695.7833,22,414.51,3.4833,3.3161,396.33,3.3305,3.1706,0,60.0,6,6,"Lap H-2 nameplate census, player-relative ground offsets"
T00164,151,694.9167,695.0833,6,286.93,2.4112,2.2954,251.56,2.1139,2.0125,0,60.0,6,6,"Lap H-2 nameplate census, player-relative ground offsets"
T00165,151,694.9167,695.5833,14,502.64,4.2239,4.0211,495.72,4.1657,3.9657,0,60.0,6,6,"Lap H-2 nameplate census, player-relative ground offsets"
T00166,151,694.9833,695.35,6,85.93,0.7221,0.6874,83.95,0.7055,0.6716,0,60.0,6,6,"Lap H-2 nameplate census, player-relative ground offsets"
T00167,151,695.0167,695.7,22,576.72,4.8464,4.6138,558.76,4.6955,4.4701,0,60.0,6,6,"Lap H-2 nameplate census, player-relative ground offsets"
T00168,151,695.05,695.15,7,550.51,4.6262,4.4041,550.43,4.6254,4.4034,0,60.0,6,6,"Lap H-2 nameplate census, player-relative ground offsets"
T00169,151,695.0833,695.55,12,422.44,3.5499,3.3795,393.85,3.3097,3.1508,0,60.0,6,6,"Lap H-2 nameplate census, player-relative ground offsets"
T00170,151,695.1,695.7,20,533.34,4.4819,4.2667,502.61,4.2236,4.0208,0,60.0,6,6,"Lap H-2 nameplate census, player-relative ground offsets"
T00171,151,695.3833,695.5667,6,259.37,2.1795,2.0749,243.43,2.0456,1.9474,0,60.0,6,6,"Lap H-2 nameplate census, player-relative ground offsets"
T00172,151,695.4,695.6,7,162.15,1.3626,1.2972,126.05,1.0593,1.0084,0,60.0,6,6,"Lap H-2 nameplate census, player-relative ground offsets"
T00173,151,695.4333,695.7,9,436.76,3.6702,3.4941,426.47,3.5838,3.4118,0,60.0,6,6,"Lap H-2 nameplate census, player-relative ground offsets"
T00174,151,695.45,695.6667,10,521.79,4.3848,4.1743,511.02,4.2943,4.0881,0,60.0,6,6,"Lap H-2 nameplate census, player-relative ground offsets"
T00175,151,695.5167,695.6,6,513.05,4.3114,4.1044,513.05,4.3114,4.1044,0,60.0,6,6,"Lap H-2 nameplate census, player-relative ground offsets"
T00176,151,695.5167,695.6333,6,801.68,6.7368,6.4134,786.35,6.6079,6.2908,1,60.0,6,6,"Lap H-2 nameplate census, player-relative ground offsets"
T00177,151,695.5167,695.7,9,508.5,4.2731,4.068,487.65,4.0979,3.9012,0,60.0,6,6,"Lap H-2 nameplate census, player-relative ground offsets"
T00178,151,695.55,695.7667,7,444.14,3.7323,3.5532,444.14,3.7323,3.5532,0,60.0,6,6,"Lap H-2 nameplate census, player-relative ground offsets"
T00179,151,695.55,695.7833,9,512.17,4.304,4.0974,509.35,4.2803,4.0748,0,60.0,6,6,"Lap H-2 nameplate census, player-relative ground offsets"
T00180,151,695.5833,696.25,15,25.99,0.2184,0.2079,15.84,0.1331,0.1267,0,60.0,6,6,"Lap H-2 nameplate census, player-relative ground offsets"
T00181,151,695.6,695.7833,7,530.25,4.4559,4.242,482.89,4.0579,3.8632,0,60.0,6,6,"Lap H-2 nameplate census, player-relative ground offsets"
T00182,151,695.6333,696.4833,44,1071.59,9.0049,8.5727,1045.5,8.7857,8.364,1,60.0,6,6,"Lap H-2 nameplate census, player-relative ground offsets"
T00183,151,695.85,696.4667,21,199.26,1.6745,1.5941,199.26,1.6745,1.5941,0,60.0,6,6,"Lap H-2 nameplate census, player-relative ground offsets"
T00184,151,695.9167,696.2,17,574.12,4.8245,4.593,574.12,4.8245,4.593,0,60.0,6,6,"Lap H-2 nameplate census, player-relative ground offsets"
T00185,151,695.9833,696.2167,8,541.93,4.554,4.3355,531.13,4.4633,4.249,0,60.0,6,6,"Lap H-2 nameplate census, player-relative ground offsets"
T00186,151,696.0167,696.2,6,90.76,0.7627,0.7261,81.47,0.6846,0.6518,0,60.0,6,6,"Lap H-2 nameplate census, player-relative ground offsets"
T00187,151,696.0833,696.5167,16,224.72,1.8884,1.7977,99.63,0.8372,0.797,0,60.0,6,6,"Lap H-2 nameplate census, player-relative ground offsets"
T00188,151,696.1167,696.4833,11,117.12,0.9842,0.9369,117.12,0.9842,0.9369,0,60.0,6,6,"Lap H-2 nameplate census, player-relative ground offsets"
T00189,151,696.1167,697.1667,40,65.06,0.5467,0.5205,63.5,0.5336,0.508,0,60.0,6,6,"Lap H-2 nameplate census, player-relative ground offsets"
T00190,151,696.4,697.8667,29,42.04,0.3533,0.3363,11.08,0.0931,0.0886,0,60.0,6,6,"Lap H-2 nameplate census, player-relative ground offsets"
T00191,151,696.4167,696.5833,7,64.43,0.5414,0.5155,64.43,0.5414,0.5155,0,60.0,6,6,"Lap H-2 nameplate census, player-relative ground offsets"
T00192,151,696.4333,696.6833,10,87.32,0.7337,0.6985,87.32,0.7337,0.6985,0,60.0,6,6,"Lap H-2 nameplate census, player-relative ground offsets"
T00193,151,696.4667,697.1667,17,244.11,2.0514,1.9529,197.65,1.6609,1.5812,0,60.0,6,6,"Lap H-2 nameplate census, player-relative ground offsets"
T00194,151,696.4667,697.3667,15,138.11,1.1606,1.1049,77.1,0.6479,0.6168,0,60.0,6,6,"Lap H-2 nameplate census, player-relative ground offsets"
T00195,151,696.4667,697.4667,18,153.03,1.286,1.2243,147.84,1.2423,1.1827,0,60.0,6,6,"Lap H-2 nameplate census, player-relative ground offsets"
T00196,151,696.5167,697.1833,9,71.95,0.6046,0.5756,71.95,0.6046,0.5756,0,60.0,6,6,"Lap H-2 nameplate census, player-relative ground offsets"
T00197,151,696.5833,697.4,9,90.04,0.7567,0.7203,90.04,0.7567,0.7203,0,60.0,6,6,"Lap H-2 nameplate census, player-relative ground offsets"
T00198,151,696.6667,697.3333,9,123.53,1.0381,0.9883,104.42,0.8775,0.8354,0,60.0,6,6,"Lap H-2 nameplate census, player-relative ground offsets"
T00199,151,697.1667,697.35,11,582.91,4.8984,4.6633,568.15,4.7744,4.5452,0,60.0,6,6,"Lap H-2 nameplate census, player-relative ground offsets"
T00200,151,697.1667,697.5,20,1059.86,8.9064,8.4789,1045.17,8.783,8.3614,1,60.0,6,6,"Lap H-2 nameplate census, player-relative ground offsets"
T00201,151,697.2,697.4333,8,287.73,2.4179,2.3019,205.51,1.7269,1.644,0,60.0,6,6,"Lap H-2 nameplate census, player-relative ground offsets"
T00202,151,697.2667,697.35,6,281.09,2.3621,2.2487,277.24,2.3298,2.2179,0,60.0,6,6,"Lap H-2 nameplate census, player-relative ground offsets"
T00203,151,697.2833,697.7333,23,301.96,2.5375,2.4157,56.02,0.4707,0.4481,0,60.0,6,6,"Lap H-2 nameplate census, player-relative ground offsets"
T00204,151,697.3333,697.6333,17,679.2,5.7076,5.4336,660.68,5.552,5.2855,0,60.0,6,6,"Lap H-2 nameplate census, player-relative ground offsets"
T00205,151,697.3833,697.55,6,352.07,2.9586,2.8165,306.94,2.5793,2.4555,0,60.0,6,6,"Lap H-2 nameplate census, player-relative ground offsets"
T00206,151,697.4,697.55,6,109.58,0.9208,0.8766,75.36,0.6332,0.6028,0,60.0,6,6,"Lap H-2 nameplate census, player-relative ground offsets"
T00207,151,697.65,697.85,13,522.95,4.3946,4.1836,522.95,4.3946,4.1836,0,60.0,6,6,"Lap H-2 nameplate census, player-relative ground offsets"
T00208,151,697.7,697.8167,7,174.22,1.464,1.3938,174.22,1.464,1.3938,0,60.0,6,6,"Lap H-2 nameplate census, player-relative ground offsets"
T00209,151,697.7333,698.0667,7,254.64,2.1398,2.0371,254.64,2.1398,2.0371,0,60.0,6,6,"Lap H-2 nameplate census, player-relative ground offsets"
T00210,151,697.7667,698.0,7,213.11,1.7908,1.7049,98.12,0.8245,0.785,0,60.0,6,6,"Lap H-2 nameplate census, player-relative ground offsets"
T00211,151,697.7667,698.0167,16,665.16,5.5896,5.3213,665.16,5.5896,5.3213,0,60.0,6,6,"Lap H-2 nameplate census, player-relative ground offsets"
T00212,151,697.8667,698.0167,9,126.79,1.0655,1.0143,126.79,1.0655,1.0143,0,60.0,6,6,"Lap H-2 nameplate census, player-relative ground offsets"
T00213,151,698.3333,698.5167,6,110.42,0.9279,0.8834,110.42,0.9279,0.8834,0,60.0,6,6,"Lap H-2 nameplate census, player-relative ground offsets"
T00214,151,698.4167,698.5667,6,273.42,2.2977,2.1874,273.42,2.2977,2.1874,0,60.0,6,6,"Lap H-2 nameplate census, player-relative ground offsets"
T00215,151,698.4167,699.1333,38,672.24,5.6491,5.3779,556.16,4.6736,4.4492,0,60.0,6,6,"Lap H-2 nameplate census, player-relative ground offsets"
T00216,151,698.4167,699.9667,85,1061.55,8.9206,8.4924,1045.17,8.783,8.3614,1,60.0,6,6,"Lap H-2 nameplate census, player-relative ground offsets"
T00217,152,698.7333,698.8833,6,568.85,4.7803,4.5508,540.68,4.5435,4.3255,0,60.0,6,6,"Lap H-2 nameplate census, player-relative ground offsets"
T00218,152,698.7333,698.9167,6,515.9,4.3353,4.1272,515.9,4.3353,4.1272,0,60.0,6,6,"Lap H-2 nameplate census, player-relative ground offsets"
T00219,152,698.7333,699.1333,20,565.43,4.7515,4.5235,558.76,4.6955,4.4701,0,60.0,6,6,"Lap H-2 nameplate census, player-relative ground offsets"
T00220,152,698.7333,699.1333,25,571.7,4.8042,4.5736,567.37,4.7678,4.5389,0,60.0,6,6,"Lap H-2 nameplate census, player-relative ground offsets"
T00221,152,698.7333,699.1333,25,509.74,4.2836,4.0779,503.3,4.2294,4.0264,0,60.0,6,6,"Lap H-2 nameplate census, player-relative ground offsets"
T00222,152,698.8,699.0167,6,134.45,1.1298,1.0756,134.45,1.1298,1.0756,0,60.0,6,6,"Lap H-2 nameplate census, player-relative ground offsets"
T00223,152,698.8667,698.9667,7,535.86,4.503,4.2869,517.14,4.3457,4.1371,0,60.0,6,6,"Lap H-2 nameplate census, player-relative ground offsets"
T00224,152,698.8833,699.1667,7,232.92,1.9573,1.8634,207.4,1.7429,1.6592,0,60.0,6,6,"Lap H-2 nameplate census, player-relative ground offsets"
T00225,152,699.0167,699.5167,14,50.86,0.4274,0.4069,23.89,0.2007,0.1911,0,60.0,6,6,"Lap H-2 nameplate census, player-relative ground offsets"
T00226,152,699.0333,699.1167,6,512.39,4.3058,4.0991,512.39,4.3058,4.0991,0,60.0,6,6,"Lap H-2 nameplate census, player-relative ground offsets"
T00227,152,699.1833,701.95,162,795.86,6.6879,6.3669,181.48,1.5251,1.4519,1,60.0,6,6,"Lap H-2 nameplate census, player-relative ground offsets"
T00228,152,699.3167,699.7,9,224.66,1.8879,1.7973,188.26,1.582,1.5061,0,60.0,6,6,"Lap H-2 nameplate census, player-relative ground offsets"
T00229,152,699.4833,699.6333,7,133.72,1.1237,1.0698,127.0,1.0672,1.016,0,60.0,6,6,"Lap H-2 nameplate census, player-relative ground offsets"
T00230,152,699.4833,700.45,59,757.33,6.3641,6.0587,714.09,6.0007,5.7127,0,60.0,6,6,"Lap H-2 nameplate census, player-relative ground offsets"
T00231,152,699.55,699.6333,6,173.43,1.4574,1.3874,167.66,1.4089,1.3413,0,60.0,6,6,"Lap H-2 nameplate census, player-relative ground offsets"
T00232,152,699.5833,700.35,47,990.61,8.3245,7.9249,982.92,8.2598,7.8633,1,60.0,6,6,"Lap H-2 nameplate census, player-relative ground offsets"
T00233,152,699.75,700.3333,36,834.78,7.0149,6.6782,834.78,7.0149,6.6782,1,60.0,6,6,"Lap H-2 nameplate census, player-relative ground offsets"
T00234,152,699.7667,700.3333,34,765.64,6.434,6.1251,708.66,5.9552,5.6693,1,60.0,6,6,"Lap H-2 nameplate census, player-relative ground offsets"
T00235,152,700.45,701.5667,68,1264.45,10.6256,10.1156,977.39,8.2134,7.8192,1,60.0,6,6,"Lap H-2 nameplate census, player-relative ground offsets"
T00236,152,700.7833,701.55,42,1169.9,9.8311,9.3592,1100.33,9.2465,8.8026,1,60.0,6,6,"Lap H-2 nameplate census, player-relative ground offsets"
T00237,152,700.8,701.45,40,1303.08,10.9503,10.4247,1130.0,9.4958,9.04,1,60.0,6,6,"Lap H-2 nameplate census, player-relative ground offsets"
T00238,152,700.8333,701.5,40,1057.98,8.8906,8.4639,1057.42,8.8858,8.4593,1,60.0,6,6,"Lap H-2 nameplate census, player-relative ground offsets"
T00239,152,700.9,701.5167,37,1230.99,10.3444,9.8479,1053.71,8.8547,8.4297,1,60.0,6,6,"Lap H-2 nameplate census, player-relative ground offsets"
T00240,152,700.9667,702.0333,61,864.85,7.2677,6.9188,155.34,1.3053,1.2427,1,60.0,6,6,"Lap H-2 nameplate census, player-relative ground offsets"
T00241,152,701.3,701.7333,19,572.96,4.8148,4.5836,569.83,4.7885,4.5587,0,60.0,6,6,"Lap H-2 nameplate census, player-relative ground offsets"
T00242,152,701.3333,702.3667,57,841.4,7.0706,6.7312,28.48,0.2393,0.2278,1,60.0,6,6,"Lap H-2 nameplate census, player-relative ground offsets"
T00243,152,701.3333,702.55,68,895.07,7.5216,7.1606,201.07,1.6897,1.6086,1,60.0,6,6,"Lap H-2 nameplate census, player-relative ground offsets"
T00244,152,701.5333,701.6833,9,980.44,8.239,7.8436,775.85,6.5198,6.2068,1,60.0,6,6,"Lap H-2 nameplate census, player-relative ground offsets"
T00245,152,701.5333,703.0833,93,794.3,6.6748,6.3544,124.14,1.0432,0.9931,1,60.0,6,6,"Lap H-2 nameplate census, player-relative ground offsets"
T00246,152,701.55,701.6333,6,880.77,7.4014,7.0462,765.42,6.4321,6.1234,1,60.0,6,6,"Lap H-2 nameplate census, player-relative ground offsets"
T00247,152,701.5667,702.2833,44,828.37,6.9611,6.627,263.65,2.2156,2.1092,1,60.0,6,6,"Lap H-2 nameplate census, player-relative ground offsets"
T00248,152,701.5833,701.7,7,986.66,8.2912,7.8932,943.16,7.9257,7.5453,1,60.0,6,6,"Lap H-2 nameplate census, player-relative ground offsets"
T00249,152,701.6167,702.7833,71,797.42,6.701,6.3794,141.71,1.1909,1.1337,1,60.0,6,6,"Lap H-2 nameplate census, player-relative ground offsets"
T00250,152,701.6167,702.85,72,810.99,6.815,6.4879,145.31,1.2211,1.1625,1,60.0,6,6,"Lap H-2 nameplate census, player-relative ground offsets"
T00251,152,701.65,702.0333,24,442.95,3.7223,3.5436,64.78,0.5443,0.5182,0,60.0,6,6,"Lap H-2 nameplate census, player-relative ground offsets"
T00252,152,701.7,703.4333,105,763.61,6.4169,6.1089,240.22,2.0186,1.9217,1,60.0,6,6,"Lap H-2 nameplate census, player-relative ground offsets"
T00253,152,701.7333,703.1667,85,699.25,5.8761,5.594,329.85,2.7719,2.6388,0,60.0,6,6,"Lap H-2 nameplate census, player-relative ground offsets"
T00254,152,701.7667,702.2,26,638.35,5.3643,5.1068,400.16,3.3627,3.2013,0,60.0,6,6,"Lap H-2 nameplate census, player-relative ground offsets"
T00255,152,701.7667,703.3167,89,598.3,5.0277,4.7864,266.46,2.2392,2.1317,0,60.0,6,6,"Lap H-2 nameplate census, player-relative ground offsets"
T00256,152,701.8667,702.2333,22,646.75,5.4349,5.174,577.02,4.8489,4.6162,0,60.0,6,6,"Lap H-2 nameplate census, player-relative ground offsets"
T00257,152,701.8833,702.8,53,444.85,3.7383,3.5588,318.0,2.6723,2.544,0,60.0,6,6,"Lap H-2 nameplate census, player-relative ground offsets"
T00258,152,702.0333,702.5333,23,569.42,4.785,4.5553,522.8,4.3933,4.1824,0,60.0,6,6,"Lap H-2 nameplate census, player-relative ground offsets"
T00259,152,702.1333,703.8333,103,1048.44,8.8104,8.3875,1047.86,8.8055,8.3829,1,60.0,6,6,"Lap H-2 nameplate census, player-relative ground offsets"
T00260,152,702.2333,702.3833,8,134.12,1.127,1.0729,119.09,1.0008,0.9527,0,60.0,6,6,"Lap H-2 nameplate census, player-relative ground offsets"
T00261,152,702.3333,704.15,101,556.76,4.6787,4.4541,354.84,2.9819,2.8387,0,60.0,6,6,"Lap H-2 nameplate census, player-relative ground offsets"
T00262,152,702.3667,702.55,10,577.47,4.8527,4.6198,577.47,4.8527,4.6198,0,60.0,6,6,"Lap H-2 nameplate census, player-relative ground offsets"
T00263,152,702.3833,702.5667,9,549.65,4.6189,4.3972,527.37,4.4317,4.2189,0,60.0,6,6,"Lap H-2 nameplate census, player-relative ground offsets"
T00264,152,702.4667,704.45,114,980.14,8.2365,7.8411,147.6,1.2403,1.1808,1,60.0,6,6,"Lap H-2 nameplate census, player-relative ground offsets"
T00265,152,702.4833,703.0167,25,567.38,4.7679,4.5391,555.11,4.6648,4.4409,0,60.0,6,6,"Lap H-2 nameplate census, player-relative ground offsets"
T00266,152,702.6167,703.4167,48,15.19,0.1276,0.1215,13.19,0.1108,0.1055,0,60.0,6,6,"Lap H-2 nameplate census, player-relative ground offsets"
T00267,152,702.6833,704.45,100,1001.43,8.4154,8.0114,11.65,0.0979,0.0932,1,60.0,6,6,"Lap H-2 nameplate census, player-relative ground offsets"
T00268,152,702.75,703.0,13,577.47,4.8527,4.6198,567.04,4.765,4.5363,0,60.0,6,6,"Lap H-2 nameplate census, player-relative ground offsets"
T00269,152,702.75,703.0667,14,171.67,1.4426,1.3733,90.5,0.7605,0.724,0,60.0,6,6,"Lap H-2 nameplate census, player-relative ground offsets"
T00270,152,702.8333,703.55,43,374.06,3.1433,2.9925,374.06,3.1433,2.9925,0,60.0,6,6,"Lap H-2 nameplate census, player-relative ground offsets"
T00271,152,702.8333,704.3333,84,282.54,2.3743,2.2603,265.85,2.2341,2.1268,0,60.0,6,6,"Lap H-2 nameplate census, player-relative ground offsets"
T00272,152,702.9167,703.0167,6,238.58,2.0049,1.9087,206.71,1.737,1.6537,0,60.0,6,6,"Lap H-2 nameplate census, player-relative ground offsets"
T00273,152,702.9333,703.1167,7,351.64,2.9549,2.8131,351.64,2.9549,2.8131,0,60.0,6,6,"Lap H-2 nameplate census, player-relative ground offsets"
T00274,152,703.0167,703.3167,11,239.09,2.0092,1.9127,180.47,1.5165,1.4437,0,60.0,6,6,"Lap H-2 nameplate census, player-relative ground offsets"
T00275,152,703.1833,703.3833,7,516.41,4.3396,4.1313,497.45,4.1802,3.9796,0,60.0,6,6,"Lap H-2 nameplate census, player-relative ground offsets"
T00276,152,703.2833,705.3833,120,1032.49,8.6764,8.2599,469.39,3.9445,3.7551,1,60.0,6,6,"Lap H-2 nameplate census, player-relative ground offsets"
T00277,152,703.3167,705.5833,129,998.84,8.3936,7.9907,192.17,1.6149,1.5374,1,60.0,6,6,"Lap H-2 nameplate census, player-relative ground offsets"
T00278,152,703.3333,703.8667,31,511.48,4.2981,4.0918,508.14,4.2701,4.0651,0,60.0,6,6,"Lap H-2 nameplate census, player-relative ground offsets"
T00279,152,703.4167,703.6167,11,590.74,4.9642,4.7259,539.08,4.5301,4.3126,0,60.0,6,6,"Lap H-2 nameplate census, player-relative ground offsets"
T00280,152,703.4833,703.6333,7,258.72,2.1741,2.0698,251.11,2.1102,2.0089,0,60.0,6,6,"Lap H-2 nameplate census, player-relative ground offsets"
T00281,152,703.5167,704.05,17,238.57,2.0048,1.9086,141.03,1.1851,1.1282,0,60.0,6,6,"Lap H-2 nameplate census, player-relative ground offsets"
T00282,152,703.5667,703.9667,25,415.45,3.4912,3.3236,415.45,3.4912,3.3236,0,60.0,6,6,"Lap H-2 nameplate census, player-relative ground offsets"
T00283,152,703.6167,704.0667,28,1080.79,9.0822,8.6463,765.01,6.4287,6.1201,1,60.0,6,6,"Lap H-2 nameplate census, player-relative ground offsets"
T00284,152,703.8333,704.05,9,107.72,0.9052,0.8618,85.96,0.7224,0.6877,0,60.0,6,6,"Lap H-2 nameplate census, player-relative ground offsets"
T00285,152,704.0333,707.45,194,1216.88,10.2259,9.7351,127.35,1.0701,1.0188,1,60.0,6,6,"Lap H-2 nameplate census, player-relative ground offsets"
T00286,152,704.15,704.4333,9,163.0,1.3697,1.304,113.82,0.9565,0.9106,0,60.0,6,6,"Lap H-2 nameplate census, player-relative ground offsets"
T00287,152,704.15,706.1833,121,713.04,5.9919,5.7043,127.41,1.0707,1.0193,0,60.0,6,6,"Lap H-2 nameplate census, player-relative ground offsets"
T00288,152,704.15,706.4833,139,1160.71,9.7538,9.2857,573.16,4.8165,4.5853,1,60.0,6,6,"Lap H-2 nameplate census, player-relative ground offsets"
T00289,152,704.4667,706.5333,125,763.67,6.4174,6.1094,763.67,6.4174,6.1094,1,60.0,6,6,"Lap H-2 nameplate census, player-relative ground offsets"
T00290,152,704.6333,705.0333,21,279.56,2.3492,2.2365,279.56,2.3492,2.2365,0,60.0,6,6,"Lap H-2 nameplate census, player-relative ground offsets"
T00291,152,704.7,705.4167,44,1053.21,8.8505,8.4257,1047.28,8.8007,8.3783,1,60.0,6,6,"Lap H-2 nameplate census, player-relative ground offsets"
T00292,152,704.7167,704.9667,11,260.62,2.1901,2.085,260.62,2.1901,2.085,0,60.0,6,6,"Lap H-2 nameplate census, player-relative ground offsets"
T00293,152,705.0333,705.4,23,1349.16,11.3375,10.7933,1228.15,10.3206,9.8252,1,60.0,6,6,"Lap H-2 nameplate census, player-relative ground offsets"
T00294,152,705.1333,705.35,12,1083.54,9.1054,8.6683,1038.7,8.7286,8.3096,1,60.0,6,6,"Lap H-2 nameplate census, player-relative ground offsets"
T00295,152,705.1333,708.7667,215,1164.22,9.7833,9.3137,501.84,4.2172,4.0147,1,60.0,6,6,"Lap H-2 nameplate census, player-relative ground offsets"
T00296,152,705.2167,710.0667,287,1293.95,10.8735,10.3516,192.25,1.6155,1.538,1,60.0,6,6,"Lap H-2 nameplate census, player-relative ground offsets"
T00297,152,705.4,707.9667,140,1042.16,8.7577,8.3373,97.96,0.8232,0.7837,1,60.0,6,6,"Lap H-2 nameplate census, player-relative ground offsets"
T00298,152,705.5,705.6333,7,1014.57,8.5258,8.1165,955.91,8.0328,7.6472,1,60.0,6,6,"Lap H-2 nameplate census, player-relative ground offsets"
T00299,152,705.6167,707.75,127,1000.0,8.4034,8.0,204.86,1.7215,1.6389,1,60.0,6,6,"Lap H-2 nameplate census, player-relative ground offsets"
T00300,152,705.65,710.2833,278,1156.61,9.7194,9.2529,281.89,2.3688,2.2551,1,60.0,6,6,"Lap H-2 nameplate census, player-relative ground offsets"
T00301,152,705.7667,706.2333,28,570.45,4.7937,4.5636,570.45,4.7937,4.5636,0,60.0,6,6,"Lap H-2 nameplate census, player-relative ground offsets"
T00302,152,705.7833,706.2333,28,525.89,4.4192,4.2071,516.76,4.3425,4.1341,0,60.0,6,6,"Lap H-2 nameplate census, player-relative ground offsets"
T00303,152,705.8333,706.3667,16,137.23,1.1532,1.0979,50.91,0.4278,0.4073,0,60.0,6,6,"Lap H-2 nameplate census, player-relative ground offsets"
T00304,152,705.9,706.0167,7,93.0,0.7815,0.744,30.81,0.2589,0.2465,0,60.0,6,6,"Lap H-2 nameplate census, player-relative ground offsets"
T00305,152,705.9167,706.0167,6,99.37,0.835,0.7949,79.46,0.6677,0.6357,0,60.0,6,6,"Lap H-2 nameplate census, player-relative ground offsets"
T00306,152,705.9833,706.3833,25,1100.68,9.2494,8.8055,1073.07,9.0174,8.5846,1,60.0,6,6,"Lap H-2 nameplate census, player-relative ground offsets"
T00307,152,706.0333,709.0833,183,1016.18,8.5393,8.1294,188.08,1.5805,1.5046,1,60.0,6,6,"Lap H-2 nameplate census, player-relative ground offsets"
T00308,152,706.05,706.35,10,142.43,1.1969,1.1394,109.67,0.9216,0.8773,0,60.0,6,6,"Lap H-2 nameplate census, player-relative ground offsets"
T00309,152,706.1167,706.2833,6,193.14,1.623,1.5451,193.14,1.623,1.5451,0,60.0,6,6,"Lap H-2 nameplate census, player-relative ground offsets"
T00310,152,706.15,706.6167,15,50.63,0.4255,0.405,28.09,0.2361,0.2247,0,60.0,6,6,"Lap H-2 nameplate census, player-relative ground offsets"
T00311,152,706.15,707.8667,104,1066.94,8.9658,8.5355,1050.22,8.8254,8.4018,1,60.0,6,6,"Lap H-2 nameplate census, player-relative ground offsets"
T00312,152,706.1667,706.3833,8,238.08,2.0007,1.9047,219.92,1.8481,1.7594,0,60.0,6,6,"Lap H-2 nameplate census, player-relative ground offsets"
T00313,152,706.5167,706.7,7,688.15,5.7828,5.5052,636.79,5.3511,5.0943,0,60.0,6,6,"Lap H-2 nameplate census, player-relative ground offsets"
T00314,152,706.5167,706.9,16,664.21,5.5816,5.3137,535.55,4.5004,4.2844,0,60.0,6,6,"Lap H-2 nameplate census, player-relative ground offsets"
T00315,152,706.6,707.9,79,1014.18,8.5225,8.1134,477.31,4.011,3.8185,1,60.0,6,6,"Lap H-2 nameplate census, player-relative ground offsets"
T00316,152,706.6333,706.9167,12,673.54,5.66,5.3883,658.73,5.5356,5.2699,0,60.0,6,6,"Lap H-2 nameplate census, player-relative ground offsets"
T00317,152,706.6333,706.9167,15,669.98,5.63,5.3598,653.06,5.4879,5.2245,0,60.0,6,6,"Lap H-2 nameplate census, player-relative ground offsets"
T00318,152,706.7,706.9167,14,579.49,4.8697,4.6359,561.04,4.7146,4.4883,0,60.0,6,6,"Lap H-2 nameplate census, player-relative ground offsets"
T00319,152,706.8167,707.8833,65,1036.85,8.713,8.2948,698.09,5.8663,5.5847,1,60.0,6,6,"Lap H-2 nameplate census, player-relative ground offsets"
T00320,152,706.9667,707.1167,6,223.77,1.8804,1.7902,151.25,1.271,1.21,0,60.0,6,6,"Lap H-2 nameplate census, player-relative ground offsets"
T00321,152,707.1,707.3333,6,196.18,1.6486,1.5695,173.64,1.4591,1.3891,0,60.0,6,6,"Lap H-2 nameplate census, player-relative ground offsets"
T00322,152,707.4167,707.7833,7,316.84,2.6625,2.5347,281.65,2.3668,2.2532,0,60.0,6,6,"Lap H-2 nameplate census, player-relative ground offsets"
T00323,152,707.5333,707.75,9,18.14,0.1524,0.1451,17.23,0.1448,0.1378,0,60.0,6,6,"Lap H-2 nameplate census, player-relative ground offsets"
T00324,152,707.65,708.45,33,188.87,1.5871,1.5109,188.87,1.5871,1.5109,0,60.0,6,6,"Lap H-2 nameplate census, player-relative ground offsets"
T00325,152,707.7167,713.2667,308,488.91,4.1085,3.9113,13.74,0.1155,0.1099,0,60.0,6,6,"Lap H-2 nameplate census, player-relative ground offsets"
T00326,152,707.7667,708.0333,6,182.79,1.5361,1.4623,182.79,1.5361,1.4623,0,60.0,6,6,"Lap H-2 nameplate census, player-relative ground offsets"
T00327,152,707.8667,708.0833,10,601.21,5.0522,4.8097,595.68,5.0057,4.7654,0,60.0,6,6,"Lap H-2 nameplate census, player-relative ground offsets"
T00328,152,707.8833,710.2833,131,792.68,6.6612,6.3414,153.65,1.2912,1.2292,1,60.0,6,6,"Lap H-2 nameplate census, player-relative ground offsets"
T00329,152,708.0667,708.7667,36,436.41,3.6673,3.4913,124.11,1.043,0.9929,0,60.0,6,6,"Lap H-2 nameplate census, player-relative ground offsets"
T00330,152,708.2,709.4,72,202.11,1.6984,1.6169,202.11,1.6984,1.6169,0,60.0,6,6,"Lap H-2 nameplate census, player-relative ground offsets"
T00331,152,708.2333,708.3333,6,567.63,4.77,4.5411,500.26,4.2038,4.0021,0,60.0,6,6,"Lap H-2 nameplate census, player-relative ground offsets"
T00332,152,708.3167,708.6167,9,225.36,1.8938,1.8029,203.96,1.714,1.6317,0,60.0,6,6,"Lap H-2 nameplate census, player-relative ground offsets"
T00333,152,708.3333,708.6667,10,201.6,1.6941,1.6128,201.6,1.6941,1.6128,0,60.0,6,6,"Lap H-2 nameplate census, player-relative ground offsets"
T00334,152,708.3333,708.85,15,348.39,2.9276,2.7871,248.93,2.0919,1.9915,0,60.0,6,6,"Lap H-2 nameplate census, player-relative ground offsets"
T00335,152,708.3333,709.1167,38,576.72,4.8464,4.6138,576.72,4.8464,4.6138,0,60.0,6,6,"Lap H-2 nameplate census, player-relative ground offsets"
T00336,152,708.35,708.5167,8,153.56,1.2904,1.2285,144.05,1.2105,1.1524,0,60.0,6,6,"Lap H-2 nameplate census, player-relative ground offsets"
T00337,152,708.35,708.6667,10,140.61,1.1816,1.1249,110.76,0.9307,0.8861,0,60.0,6,6,"Lap H-2 nameplate census, player-relative ground offsets"
T00338,152,708.35,708.9333,31,582.04,4.8911,4.6563,582.04,4.8911,4.6563,0,60.0,6,6,"Lap H-2 nameplate census, player-relative ground offsets"
T00339,152,708.4167,708.5167,7,219.01,1.8404,1.752,215.51,1.811,1.7241,0,60.0,6,6,"Lap H-2 nameplate census, player-relative ground offsets"
T00340,152,708.5667,708.6667,6,284.31,2.3892,2.2745,284.31,2.3892,2.2745,0,60.0,6,6,"Lap H-2 nameplate census, player-relative ground offsets"
T00341,152,708.5667,708.75,7,102.91,0.8648,0.8233,96.85,0.8139,0.7748,0,60.0,6,6,"Lap H-2 nameplate census, player-relative ground offsets"
T00342,152,708.65,709.0833,27,1058.27,8.893,8.4662,1056.49,8.878,8.4519,1,60.0,6,6,"Lap H-2 nameplate census, player-relative ground offsets"
T00343,152,708.75,709.5667,36,198.06,1.6644,1.5845,198.06,1.6644,1.5845,0,60.0,6,6,"Lap H-2 nameplate census, player-relative ground offsets"
T00344,152,708.7833,708.95,11,670.22,5.6321,5.3618,670.22,5.6321,5.3618,0,60.0,6,6,"Lap H-2 nameplate census, player-relative ground offsets"
T00345,152,708.8167,710.1833,81,487.03,4.0927,3.8962,74.99,0.6302,0.6,0,60.0,6,6,"Lap H-2 nameplate census, player-relative ground offsets"
T00346,152,708.85,708.9333,6,548.05,4.6055,4.3844,546.65,4.5937,4.3732,0,60.0,6,6,"Lap H-2 nameplate census, player-relative ground offsets"
T00347,152,708.9833,709.0833,7,570.76,4.7963,4.5661,570.76,4.7963,4.5661,0,60.0,6,6,"Lap H-2 nameplate census, player-relative ground offsets"
T00348,152,709.0833,709.3667,10,269.94,2.2684,2.1595,260.58,2.1897,2.0846,0,60.0,6,6,"Lap H-2 nameplate census, player-relative ground offsets"
T00349,152,709.0833,710.0667,55,185.24,1.5567,1.4819,9.52,0.08,0.0762,0,60.0,6,6,"Lap H-2 nameplate census, player-relative ground offsets"
T00350,152,709.1167,709.3667,10,943.25,7.9265,7.546,943.25,7.9265,7.546,1,60.0,6,6,"Lap H-2 nameplate census, player-relative ground offsets"
T00351,152,709.15,709.4333,9,335.25,2.8172,2.682,292.12,2.4548,2.337,0,60.0,6,6,"Lap H-2 nameplate census, player-relative ground offsets"
T00352,152,709.3333,709.8,21,264.23,2.2204,2.1138,255.94,2.1508,2.0475,0,60.0,6,6,"Lap H-2 nameplate census, player-relative ground offsets"
T00353,152,709.4333,709.65,11,270.84,2.276,2.1667,270.84,2.276,2.1667,0,60.0,6,6,"Lap H-2 nameplate census, player-relative ground offsets"
T00354,152,709.4333,709.65,9,253.65,2.1315,2.0292,210.49,1.7688,1.6839,0,60.0,6,6,"Lap H-2 nameplate census, player-relative ground offsets"
T00355,152,709.4333,709.7333,11,220.51,1.8531,1.7641,161.19,1.3546,1.2895,0,60.0,6,6,"Lap H-2 nameplate census, player-relative ground offsets"
T00356,152,709.55,710.2833,21,220.36,1.8518,1.7629,211.76,1.7795,1.6941,0,60.0,6,6,"Lap H-2 nameplate census, player-relative ground offsets"
T00357,152,709.5667,709.6667,7,1060.0,8.9076,8.48,1056.49,8.878,8.4519,1,60.0,6,6,"Lap H-2 nameplate census, player-relative ground offsets"
T00358,152,709.5833,709.6833,6,160.81,1.3513,1.2865,147.8,1.242,1.1824,0,60.0,6,6,"Lap H-2 nameplate census, player-relative ground offsets"
T00359,152,709.6833,709.7833,6,265.74,2.2331,2.126,265.74,2.2331,2.126,0,60.0,6,6,"Lap H-2 nameplate census, player-relative ground offsets"
T00360,152,709.7167,709.8167,6,340.97,2.8653,2.7278,340.97,2.8653,2.7278,0,60.0,6,6,"Lap H-2 nameplate census, player-relative ground offsets"
T00361,152,709.75,709.9667,6,82.96,0.6972,0.6637,82.96,0.6972,0.6637,0,60.0,6,6,"Lap H-2 nameplate census, player-relative ground offsets"
T00362,152,709.75,710.0667,12,244.49,2.0545,1.9559,221.75,1.8634,1.774,0,60.0,6,6,"Lap H-2 nameplate census, player-relative ground offsets"
T00363,152,709.7667,710.0333,7,296.67,2.493,2.3734,296.67,2.493,2.3734,0,60.0,6,6,"Lap H-2 nameplate census, player-relative ground offsets"
T00364,152,709.8167,710.0333,9,577.82,4.8556,4.6225,573.96,4.8232,4.5916,0,60.0,6,6,"Lap H-2 nameplate census, player-relative ground offsets"
T00365,152,709.8167,710.0333,14,569.92,4.7892,4.5593,569.38,4.7847,4.555,0,60.0,6,6,"Lap H-2 nameplate census, player-relative ground offsets"
T00366,152,709.9667,710.1167,8,288.65,2.4256,2.3092,250.11,2.1018,2.0009,0,60.0,6,6,"Lap H-2 nameplate census, player-relative ground offsets"
T00367,152,710.0833,710.2833,10,212.18,1.783,1.6974,190.98,1.6049,1.5278,0,60.0,6,6,"Lap H-2 nameplate census, player-relative ground offsets"
T00368,152,710.1,711.1,44,214.56,1.8031,1.7165,166.02,1.3952,1.3282,0,60.0,6,6,"Lap H-2 nameplate census, player-relative ground offsets"
T00369,152,710.1833,710.4333,6,218.24,1.834,1.7459,214.0,1.7983,1.712,0,60.0,6,6,"Lap H-2 nameplate census, player-relative ground offsets"
T00370,152,710.1833,710.5,7,255.5,2.1471,2.044,250.46,2.1047,2.0037,0,60.0,6,6,"Lap H-2 nameplate census, player-relative ground offsets"
T00371,152,710.2,710.4167,11,571.78,4.8048,4.5742,571.78,4.8048,4.5742,0,60.0,6,6,"Lap H-2 nameplate census, player-relative ground offsets"
T00372,152,710.2167,711.75,90,1057.35,8.8853,8.4588,1047.26,8.8005,8.3781,1,60.0,6,6,"Lap H-2 nameplate census, player-relative ground offsets"
T00373,152,710.25,710.4167,8,572.98,4.815,4.5839,567.25,4.7668,4.538,0,60.0,6,6,"Lap H-2 nameplate census, player-relative ground offsets"
T00374,152,710.35,710.5167,6,300.08,2.5217,2.4006,257.65,2.1651,2.0612,0,60.0,6,6,"Lap H-2 nameplate census, player-relative ground offsets"
T00375,152,710.35,710.7,10,140.76,1.1829,1.1261,140.76,1.1829,1.1261,0,60.0,6,6,"Lap H-2 nameplate census, player-relative ground offsets"
T00376,152,710.35,712.7167,139,354.17,2.9762,2.8334,30.23,0.254,0.2418,0,60.0,6,6,"Lap H-2 nameplate census, player-relative ground offsets"
T00377,152,710.4667,710.75,11,242.1,2.0345,1.9368,242.1,2.0345,1.9368,0,60.0,6,6,"Lap H-2 nameplate census, player-relative ground offsets"
T00378,152,710.8,711.1167,12,345.4,2.9025,2.7632,343.67,2.8879,2.7493,0,60.0,6,6,"Lap H-2 nameplate census, player-relative ground offsets"
T00379,152,710.8333,710.9333,7,208.51,1.7522,1.668,199.21,1.674,1.5937,0,60.0,6,6,"Lap H-2 nameplate census, player-relative ground offsets"
T00380,152,710.9,711.0333,6,322.33,2.7086,2.5786,322.33,2.7086,2.5786,0,60.0,6,6,"Lap H-2 nameplate census, player-relative ground offsets"
T00381,152,710.9667,711.3,11,297.61,2.501,2.3809,248.66,2.0896,1.9893,0,60.0,6,6,"Lap H-2 nameplate census, player-relative ground offsets"
T00382,152,711.0333,711.15,7,356.13,2.9927,2.849,351.93,2.9574,2.8154,0,60.0,6,6,"Lap H-2 nameplate census, player-relative ground offsets"
T00383,152,711.1,711.2833,8,241.23,2.0271,1.9298,209.31,1.7589,1.6745,0,60.0,6,6,"Lap H-2 nameplate census, player-relative ground offsets"
T00384,152,711.1167,711.25,7,136.95,1.1509,1.0956,136.95,1.1509,1.0956,0,60.0,6,6,"Lap H-2 nameplate census, player-relative ground offsets"
T00385,152,711.1167,711.3667,7,267.2,2.2454,2.1376,267.2,2.2454,2.1376,0,60.0,6,6,"Lap H-2 nameplate census, player-relative ground offsets"
T00386,152,711.1333,714.1,171,375.63,3.1565,3.005,199.44,1.676,1.5955,0,60.0,6,6,"Lap H-2 nameplate census, player-relative ground offsets"
T00387,152,711.5333,711.65,8,577.65,4.8542,4.6212,577.65,4.8542,4.6212,0,60.0,6,6,"Lap H-2 nameplate census, player-relative ground offsets"
T00388,152,712.1167,712.25,6,669.29,5.6243,5.3544,669.29,5.6243,5.3544,0,60.0,6,6,"Lap H-2 nameplate census, player-relative ground offsets"
T00389,152,712.4,712.6,11,496.8,4.1748,3.9744,496.8,4.1748,3.9744,0,60.0,6,6,"Lap H-2 nameplate census, player-relative ground offsets"
T00390,152,712.45,712.6,9,577.65,4.8542,4.6212,577.26,4.851,4.6181,0,60.0,6,6,"Lap H-2 nameplate census, player-relative ground offsets"
T00391,152,712.4833,712.8167,11,142.78,1.1998,1.1422,131.31,1.1034,1.0505,0,60.0,6,6,"Lap H-2 nameplate census, player-relative ground offsets"
T00392,152,712.65,712.85,7,45.73,0.3843,0.3658,40.57,0.3409,0.3246,0,60.0,6,6,"Lap H-2 nameplate census, player-relative ground offsets"
T00393,152,712.6667,713.3833,44,1066.32,8.9606,8.5305,1054.5,8.8613,8.436,1,60.0,6,6,"Lap H-2 nameplate census, player-relative ground offsets"
T00394,152,712.6833,712.9,6,110.59,0.9293,0.8847,78.44,0.6592,0.6275,0,60.0,6,6,"Lap H-2 nameplate census, player-relative ground offsets"
T00395,152,712.7667,713.0833,10,198.83,1.6708,1.5906,194.61,1.6354,1.5569,0,60.0,6,6,"Lap H-2 nameplate census, player-relative ground offsets"
T00396,152,712.8167,712.9833,7,111.07,0.9334,0.8886,69.14,0.581,0.5531,0,60.0,6,6,"Lap H-2 nameplate census, player-relative ground offsets"
T00397,152,712.9833,713.1333,7,229.66,1.9299,1.8373,229.66,1.9299,1.8373,0,60.0,6,6,"Lap H-2 nameplate census, player-relative ground offsets"
T00398,152,713.0,713.3,7,290.56,2.4417,2.3245,266.84,2.2423,2.1347,0,60.0,6,6,"Lap H-2 nameplate census, player-relative ground offsets"
T00399,152,713.0333,713.3167,10,267.67,2.2493,2.1414,252.56,2.1224,2.0205,0,60.0,6,6,"Lap H-2 nameplate census, player-relative ground offsets"
T00400,152,713.4167,713.55,6,461.17,3.8754,3.6894,461.17,3.8754,3.6894,0,60.0,6,6,"Lap H-2 nameplate census, player-relative ground offsets"
T00401,152,713.4333,713.6667,7,647.18,5.4385,5.1774,533.87,4.4863,4.271,0,60.0,6,6,"Lap H-2 nameplate census, player-relative ground offsets"
T00402,152,713.6833,713.8833,6,444.17,3.7325,3.5533,444.17,3.7325,3.5533,0,60.0,6,6,"Lap H-2 nameplate census, player-relative ground offsets"
T00403,152,713.7,713.8,6,507.98,4.2687,4.0638,507.98,4.2687,4.0638,0,60.0,6,6,"Lap H-2 nameplate census, player-relative ground offsets"
T00404,152,713.8833,713.9667,6,400.43,3.365,3.2035,363.13,3.0515,2.905,0,60.0,6,6,"Lap H-2 nameplate census, player-relative ground offsets"
T00405,152,713.9333,714.0667,6,44.97,0.3779,0.3598,44.97,0.3779,0.3598,0,60.0,6,6,"Lap H-2 nameplate census, player-relative ground offsets"
T00406,152,713.95,714.1167,6,171.03,1.4372,1.3682,152.08,1.278,1.2167,0,60.0,6,6,"Lap H-2 nameplate census, player-relative ground offsets"
T00407,152,714.0333,714.2833,8,120.28,1.0108,0.9623,43.98,0.3696,0.3519,0,60.0,6,6,"Lap H-2 nameplate census, player-relative ground offsets"
T00408,152,714.1167,715.7333,98,1059.71,8.9052,8.4777,1056.2,8.8756,8.4496,1,60.0,6,6,"Lap H-2 nameplate census, player-relative ground offsets"
T00409,152,714.1833,714.35,7,277.99,2.336,2.2239,237.34,1.9945,1.8987,0,60.0,6,6,"Lap H-2 nameplate census, player-relative ground offsets"
T00410,152,714.2167,714.6333,20,226.4,1.9025,1.8112,216.21,1.8169,1.7296,0,60.0,6,6,"Lap H-2 nameplate census, player-relative ground offsets"
T00411,152,714.2333,714.7,23,183.59,1.5428,1.4687,183.59,1.5428,1.4687,0,60.0,6,6,"Lap H-2 nameplate census, player-relative ground offsets"
T00412,152,714.25,714.6333,21,149.44,1.2558,1.1955,130.8,1.0991,1.0464,0,60.0,6,6,"Lap H-2 nameplate census, player-relative ground offsets"
T00413,152,714.25,714.6833,22,213.39,1.7932,1.7071,213.14,1.7911,1.7052,0,60.0,6,6,"Lap H-2 nameplate census, player-relative ground offsets"
T00414,152,714.35,714.6333,18,125.96,1.0585,1.0077,125.96,1.0585,1.0077,0,60.0,6,6,"Lap H-2 nameplate census, player-relative ground offsets"
T00415,152,714.3667,714.6,15,186.42,1.5666,1.4914,186.42,1.5666,1.4914,0,60.0,6,6,"Lap H-2 nameplate census, player-relative ground offsets"
T00416,152,714.3667,714.7333,19,210.81,1.7715,1.6865,210.81,1.7715,1.6865,0,60.0,6,6,"Lap H-2 nameplate census, player-relative ground offsets"
T00417,152,714.6,714.75,8,262.54,2.2063,2.1004,258.08,2.1688,2.0647,0,60.0,6,6,"Lap H-2 nameplate census, player-relative ground offsets"
T00418,153,715.3833,715.5833,7,434.56,3.6517,3.4765,434.56,3.6517,3.4765,0,60.0,6,6,"Lap H-2 nameplate census, player-relative ground offsets"
T00419,153,715.4167,715.8833,18,499.41,4.1967,3.9953,480.5,4.0379,3.844,0,60.0,6,6,"Lap H-2 nameplate census, player-relative ground offsets"
T00420,153,715.45,715.65,6,158.67,1.3333,1.2693,119.61,1.0051,0.9569,0,60.0,6,6,"Lap H-2 nameplate census, player-relative ground offsets"
T00421,153,715.7,717.6333,117,924.04,7.765,7.3923,491.09,4.1268,3.9287,1,60.0,6,6,"Lap H-2 nameplate census, player-relative ground offsets"
T00422,153,715.8167,716.0833,9,212.5,1.7857,1.7,152.83,1.2843,1.2227,0,60.0,6,6,"Lap H-2 nameplate census, player-relative ground offsets"
T00423,153,715.8167,716.1667,9,236.51,1.9875,1.8921,113.88,0.9569,0.911,0,60.0,6,6,"Lap H-2 nameplate census, player-relative ground offsets"
T00424,153,715.8667,716.3667,14,633.92,5.3271,5.0714,633.92,5.3271,5.0714,0,60.0,6,6,"Lap H-2 nameplate census, player-relative ground offsets"
T00425,153,715.8667,718.2167,142,925.86,7.7804,7.4069,287.15,2.413,2.2972,1,60.0,6,6,"Lap H-2 nameplate census, player-relative ground offsets"
T00426,153,715.9667,717.4833,92,831.39,6.9864,6.6511,716.58,6.0217,5.7327,1,60.0,6,6,"Lap H-2 nameplate census, player-relative ground offsets"
T00427,153,716.0833,716.3167,7,154.49,1.2982,1.2359,128.17,1.0771,1.0254,0,60.0,6,6,"Lap H-2 nameplate census, player-relative ground offsets"
T00428,153,716.1167,718.4833,143,773.03,6.496,6.1842,173.86,1.461,1.3909,1,60.0,6,6,"Lap H-2 nameplate census, player-relative ground offsets"
T00429,153,716.25,716.4,6,225.99,1.8991,1.8079,216.25,1.8172,1.73,0,60.0,6,6,"Lap H-2 nameplate census, player-relative ground offsets"
T00430,153,716.4167,719.1333,144,781.48,6.5671,6.2518,210.2,1.7664,1.6816,1,60.0,6,6,"Lap H-2 nameplate census, player-relative ground offsets"
T00431,153,716.5833,716.6833,7,597.03,5.017,4.7762,572.72,4.8128,4.5817,0,60.0,6,6,"Lap H-2 nameplate census, player-relative ground offsets"
T00432,153,716.65,717.7667,52,1057.42,8.8858,8.4593,1055.06,8.8661,8.4405,1,60.0,6,6,"Lap H-2 nameplate census, player-relative ground offsets"
T00433,153,716.65,718.4833,111,835.72,7.0229,6.6858,453.38,3.8099,3.627,1,60.0,6,6,"Lap H-2 nameplate census, player-relative ground offsets"
T00434,153,716.8667,717.0,8,606.78,5.099,4.8542,603.61,5.0723,4.8288,0,60.0,6,6,"Lap H-2 nameplate census, player-relative ground offsets"
T00435,153,717.4333,719.2667,85,501.82,4.217,4.0146,117.24,0.9852,0.938,0,60.0,6,6,"Lap H-2 nameplate census, player-relative ground offsets"
T00436,153,717.7833,718.35,35,561.12,4.7153,4.4889,508.64,4.2743,4.0691,0,60.0,6,6,"Lap H-2 nameplate census, player-relative ground offsets"
T00437,153,717.85,717.95,7,565.52,4.7523,4.5242,564.46,4.7434,4.5157,0,60.0,6,6,"Lap H-2 nameplate census, player-relative ground offsets"
T00438,153,718.0833,720.1833,107,1054.7,8.863,8.4376,1032.44,8.676,8.2595,1,60.0,6,6,"Lap H-2 nameplate census, player-relative ground offsets"
T00439,153,718.2333,719.6333,65,299.33,2.5154,2.3946,299.33,2.5154,2.3946,0,60.0,6,6,"Lap H-2 nameplate census, player-relative ground offsets"
T00440,153,718.3,718.4833,12,1012.05,8.5046,8.0964,661.73,5.5608,5.2939,1,60.0,6,6,"Lap H-2 nameplate census, player-relative ground offsets"
T00441,153,718.35,718.65,15,602.24,5.0608,4.8179,602.24,5.0608,4.8179,0,60.0,6,6,"Lap H-2 nameplate census, player-relative ground offsets"
T00442,153,718.5667,718.65,6,344.69,2.8965,2.7575,317.76,2.6703,2.5421,0,60.0,6,6,"Lap H-2 nameplate census, player-relative ground offsets"
T00443,153,718.5667,718.65,6,504.91,4.2429,4.0393,432.33,3.633,3.4586,0,60.0,6,6,"Lap H-2 nameplate census, player-relative ground offsets"
T00444,153,718.5667,719.4333,37,1103.97,9.2771,8.8318,926.41,7.7849,7.4112,1,60.0,6,6,"Lap H-2 nameplate census, player-relative ground offsets"
T00445,153,718.5667,719.4333,37,1135.73,9.544,9.0859,1004.53,8.4414,8.0362,1,60.0,6,6,"Lap H-2 nameplate census, player-relative ground offsets"
T00446,153,718.5667,719.4667,39,911.13,7.6565,7.289,705.66,5.9299,5.6453,1,60.0,6,6,"Lap H-2 nameplate census, player-relative ground offsets"
T00447,153,718.5667,719.5333,42,422.02,3.5464,3.3762,244.03,2.0506,1.9522,0,60.0,6,6,"Lap H-2 nameplate census, player-relative ground offsets"
T00448,153,718.5833,718.9333,13,936.31,7.8682,7.4905,776.38,6.5242,6.211,1,60.0,6,6,"Lap H-2 nameplate census, player-relative ground offsets"
T00449,153,718.7333,719.3333,21,588.44,4.9449,4.7075,505.48,4.2477,4.0438,0,60.0,6,6,"Lap H-2 nameplate census, player-relative ground offsets"
T00450,153,718.8833,719.2333,13,143.16,1.203,1.1452,68.09,0.5722,0.5447,0,60.0,6,6,"Lap H-2 nameplate census, player-relative ground offsets"
T00451,153,719.0667,719.4667,25,889.43,7.4742,7.1154,735.51,6.1807,5.8841,1,60.0,6,6,"Lap H-2 nameplate census, player-relative ground offsets"
T00452,153,719.0667,719.4667,25,702.69,5.905,5.6215,530.87,4.4611,4.247,0,60.0,6,6,"Lap H-2 nameplate census, player-relative ground offsets"
T00453,153,719.0667,719.9667,55,143.69,1.2075,1.1495,118.58,0.9964,0.9486,0,60.0,6,6,"Lap H-2 nameplate census, player-relative ground offsets"
T00454,153,719.1667,719.3333,11,462.93,3.8902,3.7035,462.93,3.8902,3.7035,0,60.0,6,6,"Lap H-2 nameplate census, player-relative ground offsets"
T00455,153,719.1667,719.35,12,1071.35,9.003,8.5708,892.65,7.5013,7.1412,1,60.0,6,6,"Lap H-2 nameplate census, player-relative ground offsets"
T00456,153,719.35,719.4667,8,1337.01,11.2354,10.6961,1225.51,10.2984,9.8041,1,60.0,6,6,"Lap H-2 nameplate census, player-relative ground offsets"
T00457,153,719.45,720.6667,69,1149.5,9.6596,9.196,680.54,5.7188,5.4443,1,60.0,6,6,"Lap H-2 nameplate census, player-relative ground offsets"
T00458,153,719.4833,719.9667,30,1057.29,8.8848,8.4583,806.63,6.7784,6.453,1,60.0,6,6,"Lap H-2 nameplate census, player-relative ground offsets"
T00459,153,719.4833,720.1833,42,866.77,7.2838,6.9342,770.3,6.4731,6.1624,1,60.0,6,6,"Lap H-2 nameplate census, player-relative ground offsets"
T00460,153,719.4833,720.4833,61,667.98,5.6133,5.3439,478.96,4.0249,3.8317,0,60.0,6,6,"Lap H-2 nameplate census, player-relative ground offsets"
T00461,153,719.4833,720.8167,81,1163.18,9.7746,9.3054,921.03,7.7397,7.3682,1,60.0,6,6,"Lap H-2 nameplate census, player-relative ground offsets"
T00462,153,719.4833,721.0167,85,780.95,6.5626,6.2476,491.1,4.1269,3.9288,1,60.0,6,6,"Lap H-2 nameplate census, player-relative ground offsets"
T00463,153,719.4833,721.05,95,625.57,5.2569,5.0046,341.35,2.8685,2.7308,0,60.0,6,6,"Lap H-2 nameplate census, player-relative ground offsets"
T00464,153,719.4833,721.2,99,705.99,5.9327,5.6479,431.23,3.6238,3.4499,0,60.0,6,6,"Lap H-2 nameplate census, player-relative ground offsets"
T00465,153,719.4833,721.5167,123,489.31,4.1118,3.9145,263.08,2.2107,2.1046,0,60.0,6,6,"Lap H-2 nameplate census, player-relative ground offsets"
T00466,153,719.4833,721.95,139,1093.05,9.1853,8.7444,86.56,0.7274,0.6925,1,60.0,6,6,"Lap H-2 nameplate census, player-relative ground offsets"
T00467,153,719.4833,722.45,165,1155.3,9.7084,9.2424,133.76,1.1241,1.0701,1,60.0,6,6,"Lap H-2 nameplate census, player-relative ground offsets"
T00468,153,719.8333,723.1,166,1300.47,10.9283,10.4038,312.83,2.6288,2.5026,1,60.0,6,6,"Lap H-2 nameplate census, player-relative ground offsets"
T00469,153,719.8833,720.0667,6,210.1,1.7656,1.6808,210.1,1.7656,1.6808,0,60.0,6,6,"Lap H-2 nameplate census, player-relative ground offsets"
T00470,153,719.8833,720.1333,6,218.07,1.8325,1.7446,208.1,1.7488,1.6648,0,60.0,6,6,"Lap H-2 nameplate census, player-relative ground offsets"
T00471,153,719.9167,720.0833,7,361.94,3.0415,2.8955,361.94,3.0415,2.8955,0,60.0,6,6,"Lap H-2 nameplate census, player-relative ground offsets"
T00472,153,719.9167,720.1333,6,431.16,3.6232,3.4493,404.39,3.3982,3.2351,0,60.0,6,6,"Lap H-2 nameplate census, player-relative ground offsets"
T00473,153,720.2,720.8167,38,1197.1,10.0597,9.5768,1084.76,9.1156,8.6781,1,60.0,6,6,"Lap H-2 nameplate census, player-relative ground offsets"
T00474,153,720.2,721.3667,71,1218.67,10.2409,9.7494,971.54,8.1642,7.7723,1,60.0,6,6,"Lap H-2 nameplate census, player-relative ground offsets"
T00475,153,720.2,721.85,96,1145.97,9.63,9.1677,752.94,6.3273,6.0235,1,60.0,6,6,"Lap H-2 nameplate census, player-relative ground offsets"
T00476,153,720.3,720.85,34,673.61,5.6606,5.3889,591.0,4.9663,4.728,0,60.0,6,6,"Lap H-2 nameplate census, player-relative ground offsets"
T00477,153,720.3167,721.2833,59,1010.06,8.4879,8.0805,926.34,7.7843,7.4107,1,60.0,6,6,"Lap H-2 nameplate census, player-relative ground offsets"
T00478,153,720.3167,722.4167,119,1021.59,8.5848,8.1728,179.0,1.5042,1.432,1,60.0,6,6,"Lap H-2 nameplate census, player-relative ground offsets"
T00479,153,720.35,720.4333,6,157.33,1.3221,1.2587,126.42,1.0623,1.0113,0,60.0,6,6,"Lap H-2 nameplate census, player-relative ground offsets"
T00480,153,720.3833,720.4833,7,129.92,1.0917,1.0393,123.74,1.0398,0.9899,0,60.0,6,6,"Lap H-2 nameplate census, player-relative ground offsets"
T00481,153,720.4167,720.65,8,217.63,1.8288,1.741,217.63,1.8288,1.741,0,60.0,6,6,"Lap H-2 nameplate census, player-relative ground offsets"
T00482,153,720.45,720.6,6,216.1,1.8159,1.7288,216.1,1.8159,1.7288,0,60.0,6,6,"Lap H-2 nameplate census, player-relative ground offsets"
T00483,153,720.45,720.9,15,275.14,2.3121,2.2011,210.26,1.7669,1.6821,0,60.0,6,6,"Lap H-2 nameplate census, player-relative ground offsets"
T00484,153,720.45,721.3667,26,276.1,2.3201,2.2088,252.85,2.1248,2.0228,0,60.0,6,6,"Lap H-2 nameplate census, player-relative ground offsets"
T00485,153,720.5333,720.8,9,973.98,8.1847,7.7918,930.56,7.8198,7.4445,1,60.0,6,6,"Lap H-2 nameplate census, player-relative ground offsets"
T00486,153,720.55,720.8833,17,602.27,5.0611,4.8182,573.37,4.8182,4.5869,0,60.0,6,6,"Lap H-2 nameplate census, player-relative ground offsets"
T00487,153,720.6167,721.2333,31,94.66,0.7955,0.7573,15.95,0.1341,0.1276,0,60.0,6,6,"Lap H-2 nameplate census, player-relative ground offsets"
T00488,153,720.65,720.7833,7,150.35,1.2634,1.2028,98.86,0.8308,0.7909,0,60.0,6,6,"Lap H-2 nameplate census, player-relative ground offsets"
T00489,153,720.65,720.8167,11,83.48,0.7015,0.6679,75.45,0.634,0.6036,0,60.0,6,6,"Lap H-2 nameplate census, player-relative ground offsets"
T00490,153,720.6833,721.1167,16,129.74,1.0903,1.0379,23.37,0.1963,0.1869,0,60.0,6,6,"Lap H-2 nameplate census, player-relative ground offsets"
T00491,153,720.7167,720.8167,7,364.85,3.0659,2.9188,349.14,2.934,2.7931,0,60.0,6,6,"Lap H-2 nameplate census, player-relative ground offsets"
T00492,153,720.7167,720.85,9,375.9,3.1588,3.0072,371.04,3.118,2.9683,0,60.0,6,6,"Lap H-2 nameplate census, player-relative ground offsets"
T00493,153,720.7167,720.85,9,1057.42,8.8858,8.4593,1057.42,8.8858,8.4593,1,60.0,6,6,"Lap H-2 nameplate census, player-relative ground offsets"
T00494,153,720.7333,720.9333,12,633.66,5.3249,5.0693,550.76,4.6282,4.406,0,60.0,6,6,"Lap H-2 nameplate census, player-relative ground offsets"
T00495,153,720.7667,720.85,6,217.35,1.8265,1.7388,217.35,1.8265,1.7388,0,60.0,6,6,"Lap H-2 nameplate census, player-relative ground offsets"
T00496,153,720.8667,721.85,45,1060.5,8.9118,8.484,848.02,7.1262,6.7842,1,60.0,6,6,"Lap H-2 nameplate census, player-relative ground offsets"
T00497,153,720.9167,721.1167,12,417.81,3.511,3.3425,321.11,2.6984,2.5689,0,60.0,6,6,"Lap H-2 nameplate census, player-relative ground offsets"
T00498,153,720.95,721.1167,11,483.24,4.0608,3.8659,441.38,3.7091,3.531,0,60.0,6,6,"Lap H-2 nameplate census, player-relative ground offsets"
T00499,153,720.95,721.2667,11,250.22,2.1027,2.0018,250.22,2.1027,2.0018,0,60.0,6,6,"Lap H-2 nameplate census, player-relative ground offsets"
T00500,153,721.0333,721.2333,10,15.99,0.1344,0.1279,9.52,0.08,0.0762,0,60.0,6,6,"Lap H-2 nameplate census, player-relative ground offsets"
T00501,153,721.0667,721.3667,17,400.8,3.368,3.2064,344.67,2.8964,2.7574,0,60.0,6,6,"Lap H-2 nameplate census, player-relative ground offsets"
T00502,153,721.0667,721.6833,38,1185.69,9.9637,9.4855,916.54,7.702,7.3323,1,60.0,6,6,"Lap H-2 nameplate census, player-relative ground offsets"
T00503,153,721.0667,722.3667,71,324.37,2.7258,2.595,45.04,0.3785,0.3603,0,60.0,6,6,"Lap H-2 nameplate census, player-relative ground offsets"
T00504,153,721.1,721.2833,11,242.22,2.0355,1.9378,210.34,1.7675,1.6827,0,60.0,6,6,"Lap H-2 nameplate census, player-relative ground offsets"
T00505,153,721.1333,721.2667,7,170.1,1.4294,1.3608,170.1,1.4294,1.3608,0,60.0,6,6,"Lap H-2 nameplate census, player-relative ground offsets"
T00506,153,721.1333,721.4333,18,558.18,4.6906,4.4654,423.0,3.5546,3.384,0,60.0,6,6,"Lap H-2 nameplate census, player-relative ground offsets"
T00507,153,721.1833,721.6833,31,1236.08,10.3873,9.8887,988.07,8.3031,7.9045,1,60.0,6,6,"Lap H-2 nameplate census, player-relative ground offsets"
T00508,153,721.2833,721.6167,13,1059.79,8.9058,8.4784,1042.02,8.7564,8.3361,1,60.0,6,6,"Lap H-2 nameplate census, player-relative ground offsets"
T00509,153,721.3,721.5833,10,202.57,1.7023,1.6206,202.57,1.7023,1.6206,0,60.0,6,6,"Lap H-2 nameplate census, player-relative ground offsets"
T00510,153,721.3,721.6833,24,1073.85,9.024,8.5908,1073.85,9.024,8.5908,1,60.0,6,6,"Lap H-2 nameplate census, player-relative ground offsets"
T00511,153,721.35,721.4333,6,260.17,2.1863,2.0814,238.91,2.0076,1.9113,0,60.0,6,6,"Lap H-2 nameplate census, player-relative ground offsets"
T00512,153,721.35,721.65,17,239.42,2.0119,1.9153,205.18,1.7242,1.6415,0,60.0,6,6,"Lap H-2 nameplate census, player-relative ground offsets"
T00513,153,721.35,721.7833,21,953.28,8.0108,7.6263,894.78,7.5191,7.1582,1,60.0,6,6,"Lap H-2 nameplate census, player-relative ground offsets"
T00514,153,721.3833,721.5167,9,1058.52,8.8951,8.4681,1052.61,8.8454,8.4208,1,60.0,6,6,"Lap H-2 nameplate census, player-relative ground offsets"
T00515,153,721.3833,721.6167,8,1097.59,9.2235,8.7808,1095.5,9.2059,8.764,1,60.0,6,6,"Lap H-2 nameplate census, player-relative ground offsets"
T00516,153,721.4167,721.5833,9,224.11,1.8833,1.7929,210.86,1.772,1.6869,0,60.0,6,6,"Lap H-2 nameplate census, player-relative ground offsets"
T00517,153,721.4167,721.85,23,466.96,3.924,3.7357,368.93,3.1002,2.9514,0,60.0,6,6,"Lap H-2 nameplate census, player-relative ground offsets"
T00518,153,721.45,721.6833,13,120.0,1.0084,0.96,120.0,1.0084,0.96,0,60.0,6,6,"Lap H-2 nameplate census, player-relative ground offsets"
T00519,153,721.5333,721.6833,10,287.93,2.4196,2.3034,264.17,2.2199,2.1133,0,60.0,6,6,"Lap H-2 nameplate census, player-relative ground offsets"
T00520,153,721.5333,721.6833,10,1166.66,9.8039,9.3333,1166.66,9.8039,9.3333,1,60.0,6,6,"Lap H-2 nameplate census, player-relative ground offsets"
T00521,153,721.5667,721.9167,12,499.16,4.1947,3.9933,499.16,4.1947,3.9933,0,60.0,6,6,"Lap H-2 nameplate census, player-relative ground offsets"
T00522,153,721.6,721.7833,8,935.85,7.8643,7.4868,881.37,7.4065,7.051,1,60.0,6,6,"Lap H-2 nameplate census, player-relative ground offsets"
T00523,153,721.6,721.95,16,558.66,4.6946,4.4693,556.8,4.679,4.4544,0,60.0,6,6,"Lap H-2 nameplate census, player-relative ground offsets"
T00524,153,721.6667,721.85,8,681.27,5.7249,5.4501,590.26,4.9602,4.7221,0,60.0,6,6,"Lap H-2 nameplate census, player-relative ground offsets"
T00525,153,721.6667,721.95,12,511.31,4.2968,4.0905,511.31,4.2968,4.0905,0,60.0,6,6,"Lap H-2 nameplate census, player-relative ground offsets"
T00526,153,721.7667,721.85,6,862.69,7.2495,6.9015,818.14,6.8752,6.5452,1,60.0,6,6,"Lap H-2 nameplate census, player-relative ground offsets"
T00527,153,721.7667,722.1333,21,1059.44,8.9029,8.4755,854.06,7.177,6.8325,1,60.0,6,6,"Lap H-2 nameplate census, player-relative ground offsets"
T00528,153,721.8,721.9167,6,582.72,4.8968,4.6618,582.72,4.8968,4.6618,0,60.0,6,6,"Lap H-2 nameplate census, player-relative ground offsets"
T00529,153,721.8333,721.95,6,711.53,5.9792,5.6922,711.53,5.9792,5.6922,0,60.0,6,6,"Lap H-2 nameplate census, player-relative ground offsets"
T00530,153,721.9,722.1333,15,418.07,3.5132,3.3446,259.97,2.1846,2.0797,0,60.0,6,6,"Lap H-2 nameplate census, player-relative ground offsets"
T00531,153,721.9,722.2667,21,766.31,6.4396,6.1305,569.84,4.7886,4.5588,1,60.0,6,6,"Lap H-2 nameplate census, player-relative ground offsets"
T00532,153,721.9,722.3333,25,239.01,2.0085,1.9121,110.02,0.9245,0.8801,0,60.0,6,6,"Lap H-2 nameplate census, player-relative ground offsets"
T00533,153,721.9,722.6833,44,752.48,6.3234,6.0199,369.77,3.1073,2.9582,0,60.0,6,6,"Lap H-2 nameplate census, player-relative ground offsets"
T00534,153,721.9,722.6833,44,692.69,5.8209,5.5415,227.86,1.9148,1.8229,0,60.0,6,6,"Lap H-2 nameplate census, player-relative ground offsets"
T00535,153,721.9,722.6833,44,1191.6,10.0135,9.5328,590.11,4.9589,4.7209,1,60.0,6,6,"Lap H-2 nameplate census, player-relative ground offsets"
T00536,153,721.9,723.4,70,551.68,4.636,4.4134,75.94,0.6382,0.6075,0,60.0,6,6,"Lap H-2 nameplate census, player-relative ground offsets"
T00537,153,721.9333,723.6167,79,1057.35,8.8853,8.4588,1050.88,8.8309,8.4071,1,60.0,6,6,"Lap H-2 nameplate census, player-relative ground offsets"
T00538,153,722.1333,723.7667,72,827.01,6.9497,6.6161,615.24,5.1701,4.9219,1,60.0,6,6,"Lap H-2 nameplate census, player-relative ground offsets"
T00539,153,722.15,722.4,8,183.15,1.5391,1.4652,162.33,1.3641,1.2986,0,60.0,6,6,"Lap H-2 nameplate census, player-relative ground offsets"
T00540,153,722.25,722.6833,25,595.33,5.0027,4.7626,416.17,3.4972,3.3293,0,60.0,6,6,"Lap H-2 nameplate census, player-relative ground offsets"
T00541,153,722.3167,722.6167,17,117.72,0.9893,0.9418,113.86,0.9568,0.9109,0,60.0,6,6,"Lap H-2 nameplate census, player-relative ground offsets"
T00542,153,722.35,722.6833,19,1102.87,9.2678,8.8229,893.64,7.5096,7.1491,1,60.0,6,6,"Lap H-2 nameplate census, player-relative ground offsets"
T00543,153,722.35,723.2667,29,453.24,3.8087,3.6259,194.6,1.6353,1.5568,0,60.0,6,6,"Lap H-2 nameplate census, player-relative ground offsets"
T00544,153,722.4167,722.6167,11,132.07,1.1098,1.0565,53.4,0.4488,0.4272,0,60.0,6,6,"Lap H-2 nameplate census, player-relative ground offsets"
T00545,153,722.5,722.6167,8,127.61,1.0723,1.0209,92.32,0.7758,0.7385,0,60.0,6,6,"Lap H-2 nameplate census, player-relative ground offsets"
T00546,153,722.5,722.9,18,567.95,4.7727,4.5436,566.2,4.758,4.5296,0,60.0,6,6,"Lap H-2 nameplate census, player-relative ground offsets"
T00547,153,722.5333,722.6833,8,225.5,1.895,1.804,225.5,1.895,1.804,0,60.0,6,6,"Lap H-2 nameplate census, player-relative ground offsets"
T00548,153,722.6333,722.8333,8,316.54,2.66,2.5323,289.16,2.4299,2.3133,0,60.0,6,6,"Lap H-2 nameplate census, player-relative ground offsets"
T00549,153,722.65,722.8333,7,272.32,2.2884,2.1786,272.32,2.2884,2.1786,0,60.0,6,6,"Lap H-2 nameplate census, player-relative ground offsets"
T00550,153,722.7833,722.9,6,575.98,4.8401,4.6078,561.31,4.7169,4.4905,0,60.0,6,6,"Lap H-2 nameplate census, player-relative ground offsets"
T00551,153,722.7833,722.9,6,228.92,1.9237,1.8313,228.92,1.9237,1.8313,0,60.0,6,6,"Lap H-2 nameplate census, player-relative ground offsets"
T00552,153,722.7833,722.9,6,373.48,3.1385,2.9879,368.65,3.0979,2.9492,0,60.0,6,6,"Lap H-2 nameplate census, player-relative ground offsets"
T00553,153,722.7833,723.0333,6,571.27,4.8006,4.5702,557.3,4.6832,4.4584,0,60.0,6,6,"Lap H-2 nameplate census, player-relative ground offsets"
T00554,153,722.7833,723.1,12,169.01,1.4202,1.352,74.02,0.622,0.5922,0,60.0,6,6,"Lap H-2 nameplate census, player-relative ground offsets"
T00555,153,722.7833,723.3,17,223.09,1.8747,1.7847,165.83,1.3935,1.3266,0,60.0,6,6,"Lap H-2 nameplate census, player-relative ground offsets"
T00556,153,722.8167,723.4833,33,195.89,1.6461,1.5671,158.7,1.3336,1.2696,0,60.0,6,6,"Lap H-2 nameplate census, player-relative ground offsets"
T00557,153,723.0167,723.2667,14,33.51,0.2816,0.2681,20.87,0.1754,0.167,0,60.0,6,6,"Lap H-2 nameplate census, player-relative ground offsets"
T00558,153,723.0167,724.0,51,692.83,5.8221,5.5427,311.84,2.6205,2.4947,0,60.0,6,6,"Lap H-2 nameplate census, player-relative ground offsets"
T00559,153,723.1333,723.4833,19,195.95,1.6467,1.5676,141.49,1.189,1.1319,0,60.0,6,6,"Lap H-2 nameplate census, player-relative ground offsets"
T00560,153,723.2,723.3,6,432.81,3.6371,3.4625,380.52,3.1977,3.0442,0,60.0,6,6,"Lap H-2 nameplate census, player-relative ground offsets"
T00561,153,723.2,723.4,8,156.44,1.3146,1.2515,147.05,1.2357,1.1764,0,60.0,6,6,"Lap H-2 nameplate census, player-relative ground offsets"
T00562,153,723.2333,724.0167,27,247.4,2.079,1.9792,194.5,1.6345,1.556,0,60.0,6,6,"Lap H-2 nameplate census, player-relative ground offsets"
T00563,153,723.6167,723.9167,8,40.36,0.3392,0.3229,25.34,0.2129,0.2027,0,60.0,6,6,"Lap H-2 nameplate census, player-relative ground offsets"
T00564,153,723.7333,724.4333,43,1089.77,9.1577,8.7181,855.07,7.1855,6.8406,1,60.0,6,6,"Lap H-2 nameplate census, player-relative ground offsets"
T00565,153,723.7333,725.6167,114,1168.07,9.8157,9.3446,917.36,7.7089,7.3389,1,60.0,6,6,"Lap H-2 nameplate census, player-relative ground offsets"
T00566,153,723.75,723.8833,6,202.26,1.6997,1.6181,193.02,1.6221,1.5442,0,60.0,6,6,"Lap H-2 nameplate census, player-relative ground offsets"
T00567,153,723.75,723.9167,6,733.29,6.1621,5.8663,733.29,6.1621,5.8663,0,60.0,6,6,"Lap H-2 nameplate census, player-relative ground offsets"
T00568,153,723.75,724.0167,17,860.02,7.227,6.8801,840.73,7.0649,6.7258,1,60.0,6,6,"Lap H-2 nameplate census, player-relative ground offsets"
T00569,153,723.7833,723.9333,10,964.52,8.1052,7.7162,936.46,7.8694,7.4916,1,60.0,6,6,"Lap H-2 nameplate census, player-relative ground offsets"
T00570,153,723.7833,723.9333,10,165.49,1.3906,1.3239,165.49,1.3906,1.3239,0,60.0,6,6,"Lap H-2 nameplate census, player-relative ground offsets"
T00571,153,723.7833,724.0,6,95.59,0.8033,0.7648,71.64,0.602,0.5731,0,60.0,6,6,"Lap H-2 nameplate census, player-relative ground offsets"
T00572,153,723.8167,724.0167,6,864.41,7.2639,6.9152,850.38,7.1461,6.8031,1,60.0,6,6,"Lap H-2 nameplate census, player-relative ground offsets"
T00573,153,723.8667,724.4833,15,130.63,1.0978,1.0451,29.23,0.2456,0.2338,0,60.0,6,6,"Lap H-2 nameplate census, player-relative ground offsets"
T00574,153,723.9333,724.1,6,130.27,1.0947,1.0422,109.44,0.9197,0.8755,0,60.0,6,6,"Lap H-2 nameplate census, player-relative ground offsets"
T00575,153,723.9333,724.3333,16,255.81,2.1496,2.0465,233.7,1.9639,1.8696,0,60.0,6,6,"Lap H-2 nameplate census, player-relative ground offsets"
T00576,153,723.9833,724.2667,12,9.31,0.0782,0.0745,9.31,0.0782,0.0745,0,60.0,6,6,"Lap H-2 nameplate census, player-relative ground offsets"
T00577,153,724.0333,724.2667,7,216.89,1.8226,1.7351,159.27,1.3384,1.2742,0,60.0,6,6,"Lap H-2 nameplate census, player-relative ground offsets"
T00578,153,724.15,724.2667,7,277.1,2.3286,2.2168,268.9,2.2597,2.1512,0,60.0,6,6,"Lap H-2 nameplate census, player-relative ground offsets"
T00579,153,724.15,724.5,12,102.71,0.8631,0.8217,26.09,0.2193,0.2088,0,60.0,6,6,"Lap H-2 nameplate census, player-relative ground offsets"
T00580,153,724.2,724.35,6,51.84,0.4357,0.4147,41.07,0.3451,0.3286,0,60.0,6,6,"Lap H-2 nameplate census, player-relative ground offsets"
T00581,153,724.35,725.5167,58,756.59,6.3579,6.0527,572.54,4.8113,4.5803,0,60.0,6,6,"Lap H-2 nameplate census, player-relative ground offsets"
T00582,153,724.6333,724.75,6,846.66,7.1148,6.7733,846.66,7.1148,6.7733,1,60.0,6,6,"Lap H-2 nameplate census, player-relative ground offsets"
T00583,153,724.7833,725.0167,11,55.23,0.4641,0.4419,55.23,0.4641,0.4419,0,60.0,6,6,"Lap H-2 nameplate census, player-relative ground offsets"
T00584,153,724.8667,725.2167,11,26.62,0.2237,0.213,26.62,0.2237,0.213,0,60.0,6,6,"Lap H-2 nameplate census, player-relative ground offsets"
T00585,153,725.0333,725.3167,11,45.95,0.3862,0.3676,14.35,0.1206,0.1148,0,60.0,6,6,"Lap H-2 nameplate census, player-relative ground offsets"
T00586,153,725.0667,725.3,8,27.48,0.231,0.2199,11.08,0.0931,0.0886,0,60.0,6,6,"Lap H-2 nameplate census, player-relative ground offsets"
T00587,153,725.2167,725.4,9,602.74,5.065,4.8219,555.54,4.6684,4.4444,0,60.0,6,6,"Lap H-2 nameplate census, player-relative ground offsets"
T00588,153,725.3667,725.8667,30,554.54,4.66,4.4363,238.73,2.0061,1.9098,0,60.0,6,6,"Lap H-2 nameplate census, player-relative ground offsets"
T00589,153,725.7667,726.45,42,232.45,1.9533,1.8596,98.7,0.8294,0.7896,0,60.0,6,6,"Lap H-2 nameplate census, player-relative ground offsets"
T00590,153,725.85,727.6667,102,1052.59,8.8453,8.4207,1046.95,8.7979,8.3756,1,60.0,6,6,"Lap H-2 nameplate census, player-relative ground offsets"
T00591,153,726.3167,726.4833,10,162.44,1.365,1.2995,101.81,0.8555,0.8144,0,60.0,6,6,"Lap H-2 nameplate census, player-relative ground offsets"
T00592,153,726.4833,726.7833,7,166.51,1.3992,1.332,158.36,1.3308,1.2669,0,60.0,6,6,"Lap H-2 nameplate census, player-relative ground offsets"
T00593,153,726.75,726.9,6,106.97,0.8989,0.8557,106.97,0.8989,0.8557,0,60.0,6,6,"Lap H-2 nameplate census, player-relative ground offsets"
T00594,153,726.8,726.9,6,84.01,0.706,0.6721,69.68,0.5855,0.5574,0,60.0,6,6,"Lap H-2 nameplate census, player-relative ground offsets"
T00595,153,726.8833,726.9833,6,31.41,0.264,0.2513,19.0,0.1596,0.152,0,60.0,6,6,"Lap H-2 nameplate census, player-relative ground offsets"
T00596,153,727.45,727.5667,6,251.43,2.1128,2.0114,248.11,2.0849,1.9849,0,60.0,6,6,"Lap H-2 nameplate census, player-relative ground offsets"
T00597,153,728.1333,728.25,6,585.6,4.921,4.6848,571.53,4.8028,4.5722,0,60.0,6,6,"Lap H-2 nameplate census, player-relative ground offsets"
T00598,153,728.1833,728.4333,8,580.92,4.8817,4.6473,561.39,4.7175,4.4911,0,60.0,6,6,"Lap H-2 nameplate census, player-relative ground offsets"
T00599,153,728.35,729.2667,56,520.87,4.377,4.167,315.41,2.6505,2.5233,0,60.0,6,6,"Lap H-2 nameplate census, player-relative ground offsets"
T00600,153,728.55,729.25,40,1066.91,8.9656,8.5353,1047.28,8.8007,8.3783,1,60.0,6,6,"Lap H-2 nameplate census, player-relative ground offsets"
T00601,153,729.0,729.5667,35,450.66,3.787,3.6053,446.68,3.7537,3.5735,0,60.0,6,6,"Lap H-2 nameplate census, player-relative ground offsets"
T00602,153,729.0667,729.5667,31,451.28,3.7923,3.6103,451.28,3.7923,3.6103,0,60.0,6,6,"Lap H-2 nameplate census, player-relative ground offsets"
T00603,153,729.15,729.45,8,223.73,1.8801,1.7899,184.07,1.5468,1.4725,0,60.0,6,6,"Lap H-2 nameplate census, player-relative ground offsets"
T00604,153,729.2,729.45,9,120.88,1.0158,0.967,65.51,0.5505,0.524,0,60.0,6,6,"Lap H-2 nameplate census, player-relative ground offsets"
T00605,153,729.35,729.5667,9,202.67,1.7031,1.6213,202.67,1.7031,1.6213,0,60.0,6,6,"Lap H-2 nameplate census, player-relative ground offsets"
T00606,153,729.3667,729.4667,7,566.04,4.7566,4.5283,566.04,4.7566,4.5283,0,60.0,6,6,"Lap H-2 nameplate census, player-relative ground offsets"
T00607,153,729.4833,729.8,10,137.03,1.1515,1.0962,137.03,1.1515,1.0962,0,60.0,6,6,"Lap H-2 nameplate census, player-relative ground offsets"
T00608,153,729.7667,729.95,8,25.74,0.2163,0.2059,25.74,0.2163,0.2059,0,60.0,6,6,"Lap H-2 nameplate census, player-relative ground offsets"
T00609,154,729.9667,731.6167,100,1058.85,8.8979,8.4708,1054.42,8.8606,8.4353,1,60.0,6,6,"Lap H-2 nameplate census, player-relative ground offsets"
T00610,154,729.9833,730.1667,6,101.35,0.8517,0.8108,101.35,0.8517,0.8108,0,60.0,6,6,"Lap H-2 nameplate census, player-relative ground offsets"
T00611,154,731.9167,734.5333,158,1053.28,8.8511,8.4262,110.91,0.932,0.8873,1,60.0,6,6,"Lap H-2 nameplate census, player-relative ground offsets"
T00612,154,731.95,734.1167,129,1033.21,8.6824,8.2657,249.22,2.0943,1.9938,1,60.0,6,6,"Lap H-2 nameplate census, player-relative ground offsets"
T00613,154,732.1333,733.2,64,1015.37,8.5325,8.123,661.08,5.5553,5.2887,1,60.0,6,6,"Lap H-2 nameplate census, player-relative ground offsets"
T00614,154,732.1333,733.7833,100,1033.21,8.6824,8.2657,478.22,4.0186,3.8257,1,60.0,6,6,"Lap H-2 nameplate census, player-relative ground offsets"
T00615,154,732.2,734.9333,143,1104.2,9.279,8.8336,323.63,2.7196,2.5891,1,60.0,6,6,"Lap H-2 nameplate census, player-relative ground offsets"
T00616,154,732.35,732.5333,12,1085.4,9.121,8.6832,1013.87,8.5199,8.1109,1,60.0,6,6,"Lap H-2 nameplate census, player-relative ground offsets"
T00617,154,732.4833,733.1833,39,1057.98,8.8906,8.4639,1047.86,8.8055,8.3829,1,60.0,6,6,"Lap H-2 nameplate census, player-relative ground offsets"
T00618,154,732.5333,732.7167,12,671.25,5.6408,5.37,671.2,5.6404,5.3696,0,60.0,6,6,"Lap H-2 nameplate census, player-relative ground offsets"
T00619,154,732.55,734.5333,119,703.8,5.9143,5.6304,416.79,3.5024,3.3343,0,60.0,6,6,"Lap H-2 nameplate census, player-relative ground offsets"
T00620,154,732.5833,732.7167,6,666.82,5.6035,5.3346,666.07,5.5972,5.3285,0,60.0,6,6,"Lap H-2 nameplate census, player-relative ground offsets"
T00621,154,732.7,732.9833,9,51.04,0.4289,0.4083,34.05,0.2861,0.2724,0,60.0,6,6,"Lap H-2 nameplate census, player-relative ground offsets"
T00622,154,732.8,733.0667,16,940.69,7.9049,7.5255,850.48,7.1469,6.8038,1,60.0,6,6,"Lap H-2 nameplate census, player-relative ground offsets"
T00623,154,733.0333,733.1167,6,668.7,5.6193,5.3496,657.53,5.5254,5.2602,0,60.0,6,6,"Lap H-2 nameplate census, player-relative ground offsets"
T00624,154,733.0333,733.4,19,671.71,5.6446,5.3736,656.84,5.5196,5.2547,0,60.0,6,6,"Lap H-2 nameplate census, player-relative ground offsets"
T00625,154,733.0667,734.5333,86,842.26,7.0779,6.7381,281.77,2.3678,2.2541,1,60.0,6,6,"Lap H-2 nameplate census, player-relative ground offsets"
T00626,154,733.0833,734.75,93,1028.2,8.6403,8.2256,427.33,3.591,3.4187,1,60.0,6,6,"Lap H-2 nameplate census, player-relative ground offsets"
T00627,154,733.1,733.3,7,95.92,0.8061,0.7674,95.92,0.8061,0.7674,0,60.0,6,6,"Lap H-2 nameplate census, player-relative ground offsets"
T00628,154,733.2,733.6167,15,671.36,5.6417,5.3709,653.06,5.4879,5.2245,0,60.0,6,6,"Lap H-2 nameplate census, player-relative ground offsets"
T00629,154,733.2167,733.3667,7,126.49,1.063,1.012,124.35,1.045,0.9948,0,60.0,6,6,"Lap H-2 nameplate census, player-relative ground offsets"
T00630,154,733.2333,733.5167,18,527.22,4.4304,4.2177,508.5,4.2731,4.068,0,60.0,6,6,"Lap H-2 nameplate census, player-relative ground offsets"
T00631,154,733.2667,734.05,48,1023.06,8.5971,8.1845,703.95,5.9156,5.6316,1,60.0,6,6,"Lap H-2 nameplate census, player-relative ground offsets"
T00632,154,733.3,733.6167,15,66.29,0.5571,0.5304,63.26,0.5316,0.5061,0,60.0,6,6,"Lap H-2 nameplate census, player-relative ground offsets"
T00633,154,733.3333,733.55,9,79.05,0.6643,0.6324,52.47,0.4409,0.4198,0,60.0,6,6,"Lap H-2 nameplate census, player-relative ground offsets"
T00634,154,733.5333,734.4167,51,569.83,4.7885,4.5587,559.59,4.7024,4.4767,0,60.0,6,6,"Lap H-2 nameplate census, player-relative ground offsets"
T00635,154,733.5333,734.4167,50,566.9,4.7639,4.5352,562.81,4.7295,4.5024,0,60.0,6,6,"Lap H-2 nameplate census, player-relative ground offsets"
T00636,154,733.55,734.5333,56,1049.75,8.8214,8.398,577.62,4.854,4.621,1,60.0,6,6,"Lap H-2 nameplate census, player-relative ground offsets"
T00637,154,733.6167,733.8667,14,168.36,1.4148,1.3469,145.62,1.2237,1.165,0,60.0,6,6,"Lap H-2 nameplate census, player-relative ground offsets"
T00638,154,733.6667,733.8833,8,92.16,0.7745,0.7373,85.25,0.7164,0.682,0,60.0,6,6,"Lap H-2 nameplate census, player-relative ground offsets"
T00639,154,733.6667,734.2,33,665.33,5.591,5.3226,659.99,5.5462,5.28,0,60.0,6,6,"Lap H-2 nameplate census, player-relative ground offsets"
T00640,154,733.6833,733.8667,9,111.45,0.9366,0.8916,111.45,0.9366,0.8916,0,60.0,6,6,"Lap H-2 nameplate census, player-relative ground offsets"
T00641,154,733.7667,733.8833,7,22.08,0.1855,0.1766,13.19,0.1108,0.1055,0,60.0,6,6,"Lap H-2 nameplate census, player-relative ground offsets"
T00642,154,733.7833,735.4833,81,1057.64,8.8877,8.4611,1041.93,8.7557,8.3355,1,60.0,6,6,"Lap H-2 nameplate census, player-relative ground offsets"
T00643,154,733.8,734.5333,44,1023.86,8.6039,8.1909,767.07,6.446,6.1366,1,60.0,6,6,"Lap H-2 nameplate census, player-relative ground offsets"
T00644,154,733.8167,734.15,14,433.67,3.6443,3.4694,410.84,3.4524,3.2867,0,60.0,6,6,"Lap H-2 nameplate census, player-relative ground offsets"
T00645,154,733.8667,734.0167,7,109.4,0.9193,0.8752,101.39,0.8521,0.8112,0,60.0,6,6,"Lap H-2 nameplate census, player-relative ground offsets"
T00646,154,733.8833,734.1,6,310.28,2.6074,2.4822,241.63,2.0305,1.933,0,60.0,6,6,"Lap H-2 nameplate census, player-relative ground offsets"
T00647,154,733.9,734.9667,37,355.04,2.9835,2.8403,334.8,2.8134,2.6784,0,60.0,6,6,"Lap H-2 nameplate census, player-relative ground offsets"
T00648,154,734.05,734.15,6,821.89,6.9067,6.5751,806.1,6.774,6.4488,1,60.0,6,6,"Lap H-2 nameplate census, player-relative ground offsets"
T00649,154,734.05,734.2333,7,99.63,0.8372,0.797,73.87,0.6208,0.591,0,60.0,6,6,"Lap H-2 nameplate census, player-relative ground offsets"
T00650,154,734.05,734.2333,12,680.65,5.7198,5.4452,636.47,5.3485,5.0917,0,60.0,6,6,"Lap H-2 nameplate census, player-relative ground offsets"
T00651,154,734.05,734.4333,24,439.26,3.6913,3.5141,435.38,3.6587,3.4831,0,60.0,6,6,"Lap H-2 nameplate census, player-relative ground offsets"
T00652,154,734.05,734.4333,24,443.25,3.7248,3.546,442.63,3.7196,3.5411,0,60.0,6,6,"Lap H-2 nameplate census, player-relative ground offsets"
T00653,154,734.1167,734.5,12,139.88,1.1755,1.119,139.88,1.1755,1.119,0,60.0,6,6,"Lap H-2 nameplate census, player-relative ground offsets"
T00654,154,734.1167,734.5333,19,251.08,2.1099,2.0086,160.53,1.349,1.2842,0,60.0,6,6,"Lap H-2 nameplate census, player-relative ground offsets"
T00655,154,734.1333,734.2833,8,179.25,1.5063,1.434,140.55,1.1811,1.1244,0,60.0,6,6,"Lap H-2 nameplate census, player-relative ground offsets"
T00656,154,734.1333,734.4333,16,109.06,0.9164,0.8724,109.06,0.9164,0.8724,0,60.0,6,6,"Lap H-2 nameplate census, player-relative ground offsets"
T00657,154,734.1333,734.75,18,678.07,5.6981,5.4246,657.18,5.5225,5.2574,0,60.0,6,6,"Lap H-2 nameplate census, player-relative ground offsets"
T00658,154,734.2,734.5,7,12.95,0.1088,0.1036,12.95,0.1088,0.1036,0,60.0,6,6,"Lap H-2 nameplate census, player-relative ground offsets"
T00659,154,734.2167,734.5333,9,240.83,2.0238,1.9267,187.55,1.5761,1.5004,0,60.0,6,6,"Lap H-2 nameplate census, player-relative ground offsets"
T00660,154,734.3,734.4833,12,605.91,5.0917,4.8473,583.54,4.9037,4.6684,0,60.0,6,6,"Lap H-2 nameplate census, player-relative ground offsets"
T00661,154,734.3667,735.0167,15,68.91,0.5791,0.5513,50.44,0.4239,0.4035,0,60.0,6,6,"Lap H-2 nameplate census, player-relative ground offsets"
T00662,154,734.3833,734.8333,8,472.56,3.9711,3.7805,353.18,2.9679,2.8255,0,60.0,6,6,"Lap H-2 nameplate census, player-relative ground offsets"
T00663,154,734.4,734.5333,6,110.04,0.9247,0.8803,108.98,0.9158,0.8718,0,60.0,6,6,"Lap H-2 nameplate census, player-relative ground offsets"
T00664,154,734.4,734.9833,9,197.79,1.6621,1.5823,132.54,1.1138,1.0603,0,60.0,6,6,"Lap H-2 nameplate census, player-relative ground offsets"
T00665,154,734.4667,734.8333,6,433.7,3.6445,3.4696,433.7,3.6445,3.4696,0,60.0,6,6,"Lap H-2 nameplate census, player-relative ground offsets"
T00666,154,734.4667,735.0167,11,559.17,4.6989,4.4734,471.25,3.9601,3.77,0,60.0,6,6,"Lap H-2 nameplate census, player-relative ground offsets"
T00667,154,734.4667,735.25,19,128.94,1.0836,1.0315,87.61,0.7362,0.7009,0,60.0,6,6,"Lap H-2 nameplate census, player-relative ground offsets"
T00668,154,734.5167,735.0167,6,182.15,1.5307,1.4572,182.15,1.5307,1.4572,0,60.0,6,6,"Lap H-2 nameplate census, player-relative ground offsets"
T00669,154,734.6833,735.3,24,484.96,4.0753,3.8797,484.96,4.0753,3.8797,0,60.0,6,6,"Lap H-2 nameplate census, player-relative ground offsets"
T00670,154,734.6833,735.4667,35,572.27,4.809,4.5782,569.34,4.7844,4.5547,0,60.0,6,6,"Lap H-2 nameplate census, player-relative ground offsets"
T00671,154,734.6833,738.4,208,360.7,3.0311,2.8856,300.28,2.5234,2.4022,0,60.0,6,6,"Lap H-2 nameplate census, player-relative ground offsets"
T00672,154,734.7167,734.9833,6,380.71,3.1992,3.0457,376.55,3.1643,3.0124,0,60.0,6,6,"Lap H-2 nameplate census, player-relative ground offsets"
T00673,154,734.7167,735.3,18,577.88,4.8561,4.623,566.92,4.764,4.5354,0,60.0,6,6,"Lap H-2 nameplate census, player-relative ground offsets"
T00674,154,734.7167,735.3833,28,329.53,2.7692,2.6362,290.2,2.4386,2.3216,0,60.0,6,6,"Lap H-2 nameplate census, player-relative ground offsets"
T00675,154,734.7167,735.6667,24,83.05,0.6979,0.6644,83.05,0.6979,0.6644,0,60.0,6,6,"Lap H-2 nameplate census, player-relative ground offsets"
T00676,154,734.8333,735.1667,15,374.37,3.146,2.995,319.59,2.6857,2.5568,0,60.0,6,6,"Lap H-2 nameplate census, player-relative ground offsets"
T00677,154,734.9333,735.1333,7,338.55,2.845,2.7084,265.29,2.2294,2.1224,0,60.0,6,6,"Lap H-2 nameplate census, player-relative ground offsets"
T00678,154,734.95,735.55,13,236.33,1.9859,1.8906,117.89,0.9907,0.9431,0,60.0,6,6,"Lap H-2 nameplate census, player-relative ground offsets"
T00679,154,734.95,735.8,22,51.91,0.4363,0.4153,24.39,0.205,0.1952,0,60.0,6,6,"Lap H-2 nameplate census, player-relative ground offsets"
T00680,154,735.0,735.1833,8,36.19,0.3041,0.2895,35.02,0.2943,0.2801,0,60.0,6,6,"Lap H-2 nameplate census, player-relative ground offsets"
T00681,154,735.1,735.2333,6,90.52,0.7607,0.7242,71.98,0.6049,0.5759,0,60.0,6,6,"Lap H-2 nameplate census, player-relative ground offsets"
T00682,154,735.1,735.25,8,185.93,1.5624,1.4874,185.93,1.5624,1.4874,0,60.0,6,6,"Lap H-2 nameplate census, player-relative ground offsets"
T00683,154,735.1,735.5667,18,372.74,3.1323,2.9819,207.32,1.7422,1.6586,0,60.0,6,6,"Lap H-2 nameplate census, player-relative ground offsets"
T00684,154,735.15,735.7667,37,342.77,2.8804,2.7421,213.13,1.791,1.705,0,60.0,6,6,"Lap H-2 nameplate census, player-relative ground offsets"
T00685,154,735.2,735.4167,6,109.02,0.9161,0.8722,88.73,0.7456,0.7098,0,60.0,6,6,"Lap H-2 nameplate census, player-relative ground offsets"
T00686,154,735.2167,735.3167,6,160.21,1.3463,1.2817,160.21,1.3463,1.2817,0,60.0,6,6,"Lap H-2 nameplate census, player-relative ground offsets"
T00687,154,735.2167,735.4667,12,574.95,4.8315,4.5996,565.66,4.7535,4.5253,0,60.0,6,6,"Lap H-2 nameplate census, player-relative ground offsets"
T00688,154,735.2167,735.6167,24,266.15,2.2366,2.1292,258.36,2.1711,2.0669,0,60.0,6,6,"Lap H-2 nameplate census, player-relative ground offsets"
T00689,154,735.25,735.55,9,225.09,1.8915,1.8007,225.09,1.8915,1.8007,0,60.0,6,6,"Lap H-2 nameplate census, player-relative ground offsets"
T00690,154,735.2667,735.4167,6,79.95,0.6718,0.6396,62.8,0.5278,0.5024,0,60.0,6,6,"Lap H-2 nameplate census, player-relative ground offsets"
T00691,154,735.3167,735.5,8,171.36,1.44,1.3709,171.36,1.44,1.3709,0,60.0,6,6,"Lap H-2 nameplate census, player-relative ground offsets"
T00692,154,735.3667,735.6833,10,73.09,0.6142,0.5848,46.93,0.3944,0.3755,0,60.0,6,6,"Lap H-2 nameplate census, player-relative ground offsets"
T00693,154,735.4167,735.6167,11,48.53,0.4078,0.3882,48.53,0.4078,0.3882,0,60.0,6,6,"Lap H-2 nameplate census, player-relative ground offsets"
T00694,154,735.4167,735.65,10,97.99,0.8234,0.7839,76.88,0.646,0.615,0,60.0,6,6,"Lap H-2 nameplate census, player-relative ground offsets"
T00695,154,735.4667,735.6667,8,213.36,1.7929,1.7069,213.07,1.7905,1.7046,0,60.0,6,6,"Lap H-2 nameplate census, player-relative ground offsets"
T00696,154,735.4833,735.7333,7,176.08,1.4797,1.4087,174.79,1.4689,1.3983,0,60.0,6,6,"Lap H-2 nameplate census, player-relative ground offsets"
T00697,154,735.5167,735.65,6,99.01,0.832,0.792,99.01,0.832,0.792,0,60.0,6,6,"Lap H-2 nameplate census, player-relative ground offsets"
T00698,154,735.5667,735.7167,7,181.58,1.5259,1.4526,174.45,1.466,1.3956,0,60.0,6,6,"Lap H-2 nameplate census, player-relative ground offsets"
T00699,154,735.5833,735.95,10,222.78,1.8721,1.7822,167.01,1.4034,1.3361,0,60.0,6,6,"Lap H-2 nameplate census, player-relative ground offsets"
T00700,154,735.6167,735.7833,8,260.42,2.1884,2.0834,260.42,2.1884,2.0834,0,60.0,6,6,"Lap H-2 nameplate census, player-relative ground offsets"
T00701,154,735.6167,736.0167,15,46.93,0.3944,0.3755,45.4,0.3815,0.3632,0,60.0,6,6,"Lap H-2 nameplate census, player-relative ground offsets"
T00702,154,735.6167,737.3833,106,309.55,2.6012,2.4764,302.31,2.5404,2.4185,0,60.0,6,6,"Lap H-2 nameplate census, player-relative ground offsets"
T00703,154,735.6667,737.3667,96,184.2,1.5479,1.4736,142.73,1.1994,1.1419,0,60.0,6,6,"Lap H-2 nameplate census, player-relative ground offsets"
T00704,154,735.75,735.95,11,62.17,0.5224,0.4974,58.08,0.4881,0.4647,0,60.0,6,6,"Lap H-2 nameplate census, player-relative ground offsets"
T00705,154,735.8,736.3,12,72.66,0.6106,0.5813,72.66,0.6106,0.5813,0,60.0,6,6,"Lap H-2 nameplate census, player-relative ground offsets"
T00706,154,735.8667,736.2833,12,345.89,2.9067,2.7671,328.58,2.7612,2.6286,0,60.0,6,6,"Lap H-2 nameplate census, player-relative ground offsets"
T00707,154,735.9167,736.0667,6,269.36,2.2635,2.1549,256.03,2.1515,2.0482,0,60.0,6,6,"Lap H-2 nameplate census, player-relative ground offsets"
T00708,154,735.9167,736.1,8,238.61,2.0052,1.9089,238.46,2.0039,1.9077,0,60.0,6,6,"Lap H-2 nameplate census, player-relative ground offsets"
T00709,154,735.9333,736.2833,11,146.36,1.2299,1.1709,119.26,1.0022,0.9541,0,60.0,6,6,"Lap H-2 nameplate census, player-relative ground offsets"
T00710,154,735.9833,736.0833,7,206.23,1.733,1.6498,205.59,1.7276,1.6447,0,60.0,6,6,"Lap H-2 nameplate census, player-relative ground offsets"
T00711,154,735.9833,736.3333,11,86.38,0.7259,0.6911,78.31,0.6581,0.6265,0,60.0,6,6,"Lap H-2 nameplate census, player-relative ground offsets"
T00712,154,736.4333,736.7667,13,255.13,2.1439,2.041,244.46,2.0543,1.9557,0,60.0,6,6,"Lap H-2 nameplate census, player-relative ground offsets"
T00713,154,736.4667,736.7,11,514.89,4.3268,4.1191,497.62,4.1816,3.9809,0,60.0,6,6,"Lap H-2 nameplate census, player-relative ground offsets"
T00714,154,736.4667,736.75,18,1054.42,8.8606,8.4353,1052.0,8.8404,8.416,1,60.0,6,6,"Lap H-2 nameplate census, player-relative ground offsets"
T00715,154,736.4833,736.65,6,150.86,1.2677,1.2069,150.86,1.2677,1.2069,0,60.0,6,6,"Lap H-2 nameplate census, player-relative ground offsets"
T00716,154,736.4833,736.65,7,65.9,0.5538,0.5272,41.53,0.349,0.3322,0,60.0,6,6,"Lap H-2 nameplate census, player-relative ground offsets"
T00717,154,736.55,737.0167,19,258.85,2.1752,2.0708,230.37,1.9359,1.843,0,60.0,6,6,"Lap H-2 nameplate census, player-relative ground offsets"
T00718,154,736.55,737.0333,15,121.04,1.0171,0.9683,117.94,0.9911,0.9436,0,60.0,6,6,"Lap H-2 nameplate census, player-relative ground offsets"
T00719,154,736.6333,736.75,6,579.08,4.8662,4.6326,571.75,4.8046,4.574,0,60.0,6,6,"Lap H-2 nameplate census, player-relative ground offsets"
T00720,154,736.6333,736.8667,15,662.01,5.5631,5.2961,662.01,5.5631,5.2961,0,60.0,6,6,"Lap H-2 nameplate census, player-relative ground offsets"
T00721,154,736.6333,737.0167,15,264.17,2.2199,2.1134,264.17,2.2199,2.1134,0,60.0,6,6,"Lap H-2 nameplate census, player-relative ground offsets"
T00722,154,736.7,736.95,7,266.02,2.2355,2.1282,261.78,2.1998,2.0942,0,60.0,6,6,"Lap H-2 nameplate census, player-relative ground offsets"
T00723,154,736.7,737.4833,48,573.09,4.8159,4.5847,558.89,4.6965,4.4711,0,60.0,6,6,"Lap H-2 nameplate census, player-relative ground offsets"
T00724,154,736.7167,737.7333,29,138.87,1.1669,1.1109,87.96,0.7392,0.7037,0,60.0,6,6,"Lap H-2 nameplate census, player-relative ground offsets"
T00725,154,736.7333,736.9667,7,233.64,1.9633,1.8691,233.64,1.9633,1.8691,0,60.0,6,6,"Lap H-2 nameplate census, player-relative ground offsets"
T00726,154,736.7333,737.1167,12,247.74,2.0819,1.982,227.27,1.9098,1.8181,0,60.0,6,6,"Lap H-2 nameplate census, player-relative ground offsets"
T00727,154,736.7667,736.8833,6,123.73,1.0398,0.9899,119.02,1.0002,0.9522,0,60.0,6,6,"Lap H-2 nameplate census, player-relative ground offsets"
T00728,154,736.7667,737.1833,24,672.98,5.6553,5.3839,672.06,5.6476,5.3765,0,60.0,6,6,"Lap H-2 nameplate census, player-relative ground offsets"
T00729,154,736.7833,737.15,13,182.6,1.5344,1.4608,182.6,1.5344,1.4608,0,60.0,6,6,"Lap H-2 nameplate census, player-relative ground offsets"
T00730,154,736.8,737.0167,7,283.12,2.3791,2.2649,280.26,2.3551,2.2421,0,60.0,6,6,"Lap H-2 nameplate census, player-relative ground offsets"
T00731,154,736.8333,737.0667,10,279.51,2.3488,2.2361,279.51,2.3488,2.2361,0,60.0,6,6,"Lap H-2 nameplate census, player-relative ground offsets"
T00732,154,736.8833,737.1167,8,61.09,0.5133,0.4887,55.55,0.4668,0.4444,0,60.0,6,6,"Lap H-2 nameplate census, player-relative ground offsets"
T00733,154,736.9,737.5167,31,1043.69,8.7705,8.3495,1043.69,8.7705,8.3495,1,60.0,6,6,"Lap H-2 nameplate census, player-relative ground offsets"
T00734,154,736.95,737.1833,8,359.92,3.0245,2.8794,324.41,2.7262,2.5953,0,60.0,6,6,"Lap H-2 nameplate census, player-relative ground offsets"
T00735,154,736.95,737.3,13,350.47,2.9451,2.8038,266.69,2.2411,2.1335,0,60.0,6,6,"Lap H-2 nameplate census, player-relative ground offsets"
T00736,154,736.95,737.4667,16,356.04,2.9919,2.8483,332.41,2.7933,2.6593,0,60.0,6,6,"Lap H-2 nameplate census, player-relative ground offsets"
T00737,154,736.9833,737.0667,6,50.32,0.4228,0.4026,50.32,0.4228,0.4026,0,60.0,6,6,"Lap H-2 nameplate census, player-relative ground offsets"
T00738,154,736.9833,737.3833,13,31.29,0.2629,0.2503,19.05,0.1601,0.1524,0,60.0,6,6,"Lap H-2 nameplate census, player-relative ground offsets"
T00739,154,737.0167,737.2667,10,91.18,0.7662,0.7294,73.84,0.6205,0.5907,0,60.0,6,6,"Lap H-2 nameplate census, player-relative ground offsets"
T00740,154,737.0167,737.2667,7,256.87,2.1586,2.0549,256.87,2.1586,2.0549,0,60.0,6,6,"Lap H-2 nameplate census, player-relative ground offsets"
T00741,154,737.0167,737.4667,16,209.62,1.7615,1.677,173.83,1.4608,1.3907,0,60.0,6,6,"Lap H-2 nameplate census, player-relative ground offsets"
T00742,154,737.0333,737.3833,13,268.42,2.2557,2.1474,236.3,1.9857,1.8904,0,60.0,6,6,"Lap H-2 nameplate census, player-relative ground offsets"
T00743,154,737.0333,737.5333,16,358.35,3.0114,2.8668,322.03,2.7062,2.5763,0,60.0,6,6,"Lap H-2 nameplate census, player-relative ground offsets"
T00744,154,737.05,737.2167,7,71.57,0.6014,0.5725,58.46,0.4913,0.4677,0,60.0,6,6,"Lap H-2 nameplate census, player-relative ground offsets"
T00745,154,737.05,737.5833,20,305.6,2.5681,2.4448,263.12,2.2111,2.105,0,60.0,6,6,"Lap H-2 nameplate census, player-relative ground offsets"
T00746,154,737.05,737.5833,18,81.47,0.6846,0.6517,81.47,0.6846,0.6517,0,60.0,6,6,"Lap H-2 nameplate census, player-relative ground offsets"
T00747,154,737.0833,737.55,16,191.55,1.6097,1.5324,140.3,1.179,1.1224,0,60.0,6,6,"Lap H-2 nameplate census, player-relative ground offsets"
T00748,154,737.1,737.3167,8,246.22,2.0691,1.9697,228.76,1.9223,1.83,0,60.0,6,6,"Lap H-2 nameplate census, player-relative ground offsets"
T00749,154,737.1667,737.3,9,369.44,3.1045,2.9555,369.26,3.103,2.9541,0,60.0,6,6,"Lap H-2 nameplate census, player-relative ground offsets"
T00750,154,737.2667,737.4667,7,18.02,0.1515,0.1442,16.0,0.1345,0.128,0,60.0,6,6,"Lap H-2 nameplate census, player-relative ground offsets"
T00751,154,737.2833,737.4667,6,260.56,2.1896,2.0845,244.56,2.0551,1.9565,0,60.0,6,6,"Lap H-2 nameplate census, player-relative ground offsets"
T00752,154,737.2833,737.5167,11,252.01,2.1177,2.0161,240.28,2.0191,1.9222,0,60.0,6,6,"Lap H-2 nameplate census, player-relative ground offsets"
T00753,154,737.3,737.4667,7,264.59,2.2235,2.1167,264.59,2.2235,2.1167,0,60.0,6,6,"Lap H-2 nameplate census, player-relative ground offsets"
T00754,154,737.3167,737.5167,7,309.01,2.5967,2.472,269.09,2.2613,2.1527,0,60.0,6,6,"Lap H-2 nameplate census, player-relative ground offsets"
T00755,154,737.3167,737.55,6,281.99,2.3697,2.2559,281.47,2.3653,2.2518,0,60.0,6,6,"Lap H-2 nameplate census, player-relative ground offsets"
T00756,154,737.3167,737.55,8,303.69,2.552,2.4295,303.69,2.552,2.4295,0,60.0,6,6,"Lap H-2 nameplate census, player-relative ground offsets"
T00757,154,737.3167,738.2667,51,290.43,2.4406,2.3235,272.81,2.2926,2.1825,0,60.0,6,6,"Lap H-2 nameplate census, player-relative ground offsets"
T00758,154,737.3333,737.6667,9,206.31,1.7337,1.6505,206.31,1.7337,1.6505,0,60.0,6,6,"Lap H-2 nameplate census, player-relative ground offsets"
T00759,154,737.4,737.5167,6,667.53,5.6095,5.3403,660.2,5.5479,5.2816,0,60.0,6,6,"Lap H-2 nameplate census, player-relative ground offsets"
T00760,154,737.4,737.5833,12,273.3,2.2966,2.1864,260.28,2.1872,2.0822,0,60.0,6,6,"Lap H-2 nameplate census, player-relative ground offsets"
T00761,154,737.4,737.5833,7,366.74,3.0819,2.9339,351.87,2.9569,2.815,0,60.0,6,6,"Lap H-2 nameplate census, player-relative ground offsets"
T00762,154,737.4,737.8833,21,664.14,5.581,5.3131,657.03,5.5213,5.2563,0,60.0,6,6,"Lap H-2 nameplate census, player-relative ground offsets"
T00763,154,737.4333,737.5833,8,351.86,2.9568,2.8149,283.88,2.3856,2.271,0,60.0,6,6,"Lap H-2 nameplate census, player-relative ground offsets"
T00764,154,737.4333,737.6,9,184.86,1.5534,1.4789,184.86,1.5534,1.4789,0,60.0,6,6,"Lap H-2 nameplate census, player-relative ground offsets"
T00765,154,737.4333,737.6,7,212.91,1.7891,1.7033,208.79,1.7545,1.6703,0,60.0,6,6,"Lap H-2 nameplate census, player-relative ground offsets"
T00766,154,737.45,737.65,7,295.4,2.4823,2.3632,288.83,2.4272,2.3107,0,60.0,6,6,"Lap H-2 nameplate census, player-relative ground offsets"
T00767,154,737.45,737.6833,6,317.82,2.6708,2.5426,306.86,2.5786,2.4548,0,60.0,6,6,"Lap H-2 nameplate census, player-relative ground offsets"
T00768,154,737.4833,737.6,6,100.13,0.8414,0.801,100.13,0.8414,0.801,0,60.0,6,6,"Lap H-2 nameplate census, player-relative ground offsets"
T00769,154,737.4833,738.0333,13,261.35,2.1962,2.0908,180.06,1.5131,1.4405,0,60.0,6,6,"Lap H-2 nameplate census, player-relative ground offsets"
T00770,154,737.5,737.6667,6,234.11,1.9673,1.8729,234.11,1.9673,1.8729,0,60.0,6,6,"Lap H-2 nameplate census, player-relative ground offsets"
T00771,154,737.5,737.6833,6,470.47,3.9536,3.7638,447.11,3.7573,3.5769,0,60.0,6,6,"Lap H-2 nameplate census, player-relative ground offsets"
T00772,154,737.5333,737.6667,6,577.78,4.8553,4.6222,543.95,4.571,4.3516,0,60.0,6,6,"Lap H-2 nameplate census, player-relative ground offsets"
T00773,154,737.55,737.7167,7,154.46,1.298,1.2357,147.13,1.2364,1.177,0,60.0,6,6,"Lap H-2 nameplate census, player-relative ground offsets"
T00774,154,737.55,737.8333,12,132.18,1.1108,1.0575,95.48,0.8023,0.7638,0,60.0,6,6,"Lap H-2 nameplate census, player-relative ground offsets"
T00775,154,737.5667,737.65,6,421.01,3.5379,3.3681,393.71,3.3084,3.1496,0,60.0,6,6,"Lap H-2 nameplate census, player-relative ground offsets"
T00776,154,737.6167,738.5,28,436.43,3.6675,3.4914,401.64,3.3752,3.2131,0,60.0,6,6,"Lap H-2 nameplate census, player-relative ground offsets"
T00777,154,737.6333,737.7833,6,222.76,1.8719,1.7821,199.51,1.6765,1.596,0,60.0,6,6,"Lap H-2 nameplate census, player-relative ground offsets"
T00778,154,737.6667,738.25,19,396.27,3.33,3.1702,396.27,3.33,3.1702,0,60.0,6,6,"Lap H-2 nameplate census, player-relative ground offsets"
T00779,154,737.6833,739.2667,87,450.94,3.7894,3.6075,432.97,3.6384,3.4637,0,60.0,6,6,"Lap H-2 nameplate census, player-relative ground offsets"
T00780,154,737.7,738.4667,26,239.01,2.0085,1.9121,146.0,1.2269,1.168,0,60.0,6,6,"Lap H-2 nameplate census, player-relative ground offsets"
T00781,154,737.75,738.25,15,168.13,1.4128,1.345,41.07,0.3451,0.3286,0,60.0,6,6,"Lap H-2 nameplate census, player-relative ground offsets"
T00782,154,737.7833,738.3167,13,132.14,1.1104,1.0571,57.05,0.4794,0.4564,0,60.0,6,6,"Lap H-2 nameplate census, player-relative ground offsets"
T00783,154,737.8167,737.9667,6,565.27,4.7502,4.5222,557.96,4.6887,4.4637,0,60.0,6,6,"Lap H-2 nameplate census, player-relative ground offsets"
T00784,154,737.8167,739.1167,67,440.24,3.6995,3.5219,432.21,3.632,3.4577,0,60.0,6,6,"Lap H-2 nameplate census, player-relative ground offsets"
T00785,154,737.8667,739.5833,96,1070.05,8.992,8.5604,1042.81,8.7631,8.3425,1,60.0,6,6,"Lap H-2 nameplate census, player-relative ground offsets"
T00786,154,737.8833,738.5167,19,283.97,2.3863,2.2718,167.29,1.4058,1.3383,0,60.0,6,6,"Lap H-2 nameplate census, player-relative ground offsets"
T00787,154,737.9333,738.45,13,78.58,0.6603,0.6286,72.96,0.6131,0.5837,0,60.0,6,6,"Lap H-2 nameplate census, player-relative ground offsets"
T00788,154,737.95,738.3333,14,161.33,1.3557,1.2906,144.47,1.214,1.1557,0,60.0,6,6,"Lap H-2 nameplate census, player-relative ground offsets"
T00789,154,737.95,738.45,19,419.1,3.5219,3.3528,403.61,3.3917,3.2289,0,60.0,6,6,"Lap H-2 nameplate census, player-relative ground offsets"
T00790,154,738.0333,738.5833,21,106.17,0.8922,0.8493,102.4,0.8605,0.8192,0,60.0,6,6,"Lap H-2 nameplate census, player-relative ground offsets"
T00791,154,738.05,738.45,15,181.87,1.5283,1.455,140.34,1.1793,1.1227,0,60.0,6,6,"Lap H-2 nameplate census, player-relative ground offsets"
T00792,154,738.0667,738.2667,9,495.34,4.1626,3.9628,495.34,4.1626,3.9628,0,60.0,6,6,"Lap H-2 nameplate census, player-relative ground offsets"
T00793,154,738.0833,738.3833,16,221.51,1.8614,1.772,221.51,1.8614,1.772,0,60.0,6,6,"Lap H-2 nameplate census, player-relative ground offsets"
T00794,154,738.0833,738.5167,17,449.78,3.7797,3.5982,406.77,3.4182,3.2541,0,60.0,6,6,"Lap H-2 nameplate census, player-relative ground offsets"
T00795,154,738.1167,738.3167,8,102.68,0.8629,0.8214,87.55,0.7357,0.7004,0,60.0,6,6,"Lap H-2 nameplate census, player-relative ground offsets"
T00796,154,738.1167,739.1667,33,78.09,0.6562,0.6247,43.46,0.3652,0.3477,0,60.0,6,6,"Lap H-2 nameplate census, player-relative ground offsets"
T00797,154,738.1333,738.3,7,238.25,2.0021,1.906,186.28,1.5654,1.4903,0,60.0,6,6,"Lap H-2 nameplate census, player-relative ground offsets"
T00798,154,738.1667,738.4,15,243.62,2.0472,1.949,240.62,2.022,1.925,0,60.0,6,6,"Lap H-2 nameplate census, player-relative ground offsets"
T00799,154,738.1833,738.3833,13,577.65,4.8542,4.6212,577.65,4.8542,4.6212,0,60.0,6,6,"Lap H-2 nameplate census, player-relative ground offsets"
T00800,154,738.2,738.5167,10,436.98,3.6721,3.4958,412.03,3.4624,3.2963,0,60.0,6,6,"Lap H-2 nameplate census, player-relative ground offsets"
T00801,154,738.25,739.1167,21,73.65,0.6189,0.5892,60.01,0.5043,0.48,0,60.0,6,6,"Lap H-2 nameplate census, player-relative ground offsets"
T00802,154,738.2833,738.3667,6,502.81,4.2253,4.0225,495.34,4.1626,3.9628,0,60.0,6,6,"Lap H-2 nameplate census, player-relative ground offsets"
T00803,154,738.2833,738.9333,20,168.27,1.414,1.3461,160.16,1.3459,1.2813,0,60.0,6,6,"Lap H-2 nameplate census, player-relative ground offsets"
T00804,154,738.35,738.5333,7,113.82,0.9565,0.9106,86.95,0.7307,0.6956,0,60.0,6,6,"Lap H-2 nameplate census, player-relative ground offsets"
T00805,154,738.35,738.6833,9,90.14,0.7575,0.7212,82.85,0.6962,0.6628,0,60.0,6,6,"Lap H-2 nameplate census, player-relative ground offsets"
T00806,154,738.4167,738.5,6,433.99,3.647,3.4719,426.0,3.5798,3.408,0,60.0,6,6,"Lap H-2 nameplate census, player-relative ground offsets"
T00807,154,738.45,739.3,21,105.6,0.8874,0.8448,16.81,0.1413,0.1345,0,60.0,6,6,"Lap H-2 nameplate census, player-relative ground offsets"
T00808,154,738.4667,738.55,6,138.3,1.1622,1.1064,120.64,1.0138,0.9652,0,60.0,6,6,"Lap H-2 nameplate census, player-relative ground offsets"
T00809,154,738.5333,738.6667,6,146.62,1.2321,1.173,126.94,1.0668,1.0156,0,60.0,6,6,"Lap H-2 nameplate census, player-relative ground offsets"
T00810,154,738.5333,738.7167,8,291.0,2.4454,2.328,277.0,2.3277,2.216,0,60.0,6,6,"Lap H-2 nameplate census, player-relative ground offsets"
T00811,154,738.55,739.05,11,158.75,1.3341,1.27,158.75,1.3341,1.27,0,60.0,6,6,"Lap H-2 nameplate census, player-relative ground offsets"
T00812,154,738.55,739.4167,36,305.94,2.5709,2.4475,304.79,2.5612,2.4383,0,60.0,6,6,"Lap H-2 nameplate census, player-relative ground offsets"
T00813,154,738.5667,739.8167,33,129.04,1.0844,1.0323,110.64,0.9297,0.8851,0,60.0,6,6,"Lap H-2 nameplate census, player-relative ground offsets"
T00814,154,738.6,738.7333,6,329.53,2.7692,2.6362,315.68,2.6528,2.5254,0,60.0,6,6,"Lap H-2 nameplate census, player-relative ground offsets"
T00815,154,738.6,738.9333,7,226.94,1.9071,1.8156,190.98,1.6049,1.5279,0,60.0,6,6,"Lap H-2 nameplate census, player-relative ground offsets"
T00816,154,738.6167,739.8667,33,289.03,2.4288,2.3122,244.91,2.0581,1.9593,0,60.0,6,6,"Lap H-2 nameplate census, player-relative ground offsets"
T00817,154,738.6333,738.9667,9,259.43,2.1801,2.0754,230.35,1.9357,1.8428,0,60.0,6,6,"Lap H-2 nameplate census, player-relative ground offsets"
T00818,154,738.6333,739.2667,11,207.68,1.7452,1.6615,154.31,1.2967,1.2345,0,60.0,6,6,"Lap H-2 nameplate census, player-relative ground offsets"
T00819,154,738.6667,739.1167,13,159.81,1.3429,1.2785,140.05,1.1769,1.1204,0,60.0,6,6,"Lap H-2 nameplate census, player-relative ground offsets"
T00820,154,738.6833,738.9667,8,277.04,2.3281,2.2163,277.04,2.3281,2.2163,0,60.0,6,6,"Lap H-2 nameplate census, player-relative ground offsets"
T00821,154,738.7333,739.1,7,283.62,2.3833,2.2689,251.95,2.1172,2.0156,0,60.0,6,6,"Lap H-2 nameplate census, player-relative ground offsets"
T00822,154,738.7667,739.1167,7,320.76,2.6955,2.5661,298.0,2.5042,2.384,0,60.0,6,6,"Lap H-2 nameplate census, player-relative ground offsets"
T00823,154,738.9333,739.3167,16,240.79,2.0235,1.9264,197.77,1.6619,1.5822,0,60.0,6,6,"Lap H-2 nameplate census, player-relative ground offsets"
T00824,154,738.9333,739.6833,33,441.71,3.7119,3.5337,422.73,3.5523,3.3818,0,60.0,6,6,"Lap H-2 nameplate census, player-relative ground offsets"
T00825,154,738.95,739.0833,8,141.44,1.1886,1.1315,81.29,0.6831,0.6503,0,60.0,6,6,"Lap H-2 nameplate census, player-relative ground offsets"
T00826,154,738.95,739.3333,16,118.06,0.9921,0.9445,115.93,0.9742,0.9275,0,60.0,6,6,"Lap H-2 nameplate census, player-relative ground offsets"
T00827,154,738.9833,739.15,11,437.59,3.6772,3.5007,431.84,3.6289,3.4547,0,60.0,6,6,"Lap H-2 nameplate census, player-relative ground offsets"
T00828,154,738.9833,739.3,11,165.43,1.3902,1.3235,142.0,1.1933,1.136,0,60.0,6,6,"Lap H-2 nameplate census, player-relative ground offsets"
T00829,154,739.0167,739.15,6,183.44,1.5415,1.4675,174.11,1.4631,1.3929,0,60.0,6,6,"Lap H-2 nameplate census, player-relative ground offsets"
T00830,154,739.0167,739.2,6,279.05,2.3449,2.2324,253.55,2.1307,2.0284,0,60.0,6,6,"Lap H-2 nameplate census, player-relative ground offsets"
T00831,154,739.1,739.5333,12,68.38,0.5746,0.547,68.38,0.5746,0.547,0,60.0,6,6,"Lap H-2 nameplate census, player-relative ground offsets"
T00832,154,739.1167,739.6333,15,151.94,1.2768,1.2155,100.56,0.845,0.8045,0,60.0,6,6,"Lap H-2 nameplate census, player-relative ground offsets"
T00833,154,739.1333,739.3333,11,174.68,1.4679,1.3974,142.73,1.1994,1.1419,0,60.0,6,6,"Lap H-2 nameplate census, player-relative ground offsets"
T00834,154,739.1333,739.5333,23,512.83,4.3095,4.1027,499.45,4.1971,3.9956,0,60.0,6,6,"Lap H-2 nameplate census, player-relative ground offsets"
T00835,154,739.1833,739.4333,9,153.54,1.2902,1.2283,153.54,1.2902,1.2283,0,60.0,6,6,"Lap H-2 nameplate census, player-relative ground offsets"
T00836,154,739.2167,739.3167,7,147.33,1.238,1.1786,113.57,0.9543,0.9085,0,60.0,6,6,"Lap H-2 nameplate census, player-relative ground offsets"
T00837,154,739.2667,739.4833,7,305.98,2.5713,2.4479,263.86,2.2173,2.1109,0,60.0,6,6,"Lap H-2 nameplate census, player-relative ground offsets"
T00838,154,739.3333,739.5833,12,283.91,2.3858,2.2713,267.41,2.2471,2.1393,0,60.0,6,6,"Lap H-2 nameplate census, player-relative ground offsets"
T00839,154,739.3333,739.65,6,139.64,1.1735,1.1171,139.05,1.1685,1.1124,0,60.0,6,6,"Lap H-2 nameplate census, player-relative ground offsets"
T00840,154,739.3833,739.65,7,183.08,1.5385,1.4646,162.09,1.3621,1.2967,0,60.0,6,6,"Lap H-2 nameplate census, player-relative ground offsets"
T00841,154,739.3833,739.7667,6,249.64,2.0978,1.9971,230.04,1.9331,1.8403,0,60.0,6,6,"Lap H-2 nameplate census, player-relative ground offsets"
T00842,154,739.4167,739.5833,8,304.79,2.5612,2.4383,304.79,2.5612,2.4383,0,60.0,6,6,"Lap H-2 nameplate census, player-relative ground offsets"
T00843,154,739.4167,739.6,7,120.94,1.0163,0.9675,105.55,0.887,0.8444,0,60.0,6,6,"Lap H-2 nameplate census, player-relative ground offsets"
T00844,154,739.4333,739.6333,8,229.09,1.9251,1.8327,180.03,1.5129,1.4403,0,60.0,6,6,"Lap H-2 nameplate census, player-relative ground offsets"
T00845,154,739.4333,739.8167,11,213.05,1.7904,1.7044,150.14,1.2617,1.2011,0,60.0,6,6,"Lap H-2 nameplate census, player-relative ground offsets"
T00846,154,739.4333,740.35,25,164.25,1.3802,1.314,61.46,0.5165,0.4917,0,60.0,6,6,"Lap H-2 nameplate census, player-relative ground offsets"
T00847,154,739.45,739.6333,11,73.02,0.6136,0.5842,41.53,0.349,0.3322,0,60.0,6,6,"Lap H-2 nameplate census, player-relative ground offsets"
T00848,154,739.4833,739.65,7,286.64,2.4088,2.2932,266.81,2.2421,2.1345,0,60.0,6,6,"Lap H-2 nameplate census, player-relative ground offsets"
T00849,154,739.4833,739.75,8,86.0,0.7227,0.688,63.43,0.533,0.5074,0,60.0,6,6,"Lap H-2 nameplate census, player-relative ground offsets"
T00850,154,739.5167,739.8167,7,107.06,0.8997,0.8565,107.06,0.8997,0.8565,0,60.0,6,6,"Lap H-2 nameplate census, player-relative ground offsets"
T00851,154,739.5167,739.9667,16,94.88,0.7973,0.759,82.3,0.6916,0.6584,0,60.0,6,6,"Lap H-2 nameplate census, player-relative ground offsets"
T00852,154,739.5167,742.5833,175,483.79,4.0654,3.8703,269.5,2.2647,2.156,0,60.0,6,6,"Lap H-2 nameplate census, player-relative ground offsets"
T00853,154,739.6167,739.8,6,168.22,1.4136,1.3458,143.47,1.2056,1.1478,0,60.0,6,6,"Lap H-2 nameplate census, player-relative ground offsets"
T00854,154,739.6667,739.9333,13,257.56,2.1643,2.0605,256.7,2.1572,2.0536,0,60.0,6,6,"Lap H-2 nameplate census, player-relative ground offsets"
T00855,154,739.6667,740.1333,18,352.55,2.9626,2.8204,348.43,2.928,2.7874,0,60.0,6,6,"Lap H-2 nameplate census, player-relative ground offsets"
T00856,154,739.7,739.9,7,260.86,2.1921,2.0869,242.75,2.0399,1.942,0,60.0,6,6,"Lap H-2 nameplate census, player-relative ground offsets"
T00857,154,739.7667,739.9667,8,152.35,1.2802,1.2188,85.71,0.7202,0.6857,0,60.0,6,6,"Lap H-2 nameplate census, player-relative ground offsets"
T00858,154,739.8167,740.3833,18,273.93,2.3019,2.1914,222.5,1.8698,1.78,0,60.0,6,6,"Lap H-2 nameplate census, player-relative ground offsets"
T00859,154,739.8167,740.4,18,238.56,2.0047,1.9085,184.08,1.5469,1.4726,0,60.0,6,6,"Lap H-2 nameplate census, player-relative ground offsets"
T00860,154,739.8833,740.2167,16,255.36,2.1459,2.0429,210.71,1.7707,1.6857,0,60.0,6,6,"Lap H-2 nameplate census, player-relative ground offsets"
T00861,154,739.9833,740.2,6,301.54,2.5339,2.4123,301.54,2.5339,2.4123,0,60.0,6,6,"Lap H-2 nameplate census, player-relative ground offsets"
T00862,154,740.0167,740.3167,8,213.16,1.7912,1.7053,213.16,1.7912,1.7053,0,60.0,6,6,"Lap H-2 nameplate census, player-relative ground offsets"
T00863,154,740.05,740.1833,7,183.03,1.5381,1.4643,183.03,1.5381,1.4643,0,60.0,6,6,"Lap H-2 nameplate census, player-relative ground offsets"
T00864,154,740.0833,740.2167,7,399.04,3.3532,3.1923,303.3,2.5488,2.4264,0,60.0,6,6,"Lap H-2 nameplate census, player-relative ground offsets"
T00865,154,740.0833,740.3667,8,209.39,1.7596,1.6751,209.39,1.7596,1.6751,0,60.0,6,6,"Lap H-2 nameplate census, player-relative ground offsets"
T00866,154,740.0833,740.3833,16,230.4,1.9362,1.8432,211.36,1.7761,1.6909,0,60.0,6,6,"Lap H-2 nameplate census, player-relative ground offsets"
T00867,154,740.2333,740.3833,6,254.16,2.1358,2.0333,248.23,2.0859,1.9858,0,60.0,6,6,"Lap H-2 nameplate census, player-relative ground offsets"
T00868,154,740.2333,740.4833,6,65.44,0.5499,0.5235,35.7,0.3,0.2856,0,60.0,6,6,"Lap H-2 nameplate census, player-relative ground offsets"
T00869,154,740.2667,740.7,12,9.36,0.0787,0.0749,9.36,0.0787,0.0749,0,60.0,6,6,"Lap H-2 nameplate census, player-relative ground offsets"
T00870,154,740.2833,740.6333,13,193.0,1.6218,1.544,164.4,1.3815,1.3152,0,60.0,6,6,"Lap H-2 nameplate census, player-relative ground offsets"
T00871,154,740.3667,740.7833,23,1073.4,9.0202,8.5872,1043.09,8.7655,8.3448,1,60.0,6,6,"Lap H-2 nameplate census, player-relative ground offsets"
T00872,154,740.3833,740.6333,7,119.93,1.0078,0.9594,73.01,0.6135,0.584,0,60.0,6,6,"Lap H-2 nameplate census, player-relative ground offsets"
T00873,154,740.3833,740.6833,10,59.49,0.4999,0.4759,12.68,0.1066,0.1015,0,60.0,6,6,"Lap H-2 nameplate census, player-relative ground offsets"
T00874,154,740.4167,740.75,13,158.51,1.332,1.268,158.51,1.332,1.268,0,60.0,6,6,"Lap H-2 nameplate census, player-relative ground offsets"
T00875,154,740.5,740.6167,7,193.12,1.6229,1.545,188.35,1.5828,1.5068,0,60.0,6,6,"Lap H-2 nameplate census, player-relative ground offsets"
T00876,154,740.5,740.7667,6,244.0,2.0504,1.952,238.67,2.0056,1.9094,0,60.0,6,6,"Lap H-2 nameplate census, player-relative ground offsets"
T00877,154,740.65,740.9167,11,133.8,1.1244,1.0704,99.63,0.8372,0.797,0,60.0,6,6,"Lap H-2 nameplate census, player-relative ground offsets"
T00878,154,740.7,740.95,9,32.35,0.2718,0.2588,22.0,0.1849,0.176,0,60.0,6,6,"Lap H-2 nameplate census, player-relative ground offsets"
T00879,154,740.7833,740.9667,11,60.82,0.5111,0.4865,60.82,0.5111,0.4865,0,60.0,6,6,"Lap H-2 nameplate census, player-relative ground offsets"
T00880,154,740.8,740.9333,6,159.67,1.3418,1.2774,145.73,1.2246,1.1658,0,60.0,6,6,"Lap H-2 nameplate census, player-relative ground offsets"
T00881,154,740.8667,741.4,12,84.64,0.7113,0.6771,65.71,0.5522,0.5257,0,60.0,6,6,"Lap H-2 nameplate census, player-relative ground offsets"
T00882,154,740.8833,741.1,8,91.08,0.7654,0.7286,49.88,0.4191,0.399,0,60.0,6,6,"Lap H-2 nameplate census, player-relative ground offsets"
T00883,154,740.9167,741.0167,6,247.19,2.0773,1.9776,223.82,1.8809,1.7906,0,60.0,6,6,"Lap H-2 nameplate census, player-relative ground offsets"
T00884,154,740.9167,741.3333,13,11.35,0.0954,0.0908,11.35,0.0954,0.0908,0,60.0,6,6,"Lap H-2 nameplate census, player-relative ground offsets"
T00885,154,740.95,741.4,10,106.98,0.899,0.8558,72.01,0.6051,0.576,0,60.0,6,6,"Lap H-2 nameplate census, player-relative ground offsets"
T00886,154,740.9667,741.1333,10,103.74,0.8718,0.8299,103.74,0.8718,0.8299,0,60.0,6,6,"Lap H-2 nameplate census, player-relative ground offsets"
T00887,154,741.1,742.1833,42,21.69,0.1823,0.1735,21.69,0.1823,0.1735,0,60.0,6,6,"Lap H-2 nameplate census, player-relative ground offsets"
T00888,154,741.25,741.7167,18,571.6,4.8034,4.5728,565.28,4.7503,4.5222,0,60.0,6,6,"Lap H-2 nameplate census, player-relative ground offsets"
T00889,154,741.3833,741.6,14,840.39,7.0621,6.7231,754.61,6.3412,6.0368,1,60.0,6,6,"Lap H-2 nameplate census, player-relative ground offsets"
T00890,154,741.55,741.6333,6,1057.42,8.8858,8.4593,1057.42,8.8858,8.4593,1,60.0,6,6,"Lap H-2 nameplate census, player-relative ground offsets"
T00891,154,741.6167,741.7833,6,214.05,1.7987,1.7124,166.38,1.3981,1.331,0,60.0,6,6,"Lap H-2 nameplate census, player-relative ground offsets"
T00892,154,741.65,741.9667,20,427.21,3.59,3.4176,413.3,3.4731,3.3064,0,60.0,6,6,"Lap H-2 nameplate census, player-relative ground offsets"
T00893,154,741.65,741.9833,9,28.3,0.2378,0.2264,10.29,0.0865,0.0823,0,60.0,6,6,"Lap H-2 nameplate census, player-relative ground offsets"
T00894,154,741.65,742.1,18,211.55,1.7777,1.6924,142.59,1.1982,1.1407,0,60.0,6,6,"Lap H-2 nameplate census, player-relative ground offsets"
T00895,154,741.7333,741.9667,7,9.76,0.082,0.0781,8.62,0.0724,0.0689,0,60.0,6,6,"Lap H-2 nameplate census, player-relative ground offsets"
T00896,154,741.7333,742.65,33,86.13,0.7238,0.6891,56.37,0.4737,0.451,0,60.0,6,6,"Lap H-2 nameplate census, player-relative ground offsets"
T00897,154,741.7833,741.9833,11,92.03,0.7734,0.7363,90.42,0.7598,0.7234,0,60.0,6,6,"Lap H-2 nameplate census, player-relative ground offsets"
T00898,154,741.9,742.3333,26,1059.13,8.9003,8.4731,1051.14,8.8331,8.4091,1,60.0,6,6,"Lap H-2 nameplate census, player-relative ground offsets"
T00899,154,741.95,742.4667,17,94.57,0.7947,0.7565,32.16,0.2703,0.2573,0,60.0,6,6,"Lap H-2 nameplate census, player-relative ground offsets"
T00900,154,741.9667,742.8833,37,576.72,4.8464,4.6138,562.88,4.7301,4.5031,0,60.0,6,6,"Lap H-2 nameplate census, player-relative ground offsets"
T00901,154,741.9833,743.2833,78,573.03,4.8154,4.5843,557.74,4.6869,4.4619,0,60.0,6,6,"Lap H-2 nameplate census, player-relative ground offsets"
T00902,154,742.1,742.4333,8,180.11,1.5135,1.4409,180.11,1.5135,1.4409,0,60.0,6,6,"Lap H-2 nameplate census, player-relative ground offsets"
T00903,154,742.1,742.4333,12,166.15,1.3962,1.3292,124.78,1.0486,0.9983,0,60.0,6,6,"Lap H-2 nameplate census, player-relative ground offsets"
T00904,154,742.1167,742.7333,15,136.52,1.1472,1.0921,25.59,0.215,0.2047,0,60.0,6,6,"Lap H-2 nameplate census, player-relative ground offsets"
T00905,154,742.15,742.5833,9,62.25,0.5231,0.498,58.0,0.4874,0.464,0,60.0,6,6,"Lap H-2 nameplate census, player-relative ground offsets"
T00906,154,742.1833,744.05,34,16.95,0.1424,0.1356,11.08,0.0931,0.0886,0,60.0,6,6,"Lap H-2 nameplate census, player-relative ground offsets"
T00907,154,742.2167,742.7333,13,40.57,0.3409,0.3246,40.57,0.3409,0.3246,0,60.0,6,6,"Lap H-2 nameplate census, player-relative ground offsets"
T00908,154,742.2333,742.45,6,57.35,0.4819,0.4588,17.28,0.1452,0.1382,0,60.0,6,6,"Lap H-2 nameplate census, player-relative ground offsets"
T00909,154,742.25,742.55,8,77.06,0.6476,0.6165,59.62,0.501,0.4769,0,60.0,6,6,"Lap H-2 nameplate census, player-relative ground offsets"
T00910,154,742.4333,742.7167,8,193.32,1.6246,1.5466,89.86,0.7552,0.7189,0,60.0,6,6,"Lap H-2 nameplate census, player-relative ground offsets"
T00911,154,742.5333,743.8333,59,1070.73,8.9977,8.5658,1032.83,8.6792,8.2626,1,60.0,6,6,"Lap H-2 nameplate census, player-relative ground offsets"
T00912,154,742.7333,743.15,14,69.23,0.5817,0.5538,60.06,0.5047,0.4805,0,60.0,6,6,"Lap H-2 nameplate census, player-relative ground offsets"
T00913,154,742.8667,743.0,9,451.51,3.7942,3.6121,451.51,3.7942,3.6121,0,60.0,6,6,"Lap H-2 nameplate census, player-relative ground offsets"
T00914,154,742.9,743.0,7,96.1,0.8076,0.7688,95.23,0.8002,0.7618,0,60.0,6,6,"Lap H-2 nameplate census, player-relative ground offsets"
T00915,154,742.9333,743.05,8,64.23,0.5398,0.5139,63.73,0.5355,0.5098,0,60.0,6,6,"Lap H-2 nameplate census, player-relative ground offsets"
T00916,154,743.2833,743.7333,6,143.55,1.2063,1.1484,143.55,1.2063,1.1484,0,60.0,6,6,"Lap H-2 nameplate census, player-relative ground offsets"
T00917,154,743.2833,743.95,11,68.31,0.574,0.5465,11.65,0.0979,0.0932,0,60.0,6,6,"Lap H-2 nameplate census, player-relative ground offsets"
T00918,154,743.5,743.9667,11,281.3,2.3639,2.2504,207.06,1.74,1.6565,0,60.0,6,6,"Lap H-2 nameplate census, player-relative ground offsets"
T00919,154,743.65,743.7333,6,320.04,2.6894,2.5603,320.04,2.6894,2.5603,0,60.0,6,6,"Lap H-2 nameplate census, player-relative ground offsets"
T00920,155,744.2333,748.95,278,1065.06,8.9501,8.5205,1043.1,8.7655,8.3448,1,60.0,6,6,"Lap H-2 nameplate census, player-relative ground offsets"
T00921,155,744.45,744.6,6,171.54,1.4415,1.3723,171.54,1.4415,1.3723,0,60.0,6,6,"Lap H-2 nameplate census, player-relative ground offsets"
T00922,155,745.3333,745.6333,16,780.98,6.5629,6.2479,780.98,6.5629,6.2479,1,60.0,6,6,"Lap H-2 nameplate census, player-relative ground offsets"
T00923,155,745.7833,745.8667,6,922.01,7.7479,7.376,922.01,7.7479,7.376,1,60.0,6,6,"Lap H-2 nameplate census, player-relative ground offsets"
T00924,155,745.7833,746.0,13,819.44,6.8861,6.5555,754.73,6.3423,6.0378,1,60.0,6,6,"Lap H-2 nameplate census, player-relative ground offsets"
T00925,155,746.2833,750.1833,227,1358.8,11.4185,10.8704,668.56,5.6181,5.3485,1,60.0,6,6,"Lap H-2 nameplate census, player-relative ground offsets"
T00926,155,746.3833,746.5833,12,1293.72,10.8716,10.3498,1137.0,9.5546,9.096,1,60.0,6,6,"Lap H-2 nameplate census, player-relative ground offsets"
T00927,155,746.5,746.85,22,1318.12,11.0767,10.545,1032.5,8.6765,8.26,1,60.0,6,6,"Lap H-2 nameplate census, player-relative ground offsets"
T00928,155,746.5833,747.1,32,1250.08,10.5049,10.0006,816.97,6.8653,6.5358,1,60.0,6,6,"Lap H-2 nameplate census, player-relative ground offsets"
T00929,155,746.7,750.2,207,1258.72,10.5775,10.0697,585.77,4.9225,4.6862,1,60.0,6,6,"Lap H-2 nameplate census, player-relative ground offsets"
T00930,155,746.8333,747.35,32,1321.85,11.108,10.5748,967.95,8.134,7.7436,1,60.0,6,6,"Lap H-2 nameplate census, player-relative ground offsets"
T00931,155,746.9833,748.3333,82,1264.84,10.6289,10.1187,161.72,1.359,1.2937,1,60.0,6,6,"Lap H-2 nameplate census, player-relative ground offsets"
T00932,155,747.0667,747.4667,25,1140.49,9.5839,9.1239,1114.88,9.3687,8.919,1,60.0,6,6,"Lap H-2 nameplate census, player-relative ground offsets"
T00933,155,747.0667,747.5833,32,1170.81,9.8387,9.3665,1060.92,8.9153,8.4874,1,60.0,6,6,"Lap H-2 nameplate census, player-relative ground offsets"
T00934,155,747.5833,749.0,79,1009.71,8.485,8.0777,23.87,0.2006,0.191,1,60.0,6,6,"Lap H-2 nameplate census, player-relative ground offsets"
T00935,155,747.6667,748.05,24,700.19,5.884,5.6015,646.93,5.4364,5.1754,0,60.0,6,6,"Lap H-2 nameplate census, player-relative ground offsets"
T00936,155,747.9167,748.3,21,1123.91,9.4446,8.9913,605.0,5.084,4.84,1,60.0,6,6,"Lap H-2 nameplate census, player-relative ground offsets"
T00937,155,748.05,748.1333,6,926.17,7.783,7.4094,786.35,6.608,6.2908,1,60.0,6,6,"Lap H-2 nameplate census, player-relative ground offsets"
T00938,155,748.1333,748.2333,7,1129.51,9.4917,9.0361,879.36,7.3896,7.0349,1,60.0,6,6,"Lap H-2 nameplate census, player-relative ground offsets"
T00939,155,748.1333,748.3333,10,1000.19,8.4049,8.0015,697.36,5.8602,5.5789,1,60.0,6,6,"Lap H-2 nameplate census, player-relative ground offsets"
T00940,155,748.15,748.4167,9,578.05,4.8576,4.6244,575.8,4.8387,4.6064,0,60.0,6,6,"Lap H-2 nameplate census, player-relative ground offsets"
T00941,155,748.2667,748.8,28,635.14,5.3373,5.0811,431.67,3.6275,3.4533,0,60.0,6,6,"Lap H-2 nameplate census, player-relative ground offsets"
T00942,155,748.2667,749.3,55,110.57,0.9291,0.8845,110.57,0.9291,0.8845,0,60.0,6,6,"Lap H-2 nameplate census, player-relative ground offsets"
T00943,155,748.3,748.65,15,309.13,2.5977,2.473,257.61,2.1648,2.0609,0,60.0,6,6,"Lap H-2 nameplate census, player-relative ground offsets"
T00944,155,748.3,748.7667,29,382.4,3.2134,3.0592,211.14,1.7743,1.6891,0,60.0,6,6,"Lap H-2 nameplate census, player-relative ground offsets"
T00945,155,748.35,748.55,8,205.59,1.7277,1.6447,173.37,1.4569,1.387,0,60.0,6,6,"Lap H-2 nameplate census, player-relative ground offsets"
T00946,155,748.35,748.6,16,383.57,3.2233,3.0686,285.68,2.4007,2.2854,0,60.0,6,6,"Lap H-2 nameplate census, player-relative ground offsets"
T00947,155,748.35,749.5,64,498.02,4.1851,3.9842,151.65,1.2744,1.2132,0,60.0,6,6,"Lap H-2 nameplate census, player-relative ground offsets"
T00948,155,748.3833,749.4333,60,729.27,6.1283,5.8341,667.56,5.6098,5.3405,0,60.0,6,6,"Lap H-2 nameplate census, player-relative ground offsets"
T00949,155,748.4,748.8,22,565.27,4.7502,4.5222,564.46,4.7434,4.5157,0,60.0,6,6,"Lap H-2 nameplate census, player-relative ground offsets"
T00950,155,748.4333,748.8,23,546.45,4.592,4.3716,542.62,4.5599,4.341,0,60.0,6,6,"Lap H-2 nameplate census, player-relative ground offsets"
T00951,155,748.4667,750.2,99,937.04,7.8743,7.4963,822.01,6.9077,6.5761,1,60.0,6,6,"Lap H-2 nameplate census, player-relative ground offsets"
T00952,155,748.5,748.6333,9,776.86,6.5282,6.2149,776.86,6.5282,6.2149,1,60.0,6,6,"Lap H-2 nameplate census, player-relative ground offsets"
T00953,155,748.5167,748.9,18,276.59,2.3243,2.2127,180.77,1.5191,1.4461,0,60.0,6,6,"Lap H-2 nameplate census, player-relative ground offsets"
T00954,155,748.5333,749.35,23,236.05,1.9836,1.8884,202.92,1.7052,1.6234,0,60.0,6,6,"Lap H-2 nameplate census, player-relative ground offsets"
T00955,155,748.55,748.7167,11,290.92,2.4447,2.3274,285.46,2.3988,2.2837,0,60.0,6,6,"Lap H-2 nameplate census, player-relative ground offsets"
T00956,155,748.6167,748.7667,6,485.14,4.0768,3.8811,457.14,3.8416,3.6572,0,60.0,6,6,"Lap H-2 nameplate census, player-relative ground offsets"
T00957,155,748.6333,748.7333,7,513.23,4.3129,4.1058,495.41,4.1631,3.9632,0,60.0,6,6,"Lap H-2 nameplate census, player-relative ground offsets"
T00958,155,748.85,749.1,9,368.77,3.0989,2.9501,289.03,2.4288,2.3122,0,60.0,6,6,"Lap H-2 nameplate census, player-relative ground offsets"
T00959,155,748.85,749.3,26,185.59,1.5595,1.4847,119.45,1.0037,0.9556,0,60.0,6,6,"Lap H-2 nameplate census, player-relative ground offsets"
T00960,155,748.85,749.4667,30,153.07,1.2863,1.2245,153.07,1.2863,1.2245,0,60.0,6,6,"Lap H-2 nameplate census, player-relative ground offsets"
T00961,155,748.8667,749.2167,11,332.37,2.7931,2.659,287.57,2.4166,2.3006,0,60.0,6,6,"Lap H-2 nameplate census, player-relative ground offsets"
T00962,155,749.05,749.1333,6,288.16,2.4215,2.3053,288.16,2.4215,2.3053,0,60.0,6,6,"Lap H-2 nameplate census, player-relative ground offsets"
T00963,155,749.05,749.5833,30,312.55,2.6265,2.5004,312.55,2.6265,2.5004,0,60.0,6,6,"Lap H-2 nameplate census, player-relative ground offsets"
T00964,155,749.05,749.6833,28,569.34,4.7844,4.5547,514.08,4.32,4.1126,0,60.0,6,6,"Lap H-2 nameplate census, player-relative ground offsets"
T00965,155,749.0667,749.5167,21,160.19,1.3461,1.2815,160.19,1.3461,1.2815,0,60.0,6,6,"Lap H-2 nameplate census, player-relative ground offsets"
T00966,155,749.15,749.45,9,132.83,1.1162,1.0626,79.09,0.6646,0.6327,0,60.0,6,6,"Lap H-2 nameplate census, player-relative ground offsets"
T00967,155,749.2333,749.3833,8,61.14,0.5138,0.4891,6.82,0.0573,0.0545,0,60.0,6,6,"Lap H-2 nameplate census, player-relative ground offsets"
T00968,155,749.2333,749.4333,6,229.05,1.9248,1.8324,228.28,1.9183,1.8262,0,60.0,6,6,"Lap H-2 nameplate census, player-relative ground offsets"
T00969,155,749.2833,749.3833,6,153.47,1.2897,1.2278,77.98,0.6553,0.6239,0,60.0,6,6,"Lap H-2 nameplate census, player-relative ground offsets"
T00970,155,749.3167,749.4333,8,1052.59,8.8453,8.4207,1036.59,8.7108,8.2927,1,60.0,6,6,"Lap H-2 nameplate census, player-relative ground offsets"
T00971,155,749.3167,749.5,6,115.0,0.9664,0.92,98.91,0.8312,0.7913,0,60.0,6,6,"Lap H-2 nameplate census, player-relative ground offsets"
T00972,155,749.4167,749.6167,6,469.28,3.9436,3.7543,439.44,3.6928,3.5155,0,60.0,6,6,"Lap H-2 nameplate census, player-relative ground offsets"
T00973,155,749.4667,749.75,13,779.38,6.5494,6.235,710.35,5.9693,5.6828,1,60.0,6,6,"Lap H-2 nameplate census, player-relative ground offsets"
T00974,155,749.5167,749.7,6,269.34,2.2633,2.1547,258.89,2.1755,2.0711,0,60.0,6,6,"Lap H-2 nameplate census, player-relative ground offsets"
T00975,155,749.5333,750.15,36,330.37,2.7762,2.643,273.61,2.2993,2.1889,0,60.0,6,6,"Lap H-2 nameplate census, player-relative ground offsets"
T00976,155,749.6333,750.1,18,231.29,1.9436,1.8503,231.29,1.9436,1.8503,0,60.0,6,6,"Lap H-2 nameplate census, player-relative ground offsets"
T00977,155,749.6833,749.9,9,222.08,1.8662,1.7766,222.08,1.8662,1.7766,0,60.0,6,6,"Lap H-2 nameplate census, player-relative ground offsets"
T00978,155,749.7667,750.25,20,186.49,1.5671,1.4919,154.62,1.2993,1.237,0,60.0,6,6,"Lap H-2 nameplate census, player-relative ground offsets"
T00979,155,749.8167,750.25,27,1064.84,8.9483,8.5187,1050.22,8.8254,8.4018,1,60.0,6,6,"Lap H-2 nameplate census, player-relative ground offsets"
T00980,155,749.8333,750.0167,8,227.11,1.9085,1.8169,226.22,1.901,1.8098,0,60.0,6,6,"Lap H-2 nameplate census, player-relative ground offsets"
T00981,155,749.8333,750.1333,9,432.4,3.6337,3.4592,406.14,3.4129,3.2491,0,60.0,6,6,"Lap H-2 nameplate census, player-relative ground offsets"
T00982,155,749.8333,750.1833,14,257.61,2.1648,2.0609,257.61,2.1648,2.0609,0,60.0,6,6,"Lap H-2 nameplate census, player-relative ground offsets"
T00983,155,749.8833,749.9667,6,458.13,3.8498,3.6651,458.13,3.8498,3.6651,0,60.0,6,6,"Lap H-2 nameplate census, player-relative ground offsets"
T00984,155,749.8833,750.1833,11,281.26,2.3635,2.25,250.5,2.1051,2.004,0,60.0,6,6,"Lap H-2 nameplate census, player-relative ground offsets"
T00985,155,749.9333,750.05,7,132.03,1.1095,1.0563,111.89,0.9403,0.8951,0,60.0,6,6,"Lap H-2 nameplate census, player-relative ground offsets"
T00986,155,749.9333,750.05,7,238.19,2.0016,1.9055,236.03,1.9835,1.8882,0,60.0,6,6,"Lap H-2 nameplate census, player-relative ground offsets"
T00987,155,750.0,750.1333,8,29.43,0.2473,0.2354,20.05,0.1685,0.1604,0,60.0,6,6,"Lap H-2 nameplate census, player-relative ground offsets"
T00988,155,750.0333,750.2333,6,469.43,3.9448,3.7555,469.43,3.9448,3.7555,0,60.0,6,6,"Lap H-2 nameplate census, player-relative ground offsets"
T00989,155,750.05,750.2,6,393.58,3.3074,3.1486,393.58,3.3074,3.1486,0,60.0,6,6,"Lap H-2 nameplate census, player-relative ground offsets"
T00990,155,750.1167,750.25,6,524.32,4.406,4.1945,518.16,4.3543,4.1453,0,60.0,6,6,"Lap H-2 nameplate census, player-relative ground offsets"
T00991,155,750.1667,750.25,6,822.33,6.9103,6.5786,727.83,6.1162,5.8226,1,60.0,6,6,"Lap H-2 nameplate census, player-relative ground offsets"
T00992,155,750.2,750.35,7,650.65,5.4676,5.2052,555.17,4.6653,4.4414,0,60.0,6,6,"Lap H-2 nameplate census, player-relative ground offsets"
T00993,155,750.3,750.85,34,437.99,3.6806,3.5039,319.35,2.6836,2.5548,0,60.0,6,6,"Lap H-2 nameplate census, player-relative ground offsets"
T00994,155,750.3,752.4667,126,656.28,5.5149,5.2502,95.13,0.7994,0.7611,0,60.0,6,6,"Lap H-2 nameplate census, player-relative ground offsets"
T00995,155,750.3167,750.6833,16,833.35,7.003,6.6668,814.93,6.8482,6.5194,1,60.0,6,6,"Lap H-2 nameplate census, player-relative ground offsets"
T00996,155,750.3167,752.15,111,658.97,5.5375,5.2717,192.32,1.6161,1.5385,0,60.0,6,6,"Lap H-2 nameplate census, player-relative ground offsets"
T00997,155,750.3167,752.4667,130,993.79,8.3512,7.9503,753.1,6.3286,6.0248,1,60.0,6,6,"Lap H-2 nameplate census, player-relative ground offsets"
T00998,155,750.3667,750.55,7,936.07,7.8662,7.4886,858.3,7.2126,6.8664,1,60.0,6,6,"Lap H-2 nameplate census, player-relative ground offsets"
T00999,155,750.3667,750.5833,11,926.04,7.7818,7.4083,840.58,7.0637,6.7247,1,60.0,6,6,"Lap H-2 nameplate census, player-relative ground offsets"
T01000,155,750.4833,750.9333,28,949.99,7.9831,7.5999,724.42,6.0875,5.7953,1,60.0,6,6,"Lap H-2 nameplate census, player-relative ground offsets"
T01001,155,750.4833,750.9667,29,271.99,2.2856,2.1759,211.62,1.7783,1.693,0,60.0,6,6,"Lap H-2 nameplate census, player-relative ground offsets"
T01002,155,750.55,751.6667,56,823.12,6.917,6.585,548.5,4.6092,4.388,1,60.0,6,6,"Lap H-2 nameplate census, player-relative ground offsets"
T01003,155,750.6167,750.7667,6,925.1,7.7739,7.4008,925.1,7.7739,7.4008,1,60.0,6,6,"Lap H-2 nameplate census, player-relative ground offsets"
T01004,155,750.7167,750.85,8,1100.41,9.2471,8.8033,1100.41,9.2471,8.8033,1,60.0,6,6,"Lap H-2 nameplate census, player-relative ground offsets"
T01005,155,750.8167,750.9167,6,190.89,1.6041,1.5271,190.89,1.6041,1.5271,0,60.0,6,6,"Lap H-2 nameplate census, player-relative ground offsets"
T01006,155,750.8667,751.1167,7,1014.57,8.5258,8.1166,994.02,8.3531,7.9522,1,60.0,6,6,"Lap H-2 nameplate census, player-relative ground offsets"
T01007,155,751.0667,751.25,12,578.38,4.8604,4.6271,552.16,4.64,4.4172,0,60.0,6,6,"Lap H-2 nameplate census, player-relative ground offsets"
T01008,155,751.0667,751.3333,17,580.66,4.8795,4.6453,555.59,4.6689,4.4447,0,60.0,6,6,"Lap H-2 nameplate census, player-relative ground offsets"
T01009,155,751.1667,754.2833,184,267.64,2.2491,2.1411,267.64,2.2491,2.1411,0,60.0,6,6,"Lap H-2 nameplate census, player-relative ground offsets"
T01010,155,751.55,752.0667,29,175.4,1.474,1.4032,151.79,1.2756,1.2143,0,60.0,6,6,"Lap H-2 nameplate census, player-relative ground offsets"
T01011,155,751.5667,751.7,6,234.48,1.9704,1.8758,205.7,1.7286,1.6456,0,60.0,6,6,"Lap H-2 nameplate census, player-relative ground offsets"
T01012,155,751.5667,752.0667,30,251.52,2.1136,2.0122,231.71,1.9471,1.8537,0,60.0,6,6,"Lap H-2 nameplate census, player-relative ground offsets"
T01013,155,751.7333,751.8833,10,353.99,2.9747,2.8319,344.72,2.8968,2.7577,0,60.0,6,6,"Lap H-2 nameplate census, player-relative ground offsets"
T01014,155,751.7333,752.3,32,573.76,4.8215,4.59,553.45,4.6508,4.4276,0,60.0,6,6,"Lap H-2 nameplate census, player-relative ground offsets"
T01015,155,751.7333,752.3,35,572.63,4.812,4.581,552.14,4.6398,4.4171,0,60.0,6,6,"Lap H-2 nameplate census, player-relative ground offsets"
T01016,155,751.7667,752.0167,16,668.89,5.6209,5.3511,657.55,5.5256,5.2604,0,60.0,6,6,"Lap H-2 nameplate census, player-relative ground offsets"
T01017,155,751.7667,752.1,14,515.68,4.3334,4.1254,504.08,4.236,4.0326,0,60.0,6,6,"Lap H-2 nameplate census, player-relative ground offsets"
T01018,155,751.8,752.0667,12,492.32,4.1371,3.9385,488.29,4.1033,3.9063,0,60.0,6,6,"Lap H-2 nameplate census, player-relative ground offsets"
T01019,155,751.8,752.1,19,435.73,3.6616,3.4859,431.67,3.6275,3.4534,0,60.0,6,6,"Lap H-2 nameplate census, player-relative ground offsets"
T01020,155,751.8,752.3,29,488.83,4.1078,3.9106,485.1,4.0765,3.8808,0,60.0,6,6,"Lap H-2 nameplate census, player-relative ground offsets"
T01021,155,751.9,752.0167,6,201.32,1.6918,1.6106,176.08,1.4797,1.4086,0,60.0,6,6,"Lap H-2 nameplate census, player-relative ground offsets"
T01022,155,751.9,752.1,13,519.67,4.367,4.1574,519.67,4.367,4.1574,0,60.0,6,6,"Lap H-2 nameplate census, player-relative ground offsets"
T01023,155,752.1167,752.3,12,522.34,4.3894,4.1787,496.38,4.1712,3.971,0,60.0,6,6,"Lap H-2 nameplate census, player-relative ground offsets"
T01024,155,752.1667,752.3,7,37.01,0.311,0.2961,37.01,0.311,0.2961,0,60.0,6,6,"Lap H-2 nameplate census, player-relative ground offsets"
T01025,155,752.3333,752.6833,10,338.62,2.8456,2.709,270.83,2.2759,2.1667,0,60.0,6,6,"Lap H-2 nameplate census, player-relative ground offsets"
T01026,155,752.3667,752.4667,7,1070.99,8.9999,8.5679,1070.99,8.9999,8.5679,1,60.0,6,6,"Lap H-2 nameplate census, player-relative ground offsets"
T01027,155,752.3667,752.5667,7,155.58,1.3074,1.2446,98.68,0.8293,0.7895,0,60.0,6,6,"Lap H-2 nameplate census, player-relative ground offsets"
T01028,155,752.5167,753.9833,89,695.86,5.8476,5.5669,208.91,1.7556,1.6713,0,60.0,6,6,"Lap H-2 nameplate census, player-relative ground offsets"
T01029,155,752.65,752.7667,6,200.12,1.6817,1.601,168.35,1.4147,1.3468,0,60.0,6,6,"Lap H-2 nameplate census, player-relative ground offsets"
T01030,155,752.6667,752.8833,12,247.01,2.0757,1.9761,218.85,1.8391,1.7508,0,60.0,6,6,"Lap H-2 nameplate census, player-relative ground offsets"
T01031,155,752.6667,752.95,13,1066.11,8.9589,8.5288,1055.63,8.8708,8.445,1,60.0,6,6,"Lap H-2 nameplate census, player-relative ground offsets"
T01032,155,752.7,752.9,8,169.58,1.425,1.3566,169.58,1.425,1.3566,0,60.0,6,6,"Lap H-2 nameplate census, player-relative ground offsets"
T01033,155,752.7,752.95,11,174.56,1.4669,1.3965,152.0,1.2773,1.216,0,60.0,6,6,"Lap H-2 nameplate census, player-relative ground offsets"
T01034,155,752.75,753.1333,16,140.12,1.1775,1.121,140.12,1.1775,1.121,0,60.0,6,6,"Lap H-2 nameplate census, player-relative ground offsets"
T01035,155,752.85,753.0667,7,163.96,1.3778,1.3117,163.96,1.3778,1.3117,0,60.0,6,6,"Lap H-2 nameplate census, player-relative ground offsets"
T01036,155,752.9667,753.35,16,252.0,2.1177,2.016,232.52,1.9539,1.8601,0,60.0,6,6,"Lap H-2 nameplate census, player-relative ground offsets"
T01037,155,753.0167,753.1333,7,237.14,1.9927,1.8971,227.1,1.9084,1.8168,0,60.0,6,6,"Lap H-2 nameplate census, player-relative ground offsets"
T01038,155,753.0167,753.3833,11,266.34,2.2382,2.1307,220.67,1.8544,1.7654,0,60.0,6,6,"Lap H-2 nameplate census, player-relative ground offsets"
T01039,155,753.15,753.3833,10,267.29,2.2461,2.1383,267.29,2.2461,2.1383,0,60.0,6,6,"Lap H-2 nameplate census, player-relative ground offsets"
T01040,155,753.2833,753.5167,8,310.3,2.6076,2.4824,277.97,2.3359,2.2238,0,60.0,6,6,"Lap H-2 nameplate census, player-relative ground offsets"
T01041,155,753.45,753.5667,8,551.21,4.6321,4.4097,551.21,4.6321,4.4097,0,60.0,6,6,"Lap H-2 nameplate census, player-relative ground offsets"
T01042,155,753.45,753.5667,6,551.73,4.6364,4.4138,550.53,4.6263,4.4042,0,60.0,6,6,"Lap H-2 nameplate census, player-relative ground offsets"
T01043,155,753.45,753.5667,8,496.28,4.1704,3.9702,496.28,4.1704,3.9702,0,60.0,6,6,"Lap H-2 nameplate census, player-relative ground offsets"
T01044,155,753.65,753.7833,7,222.44,1.8692,1.7795,222.44,1.8692,1.7795,0,60.0,6,6,"Lap H-2 nameplate census, player-relative ground offsets"
T01045,155,753.7833,755.6,104,1073.12,9.0178,8.585,1034.22,8.691,8.2738,1,60.0,6,6,"Lap H-2 nameplate census, player-relative ground offsets"
T01046,155,754.1,754.2,6,99.83,0.8389,0.7986,99.83,0.8389,0.7986,0,60.0,6,6,"Lap H-2 nameplate census, player-relative ground offsets"
T01047,155,754.15,754.4667,13,114.87,0.9653,0.9189,111.89,0.9403,0.8951,0,60.0,6,6,"Lap H-2 nameplate census, player-relative ground offsets"
T01048,155,754.1833,754.5333,10,225.36,1.8938,1.8029,218.75,1.8382,1.75,0,60.0,6,6,"Lap H-2 nameplate census, player-relative ground offsets"
T01049,155,754.45,758.55,236,508.17,4.2703,4.0654,55.89,0.4697,0.4471,0,60.0,6,6,"Lap H-2 nameplate census, player-relative ground offsets"
T01050,155,754.5,754.6667,6,241.98,2.0335,1.9359,235.76,1.9812,1.8861,0,60.0,6,6,"Lap H-2 nameplate census, player-relative ground offsets"
T01051,155,754.5333,754.6833,6,283.07,2.3787,2.2646,273.91,2.3018,2.1913,0,60.0,6,6,"Lap H-2 nameplate census, player-relative ground offsets"
T01052,155,754.9,755.2333,12,39.69,0.3336,0.3176,39.69,0.3336,0.3176,0,60.0,6,6,"Lap H-2 nameplate census, player-relative ground offsets"
T01053,155,755.55,755.6833,9,568.92,4.7808,4.5513,568.92,4.7808,4.5513,0,60.0,6,6,"Lap H-2 nameplate census, player-relative ground offsets"
T01054,155,755.55,755.8333,16,666.63,5.6019,5.333,652.26,5.4811,5.218,0,60.0,6,6,"Lap H-2 nameplate census, player-relative ground offsets"
T01055,155,755.55,755.8333,18,662.02,5.5632,5.2962,647.12,5.438,5.1769,0,60.0,6,6,"Lap H-2 nameplate census, player-relative ground offsets"
T01056,155,755.7667,756.0667,8,254.96,2.1426,2.0397,246.99,2.0755,1.9759,0,60.0,6,6,"Lap H-2 nameplate census, player-relative ground offsets"
T01057,155,755.95,756.45,20,196.61,1.6522,1.5729,196.61,1.6522,1.5729,0,60.0,6,6,"Lap H-2 nameplate census, player-relative ground offsets"
T01058,155,755.9667,756.1167,10,568.69,4.7789,4.5495,568.69,4.7789,4.5495,0,60.0,6,6,"Lap H-2 nameplate census, player-relative ground offsets"
T01059,155,755.9667,756.15,12,659.5,5.542,5.276,659.5,5.542,5.276,0,60.0,6,6,"Lap H-2 nameplate census, player-relative ground offsets"
T01060,155,756.0,756.35,22,498.09,4.1856,3.9847,484.58,4.0721,3.8767,0,60.0,6,6,"Lap H-2 nameplate census, player-relative ground offsets"
T01061,155,756.05,756.15,7,147.97,1.2435,1.1838,145.5,1.2227,1.164,0,60.0,6,6,"Lap H-2 nameplate census, player-relative ground offsets"
T01062,155,756.1,756.3667,9,190.76,1.603,1.5261,184.82,1.5531,1.4786,0,60.0,6,6,"Lap H-2 nameplate census, player-relative ground offsets"
T01063,155,756.25,756.35,7,663.61,5.5765,5.3089,657.9,5.5286,5.2632,0,60.0,6,6,"Lap H-2 nameplate census, player-relative ground offsets"
T01064,155,756.3333,756.55,8,192.49,1.6176,1.5399,163.78,1.3763,1.3102,0,60.0,6,6,"Lap H-2 nameplate census, player-relative ground offsets"
T01065,155,756.3667,757.35,49,1058.22,8.8926,8.4658,1041.03,8.7481,8.3282,1,60.0,6,6,"Lap H-2 nameplate census, player-relative ground offsets"
T01066,155,756.75,757.0667,9,87.96,0.7392,0.7037,63.87,0.5368,0.511,0,60.0,6,6,"Lap H-2 nameplate census, player-relative ground offsets"
T01067,155,756.75,757.1333,14,27.66,0.2324,0.2213,14.64,0.123,0.1171,0,60.0,6,6,"Lap H-2 nameplate census, player-relative ground offsets"
T01068,155,756.8,757.1333,10,103.37,0.8687,0.827,61.55,0.5172,0.4924,0,60.0,6,6,"Lap H-2 nameplate census, player-relative ground offsets"
T01069,155,756.8,757.2167,10,63.43,0.533,0.5074,63.43,0.533,0.5074,0,60.0,6,6,"Lap H-2 nameplate census, player-relative ground offsets"
T01070,155,756.8,757.2167,13,108.03,0.9078,0.8642,89.74,0.7541,0.7179,0,60.0,6,6,"Lap H-2 nameplate census, player-relative ground offsets"
T01071,155,756.8667,757.4333,11,32.63,0.2742,0.2611,11.17,0.0939,0.0894,0,60.0,6,6,"Lap H-2 nameplate census, player-relative ground offsets"
T01072,155,757.0,757.7833,29,227.75,1.9139,1.822,152.95,1.2853,1.2236,0,60.0,6,6,"Lap H-2 nameplate census, player-relative ground offsets"
T01073,155,757.0333,757.3167,7,187.06,1.5719,1.4965,187.06,1.5719,1.4965,0,60.0,6,6,"Lap H-2 nameplate census, player-relative ground offsets"
T01074,155,757.0667,757.3,7,91.18,0.7662,0.7294,91.18,0.7662,0.7294,0,60.0,6,6,"Lap H-2 nameplate census, player-relative ground offsets"
T01075,155,757.0667,757.35,16,518.31,4.3555,4.1464,508.95,4.2769,4.0716,0,60.0,6,6,"Lap H-2 nameplate census, player-relative ground offsets"
T01076,155,757.0667,757.3667,14,668.53,5.6179,5.3483,652.76,5.4854,5.2221,0,60.0,6,6,"Lap H-2 nameplate census, player-relative ground offsets"
T01077,155,757.0667,757.5667,28,669.05,5.6222,5.3524,654.62,5.501,5.237,0,60.0,6,6,"Lap H-2 nameplate census, player-relative ground offsets"
T01078,155,757.0667,758.3333,39,42.84,0.36,0.3427,30.19,0.2537,0.2415,0,60.0,6,6,"Lap H-2 nameplate census, player-relative ground offsets"
T01079,155,757.0667,759.05,120,577.91,4.8564,4.6233,561.96,4.7224,4.4957,0,60.0,6,6,"Lap H-2 nameplate census, player-relative ground offsets"
T01080,155,757.0833,757.3167,7,69.22,0.5817,0.5538,69.22,0.5817,0.5538,0,60.0,6,6,"Lap H-2 nameplate census, player-relative ground offsets"
T01081,155,757.0833,759.05,119,583.86,4.9064,4.6709,560.49,4.71,4.4839,0,60.0,6,6,"Lap H-2 nameplate census, player-relative ground offsets"
T01082,155,757.1167,758.6667,54,111.68,0.9385,0.8935,70.69,0.5941,0.5655,0,60.0,6,6,"Lap H-2 nameplate census, player-relative ground offsets"
T01083,155,757.3333,757.6,7,10.31,0.0866,0.0825,10.31,0.0866,0.0825,0,60.0,6,6,"Lap H-2 nameplate census, player-relative ground offsets"
T01084,155,757.45,757.5833,6,140.47,1.1804,1.1237,82.34,0.6919,0.6587,0,60.0,6,6,"Lap H-2 nameplate census, player-relative ground offsets"
T01085,155,757.45,758.3833,50,489.77,4.1157,3.9181,480.45,4.0374,3.8436,0,60.0,6,6,"Lap H-2 nameplate census, player-relative ground offsets"
T01086,155,757.4833,757.6167,9,509.63,4.2826,4.077,505.8,4.2504,4.0464,0,60.0,6,6,"Lap H-2 nameplate census, player-relative ground offsets"
T01087,155,757.6,758.0333,14,34.84,0.2928,0.2787,24.07,0.2023,0.1926,0,60.0,6,6,"Lap H-2 nameplate census, player-relative ground offsets"
T01088,155,757.6333,759.3333,87,1067.42,8.9699,8.5394,1050.81,8.8303,8.4065,1,60.0,6,6,"Lap H-2 nameplate census, player-relative ground offsets"
T01089,155,757.65,758.1667,25,667.12,5.6061,5.337,652.19,5.4806,5.2175,0,60.0,6,6,"Lap H-2 nameplate census, player-relative ground offsets"
T01090,155,757.7,758.0833,12,146.24,1.2289,1.1699,146.24,1.2289,1.1699,0,60.0,6,6,"Lap H-2 nameplate census, player-relative ground offsets"
T01091,155,757.75,758.05,11,240.33,2.0195,1.9226,231.25,1.9433,1.85,0,60.0,6,6,"Lap H-2 nameplate census, player-relative ground offsets"
T01092,155,757.75,758.0667,7,232.52,1.9539,1.8601,232.52,1.9539,1.8601,0,60.0,6,6,"Lap H-2 nameplate census, player-relative ground offsets"
T01093,155,757.75,758.15,12,252.35,2.1206,2.0188,231.22,1.9431,1.8498,0,60.0,6,6,"Lap H-2 nameplate census, player-relative ground offsets"
T01094,155,757.7833,758.05,11,175.89,1.4781,1.4071,135.54,1.139,1.0844,0,60.0,6,6,"Lap H-2 nameplate census, player-relative ground offsets"
T01095,155,757.8,758.0333,11,78.18,0.6569,0.6254,78.18,0.6569,0.6254,0,60.0,6,6,"Lap H-2 nameplate census, player-relative ground offsets"
T01096,155,757.8,759.05,61,524.66,4.4089,4.1973,505.8,4.2504,4.0464,0,60.0,6,6,"Lap H-2 nameplate census, player-relative ground offsets"
T01097,155,757.9667,758.3333,12,74.37,0.625,0.595,39.12,0.3288,0.313,0,60.0,6,6,"Lap H-2 nameplate census, player-relative ground offsets"
T01098,155,758.0333,758.1667,6,181.11,1.522,1.4489,180.54,1.5171,1.4443,0,60.0,6,6,"Lap H-2 nameplate census, player-relative ground offsets"
T01099,155,758.0333,758.6333,14,132.42,1.1127,1.0593,83.46,0.7013,0.6677,0,60.0,6,6,"Lap H-2 nameplate census, player-relative ground offsets"
T01100,155,758.05,758.7833,25,187.99,1.5797,1.5039,10.31,0.0866,0.0825,0,60.0,6,6,"Lap H-2 nameplate census, player-relative ground offsets"
T01101,155,758.0667,758.9333,31,180.88,1.52,1.447,162.53,1.3658,1.3003,0,60.0,6,6,"Lap H-2 nameplate census, player-relative ground offsets"
T01102,155,758.1,758.25,8,108.48,0.9116,0.8678,25.07,0.2107,0.2006,0,60.0,6,6,"Lap H-2 nameplate census, player-relative ground offsets"
T01103,155,758.1333,758.3,8,220.88,1.8561,1.767,207.48,1.7436,1.6599,0,60.0,6,6,"Lap H-2 nameplate census, player-relative ground offsets"
T01104,155,758.3167,759.0167,19,145.57,1.2232,1.1645,114.27,0.9602,0.9141,0,60.0,6,6,"Lap H-2 nameplate census, player-relative ground offsets"
T01105,155,758.4,758.4833,6,123.8,1.0403,0.9904,93.54,0.7861,0.7484,0,60.0,6,6,"Lap H-2 nameplate census, player-relative ground offsets"
T01106,155,758.45,759.0333,24,71.87,0.604,0.575,34.05,0.2861,0.2724,0,60.0,6,6,"Lap H-2 nameplate census, player-relative ground offsets"
T01107,155,758.4667,759.6167,19,121.07,1.0174,0.9686,89.47,0.7519,0.7158,0,60.0,6,6,"Lap H-2 nameplate census, player-relative ground offsets"
T01108,155,758.7167,759.05,17,486.04,4.0843,3.8883,482.31,4.053,3.8585,0,60.0,6,6,"Lap H-2 nameplate census, player-relative ground offsets"
T01109,155,758.7667,759.9667,30,22.06,0.1854,0.1765,22.06,0.1854,0.1765,0,60.0,6,6,"Lap H-2 nameplate census, player-relative ground offsets"
T01110,155,758.8,759.05,12,146.39,1.2301,1.1711,101.34,0.8516,0.8107,0,60.0,6,6,"Lap H-2 nameplate census, player-relative ground offsets"
T01111,155,758.8333,758.9333,6,88.28,0.7418,0.7062,83.16,0.6988,0.6653,0,60.0,6,6,"Lap H-2 nameplate census, player-relative ground offsets"
T01112,155,758.8833,759.4167,7,113.21,0.9514,0.9057,83.21,0.6992,0.6657,0,60.0,6,6,"Lap H-2 nameplate census, player-relative ground offsets"
T01113,155,758.8833,759.6333,13,227.35,1.9105,1.8188,208.58,1.7527,1.6686,0,60.0,6,6,"Lap H-2 nameplate census, player-relative ground offsets"
T01114,155,758.9,759.4,10,54.65,0.4592,0.4372,21.08,0.1772,0.1687,0,60.0,6,6,"Lap H-2 nameplate census, player-relative ground offsets"
T01115,155,758.9333,759.7,14,215.12,1.8077,1.721,202.59,1.7024,1.6207,0,60.0,6,6,"Lap H-2 nameplate census, player-relative ground offsets"
T01116,155,759.3333,760.45,53,156.41,1.3144,1.2513,142.07,1.1939,1.1366,0,60.0,6,6,"Lap H-2 nameplate census, player-relative ground offsets"
T01117,155,759.3833,759.7833,14,11.65,0.0979,0.0932,11.65,0.0979,0.0932,0,60.0,6,6,"Lap H-2 nameplate census, player-relative ground offsets"
T01118,155,759.5333,759.8,11,200.6,1.6858,1.6048,127.55,1.0718,1.0204,0,60.0,6,6,"Lap H-2 nameplate census, player-relative ground offsets"
T01119,155,759.5333,760.1,25,171.69,1.4427,1.3735,169.8,1.4269,1.3584,0,60.0,6,6,"Lap H-2 nameplate census, player-relative ground offsets"
T01120,155,759.5667,759.8167,8,184.82,1.5531,1.4786,184.82,1.5531,1.4786,0,60.0,6,6,"Lap H-2 nameplate census, player-relative ground offsets"
T01121,155,759.7667,760.1,13,108.5,0.9117,0.868,100.49,0.8444,0.8039,0,60.0,6,6,"Lap H-2 nameplate census, player-relative ground offsets"
T01122,155,759.8167,759.9667,9,248.17,2.0855,1.9854,248.17,2.0855,1.9854,0,60.0,6,6,"Lap H-2 nameplate census, player-relative ground offsets"
T01123,155,759.8333,760.1,11,197.66,1.661,1.5813,197.66,1.661,1.5813,0,60.0,6,6,"Lap H-2 nameplate census, player-relative ground offsets"
T01124,155,759.85,760.0167,11,501.6,4.2152,4.0128,491.19,4.1277,3.9295,0,60.0,6,6,"Lap H-2 nameplate census, player-relative ground offsets"
T01125,155,759.85,760.1,16,245.76,2.0652,1.9661,245.76,2.0652,1.9661,0,60.0,6,6,"Lap H-2 nameplate census, player-relative ground offsets"
T01126,155,759.85,760.1,16,236.85,1.9903,1.8948,236.85,1.9903,1.8948,0,60.0,6,6,"Lap H-2 nameplate census, player-relative ground offsets"
T01127,155,759.9833,760.1,8,208.68,1.7536,1.6694,208.68,1.7536,1.6694,0,60.0,6,6,"Lap H-2 nameplate census, player-relative ground offsets"
T01128,155,760.1167,761.3833,77,435.9,3.6631,3.4872,435.9,3.6631,3.4872,0,60.0,6,6,"Lap H-2 nameplate census, player-relative ground offsets"
T01129,156,760.25,760.5,6,260.34,2.1877,2.0827,256.33,2.154,2.0506,0,60.0,6,6,"Lap H-2 nameplate census, player-relative ground offsets"
T01130,156,760.25,760.6,9,372.17,3.1275,2.9774,363.22,3.0522,2.9057,0,60.0,6,6,"Lap H-2 nameplate census, player-relative ground offsets"
T01131,156,760.25,761.8667,98,1057.98,8.8906,8.4639,1044.87,8.7804,8.359,1,60.0,6,6,"Lap H-2 nameplate census, player-relative ground offsets"
T01132,156,760.3,760.5167,10,259.7,2.1824,2.0776,259.7,2.1824,2.0776,0,60.0,6,6,"Lap H-2 nameplate census, player-relative ground offsets"
T01133,156,760.4,760.6333,9,427.12,3.5893,3.417,409.13,3.4381,3.273,0,60.0,6,6,"Lap H-2 nameplate census, player-relative ground offsets"
T01134,156,761.4,763.3833,104,1087.35,9.1374,8.6988,51.01,0.4287,0.4081,1,60.0,6,6,"Lap H-2 nameplate census, player-relative ground offsets"
T01135,156,761.4833,761.85,23,737.33,6.196,5.8986,536.32,4.5069,4.2905,0,60.0,6,6,"Lap H-2 nameplate census, player-relative ground offsets"
T01136,156,761.5833,761.6667,6,144.48,1.2141,1.1558,144.48,1.2141,1.1558,0,60.0,6,6,"Lap H-2 nameplate census, player-relative ground offsets"
T01137,156,761.65,761.75,6,921.13,7.7406,7.369,921.13,7.7406,7.369,1,60.0,6,6,"Lap H-2 nameplate census, player-relative ground offsets"
T01138,156,761.75,762.4167,41,1098.02,9.2271,8.7842,417.08,3.5049,3.3367,1,60.0,6,6,"Lap H-2 nameplate census, player-relative ground offsets"
T01139,156,762.0,762.2667,17,509.16,4.2787,4.0733,507.15,4.2618,4.0572,0,60.0,6,6,"Lap H-2 nameplate census, player-relative ground offsets"
T01140,156,762.0167,763.45,75,1056.46,8.8778,8.4517,1043.69,8.7705,8.3495,1,60.0,6,6,"Lap H-2 nameplate census, player-relative ground offsets"
T01141,156,762.3167,763.3,55,1124.26,9.4475,8.9941,486.24,4.086,3.8899,1,60.0,6,6,"Lap H-2 nameplate census, player-relative ground offsets"
T01142,156,762.4833,764.8833,127,1107.34,9.3054,8.8587,653.1,5.4882,5.2248,1,60.0,6,6,"Lap H-2 nameplate census, player-relative ground offsets"
T01143,156,762.5,762.9333,27,1135.84,9.5449,9.0867,896.36,7.5324,7.1709,1,60.0,6,6,"Lap H-2 nameplate census, player-relative ground offsets"
T01144,156,762.6333,762.8167,7,437.24,3.6743,3.4979,437.24,3.6743,3.4979,0,60.0,6,6,"Lap H-2 nameplate census, player-relative ground offsets"
T01145,156,762.6333,762.9,15,415.8,3.4941,3.3264,415.8,3.4941,3.3264,0,60.0,6,6,"Lap H-2 nameplate census, player-relative ground offsets"
T01146,156,762.6667,762.7667,7,575.78,4.8385,4.6063,575.78,4.8385,4.6063,0,60.0,6,6,"Lap H-2 nameplate census, player-relative ground offsets"
T01147,156,762.85,763.1167,10,156.77,1.3174,1.2541,117.34,0.986,0.9387,0,60.0,6,6,"Lap H-2 nameplate census, player-relative ground offsets"
T01148,156,762.8833,763.3,23,1315.73,11.0566,10.5259,1170.41,9.8354,9.3633,1,60.0,6,6,"Lap H-2 nameplate census, player-relative ground offsets"
T01149,156,762.9167,763.3,21,894.16,7.5139,7.1533,569.71,4.7875,4.5577,1,60.0,6,6,"Lap H-2 nameplate census, player-relative ground offsets"
T01150,156,762.9667,765.8667,147,255.69,2.1486,2.0455,173.89,1.4613,1.3911,0,60.0,6,6,"Lap H-2 nameplate census, player-relative ground offsets"
T01151,156,763.0667,763.3,7,211.32,1.7758,1.6906,211.32,1.7758,1.6906,0,60.0,6,6,"Lap H-2 nameplate census, player-relative ground offsets"
T01152,156,763.0667,763.4667,15,111.41,0.9362,0.8913,111.41,0.9362,0.8913,0,60.0,6,6,"Lap H-2 nameplate census, player-relative ground offsets"
T01153,156,763.0667,763.6667,15,72.01,0.6051,0.576,57.48,0.4831,0.4599,0,60.0,6,6,"Lap H-2 nameplate census, player-relative ground offsets"
T01154,156,763.1,763.2667,9,653.6,5.4924,5.2288,633.05,5.3198,5.0644,0,60.0,6,6,"Lap H-2 nameplate census, player-relative ground offsets"
T01155,156,763.2833,763.6667,11,565.33,4.7506,4.5226,548.55,4.6097,4.3884,0,60.0,6,6,"Lap H-2 nameplate census, player-relative ground offsets"
T01156,156,763.3833,763.55,7,377.32,3.1707,3.0185,286.9,2.4109,2.2952,0,60.0,6,6,"Lap H-2 nameplate census, player-relative ground offsets"
T01157,156,763.3833,763.5667,8,515.02,4.3279,4.1202,459.25,3.8592,3.674,0,60.0,6,6,"Lap H-2 nameplate census, player-relative ground offsets"
T01158,156,763.3833,763.8,22,463.76,3.8972,3.7101,165.7,1.3924,1.3256,0,60.0,6,6,"Lap H-2 nameplate census, player-relative ground offsets"
T01159,156,763.3833,765.8667,130,1151.41,9.6757,9.2113,628.43,5.2809,5.0274,1,60.0,6,6,"Lap H-2 nameplate census, player-relative ground offsets"
T01160,156,763.3833,766.2,138,575.41,4.8353,4.6032,168.9,1.4193,1.3512,0,60.0,6,6,"Lap H-2 nameplate census, player-relative ground offsets"
T01161,156,763.4833,763.8,16,567.08,4.7654,4.5366,564.44,4.7432,4.5155,0,60.0,6,6,"Lap H-2 nameplate census, player-relative ground offsets"
T01162,156,763.5333,763.7667,7,516.39,4.3394,4.1311,516.39,4.3394,4.1311,0,60.0,6,6,"Lap H-2 nameplate census, player-relative ground offsets"
T01163,156,763.5667,764.0,16,162.75,1.3677,1.302,116.91,0.9824,0.9353,0,60.0,6,6,"Lap H-2 nameplate census, player-relative ground offsets"
T01164,156,763.6,763.8667,13,56.09,0.4713,0.4487,22.94,0.1928,0.1835,0,60.0,6,6,"Lap H-2 nameplate census, player-relative ground offsets"
T01165,156,763.6333,763.8,11,937.54,7.8784,7.5003,862.74,7.2499,6.9019,1,60.0,6,6,"Lap H-2 nameplate census, player-relative ground offsets"
T01166,156,763.6667,763.9667,7,502.18,4.22,4.0175,500.48,4.2057,4.0039,0,60.0,6,6,"Lap H-2 nameplate census, player-relative ground offsets"
T01167,156,763.7,763.9667,10,321.69,2.7032,2.5735,317.4,2.6673,2.5392,0,60.0,6,6,"Lap H-2 nameplate census, player-relative ground offsets"
T01168,156,763.7,764.3667,36,511.27,4.2964,4.0901,508.04,4.2692,4.0643,0,60.0,6,6,"Lap H-2 nameplate census, player-relative ground offsets"
T01169,156,763.7833,764.1833,18,80.02,0.6725,0.6402,67.2,0.5647,0.5376,0,60.0,6,6,"Lap H-2 nameplate census, player-relative ground offsets"
T01170,156,763.8333,763.95,6,124.27,1.0443,0.9941,102.84,0.8642,0.8227,0,60.0,6,6,"Lap H-2 nameplate census, player-relative ground offsets"
T01171,156,763.8333,764.25,9,500.65,4.2072,4.0052,464.04,3.8995,3.7123,0,60.0,6,6,"Lap H-2 nameplate census, player-relative ground offsets"
T01172,156,763.9667,767.2833,170,1058.35,8.8937,8.4668,1036.3,8.7084,8.2904,1,60.0,6,6,"Lap H-2 nameplate census, player-relative ground offsets"
T01173,156,764.0167,765.1,52,811.23,6.8171,6.4898,651.23,5.4725,5.2099,1,60.0,6,6,"Lap H-2 nameplate census, player-relative ground offsets"
T01174,156,764.0167,765.1167,53,744.14,6.2533,5.9531,572.65,4.8122,4.5812,0,60.0,6,6,"Lap H-2 nameplate census, player-relative ground offsets"
T01175,156,764.0167,765.8667,98,618.0,5.1933,4.944,247.77,2.0821,1.9822,0,60.0,6,6,"Lap H-2 nameplate census, player-relative ground offsets"
T01176,156,764.0167,765.8667,98,463.45,3.8945,3.7076,195.88,1.646,1.567,0,60.0,6,6,"Lap H-2 nameplate census, player-relative ground offsets"
T01177,156,764.0167,765.8667,98,456.43,3.8356,3.6514,333.49,2.8024,2.6679,0,60.0,6,6,"Lap H-2 nameplate census, player-relative ground offsets"
T01178,156,764.1,764.1833,6,92.01,0.7732,0.7361,87.23,0.733,0.6978,0,60.0,6,6,"Lap H-2 nameplate census, player-relative ground offsets"
T01179,156,764.1,764.2,7,400.98,3.3696,3.2079,395.65,3.3248,3.1652,0,60.0,6,6,"Lap H-2 nameplate census, player-relative ground offsets"
T01180,156,764.1667,764.3833,7,413.79,3.4773,3.3104,389.15,3.2701,3.1132,0,60.0,6,6,"Lap H-2 nameplate census, player-relative ground offsets"
T01181,156,764.2,764.3667,9,486.84,4.0911,3.8947,486.84,4.0911,3.8947,0,60.0,6,6,"Lap H-2 nameplate census, player-relative ground offsets"
T01182,156,764.2667,764.4167,10,684.11,5.7488,5.4729,670.32,5.633,5.3626,0,60.0,6,6,"Lap H-2 nameplate census, player-relative ground offsets"
T01183,156,764.2667,764.8833,31,685.68,5.762,5.4854,653.88,5.4948,5.231,0,60.0,6,6,"Lap H-2 nameplate census, player-relative ground offsets"
T01184,156,764.45,764.5333,6,60.04,0.5046,0.4803,59.51,0.5001,0.4761,0,60.0,6,6,"Lap H-2 nameplate census, player-relative ground offsets"
T01185,156,764.5667,764.8833,15,522.18,4.388,4.1774,517.54,4.349,4.1403,0,60.0,6,6,"Lap H-2 nameplate census, player-relative ground offsets"
T01186,156,764.6,764.8833,13,504.38,4.2385,4.0351,496.8,4.1748,3.9744,0,60.0,6,6,"Lap H-2 nameplate census, player-relative ground offsets"
T01187,156,764.6,765.8667,63,930.46,7.819,7.4437,660.01,5.5463,5.2801,1,60.0,6,6,"Lap H-2 nameplate census, player-relative ground offsets"
T01188,156,765.05,765.1333,6,846.65,7.1147,6.7732,846.65,7.1147,6.7732,1,60.0,6,6,"Lap H-2 nameplate census, player-relative ground offsets"
T01189,156,765.05,765.8667,50,877.24,7.3718,7.0179,711.91,5.9825,5.6953,1,60.0,6,6,"Lap H-2 nameplate census, player-relative ground offsets"
T01190,156,765.0833,765.3333,7,301.21,2.5312,2.4097,264.39,2.2218,2.1151,0,60.0,6,6,"Lap H-2 nameplate census, player-relative ground offsets"
T01191,156,765.1333,765.4167,16,968.41,8.1379,7.7473,864.81,7.2673,6.9185,1,60.0,6,6,"Lap H-2 nameplate census, player-relative ground offsets"
T01192,156,765.1333,765.8667,45,494.97,4.1594,3.9598,454.24,3.8171,3.6339,0,60.0,6,6,"Lap H-2 nameplate census, player-relative ground offsets"
T01193,156,765.15,767.0333,105,454.03,3.8154,3.6323,103.3,0.868,0.8264,0,60.0,6,6,"Lap H-2 nameplate census, player-relative ground offsets"
T01194,156,765.1833,765.5167,12,339.07,2.8494,2.7126,306.64,2.5768,2.4531,0,60.0,6,6,"Lap H-2 nameplate census, player-relative ground offsets"
T01195,156,765.2167,765.3167,6,981.24,8.2457,7.8499,981.24,8.2457,7.8499,1,60.0,6,6,"Lap H-2 nameplate census, player-relative ground offsets"
T01196,156,765.2167,765.35,7,991.62,8.3329,7.9329,988.93,8.3103,7.9114,1,60.0,6,6,"Lap H-2 nameplate census, player-relative ground offsets"
T01197,156,765.2833,765.7667,26,105.75,0.8886,0.846,14.12,0.1187,0.113,0,60.0,6,6,"Lap H-2 nameplate census, player-relative ground offsets"
T01198,156,765.4167,765.8667,28,834.97,7.0166,6.6798,576.63,4.8456,4.613,1,60.0,6,6,"Lap H-2 nameplate census, player-relative ground offsets"
T01199,156,765.7,766.0667,15,47.63,0.4003,0.381,10.13,0.0852,0.0811,0,60.0,6,6,"Lap H-2 nameplate census, player-relative ground offsets"
T01200,156,765.7667,766.0833,8,72.83,0.612,0.5826,72.83,0.612,0.5826,0,60.0,6,6,"Lap H-2 nameplate census, player-relative ground offsets"
T01201,156,765.95,766.1167,10,128.21,1.0774,1.0257,128.21,1.0774,1.0257,0,60.0,6,6,"Lap H-2 nameplate census, player-relative ground offsets"
T01202,156,765.95,766.2833,21,146.11,1.2278,1.1689,104.38,0.8772,0.8351,0,60.0,6,6,"Lap H-2 nameplate census, player-relative ground offsets"
T01203,156,765.95,766.35,25,276.89,2.3268,2.2151,247.46,2.0795,1.9797,0,60.0,6,6,"Lap H-2 nameplate census, player-relative ground offsets"
T01204,156,765.95,766.55,36,228.42,1.9195,1.8274,6.83,0.0574,0.0547,0,60.0,6,6,"Lap H-2 nameplate census, player-relative ground offsets"
T01205,156,765.95,766.75,44,570.21,4.7917,4.5617,533.72,4.485,4.2698,0,60.0,6,6,"Lap H-2 nameplate census, player-relative ground offsets"
T01206,156,765.95,766.8833,49,361.45,3.0374,2.8916,71.22,0.5985,0.5698,0,60.0,6,6,"Lap H-2 nameplate census, player-relative ground offsets"
T01207,156,765.95,767.25,67,251.73,2.1154,2.0138,229.89,1.9318,1.8391,0,60.0,6,6,"Lap H-2 nameplate census, player-relative ground offsets"
T01208,156,765.95,767.4333,80,550.43,4.6255,4.4035,510.05,4.2861,4.0804,0,60.0,6,6,"Lap H-2 nameplate census, player-relative ground offsets"
T01209,156,765.95,767.7667,98,715.53,6.0128,5.7242,516.64,4.3415,4.1331,0,60.0,6,6,"Lap H-2 nameplate census, player-relative ground offsets"
T01210,156,765.95,770.2167,237,652.51,5.4832,5.22,203.63,1.7112,1.629,0,60.0,6,6,"Lap H-2 nameplate census, player-relative ground offsets"
T01211,156,765.9833,766.2,8,77.29,0.6495,0.6183,67.98,0.5712,0.5438,0,60.0,6,6,"Lap H-2 nameplate census, player-relative ground offsets"
T01212,156,766.0,766.0833,6,73.15,0.6147,0.5852,66.53,0.5591,0.5322,0,60.0,6,6,"Lap H-2 nameplate census, player-relative ground offsets"
T01213,156,766.0833,766.5833,10,124.35,1.0449,0.9948,124.35,1.0449,0.9948,0,60.0,6,6,"Lap H-2 nameplate census, player-relative ground offsets"
T01214,156,766.1,766.3667,14,220.26,1.8509,1.7621,220.13,1.8498,1.761,0,60.0,6,6,"Lap H-2 nameplate census, player-relative ground offsets"
T01215,156,766.1667,766.3667,8,268.41,2.2555,2.1473,268.14,2.2533,2.1451,0,60.0,6,6,"Lap H-2 nameplate census, player-relative ground offsets"
T01216,156,766.2167,766.35,9,85.87,0.7216,0.687,85.87,0.7216,0.687,0,60.0,6,6,"Lap H-2 nameplate census, player-relative ground offsets"
T01217,156,766.2167,766.35,8,132.54,1.1138,1.0603,131.3,1.1034,1.0504,0,60.0,6,6,"Lap H-2 nameplate census, player-relative ground offsets"
T01218,156,766.2167,766.4167,7,190.77,1.6031,1.5261,190.77,1.6031,1.5261,0,60.0,6,6,"Lap H-2 nameplate census, player-relative ground offsets"
T01219,156,766.25,766.5667,10,115.22,0.9682,0.9218,115.22,0.9682,0.9218,0,60.0,6,6,"Lap H-2 nameplate census, player-relative ground offsets"
T01220,156,766.3,766.4,7,572.11,4.8076,4.5769,568.15,4.7743,4.5452,0,60.0,6,6,"Lap H-2 nameplate census, player-relative ground offsets"
T01221,156,766.3167,766.75,23,293.15,2.4634,2.3452,291.01,2.4455,2.3281,0,60.0,6,6,"Lap H-2 nameplate census, player-relative ground offsets"
T01222,156,766.3167,766.7833,13,200.15,1.6819,1.6012,177.23,1.4893,1.4178,0,60.0,6,6,"Lap H-2 nameplate census, player-relative ground offsets"
T01223,156,766.3167,766.9833,23,254.43,2.138,2.0354,219.04,1.8406,1.7523,0,60.0,6,6,"Lap H-2 nameplate census, player-relative ground offsets"
T01224,156,766.35,766.5833,9,217.58,1.8284,1.7407,217.58,1.8284,1.7407,0,60.0,6,6,"Lap H-2 nameplate census, player-relative ground offsets"
T01225,156,766.35,766.65,8,320.86,2.6963,2.5669,308.36,2.5912,2.4668,0,60.0,6,6,"Lap H-2 nameplate census, player-relative ground offsets"
T01226,156,766.3667,766.9333,14,246.93,2.075,1.9754,186.01,1.5631,1.4881,0,60.0,6,6,"Lap H-2 nameplate census, player-relative ground offsets"
T01227,156,766.4167,766.5833,9,385.45,3.2391,3.0836,385.45,3.2391,3.0836,0,60.0,6,6,"Lap H-2 nameplate census, player-relative ground offsets"
T01228,156,766.5,767.1,10,114.72,0.964,0.9177,114.72,0.964,0.9177,0,60.0,6,6,"Lap H-2 nameplate census, player-relative ground offsets"
T01229,156,766.5333,766.8167,8,262.72,2.2077,2.1017,219.39,1.8436,1.7551,0,60.0,6,6,"Lap H-2 nameplate census, player-relative ground offsets"
T01230,156,766.5667,767.0667,11,206.56,1.7358,1.6525,166.84,1.402,1.3347,0,60.0,6,6,"Lap H-2 nameplate census, player-relative ground offsets"
T01231,156,766.5833,766.8167,7,369.02,3.101,2.9522,339.62,2.8539,2.7169,0,60.0,6,6,"Lap H-2 nameplate census, player-relative ground offsets"
T01232,156,766.5833,766.8167,9,251.4,2.1126,2.0112,251.4,2.1126,2.0112,0,60.0,6,6,"Lap H-2 nameplate census, player-relative ground offsets"
T01233,156,766.5833,766.8167,8,396.62,3.3329,3.1729,387.4,3.2554,3.0992,0,60.0,6,6,"Lap H-2 nameplate census, player-relative ground offsets"
T01234,156,766.6333,770.9,233,628.75,5.2836,5.03,577.97,4.8569,4.6238,0,60.0,6,6,"Lap H-2 nameplate census, player-relative ground offsets"
T01235,156,766.65,766.8833,9,384.43,3.2305,3.0755,354.77,2.9813,2.8382,0,60.0,6,6,"Lap H-2 nameplate census, player-relative ground offsets"
T01236,156,766.7,766.8167,6,613.61,5.1564,4.9088,605.82,5.091,4.8466,0,60.0,6,6,"Lap H-2 nameplate census, player-relative ground offsets"
T01237,156,766.7,767.3333,29,300.45,2.5248,2.4036,130.04,1.0927,1.0403,0,60.0,6,6,"Lap H-2 nameplate census, player-relative ground offsets"
T01238,156,766.75,766.9833,8,528.53,4.4414,4.2282,510.28,4.2881,4.0822,0,60.0,6,6,"Lap H-2 nameplate census, player-relative ground offsets"
T01239,156,766.7833,766.9833,6,170.57,1.4333,1.3645,156.91,1.3186,1.2553,0,60.0,6,6,"Lap H-2 nameplate census, player-relative ground offsets"
T01240,156,766.8,767.1833,12,142.07,1.1939,1.1366,131.35,1.1038,1.0508,0,60.0,6,6,"Lap H-2 nameplate census, player-relative ground offsets"
T01241,156,766.8167,767.1833,12,238.61,2.0052,1.9089,238.61,2.0052,1.9089,0,60.0,6,6,"Lap H-2 nameplate census, player-relative ground offsets"
T01242,156,766.9333,767.0333,6,115.26,0.9686,0.9221,96.14,0.8079,0.7691,0,60.0,6,6,"Lap H-2 nameplate census, player-relative ground offsets"
T01243,156,766.9667,767.1,9,659.25,5.5399,5.274,651.78,5.4772,5.2143,0,60.0,6,6,"Lap H-2 nameplate census, player-relative ground offsets"
T01244,156,766.9667,767.1333,11,441.07,3.7065,3.5286,433.4,3.642,3.4672,0,60.0,6,6,"Lap H-2 nameplate census, player-relative ground offsets"
T01245,156,766.9667,767.8667,45,556.37,4.6754,4.451,548.67,4.6107,4.3893,0,60.0,6,6,"Lap H-2 nameplate census, player-relative ground offsets"
T01246,156,767.0,767.4,25,408.66,3.4341,3.2693,408.66,3.4341,3.2693,0,60.0,6,6,"Lap H-2 nameplate census, player-relative ground offsets"
T01247,156,767.0167,767.1833,9,100.57,0.8451,0.8045,81.17,0.6821,0.6493,0,60.0,6,6,"Lap H-2 nameplate census, player-relative ground offsets"
T01248,156,767.2667,767.3667,7,688.74,5.7877,5.5099,649.97,5.4619,5.1998,0,60.0,6,6,"Lap H-2 nameplate census, player-relative ground offsets"
T01249,156,767.3167,767.7167,19,123.32,1.0363,0.9866,108.79,0.9142,0.8703,0,60.0,6,6,"Lap H-2 nameplate census, player-relative ground offsets"
T01250,156,767.4167,767.5833,10,489.85,4.1164,3.9188,442.69,3.7201,3.5415,0,60.0,6,6,"Lap H-2 nameplate census, player-relative ground offsets"
T01251,156,767.45,767.7,10,243.95,2.05,1.9516,213.23,1.7919,1.7058,0,60.0,6,6,"Lap H-2 nameplate census, player-relative ground offsets"
T01252,156,767.4667,767.65,7,164.23,1.3801,1.3139,129.3,1.0866,1.0344,0,60.0,6,6,"Lap H-2 nameplate census, player-relative ground offsets"
T01253,156,767.5167,767.95,25,438.9,3.6883,3.5112,222.46,1.8694,1.7797,0,60.0,6,6,"Lap H-2 nameplate census, player-relative ground offsets"
T01254,156,767.5667,767.7,9,152.78,1.2839,1.2222,152.78,1.2839,1.2222,0,60.0,6,6,"Lap H-2 nameplate census, player-relative ground offsets"
T01255,156,767.5667,767.7,7,253.28,2.1284,2.0262,246.79,2.0739,1.9743,0,60.0,6,6,"Lap H-2 nameplate census, player-relative ground offsets"
T01256,156,767.5667,767.7167,6,30.99,0.2604,0.2479,21.13,0.1776,0.1691,0,60.0,6,6,"Lap H-2 nameplate census, player-relative ground offsets"
T01257,156,767.5667,767.7167,6,60.65,0.5097,0.4852,53.65,0.4509,0.4292,0,60.0,6,6,"Lap H-2 nameplate census, player-relative ground offsets"
T01258,156,767.5667,767.7167,6,83.44,0.7012,0.6675,83.44,0.7012,0.6675,0,60.0,6,6,"Lap H-2 nameplate census, player-relative ground offsets"
T01259,156,767.6167,767.7167,7,271.0,2.2773,2.168,271.0,2.2773,2.168,0,60.0,6,6,"Lap H-2 nameplate census, player-relative ground offsets"
T01260,156,767.6667,767.9667,12,455.87,3.8309,3.647,455.87,3.8309,3.647,0,60.0,6,6,"Lap H-2 nameplate census, player-relative ground offsets"
T01261,156,767.7667,767.95,9,687.46,5.777,5.4997,681.31,5.7253,5.4505,0,60.0,6,6,"Lap H-2 nameplate census, player-relative ground offsets"
T01262,156,767.8167,769.35,71,150.76,1.2669,1.2061,150.76,1.2669,1.2061,0,60.0,6,6,"Lap H-2 nameplate census, player-relative ground offsets"
T01263,156,767.8833,768.1,9,223.34,1.8768,1.7867,223.34,1.8768,1.7867,0,60.0,6,6,"Lap H-2 nameplate census, player-relative ground offsets"
T01264,156,767.8833,768.3,13,235.38,1.978,1.883,153.75,1.292,1.23,0,60.0,6,6,"Lap H-2 nameplate census, player-relative ground offsets"
T01265,156,767.9167,768.15,9,263.52,2.2145,2.1082,242.81,2.0404,1.9425,0,60.0,6,6,"Lap H-2 nameplate census, player-relative ground offsets"
T01266,156,767.9667,768.25,12,599.0,5.0337,4.792,599.0,5.0337,4.792,0,60.0,6,6,"Lap H-2 nameplate census, player-relative ground offsets"
T01267,156,767.9667,768.3,21,193.6,1.6269,1.5488,71.22,0.5985,0.5698,0,60.0,6,6,"Lap H-2 nameplate census, player-relative ground offsets"
T01268,156,768.0167,768.3,9,564.92,4.7472,4.5193,535.62,4.501,4.285,0,60.0,6,6,"Lap H-2 nameplate census, player-relative ground offsets"
T01269,156,768.0333,768.3,7,568.6,4.7782,4.5488,556.86,4.6795,4.4549,0,60.0,6,6,"Lap H-2 nameplate census, player-relative ground offsets"
T01270,156,768.0333,768.8,41,1068.09,8.9755,8.5447,1041.61,8.7531,8.3329,1,60.0,6,6,"Lap H-2 nameplate census, player-relative ground offsets"
T01271,156,768.2333,769.2333,43,57.5,0.4832,0.46,29.95,0.2517,0.2396,0,60.0,6,6,"Lap H-2 nameplate census, player-relative ground offsets"
T01272,156,768.2667,768.4667,6,249.66,2.098,1.9973,249.66,2.098,1.9973,0,60.0,6,6,"Lap H-2 nameplate census, player-relative ground offsets"
T01273,156,768.3833,768.5667,6,137.58,1.1561,1.1006,126.46,1.0627,1.0117,0,60.0,6,6,"Lap H-2 nameplate census, player-relative ground offsets"
T01274,156,768.3833,768.6167,10,262.08,2.2024,2.0966,225.72,1.8968,1.8058,0,60.0,6,6,"Lap H-2 nameplate census, player-relative ground offsets"
T01275,156,768.4167,768.6,9,376.49,3.1638,3.0119,370.87,3.1165,2.9669,0,60.0,6,6,"Lap H-2 nameplate census, player-relative ground offsets"
T01276,156,768.4167,768.6667,9,457.53,3.8448,3.6602,429.84,3.6121,3.4387,0,60.0,6,6,"Lap H-2 nameplate census, player-relative ground offsets"
T01277,156,768.4167,768.7,9,325.99,2.7394,2.608,325.99,2.7394,2.608,0,60.0,6,6,"Lap H-2 nameplate census, player-relative ground offsets"
T01278,156,768.4167,768.7,10,339.02,2.8489,2.7122,339.02,2.8489,2.7122,0,60.0,6,6,"Lap H-2 nameplate census, player-relative ground offsets"
T01279,156,768.5667,768.7333,10,413.86,3.4778,3.3108,403.52,3.391,3.2282,0,60.0,6,6,"Lap H-2 nameplate census, player-relative ground offsets"
T01280,156,768.75,768.9667,10,238.09,2.0008,1.9048,227.45,1.9113,1.8196,0,60.0,6,6,"Lap H-2 nameplate census, player-relative ground offsets"
T01281,156,768.8333,769.15,10,464.76,3.9056,3.7181,408.41,3.4321,3.2673,0,60.0,6,6,"Lap H-2 nameplate census, player-relative ground offsets"
T01282,156,768.8667,769.1167,8,434.2,3.6488,3.4736,370.28,3.1116,2.9623,0,60.0,6,6,"Lap H-2 nameplate census, player-relative ground offsets"
T01283,156,768.8667,774.8833,359,880.22,7.3968,7.0417,82.04,0.6894,0.6563,1,60.0,6,6,"Lap H-2 nameplate census, player-relative ground offsets"
T01284,156,768.9333,769.15,14,553.31,4.6497,4.4265,532.55,4.4752,4.2604,0,60.0,6,6,"Lap H-2 nameplate census, player-relative ground offsets"
T01285,156,768.9833,769.15,10,568.97,4.7812,4.5517,554.86,4.6627,4.4389,0,60.0,6,6,"Lap H-2 nameplate census, player-relative ground offsets"
T01286,156,768.9833,769.2833,12,101.1,0.8496,0.8088,101.1,0.8496,0.8088,0,60.0,6,6,"Lap H-2 nameplate census, player-relative ground offsets"
T01287,156,769.0167,769.15,8,183.37,1.5409,1.4669,170.73,1.4347,1.3658,0,60.0,6,6,"Lap H-2 nameplate census, player-relative ground offsets"
T01288,156,769.0167,769.1667,6,313.46,2.6341,2.5077,297.34,2.4986,2.3787,0,60.0,6,6,"Lap H-2 nameplate census, player-relative ground offsets"
T01289,156,769.0667,769.7,18,199.53,1.6767,1.5962,149.82,1.259,1.1986,0,60.0,6,6,"Lap H-2 nameplate census, player-relative ground offsets"
T01290,156,769.3667,769.6,11,208.08,1.7485,1.6646,171.03,1.4372,1.3682,0,60.0,6,6,"Lap H-2 nameplate census, player-relative ground offsets"
T01291,156,769.4667,769.6167,6,165.27,1.3889,1.3222,165.27,1.3889,1.3222,0,60.0,6,6,"Lap H-2 nameplate census, player-relative ground offsets"
T01292,156,769.4667,769.6667,8,439.26,3.6913,3.5141,439.26,3.6913,3.5141,0,60.0,6,6,"Lap H-2 nameplate census, player-relative ground offsets"
T01293,156,769.4833,769.65,11,458.36,3.8518,3.6669,450.38,3.7847,3.6031,0,60.0,6,6,"Lap H-2 nameplate census, player-relative ground offsets"
T01294,156,769.5667,771.2333,95,1058.85,8.8979,8.4708,1044.3,8.7756,8.3544,1,60.0,6,6,"Lap H-2 nameplate census, player-relative ground offsets"
T01295,156,769.8333,769.9167,6,784.12,6.5892,6.2729,784.12,6.5892,6.2729,1,60.0,6,6,"Lap H-2 nameplate census, player-relative ground offsets"
T01296,156,769.9833,770.1167,6,59.9,0.5034,0.4792,27.98,0.2351,0.2238,0,60.0,6,6,"Lap H-2 nameplate census, player-relative ground offsets"
T01297,156,770.0,770.3333,6,143.13,1.2028,1.145,93.79,0.7882,0.7504,0,60.0,6,6,"Lap H-2 nameplate census, player-relative ground offsets"
T01298,156,770.2167,770.3833,7,103.02,0.8657,0.8242,59.34,0.4986,0.4747,0,60.0,6,6,"Lap H-2 nameplate census, player-relative ground offsets"
T01299,156,770.2167,770.5667,9,186.72,1.5691,1.4938,186.72,1.5691,1.4938,0,60.0,6,6,"Lap H-2 nameplate census, player-relative ground offsets"
T01300,156,770.2333,770.5,9,156.03,1.3112,1.2483,116.09,0.9755,0.9287,0,60.0,6,6,"Lap H-2 nameplate census, player-relative ground offsets"
T01301,156,770.3333,770.5667,12,35.83,0.3011,0.2867,8.44,0.0709,0.0675,0,60.0,6,6,"Lap H-2 nameplate census, player-relative ground offsets"
T01302,156,770.3667,770.6333,11,83.95,0.7054,0.6716,19.38,0.1629,0.1551,0,60.0,6,6,"Lap H-2 nameplate census, player-relative ground offsets"
T01303,156,770.5667,770.75,12,664.47,5.5838,5.3157,661.07,5.5552,5.2886,0,60.0,6,6,"Lap H-2 nameplate census, player-relative ground offsets"
T01304,156,770.5667,770.8333,17,764.67,6.4258,6.1173,764.67,6.4258,6.1173,1,60.0,6,6,"Lap H-2 nameplate census, player-relative ground offsets"
T01305,156,770.6167,770.8333,7,53.13,0.4465,0.4251,13.74,0.1155,0.1099,0,60.0,6,6,"Lap H-2 nameplate census, player-relative ground offsets"
T01306,156,770.6167,770.8667,9,11.22,0.0943,0.0897,11.22,0.0943,0.0897,0,60.0,6,6,"Lap H-2 nameplate census, player-relative ground offsets"
T01307,156,770.7667,770.9,6,62.7,0.5269,0.5016,62.7,0.5269,0.5016,0,60.0,6,6,"Lap H-2 nameplate census, player-relative ground offsets"
T01308,156,770.9667,771.3333,11,259.78,2.183,2.0782,246.33,2.07,1.9706,0,60.0,6,6,"Lap H-2 nameplate census, player-relative ground offsets"
T01309,156,771.0,771.0833,6,211.94,1.781,1.6955,154.78,1.3006,1.2382,0,60.0,6,6,"Lap H-2 nameplate census, player-relative ground offsets"
T01310,156,771.0333,771.6333,19,96.62,0.8119,0.773,16.55,0.1391,0.1324,0,60.0,6,6,"Lap H-2 nameplate census, player-relative ground offsets"
T01311,156,771.0667,771.25,9,474.27,3.9855,3.7942,440.42,3.701,3.5234,0,60.0,6,6,"Lap H-2 nameplate census, player-relative ground offsets"
T01312,156,771.0833,771.5333,10,236.19,1.9848,1.8895,221.61,1.8623,1.7729,0,60.0,6,6,"Lap H-2 nameplate census, player-relative ground offsets"
T01313,156,771.2167,771.7833,13,204.31,1.7169,1.6345,197.47,1.6594,1.5798,0,60.0,6,6,"Lap H-2 nameplate census, player-relative ground offsets"
T01314,156,771.3667,771.5333,6,232.63,1.9548,1.861,232.63,1.9548,1.861,0,60.0,6,6,"Lap H-2 nameplate census, player-relative ground offsets"
T01315,156,771.3667,771.7,17,28.7,0.2412,0.2296,10.57,0.0888,0.0845,0,60.0,6,6,"Lap H-2 nameplate census, player-relative ground offsets"
T01316,156,771.4,772.55,58,51.91,0.4363,0.4153,48.32,0.4061,0.3866,0,60.0,6,6,"Lap H-2 nameplate census, player-relative ground offsets"
T01317,156,771.4167,771.6,6,92.3,0.7756,0.7384,92.3,0.7756,0.7384,0,60.0,6,6,"Lap H-2 nameplate census, player-relative ground offsets"
T01318,156,771.4833,771.6,7,344.68,2.8965,2.7575,344.68,2.8965,2.7575,0,60.0,6,6,"Lap H-2 nameplate census, player-relative ground offsets"
T01319,156,771.4833,771.6833,6,129.23,1.086,1.0338,118.75,0.9979,0.95,0,60.0,6,6,"Lap H-2 nameplate census, player-relative ground offsets"
T01320,156,771.5667,771.65,6,79.33,0.6666,0.6346,67.46,0.5669,0.5397,0,60.0,6,6,"Lap H-2 nameplate census, player-relative ground offsets"
T01321,156,771.6333,771.7667,6,211.38,1.7763,1.691,198.92,1.6716,1.5914,0,60.0,6,6,"Lap H-2 nameplate census, player-relative ground offsets"
T01322,156,771.7667,772.2333,21,37.97,0.3191,0.3038,21.13,0.1776,0.1691,0,60.0,6,6,"Lap H-2 nameplate census, player-relative ground offsets"
T01323,156,771.9667,772.1667,13,343.78,2.8889,2.7503,343.78,2.8889,2.7503,0,60.0,6,6,"Lap H-2 nameplate census, player-relative ground offsets"
T01324,156,771.9833,772.3167,8,82.76,0.6955,0.6621,71.03,0.5969,0.5683,0,60.0,6,6,"Lap H-2 nameplate census, player-relative ground offsets"
T01325,156,772.0833,773.0,43,1058.56,8.8954,8.4685,1045.19,8.7831,8.3615,1,60.0,6,6,"Lap H-2 nameplate census, player-relative ground offsets"
T01326,156,772.15,773.0833,40,29.22,0.2456,0.2338,24.59,0.2067,0.1968,0,60.0,6,6,"Lap H-2 nameplate census, player-relative ground offsets"
T01327,156,772.1667,772.3833,10,54.03,0.4541,0.4323,50.22,0.422,0.4017,0,60.0,6,6,"Lap H-2 nameplate census, player-relative ground offsets"
T01328,156,772.25,772.7333,9,135.56,1.1392,1.0845,135.56,1.1392,1.0845,0,60.0,6,6,"Lap H-2 nameplate census, player-relative ground offsets"
T01329,156,772.3667,772.6667,9,498.56,4.1896,3.9885,490.99,4.1259,3.9279,0,60.0,6,6,"Lap H-2 nameplate census, player-relative ground offsets"
T01330,156,772.4167,775.1,162,699.27,5.8762,5.5941,196.7,1.653,1.5736,0,60.0,6,6,"Lap H-2 nameplate census, player-relative ground offsets"
T01331,156,772.45,772.7333,11,125.82,1.0573,1.0065,86.08,0.7234,0.6887,0,60.0,6,6,"Lap H-2 nameplate census, player-relative ground offsets"
T01332,156,772.45,773.0667,14,141.21,1.1866,1.1297,98.84,0.8306,0.7908,0,60.0,6,6,"Lap H-2 nameplate census, player-relative ground offsets"
T01333,156,772.4667,772.6333,8,479.15,4.0265,3.8332,478.23,4.0187,3.8258,0,60.0,6,6,"Lap H-2 nameplate census, player-relative ground offsets"
T01334,156,772.4667,772.8167,13,137.07,1.1519,1.0966,136.88,1.1503,1.095,0,60.0,6,6,"Lap H-2 nameplate census, player-relative ground offsets"
T01335,156,772.5,772.9667,16,30.96,0.2601,0.2477,30.96,0.2601,0.2477,0,60.0,6,6,"Lap H-2 nameplate census, player-relative ground offsets"
T01336,156,772.5667,772.8667,13,40.39,0.3394,0.3231,40.39,0.3394,0.3231,0,60.0,6,6,"Lap H-2 nameplate census, player-relative ground offsets"
T01337,156,772.6833,772.95,8,100.62,0.8456,0.805,28.3,0.2378,0.2264,0,60.0,6,6,"Lap H-2 nameplate census, player-relative ground offsets"
T01338,156,772.6833,773.8667,37,234.94,1.9743,1.8795,197.91,1.6631,1.5832,0,60.0,6,6,"Lap H-2 nameplate census, player-relative ground offsets"
T01339,156,772.7833,773.2,15,32.65,0.2744,0.2612,18.51,0.1555,0.1481,0,60.0,6,6,"Lap H-2 nameplate census, player-relative ground offsets"
T01340,156,772.9,773.0667,9,181.95,1.529,1.4556,181.95,1.529,1.4556,0,60.0,6,6,"Lap H-2 nameplate census, player-relative ground offsets"
T01341,156,773.0167,774.05,39,69.2,0.5815,0.5536,34.05,0.2861,0.2724,0,60.0,6,6,"Lap H-2 nameplate census, player-relative ground offsets"
T01342,156,773.0333,773.2,6,260.46,2.1888,2.0837,259.16,2.1778,2.0733,0,60.0,6,6,"Lap H-2 nameplate census, player-relative ground offsets"
T01343,156,773.1333,773.7833,15,93.87,0.7888,0.7509,23.85,0.2004,0.1908,0,60.0,6,6,"Lap H-2 nameplate census, player-relative ground offsets"
T01344,156,773.2833,773.5333,13,106.31,0.8934,0.8505,84.08,0.7066,0.6726,0,60.0,6,6,"Lap H-2 nameplate census, player-relative ground offsets"
T01345,156,773.5,773.65,6,138.87,1.1669,1.1109,137.17,1.1527,1.0974,0,60.0,6,6,"Lap H-2 nameplate census, player-relative ground offsets"
T01346,156,773.5167,773.85,12,329.7,2.7706,2.6376,304.64,2.56,2.4371,0,60.0,6,6,"Lap H-2 nameplate census, player-relative ground offsets"
T01347,156,773.5333,773.8667,11,79.24,0.6659,0.6339,22.97,0.193,0.1838,0,60.0,6,6,"Lap H-2 nameplate census, player-relative ground offsets"
T01348,156,773.6,775.05,86,1044.88,8.7805,8.359,1041.91,8.7556,8.3353,1,60.0,6,6,"Lap H-2 nameplate census, player-relative ground offsets"
T01349,156,773.6833,773.8667,7,27.48,0.2309,0.2198,27.48,0.2309,0.2198,0,60.0,6,6,"Lap H-2 nameplate census, player-relative ground offsets"
T01350,156,773.7,774.1167,9,170.86,1.4358,1.3669,170.86,1.4358,1.3669,0,60.0,6,6,"Lap H-2 nameplate census, player-relative ground offsets"
T01351,156,773.7167,773.8833,6,78.92,0.6632,0.6314,73.78,0.62,0.5902,0,60.0,6,6,"Lap H-2 nameplate census, player-relative ground offsets"
T01352,156,773.7167,774.8333,32,83.97,0.7057,0.6718,8.38,0.0704,0.067,0,60.0,6,6,"Lap H-2 nameplate census, player-relative ground offsets"
T01353,156,773.75,774.15,9,74.43,0.6255,0.5955,44.22,0.3716,0.3537,0,60.0,6,6,"Lap H-2 nameplate census, player-relative ground offsets"
T01354,156,773.7833,773.9333,6,113.05,0.95,0.9044,113.05,0.95,0.9044,0,60.0,6,6,"Lap H-2 nameplate census, player-relative ground offsets"
T01355,156,773.8,773.9333,6,130.16,1.0938,1.0413,105.47,0.8863,0.8437,0,60.0,6,6,"Lap H-2 nameplate census, player-relative ground offsets"
T01356,156,773.8833,773.9833,7,220.87,1.8561,1.767,178.55,1.5004,1.4284,0,60.0,6,6,"Lap H-2 nameplate census, player-relative ground offsets"
T01357,156,773.9,774.1833,11,196.32,1.6497,1.5705,70.64,0.5936,0.5651,0,60.0,6,6,"Lap H-2 nameplate census, player-relative ground offsets"
T01358,156,774.0,774.3667,6,29.23,0.2456,0.2338,11.0,0.0924,0.088,0,60.0,6,6,"Lap H-2 nameplate census, player-relative ground offsets"
T01359,156,774.0167,774.2333,11,187.99,1.5797,1.5039,187.99,1.5797,1.5039,0,60.0,6,6,"Lap H-2 nameplate census, player-relative ground offsets"
T01360,156,774.0833,774.25,6,278.12,2.3371,2.2249,239.89,2.0158,1.9191,0,60.0,6,6,"Lap H-2 nameplate census, player-relative ground offsets"
T01361,156,774.0833,776.7,156,791.88,6.6544,6.335,236.02,1.9834,1.8882,1,60.0,6,6,"Lap H-2 nameplate census, player-relative ground offsets"
T01362,156,774.1,774.2,6,219.82,1.8472,1.7586,212.29,1.784,1.6983,0,60.0,6,6,"Lap H-2 nameplate census, player-relative ground offsets"
T01363,156,774.2333,774.5,16,324.83,2.7296,2.5986,324.83,2.7296,2.5986,0,60.0,6,6,"Lap H-2 nameplate census, player-relative ground offsets"
T01364,156,774.5167,774.8,9,190.91,1.6043,1.5273,190.91,1.6043,1.5273,0,60.0,6,6,"Lap H-2 nameplate census, player-relative ground offsets"
T01365,156,774.6333,774.8167,7,226.19,1.9007,1.8095,226.19,1.9007,1.8095,0,60.0,6,6,"Lap H-2 nameplate census, player-relative ground offsets"
T01366,156,774.6667,775.0167,8,72.64,0.6104,0.5811,19.02,0.1599,0.1522,0,60.0,6,6,"Lap H-2 nameplate census, player-relative ground offsets"
T01367,156,774.7167,775.0333,14,136.86,1.1501,1.0949,95.49,0.8024,0.7639,0,60.0,6,6,"Lap H-2 nameplate census, player-relative ground offsets"
T01368,156,774.75,774.8833,7,261.77,2.1997,2.0942,249.0,2.0924,1.992,0,60.0,6,6,"Lap H-2 nameplate census, player-relative ground offsets"
T01369,156,774.75,775.0167,9,235.6,1.9798,1.8848,220.83,1.8557,1.7666,0,60.0,6,6,"Lap H-2 nameplate census, player-relative ground offsets"
T01370,156,774.8333,775.0167,6,157.4,1.3227,1.2592,157.4,1.3227,1.2592,0,60.0,6,6,"Lap H-2 nameplate census, player-relative ground offsets"
T01371,156,774.9167,775.3,12,87.32,0.7337,0.6985,87.32,0.7337,0.6985,0,60.0,6,6,"Lap H-2 nameplate census, player-relative ground offsets"
T01372,156,775.0167,778.2,168,157.55,1.3239,1.2604,78.44,0.6592,0.6275,0,60.0,6,6,"Lap H-2 nameplate census, player-relative ground offsets"
T01373,156,775.2,775.35,8,250.29,2.1033,2.0023,227.56,1.9123,1.8205,0,60.0,6,6,"Lap H-2 nameplate census, player-relative ground offsets"
T01374,156,775.3333,775.6833,11,308.2,2.5899,2.4656,263.55,2.2147,2.1084,0,60.0,6,6,"Lap H-2 nameplate census, player-relative ground offsets"
T01375,156,775.4167,775.6667,9,374.86,3.1501,2.9989,374.86,3.1501,2.9989,0,60.0,6,6,"Lap H-2 nameplate census, player-relative ground offsets"
T01376,156,775.5167,776.2167,43,499.59,4.1982,3.9967,435.55,3.6601,3.4844,0,60.0,6,6,"Lap H-2 nameplate census, player-relative ground offsets"
T01377,156,775.5333,775.7167,7,209.62,1.7615,1.677,209.62,1.7615,1.677,0,60.0,6,6,"Lap H-2 nameplate census, player-relative ground offsets"
T01378,156,775.5333,776.15,38,582.04,4.8911,4.6563,573.82,4.822,4.5906,0,60.0,6,6,"Lap H-2 nameplate census, player-relative ground offsets"
T01379,156,775.5833,775.75,6,227.62,1.9128,1.821,227.62,1.9128,1.821,0,60.0,6,6,"Lap H-2 nameplate census, player-relative ground offsets"
T01380,156,775.5833,775.7833,7,424.6,3.5681,3.3968,331.7,2.7874,2.6536,0,60.0,6,6,"Lap H-2 nameplate census, player-relative ground offsets"
T01381,156,775.6833,776.0333,6,227.38,1.9107,1.819,192.76,1.6198,1.542,0,60.0,6,6,"Lap H-2 nameplate census, player-relative ground offsets"
T01382,156,775.75,776.0333,12,335.76,2.8215,2.686,286.5,2.4076,2.292,0,60.0,6,6,"Lap H-2 nameplate census, player-relative ground offsets"
T01383,156,775.8667,776.4833,13,236.9,1.9907,1.8952,227.07,1.9082,1.8166,0,60.0,6,6,"Lap H-2 nameplate census, player-relative ground offsets"
T01384,156,775.9,776.0333,8,249.6,2.0975,1.9968,243.7,2.0479,1.9496,0,60.0,6,6,"Lap H-2 nameplate census, player-relative ground offsets"
T01385,156,775.9167,776.15,15,673.22,5.6573,5.3858,658.23,5.5314,5.2659,0,60.0,6,6,"Lap H-2 nameplate census, player-relative ground offsets"
T01386,156,776.0167,776.7,42,1052.0,8.8404,8.416,1051.71,8.8379,8.4137,1,60.0,6,6,"Lap H-2 nameplate census, player-relative ground offsets"
T01387,156,776.0333,776.2167,12,447.67,3.7619,3.5813,437.73,3.6784,3.5018,0,60.0,6,6,"Lap H-2 nameplate census, player-relative ground offsets"
T01388,156,776.05,776.2167,11,573.96,4.8232,4.5916,562.88,4.7301,4.5031,0,60.0,6,6,"Lap H-2 nameplate census, player-relative ground offsets"
T01389,156,776.1,776.2167,8,428.94,3.6045,3.4315,421.25,3.5399,3.37,0,60.0,6,6,"Lap H-2 nameplate census, player-relative ground offsets"
T01390,156,776.2,776.2833,6,321.3,2.7,2.5704,318.87,2.6796,2.5509,0,60.0,6,6,"Lap H-2 nameplate census, player-relative ground offsets"
T01391,156,776.2333,776.7,19,313.45,2.634,2.5076,308.98,2.5965,2.4718,0,60.0,6,6,"Lap H-2 nameplate census, player-relative ground offsets"
T01392,156,776.3,776.8333,18,304.33,2.5574,2.4347,221.97,1.8653,1.7758,0,60.0,6,6,"Lap H-2 nameplate census, player-relative ground offsets"
T01393,156,776.3667,776.6667,8,290.68,2.4427,2.3254,280.68,2.3586,2.2454,0,60.0,6,6,"Lap H-2 nameplate census, player-relative ground offsets"
T01394,156,776.5,776.6167,6,372.62,3.1312,2.9809,357.55,3.0047,2.8604,0,60.0,6,6,"Lap H-2 nameplate census, player-relative ground offsets"
T01395,156,776.5667,777.0333,14,408.91,3.4362,3.2713,345.97,2.9073,2.7677,0,60.0,6,6,"Lap H-2 nameplate census, player-relative ground offsets"
T01396,156,776.6,776.95,12,412.82,3.4691,3.3026,412.82,3.4691,3.3026,0,60.0,6,6,"Lap H-2 nameplate census, player-relative ground offsets"
T01397,156,776.65,776.95,10,362.46,3.0459,2.8997,319.76,2.6871,2.5581,0,60.0,6,6,"Lap H-2 nameplate census, player-relative ground offsets"
T01398,156,776.6833,776.8333,6,129.97,1.0922,1.0397,44.46,0.3736,0.3557,0,60.0,6,6,"Lap H-2 nameplate census, player-relative ground offsets"
T01399,156,776.6833,777.0,10,348.88,2.9318,2.791,346.23,2.9095,2.7699,0,60.0,6,6,"Lap H-2 nameplate census, player-relative ground offsets"
T01400,156,776.7,776.8,6,266.51,2.2396,2.1321,266.51,2.2396,2.1321,0,60.0,6,6,"Lap H-2 nameplate census, player-relative ground offsets"
T01401,156,776.8167,777.7,27,205.09,1.7234,1.6407,205.09,1.7234,1.6407,0,60.0,6,6,"Lap H-2 nameplate census, player-relative ground offsets"
T01402,156,776.8333,777.1333,9,480.64,4.039,3.8451,480.64,4.039,3.8451,0,60.0,6,6,"Lap H-2 nameplate census, player-relative ground offsets"
T01403,156,776.8333,777.3833,16,37.3,0.3134,0.2984,27.27,0.2292,0.2182,0,60.0,6,6,"Lap H-2 nameplate census, player-relative ground offsets"
T01404,156,776.85,777.4167,13,446.54,3.7524,3.5723,433.99,3.647,3.4719,0,60.0,6,6,"Lap H-2 nameplate census, player-relative ground offsets"
T01405,156,776.8667,777.0833,7,413.48,3.4746,3.3078,387.42,3.2556,3.0994,0,60.0,6,6,"Lap H-2 nameplate census, player-relative ground offsets"
T01406,156,776.8667,777.2,8,443.84,3.7297,3.5507,437.8,3.679,3.5024,0,60.0,6,6,"Lap H-2 nameplate census, player-relative ground offsets"
T01407,156,776.9167,777.4167,19,487.51,4.0967,3.9001,478.08,4.0175,3.8247,0,60.0,6,6,"Lap H-2 nameplate census, player-relative ground offsets"
T01408,156,776.9667,777.1667,13,1057.7,8.8882,8.4616,1057.7,8.8882,8.4616,1,60.0,6,6,"Lap H-2 nameplate census, player-relative ground offsets"
T01409,156,776.9833,777.1,6,232.31,1.9522,1.8585,232.31,1.9522,1.8585,0,60.0,6,6,"Lap H-2 nameplate census, player-relative ground offsets"
T01410,156,777.1333,777.9167,16,211.4,1.7765,1.6912,127.15,1.0685,1.0172,0,60.0,6,6,"Lap H-2 nameplate census, player-relative ground offsets"
T01411,156,777.1667,777.3667,6,141.96,1.1929,1.1357,141.96,1.1929,1.1357,0,60.0,6,6,"Lap H-2 nameplate census, player-relative ground offsets"
T01412,156,777.1833,778.1833,24,180.94,1.5205,1.4476,180.94,1.5205,1.4476,0,60.0,6,6,"Lap H-2 nameplate census, player-relative ground offsets"
T01413,156,777.2167,777.3667,7,198.67,1.6695,1.5893,196.11,1.6479,1.5688,0,60.0,6,6,"Lap H-2 nameplate census, player-relative ground offsets"
T01414,156,777.2167,777.5667,6,187.49,1.5756,1.4999,164.84,1.3852,1.3187,0,60.0,6,6,"Lap H-2 nameplate census, player-relative ground offsets"
T01415,156,777.4167,779.0833,82,1058.56,8.8954,8.4685,1051.11,8.8329,8.4089,1,60.0,6,6,"Lap H-2 nameplate census, player-relative ground offsets"
T01416,156,777.4333,778.0333,25,155.86,1.3097,1.2469,30.06,0.2526,0.2405,0,60.0,6,6,"Lap H-2 nameplate census, player-relative ground offsets"
T01417,156,777.5,777.8667,23,449.47,3.777,3.5957,445.07,3.7401,3.5606,0,60.0,6,6,"Lap H-2 nameplate census, player-relative ground offsets"
T01418,156,777.55,778.05,28,577.65,4.8542,4.6212,576.72,4.8464,4.6138,0,60.0,6,6,"Lap H-2 nameplate census, player-relative ground offsets"
T01419,156,777.6333,778.05,10,182.49,1.5336,1.46,158.89,1.3352,1.2711,0,60.0,6,6,"Lap H-2 nameplate census, player-relative ground offsets"
T01420,156,777.7,778.1167,8,168.5,1.4159,1.348,162.56,1.3661,1.3005,0,60.0,6,6,"Lap H-2 nameplate census, player-relative ground offsets"
T01421,156,777.85,778.2167,7,250.67,2.1064,2.0053,250.67,2.1064,2.0053,0,60.0,6,6,"Lap H-2 nameplate census, player-relative ground offsets"
T01422,156,777.85,778.2667,10,212.38,1.7847,1.699,212.38,1.7847,1.699,0,60.0,6,6,"Lap H-2 nameplate census, player-relative ground offsets"
T01423,156,777.9167,778.5333,9,149.85,1.2593,1.1988,123.79,1.0403,0.9904,0,60.0,6,6,"Lap H-2 nameplate census, player-relative ground offsets"
T01424,156,778.0333,778.1833,6,94.94,0.7978,0.7595,72.13,0.6061,0.5771,0,60.0,6,6,"Lap H-2 nameplate census, player-relative ground offsets"
T01425,156,778.4833,778.7667,10,218.23,1.8338,1.7458,178.96,1.5038,1.4317,0,60.0,6,6,"Lap H-2 nameplate census, player-relative ground offsets"
T01426,156,778.5333,778.9,7,201.09,1.6898,1.6087,188.3,1.5823,1.5064,0,60.0,6,6,"Lap H-2 nameplate census, player-relative ground offsets"
T01427,156,778.7333,779.1333,23,583.72,4.9052,4.6698,576.07,4.8409,4.6085,0,60.0,6,6,"Lap H-2 nameplate census, player-relative ground offsets"
T01428,156,778.7333,779.1333,23,584.01,4.9076,4.6721,572.38,4.8099,4.579,0,60.0,6,6,"Lap H-2 nameplate census, player-relative ground offsets"
T01429,156,778.8,779.15,9,98.83,0.8305,0.7906,98.83,0.8305,0.7906,0,60.0,6,6,"Lap H-2 nameplate census, player-relative ground offsets"
T01430,156,778.9333,779.1833,7,143.44,1.2054,1.1476,120.36,1.0114,0.9629,0,60.0,6,6,"Lap H-2 nameplate census, player-relative ground offsets"
T01431,156,778.9667,779.6333,18,71.75,0.6029,0.574,71.75,0.6029,0.574,0,60.0,6,6,"Lap H-2 nameplate census, player-relative ground offsets"
T01432,156,779.1333,779.35,6,244.88,2.0578,1.959,192.25,1.6156,1.538,0,60.0,6,6,"Lap H-2 nameplate census, player-relative ground offsets"
T01433,156,779.1667,779.3167,7,107.06,0.8997,0.8565,107.06,0.8997,0.8565,0,60.0,6,6,"Lap H-2 nameplate census, player-relative ground offsets"
T01434,156,779.2333,779.4833,9,25.83,0.217,0.2066,9.36,0.0787,0.0749,0,60.0,6,6,"Lap H-2 nameplate census, player-relative ground offsets"
T01435,156,779.2333,779.5333,6,156.37,1.3141,1.251,156.37,1.3141,1.251,0,60.0,6,6,"Lap H-2 nameplate census, player-relative ground offsets"
T01436,156,779.2667,779.4667,6,53.81,0.4522,0.4305,40.1,0.3369,0.3208,0,60.0,6,6,"Lap H-2 nameplate census, player-relative ground offsets"
T01437,156,779.4167,779.6,7,203.71,1.7119,1.6297,203.71,1.7119,1.6297,0,60.0,6,6,"Lap H-2 nameplate census, player-relative ground offsets"
T01438,156,779.5333,779.75,7,249.9,2.1,1.9992,241.63,2.0305,1.933,0,60.0,6,6,"Lap H-2 nameplate census, player-relative ground offsets"
T01439,156,780.0667,781.1167,60,1058.56,8.8954,8.4685,1056.29,8.8764,8.4503,1,60.0,6,6,"Lap H-2 nameplate census, player-relative ground offsets"
T01440,157,780.5,780.65,7,32.79,0.2756,0.2623,13.74,0.1155,0.1099,0,60.0,6,6,"Lap H-2 nameplate census, player-relative ground offsets"
T01441,157,781.4333,782.9667,91,1058.56,8.8954,8.4685,1041.32,8.7506,8.3306,1,60.0,6,6,"Lap H-2 nameplate census, player-relative ground offsets"
T01442,157,781.5167,782.9833,87,1093.81,9.1917,8.7505,65.28,0.5486,0.5222,1,60.0,6,6,"Lap H-2 nameplate census, player-relative ground offsets"
T01443,157,781.5667,782.8667,77,1031.83,8.6709,8.2547,413.65,3.476,3.3092,1,60.0,6,6,"Lap H-2 nameplate census, player-relative ground offsets"
T01444,157,781.65,782.2833,39,1119.58,9.4082,8.9566,412.62,3.4674,3.3009,1,60.0,6,6,"Lap H-2 nameplate census, player-relative ground offsets"
T01445,157,782.0833,782.2833,13,1068.93,8.9826,8.5515,895.58,7.5259,7.1647,1,60.0,6,6,"Lap H-2 nameplate census, player-relative ground offsets"
T01446,157,782.1167,782.2833,11,1175.67,9.8795,9.4053,971.03,8.1599,7.7682,1,60.0,6,6,"Lap H-2 nameplate census, player-relative ground offsets"
T01447,157,782.3333,783.0,41,830.14,6.976,6.6411,40.54,0.3406,0.3243,1,60.0,6,6,"Lap H-2 nameplate census, player-relative ground offsets"
T01448,157,782.3333,783.0,41,911.21,7.6572,7.2897,265.1,2.2278,2.1208,1,60.0,6,6,"Lap H-2 nameplate census, player-relative ground offsets"
T01449,157,782.3333,784.5,71,328.26,2.7584,2.626,178.37,1.4989,1.427,0,60.0,6,6,"Lap H-2 nameplate census, player-relative ground offsets"
T01450,157,782.3833,782.6833,13,797.49,6.7016,6.3799,769.0,6.4622,6.152,1,60.0,6,6,"Lap H-2 nameplate census, player-relative ground offsets"
T01451,157,782.3833,783.0,38,1016.08,8.5385,8.1287,614.79,5.1663,4.9183,1,60.0,6,6,"Lap H-2 nameplate census, player-relative ground offsets"
T01452,157,782.4167,783.0,36,1176.63,9.8876,9.413,117.23,0.9852,0.9379,1,60.0,6,6,"Lap H-2 nameplate census, player-relative ground offsets"
T01453,157,782.8667,784.1833,33,419.25,3.5231,3.354,214.43,1.8019,1.7154,0,60.0,6,6,"Lap H-2 nameplate census, player-relative ground offsets"
T01454,157,783.6167,783.7833,7,507.56,4.2652,4.0605,476.38,4.0032,3.811,0,60.0,6,6,"Lap H-2 nameplate census, player-relative ground offsets"
T01455,157,783.6833,783.95,7,205.26,1.7249,1.6421,157.37,1.3224,1.259,0,60.0,6,6,"Lap H-2 nameplate census, player-relative ground offsets"
T01456,157,783.8667,783.95,6,423.4,3.558,3.3872,360.34,3.0281,2.8827,0,60.0,6,6,"Lap H-2 nameplate census, player-relative ground offsets"
T01457,157,783.8667,785.5,94,399.45,3.3568,3.1956,393.04,3.3029,3.1443,0,60.0,6,6,"Lap H-2 nameplate census, player-relative ground offsets"
T01458,157,783.8833,784.55,33,1056.44,8.8777,8.4515,1045.76,8.7879,8.3661,1,60.0,6,6,"Lap H-2 nameplate census, player-relative ground offsets"
T01459,157,783.9167,784.2667,12,262.23,2.2036,2.0978,217.91,1.8312,1.7433,0,60.0,6,6,"Lap H-2 nameplate census, player-relative ground offsets"
T01460,157,784.0,784.1833,8,141.58,1.1897,1.1326,93.88,0.7889,0.751,0,60.0,6,6,"Lap H-2 nameplate census, player-relative ground offsets"
T01461,157,784.0,784.35,8,169.58,1.425,1.3566,104.78,0.8805,0.8383,0,60.0,6,6,"Lap H-2 nameplate census, player-relative ground offsets"
T01462,157,784.0667,784.3333,12,209.69,1.7621,1.6775,150.64,1.2659,1.2051,0,60.0,6,6,"Lap H-2 nameplate census, player-relative ground offsets"
T01463,157,784.1333,784.5667,8,93.38,0.7847,0.7471,44.32,0.3724,0.3545,0,60.0,6,6,"Lap H-2 nameplate census, player-relative ground offsets"
T01464,157,784.1667,784.3333,7,178.02,1.496,1.4242,163.07,1.3703,1.3045,0,60.0,6,6,"Lap H-2 nameplate census, player-relative ground offsets"
T01465,157,784.2,785.4333,65,264.9,2.2261,2.1192,159.52,1.3405,1.2762,0,60.0,6,6,"Lap H-2 nameplate census, player-relative ground offsets"
T01466,157,784.2,785.4833,76,926.85,7.7887,7.4148,823.21,6.9178,6.5857,1,60.0,6,6,"Lap H-2 nameplate census, player-relative ground offsets"
T01467,157,784.2333,784.5333,17,76.49,0.6428,0.6119,18.65,0.1567,0.1492,0,60.0,6,6,"Lap H-2 nameplate census, player-relative ground offsets"
T01468,157,784.3667,784.4667,7,309.36,2.5996,2.4748,250.29,2.1033,2.0024,0,60.0,6,6,"Lap H-2 nameplate census, player-relative ground offsets"
T01469,157,784.4,784.95,17,236.14,1.9843,1.8891,229.34,1.9272,1.8347,0,60.0,6,6,"Lap H-2 nameplate census, player-relative ground offsets"
T01470,157,784.4333,788.2667,229,928.07,7.7989,7.4245,729.2,6.1277,5.8336,1,60.0,6,6,"Lap H-2 nameplate census, player-relative ground offsets"
T01471,157,784.5667,784.7,7,209.34,1.7592,1.6747,207.37,1.7426,1.659,0,60.0,6,6,"Lap H-2 nameplate census, player-relative ground offsets"
T01472,157,784.8,785.1333,9,246.31,2.0698,1.9704,218.05,1.8324,1.7444,0,60.0,6,6,"Lap H-2 nameplate census, player-relative ground offsets"
T01473,157,784.85,785.1,9,250.65,2.1063,2.0052,197.6,1.6605,1.5808,0,60.0,6,6,"Lap H-2 nameplate census, player-relative ground offsets"
T01474,157,784.9167,785.5,36,814.61,6.8455,6.5169,586.18,4.9259,4.6894,1,60.0,6,6,"Lap H-2 nameplate census, player-relative ground offsets"
T01475,157,785.1,785.45,14,260.8,2.1916,2.0864,260.8,2.1916,2.0864,0,60.0,6,6,"Lap H-2 nameplate census, player-relative ground offsets"
T01476,157,785.1,785.5,25,924.12,7.7657,7.393,917.13,7.7069,7.337,1,60.0,6,6,"Lap H-2 nameplate census, player-relative ground offsets"
T01477,157,785.1167,785.45,9,198.69,1.6696,1.5895,174.59,1.4671,1.3967,0,60.0,6,6,"Lap H-2 nameplate census, player-relative ground offsets"
T01478,157,785.15,785.3833,6,67.56,0.5678,0.5405,67.56,0.5678,0.5405,0,60.0,6,6,"Lap H-2 nameplate census, player-relative ground offsets"
T01479,157,785.15,788.9667,222,738.06,6.2022,5.9045,193.22,1.6237,1.5458,0,60.0,6,6,"Lap H-2 nameplate census, player-relative ground offsets"
T01480,157,785.1667,785.3833,8,199.2,1.6739,1.5936,199.2,1.6739,1.5936,0,60.0,6,6,"Lap H-2 nameplate census, player-relative ground offsets"
T01481,157,785.25,789.05,222,838.4,7.0454,6.7072,108.91,0.9152,0.8713,1,60.0,6,6,"Lap H-2 nameplate census, player-relative ground offsets"
T01482,157,785.3,785.8833,22,253.93,2.1339,2.0315,193.15,1.6231,1.5452,0,60.0,6,6,"Lap H-2 nameplate census, player-relative ground offsets"
T01483,157,785.35,785.5,10,779.04,6.5466,6.2323,637.09,5.3537,5.0967,1,60.0,6,6,"Lap H-2 nameplate census, player-relative ground offsets"
T01484,157,785.4,785.85,19,285.96,2.403,2.2877,285.96,2.403,2.2877,0,60.0,6,6,"Lap H-2 nameplate census, player-relative ground offsets"
T01485,157,785.4,787.05,100,1056.85,8.8811,8.4548,1035.43,8.7011,8.2834,1,60.0,6,6,"Lap H-2 nameplate census, player-relative ground offsets"
T01486,157,785.45,785.7667,9,294.33,2.4734,2.3547,266.13,2.2364,2.1291,0,60.0,6,6,"Lap H-2 nameplate census, player-relative ground offsets"
T01487,157,785.5167,785.9333,25,73.61,0.6185,0.5888,73.61,0.6185,0.5888,0,60.0,6,6,"Lap H-2 nameplate census, player-relative ground offsets"
T01488,157,785.5167,786.4,54,1044.86,8.7803,8.3589,945.06,7.9417,7.5605,1,60.0,6,6,"Lap H-2 nameplate census, player-relative ground offsets"
T01489,157,785.5167,787.1333,96,656.28,5.515,5.2503,656.28,5.515,5.2503,0,60.0,6,6,"Lap H-2 nameplate census, player-relative ground offsets"
T01490,157,785.5167,788.2667,166,986.05,8.2861,7.8884,425.89,3.5789,3.4071,1,60.0,6,6,"Lap H-2 nameplate census, player-relative ground offsets"
T01491,157,785.5167,788.8167,192,554.06,4.6559,4.4325,217.26,1.8257,1.7381,0,60.0,6,6,"Lap H-2 nameplate census, player-relative ground offsets"
T01492,157,785.55,785.75,8,731.86,6.1501,5.8549,720.99,6.0588,5.7679,0,60.0,6,6,"Lap H-2 nameplate census, player-relative ground offsets"
T01493,157,785.55,785.8167,12,129.57,1.0888,1.0366,126.44,1.0625,1.0115,0,60.0,6,6,"Lap H-2 nameplate census, player-relative ground offsets"
T01494,157,785.55,786.0,28,675.11,5.6732,5.4008,664.47,5.5838,5.3158,0,60.0,6,6,"Lap H-2 nameplate census, player-relative ground offsets"
T01495,157,785.5833,785.75,6,410.51,3.4496,3.2841,360.34,3.028,2.8827,0,60.0,6,6,"Lap H-2 nameplate census, player-relative ground offsets"
T01496,157,785.6,785.7167,8,518.35,4.3559,4.1468,473.17,3.9763,3.7854,0,60.0,6,6,"Lap H-2 nameplate census, player-relative ground offsets"
T01497,157,785.6,786.45,52,698.4,5.8689,5.5872,305.56,2.5677,2.4445,0,60.0,6,6,"Lap H-2 nameplate census, player-relative ground offsets"
T01498,157,785.65,785.8167,8,210.26,1.7669,1.6821,169.28,1.4225,1.3542,0,60.0,6,6,"Lap H-2 nameplate census, player-relative ground offsets"
T01499,157,785.65,785.8167,7,194.61,1.6354,1.5569,194.61,1.6354,1.5569,0,60.0,6,6,"Lap H-2 nameplate census, player-relative ground offsets"
T01500,157,785.65,785.9167,10,238.36,2.0031,1.9069,222.2,1.8672,1.7776,0,60.0,6,6,"Lap H-2 nameplate census, player-relative ground offsets"
T01501,157,785.6667,786.0167,18,176.08,1.4797,1.4086,174.08,1.4628,1.3926,0,60.0,6,6,"Lap H-2 nameplate census, player-relative ground offsets"
T01502,157,785.6833,786.2167,21,434.62,3.6523,3.477,374.92,3.1506,2.9993,0,60.0,6,6,"Lap H-2 nameplate census, player-relative ground offsets"
T01503,157,785.7167,787.7,118,440.82,3.7044,3.5266,121.44,1.0205,0.9715,0,60.0,6,6,"Lap H-2 nameplate census, player-relative ground offsets"
T01504,157,785.7667,785.9667,8,464.77,3.9057,3.7182,464.53,3.9036,3.7162,0,60.0,6,6,"Lap H-2 nameplate census, player-relative ground offsets"
T01505,157,785.8667,786.0,7,109.25,0.918,0.874,109.25,0.918,0.874,0,60.0,6,6,"Lap H-2 nameplate census, player-relative ground offsets"
T01506,157,785.95,786.0833,9,115.33,0.9692,0.9226,115.33,0.9692,0.9226,0,60.0,6,6,"Lap H-2 nameplate census, player-relative ground offsets"
T01507,157,786.0167,786.8167,49,116.21,0.9766,0.9297,116.21,0.9766,0.9297,0,60.0,6,6,"Lap H-2 nameplate census, player-relative ground offsets"
T01508,157,786.0167,786.9,52,173.37,1.4569,1.387,173.37,1.4569,1.387,0,60.0,6,6,"Lap H-2 nameplate census, player-relative ground offsets"
T01509,157,786.0167,789.5833,208,651.15,5.4719,5.2092,348.13,2.9255,2.7851,0,60.0,6,6,"Lap H-2 nameplate census, player-relative ground offsets"
T01510,157,786.1,786.3,13,501.44,4.2138,4.0115,501.44,4.2138,4.0115,0,60.0,6,6,"Lap H-2 nameplate census, player-relative ground offsets"
T01511,157,786.2667,786.55,16,294.81,2.4774,2.3585,200.18,1.6822,1.6014,0,60.0,6,6,"Lap H-2 nameplate census, player-relative ground offsets"
T01512,157,786.35,786.55,9,804.92,6.764,6.4394,804.92,6.764,6.4394,1,60.0,6,6,"Lap H-2 nameplate census, player-relative ground offsets"
T01513,157,786.35,786.65,10,829.14,6.9676,6.6331,829.14,6.9676,6.6331,1,60.0,6,6,"Lap H-2 nameplate census, player-relative ground offsets"
T01514,157,786.4167,786.55,6,232.07,1.9502,1.8566,215.18,1.8082,1.7214,0,60.0,6,6,"Lap H-2 nameplate census, player-relative ground offsets"
T01515,157,786.4167,786.8167,15,151.24,1.2709,1.2099,151.24,1.2709,1.2099,0,60.0,6,6,"Lap H-2 nameplate census, player-relative ground offsets"
T01516,157,786.4333,786.55,8,989.15,8.3122,7.9132,989.15,8.3122,7.9132,1,60.0,6,6,"Lap H-2 nameplate census, player-relative ground offsets"
T01517,157,786.4333,786.9667,24,237.58,1.9965,1.9007,215.54,1.8113,1.7243,0,60.0,6,6,"Lap H-2 nameplate census, player-relative ground offsets"
T01518,157,786.4333,787.0167,21,584.92,4.9153,4.6794,530.74,4.46,4.2459,0,60.0,6,6,"Lap H-2 nameplate census, player-relative ground offsets"
T01519,157,786.4833,786.8167,12,157.72,1.3253,1.2617,157.72,1.3253,1.2617,0,60.0,6,6,"Lap H-2 nameplate census, player-relative ground offsets"
T01520,157,786.4833,787.1333,36,178.74,1.502,1.4299,99.54,0.8365,0.7963,0,60.0,6,6,"Lap H-2 nameplate census, player-relative ground offsets"
T01521,157,786.5,786.85,12,885.11,7.4379,7.0808,884.35,7.4316,7.0748,1,60.0,6,6,"Lap H-2 nameplate census, player-relative ground offsets"
T01522,157,786.6,786.7333,9,1005.64,8.4507,8.0451,1005.64,8.4507,8.0451,1,60.0,6,6,"Lap H-2 nameplate census, player-relative ground offsets"
T01523,157,786.6,786.9,11,188.51,1.5841,1.508,177.66,1.493,1.4213,0,60.0,6,6,"Lap H-2 nameplate census, player-relative ground offsets"
T01524,157,786.6333,786.9,17,1321.19,11.1025,10.5696,1302.54,10.9457,10.4203,1,60.0,6,6,"Lap H-2 nameplate census, player-relative ground offsets"
T01525,157,786.6667,787.1333,12,250.49,2.1049,2.0039,250.49,2.1049,2.0039,0,60.0,6,6,"Lap H-2 nameplate census, player-relative ground offsets"
T01526,157,786.7,787.9667,46,230.48,1.9368,1.8438,172.64,1.4508,1.3812,0,60.0,6,6,"Lap H-2 nameplate census, player-relative ground offsets"
T01527,157,786.75,787.0167,11,246.74,2.0735,1.9739,232.85,1.9567,1.8628,0,60.0,6,6,"Lap H-2 nameplate census, player-relative ground offsets"
T01528,157,786.75,787.3,34,375.6,3.1563,3.0048,375.6,3.1563,3.0048,0,60.0,6,6,"Lap H-2 nameplate census, player-relative ground offsets"
T01529,157,786.7833,786.9333,6,211.53,1.7776,1.6923,211.53,1.7776,1.6923,0,60.0,6,6,"Lap H-2 nameplate census, player-relative ground offsets"
T01530,157,786.8167,787.0167,10,222.56,1.8703,1.7805,206.23,1.733,1.6498,0,60.0,6,6,"Lap H-2 nameplate census, player-relative ground offsets"
T01531,157,786.8167,787.05,11,636.18,5.346,5.0894,636.18,5.346,5.0894,0,60.0,6,6,"Lap H-2 nameplate census, player-relative ground offsets"
T01532,157,786.9,787.0667,11,558.03,4.6893,4.4642,558.03,4.6893,4.4642,0,60.0,6,6,"Lap H-2 nameplate census, player-relative ground offsets"
T01533,157,786.9167,787.0167,7,352.61,2.9631,2.8209,352.61,2.9631,2.8209,0,60.0,6,6,"Lap H-2 nameplate census, player-relative ground offsets"
T01534,157,786.9167,788.2167,58,675.2,5.6739,5.4016,502.01,4.2186,4.0161,0,60.0,6,6,"Lap H-2 nameplate census, player-relative ground offsets"
T01535,157,786.9833,788.15,63,831.54,6.9877,6.6523,262.43,2.2053,2.0994,1,60.0,6,6,"Lap H-2 nameplate census, player-relative ground offsets"
T01536,157,787.0,787.1,7,331.14,2.7827,2.6492,322.65,2.7114,2.5812,0,60.0,6,6,"Lap H-2 nameplate census, player-relative ground offsets"
T01537,157,787.0,787.2333,9,284.25,2.3886,2.274,284.25,2.3886,2.274,0,60.0,6,6,"Lap H-2 nameplate census, player-relative ground offsets"
T01538,157,787.0333,787.2167,9,716.92,6.0246,5.7354,711.1,5.9756,5.6888,0,60.0,6,6,"Lap H-2 nameplate census, player-relative ground offsets"
T01539,157,787.0833,787.2167,6,913.69,7.678,7.3095,900.24,7.565,7.2019,1,60.0,6,6,"Lap H-2 nameplate census, player-relative ground offsets"
T01540,157,787.0833,787.4167,11,780.84,6.5616,6.2467,774.45,6.508,6.1956,1,60.0,6,6,"Lap H-2 nameplate census, player-relative ground offsets"
T01541,157,787.1167,787.2667,10,484.18,4.0687,3.8734,482.31,4.053,3.8585,0,60.0,6,6,"Lap H-2 nameplate census, player-relative ground offsets"
T01542,157,787.1167,787.3,12,429.24,3.6071,3.4339,427.37,3.5914,3.419,0,60.0,6,6,"Lap H-2 nameplate census, player-relative ground offsets"
T01543,157,787.15,787.3333,8,905.25,7.6071,7.242,891.93,7.4952,7.1354,1,60.0,6,6,"Lap H-2 nameplate census, player-relative ground offsets"
T01544,157,787.15,787.3833,9,266.04,2.2356,2.1283,264.31,2.2211,2.1145,0,60.0,6,6,"Lap H-2 nameplate census, player-relative ground offsets"
T01545,157,787.15,787.4167,10,741.82,6.2338,5.9346,725.5,6.0966,5.804,0,60.0,6,6,"Lap H-2 nameplate census, player-relative ground offsets"
T01546,157,787.15,787.4667,20,734.11,6.169,5.8728,693.19,5.8251,5.5455,0,60.0,6,6,"Lap H-2 nameplate census, player-relative ground offsets"
T01547,157,787.2,787.3,7,748.99,6.294,5.9919,748.99,6.294,5.9919,0,60.0,6,6,"Lap H-2 nameplate census, player-relative ground offsets"
T01548,157,787.2333,787.4333,8,645.78,5.4267,5.1662,611.82,5.1413,4.8945,0,60.0,6,6,"Lap H-2 nameplate census, player-relative ground offsets"
T01549,157,787.2833,787.8833,25,239.88,2.0158,1.919,132.85,1.1163,1.0628,0,60.0,6,6,"Lap H-2 nameplate census, player-relative ground offsets"
T01550,157,787.3167,787.4333,6,113.21,0.9513,0.9057,82.33,0.6918,0.6586,0,60.0,6,6,"Lap H-2 nameplate census, player-relative ground offsets"
T01551,157,787.35,787.5333,10,306.13,2.5725,2.4491,243.48,2.046,1.9478,0,60.0,6,6,"Lap H-2 nameplate census, player-relative ground offsets"
T01552,157,787.3667,787.5833,14,115.59,0.9713,0.9247,93.37,0.7846,0.747,0,60.0,6,6,"Lap H-2 nameplate census, player-relative ground offsets"
T01553,157,787.4333,787.5333,7,303.9,2.5538,2.4312,303.29,2.5487,2.4263,0,60.0,6,6,"Lap H-2 nameplate census, player-relative ground offsets"
T01554,157,787.45,787.6833,15,681.39,5.7259,5.4511,564.39,4.7428,4.5151,0,60.0,6,6,"Lap H-2 nameplate census, player-relative ground offsets"
T01555,157,787.45,787.7,8,228.96,1.924,1.8317,206.62,1.7363,1.653,0,60.0,6,6,"Lap H-2 nameplate census, player-relative ground offsets"
T01556,157,787.45,787.85,18,187.92,1.5792,1.5034,173.29,1.4562,1.3863,0,60.0,6,6,"Lap H-2 nameplate census, player-relative ground offsets"
T01557,157,787.4833,787.8833,24,219.41,1.8438,1.7553,215.37,1.8098,1.7229,0,60.0,6,6,"Lap H-2 nameplate census, player-relative ground offsets"
T01558,157,787.4833,788.2667,48,1259.44,10.5835,10.0755,589.49,4.9537,4.7159,1,60.0,6,6,"Lap H-2 nameplate census, player-relative ground offsets"
T01559,157,787.4833,788.4667,53,531.57,4.467,4.2526,298.44,2.5079,2.3875,0,60.0,6,6,"Lap H-2 nameplate census, player-relative ground offsets"
T01560,157,787.5167,787.7,12,577.65,4.8542,4.6212,577.39,4.852,4.6191,0,60.0,6,6,"Lap H-2 nameplate census, player-relative ground offsets"
T01561,157,787.55,787.65,7,577.65,4.8542,4.6212,577.65,4.8542,4.6212,0,60.0,6,6,"Lap H-2 nameplate census, player-relative ground offsets"
T01562,157,787.55,787.9,9,173.38,1.457,1.3871,173.38,1.457,1.3871,0,60.0,6,6,"Lap H-2 nameplate census, player-relative ground offsets"
T01563,157,787.55,788.25,43,521.4,4.3815,4.1712,506.37,4.2552,4.0509,0,60.0,6,6,"Lap H-2 nameplate census, player-relative ground offsets"
T01564,157,787.55,788.25,43,500.51,4.206,4.0041,484.58,4.0721,3.8766,0,60.0,6,6,"Lap H-2 nameplate census, player-relative ground offsets"
T01565,157,787.55,788.2667,44,1183.33,9.944,9.4667,822.14,6.9088,6.5772,1,60.0,6,6,"Lap H-2 nameplate census, player-relative ground offsets"
T01566,157,787.5667,787.65,6,510.76,4.2921,4.0861,479.34,4.0281,3.8347,0,60.0,6,6,"Lap H-2 nameplate census, player-relative ground offsets"
T01567,157,787.6,787.7,7,203.83,1.7128,1.6306,158.4,1.3311,1.2672,0,60.0,6,6,"Lap H-2 nameplate census, player-relative ground offsets"
T01568,157,787.6,787.7667,9,184.59,1.5512,1.4767,173.28,1.4561,1.3862,0,60.0,6,6,"Lap H-2 nameplate census, player-relative ground offsets"
T01569,157,787.6,787.85,11,258.75,2.1744,2.07,258.75,2.1744,2.07,0,60.0,6,6,"Lap H-2 nameplate census, player-relative ground offsets"
T01570,157,787.6333,788.0667,22,488.11,4.1017,3.9048,425.44,3.5751,3.4035,0,60.0,6,6,"Lap H-2 nameplate census, player-relative ground offsets"
T01571,157,787.6667,788.1833,18,548.67,4.6107,4.3894,481.85,4.0492,3.8548,0,60.0,6,6,"Lap H-2 nameplate census, player-relative ground offsets"
T01572,157,787.7,787.8,7,547.04,4.597,4.3763,521.16,4.3795,4.1693,0,60.0,6,6,"Lap H-2 nameplate census, player-relative ground offsets"
T01573,157,787.7,787.9667,10,578.75,4.8635,4.63,556.07,4.6728,4.4486,0,60.0,6,6,"Lap H-2 nameplate census, player-relative ground offsets"
T01574,157,787.7,788.6667,46,135.93,1.1422,1.0874,97.45,0.8189,0.7796,0,60.0,6,6,"Lap H-2 nameplate census, player-relative ground offsets"
T01575,157,787.7,789.5833,107,1271.99,10.689,10.1759,566.99,4.7647,4.536,1,60.0,6,6,"Lap H-2 nameplate census, player-relative ground offsets"
T01576,157,787.7167,787.9333,7,312.98,2.6301,2.5038,287.15,2.413,2.2972,0,60.0,6,6,"Lap H-2 nameplate census, player-relative ground offsets"
T01577,157,787.7167,788.0167,9,142.11,1.1942,1.1369,141.44,1.1886,1.1315,0,60.0,6,6,"Lap H-2 nameplate census, player-relative ground offsets"
T01578,157,787.7167,788.4167,21,544.45,4.5752,4.3556,491.56,4.1308,3.9325,0,60.0,6,6,"Lap H-2 nameplate census, player-relative ground offsets"
T01579,157,787.75,789.5833,104,1154.16,9.6988,9.2333,750.05,6.3029,6.0004,1,60.0,6,6,"Lap H-2 nameplate census, player-relative ground offsets"
T01580,157,787.7833,787.9667,7,327.68,2.7536,2.6214,285.92,2.4027,2.2873,0,60.0,6,6,"Lap H-2 nameplate census, player-relative ground offsets"
T01581,157,787.7833,788.2167,23,670.65,5.6357,5.3652,651.95,5.4785,5.2156,0,60.0,6,6,"Lap H-2 nameplate census, player-relative ground offsets"
T01582,157,787.7833,788.45,27,296.16,2.4887,2.3693,289.16,2.4299,2.3132,0,60.0,6,6,"Lap H-2 nameplate census, player-relative ground offsets"
T01583,157,787.7833,788.5667,37,1058.85,8.8979,8.4708,1042.0,8.7563,8.336,1,60.0,6,6,"Lap H-2 nameplate census, player-relative ground offsets"
T01584,157,787.8167,787.9,6,575.8,4.8387,4.6064,575.8,4.8387,4.6064,0,60.0,6,6,"Lap H-2 nameplate census, player-relative ground offsets"
T01585,157,787.8167,788.05,15,446.0,3.7479,3.568,438.55,3.6853,3.5084,0,60.0,6,6,"Lap H-2 nameplate census, player-relative ground offsets"
T01586,157,787.8167,788.15,11,160.54,1.3491,1.2843,82.34,0.6919,0.6587,0,60.0,6,6,"Lap H-2 nameplate census, player-relative ground offsets"
T01587,157,787.8333,787.9833,6,232.49,1.9537,1.8599,219.43,1.844,1.7555,0,60.0,6,6,"Lap H-2 nameplate census, player-relative ground offsets"
T01588,157,787.8333,787.9833,10,251.25,2.1113,2.01,241.28,2.0276,1.9303,0,60.0,6,6,"Lap H-2 nameplate census, player-relative ground offsets"
T01589,157,787.8333,788.6333,19,132.64,1.1146,1.0611,132.64,1.1146,1.0611,0,60.0,6,6,"Lap H-2 nameplate census, player-relative ground offsets"
T01590,157,787.8667,788.1,8,1040.72,8.7455,8.3257,998.22,8.3884,7.9858,1,60.0,6,6,"Lap H-2 nameplate census, player-relative ground offsets"
T01591,157,787.8667,788.15,13,120.39,1.0117,0.9631,116.67,0.9805,0.9334,0,60.0,6,6,"Lap H-2 nameplate census, player-relative ground offsets"
T01592,157,787.95,788.2667,10,574.9,4.8311,4.5992,572.48,4.8108,4.5799,0,60.0,6,6,"Lap H-2 nameplate census, player-relative ground offsets"
T01593,157,787.95,788.45,15,269.18,2.262,2.1534,232.27,1.9518,1.8581,0,60.0,6,6,"Lap H-2 nameplate census, player-relative ground offsets"
T01594,157,787.95,788.4667,24,522.59,4.3915,4.1807,427.01,3.5883,3.4161,0,60.0,6,6,"Lap H-2 nameplate census, player-relative ground offsets"
T01595,157,787.95,789.05,30,171.47,1.4409,1.3717,118.14,0.9928,0.9451,0,60.0,6,6,"Lap H-2 nameplate census, player-relative ground offsets"
T01596,157,787.9833,788.5333,18,224.74,1.8886,1.7979,158.1,1.3286,1.2648,0,60.0,6,6,"Lap H-2 nameplate census, player-relative ground offsets"
T01597,157,787.9833,788.5667,22,568.83,4.7801,4.5506,561.31,4.7169,4.4905,0,60.0,6,6,"Lap H-2 nameplate census, player-relative ground offsets"
T01598,157,788.0,788.15,7,939.08,7.8914,7.5126,935.77,7.8636,7.4861,1,60.0,6,6,"Lap H-2 nameplate census, player-relative ground offsets"
T01599,157,788.0,788.1833,6,379.09,3.1856,3.0327,377.5,3.1722,3.02,0,60.0,6,6,"Lap H-2 nameplate census, player-relative ground offsets"
T01600,157,788.0333,788.2667,9,459.55,3.8618,3.6764,453.88,3.8141,3.631,0,60.0,6,6,"Lap H-2 nameplate census, player-relative ground offsets"
T01601,157,788.0667,788.5333,12,245.24,2.0609,1.9619,214.61,1.8034,1.7169,0,60.0,6,6,"Lap H-2 nameplate census, player-relative ground offsets"
T01602,157,788.15,788.3833,7,156.64,1.3163,1.2531,153.29,1.2881,1.2263,0,60.0,6,6,"Lap H-2 nameplate census, player-relative ground offsets"
T01603,157,788.15,788.4667,7,238.07,2.0006,1.9046,226.25,1.9013,1.81,0,60.0,6,6,"Lap H-2 nameplate census, player-relative ground offsets"
T01604,157,788.15,788.7167,28,572.65,4.8122,4.5812,560.64,4.7113,4.4851,0,60.0,6,6,"Lap H-2 nameplate census, player-relative ground offsets"
T01605,157,788.15,789.0,25,314.82,2.6456,2.5186,214.4,1.8017,1.7152,0,60.0,6,6,"Lap H-2 nameplate census, player-relative ground offsets"
T01606,157,788.2,788.3833,6,215.68,1.8124,1.7254,201.77,1.6955,1.6141,0,60.0,6,6,"Lap H-2 nameplate census, player-relative ground offsets"
T01607,157,788.35,788.4667,8,408.72,3.4346,3.2697,397.98,3.3444,3.1839,0,60.0,6,6,"Lap H-2 nameplate census, player-relative ground offsets"
T01608,157,788.35,788.4667,8,523.03,4.3952,4.1842,477.66,4.014,3.8213,0,60.0,6,6,"Lap H-2 nameplate census, player-relative ground offsets"
T01609,157,788.35,788.4667,8,744.01,6.2522,5.9521,677.52,5.6934,5.4201,0,60.0,6,6,"Lap H-2 nameplate census, player-relative ground offsets"
T01610,157,788.35,789.5833,72,719.87,6.0494,5.759,365.97,3.0754,2.9278,0,60.0,6,6,"Lap H-2 nameplate census, player-relative ground offsets"
T01611,157,788.35,789.6833,74,759.81,6.385,6.0785,258.43,2.1717,2.0674,1,60.0,6,6,"Lap H-2 nameplate census, player-relative ground offsets"
T01612,157,788.4,788.5667,8,456.14,3.8331,3.6491,434.84,3.6541,3.4787,0,60.0,6,6,"Lap H-2 nameplate census, player-relative ground offsets"
T01613,157,788.4,789.2667,26,105.06,0.8828,0.8405,30.93,0.2599,0.2475,0,60.0,6,6,"Lap H-2 nameplate census, player-relative ground offsets"
T01614,157,788.4333,788.85,18,176.09,1.4797,1.4087,98.04,0.8239,0.7843,0,60.0,6,6,"Lap H-2 nameplate census, player-relative ground offsets"
T01615,157,788.4667,789.15,39,289.76,2.435,2.3181,14.35,0.1206,0.1148,0,60.0,6,6,"Lap H-2 nameplate census, player-relative ground offsets"
T01616,157,788.5333,788.7833,16,370.53,3.1137,2.9642,228.09,1.9167,1.8247,0,60.0,6,6,"Lap H-2 nameplate census, player-relative ground offsets"
T01617,157,788.5333,788.8667,19,405.47,3.4073,3.2437,405.47,3.4073,3.2437,0,60.0,6,6,"Lap H-2 nameplate census, player-relative ground offsets"
T01618,157,788.5333,789.0833,34,443.73,3.7288,3.5498,382.68,3.2158,3.0614,0,60.0,6,6,"Lap H-2 nameplate census, player-relative ground offsets"
T01619,157,788.55,788.7333,10,353.29,2.9688,2.8263,352.85,2.9652,2.8228,0,60.0,6,6,"Lap H-2 nameplate census, player-relative ground offsets"
T01620,157,788.55,788.75,11,380.78,3.1999,3.0463,374.75,3.1492,2.998,0,60.0,6,6,"Lap H-2 nameplate census, player-relative ground offsets"
T01621,157,788.55,788.75,7,124.61,1.0472,0.9969,112.7,0.947,0.9016,0,60.0,6,6,"Lap H-2 nameplate census, player-relative ground offsets"
T01622,157,788.55,788.7833,8,397.38,3.3394,3.1791,397.38,3.3394,3.1791,0,60.0,6,6,"Lap H-2 nameplate census, player-relative ground offsets"
T01623,157,788.55,788.85,13,380.0,3.1932,3.04,248.06,2.0846,1.9845,0,60.0,6,6,"Lap H-2 nameplate census, player-relative ground offsets"
T01624,157,788.5833,788.6833,7,83.55,0.7021,0.6684,81.98,0.6889,0.6558,0,60.0,6,6,"Lap H-2 nameplate census, player-relative ground offsets"
T01625,157,788.5833,788.9333,11,325.34,2.7339,2.6027,299.08,2.5133,2.3927,0,60.0,6,6,"Lap H-2 nameplate census, player-relative ground offsets"
T01626,157,788.65,788.75,6,113.86,0.9568,0.9109,113.86,0.9568,0.9109,0,60.0,6,6,"Lap H-2 nameplate census, player-relative ground offsets"
T01627,157,788.65,788.7833,6,197.42,1.659,1.5794,140.04,1.1768,1.1203,0,60.0,6,6,"Lap H-2 nameplate census, player-relative ground offsets"
T01628,157,788.6833,788.9333,11,475.38,3.9948,3.803,372.02,3.1263,2.9762,0,60.0,6,6,"Lap H-2 nameplate census, player-relative ground offsets"
T01629,157,788.6833,789.6833,36,157.02,1.3195,1.2561,146.16,1.2283,1.1693,0,60.0,6,6,"Lap H-2 nameplate census, player-relative ground offsets"
T01630,157,788.7,788.8667,7,423.0,3.5546,3.384,423.0,3.5546,3.384,0,60.0,6,6,"Lap H-2 nameplate census, player-relative ground offsets"
T01631,157,788.7,789.5833,45,439.26,3.6913,3.5141,408.38,3.4318,3.2671,0,60.0,6,6,"Lap H-2 nameplate census, player-relative ground offsets"
T01632,157,788.7333,789.1833,18,76.67,0.6443,0.6134,76.67,0.6443,0.6134,0,60.0,6,6,"Lap H-2 nameplate census, player-relative ground offsets"
T01633,157,788.7667,788.9333,6,228.85,1.9231,1.8308,205.0,1.7227,1.64,0,60.0,6,6,"Lap H-2 nameplate census, player-relative ground offsets"
T01634,157,788.7667,788.9667,8,482.35,4.0534,3.8588,482.35,4.0534,3.8588,0,60.0,6,6,"Lap H-2 nameplate census, player-relative ground offsets"
T01635,157,788.7667,789.0,9,455.02,3.8237,3.6402,455.02,3.8237,3.6402,0,60.0,6,6,"Lap H-2 nameplate census, player-relative ground offsets"
T01636,157,788.7667,789.0,15,1060.14,8.9088,8.4811,1053.56,8.8535,8.4285,1,60.0,6,6,"Lap H-2 nameplate census, player-relative ground offsets"
T01637,157,788.8,788.9333,9,236.48,1.9872,1.8918,236.48,1.9872,1.8918,0,60.0,6,6,"Lap H-2 nameplate census, player-relative ground offsets"
T01638,157,788.8,789.05,12,101.67,0.8543,0.8133,42.28,0.3553,0.3383,0,60.0,6,6,"Lap H-2 nameplate census, player-relative ground offsets"
T01639,157,788.8,789.5833,47,457.66,3.8459,3.6613,434.13,3.6481,3.473,0,60.0,6,6,"Lap H-2 nameplate census, player-relative ground offsets"
T01640,157,788.8333,789.4167,32,248.94,2.0919,1.9915,215.16,1.808,1.7213,0,60.0,6,6,"Lap H-2 nameplate census, player-relative ground offsets"
T01641,157,788.8667,789.25,18,550.9,4.6294,4.4072,550.9,4.6294,4.4072,0,60.0,6,6,"Lap H-2 nameplate census, player-relative ground offsets"
T01642,157,788.8667,789.4167,20,164.23,1.3801,1.3138,130.25,1.0946,1.042,0,60.0,6,6,"Lap H-2 nameplate census, player-relative ground offsets"
T01643,157,788.8833,789.0,8,108.28,0.9099,0.8662,100.24,0.8423,0.8019,0,60.0,6,6,"Lap H-2 nameplate census, player-relative ground offsets"
T01644,157,788.8833,789.1167,12,517.94,4.3525,4.1435,506.2,4.2538,4.0496,0,60.0,6,6,"Lap H-2 nameplate census, player-relative ground offsets"
T01645,157,788.8833,789.3667,17,193.91,1.6295,1.5513,146.34,1.2298,1.1707,0,60.0,6,6,"Lap H-2 nameplate census, player-relative ground offsets"
T01646,157,788.8833,789.65,41,446.72,3.7539,3.5737,375.3,3.1538,3.0024,0,60.0,6,6,"Lap H-2 nameplate census, player-relative ground offsets"
T01647,157,788.9167,789.1833,15,434.73,3.6532,3.4779,407.7,3.426,3.2616,0,60.0,6,6,"Lap H-2 nameplate census, player-relative ground offsets"
T01648,157,788.9167,789.4833,24,303.02,2.5464,2.4242,227.3,1.9101,1.8184,0,60.0,6,6,"Lap H-2 nameplate census, player-relative ground offsets"
T01649,157,788.95,789.0833,7,10.13,0.0852,0.0811,10.13,0.0852,0.0811,0,60.0,6,6,"Lap H-2 nameplate census, player-relative ground offsets"
T01650,157,788.95,789.5833,39,520.69,4.3756,4.1655,451.58,3.7948,3.6127,0,60.0,6,6,"Lap H-2 nameplate census, player-relative ground offsets"
T01651,157,789.0167,789.1167,7,588.22,4.943,4.7058,576.46,4.8442,4.6117,0,60.0,6,6,"Lap H-2 nameplate census, player-relative ground offsets"
T01652,157,789.0333,789.45,13,479.39,4.0285,3.8351,360.71,3.0312,2.8857,0,60.0,6,6,"Lap H-2 nameplate census, player-relative ground offsets"
T01653,157,789.0667,789.25,8,550.05,4.6223,4.4004,538.81,4.5278,4.3105,0,60.0,6,6,"Lap H-2 nameplate census, player-relative ground offsets"
T01654,157,789.0667,789.3333,10,312.61,2.627,2.5009,295.08,2.4796,2.3606,0,60.0,6,6,"Lap H-2 nameplate census, player-relative ground offsets"
T01655,157,789.0667,789.3333,10,328.93,2.7641,2.6314,290.35,2.4399,2.3228,0,60.0,6,6,"Lap H-2 nameplate census, player-relative ground offsets"
T01656,157,789.0667,790.3667,69,374.94,3.1508,2.9995,250.84,2.1079,2.0067,0,60.0,6,6,"Lap H-2 nameplate census, player-relative ground offsets"
T01657,157,789.1,789.25,6,549.7,4.6193,4.3976,549.7,4.6193,4.3976,0,60.0,6,6,"Lap H-2 nameplate census, player-relative ground offsets"
T01658,157,789.1333,789.5833,24,252.76,2.1241,2.0221,247.66,2.0812,1.9813,0,60.0,6,6,"Lap H-2 nameplate census, player-relative ground offsets"
T01659,157,789.1667,789.2667,7,520.1,4.3706,4.1608,520.1,4.3706,4.1608,0,60.0,6,6,"Lap H-2 nameplate census, player-relative ground offsets"
T01660,157,789.1667,789.4,6,131.89,1.1083,1.0551,131.89,1.1083,1.0551,0,60.0,6,6,"Lap H-2 nameplate census, player-relative ground offsets"
T01661,157,789.2333,789.5167,9,575.03,4.8322,4.6003,542.21,4.5563,4.3376,0,60.0,6,6,"Lap H-2 nameplate census, player-relative ground offsets"
T01662,157,789.2333,791.0333,93,226.34,1.9021,1.8108,208.89,1.7554,1.6711,0,60.0,6,6,"Lap H-2 nameplate census, player-relative ground offsets"
T01663,157,789.2667,789.55,16,326.03,2.7397,2.6082,314.28,2.641,2.5142,0,60.0,6,6,"Lap H-2 nameplate census, player-relative ground offsets"
T01664,157,789.2667,790.0167,42,575.42,4.8355,4.6034,557.73,4.6868,4.4619,0,60.0,6,6,"Lap H-2 nameplate census, player-relative ground offsets"
T01665,157,789.2833,789.4167,9,143.59,1.2066,1.1487,143.59,1.2066,1.1487,0,60.0,6,6,"Lap H-2 nameplate census, player-relative ground offsets"
T01666,157,789.3167,789.45,7,391.28,3.288,3.1302,391.28,3.288,3.1302,0,60.0,6,6,"Lap H-2 nameplate census, player-relative ground offsets"
T01667,157,789.3167,789.45,8,356.14,2.9927,2.8491,297.02,2.4959,2.3761,0,60.0,6,6,"Lap H-2 nameplate census, player-relative ground offsets"
T01668,157,789.3333,789.55,8,412.42,3.4658,3.2994,382.86,3.2173,3.0629,0,60.0,6,6,"Lap H-2 nameplate census, player-relative ground offsets"
T01669,157,789.3833,789.55,7,670.11,5.6312,5.3609,646.95,5.4365,5.1756,0,60.0,6,6,"Lap H-2 nameplate census, player-relative ground offsets"
T01670,157,789.4167,789.55,7,296.96,2.4955,2.3757,292.22,2.4556,2.3378,0,60.0,6,6,"Lap H-2 nameplate census, player-relative ground offsets"
T01671,157,789.4167,789.6833,9,267.3,2.2462,2.1384,267.3,2.2462,2.1384,0,60.0,6,6,"Lap H-2 nameplate census, player-relative ground offsets"
T01672,157,789.4333,789.6833,6,450.57,3.7863,3.6046,421.39,3.5411,3.3711,0,60.0,6,6,"Lap H-2 nameplate census, player-relative ground offsets"
T01673,157,789.4333,790.8,75,501.88,4.2175,4.015,501.88,4.2175,4.015,0,60.0,6,6,"Lap H-2 nameplate census, player-relative ground offsets"
T01674,157,789.4667,789.55,6,721.11,6.0598,5.7689,709.6,5.963,5.6768,0,60.0,6,6,"Lap H-2 nameplate census, player-relative ground offsets"
T01675,157,789.4667,790.7667,73,538.2,4.5227,4.3056,538.2,4.5227,4.3056,0,60.0,6,6,"Lap H-2 nameplate census, player-relative ground offsets"
T01676,157,789.5333,790.9667,85,1061.55,8.9206,8.4924,1040.73,8.7457,8.3259,1,60.0,6,6,"Lap H-2 nameplate census, player-relative ground offsets"
T01677,157,789.5667,791.1667,81,81.62,0.6859,0.653,9.56,0.0804,0.0765,0,60.0,6,6,"Lap H-2 nameplate census, player-relative ground offsets"
T01678,157,789.6333,792.4333,166,253.25,2.1282,2.026,230.89,1.9402,1.8471,0,60.0,6,6,"Lap H-2 nameplate census, player-relative ground offsets"
T01679,157,789.65,790.95,71,415.01,3.4875,3.3201,385.41,3.2388,3.0833,0,60.0,6,6,"Lap H-2 nameplate census, player-relative ground offsets"
T01680,157,789.7,790.6667,57,470.84,3.9566,3.7667,290.69,2.4428,2.3255,0,60.0,6,6,"Lap H-2 nameplate census, player-relative ground offsets"
T01681,157,789.7,790.8,64,527.93,4.4364,4.2235,493.41,4.1463,3.9473,0,60.0,6,6,"Lap H-2 nameplate census, player-relative ground offsets"
T01682,157,789.7,790.9667,69,136.36,1.1459,1.0909,136.36,1.1459,1.0909,0,60.0,6,6,"Lap H-2 nameplate census, player-relative ground offsets"
T01683,157,789.7,796.9,403,257.72,2.1657,2.0618,153.11,1.2867,1.2249,0,60.0,6,6,"Lap H-2 nameplate census, player-relative ground offsets"
T01684,157,789.7,796.9167,412,423.65,3.5601,3.3892,374.57,3.1476,2.9966,0,60.0,6,6,"Lap H-2 nameplate census, player-relative ground offsets"
T01685,157,789.7333,791.1167,77,674.31,5.6665,5.3945,660.42,5.5497,5.2834,0,60.0,6,6,"Lap H-2 nameplate census, player-relative ground offsets"
T01686,157,789.7333,794.2,267,852.56,7.1644,6.8205,653.74,5.4936,5.2299,1,60.0,6,6,"Lap H-2 nameplate census, player-relative ground offsets"
T01687,157,789.8,790.3167,19,1003.89,8.4361,8.0311,977.93,8.2179,7.8235,1,60.0,6,6,"Lap H-2 nameplate census, player-relative ground offsets"
T01688,157,789.85,789.95,6,186.59,1.568,1.4927,177.18,1.4889,1.4174,0,60.0,6,6,"Lap H-2 nameplate census, player-relative ground offsets"
T01689,157,789.8833,790.5167,29,258.91,2.1757,2.0713,237.73,1.9977,1.9019,0,60.0,6,6,"Lap H-2 nameplate census, player-relative ground offsets"
T01690,157,789.9167,790.0,6,272.62,2.2909,2.181,272.62,2.2909,2.181,0,60.0,6,6,"Lap H-2 nameplate census, player-relative ground offsets"
T01691,157,789.9333,790.1333,11,193.18,1.6234,1.5454,180.34,1.5154,1.4427,0,60.0,6,6,"Lap H-2 nameplate census, player-relative ground offsets"
T01692,157,790.0,790.5667,19,139.13,1.1692,1.113,85.58,0.7191,0.6846,0,60.0,6,6,"Lap H-2 nameplate census, player-relative ground offsets"
T01693,157,790.0333,790.3167,10,369.45,3.1046,2.9556,323.19,2.7158,2.5855,0,60.0,6,6,"Lap H-2 nameplate census, player-relative ground offsets"
T01694,157,790.2,790.4333,14,429.79,3.6117,3.4383,414.81,3.4858,3.3185,0,60.0,6,6,"Lap H-2 nameplate census, player-relative ground offsets"
T01695,157,790.3,790.45,6,981.26,8.2459,7.8501,976.74,8.2079,7.8139,1,60.0,6,6,"Lap H-2 nameplate census, player-relative ground offsets"
T01696,157,790.3,790.4833,6,179.32,1.5069,1.4345,179.32,1.5069,1.4345,0,60.0,6,6,"Lap H-2 nameplate census, player-relative ground offsets"
T01697,157,790.3667,790.55,8,117.74,0.9894,0.942,117.74,0.9894,0.942,0,60.0,6,6,"Lap H-2 nameplate census, player-relative ground offsets"
T01698,157,790.4167,790.55,6,341.47,2.8695,2.7317,341.47,2.8695,2.7317,0,60.0,6,6,"Lap H-2 nameplate census, player-relative ground offsets"
T01699,157,790.4667,790.8,21,438.04,3.681,3.5043,433.65,3.6441,3.4692,0,60.0,6,6,"Lap H-2 nameplate census, player-relative ground offsets"
T01700,157,790.5,790.7667,10,892.35,7.4988,7.1388,861.59,7.2402,6.8927,1,60.0,6,6,"Lap H-2 nameplate census, player-relative ground offsets"
T01701,157,790.5,790.95,28,365.94,3.0751,2.9275,365.94,3.0751,2.9275,0,60.0,6,6,"Lap H-2 nameplate census, player-relative ground offsets"
T01702,157,790.5333,790.6667,6,154.51,1.2984,1.2361,147.8,1.242,1.1824,0,60.0,6,6,"Lap H-2 nameplate census, player-relative ground offsets"
T01703,157,790.5667,790.7333,7,763.5,6.4159,6.108,732.89,6.1587,5.8631,1,60.0,6,6,"Lap H-2 nameplate census, player-relative ground offsets"
T01704,157,790.5667,790.9167,15,135.36,1.1375,1.0829,113.54,0.9541,0.9083,0,60.0,6,6,"Lap H-2 nameplate census, player-relative ground offsets"
T01705,157,790.6,790.7333,7,167.85,1.4105,1.3428,150.15,1.2618,1.2012,0,60.0,6,6,"Lap H-2 nameplate census, player-relative ground offsets"
T01706,157,790.6,790.7667,10,841.78,7.0738,6.7342,841.78,7.0738,6.7342,1,60.0,6,6,"Lap H-2 nameplate census, player-relative ground offsets"
T01707,157,790.6667,790.8833,7,232.53,1.9541,1.8603,209.26,1.7585,1.6741,0,60.0,6,6,"Lap H-2 nameplate census, player-relative ground offsets"
T01708,157,790.75,790.9167,6,287.99,2.4201,2.3039,262.53,2.2061,2.1002,0,60.0,6,6,"Lap H-2 nameplate census, player-relative ground offsets"
T01709,157,790.7833,790.95,8,187.29,1.5738,1.4983,156.96,1.319,1.2557,0,60.0,6,6,"Lap H-2 nameplate census, player-relative ground offsets"
T01710,157,790.7833,791.0833,12,206.08,1.7318,1.6486,204.32,1.717,1.6346,0,60.0,6,6,"Lap H-2 nameplate census, player-relative ground offsets"
T01711,157,790.8333,790.9167,6,700.48,5.8864,5.6039,684.1,5.7487,5.4728,0,60.0,6,6,"Lap H-2 nameplate census, player-relative ground offsets"
T01712,157,790.8333,792.6,60,652.28,5.4813,5.2182,552.19,4.6403,4.4176,0,60.0,6,6,"Lap H-2 nameplate census, player-relative ground offsets"
T01713,157,790.8667,790.95,6,63.44,0.5331,0.5075,63.44,0.5331,0.5075,0,60.0,6,6,"Lap H-2 nameplate census, player-relative ground offsets"
T01714,157,790.8667,791.05,10,12.24,0.1029,0.0979,10.13,0.0852,0.0811,0,60.0,6,6,"Lap H-2 nameplate census, player-relative ground offsets"
T01715,157,790.9,791.0333,7,335.4,2.8185,2.6832,311.84,2.6205,2.4947,0,60.0,6,6,"Lap H-2 nameplate census, player-relative ground offsets"
T01716,157,790.9,791.0833,8,85.35,0.7172,0.6828,79.76,0.6703,0.6381,0,60.0,6,6,"Lap H-2 nameplate census, player-relative ground offsets"
T01717,157,790.9,791.0833,6,107.02,0.8993,0.8561,93.82,0.7884,0.7506,0,60.0,6,6,"Lap H-2 nameplate census, player-relative ground offsets"
T01718,157,790.9333,792.5167,96,477.08,4.0091,3.8167,366.4,3.079,2.9312,0,60.0,6,6,"Lap H-2 nameplate census, player-relative ground offsets"
T01719,157,790.9833,792.0667,59,290.6,2.442,2.3248,145.27,1.2208,1.1622,0,60.0,6,6,"Lap H-2 nameplate census, player-relative ground offsets"
T01720,157,791.0167,791.4167,15,316.81,2.6623,2.5345,310.35,2.608,2.4828,0,60.0,6,6,"Lap H-2 nameplate census, player-relative ground offsets"
T01721,157,791.05,791.4167,15,244.35,2.0534,1.9548,218.81,1.8387,1.7505,0,60.0,6,6,"Lap H-2 nameplate census, player-relative ground offsets"
T01722,157,791.0667,791.5667,11,241.99,2.0335,1.9359,209.51,1.7606,1.6761,0,60.0,6,6,"Lap H-2 nameplate census, player-relative ground offsets"
T01723,157,791.0667,791.7333,23,231.93,1.949,1.8554,231.93,1.949,1.8554,0,60.0,6,6,"Lap H-2 nameplate census, player-relative ground offsets"
T01724,157,791.0667,791.8333,36,140.89,1.184,1.1271,122.88,1.0326,0.983,0,60.0,6,6,"Lap H-2 nameplate census, player-relative ground offsets"
T01725,157,791.1333,791.3333,8,269.0,2.2605,2.152,264.35,2.2214,2.1148,0,60.0,6,6,"Lap H-2 nameplate census, player-relative ground offsets"
T01726,157,791.1833,792.2333,62,289.72,2.4346,2.3178,252.87,2.1249,2.0229,0,60.0,6,6,"Lap H-2 nameplate census, player-relative ground offsets"
T01727,157,791.2,791.3833,9,551.39,4.6335,4.4111,532.3,4.4731,4.2584,0,60.0,6,6,"Lap H-2 nameplate census, player-relative ground offsets"
T01728,157,791.2333,791.45,11,126.32,1.0615,1.0105,94.99,0.7982,0.7599,0,60.0,6,6,"Lap H-2 nameplate census, player-relative ground offsets"
T01729,157,791.2333,791.7,16,152.41,1.2808,1.2193,138.63,1.1649,1.109,0,60.0,6,6,"Lap H-2 nameplate census, player-relative ground offsets"
T01730,157,791.3,791.5667,11,348.0,2.9244,2.784,263.42,2.2136,2.1074,0,60.0,6,6,"Lap H-2 nameplate census, player-relative ground offsets"
T01731,157,791.35,791.4667,7,426.15,3.5811,3.4092,416.77,3.5022,3.3341,0,60.0,6,6,"Lap H-2 nameplate census, player-relative ground offsets"
T01732,157,791.35,791.5333,8,344.79,2.8974,2.7583,312.07,2.6224,2.4965,0,60.0,6,6,"Lap H-2 nameplate census, player-relative ground offsets"
T01733,157,791.35,791.6167,9,371.2,3.1194,2.9696,369.25,3.1029,2.954,0,60.0,6,6,"Lap H-2 nameplate census, player-relative ground offsets"
T01734,157,791.35,791.7,22,581.08,4.883,4.6487,563.44,4.7348,4.5075,0,60.0,6,6,"Lap H-2 nameplate census, player-relative ground offsets"
T01735,157,791.3833,791.6833,19,457.55,3.845,3.6604,446.72,3.7539,3.5737,0,60.0,6,6,"Lap H-2 nameplate census, player-relative ground offsets"
T01736,157,791.3833,792.1167,35,448.09,3.7655,3.5848,437.07,3.6729,3.4966,0,60.0,6,6,"Lap H-2 nameplate census, player-relative ground offsets"
T01737,157,791.4,791.5,7,254.79,2.1411,2.0383,242.52,2.038,1.9402,0,60.0,6,6,"Lap H-2 nameplate census, player-relative ground offsets"
T01738,157,791.4,791.5667,6,284.79,2.3932,2.2783,284.79,2.3932,2.2783,0,60.0,6,6,"Lap H-2 nameplate census, player-relative ground offsets"
T01739,157,791.4,791.65,10,276.7,2.3252,2.2136,268.71,2.2581,2.1497,0,60.0,6,6,"Lap H-2 nameplate census, player-relative ground offsets"
T01740,157,791.4,791.7,9,257.84,2.1667,2.0627,257.84,2.1667,2.0627,0,60.0,6,6,"Lap H-2 nameplate census, player-relative ground offsets"
T01741,157,791.4333,791.9667,14,106.42,0.8943,0.8514,92.85,0.7802,0.7428,0,60.0,6,6,"Lap H-2 nameplate census, player-relative ground offsets"
T01742,157,791.5167,791.8167,11,672.28,5.6494,5.3783,627.79,5.2755,5.0223,0,60.0,6,6,"Lap H-2 nameplate census, player-relative ground offsets"
T01743,157,791.55,792.3333,33,328.07,2.7569,2.6246,306.49,2.5755,2.4519,0,60.0,6,6,"Lap H-2 nameplate census, player-relative ground offsets"
T01744,157,791.6333,791.9167,11,196.83,1.654,1.5746,175.44,1.4743,1.4035,0,60.0,6,6,"Lap H-2 nameplate census, player-relative ground offsets"
T01745,157,791.6667,791.7833,6,310.63,2.6104,2.4851,289.38,2.4318,2.315,0,60.0,6,6,"Lap H-2 nameplate census, player-relative ground offsets"
T01746,157,791.6667,791.9167,10,524.29,4.4058,4.1943,524.29,4.4058,4.1943,0,60.0,6,6,"Lap H-2 nameplate census, player-relative ground offsets"
T01747,157,791.7,791.8667,10,140.59,1.1814,1.1247,107.31,0.9018,0.8585,0,60.0,6,6,"Lap H-2 nameplate census, player-relative ground offsets"
T01748,157,791.7,791.9,8,575.17,4.8333,4.6013,556.78,4.6788,4.4542,0,60.0,6,6,"Lap H-2 nameplate census, player-relative ground offsets"
T01749,157,791.7,792.1167,12,280.22,2.3548,2.2418,264.03,2.2187,2.1122,0,60.0,6,6,"Lap H-2 nameplate census, player-relative ground offsets"
T01750,157,791.75,791.95,8,355.18,2.9847,2.8414,328.96,2.7644,2.6317,0,60.0,6,6,"Lap H-2 nameplate census, player-relative ground offsets"
T01751,157,791.75,792.6,33,554.32,4.6581,4.4346,481.07,4.0426,3.8486,0,60.0,6,6,"Lap H-2 nameplate census, player-relative ground offsets"
T01752,157,791.8333,792.0167,7,175.7,1.4765,1.4056,175.7,1.4765,1.4056,0,60.0,6,6,"Lap H-2 nameplate census, player-relative ground offsets"
T01753,157,791.85,792.0167,9,129.47,1.088,1.0358,121.21,1.0185,0.9697,0,60.0,6,6,"Lap H-2 nameplate census, player-relative ground offsets"
T01754,157,791.85,792.2,14,337.1,2.8328,2.6968,296.1,2.4882,2.3688,0,60.0,6,6,"Lap H-2 nameplate census, player-relative ground offsets"
T01755,157,791.9333,792.15,9,312.34,2.6247,2.4987,312.34,2.6247,2.4987,0,60.0,6,6,"Lap H-2 nameplate census, player-relative ground offsets"
T01756,157,791.9667,792.4833,32,1052.59,8.8453,8.4207,1045.47,8.7854,8.3637,1,60.0,6,6,"Lap H-2 nameplate census, player-relative ground offsets"
T01757,157,791.9833,792.0667,6,511.8,4.3009,4.0944,491.16,4.1274,3.9292,0,60.0,6,6,"Lap H-2 nameplate census, player-relative ground offsets"
T01758,157,791.9833,792.1167,7,180.07,1.5132,1.4406,180.07,1.5132,1.4406,0,60.0,6,6,"Lap H-2 nameplate census, player-relative ground offsets"
T01759,157,792.05,792.4833,27,133.42,1.1212,1.0673,85.99,0.7226,0.6879,0,60.0,6,6,"Lap H-2 nameplate census, player-relative ground offsets"
T01760,157,792.1167,792.2833,9,103.33,0.8683,0.8266,103.33,0.8683,0.8266,0,60.0,6,6,"Lap H-2 nameplate census, player-relative ground offsets"
T01761,157,792.1167,792.4833,14,133.2,1.1194,1.0656,126.43,1.0624,1.0114,0,60.0,6,6,"Lap H-2 nameplate census, player-relative ground offsets"
T01762,157,792.1167,792.7667,25,553.42,4.6506,4.4274,527.62,4.4338,4.2209,0,60.0,6,6,"Lap H-2 nameplate census, player-relative ground offsets"
T01763,157,792.1667,792.3167,9,624.75,5.25,4.998,621.68,5.2242,4.9735,0,60.0,6,6,"Lap H-2 nameplate census, player-relative ground offsets"
T01764,157,792.1667,792.65,18,235.42,1.9783,1.8834,235.42,1.9783,1.8834,0,60.0,6,6,"Lap H-2 nameplate census, player-relative ground offsets"
T01765,157,792.1667,792.85,39,273.21,2.2959,2.1857,273.21,2.2959,2.1857,0,60.0,6,6,"Lap H-2 nameplate census, player-relative ground offsets"
T01766,157,792.2833,792.8167,15,332.67,2.7955,2.6613,332.67,2.7955,2.6613,0,60.0,6,6,"Lap H-2 nameplate census, player-relative ground offsets"
T01767,157,792.3333,792.4833,10,230.66,1.9383,1.8453,230.66,1.9383,1.8453,0,60.0,6,6,"Lap H-2 nameplate census, player-relative ground offsets"
T01768,157,792.3333,792.9,26,573.27,4.8174,4.5862,340.28,2.8595,2.7222,0,60.0,6,6,"Lap H-2 nameplate census, player-relative ground offsets"
T01769,157,792.3833,792.65,9,198.61,1.669,1.5888,150.6,1.2655,1.2048,0,60.0,6,6,"Lap H-2 nameplate census, player-relative ground offsets"
T01770,157,792.45,792.7167,8,234.19,1.968,1.8736,179.1,1.505,1.4328,0,60.0,6,6,"Lap H-2 nameplate census, player-relative ground offsets"
T01771,157,792.4667,792.95,30,306.3,2.574,2.4504,306.3,2.574,2.4504,0,60.0,6,6,"Lap H-2 nameplate census, player-relative ground offsets"
T01772,157,792.5333,792.7667,8,133.6,1.1227,1.0688,55.89,0.4697,0.4471,0,60.0,6,6,"Lap H-2 nameplate census, player-relative ground offsets"
T01773,157,792.5833,792.7333,10,1036.22,8.7077,8.2898,1008.51,8.4748,8.068,1,60.0,6,6,"Lap H-2 nameplate census, player-relative ground offsets"
T01774,157,792.5833,792.95,18,302.88,2.5452,2.4231,257.93,2.1675,2.0634,0,60.0,6,6,"Lap H-2 nameplate census, player-relative ground offsets"
T01775,157,792.5833,793.0667,15,303.33,2.549,2.4267,292.53,2.4582,2.3402,0,60.0,6,6,"Lap H-2 nameplate census, player-relative ground offsets"
T01776,157,792.6167,792.7167,7,366.99,3.084,2.9359,366.99,3.084,2.9359,0,60.0,6,6,"Lap H-2 nameplate census, player-relative ground offsets"
T01777,157,792.6167,792.7667,8,305.34,2.5659,2.4427,305.34,2.5659,2.4427,0,60.0,6,6,"Lap H-2 nameplate census, player-relative ground offsets"
T01778,157,792.6667,793.1333,13,250.52,2.1052,2.0041,177.88,1.4948,1.4231,0,60.0,6,6,"Lap H-2 nameplate census, player-relative ground offsets"
T01779,157,792.6667,793.2333,23,1066.84,8.9651,8.5347,1052.0,8.8404,8.416,1,60.0,6,6,"Lap H-2 nameplate census, player-relative ground offsets"
T01780,157,792.7,792.8167,6,275.95,2.3189,2.2076,275.95,2.3189,2.2076,0,60.0,6,6,"Lap H-2 nameplate census, player-relative ground offsets"
T01781,157,792.7,793.0167,10,71.29,0.5991,0.5703,22.95,0.1928,0.1836,0,60.0,6,6,"Lap H-2 nameplate census, player-relative ground offsets"
T01782,157,792.7,793.2,16,255.62,2.1481,2.045,209.65,1.7617,1.6772,0,60.0,6,6,"Lap H-2 nameplate census, player-relative ground offsets"
T01783,157,792.7333,793.6333,53,1013.45,8.5163,8.1076,768.98,6.462,6.1518,1,60.0,6,6,"Lap H-2 nameplate census, player-relative ground offsets"
T01784,157,792.75,792.9,6,281.44,2.365,2.2515,267.18,2.2452,2.1375,0,60.0,6,6,"Lap H-2 nameplate census, player-relative ground offsets"
T01785,157,792.75,792.9167,9,575.8,4.8387,4.6064,572.52,4.8111,4.5801,0,60.0,6,6,"Lap H-2 nameplate census, player-relative ground offsets"
T01786,157,792.7833,793.15,21,573.89,4.8226,4.5911,558.33,4.6919,4.4667,0,60.0,6,6,"Lap H-2 nameplate census, player-relative ground offsets"
T01787,157,792.8167,793.0333,6,299.84,2.5197,2.3987,276.59,2.3243,2.2127,0,60.0,6,6,"Lap H-2 nameplate census, player-relative ground offsets"
T01788,157,792.8167,793.2,16,209.03,1.7566,1.6723,83.85,0.7046,0.6708,0,60.0,6,6,"Lap H-2 nameplate census, player-relative ground offsets"
T01789,157,792.8167,793.7333,50,309.45,2.6004,2.4756,216.35,1.8181,1.7308,0,60.0,6,6,"Lap H-2 nameplate census, player-relative ground offsets"
T01790,157,792.8333,792.95,6,262.41,2.2051,2.0993,262.41,2.2051,2.0993,0,60.0,6,6,"Lap H-2 nameplate census, player-relative ground offsets"
T01791,157,792.8333,792.9667,8,359.69,3.0226,2.8775,359.69,3.0226,2.8775,0,60.0,6,6,"Lap H-2 nameplate census, player-relative ground offsets"
T01792,157,792.8333,793.1833,11,170.31,1.4312,1.3625,131.28,1.1032,1.0502,0,60.0,6,6,"Lap H-2 nameplate census, player-relative ground offsets"
T01793,157,792.8667,792.9667,7,398.2,3.3462,3.1856,356.36,2.9946,2.8509,0,60.0,6,6,"Lap H-2 nameplate census, player-relative ground offsets"
T01794,157,792.9167,793.2667,12,258.34,2.1709,2.0667,218.49,1.836,1.7479,0,60.0,6,6,"Lap H-2 nameplate census, player-relative ground offsets"
T01795,157,792.9167,793.4167,17,142.67,1.1989,1.1414,135.42,1.138,1.0834,0,60.0,6,6,"Lap H-2 nameplate census, player-relative ground offsets"
T01796,157,792.9333,793.1333,10,126.28,1.0612,1.0102,92.2,0.7748,0.7376,0,60.0,6,6,"Lap H-2 nameplate census, player-relative ground offsets"
T01797,157,792.9333,793.3,13,238.61,2.0052,1.9089,128.81,1.0824,1.0305,0,60.0,6,6,"Lap H-2 nameplate census, player-relative ground offsets"
T01798,157,792.9833,793.2667,16,318.25,2.6744,2.546,237.04,1.9919,1.8963,0,60.0,6,6,"Lap H-2 nameplate census, player-relative ground offsets"
T01799,157,793.0167,793.2667,9,111.47,0.9367,0.8918,105.81,0.8891,0.8464,0,60.0,6,6,"Lap H-2 nameplate census, player-relative ground offsets"
T01800,157,793.0333,793.1333,7,240.3,2.0193,1.9224,226.44,1.9029,1.8115,0,60.0,6,6,"Lap H-2 nameplate census, player-relative ground offsets"
T01801,157,793.0333,793.2,8,320.27,2.6913,2.5622,273.05,2.2945,2.1844,0,60.0,6,6,"Lap H-2 nameplate census, player-relative ground offsets"
T01802,157,793.0667,793.2667,10,192.37,1.6166,1.539,133.17,1.1191,1.0654,0,60.0,6,6,"Lap H-2 nameplate census, player-relative ground offsets"
T01803,157,793.0833,793.2667,9,42.37,0.356,0.339,10.31,0.0866,0.0825,0,60.0,6,6,"Lap H-2 nameplate census, player-relative ground offsets"
T01804,157,793.0833,793.3667,13,328.65,2.7618,2.6292,328.65,2.7618,2.6292,0,60.0,6,6,"Lap H-2 nameplate census, player-relative ground offsets"
T01805,157,793.0833,793.5833,22,503.37,4.23,4.0269,413.21,3.4724,3.3057,0,60.0,6,6,"Lap H-2 nameplate census, player-relative ground offsets"
T01806,157,793.0833,793.7167,37,580.03,4.8742,4.6403,560.77,4.7124,4.4862,0,60.0,6,6,"Lap H-2 nameplate census, player-relative ground offsets"
T01807,157,793.1667,793.2667,7,387.42,3.2556,3.0994,373.16,3.1358,2.9853,0,60.0,6,6,"Lap H-2 nameplate census, player-relative ground offsets"
T01808,157,793.1667,793.3,8,20.64,0.1734,0.1651,13.63,0.1146,0.1091,0,60.0,6,6,"Lap H-2 nameplate census, player-relative ground offsets"
T01809,157,793.1667,793.3,8,54.58,0.4587,0.4366,21.62,0.1817,0.173,0,60.0,6,6,"Lap H-2 nameplate census, player-relative ground offsets"
T01810,157,793.1667,793.3,7,196.14,1.6482,1.5691,159.13,1.3372,1.2731,0,60.0,6,6,"Lap H-2 nameplate census, player-relative ground offsets"
T01811,157,793.1667,793.4833,20,518.31,4.3555,4.1464,517.23,4.3464,4.1378,0,60.0,6,6,"Lap H-2 nameplate census, player-relative ground offsets"
T01812,157,793.1667,793.6333,12,71.02,0.5968,0.5681,29.06,0.2442,0.2325,0,60.0,6,6,"Lap H-2 nameplate census, player-relative ground offsets"
T01813,157,793.2,793.4667,15,189.88,1.5956,1.519,178.97,1.504,1.4318,0,60.0,6,6,"Lap H-2 nameplate census, player-relative ground offsets"
T01814,157,793.2167,793.3,6,420.42,3.5329,3.3633,390.91,3.2849,3.1273,0,60.0,6,6,"Lap H-2 nameplate census, player-relative ground offsets"
T01815,157,793.2167,793.3,6,509.22,4.2791,4.0737,447.47,3.7602,3.5797,0,60.0,6,6,"Lap H-2 nameplate census, player-relative ground offsets"
T01816,157,793.25,793.35,7,224.94,1.8902,1.7995,224.94,1.8902,1.7995,0,60.0,6,6,"Lap H-2 nameplate census, player-relative ground offsets"
T01817,157,793.25,793.3833,6,254.56,2.1392,2.0365,231.71,1.9471,1.8536,0,60.0,6,6,"Lap H-2 nameplate census, player-relative ground offsets"
T01818,157,793.25,793.4667,11,521.48,4.3822,4.1718,520.56,4.3744,4.1645,0,60.0,6,6,"Lap H-2 nameplate census, player-relative ground offsets"
T01819,157,793.3667,793.4833,6,277.19,2.3293,2.2175,264.63,2.2238,2.1171,0,60.0,6,6,"Lap H-2 nameplate census, player-relative ground offsets"
T01820,157,793.3833,793.5667,7,274.32,2.3052,2.1946,257.36,2.1627,2.0589,0,60.0,6,6,"Lap H-2 nameplate census, player-relative ground offsets"
T01821,157,793.3833,794.9,85,1052.0,8.8404,8.416,1032.13,8.6733,8.257,1,60.0,6,6,"Lap H-2 nameplate census, player-relative ground offsets"
T01822,157,793.45,793.7333,6,208.08,1.7485,1.6646,208.08,1.7485,1.6646,0,60.0,6,6,"Lap H-2 nameplate census, player-relative ground offsets"
T01823,157,793.4833,793.6667,9,219.15,1.8416,1.7532,211.32,1.7758,1.6906,0,60.0,6,6,"Lap H-2 nameplate census, player-relative ground offsets"
T01824,157,793.5333,793.6667,6,129.41,1.0875,1.0353,121.06,1.0173,0.9685,0,60.0,6,6,"Lap H-2 nameplate census, player-relative ground offsets"
T01825,157,793.5333,794.2833,21,180.22,1.5144,1.4418,26.38,0.2216,0.211,0,60.0,6,6,"Lap H-2 nameplate census, player-relative ground offsets"
T01826,157,793.5833,793.7333,7,335.06,2.8157,2.6805,335.06,2.8157,2.6805,0,60.0,6,6,"Lap H-2 nameplate census, player-relative ground offsets"
T01827,157,793.5833,793.8667,6,161.16,1.3542,1.2892,161.16,1.3542,1.2892,0,60.0,6,6,"Lap H-2 nameplate census, player-relative ground offsets"
T01828,157,793.6333,793.8,8,213.37,1.793,1.707,185.23,1.5566,1.4819,0,60.0,6,6,"Lap H-2 nameplate census, player-relative ground offsets"
T01829,157,793.65,793.7833,9,361.89,3.0411,2.8951,361.89,3.0411,2.8951,0,60.0,6,6,"Lap H-2 nameplate census, player-relative ground offsets"
T01830,157,793.6833,793.7833,6,68.18,0.5729,0.5454,66.88,0.562,0.535,0,60.0,6,6,"Lap H-2 nameplate census, player-relative ground offsets"
T01831,157,793.6833,793.7833,6,445.3,3.742,3.5624,430.5,3.6177,3.444,0,60.0,6,6,"Lap H-2 nameplate census, player-relative ground offsets"
T01832,157,793.7,793.8,6,499.14,4.1944,3.9931,499.14,4.1944,3.9931,0,60.0,6,6,"Lap H-2 nameplate census, player-relative ground offsets"
T01833,157,793.7,793.85,9,400.22,3.3632,3.2018,385.84,3.2423,3.0867,0,60.0,6,6,"Lap H-2 nameplate census, player-relative ground offsets"
T01834,157,793.7,793.8833,8,217.13,1.8246,1.7371,195.43,1.6423,1.5635,0,60.0,6,6,"Lap H-2 nameplate census, player-relative ground offsets"
T01835,157,793.7333,793.95,8,442.88,3.7217,3.5431,442.88,3.7217,3.5431,0,60.0,6,6,"Lap H-2 nameplate census, player-relative ground offsets"
T01836,157,793.7333,793.95,11,443.04,3.723,3.5443,409.92,3.4447,3.2794,0,60.0,6,6,"Lap H-2 nameplate census, player-relative ground offsets"
T01837,157,793.8167,794.15,19,136.06,1.1433,1.0885,75.09,0.631,0.6007,0,60.0,6,6,"Lap H-2 nameplate census, player-relative ground offsets"
T01838,157,793.9,794.2,11,162.26,1.3636,1.2981,121.44,1.0205,0.9715,0,60.0,6,6,"Lap H-2 nameplate census, player-relative ground offsets"
T01839,157,793.9167,794.2,6,47.08,0.3957,0.3767,47.08,0.3957,0.3767,0,60.0,6,6,"Lap H-2 nameplate census, player-relative ground offsets"
T01840,157,793.9333,794.05,7,139.37,1.1712,1.115,127.39,1.0705,1.0192,0,60.0,6,6,"Lap H-2 nameplate census, player-relative ground offsets"
T01841,157,793.9333,794.15,10,167.29,1.4058,1.3383,141.57,1.1897,1.1326,0,60.0,6,6,"Lap H-2 nameplate census, player-relative ground offsets"
T01842,157,793.9333,794.1833,16,536.43,4.5078,4.2914,534.42,4.4909,4.2753,0,60.0,6,6,"Lap H-2 nameplate census, player-relative ground offsets"
T01843,157,793.9333,794.1833,10,570.22,4.7918,4.5617,570.22,4.7918,4.5617,0,60.0,6,6,"Lap H-2 nameplate census, player-relative ground offsets"
T01844,157,793.9333,794.2,14,42.21,0.3547,0.3376,42.21,0.3547,0.3376,0,60.0,6,6,"Lap H-2 nameplate census, player-relative ground offsets"
T01845,157,793.9667,794.1833,6,859.58,7.2233,6.8766,810.54,6.8113,6.4843,1,60.0,6,6,"Lap H-2 nameplate census, player-relative ground offsets"
T01846,157,794.0167,794.5,11,148.01,1.2438,1.1841,95.69,0.8042,0.7656,0,60.0,6,6,"Lap H-2 nameplate census, player-relative ground offsets"
T01847,157,794.1167,794.5833,15,446.01,3.748,3.5681,401.37,3.3728,3.2109,0,60.0,6,6,"Lap H-2 nameplate census, player-relative ground offsets"
T01848,157,794.1667,794.75,25,420.45,3.5332,3.3636,221.02,1.8573,1.7681,0,60.0,6,6,"Lap H-2 nameplate census, player-relative ground offsets"
T01849,157,794.2833,796.7167,125,1120.14,9.413,8.9611,621.3,5.221,4.9704,1,60.0,6,6,"Lap H-2 nameplate census, player-relative ground offsets"
T01850,157,794.2833,796.9167,143,984.25,8.271,7.874,607.58,5.1057,4.8607,1,60.0,6,6,"Lap H-2 nameplate census, player-relative ground offsets"
T01851,157,794.3,794.4,7,482.91,4.058,3.8632,447.47,3.7602,3.5798,0,60.0,6,6,"Lap H-2 nameplate census, player-relative ground offsets"
T01852,157,794.3167,794.5167,11,365.32,3.07,2.9226,357.26,3.0022,2.8581,0,60.0,6,6,"Lap H-2 nameplate census, player-relative ground offsets"
T01853,157,794.3167,794.5333,6,35.51,0.2984,0.2841,18.86,0.1585,0.1509,0,60.0,6,6,"Lap H-2 nameplate census, player-relative ground offsets"
T01854,157,794.3833,794.55,7,302.42,2.5413,2.4194,252.9,2.1252,2.0232,0,60.0,6,6,"Lap H-2 nameplate census, player-relative ground offsets"
T01855,157,794.4333,794.5167,6,93.09,0.7823,0.7447,90.19,0.7579,0.7215,0,60.0,6,6,"Lap H-2 nameplate census, player-relative ground offsets"
T01856,157,794.4333,794.6,11,368.16,3.0938,2.9453,266.74,2.2415,2.1339,0,60.0,6,6,"Lap H-2 nameplate census, player-relative ground offsets"
T01857,157,794.4333,794.6,7,823.26,6.9182,6.5861,751.57,6.3157,6.0125,1,60.0,6,6,"Lap H-2 nameplate census, player-relative ground offsets"
T01858,157,794.4667,795.7,46,242.03,2.0339,1.9363,86.05,0.7231,0.6884,0,60.0,6,6,"Lap H-2 nameplate census, player-relative ground offsets"
T01859,157,794.5,794.7333,8,272.5,2.2899,2.18,227.26,1.9098,1.8181,0,60.0,6,6,"Lap H-2 nameplate census, player-relative ground offsets"
T01860,157,794.5167,794.75,9,345.08,2.8999,2.7607,323.21,2.716,2.5857,0,60.0,6,6,"Lap H-2 nameplate census, player-relative ground offsets"
T01861,157,794.5167,795.6333,32,45.94,0.3861,0.3675,36.19,0.3041,0.2895,0,60.0,6,6,"Lap H-2 nameplate census, player-relative ground offsets"
T01862,157,794.5667,794.7667,6,74.91,0.6295,0.5993,50.86,0.4274,0.4069,0,60.0,6,6,"Lap H-2 nameplate census, player-relative ground offsets"
T01863,157,794.5667,794.7833,8,148.74,1.25,1.19,148.74,1.25,1.19,0,60.0,6,6,"Lap H-2 nameplate census, player-relative ground offsets"
T01864,157,794.5667,795.2333,15,170.37,1.4316,1.3629,90.52,0.7607,0.7242,0,60.0,6,6,"Lap H-2 nameplate census, player-relative ground offsets"
T01865,157,794.6,794.6833,6,568.18,4.7746,4.5454,556.63,4.6775,4.453,0,60.0,6,6,"Lap H-2 nameplate census, player-relative ground offsets"
T01866,157,794.6167,794.7333,6,168.72,1.4178,1.3497,149.04,1.2524,1.1923,0,60.0,6,6,"Lap H-2 nameplate census, player-relative ground offsets"
T01867,157,794.6333,794.7833,9,223.61,1.879,1.7889,192.14,1.6146,1.5371,0,60.0,6,6,"Lap H-2 nameplate census, player-relative ground offsets"
T01868,157,794.6333,794.8333,6,185.19,1.5562,1.4815,170.19,1.4302,1.3615,0,60.0,6,6,"Lap H-2 nameplate census, player-relative ground offsets"
T01869,157,794.6333,795.45,25,159.18,1.3376,1.2734,118.0,0.9916,0.944,0,60.0,6,6,"Lap H-2 nameplate census, player-relative ground offsets"
T01870,157,794.6667,795.05,10,39.33,0.3305,0.3146,16.06,0.135,0.1285,0,60.0,6,6,"Lap H-2 nameplate census, player-relative ground offsets"
T01871,157,794.75,795.4667,16,323.57,2.7191,2.5886,240.97,2.025,1.9278,0,60.0,6,6,"Lap H-2 nameplate census, player-relative ground offsets"
T01872,157,794.75,795.75,19,154.64,1.2995,1.2371,148.99,1.252,1.1919,0,60.0,6,6,"Lap H-2 nameplate census, player-relative ground offsets"
T01873,157,794.75,795.7833,21,180.6,1.5177,1.4448,132.39,1.1125,1.0591,0,60.0,6,6,"Lap H-2 nameplate census, player-relative ground offsets"
T01874,157,794.7833,795.1333,10,325.45,2.7349,2.6036,275.72,2.317,2.2058,0,60.0,6,6,"Lap H-2 nameplate census, player-relative ground offsets"
T01875,157,794.85,795.2,10,138.03,1.16,1.1043,100.07,0.841,0.8006,0,60.0,6,6,"Lap H-2 nameplate census, player-relative ground offsets"
T01876,157,794.9,795.8667,22,37.18,0.3125,0.2975,11.87,0.0997,0.0949,0,60.0,6,6,"Lap H-2 nameplate census, player-relative ground offsets"
T01877,157,794.9667,795.2333,10,486.84,4.0911,3.8947,473.95,3.9828,3.7916,0,60.0,6,6,"Lap H-2 nameplate census, player-relative ground offsets"
T01878,157,794.9833,795.5167,8,330.23,2.7751,2.6419,312.66,2.6274,2.5013,0,60.0,6,6,"Lap H-2 nameplate census, player-relative ground offsets"
T01879,157,794.9833,795.55,12,299.33,2.5154,2.3946,249.0,2.0924,1.992,0,60.0,6,6,"Lap H-2 nameplate census, player-relative ground offsets"
T01880,157,794.9833,795.6,13,329.58,2.7695,2.6366,235.96,1.9829,1.8877,0,60.0,6,6,"Lap H-2 nameplate census, player-relative ground offsets"
T01881,157,795.0333,795.2167,6,297.77,2.5023,2.3822,285.03,2.3952,2.2803,0,60.0,6,6,"Lap H-2 nameplate census, player-relative ground offsets"
T01882,157,795.0833,795.4333,6,109.94,0.9239,0.8795,109.94,0.9239,0.8795,0,60.0,6,6,"Lap H-2 nameplate census, player-relative ground offsets"
T01883,157,795.1333,795.5,10,163.78,1.3763,1.3102,163.78,1.3763,1.3102,0,60.0,6,6,"Lap H-2 nameplate census, player-relative ground offsets"
T01884,157,795.15,795.7667,13,165.83,1.3935,1.3266,164.65,1.3836,1.3172,0,60.0,6,6,"Lap H-2 nameplate census, player-relative ground offsets"
T01885,157,795.4333,795.5333,6,41.08,0.3452,0.3286,41.08,0.3452,0.3286,0,60.0,6,6,"Lap H-2 nameplate census, player-relative ground offsets"
T01886,157,795.4833,795.5833,6,213.62,1.7951,1.7089,213.62,1.7951,1.7089,0,60.0,6,6,"Lap H-2 nameplate census, player-relative ground offsets"
T01887,157,795.5167,795.8,7,145.25,1.2206,1.162,118.75,0.9979,0.95,0,60.0,6,6,"Lap H-2 nameplate census, player-relative ground offsets"
T01888,157,795.55,795.6333,6,32.86,0.2761,0.2629,32.86,0.2761,0.2629,0,60.0,6,6,"Lap H-2 nameplate census, player-relative ground offsets"
T01889,157,795.5667,795.7,7,53.75,0.4517,0.43,8.62,0.0724,0.0689,0,60.0,6,6,"Lap H-2 nameplate census, player-relative ground offsets"
T01890,157,795.7333,795.95,8,261.06,2.1938,2.0885,261.06,2.1938,2.0885,0,60.0,6,6,"Lap H-2 nameplate census, player-relative ground offsets"
T01891,157,795.8667,798.8333,162,1059.13,8.9003,8.4731,1042.51,8.7606,8.3401,1,60.0,6,6,"Lap H-2 nameplate census, player-relative ground offsets"
T01892,157,795.9333,796.15,8,393.28,3.3049,3.1462,290.26,2.4392,2.3221,0,60.0,6,6,"Lap H-2 nameplate census, player-relative ground offsets"
T01893,157,796.0,796.2,8,60.72,0.5102,0.4857,58.69,0.4932,0.4695,0,60.0,6,6,"Lap H-2 nameplate census, player-relative ground offsets"
T01894,157,796.0333,796.2,7,367.81,3.0908,2.9425,348.39,2.9277,2.7872,0,60.0,6,6,"Lap H-2 nameplate census, player-relative ground offsets"
T01895,157,796.15,796.3167,11,572.03,4.807,4.5762,572.03,4.807,4.5762,0,60.0,6,6,"Lap H-2 nameplate census, player-relative ground offsets"
T01896,157,796.2,796.4,10,389.81,3.2757,3.1185,356.87,2.9989,2.855,0,60.0,6,6,"Lap H-2 nameplate census, player-relative ground offsets"
T01897,157,796.2667,796.4,9,71.38,0.5998,0.571,71.38,0.5998,0.571,0,60.0,6,6,"Lap H-2 nameplate census, player-relative ground offsets"
T01898,157,796.7167,796.8167,6,361.32,3.0363,2.8905,360.7,3.0311,2.8856,0,60.0,6,6,"Lap H-2 nameplate census, player-relative ground offsets"
T01899,157,797.05,797.7833,45,692.53,5.8196,5.5403,692.53,5.8196,5.5403,0,60.0,6,6,"Lap H-2 nameplate census, player-relative ground offsets"
T01900,157,797.05,797.9167,48,430.17,3.6149,3.4414,337.31,2.8345,2.6985,0,60.0,6,6,"Lap H-2 nameplate census, player-relative ground offsets"
T01901,157,797.0833,797.2667,6,166.97,1.4031,1.3358,166.97,1.4031,1.3358,0,60.0,6,6,"Lap H-2 nameplate census, player-relative ground offsets"
T01902,157,797.0833,797.4167,10,228.15,1.9173,1.8252,228.15,1.9173,1.8252,0,60.0,6,6,"Lap H-2 nameplate census, player-relative ground offsets"
T01903,157,797.15,797.4167,7,201.02,1.6892,1.6081,201.02,1.6892,1.6081,0,60.0,6,6,"Lap H-2 nameplate census, player-relative ground offsets"
T01904,157,797.1833,797.4667,13,254.21,2.1362,2.0337,249.85,2.0996,1.9988,0,60.0,6,6,"Lap H-2 nameplate census, player-relative ground offsets"
T01905,157,797.6167,797.7833,8,577.65,4.8542,4.6212,566.29,4.7588,4.5303,0,60.0,6,6,"Lap H-2 nameplate census, player-relative ground offsets"
T01906,157,797.8,797.9167,8,372.57,3.1308,2.9805,80.19,0.6739,0.6415,0,60.0,6,6,"Lap H-2 nameplate census, player-relative ground offsets"
T01907,157,797.85,798.5167,37,258.04,2.1684,2.0643,195.55,1.6433,1.5644,0,60.0,6,6,"Lap H-2 nameplate census, player-relative ground offsets"
T01908,157,797.9333,798.05,8,28.63,0.2406,0.229,28.63,0.2406,0.229,0,60.0,6,6,"Lap H-2 nameplate census, player-relative ground offsets"
T01909,157,798.0333,798.7333,42,570.26,4.7921,4.5621,566.31,4.7589,4.5305,0,60.0,6,6,"Lap H-2 nameplate census, player-relative ground offsets"
T01910,157,798.3833,798.5167,9,59.01,0.4959,0.4721,58.05,0.4878,0.4644,0,60.0,6,6,"Lap H-2 nameplate census, player-relative ground offsets"
T01911,157,798.3833,798.7,15,570.26,4.7921,4.5621,568.21,4.7749,4.5457,0,60.0,6,6,"Lap H-2 nameplate census, player-relative ground offsets"
T01912,157,798.7333,798.9167,6,208.71,1.7539,1.6697,177.86,1.4947,1.4229,0,60.0,6,6,"Lap H-2 nameplate census, player-relative ground offsets"
T01913,157,798.7833,799.1,8,166.71,1.4009,1.3337,115.65,0.9718,0.9252,0,60.0,6,6,"Lap H-2 nameplate census, player-relative ground offsets"
T01914,157,798.8333,799.0667,7,144.05,1.2105,1.1524,98.92,0.8312,0.7913,0,60.0,6,6,"Lap H-2 nameplate census, player-relative ground offsets"
T01915,157,798.8667,799.1833,9,196.82,1.6539,1.5745,162.15,1.3626,1.2972,0,60.0,6,6,"Lap H-2 nameplate census, player-relative ground offsets"
T01916,157,799.25,799.5833,19,273.34,2.2969,2.1867,169.66,1.4257,1.3573,0,60.0,6,6,"Lap H-2 nameplate census, player-relative ground offsets"
T01917,157,799.4667,800.15,42,1243.92,10.4531,9.9514,1218.87,10.2426,9.751,1,60.0,6,6,"Lap H-2 nameplate census, player-relative ground offsets"
T01918,157,799.55,799.8167,14,431.16,3.6232,3.4493,416.15,3.4971,3.3292,0,60.0,6,6,"Lap H-2 nameplate census, player-relative ground offsets"
T01919,157,799.5833,799.7833,7,207.06,1.74,1.6565,207.06,1.74,1.6565,0,60.0,6,6,"Lap H-2 nameplate census, player-relative ground offsets"
T01920,158,799.8,800.1667,20,1058.56,8.8954,8.4685,1058.56,8.8954,8.4685,1,60.0,6,6,"Lap H-2 nameplate census, player-relative ground offsets"
T01921,158,800.05,800.2,10,1381.44,11.6088,11.0515,1337.01,11.2354,10.6961,1,60.0,6,6,"Lap H-2 nameplate census, player-relative ground offsets"
T01922,158,800.3,800.75,28,1058.56,8.8954,8.4685,1057.98,8.8906,8.4639,1,60.0,6,6,"Lap H-2 nameplate census, player-relative ground offsets"
T01923,158,800.85,802.2,64,1126.49,9.4663,9.0119,36.07,0.3031,0.2885,1,60.0,6,6,"Lap H-2 nameplate census, player-relative ground offsets"
T01924,158,800.9,801.0,7,1057.7,8.8882,8.4616,1057.7,8.8882,8.4616,1,60.0,6,6,"Lap H-2 nameplate census, player-relative ground offsets"
T01925,158,801.0,801.5667,35,1182.42,9.9363,9.4593,321.71,2.7034,2.5737,1,60.0,6,6,"Lap H-2 nameplate census, player-relative ground offsets"
T01926,158,801.0167,801.4,24,1132.71,9.5185,9.0617,547.41,4.6001,4.3793,1,60.0,6,6,"Lap H-2 nameplate census, player-relative ground offsets"
T01927,158,801.0167,801.9333,50,988.23,8.3045,7.9059,98.78,0.8301,0.7902,1,60.0,6,6,"Lap H-2 nameplate census, player-relative ground offsets"
T01928,158,801.1333,801.4667,17,1023.06,8.5972,8.1845,603.65,5.0727,4.8292,1,60.0,6,6,"Lap H-2 nameplate census, player-relative ground offsets"
T01929,158,801.1833,801.3833,8,932.74,7.8382,7.4619,820.71,6.8967,6.5656,1,60.0,6,6,"Lap H-2 nameplate census, player-relative ground offsets"
T01930,158,801.2333,801.3333,7,885.72,7.443,7.0858,710.77,5.9729,5.6862,1,60.0,6,6,"Lap H-2 nameplate census, player-relative ground offsets"
T01931,158,801.2333,801.4667,15,1136.08,9.5469,9.0887,590.34,4.9608,4.7227,1,60.0,6,6,"Lap H-2 nameplate census, player-relative ground offsets"
T01932,158,801.2333,802.9167,90,1059.13,8.9003,8.4731,1041.32,8.7506,8.3306,1,60.0,6,6,"Lap H-2 nameplate census, player-relative ground offsets"
T01933,158,801.2667,801.4333,11,1006.82,8.4607,8.0546,709.52,5.9624,5.6762,1,60.0,6,6,"Lap H-2 nameplate census, player-relative ground offsets"
T01934,158,801.3167,801.75,23,1025.3,8.6159,8.2024,667.53,5.6095,5.3403,1,60.0,6,6,"Lap H-2 nameplate census, player-relative ground offsets"
T01935,158,801.35,801.5667,13,662.83,5.57,5.3026,304.41,2.5581,2.4353,0,60.0,6,6,"Lap H-2 nameplate census, player-relative ground offsets"
T01936,158,801.3667,801.5667,12,621.2,5.2201,4.9696,287.44,2.4155,2.2995,0,60.0,6,6,"Lap H-2 nameplate census, player-relative ground offsets"
T01937,158,801.4167,801.5667,10,488.93,4.1086,3.9114,307.25,2.5819,2.458,0,60.0,6,6,"Lap H-2 nameplate census, player-relative ground offsets"
T01938,158,801.4667,801.9,21,554.31,4.6581,4.4345,394.43,3.3145,3.1554,0,60.0,6,6,"Lap H-2 nameplate census, player-relative ground offsets"
T01939,158,801.4833,801.7667,16,546.29,4.5907,4.3703,441.71,3.7118,3.5337,0,60.0,6,6,"Lap H-2 nameplate census, player-relative ground offsets"
T01940,158,801.4833,801.9833,25,527.2,4.4303,4.2176,460.15,3.8668,3.6812,0,60.0,6,6,"Lap H-2 nameplate census, player-relative ground offsets"
T01941,158,801.4833,801.9833,25,503.31,4.2295,4.0265,345.27,2.9014,2.7621,0,60.0,6,6,"Lap H-2 nameplate census, player-relative ground offsets"
T01942,158,801.6833,801.7667,6,582.18,4.8923,4.6574,582.18,4.8923,4.6574,0,60.0,6,6,"Lap H-2 nameplate census, player-relative ground offsets"
T01943,158,801.6833,801.7667,6,669.46,5.6257,5.3557,657.37,5.5241,5.2589,0,60.0,6,6,"Lap H-2 nameplate census, player-relative ground offsets"
T01944,158,801.7333,802.1667,8,492.0,4.1345,3.936,431.7,3.6278,3.4536,0,60.0,6,6,"Lap H-2 nameplate census, player-relative ground offsets"
T01945,158,801.7667,802.1167,7,342.89,2.8815,2.7432,298.96,2.5123,2.3917,0,60.0,6,6,"Lap H-2 nameplate census, player-relative ground offsets"
T01946,158,801.7667,802.1667,7,274.07,2.3031,2.1925,265.71,2.2328,2.1257,0,60.0,6,6,"Lap H-2 nameplate census, player-relative ground offsets"
T01947,158,801.8833,802.1333,7,156.53,1.3154,1.2523,156.53,1.3154,1.2523,0,60.0,6,6,"Lap H-2 nameplate census, player-relative ground offsets"
T01948,158,801.95,802.1833,8,385.87,3.2426,3.087,310.69,2.6108,2.4855,0,60.0,6,6,"Lap H-2 nameplate census, player-relative ground offsets"
T01949,158,802.0667,802.2667,7,246.8,2.0739,1.9744,219.22,1.8421,1.7537,0,60.0,6,6,"Lap H-2 nameplate census, player-relative ground offsets"
T01950,158,802.0667,802.3333,13,485.36,4.0787,3.8829,335.59,2.8201,2.6847,0,60.0,6,6,"Lap H-2 nameplate census, player-relative ground offsets"
T01951,158,802.0667,802.3667,12,178.95,1.5038,1.4316,135.96,1.1425,1.0876,0,60.0,6,6,"Lap H-2 nameplate census, player-relative ground offsets"
T01952,158,802.0667,802.75,38,408.99,3.4369,3.2719,215.58,1.8116,1.7246,0,60.0,6,6,"Lap H-2 nameplate census, player-relative ground offsets"
T01953,158,802.0667,802.9333,48,924.23,7.7666,7.3938,432.23,3.6321,3.4578,1,60.0,6,6,"Lap H-2 nameplate census, player-relative ground offsets"
T01954,158,802.0667,803.1333,63,931.89,7.831,7.4552,415.34,3.4902,3.3227,1,60.0,6,6,"Lap H-2 nameplate census, player-relative ground offsets"
T01955,158,802.0667,803.5167,85,954.72,8.0228,7.6377,262.46,2.2056,2.0997,1,60.0,6,6,"Lap H-2 nameplate census, player-relative ground offsets"
T01956,158,802.0667,803.9333,104,297.35,2.4987,2.3788,73.72,0.6195,0.5898,0,60.0,6,6,"Lap H-2 nameplate census, player-relative ground offsets"
T01957,158,802.0833,802.3167,6,288.82,2.4271,2.3106,213.48,1.794,1.7079,0,60.0,6,6,"Lap H-2 nameplate census, player-relative ground offsets"
T01958,158,802.1833,803.4667,76,924.54,7.7693,7.3963,211.56,1.7778,1.6924,1,60.0,6,6,"Lap H-2 nameplate census, player-relative ground offsets"
T01959,158,802.2833,802.55,14,316.91,2.6631,2.5352,302.56,2.5425,2.4204,0,60.0,6,6,"Lap H-2 nameplate census, player-relative ground offsets"
T01960,158,802.4,802.75,21,936.85,7.8727,7.4948,924.42,7.7683,7.3954,1,60.0,6,6,"Lap H-2 nameplate census, player-relative ground offsets"
T01961,158,802.4167,803.4667,64,951.5,7.9958,7.612,404.35,3.3979,3.2348,1,60.0,6,6,"Lap H-2 nameplate census, player-relative ground offsets"
T01962,158,802.4167,803.4667,64,936.2,7.8672,7.4896,436.92,3.6716,3.4953,1,60.0,6,6,"Lap H-2 nameplate census, player-relative ground offsets"
T01963,158,802.5667,803.4667,55,1251.16,10.5139,10.0093,1067.1,8.9673,8.5368,1,60.0,6,6,"Lap H-2 nameplate census, player-relative ground offsets"
T01964,158,802.65,803.4667,50,955.85,8.0323,7.6468,620.95,5.2181,4.9676,1,60.0,6,6,"Lap H-2 nameplate census, player-relative ground offsets"
T01965,158,802.6833,802.8,8,35.53,0.2985,0.2842,9.52,0.08,0.0762,0,60.0,6,6,"Lap H-2 nameplate census, player-relative ground offsets"
T01966,158,802.6833,802.8667,8,126.95,1.0668,1.0156,121.74,1.023,0.9739,0,60.0,6,6,"Lap H-2 nameplate census, player-relative ground offsets"
T01967,158,803.0,803.2,8,352.18,2.9595,2.8174,305.01,2.5631,2.44,0,60.0,6,6,"Lap H-2 nameplate census, player-relative ground offsets"
T01968,158,803.0667,803.4667,25,972.19,8.1696,7.7775,778.5,6.5421,6.228,1,60.0,6,6,"Lap H-2 nameplate census, player-relative ground offsets"
T01969,158,803.1,803.3667,12,129.79,1.0907,1.0383,119.92,1.0078,0.9594,0,60.0,6,6,"Lap H-2 nameplate census, player-relative ground offsets"
T01970,158,803.1,803.4667,14,270.03,2.2691,2.1602,121.78,1.0234,0.9742,0,60.0,6,6,"Lap H-2 nameplate census, player-relative ground offsets"
T01971,158,803.15,803.2833,6,677.22,5.6909,5.4178,677.22,5.6909,5.4178,0,60.0,6,6,"Lap H-2 nameplate census, player-relative ground offsets"
T01972,158,803.3667,803.45,6,281.19,2.363,2.2495,281.19,2.363,2.2495,0,60.0,6,6,"Lap H-2 nameplate census, player-relative ground offsets"
T01973,158,803.3667,803.4667,7,304.89,2.5621,2.4391,264.53,2.223,2.1163,0,60.0,6,6,"Lap H-2 nameplate census, player-relative ground offsets"
T01974,158,803.3667,803.4667,7,984.17,8.2703,7.8733,983.56,8.2652,7.8685,1,60.0,6,6,"Lap H-2 nameplate census, player-relative ground offsets"
T01975,158,803.3833,803.5667,7,272.77,2.2922,2.1822,272.77,2.2922,2.1822,0,60.0,6,6,"Lap H-2 nameplate census, player-relative ground offsets"
T01976,158,803.4333,803.5833,9,315.07,2.6476,2.5205,306.75,2.5777,2.454,0,60.0,6,6,"Lap H-2 nameplate census, player-relative ground offsets"
T01977,158,803.4333,803.8,15,37.78,0.3174,0.3022,36.09,0.3033,0.2887,0,60.0,6,6,"Lap H-2 nameplate census, player-relative ground offsets"
T01978,158,803.5,803.75,7,105.94,0.8902,0.8475,105.94,0.8902,0.8475,0,60.0,6,6,"Lap H-2 nameplate census, player-relative ground offsets"
T01979,158,803.5,803.85,17,402.15,3.3794,3.2172,310.04,2.6054,2.4803,0,60.0,6,6,"Lap H-2 nameplate census, player-relative ground offsets"
T01980,158,803.5,803.9333,15,108.27,0.9098,0.8661,88.04,0.7398,0.7043,0,60.0,6,6,"Lap H-2 nameplate census, player-relative ground offsets"
T01981,158,803.5,804.0,31,723.41,6.0791,5.7873,391.37,3.2888,3.131,0,60.0,6,6,"Lap H-2 nameplate census, player-relative ground offsets"
T01982,158,803.5,804.1167,38,328.53,2.7607,2.6282,94.46,0.7938,0.7557,0,60.0,6,6,"Lap H-2 nameplate census, player-relative ground offsets"
T01983,158,803.5,804.4,55,581.88,4.8898,4.6551,155.26,1.3047,1.2421,0,60.0,6,6,"Lap H-2 nameplate census, player-relative ground offsets"
T01984,158,803.5,805.75,128,937.42,7.8775,7.4994,328.61,2.7615,2.6289,1,60.0,6,6,"Lap H-2 nameplate census, player-relative ground offsets"
T01985,158,803.5333,805.7333,125,1077.08,9.0511,8.6167,452.51,3.8026,3.6201,1,60.0,6,6,"Lap H-2 nameplate census, player-relative ground offsets"
T01986,158,803.5833,803.9833,15,191.53,1.6095,1.5323,191.53,1.6095,1.5323,0,60.0,6,6,"Lap H-2 nameplate census, player-relative ground offsets"
T01987,158,803.5833,804.2,23,341.2,2.8672,2.7296,285.45,2.3987,2.2836,0,60.0,6,6,"Lap H-2 nameplate census, player-relative ground offsets"
T01988,158,803.6667,804.1833,24,320.24,2.6911,2.5619,305.15,2.5643,2.4412,0,60.0,6,6,"Lap H-2 nameplate census, player-relative ground offsets"
T01989,158,803.7167,803.8833,6,717.66,6.0307,5.7413,717.66,6.0307,5.7413,0,60.0,6,6,"Lap H-2 nameplate census, player-relative ground offsets"
T01990,158,803.7167,804.0333,10,536.86,4.5114,4.2949,523.7,4.4009,4.1896,0,60.0,6,6,"Lap H-2 nameplate census, player-relative ground offsets"
T01991,158,803.7333,803.8333,7,397.11,3.3371,3.1769,368.15,3.0937,2.9452,0,60.0,6,6,"Lap H-2 nameplate census, player-relative ground offsets"
T01992,158,803.7333,803.85,6,310.24,2.6071,2.482,285.34,2.3978,2.2827,0,60.0,6,6,"Lap H-2 nameplate census, player-relative ground offsets"
T01993,158,803.7333,803.9,9,348.71,2.9304,2.7897,348.71,2.9304,2.7897,0,60.0,6,6,"Lap H-2 nameplate census, player-relative ground offsets"
T01994,158,803.7333,803.9333,7,20.27,0.1703,0.1621,9.29,0.078,0.0743,0,60.0,6,6,"Lap H-2 nameplate census, player-relative ground offsets"
T01995,158,803.7333,804.15,12,385.12,3.2363,3.0809,356.58,2.9965,2.8526,0,60.0,6,6,"Lap H-2 nameplate census, player-relative ground offsets"
T01996,158,803.7333,804.5333,26,360.42,3.0288,2.8834,223.5,1.8781,1.788,0,60.0,6,6,"Lap H-2 nameplate census, player-relative ground offsets"
T01997,158,803.7333,806.8833,168,1052.59,8.8453,8.4207,1041.02,8.7481,8.3282,1,60.0,6,6,"Lap H-2 nameplate census, player-relative ground offsets"
T01998,158,803.7667,804.0833,10,333.58,2.8032,2.6686,319.59,2.6856,2.5567,0,60.0,6,6,"Lap H-2 nameplate census, player-relative ground offsets"
T01999,158,803.7667,804.15,15,278.69,2.3419,2.2295,216.47,1.8191,1.7318,0,60.0,6,6,"Lap H-2 nameplate census, player-relative ground offsets"
T02000,158,803.7833,804.4833,21,273.58,2.299,2.1886,214.16,1.7996,1.7132,0,60.0,6,6,"Lap H-2 nameplate census, player-relative ground offsets"
T02001,158,803.8167,804.15,11,165.57,1.3913,1.3246,128.47,1.0795,1.0277,0,60.0,6,6,"Lap H-2 nameplate census, player-relative ground offsets"
T02002,158,803.8167,804.25,9,251.1,2.1101,2.0088,248.07,2.0846,1.9845,0,60.0,6,6,"Lap H-2 nameplate census, player-relative ground offsets"
T02003,158,803.8167,804.2833,12,63.71,0.5354,0.5097,16.43,0.1381,0.1314,0,60.0,6,6,"Lap H-2 nameplate census, player-relative ground offsets"
T02004,158,803.85,804.1833,14,276.37,2.3224,2.2109,218.81,1.8388,1.7505,0,60.0,6,6,"Lap H-2 nameplate census, player-relative ground offsets"
T02005,158,803.9,804.1,7,338.66,2.8459,2.7093,338.66,2.8459,2.7093,0,60.0,6,6,"Lap H-2 nameplate census, player-relative ground offsets"
T02006,158,803.95,804.05,7,663.36,5.5745,5.3069,659.82,5.5447,5.2786,0,60.0,6,6,"Lap H-2 nameplate census, player-relative ground offsets"
T02007,158,803.95,804.25,9,48.53,0.4079,0.3883,24.81,0.2085,0.1985,0,60.0,6,6,"Lap H-2 nameplate census, player-relative ground offsets"
T02008,158,803.9667,804.4,13,191.05,1.6054,1.5284,191.05,1.6054,1.5284,0,60.0,6,6,"Lap H-2 nameplate census, player-relative ground offsets"
T02009,158,804.0167,804.4167,10,241.7,2.0311,1.9336,188.21,1.5816,1.5057,0,60.0,6,6,"Lap H-2 nameplate census, player-relative ground offsets"
T02010,158,804.0167,805.7333,96,1103.54,9.2735,8.8284,657.35,5.524,5.2588,1,60.0,6,6,"Lap H-2 nameplate census, player-relative ground offsets"
T02011,158,804.05,804.35,10,480.65,4.0391,3.8452,395.83,3.3263,3.1666,0,60.0,6,6,"Lap H-2 nameplate census, player-relative ground offsets"
T02012,158,804.05,804.4,21,320.68,2.6948,2.5655,66.24,0.5566,0.5299,0,60.0,6,6,"Lap H-2 nameplate census, player-relative ground offsets"
T02013,158,804.0667,804.1833,8,60.12,0.5053,0.481,60.12,0.5053,0.481,0,60.0,6,6,"Lap H-2 nameplate census, player-relative ground offsets"
T02014,158,804.0667,804.2333,8,347.52,2.9203,2.7802,303.48,2.5502,2.4278,0,60.0,6,6,"Lap H-2 nameplate census, player-relative ground offsets"
T02015,158,804.1,804.2,6,381.11,3.2026,3.0489,344.16,2.8921,2.7533,0,60.0,6,6,"Lap H-2 nameplate census, player-relative ground offsets"
T02016,158,804.1,804.4,11,133.17,1.1191,1.0654,117.39,0.9864,0.9391,0,60.0,6,6,"Lap H-2 nameplate census, player-relative ground offsets"
T02017,158,804.1,805.3,73,652.76,5.4853,5.222,110.36,0.9274,0.8829,0,60.0,6,6,"Lap H-2 nameplate census, player-relative ground offsets"
T02018,158,804.1,805.7333,91,1164.3,9.784,9.3144,739.55,6.2147,5.9164,1,60.0,6,6,"Lap H-2 nameplate census, player-relative ground offsets"
T02019,158,804.1333,804.3667,7,80.76,0.6786,0.6461,70.62,0.5934,0.5649,0,60.0,6,6,"Lap H-2 nameplate census, player-relative ground offsets"
T02020,158,804.2,804.35,7,138.6,1.1647,1.1088,138.6,1.1647,1.1088,0,60.0,6,6,"Lap H-2 nameplate census, player-relative ground offsets"
T02021,158,804.25,804.45,6,188.87,1.5871,1.5109,133.37,1.1208,1.067,0,60.0,6,6,"Lap H-2 nameplate census, player-relative ground offsets"
T02022,158,804.3167,804.55,6,234.12,1.9674,1.873,214.4,1.8017,1.7152,0,60.0,6,6,"Lap H-2 nameplate census, player-relative ground offsets"
T02023,158,804.4333,804.6167,7,101.1,0.8496,0.8088,98.32,0.8263,0.7866,0,60.0,6,6,"Lap H-2 nameplate census, player-relative ground offsets"
T02024,158,804.4667,804.6667,8,219.75,1.8466,1.758,219.75,1.8466,1.758,0,60.0,6,6,"Lap H-2 nameplate census, player-relative ground offsets"
T02025,158,805.15,805.2667,8,520.07,4.3703,4.1605,514.97,4.3275,4.1198,0,60.0,6,6,"Lap H-2 nameplate census, player-relative ground offsets"
T02026,158,805.1833,805.7333,17,45.0,0.3782,0.36,45.0,0.3782,0.36,0,60.0,6,6,"Lap H-2 nameplate census, player-relative ground offsets"
T02027,158,805.2,805.3333,9,672.29,5.6495,5.3783,672.29,5.6495,5.3783,0,60.0,6,6,"Lap H-2 nameplate census, player-relative ground offsets"
T02028,158,805.2,807.5833,133,356.42,2.9951,2.8514,124.28,1.0443,0.9942,0,60.0,6,6,"Lap H-2 nameplate census, player-relative ground offsets"
T02029,158,805.25,805.6833,12,13.04,0.1095,0.1043,13.04,0.1095,0.1043,0,60.0,6,6,"Lap H-2 nameplate census, player-relative ground offsets"
T02030,158,805.25,805.7,10,44.79,0.3764,0.3583,44.79,0.3764,0.3583,0,60.0,6,6,"Lap H-2 nameplate census, player-relative ground offsets"
T02031,158,805.2833,805.4833,13,557.48,4.6847,4.4599,461.33,3.8767,3.6906,0,60.0,6,6,"Lap H-2 nameplate census, player-relative ground offsets"
T02032,158,805.2833,806.7,64,555.12,4.6649,4.441,522.92,4.3942,4.1833,0,60.0,6,6,"Lap H-2 nameplate census, player-relative ground offsets"
T02033,158,805.3167,805.5833,9,136.85,1.15,1.0948,95.41,0.8018,0.7633,0,60.0,6,6,"Lap H-2 nameplate census, player-relative ground offsets"
T02034,158,805.3167,805.8,9,145.64,1.2239,1.1651,73.45,0.6172,0.5876,0,60.0,6,6,"Lap H-2 nameplate census, player-relative ground offsets"
T02035,158,805.3833,805.7333,8,582.95,4.8987,4.6636,501.98,4.2184,4.0159,0,60.0,6,6,"Lap H-2 nameplate census, player-relative ground offsets"
T02036,158,805.3833,805.7333,9,120.45,1.0122,0.9636,57.43,0.4826,0.4594,0,60.0,6,6,"Lap H-2 nameplate census, player-relative ground offsets"
T02037,158,805.4333,805.5833,7,151.46,1.2728,1.2117,151.46,1.2728,1.2117,0,60.0,6,6,"Lap H-2 nameplate census, player-relative ground offsets"
T02038,158,805.4833,806.0333,16,94.1,0.7908,0.7528,94.1,0.7908,0.7528,0,60.0,6,6,"Lap H-2 nameplate census, player-relative ground offsets"
T02039,158,805.5833,805.75,6,714.15,6.0012,5.7132,583.22,4.901,4.6657,0,60.0,6,6,"Lap H-2 nameplate census, player-relative ground offsets"
T02040,158,805.5833,805.9167,6,76.32,0.6414,0.6106,38.55,0.324,0.3084,0,60.0,6,6,"Lap H-2 nameplate census, player-relative ground offsets"
T02041,158,805.6833,805.8,6,417.92,3.512,3.3434,391.22,3.2875,3.1297,0,60.0,6,6,"Lap H-2 nameplate census, player-relative ground offsets"
T02042,158,805.7,807.2167,85,523.28,4.3973,4.1862,168.68,1.4175,1.3495,0,60.0,6,6,"Lap H-2 nameplate census, player-relative ground offsets"
T02043,158,805.7167,806.0333,11,231.69,1.947,1.8535,163.73,1.3758,1.3098,0,60.0,6,6,"Lap H-2 nameplate census, player-relative ground offsets"
T02044,158,805.7167,806.0667,10,201.49,1.6932,1.6119,184.09,1.547,1.4728,0,60.0,6,6,"Lap H-2 nameplate census, player-relative ground offsets"
T02045,158,805.7833,807.0833,79,567.25,4.7668,4.538,549.6,4.6185,4.3968,0,60.0,6,6,"Lap H-2 nameplate census, player-relative ground offsets"
T02046,158,805.8167,805.9333,6,523.48,4.399,4.1878,480.51,4.0379,3.8441,0,60.0,6,6,"Lap H-2 nameplate census, player-relative ground offsets"
T02047,158,805.8167,806.35,32,572.44,4.8104,4.5795,456.18,3.8334,3.6494,0,60.0,6,6,"Lap H-2 nameplate census, player-relative ground offsets"
T02048,158,805.8167,806.4167,13,352.8,2.9647,2.8224,352.8,2.9647,2.8224,0,60.0,6,6,"Lap H-2 nameplate census, player-relative ground offsets"
T02049,158,805.8167,806.55,45,413.12,3.4716,3.305,169.26,1.4223,1.354,0,60.0,6,6,"Lap H-2 nameplate census, player-relative ground offsets"
T02050,158,805.8333,806.4667,37,445.91,3.7472,3.5673,317.0,2.6639,2.536,0,60.0,6,6,"Lap H-2 nameplate census, player-relative ground offsets"
T02051,158,805.8333,807.0167,72,874.8,7.3513,6.9984,792.47,6.6594,6.3398,1,60.0,6,6,"Lap H-2 nameplate census, player-relative ground offsets"
T02052,158,805.8333,807.1667,72,500.49,4.2058,4.0039,290.22,2.4389,2.3218,0,60.0,6,6,"Lap H-2 nameplate census, player-relative ground offsets"
T02053,158,805.85,805.9333,6,528.3,4.4395,4.2264,526.24,4.4222,4.2099,0,60.0,6,6,"Lap H-2 nameplate census, player-relative ground offsets"
T02054,158,805.85,806.0667,10,538.71,4.527,4.3097,538.71,4.527,4.3097,0,60.0,6,6,"Lap H-2 nameplate census, player-relative ground offsets"
T02055,158,805.85,806.1,10,391.6,3.2907,3.1328,381.72,3.2078,3.0538,0,60.0,6,6,"Lap H-2 nameplate census, player-relative ground offsets"
T02056,158,805.85,806.15,9,473.05,3.9752,3.7844,451.45,3.7937,3.6116,0,60.0,6,6,"Lap H-2 nameplate census, player-relative ground offsets"
T02057,158,805.85,806.8167,59,523.04,4.3953,4.1843,359.65,3.0223,2.8772,0,60.0,6,6,"Lap H-2 nameplate census, player-relative ground offsets"
T02058,158,805.9,806.0167,8,93.16,0.7828,0.7453,92.32,0.7758,0.7385,0,60.0,6,6,"Lap H-2 nameplate census, player-relative ground offsets"
T02059,158,805.9333,806.25,8,498.73,4.191,3.9898,441.64,3.7113,3.5332,0,60.0,6,6,"Lap H-2 nameplate census, player-relative ground offsets"
T02060,158,805.9333,807.2833,76,75.24,0.6322,0.6019,75.15,0.6315,0.6012,0,60.0,6,6,"Lap H-2 nameplate census, player-relative ground offsets"
T02061,158,806.1167,806.2333,8,261.17,2.1947,2.0894,244.25,2.0525,1.954,0,60.0,6,6,"Lap H-2 nameplate census, player-relative ground offsets"
T02062,158,806.35,806.4667,8,307.88,2.5872,2.463,300.38,2.5242,2.403,0,60.0,6,6,"Lap H-2 nameplate census, player-relative ground offsets"
T02063,158,806.4667,807.0667,29,293.4,2.4656,2.3472,283.42,2.3817,2.2674,0,60.0,6,6,"Lap H-2 nameplate census, player-relative ground offsets"
T02064,158,806.5167,807.8167,74,261.97,2.2014,2.0958,124.2,1.0437,0.9936,0,60.0,6,6,"Lap H-2 nameplate census, player-relative ground offsets"
T02065,158,806.5667,806.7,7,352.98,2.9662,2.8238,320.74,2.6953,2.5659,0,60.0,6,6,"Lap H-2 nameplate census, player-relative ground offsets"
T02066,158,806.5833,807.5333,58,339.36,2.8518,2.7149,101.15,0.85,0.8092,0,60.0,6,6,"Lap H-2 nameplate census, player-relative ground offsets"
T02067,158,806.65,806.8167,8,324.33,2.7255,2.5947,310.32,2.6078,2.4826,0,60.0,6,6,"Lap H-2 nameplate census, player-relative ground offsets"
T02068,158,806.65,807.2167,16,267.85,2.2509,2.1428,231.38,1.9444,1.851,0,60.0,6,6,"Lap H-2 nameplate census, player-relative ground offsets"
T02069,158,806.8333,806.9333,7,484.11,4.0682,3.8729,476.73,4.0061,3.8138,0,60.0,6,6,"Lap H-2 nameplate census, player-relative ground offsets"
T02070,158,806.8333,807.35,23,230.89,1.9402,1.8471,196.29,1.6495,1.5704,0,60.0,6,6,"Lap H-2 nameplate census, player-relative ground offsets"
T02071,158,806.9,807.0667,9,456.5,3.8361,3.652,424.58,3.5679,3.3966,0,60.0,6,6,"Lap H-2 nameplate census, player-relative ground offsets"
T02072,158,806.9333,807.0667,6,116.52,0.9792,0.9322,106.68,0.8965,0.8535,0,60.0,6,6,"Lap H-2 nameplate census, player-relative ground offsets"
T02073,158,807.0,807.5167,32,304.82,2.5616,2.4386,100.88,0.8477,0.8071,0,60.0,6,6,"Lap H-2 nameplate census, player-relative ground offsets"
T02074,158,807.1,807.3333,8,207.67,1.7451,1.6613,202.22,1.6993,1.6178,0,60.0,6,6,"Lap H-2 nameplate census, player-relative ground offsets"
T02075,158,807.1333,807.3333,6,197.87,1.6628,1.583,183.32,1.5405,1.4666,0,60.0,6,6,"Lap H-2 nameplate census, player-relative ground offsets"
T02076,158,807.2333,807.5333,17,559.6,4.7026,4.4768,557.45,4.6845,4.4596,0,60.0,6,6,"Lap H-2 nameplate census, player-relative ground offsets"
T02077,158,807.35,807.8167,16,184.97,1.5543,1.4797,180.65,1.518,1.4452,0,60.0,6,6,"Lap H-2 nameplate census, player-relative ground offsets"
T02078,158,807.4,807.4833,6,209.46,1.7601,1.6756,204.06,1.7148,1.6324,0,60.0,6,6,"Lap H-2 nameplate census, player-relative ground offsets"
T02079,158,807.4333,807.5333,6,221.62,1.8624,1.773,221.62,1.8624,1.773,0,60.0,6,6,"Lap H-2 nameplate census, player-relative ground offsets"
T02080,158,807.45,807.5333,6,502.22,4.2204,4.0178,500.83,4.2087,4.0067,0,60.0,6,6,"Lap H-2 nameplate census, player-relative ground offsets"
T02081,158,807.45,807.5333,6,505.45,4.2474,4.0436,504.52,4.2397,4.0362,0,60.0,6,6,"Lap H-2 nameplate census, player-relative ground offsets"
T02082,158,807.5,807.8,8,164.17,1.3795,1.3133,164.17,1.3795,1.3133,0,60.0,6,6,"Lap H-2 nameplate census, player-relative ground offsets"
T02083,158,807.5,807.85,14,237.37,1.9947,1.899,193.19,1.6234,1.5455,0,60.0,6,6,"Lap H-2 nameplate census, player-relative ground offsets"
T02084,158,807.55,807.7667,12,588.72,4.9473,4.7098,581.13,4.8835,4.6491,0,60.0,6,6,"Lap H-2 nameplate census, player-relative ground offsets"
T02085,158,807.7167,807.95,6,60.87,0.5115,0.4869,60.87,0.5115,0.4869,0,60.0,6,6,"Lap H-2 nameplate census, player-relative ground offsets"
T02086,158,807.7667,808.25,27,328.85,2.7635,2.6308,177.29,1.4898,1.4183,0,60.0,6,6,"Lap H-2 nameplate census, player-relative ground offsets"
T02087,158,807.7667,808.35,30,1059.13,8.9003,8.4731,1059.13,8.9003,8.4731,1,60.0,6,6,"Lap H-2 nameplate census, player-relative ground offsets"
T02088,158,807.9667,809.1333,71,1057.38,8.8855,8.459,852.3,7.1622,6.8184,1,60.0,6,6,"Lap H-2 nameplate census, player-relative ground offsets"
T02089,158,807.9667,809.1333,71,1033.39,8.684,8.2671,788.32,6.6245,6.3065,1,60.0,6,6,"Lap H-2 nameplate census, player-relative ground offsets"
T02090,158,808.0333,809.85,110,623.51,5.2396,4.9881,96.48,0.8108,0.7719,0,60.0,6,6,"Lap H-2 nameplate census, player-relative ground offsets"
T02091,158,808.2333,808.5,12,209.5,1.7605,1.676,179.7,1.5101,1.4376,0,60.0,6,6,"Lap H-2 nameplate census, player-relative ground offsets"
T02092,158,808.4333,808.5667,6,208.72,1.7539,1.6698,208.72,1.7539,1.6698,0,60.0,6,6,"Lap H-2 nameplate census, player-relative ground offsets"
T02093,158,808.5833,808.7833,13,1058.85,8.8979,8.4708,1058.27,8.893,8.4662,1,60.0,6,6,"Lap H-2 nameplate census, player-relative ground offsets"
T02094,158,808.5833,808.8833,10,115.0,0.9664,0.92,93.82,0.7884,0.7506,0,60.0,6,6,"Lap H-2 nameplate census, player-relative ground offsets"
T02095,158,808.7333,808.9,7,224.06,1.8828,1.7925,224.06,1.8828,1.7925,0,60.0,6,6,"Lap H-2 nameplate census, player-relative ground offsets"
T02096,158,808.7333,809.0333,7,195.2,1.6404,1.5616,126.63,1.0641,1.013,0,60.0,6,6,"Lap H-2 nameplate census, player-relative ground offsets"
T02097,158,808.7667,808.8667,6,647.13,5.4381,5.177,647.13,5.4381,5.177,0,60.0,6,6,"Lap H-2 nameplate census, player-relative ground offsets"
T02098,158,808.7833,809.55,39,579.3,4.8681,4.6344,578.39,4.8604,4.6271,0,60.0,6,6,"Lap H-2 nameplate census, player-relative ground offsets"
T02099,158,808.9667,809.6667,43,573.96,4.8232,4.5916,573.03,4.8154,4.5843,0,60.0,6,6,"Lap H-2 nameplate census, player-relative ground offsets"
T02100,158,809.1,810.6333,93,849.16,7.1358,6.7933,179.26,1.5064,1.4341,1,60.0,6,6,"Lap H-2 nameplate census, player-relative ground offsets"
T02101,158,809.25,810.8167,90,1059.13,8.9003,8.4731,1048.49,8.8108,8.3879,1,60.0,6,6,"Lap H-2 nameplate census, player-relative ground offsets"
T02102,158,809.3167,810.1,21,110.48,0.9284,0.8838,29.34,0.2465,0.2347,0,60.0,6,6,"Lap H-2 nameplate census, player-relative ground offsets"
T02103,158,809.4,809.5167,8,541.07,4.5468,4.3286,538.57,4.5258,4.3085,0,60.0,6,6,"Lap H-2 nameplate census, player-relative ground offsets"
T02104,158,809.4333,809.6333,12,549.58,4.6183,4.3967,549.58,4.6183,4.3967,0,60.0,6,6,"Lap H-2 nameplate census, player-relative ground offsets"
T02105,158,809.65,809.75,7,1086.56,9.1307,8.6925,1065.57,8.9544,8.5246,1,60.0,6,6,"Lap H-2 nameplate census, player-relative ground offsets"
T02106,158,809.7333,811.5833,103,517.98,4.3527,4.1438,202.84,1.7046,1.6227,0,60.0,6,6,"Lap H-2 nameplate census, player-relative ground offsets"
T02107,158,809.8,810.0833,9,74.72,0.6279,0.5978,64.26,0.54,0.5141,0,60.0,6,6,"Lap H-2 nameplate census, player-relative ground offsets"
T02108,158,809.8667,809.9667,6,135.36,1.1375,1.0829,117.7,0.9891,0.9416,0,60.0,6,6,"Lap H-2 nameplate census, player-relative ground offsets"
T02109,158,809.9,810.0667,7,123.94,1.0415,0.9915,116.43,0.9784,0.9315,0,60.0,6,6,"Lap H-2 nameplate census, player-relative ground offsets"
T02110,158,809.9667,810.1167,6,130.23,1.0943,1.0418,130.23,1.0943,1.0418,0,60.0,6,6,"Lap H-2 nameplate census, player-relative ground offsets"
T02111,158,810.0,810.35,6,215.16,1.808,1.7213,215.16,1.808,1.7213,0,60.0,6,6,"Lap H-2 nameplate census, player-relative ground offsets"
T02112,158,810.0833,810.3667,10,165.66,1.3921,1.3253,165.66,1.3921,1.3253,0,60.0,6,6,"Lap H-2 nameplate census, player-relative ground offsets"
T02113,158,810.5667,810.75,6,247.88,2.0831,1.9831,205.21,1.7245,1.6417,0,60.0,6,6,"Lap H-2 nameplate census, player-relative ground offsets"
T02114,158,810.7167,810.8833,7,35.61,0.2992,0.2849,34.71,0.2917,0.2777,0,60.0,6,6,"Lap H-2 nameplate census, player-relative ground offsets"
T02115,158,810.8667,811.1333,6,24.45,0.2054,0.1956,24.45,0.2054,0.1956,0,60.0,6,6,"Lap H-2 nameplate census, player-relative ground offsets"
T02116,158,810.8667,811.2333,6,32.42,0.2725,0.2594,15.2,0.1277,0.1216,0,60.0,6,6,"Lap H-2 nameplate census, player-relative ground offsets"
T02117,158,810.8833,811.1667,7,124.26,1.0442,0.9941,69.76,0.5862,0.558,0,60.0,6,6,"Lap H-2 nameplate census, player-relative ground offsets"
T02118,158,810.9,811.9667,65,452.69,3.8041,3.6215,450.85,3.7887,3.6068,0,60.0,6,6,"Lap H-2 nameplate census, player-relative ground offsets"
T02119,158,810.9667,811.1333,6,124.31,1.0446,0.9945,118.37,0.9947,0.9469,0,60.0,6,6,"Lap H-2 nameplate census, player-relative ground offsets"
T02120,158,811.1333,811.3167,10,207.4,1.7429,1.6592,191.58,1.6099,1.5327,0,60.0,6,6,"Lap H-2 nameplate census, player-relative ground offsets"
T02121,158,811.15,811.3167,6,182.3,1.5319,1.4584,148.65,1.2492,1.1892,0,60.0,6,6,"Lap H-2 nameplate census, player-relative ground offsets"
T02122,158,811.3667,811.4667,7,84.54,0.7104,0.6763,80.54,0.6768,0.6443,0,60.0,6,6,"Lap H-2 nameplate census, player-relative ground offsets"
T02123,158,811.4833,811.6667,6,167.21,1.4051,1.3377,164.92,1.3859,1.3194,0,60.0,6,6,"Lap H-2 nameplate census, player-relative ground offsets"
T02124,158,811.4833,811.8667,10,138.22,1.1615,1.1058,138.22,1.1615,1.1058,0,60.0,6,6,"Lap H-2 nameplate census, player-relative ground offsets"
T02125,158,811.7167,812.3833,37,1057.98,8.8906,8.4639,1057.98,8.8906,8.4639,1,60.0,6,6,"Lap H-2 nameplate census, player-relative ground offsets"
T02126,158,811.8833,811.9667,6,88.02,0.7397,0.7042,84.01,0.7059,0.672,0,60.0,6,6,"Lap H-2 nameplate census, player-relative ground offsets"
T02127,158,811.9167,812.1667,10,131.56,1.1055,1.0525,131.53,1.1053,1.0523,0,60.0,6,6,"Lap H-2 nameplate census, player-relative ground offsets"
T02128,158,812.0667,812.3333,9,152.0,1.2773,1.216,137.24,1.1533,1.0979,0,60.0,6,6,"Lap H-2 nameplate census, player-relative ground offsets"
T02129,159,813.2333,814.8333,97,1058.85,8.8979,8.4708,1044.01,8.7732,8.352,1,60.0,6,6,"Lap H-2 nameplate census, player-relative ground offsets"
T02130,159,813.65,813.85,8,37.18,0.3125,0.2975,8.62,0.0724,0.0689,0,60.0,6,6,"Lap H-2 nameplate census, player-relative ground offsets"
T02131,159,814.5833,819.5167,281,1097.25,9.2205,8.778,82.78,0.6957,0.6623,1,60.0,6,6,"Lap H-2 nameplate census, player-relative ground offsets"
T02132,159,814.7167,815.3833,39,1371.83,11.5279,10.9746,882.14,7.4129,7.0571,1,60.0,6,6,"Lap H-2 nameplate census, player-relative ground offsets"
T02133,159,815.1833,815.3,8,299.11,2.5136,2.3929,299.11,2.5136,2.3929,0,60.0,6,6,"Lap H-2 nameplate census, player-relative ground offsets"
T02134,159,815.1833,815.35,11,675.51,5.6766,5.4041,675.51,5.6766,5.4041,0,60.0,6,6,"Lap H-2 nameplate census, player-relative ground offsets"
T02135,159,815.1833,815.6833,26,668.77,5.6199,5.3502,664.81,5.5866,5.3185,0,60.0,6,6,"Lap H-2 nameplate census, player-relative ground offsets"
T02136,159,815.2167,815.3833,10,675.13,5.6734,5.401,670.32,5.633,5.3626,0,60.0,6,6,"Lap H-2 nameplate census, player-relative ground offsets"
T02137,159,815.3333,816.8,89,1199.37,10.0788,9.595,483.72,4.0649,3.8698,1,60.0,6,6,"Lap H-2 nameplate census, player-relative ground offsets"
T02138,159,815.3833,820.3167,295,868.59,7.299,6.9487,121.44,1.0205,0.9715,1,60.0,6,6,"Lap H-2 nameplate census, player-relative ground offsets"
T02139,159,815.4333,815.7167,10,255.7,2.1488,2.0456,225.68,1.8965,1.8055,0,60.0,6,6,"Lap H-2 nameplate census, player-relative ground offsets"
T02140,159,815.65,816.1167,25,1066.84,8.9651,8.5347,1052.0,8.8404,8.416,1,60.0,6,6,"Lap H-2 nameplate census, player-relative ground offsets"
T02141,159,816.1667,816.2833,7,198.74,1.6701,1.59,198.74,1.6701,1.59,0,60.0,6,6,"Lap H-2 nameplate census, player-relative ground offsets"
T02142,159,816.2167,816.4833,9,185.48,1.5587,1.4839,185.48,1.5587,1.4839,0,60.0,6,6,"Lap H-2 nameplate census, player-relative ground offsets"
T02143,159,816.2167,816.85,23,241.19,2.0268,1.9295,192.39,1.6167,1.5391,0,60.0,6,6,"Lap H-2 nameplate census, player-relative ground offsets"
T02144,159,816.2833,816.5167,9,267.29,2.2461,2.1383,241.62,2.0304,1.9329,0,60.0,6,6,"Lap H-2 nameplate census, player-relative ground offsets"
T02145,159,816.3333,818.3833,122,1131.16,9.5055,9.0493,309.23,2.5986,2.4738,1,60.0,6,6,"Lap H-2 nameplate census, player-relative ground offsets"
T02146,159,816.3833,817.6,69,1098.02,9.2271,8.7842,909.66,7.6442,7.2773,1,60.0,6,6,"Lap H-2 nameplate census, player-relative ground offsets"
T02147,159,816.4667,816.6833,14,610.61,5.1312,4.8849,606.76,5.0988,4.8541,0,60.0,6,6,"Lap H-2 nameplate census, player-relative ground offsets"
T02148,159,816.5,817.2667,35,443.63,3.728,3.549,440.35,3.7004,3.5228,0,60.0,6,6,"Lap H-2 nameplate census, player-relative ground offsets"
T02149,159,816.5333,816.85,20,456.48,3.836,3.6518,452.87,3.8056,3.623,0,60.0,6,6,"Lap H-2 nameplate census, player-relative ground offsets"
T02150,159,816.6167,816.9833,22,375.73,3.1574,3.0058,375.27,3.1536,3.0022,0,60.0,6,6,"Lap H-2 nameplate census, player-relative ground offsets"
T02151,159,816.6833,816.8833,8,267.29,2.2461,2.1383,263.0,2.21,2.104,0,60.0,6,6,"Lap H-2 nameplate census, player-relative ground offsets"
T02152,159,816.7667,816.9667,9,670.47,5.6342,5.3637,668.58,5.6183,5.3486,0,60.0,6,6,"Lap H-2 nameplate census, player-relative ground offsets"
T02153,159,816.9833,817.2667,17,459.68,3.8629,3.6775,453.25,3.8088,3.626,0,60.0,6,6,"Lap H-2 nameplate census, player-relative ground offsets"
T02154,159,816.9833,818.75,107,1057.98,8.8906,8.4639,1043.99,8.773,8.3519,1,60.0,6,6,"Lap H-2 nameplate census, player-relative ground offsets"
T02155,159,817.1667,817.2667,7,377.88,3.1755,3.0231,368.43,3.096,2.9474,0,60.0,6,6,"Lap H-2 nameplate census, player-relative ground offsets"
T02156,159,817.3,817.4667,6,423.16,3.556,3.3853,362.21,3.0438,2.8977,0,60.0,6,6,"Lap H-2 nameplate census, player-relative ground offsets"
T02157,159,817.6167,817.9333,17,154.17,1.2955,1.2334,154.17,1.2955,1.2334,0,60.0,6,6,"Lap H-2 nameplate census, player-relative ground offsets"
T02158,159,817.8,818.0833,10,225.47,1.8947,1.8037,223.24,1.876,1.7859,0,60.0,6,6,"Lap H-2 nameplate census, player-relative ground offsets"
T02159,159,817.8833,818.1167,8,203.33,1.7087,1.6267,203.33,1.7087,1.6267,0,60.0,6,6,"Lap H-2 nameplate census, player-relative ground offsets"
T02160,159,817.9,818.0833,11,194.43,1.6338,1.5554,194.03,1.6305,1.5522,0,60.0,6,6,"Lap H-2 nameplate census, player-relative ground offsets"
T02161,159,817.95,818.1833,12,276.95,2.3273,2.2156,274.99,2.3108,2.1999,0,60.0,6,6,"Lap H-2 nameplate census, player-relative ground offsets"
T02162,159,818.1167,818.2167,6,130.36,1.0955,1.0429,129.39,1.0873,1.0352,0,60.0,6,6,"Lap H-2 nameplate census, player-relative ground offsets"
T02163,159,818.1167,818.3333,6,172.76,1.4518,1.3821,153.06,1.2862,1.2245,0,60.0,6,6,"Lap H-2 nameplate census, player-relative ground offsets"
T02164,159,818.1167,818.8667,22,235.78,1.9813,1.8862,225.89,1.8983,1.8071,0,60.0,6,6,"Lap H-2 nameplate census, player-relative ground offsets"
T02165,159,818.2833,818.6333,7,233.2,1.9596,1.8656,204.26,1.7165,1.6341,0,60.0,6,6,"Lap H-2 nameplate census, player-relative ground offsets"
T02166,159,818.2833,818.6833,14,200.37,1.6837,1.6029,198.84,1.6709,1.5907,0,60.0,6,6,"Lap H-2 nameplate census, player-relative ground offsets"
T02167,159,818.35,818.55,7,53.08,0.446,0.4246,53.08,0.446,0.4246,0,60.0,6,6,"Lap H-2 nameplate census, player-relative ground offsets"
T02168,159,818.5,819.2167,42,652.49,5.4831,5.2199,554.66,4.661,4.4373,0,60.0,6,6,"Lap H-2 nameplate census, player-relative ground offsets"
T02169,159,818.55,818.7167,6,171.94,1.4448,1.3755,171.94,1.4448,1.3755,0,60.0,6,6,"Lap H-2 nameplate census, player-relative ground offsets"
T02170,159,818.6667,818.8333,10,240.76,2.0232,1.926,240.76,2.0232,1.926,0,60.0,6,6,"Lap H-2 nameplate census, player-relative ground offsets"
T02171,159,818.6667,818.9833,16,524.21,4.4051,4.1937,499.07,4.1939,3.9926,0,60.0,6,6,"Lap H-2 nameplate census, player-relative ground offsets"
T02172,159,818.7,818.8333,7,172.82,1.4523,1.3826,172.82,1.4523,1.3826,0,60.0,6,6,"Lap H-2 nameplate census, player-relative ground offsets"
T02173,159,818.7,818.9833,18,510.11,4.2867,4.0809,481.95,4.05,3.8556,0,60.0,6,6,"Lap H-2 nameplate census, player-relative ground offsets"
T02174,159,818.7333,818.8667,9,347.27,2.9182,2.7782,328.58,2.7612,2.6286,0,60.0,6,6,"Lap H-2 nameplate census, player-relative ground offsets"
T02175,159,818.7833,818.9667,12,506.6,4.2571,4.0528,485.9,4.0832,3.8872,0,60.0,6,6,"Lap H-2 nameplate census, player-relative ground offsets"
T02176,159,818.7833,818.9667,6,67.71,0.569,0.5417,55.79,0.4688,0.4463,0,60.0,6,6,"Lap H-2 nameplate census, player-relative ground offsets"
T02177,159,818.7833,819.1,18,39.42,0.3313,0.3154,22.51,0.1891,0.1801,0,60.0,6,6,"Lap H-2 nameplate census, player-relative ground offsets"
T02178,159,818.7833,819.1667,11,82.57,0.6939,0.6606,82.57,0.6939,0.6606,0,60.0,6,6,"Lap H-2 nameplate census, player-relative ground offsets"
T02179,159,818.8,818.9333,9,25.51,0.2143,0.204,25.51,0.2143,0.204,0,60.0,6,6,"Lap H-2 nameplate census, player-relative ground offsets"
T02180,159,818.8,819.9833,72,229.09,1.9251,1.8327,193.57,1.6266,1.5485,0,60.0,6,6,"Lap H-2 nameplate census, player-relative ground offsets"
T02181,159,818.8333,819.1667,16,85.13,0.7154,0.681,68.79,0.5781,0.5503,0,60.0,6,6,"Lap H-2 nameplate census, player-relative ground offsets"
T02182,159,818.8833,819.1,7,521.08,4.3788,4.1686,512.27,4.3048,4.0982,0,60.0,6,6,"Lap H-2 nameplate census, player-relative ground offsets"
T02183,159,818.95,819.05,6,10.29,0.0865,0.0823,7.71,0.0648,0.0617,0,60.0,6,6,"Lap H-2 nameplate census, player-relative ground offsets"
T02184,159,818.95,819.2333,6,349.76,2.9391,2.7981,314.7,2.6446,2.5176,0,60.0,6,6,"Lap H-2 nameplate census, player-relative ground offsets"
T02185,159,819.0,819.3333,21,678.85,5.7046,5.4308,659.88,5.5452,5.2791,0,60.0,6,6,"Lap H-2 nameplate census, player-relative ground offsets"
T02186,159,819.05,819.5167,19,247.26,2.0778,1.9781,216.95,1.8231,1.7356,0,60.0,6,6,"Lap H-2 nameplate census, player-relative ground offsets"
T02187,159,819.0833,819.7,38,579.3,4.8681,4.6344,564.1,4.7403,4.5128,0,60.0,6,6,"Lap H-2 nameplate census, player-relative ground offsets"
T02188,159,819.1333,819.7,26,672.26,5.6492,5.378,653.63,5.4927,5.2291,0,60.0,6,6,"Lap H-2 nameplate census, player-relative ground offsets"
T02189,159,819.2,819.7,31,664.05,5.5803,5.3124,656.18,5.5141,5.2494,0,60.0,6,6,"Lap H-2 nameplate census, player-relative ground offsets"
T02190,159,819.2333,819.35,8,296.75,2.4937,2.374,243.5,2.0462,1.948,0,60.0,6,6,"Lap H-2 nameplate census, player-relative ground offsets"
T02191,159,819.25,819.3667,8,256.09,2.152,2.0488,244.85,2.0576,1.9588,0,60.0,6,6,"Lap H-2 nameplate census, player-relative ground offsets"
T02192,159,819.2667,819.7,24,430.17,3.6149,3.4414,430.17,3.6149,3.4414,0,60.0,6,6,"Lap H-2 nameplate census, player-relative ground offsets"
T02193,159,819.3167,819.4667,10,123.5,1.0378,0.988,114.78,0.9645,0.9182,0,60.0,6,6,"Lap H-2 nameplate census, player-relative ground offsets"
T02194,159,819.4667,819.9667,19,133.24,1.1197,1.0659,122.52,1.0296,0.9802,0,60.0,6,6,"Lap H-2 nameplate census, player-relative ground offsets"
T02195,159,819.5,819.6833,7,138.59,1.1646,1.1087,138.59,1.1646,1.1087,0,60.0,6,6,"Lap H-2 nameplate census, player-relative ground offsets"
T02196,159,819.5333,819.7,7,669.94,5.6298,5.3595,667.06,5.6055,5.3365,0,60.0,6,6,"Lap H-2 nameplate census, player-relative ground offsets"
T02197,159,819.5333,819.8667,12,73.92,0.6212,0.5914,73.92,0.6212,0.5914,0,60.0,6,6,"Lap H-2 nameplate census, player-relative ground offsets"
T02198,159,819.6,819.9667,12,291.12,2.4464,2.3289,280.69,2.3587,2.2455,0,60.0,6,6,"Lap H-2 nameplate census, player-relative ground offsets"
T02199,159,819.7333,819.9333,6,402.56,3.3828,3.2204,402.56,3.3828,3.2204,0,60.0,6,6,"Lap H-2 nameplate census, player-relative ground offsets"
T02200,159,819.7833,820.25,12,287.48,2.4158,2.2998,260.86,2.1921,2.0869,0,60.0,6,6,"Lap H-2 nameplate census, player-relative ground offsets"
T02201,159,819.7833,820.3167,14,112.68,0.9469,0.9014,111.23,0.9347,0.8898,0,60.0,6,6,"Lap H-2 nameplate census, player-relative ground offsets"
T02202,159,819.8667,820.0,8,73.53,0.6179,0.5882,68.51,0.5758,0.5481,0,60.0,6,6,"Lap H-2 nameplate census, player-relative ground offsets"
T02203,159,819.9167,820.8,48,1057.42,8.8858,8.4593,1042.51,8.7606,8.3401,1,60.0,6,6,"Lap H-2 nameplate census, player-relative ground offsets"
T02204,159,819.9333,820.0333,6,208.43,1.7515,1.6675,208.43,1.7515,1.6675,0,60.0,6,6,"Lap H-2 nameplate census, player-relative ground offsets"
T02205,159,819.9333,820.0667,8,274.08,2.3032,2.1926,243.04,2.0423,1.9443,0,60.0,6,6,"Lap H-2 nameplate census, player-relative ground offsets"
T02206,159,819.95,820.0833,9,668.12,5.6144,5.3449,668.12,5.6144,5.3449,0,60.0,6,6,"Lap H-2 nameplate census, player-relative ground offsets"
T02207,159,819.95,820.2667,17,668.8,5.6201,5.3504,668.8,5.6201,5.3504,0,60.0,6,6,"Lap H-2 nameplate census, player-relative ground offsets"
T02208,159,819.95,820.7833,48,573.89,4.8226,4.5911,558.09,4.6899,4.4647,0,60.0,6,6,"Lap H-2 nameplate census, player-relative ground offsets"
T02209,159,819.95,820.7833,49,576.72,4.8464,4.6138,561.96,4.7224,4.4957,0,60.0,6,6,"Lap H-2 nameplate census, player-relative ground offsets"
T02210,159,819.9833,820.1833,9,20.87,0.1754,0.167,12.28,0.1032,0.0982,0,60.0,6,6,"Lap H-2 nameplate census, player-relative ground offsets"
T02211,159,819.9833,820.5667,31,573.96,4.8232,4.5916,558.66,4.6946,4.4693,0,60.0,6,6,"Lap H-2 nameplate census, player-relative ground offsets"
T02212,159,820.1,820.4167,8,15.19,0.1276,0.1215,15.19,0.1276,0.1215,0,60.0,6,6,"Lap H-2 nameplate census, player-relative ground offsets"
T02213,159,820.1167,820.2667,10,573.89,4.8226,4.5911,571.03,4.7986,4.5683,0,60.0,6,6,"Lap H-2 nameplate census, player-relative ground offsets"
T02214,159,820.1167,820.3,12,430.55,3.6181,3.4444,309.05,2.5971,2.4724,0,60.0,6,6,"Lap H-2 nameplate census, player-relative ground offsets"
T02215,159,820.1667,820.3833,14,558.66,4.6946,4.4692,550.66,4.6274,4.4053,0,60.0,6,6,"Lap H-2 nameplate census, player-relative ground offsets"
T02216,159,820.2667,826.05,334,693.88,5.8309,5.551,292.23,2.4558,2.3379,0,60.0,6,6,"Lap H-2 nameplate census, player-relative ground offsets"
T02217,159,820.35,820.5,6,764.1,6.421,6.1128,764.1,6.421,6.1128,1,60.0,6,6,"Lap H-2 nameplate census, player-relative ground offsets"
T02218,159,820.3667,820.7833,25,518.01,4.353,4.1441,518.01,4.353,4.1441,0,60.0,6,6,"Lap H-2 nameplate census, player-relative ground offsets"
T02219,159,820.4,820.9833,36,274.64,2.3079,2.1971,92.4,0.7765,0.7392,0,60.0,6,6,"Lap H-2 nameplate census, player-relative ground offsets"
T02220,159,820.4333,821.1667,45,853.61,7.1732,6.8289,406.95,3.4198,3.2556,1,60.0,6,6,"Lap H-2 nameplate census, player-relative ground offsets"
T02221,159,820.4333,821.3333,52,706.74,5.939,5.6539,562.79,4.7293,4.5023,0,60.0,6,6,"Lap H-2 nameplate census, player-relative ground offsets"
T02222,159,820.55,822.0,41,94.04,0.7903,0.7523,21.16,0.1778,0.1693,0,60.0,6,6,"Lap H-2 nameplate census, player-relative ground offsets"
T02223,159,820.6,820.7833,12,658.25,5.5315,5.266,658.25,5.5315,5.266,0,60.0,6,6,"Lap H-2 nameplate census, player-relative ground offsets"
T02224,159,820.75,820.9,9,1006.89,8.4613,8.0551,985.52,8.2817,7.8842,1,60.0,6,6,"Lap H-2 nameplate census, player-relative ground offsets"
T02225,159,820.8,821.5,14,16.4,0.1378,0.1312,16.4,0.1378,0.1312,0,60.0,6,6,"Lap H-2 nameplate census, player-relative ground offsets"
T02226,159,820.8833,821.0833,13,437.41,3.6757,3.4993,433.7,3.6445,3.4696,0,60.0,6,6,"Lap H-2 nameplate census, player-relative ground offsets"
T02227,159,820.8833,821.0833,11,440.85,3.7046,3.5268,436.49,3.668,3.4919,0,60.0,6,6,"Lap H-2 nameplate census, player-relative ground offsets"
T02228,159,820.9333,822.0667,61,1073.12,9.0178,8.585,1051.78,8.8384,8.4142,1,60.0,6,6,"Lap H-2 nameplate census, player-relative ground offsets"
T02229,159,820.95,821.0833,9,567.41,4.7681,4.5393,562.88,4.7301,4.5031,0,60.0,6,6,"Lap H-2 nameplate census, player-relative ground offsets"
T02230,159,820.95,822.1667,52,181.43,1.5246,1.4515,128.81,1.0824,1.0304,0,60.0,6,6,"Lap H-2 nameplate census, player-relative ground offsets"
T02231,159,821.0,821.6,20,135.97,1.1426,1.0878,126.17,1.0603,1.0094,0,60.0,6,6,"Lap H-2 nameplate census, player-relative ground offsets"
T02232,159,821.05,821.5333,19,66.56,0.5593,0.5325,66.56,0.5593,0.5325,0,60.0,6,6,"Lap H-2 nameplate census, player-relative ground offsets"
T02233,159,821.1333,821.3333,10,122.72,1.0313,0.9818,58.03,0.4876,0.4642,0,60.0,6,6,"Lap H-2 nameplate census, player-relative ground offsets"
T02234,159,821.1333,821.3333,10,221.98,1.8654,1.7759,168.26,1.4139,1.3461,0,60.0,6,6,"Lap H-2 nameplate census, player-relative ground offsets"
T02235,159,821.1333,821.3333,10,324.6,2.7277,2.5968,241.88,2.0326,1.935,0,60.0,6,6,"Lap H-2 nameplate census, player-relative ground offsets"
T02236,159,821.1333,821.55,12,206.1,1.732,1.6488,129.28,1.0864,1.0342,0,60.0,6,6,"Lap H-2 nameplate census, player-relative ground offsets"
T02237,159,821.1333,821.7167,19,288.29,2.4226,2.3063,222.37,1.8687,1.779,0,60.0,6,6,"Lap H-2 nameplate census, player-relative ground offsets"
T02238,159,821.1333,821.7167,20,431.59,3.6268,3.4527,335.32,2.8178,2.6825,0,60.0,6,6,"Lap H-2 nameplate census, player-relative ground offsets"
T02239,159,821.1333,821.9167,34,266.32,2.238,2.1306,143.74,1.2079,1.1499,0,60.0,6,6,"Lap H-2 nameplate census, player-relative ground offsets"
T02240,159,821.1333,822.3,41,415.29,3.4898,3.3223,249.36,2.0955,1.9949,0,60.0,6,6,"Lap H-2 nameplate census, player-relative ground offsets"
T02241,159,821.2333,821.6833,18,342.57,2.8787,2.7405,182.06,1.5299,1.4565,0,60.0,6,6,"Lap H-2 nameplate census, player-relative ground offsets"
T02242,159,821.2333,821.9667,22,100.54,0.8448,0.8043,69.36,0.5829,0.5549,0,60.0,6,6,"Lap H-2 nameplate census, player-relative ground offsets"
T02243,159,821.2833,821.6,12,123.5,1.0378,0.988,79.46,0.6677,0.6357,0,60.0,6,6,"Lap H-2 nameplate census, player-relative ground offsets"
T02244,159,821.2833,821.8167,9,209.42,1.7598,1.6754,165.59,1.3915,1.3247,0,60.0,6,6,"Lap H-2 nameplate census, player-relative ground offsets"
T02245,159,821.2833,825.1667,175,38.77,0.3258,0.3101,5.59,0.0469,0.0447,0,60.0,6,6,"Lap H-2 nameplate census, player-relative ground offsets"
T02246,159,821.3,821.5833,8,383.86,3.2257,3.0708,383.86,3.2257,3.0708,0,60.0,6,6,"Lap H-2 nameplate census, player-relative ground offsets"
T02247,159,821.4,821.6,8,275.31,2.3135,2.2024,275.31,2.3135,2.2024,0,60.0,6,6,"Lap H-2 nameplate census, player-relative ground offsets"
T02248,159,821.4,821.6,13,189.48,1.5923,1.5159,166.42,1.3985,1.3314,0,60.0,6,6,"Lap H-2 nameplate census, player-relative ground offsets"
T02249,159,821.4,821.7167,12,78.69,0.6612,0.6295,67.59,0.568,0.5407,0,60.0,6,6,"Lap H-2 nameplate census, player-relative ground offsets"
T02250,159,821.4,821.95,15,107.34,0.9021,0.8588,85.37,0.7174,0.6829,0,60.0,6,6,"Lap H-2 nameplate census, player-relative ground offsets"
T02251,159,821.4,822.5833,66,501.84,4.2172,4.0147,150.86,1.2677,1.2069,0,60.0,6,6,"Lap H-2 nameplate census, player-relative ground offsets"
T02252,159,821.4,823.0333,67,324.88,2.7301,2.5991,306.88,2.5788,2.455,0,60.0,6,6,"Lap H-2 nameplate census, player-relative ground offsets"
T02253,159,821.4333,821.7167,16,314.42,2.6422,2.5154,308.45,2.592,2.4676,0,60.0,6,6,"Lap H-2 nameplate census, player-relative ground offsets"
T02254,159,821.4333,821.8,12,264.52,2.2229,2.1162,183.35,1.5408,1.4668,0,60.0,6,6,"Lap H-2 nameplate census, player-relative ground offsets"
T02255,159,821.4333,822.7167,62,259.39,2.1797,2.0751,216.04,1.8155,1.7283,0,60.0,6,6,"Lap H-2 nameplate census, player-relative ground offsets"
T02256,159,821.4667,821.7667,9,281.38,2.3646,2.2511,281.38,2.3646,2.2511,0,60.0,6,6,"Lap H-2 nameplate census, player-relative ground offsets"
T02257,159,821.5,821.7167,7,231.77,1.9476,1.8542,231.77,1.9476,1.8542,0,60.0,6,6,"Lap H-2 nameplate census, player-relative ground offsets"
T02258,159,821.5,821.7167,7,328.62,2.7615,2.6289,290.52,2.4414,2.3242,0,60.0,6,6,"Lap H-2 nameplate census, player-relative ground offsets"
T02259,159,821.5,821.8,9,269.8,2.2672,2.1584,259.94,2.1843,2.0795,0,60.0,6,6,"Lap H-2 nameplate census, player-relative ground offsets"
T02260,159,821.5,821.9167,19,121.64,1.0222,0.9731,103.85,0.8727,0.8308,0,60.0,6,6,"Lap H-2 nameplate census, player-relative ground offsets"
T02261,159,821.5167,821.8167,11,347.98,2.9242,2.7838,347.05,2.9164,2.7764,0,60.0,6,6,"Lap H-2 nameplate census, player-relative ground offsets"
T02262,159,821.55,821.8833,12,129.79,1.0907,1.0383,117.34,0.9861,0.9388,0,60.0,6,6,"Lap H-2 nameplate census, player-relative ground offsets"
T02263,159,821.5667,821.7333,8,226.34,1.902,1.8107,226.34,1.902,1.8107,0,60.0,6,6,"Lap H-2 nameplate census, player-relative ground offsets"
T02264,159,821.5667,821.8,7,342.36,2.877,2.7389,333.33,2.8011,2.6666,0,60.0,6,6,"Lap H-2 nameplate census, player-relative ground offsets"
T02265,159,821.5667,821.95,17,211.64,1.7785,1.6932,206.05,1.7315,1.6484,0,60.0,6,6,"Lap H-2 nameplate census, player-relative ground offsets"
T02266,159,821.5667,822.7167,65,29.51,0.248,0.2361,26.62,0.2237,0.213,0,60.0,6,6,"Lap H-2 nameplate census, player-relative ground offsets"
T02267,159,821.6,821.85,8,86.55,0.7273,0.6924,86.55,0.7273,0.6924,0,60.0,6,6,"Lap H-2 nameplate census, player-relative ground offsets"
T02268,159,821.6167,821.9333,8,322.93,2.7137,2.5834,322.93,2.7137,2.5834,0,60.0,6,6,"Lap H-2 nameplate census, player-relative ground offsets"
T02269,159,821.6333,821.7667,7,53.39,0.4487,0.4271,49.5,0.416,0.396,0,60.0,6,6,"Lap H-2 nameplate census, player-relative ground offsets"
T02270,159,821.6333,821.8667,8,86.85,0.7298,0.6948,72.68,0.6108,0.5814,0,60.0,6,6,"Lap H-2 nameplate census, player-relative ground offsets"
T02271,159,821.6333,822.0,20,312.36,2.6249,2.4989,299.84,2.5197,2.3987,0,60.0,6,6,"Lap H-2 nameplate census, player-relative ground offsets"
T02272,159,821.7,821.8167,6,367.92,3.0918,2.9434,367.92,3.0918,2.9434,0,60.0,6,6,"Lap H-2 nameplate census, player-relative ground offsets"
T02273,159,821.7333,822.2167,11,39.84,0.3348,0.3187,26.09,0.2193,0.2088,0,60.0,6,6,"Lap H-2 nameplate census, player-relative ground offsets"
T02274,159,821.7333,822.5333,31,40.64,0.3415,0.3251,40.64,0.3415,0.3251,0,60.0,6,6,"Lap H-2 nameplate census, player-relative ground offsets"
T02275,159,821.75,821.9667,11,275.61,2.316,2.2049,264.05,2.2189,2.1124,0,60.0,6,6,"Lap H-2 nameplate census, player-relative ground offsets"
T02276,159,821.75,822.5833,49,406.18,3.4133,3.2494,406.18,3.4133,3.2494,0,60.0,6,6,"Lap H-2 nameplate census, player-relative ground offsets"
T02277,159,821.8,822.1167,11,443.84,3.7297,3.5507,440.11,3.6984,3.5209,0,60.0,6,6,"Lap H-2 nameplate census, player-relative ground offsets"
T02278,159,821.8833,822.55,39,299.85,2.5198,2.3988,137.24,1.1533,1.0979,0,60.0,6,6,"Lap H-2 nameplate census, player-relative ground offsets"
T02279,159,821.9,822.2333,18,455.52,3.8279,3.6441,455.52,3.8279,3.6441,0,60.0,6,6,"Lap H-2 nameplate census, player-relative ground offsets"
T02280,159,821.9,822.2333,16,604.37,5.0788,4.835,556.02,4.6725,4.4482,0,60.0,6,6,"Lap H-2 nameplate census, player-relative ground offsets"
T02281,159,821.9,822.8167,41,236.63,1.9885,1.8931,212.85,1.7886,1.7028,0,60.0,6,6,"Lap H-2 nameplate census, player-relative ground offsets"
T02282,159,821.9833,822.3167,14,396.93,3.3356,3.1754,396.93,3.3356,3.1754,0,60.0,6,6,"Lap H-2 nameplate census, player-relative ground offsets"
T02283,159,822.0333,822.35,9,257.08,2.1603,2.0566,247.92,2.0834,1.9834,0,60.0,6,6,"Lap H-2 nameplate census, player-relative ground offsets"
T02284,159,822.1,822.35,6,272.93,2.2935,2.1834,256.88,2.1586,2.055,0,60.0,6,6,"Lap H-2 nameplate census, player-relative ground offsets"
T02285,159,822.1333,822.45,13,678.28,5.6998,5.4262,678.28,5.6998,5.4262,0,60.0,6,6,"Lap H-2 nameplate census, player-relative ground offsets"
T02286,159,822.1333,822.65,21,676.86,5.6879,5.4149,640.18,5.3797,5.1214,0,60.0,6,6,"Lap H-2 nameplate census, player-relative ground offsets"
T02287,159,822.1667,823.4,72,415.4,3.4908,3.3232,297.11,2.4967,2.3769,0,60.0,6,6,"Lap H-2 nameplate census, player-relative ground offsets"
T02288,159,822.1833,822.4333,9,105.69,0.8881,0.8455,105.69,0.8881,0.8455,0,60.0,6,6,"Lap H-2 nameplate census, player-relative ground offsets"
T02289,159,822.1833,822.55,10,91.62,0.7699,0.733,91.62,0.7699,0.733,0,60.0,6,6,"Lap H-2 nameplate census, player-relative ground offsets"
T02290,159,822.2,822.4,6,633.41,5.3228,5.0673,590.05,4.9584,4.7204,0,60.0,6,6,"Lap H-2 nameplate census, player-relative ground offsets"
T02291,159,822.2,822.4833,18,669.46,5.6257,5.3557,655.5,5.5084,5.244,0,60.0,6,6,"Lap H-2 nameplate census, player-relative ground offsets"
T02292,159,822.2,822.5,19,669.67,5.6274,5.3573,662.61,5.5682,5.3009,0,60.0,6,6,"Lap H-2 nameplate census, player-relative ground offsets"
T02293,159,822.2,824.8167,147,289.9,2.4362,2.3192,176.0,1.479,1.408,0,60.0,6,6,"Lap H-2 nameplate census, player-relative ground offsets"
T02294,159,822.2333,822.4333,13,505.59,4.2487,4.0447,486.97,4.0922,3.8957,0,60.0,6,6,"Lap H-2 nameplate census, player-relative ground offsets"
T02295,159,822.2333,822.5333,19,504.08,4.236,4.0326,484.05,4.0676,3.8724,0,60.0,6,6,"Lap H-2 nameplate census, player-relative ground offsets"
T02296,159,822.2333,822.5333,6,671.77,5.6452,5.3742,671.77,5.6452,5.3742,0,60.0,6,6,"Lap H-2 nameplate census, player-relative ground offsets"
T02297,159,822.2333,822.5833,22,657.58,5.5258,5.2606,640.29,5.3806,5.1223,0,60.0,6,6,"Lap H-2 nameplate census, player-relative ground offsets"
T02298,159,822.3,822.8,11,509.21,4.279,4.0736,443.5,3.7269,3.548,0,60.0,6,6,"Lap H-2 nameplate census, player-relative ground offsets"
T02299,159,822.3333,822.5833,8,138.57,1.1645,1.1086,98.53,0.8279,0.7882,0,60.0,6,6,"Lap H-2 nameplate census, player-relative ground offsets"
T02300,159,822.3667,822.5833,14,380.43,3.1969,3.0434,380.43,3.1969,3.0434,0,60.0,6,6,"Lap H-2 nameplate census, player-relative ground offsets"
T02301,159,822.3833,822.5,7,495.77,4.1662,3.9662,492.74,4.1406,3.9419,0,60.0,6,6,"Lap H-2 nameplate census, player-relative ground offsets"
T02302,159,822.4,822.55,7,570.83,4.7969,4.5667,570.83,4.7969,4.5667,0,60.0,6,6,"Lap H-2 nameplate census, player-relative ground offsets"
T02303,159,822.4167,822.6833,14,433.14,3.6398,3.4651,433.14,3.6398,3.4651,0,60.0,6,6,"Lap H-2 nameplate census, player-relative ground offsets"
T02304,159,822.4167,822.95,20,517.88,4.3519,4.143,425.44,3.5751,3.4035,0,60.0,6,6,"Lap H-2 nameplate census, player-relative ground offsets"
T02305,159,822.45,822.5333,6,223.44,1.8777,1.7875,223.44,1.8777,1.7875,0,60.0,6,6,"Lap H-2 nameplate census, player-relative ground offsets"
T02306,159,822.45,822.7167,14,1054.42,8.8606,8.4353,1052.03,8.8406,8.4162,1,60.0,6,6,"Lap H-2 nameplate census, player-relative ground offsets"
T02307,159,822.55,822.6833,6,440.85,3.7046,3.5268,437.73,3.6784,3.5018,0,60.0,6,6,"Lap H-2 nameplate census, player-relative ground offsets"
T02308,159,822.5667,823.6333,46,485.66,4.0812,3.8853,285.85,2.4021,2.2868,0,60.0,6,6,"Lap H-2 nameplate census, player-relative ground offsets"
T02309,159,822.65,822.7333,6,70.3,0.5908,0.5624,69.61,0.585,0.5569,0,60.0,6,6,"Lap H-2 nameplate census, player-relative ground offsets"
T02310,159,822.6667,823.45,18,26.47,0.2225,0.2118,24.59,0.2067,0.1968,0,60.0,6,6,"Lap H-2 nameplate census, player-relative ground offsets"
T02311,159,822.7167,823.2833,17,50.86,0.4274,0.4069,10.93,0.0919,0.0874,0,60.0,6,6,"Lap H-2 nameplate census, player-relative ground offsets"
T02312,159,822.75,824.3667,87,115.1,0.9672,0.9208,115.1,0.9672,0.9208,0,60.0,6,6,"Lap H-2 nameplate census, player-relative ground offsets"
T02313,159,822.7833,823.0,9,588.59,4.9461,4.7087,532.45,4.4744,4.2596,0,60.0,6,6,"Lap H-2 nameplate census, player-relative ground offsets"
T02314,159,822.7833,824.7667,107,577.02,4.8489,4.6162,558.03,4.6893,4.4642,0,60.0,6,6,"Lap H-2 nameplate census, player-relative ground offsets"
T02315,159,822.8333,822.95,8,372.42,3.1296,2.9793,294.78,2.4771,2.3582,0,60.0,6,6,"Lap H-2 nameplate census, player-relative ground offsets"
T02316,159,822.8333,823.1333,9,268.58,2.257,2.1487,265.35,2.2298,2.1228,0,60.0,6,6,"Lap H-2 nameplate census, player-relative ground offsets"
T02317,159,822.8333,826.05,191,290.6,2.4421,2.3248,276.6,2.3244,2.2128,0,60.0,6,6,"Lap H-2 nameplate census, player-relative ground offsets"
T02318,159,822.8667,823.5167,25,409.24,3.439,3.2739,329.68,2.7704,2.6375,0,60.0,6,6,"Lap H-2 nameplate census, player-relative ground offsets"
T02319,159,823.05,823.4167,10,60.91,0.5118,0.4873,60.91,0.5118,0.4873,0,60.0,6,6,"Lap H-2 nameplate census, player-relative ground offsets"
T02320,159,823.0667,823.3,10,367.77,3.0905,2.9422,311.51,2.6177,2.4921,0,60.0,6,6,"Lap H-2 nameplate census, player-relative ground offsets"
T02321,159,823.15,823.3,10,557.55,4.6853,4.4604,535.29,4.4983,4.2823,0,60.0,6,6,"Lap H-2 nameplate census, player-relative ground offsets"
T02322,159,823.15,823.3167,6,157.36,1.3223,1.2588,146.94,1.2348,1.1755,0,60.0,6,6,"Lap H-2 nameplate census, player-relative ground offsets"
T02323,159,823.15,823.45,9,284.92,2.3943,2.2794,279.33,2.3473,2.2346,0,60.0,6,6,"Lap H-2 nameplate census, player-relative ground offsets"
T02324,159,823.15,823.7167,16,144.44,1.2138,1.1556,77.06,0.6476,0.6165,0,60.0,6,6,"Lap H-2 nameplate census, player-relative ground offsets"
T02325,159,823.1667,823.5167,12,369.35,3.1038,2.9548,339.95,2.8567,2.7196,0,60.0,6,6,"Lap H-2 nameplate census, player-relative ground offsets"
T02326,159,823.1667,823.8833,36,514.16,4.3207,4.1133,500.9,4.2092,4.0072,0,60.0,6,6,"Lap H-2 nameplate census, player-relative ground offsets"
T02327,159,823.2,823.35,6,242.29,2.0361,1.9383,242.29,2.0361,1.9383,0,60.0,6,6,"Lap H-2 nameplate census, player-relative ground offsets"
T02328,159,823.2167,823.3,6,566.93,4.7641,4.5354,566.37,4.7594,4.5309,0,60.0,6,6,"Lap H-2 nameplate census, player-relative ground offsets"
T02329,159,823.2167,823.3167,7,81.81,0.6875,0.6545,66.1,0.5554,0.5288,0,60.0,6,6,"Lap H-2 nameplate census, player-relative ground offsets"
T02330,159,823.2333,823.35,8,299.72,2.5187,2.3978,299.72,2.5187,2.3978,0,60.0,6,6,"Lap H-2 nameplate census, player-relative ground offsets"
T02331,159,823.2333,823.75,16,48.89,0.4109,0.3912,23.67,0.1989,0.1894,0,60.0,6,6,"Lap H-2 nameplate census, player-relative ground offsets"
T02332,159,823.2667,823.6833,11,240.21,2.0186,1.9217,237.23,1.9935,1.8978,0,60.0,6,6,"Lap H-2 nameplate census, player-relative ground offsets"
T02333,159,823.2667,824.1,30,25.85,0.2172,0.2068,25.85,0.2172,0.2068,0,60.0,6,6,"Lap H-2 nameplate census, player-relative ground offsets"
T02334,159,823.3333,823.5667,8,462.17,3.8838,3.6974,460.61,3.8707,3.6849,0,60.0,6,6,"Lap H-2 nameplate census, player-relative ground offsets"
T02335,159,823.3333,823.6333,12,130.58,1.0974,1.0447,130.58,1.0974,1.0447,0,60.0,6,6,"Lap H-2 nameplate census, player-relative ground offsets"
T02336,159,823.4333,823.6167,6,129.78,1.0906,1.0382,90.31,0.7589,0.7225,0,60.0,6,6,"Lap H-2 nameplate census, player-relative ground offsets"
T02337,159,823.5333,823.75,6,53.61,0.4505,0.4289,21.38,0.1796,0.171,0,60.0,6,6,"Lap H-2 nameplate census, player-relative ground offsets"
T02338,159,823.5333,824.5333,30,132.54,1.1138,1.0604,91.27,0.767,0.7302,0,60.0,6,6,"Lap H-2 nameplate census, player-relative ground offsets"
T02339,159,823.5833,823.7167,7,276.37,2.3224,2.2109,276.37,2.3224,2.2109,0,60.0,6,6,"Lap H-2 nameplate census, player-relative ground offsets"
T02340,159,823.6,823.75,7,260.98,2.1931,2.0878,260.98,2.1931,2.0878,0,60.0,6,6,"Lap H-2 nameplate census, player-relative ground offsets"
T02341,159,823.6,823.7667,6,246.71,2.0732,1.9737,246.71,2.0732,1.9737,0,60.0,6,6,"Lap H-2 nameplate census, player-relative ground offsets"
T02342,159,823.6,824.35,21,41.53,0.349,0.3323,9.29,0.078,0.0743,0,60.0,6,6,"Lap H-2 nameplate census, player-relative ground offsets"
T02343,159,823.6,824.9,38,96.19,0.8083,0.7695,30.46,0.256,0.2437,0,60.0,6,6,"Lap H-2 nameplate census, player-relative ground offsets"
T02344,159,823.65,823.95,12,563.92,4.7388,4.5114,563.92,4.7388,4.5114,0,60.0,6,6,"Lap H-2 nameplate census, player-relative ground offsets"
T02345,159,823.65,824.5,43,673.96,5.6636,5.3917,653.97,5.4955,5.2317,0,60.0,6,6,"Lap H-2 nameplate census, player-relative ground offsets"
T02346,159,823.7,823.8167,6,542.35,4.5575,4.3388,542.35,4.5575,4.3388,0,60.0,6,6,"Lap H-2 nameplate census, player-relative ground offsets"
T02347,159,823.7667,824.1833,15,344.88,2.8981,2.759,287.62,2.417,2.301,0,60.0,6,6,"Lap H-2 nameplate census, player-relative ground offsets"
T02348,159,823.8833,824.1833,12,318.33,2.6751,2.5467,303.81,2.5531,2.4305,0,60.0,6,6,"Lap H-2 nameplate census, player-relative ground offsets"
T02349,159,823.8833,824.9,59,535.6,4.5008,4.2848,535.6,4.5008,4.2848,0,60.0,6,6,"Lap H-2 nameplate census, player-relative ground offsets"
T02350,159,823.8833,825.2833,72,1071.91,9.0076,8.5752,1050.81,8.8303,8.4065,1,60.0,6,6,"Lap H-2 nameplate census, player-relative ground offsets"
T02351,159,823.9167,824.5,19,98.45,0.8274,0.7876,27.38,0.2301,0.2191,0,60.0,6,6,"Lap H-2 nameplate census, player-relative ground offsets"
T02352,159,823.9833,824.2833,11,265.59,2.2319,2.1248,249.91,2.1001,1.9993,0,60.0,6,6,"Lap H-2 nameplate census, player-relative ground offsets"
T02353,159,823.9833,824.3167,14,282.05,2.3702,2.2564,282.05,2.3702,2.2564,0,60.0,6,6,"Lap H-2 nameplate census, player-relative ground offsets"
T02354,159,823.9833,824.5167,13,368.8,3.0992,2.9504,295.16,2.4803,2.3613,0,60.0,6,6,"Lap H-2 nameplate census, player-relative ground offsets"
T02355,159,824.0333,824.1667,6,343.27,2.8846,2.7461,337.46,2.8358,2.6997,0,60.0,6,6,"Lap H-2 nameplate census, player-relative ground offsets"
T02356,159,824.0333,824.4,8,165.58,1.3914,1.3246,149.54,1.2567,1.1963,0,60.0,6,6,"Lap H-2 nameplate census, player-relative ground offsets"
T02357,159,824.1333,824.3833,12,52.48,0.441,0.4199,51.79,0.4352,0.4143,0,60.0,6,6,"Lap H-2 nameplate census, player-relative ground offsets"
T02358,159,824.1333,824.4667,6,318.82,2.6792,2.5506,295.81,2.4858,2.3665,0,60.0,6,6,"Lap H-2 nameplate census, player-relative ground offsets"
T02359,159,824.15,824.3,9,188.46,1.5837,1.5077,173.67,1.4594,1.3893,0,60.0,6,6,"Lap H-2 nameplate census, player-relative ground offsets"
T02360,159,824.15,824.4,14,677.34,5.692,5.4188,666.82,5.6035,5.3346,0,60.0,6,6,"Lap H-2 nameplate census, player-relative ground offsets"
T02361,159,824.1833,824.3833,11,99.12,0.833,0.793,90.81,0.7631,0.7265,0,60.0,6,6,"Lap H-2 nameplate census, player-relative ground offsets"
T02362,159,824.1833,824.4667,12,282.05,2.3702,2.2564,282.05,2.3702,2.2564,0,60.0,6,6,"Lap H-2 nameplate census, player-relative ground offsets"
T02363,159,824.1833,825.0667,25,80.01,0.6723,0.64,29.81,0.2505,0.2385,0,60.0,6,6,"Lap H-2 nameplate census, player-relative ground offsets"
T02364,159,824.2,824.5,14,350.14,2.9424,2.8012,294.11,2.4715,2.3529,0,60.0,6,6,"Lap H-2 nameplate census, player-relative ground offsets"
T02365,159,824.25,824.5333,10,197.55,1.6601,1.5804,190.32,1.5994,1.5226,0,60.0,6,6,"Lap H-2 nameplate census, player-relative ground offsets"
T02366,159,824.25,824.5833,14,88.62,0.7447,0.709,61.53,0.517,0.4922,0,60.0,6,6,"Lap H-2 nameplate census, player-relative ground offsets"
T02367,159,824.3167,824.4,6,265.52,2.2312,2.1241,258.04,2.1684,2.0643,0,60.0,6,6,"Lap H-2 nameplate census, player-relative ground offsets"
T02368,159,824.5167,825.0833,15,416.83,3.5028,3.3346,405.21,3.4051,3.2416,0,60.0,6,6,"Lap H-2 nameplate census, player-relative ground offsets"
T02369,159,824.5333,824.8333,12,238.39,2.0033,1.9072,238.39,2.0033,1.9072,0,60.0,6,6,"Lap H-2 nameplate census, player-relative ground offsets"
T02370,159,824.55,824.8833,18,517.01,4.3447,4.1361,516.59,4.3411,4.1327,0,60.0,6,6,"Lap H-2 nameplate census, player-relative ground offsets"
T02371,159,824.6,824.9667,11,245.69,2.0647,1.9656,245.69,2.0647,1.9656,0,60.0,6,6,"Lap H-2 nameplate census, player-relative ground offsets"
T02372,159,824.6333,824.95,13,346.94,2.9154,2.7755,293.36,2.4652,2.3469,0,60.0,6,6,"Lap H-2 nameplate census, player-relative ground offsets"
T02373,159,824.6667,824.7833,7,266.77,2.2418,2.1342,263.41,2.2135,2.1073,0,60.0,6,6,"Lap H-2 nameplate census, player-relative ground offsets"
T02374,159,824.6667,825.1333,14,284.13,2.3876,2.273,266.72,2.2413,2.1337,0,60.0,6,6,"Lap H-2 nameplate census, player-relative ground offsets"
T02375,159,824.6833,824.9,7,408.78,3.4351,3.2703,346.38,2.9108,2.7711,0,60.0,6,6,"Lap H-2 nameplate census, player-relative ground offsets"
T02376,159,824.6833,824.9333,8,426.85,3.587,3.4148,402.36,3.3812,3.2189,0,60.0,6,6,"Lap H-2 nameplate census, player-relative ground offsets"
T02377,159,824.7167,825.2667,16,76.12,0.6397,0.609,16.43,0.1381,0.1314,0,60.0,6,6,"Lap H-2 nameplate census, player-relative ground offsets"
T02378,159,824.75,824.8833,7,52.17,0.4384,0.4174,10.31,0.0866,0.0825,0,60.0,6,6,"Lap H-2 nameplate census, player-relative ground offsets"
T02379,159,824.75,824.9333,9,9.52,0.08,0.0762,9.52,0.08,0.0762,0,60.0,6,6,"Lap H-2 nameplate census, player-relative ground offsets"
T02380,159,824.75,825.0667,6,120.33,1.0111,0.9626,55.95,0.4702,0.4476,0,60.0,6,6,"Lap H-2 nameplate census, player-relative ground offsets"
T02381,159,824.7667,824.9333,7,219.72,1.8464,1.7578,219.72,1.8464,1.7578,0,60.0,6,6,"Lap H-2 nameplate census, player-relative ground offsets"
T02382,159,824.8,824.9833,7,346.95,2.9155,2.7756,338.71,2.8463,2.7097,0,60.0,6,6,"Lap H-2 nameplate census, player-relative ground offsets"
T02383,159,824.8,825.0833,11,363.42,3.054,2.9074,296.39,2.4907,2.3712,0,60.0,6,6,"Lap H-2 nameplate census, player-relative ground offsets"
T02384,159,824.85,825.1833,12,238.94,2.0079,1.9115,236.75,1.9895,1.894,0,60.0,6,6,"Lap H-2 nameplate census, player-relative ground offsets"
T02385,159,824.8667,825.0167,8,285.92,2.4027,2.2873,248.6,2.0891,1.9888,0,60.0,6,6,"Lap H-2 nameplate census, player-relative ground offsets"
T02386,159,824.8667,825.0333,9,274.48,2.3066,2.1959,273.2,2.2958,2.1856,0,60.0,6,6,"Lap H-2 nameplate census, player-relative ground offsets"
T02387,159,824.9,825.3167,10,357.9,3.0076,2.8632,333.73,2.8044,2.6698,0,60.0,6,6,"Lap H-2 nameplate census, player-relative ground offsets"
T02388,159,824.9167,826.0,65,260.74,2.1911,2.0859,260.72,2.191,2.0858,0,60.0,6,6,"Lap H-2 nameplate census, player-relative ground offsets"
T02389,159,824.95,825.5,16,287.18,2.4133,2.2975,255.06,2.1433,2.0404,0,60.0,6,6,"Lap H-2 nameplate census, player-relative ground offsets"
T02390,159,824.9667,825.1667,9,397.99,3.3444,3.1839,397.99,3.3444,3.1839,0,60.0,6,6,"Lap H-2 nameplate census, player-relative ground offsets"
T02391,159,825.0,825.1667,10,79.45,0.6677,0.6356,61.53,0.517,0.4922,0,60.0,6,6,"Lap H-2 nameplate census, player-relative ground offsets"
T02392,159,825.05,825.2,7,78.62,0.6607,0.629,78.62,0.6607,0.629,0,60.0,6,6,"Lap H-2 nameplate census, player-relative ground offsets"
T02393,159,825.0833,826.0,52,153.36,1.2887,1.2269,120.62,1.0136,0.9649,0,60.0,6,6,"Lap H-2 nameplate census, player-relative ground offsets"
T02394,159,825.1333,825.6167,15,337.65,2.8374,2.7012,291.54,2.4499,2.3323,0,60.0,6,6,"Lap H-2 nameplate census, player-relative ground offsets"
T02395,159,825.15,825.3333,8,451.26,3.7921,3.6101,425.74,3.5776,3.4059,0,60.0,6,6,"Lap H-2 nameplate census, player-relative ground offsets"
T02396,159,825.15,825.4,6,100.24,0.8423,0.8019,97.83,0.8221,0.7827,0,60.0,6,6,"Lap H-2 nameplate census, player-relative ground offsets"
T02397,159,825.2,825.65,11,121.77,1.0232,0.9741,118.85,0.9987,0.9508,0,60.0,6,6,"Lap H-2 nameplate census, player-relative ground offsets"
T02398,159,825.3,825.3833,6,353.69,2.9722,2.8296,350.08,2.9418,2.8006,0,60.0,6,6,"Lap H-2 nameplate census, player-relative ground offsets"
T02399,159,825.4667,825.5667,7,1067.48,8.9704,8.5398,1054.99,8.8655,8.4399,1,60.0,6,6,"Lap H-2 nameplate census, player-relative ground offsets"
T02400,159,825.5333,825.8,15,356.63,2.9969,2.8531,326.5,2.7437,2.612,0,60.0,6,6,"Lap H-2 nameplate census, player-relative ground offsets"
T02401,159,825.5333,827.1833,89,479.88,4.0326,3.839,477.41,4.0119,3.8193,0,60.0,6,6,"Lap H-2 nameplate census, player-relative ground offsets"
T02402,159,825.6167,825.9833,13,127.04,1.0676,1.0163,115.59,0.9713,0.9247,0,60.0,6,6,"Lap H-2 nameplate census, player-relative ground offsets"
T02403,159,825.6333,825.85,11,392.97,3.3023,3.1438,368.0,3.0924,2.944,0,60.0,6,6,"Lap H-2 nameplate census, player-relative ground offsets"
T02404,159,825.6333,825.95,12,26.06,0.219,0.2085,13.05,0.1096,0.1044,0,60.0,6,6,"Lap H-2 nameplate census, player-relative ground offsets"
T02405,159,825.6667,825.8,8,69.07,0.5804,0.5526,69.07,0.5804,0.5526,0,60.0,6,6,"Lap H-2 nameplate census, player-relative ground offsets"
T02406,159,825.6833,825.8167,6,69.07,0.5804,0.5525,69.07,0.5804,0.5525,0,60.0,6,6,"Lap H-2 nameplate census, player-relative ground offsets"
T02407,159,825.6833,826.05,17,9.31,0.0782,0.0745,9.31,0.0782,0.0745,0,60.0,6,6,"Lap H-2 nameplate census, player-relative ground offsets"
T02408,159,825.7167,826.0333,10,74.21,0.6236,0.5937,58.47,0.4914,0.4678,0,60.0,6,6,"Lap H-2 nameplate census, player-relative ground offsets"
T02409,159,825.7833,825.95,7,66.18,0.5561,0.5294,62.67,0.5267,0.5014,0,60.0,6,6,"Lap H-2 nameplate census, player-relative ground offsets"
T02410,159,825.8167,826.0,12,659.32,5.5405,5.2745,657.12,5.5221,5.257,0,60.0,6,6,"Lap H-2 nameplate census, player-relative ground offsets"
T02411,159,825.8167,826.05,15,285.24,2.397,2.282,207.28,1.7418,1.6582,0,60.0,6,6,"Lap H-2 nameplate census, player-relative ground offsets"
T02412,159,825.8167,826.0833,10,371.64,3.123,2.9731,335.22,2.817,2.6818,0,60.0,6,6,"Lap H-2 nameplate census, player-relative ground offsets"
T02413,159,825.9167,826.1333,14,692.92,5.8229,5.5434,692.92,5.8229,5.5434,0,60.0,6,6,"Lap H-2 nameplate census, player-relative ground offsets"
T02414,159,826.0667,826.1833,8,300.81,2.5278,2.4065,231.55,1.9458,1.8524,0,60.0,6,6,"Lap H-2 nameplate census, player-relative ground offsets"
T02415,159,826.0667,826.1833,7,405.68,3.4091,3.2455,405.68,3.4091,3.2455,0,60.0,6,6,"Lap H-2 nameplate census, player-relative ground offsets"
T02416,159,826.1,826.5833,29,201.45,1.6928,1.6116,195.22,1.6405,1.5618,0,60.0,6,6,"Lap H-2 nameplate census, player-relative ground offsets"
T02417,159,826.1,826.7,34,253.84,2.1331,2.0307,253.84,2.1331,2.0307,0,60.0,6,6,"Lap H-2 nameplate census, player-relative ground offsets"
T02418,159,826.15,826.5667,15,545.59,4.5848,4.3647,535.26,4.498,4.2821,0,60.0,6,6,"Lap H-2 nameplate census, player-relative ground offsets"
T02419,159,826.15,826.9833,26,601.75,5.0567,4.814,567.64,4.7701,4.5411,0,60.0,6,6,"Lap H-2 nameplate census, player-relative ground offsets"
T02420,159,826.15,827.1667,62,814.1,6.8412,6.5128,814.1,6.8412,6.5128,1,60.0,6,6,"Lap H-2 nameplate census, player-relative ground offsets"
T02421,159,826.15,828.75,156,903.16,7.5896,7.2253,260.46,2.1887,2.0837,1,60.0,6,6,"Lap H-2 nameplate census, player-relative ground offsets"
T02422,159,826.15,828.7667,158,595.01,5.0001,4.7601,216.77,1.8216,1.7341,0,60.0,6,6,"Lap H-2 nameplate census, player-relative ground offsets"
T02423,159,826.1667,826.2667,6,449.73,3.7792,3.5978,442.73,3.7204,3.5418,0,60.0,6,6,"Lap H-2 nameplate census, player-relative ground offsets"
T02424,159,826.2,826.9333,45,494.5,4.1555,3.956,494.5,4.1555,3.956,0,60.0,6,6,"Lap H-2 nameplate census, player-relative ground offsets"
T02425,159,826.2667,826.5,6,466.69,3.9217,3.7335,410.47,3.4493,3.2837,0,60.0,6,6,"Lap H-2 nameplate census, player-relative ground offsets"
T02426,159,826.2667,826.5167,9,508.65,4.2744,4.0692,488.91,4.1085,3.9113,0,60.0,6,6,"Lap H-2 nameplate census, player-relative ground offsets"
T02427,159,826.3,826.7667,16,448.54,3.7692,3.5883,448.54,3.7692,3.5883,0,60.0,6,6,"Lap H-2 nameplate census, player-relative ground offsets"
T02428,159,826.3333,826.5833,8,429.2,3.6067,3.4336,429.2,3.6067,3.4336,0,60.0,6,6,"Lap H-2 nameplate census, player-relative ground offsets"
T02429,159,826.35,826.65,8,604.06,5.0761,4.8325,572.04,4.807,4.5763,0,60.0,6,6,"Lap H-2 nameplate census, player-relative ground offsets"
T02430,159,826.4,826.5,6,53.84,0.4525,0.4307,38.96,0.3274,0.3117,0,60.0,6,6,"Lap H-2 nameplate census, player-relative ground offsets"
T02431,159,826.45,826.6667,8,488.2,4.1025,3.9056,488.2,4.1025,3.9056,0,60.0,6,6,"Lap H-2 nameplate census, player-relative ground offsets"
T02432,159,826.6333,827.5667,53,391.78,3.2923,3.1343,320.62,2.6943,2.565,0,60.0,6,6,"Lap H-2 nameplate census, player-relative ground offsets"
T02433,159,826.7167,826.9833,17,365.23,3.0692,2.9219,365.23,3.0692,2.9219,0,60.0,6,6,"Lap H-2 nameplate census, player-relative ground offsets"
T02434,159,826.7167,827.2333,19,88.49,0.7436,0.7079,53.19,0.4469,0.4255,0,60.0,6,6,"Lap H-2 nameplate census, player-relative ground offsets"
T02435,159,826.7167,827.4667,28,13.19,0.1108,0.1055,11.87,0.0997,0.0949,0,60.0,6,6,"Lap H-2 nameplate census, player-relative ground offsets"
T02436,159,826.7667,826.8667,7,535.39,4.4991,4.2832,512.47,4.3065,4.0998,0,60.0,6,6,"Lap H-2 nameplate census, player-relative ground offsets"
T02437,159,826.7667,826.9833,14,1049.92,8.8228,8.3993,1049.92,8.8228,8.3993,1,60.0,6,6,"Lap H-2 nameplate census, player-relative ground offsets"
T02438,159,826.7833,826.9167,6,1173.39,9.8604,9.3871,1165.21,9.7917,9.3217,1,60.0,6,6,"Lap H-2 nameplate census, player-relative ground offsets"
T02439,159,826.7833,828.8667,121,811.74,6.8213,6.4939,288.61,2.4253,2.3088,1,60.0,6,6,"Lap H-2 nameplate census, player-relative ground offsets"
T02440,159,826.8,826.9333,6,1188.47,9.9871,9.5078,1185.56,9.9627,9.4845,1,60.0,6,6,"Lap H-2 nameplate census, player-relative ground offsets"
T02441,159,826.8,827.05,10,46.34,0.3894,0.3707,10.44,0.0877,0.0835,0,60.0,6,6,"Lap H-2 nameplate census, player-relative ground offsets"
T02442,159,826.8167,826.95,7,1250.67,10.5098,10.0053,1250.67,10.5098,10.0053,1,60.0,6,6,"Lap H-2 nameplate census, player-relative ground offsets"
T02443,159,826.85,827.0833,7,592.75,4.9811,4.742,590.52,4.9624,4.7242,0,60.0,6,6,"Lap H-2 nameplate census, player-relative ground offsets"
T02444,159,826.85,827.1,11,665.12,5.5893,5.321,665.12,5.5893,5.321,0,60.0,6,6,"Lap H-2 nameplate census, player-relative ground offsets"
T02445,159,826.8833,827.4667,31,573.47,4.819,4.5877,520.82,4.3766,4.1665,0,60.0,6,6,"Lap H-2 nameplate census, player-relative ground offsets"
T02446,159,826.9167,827.1833,9,576.37,4.8434,4.611,559.19,4.6991,4.4736,0,60.0,6,6,"Lap H-2 nameplate census, player-relative ground offsets"
T02447,159,826.9333,827.15,9,259.7,2.1823,2.0776,235.36,1.9778,1.8829,0,60.0,6,6,"Lap H-2 nameplate census, player-relative ground offsets"
T02448,159,827.0667,827.25,7,192.08,1.6141,1.5367,137.57,1.156,1.1005,0,60.0,6,6,"Lap H-2 nameplate census, player-relative ground offsets"
T02449,159,827.1,827.25,6,618.48,5.1973,4.9479,616.59,5.1815,4.9328,0,60.0,6,6,"Lap H-2 nameplate census, player-relative ground offsets"
T02450,159,827.1167,827.45,13,555.1,4.6647,4.4408,543.56,4.5677,4.3485,0,60.0,6,6,"Lap H-2 nameplate census, player-relative ground offsets"
T02451,159,827.1833,827.4,10,612.3,5.1454,4.8984,583.62,4.9043,4.6689,0,60.0,6,6,"Lap H-2 nameplate census, player-relative ground offsets"
T02452,159,827.1833,827.5,18,558.13,4.6902,4.465,529.23,4.4473,4.2338,0,60.0,6,6,"Lap H-2 nameplate census, player-relative ground offsets"
T02453,159,827.2333,828.1167,45,440.92,3.7052,3.5274,323.37,2.7174,2.587,0,60.0,6,6,"Lap H-2 nameplate census, player-relative ground offsets"
T02454,159,827.25,827.7667,32,512.01,4.3026,4.0961,275.61,2.316,2.2049,0,60.0,6,6,"Lap H-2 nameplate census, player-relative ground offsets"
T02455,159,827.3333,827.6667,11,542.41,4.5581,4.3393,514.99,4.3277,4.1199,0,60.0,6,6,"Lap H-2 nameplate census, player-relative ground offsets"
T02456,159,827.3333,828.7667,87,1161.69,9.7621,9.2935,831.03,6.9834,6.6482,1,60.0,6,6,"Lap H-2 nameplate census, player-relative ground offsets"
T02457,159,827.4333,827.7,11,522.6,4.3916,4.1808,522.6,4.3916,4.1808,0,60.0,6,6,"Lap H-2 nameplate census, player-relative ground offsets"
T02458,159,827.4667,827.65,6,54.16,0.4552,0.4333,16.91,0.1421,0.1353,0,60.0,6,6,"Lap H-2 nameplate census, player-relative ground offsets"
T02459,159,827.5333,827.7833,7,340.98,2.8654,2.7279,340.98,2.8654,2.7279,0,60.0,6,6,"Lap H-2 nameplate census, player-relative ground offsets"
T02460,159,827.6167,827.7833,7,330.34,2.776,2.6427,287.1,2.4126,2.2968,0,60.0,6,6,"Lap H-2 nameplate census, player-relative ground offsets"
T02461,159,827.6333,828.0333,17,452.15,3.7995,3.6172,328.7,2.7622,2.6296,0,60.0,6,6,"Lap H-2 nameplate census, player-relative ground offsets"
T02462,159,827.6333,828.35,19,196.45,1.6508,1.5716,114.81,0.9648,0.9185,0,60.0,6,6,"Lap H-2 nameplate census, player-relative ground offsets"
T02463,159,827.6333,828.45,26,226.71,1.9051,1.8137,167.14,1.4045,1.3371,0,60.0,6,6,"Lap H-2 nameplate census, player-relative ground offsets"
T02464,159,827.65,827.75,7,1057.42,8.8858,8.4593,1057.42,8.8858,8.4593,1,60.0,6,6,"Lap H-2 nameplate census, player-relative ground offsets"
T02465,159,827.6833,828.35,19,478.38,4.02,3.827,272.05,2.2861,2.1764,0,60.0,6,6,"Lap H-2 nameplate census, player-relative ground offsets"
T02466,159,827.7333,828.3667,30,263.06,2.2106,2.1045,210.96,1.7728,1.6877,0,60.0,6,6,"Lap H-2 nameplate census, player-relative ground offsets"
T02467,159,827.7667,828.2,15,315.51,2.6513,2.5241,281.68,2.3671,2.2534,0,60.0,6,6,"Lap H-2 nameplate census, player-relative ground offsets"
T02468,159,827.7667,828.6833,42,366.03,3.0758,2.9282,284.45,2.3903,2.2756,0,60.0,6,6,"Lap H-2 nameplate census, player-relative ground offsets"
T02469,159,827.7833,827.9,6,281.6,2.3664,2.2528,281.6,2.3664,2.2528,0,60.0,6,6,"Lap H-2 nameplate census, player-relative ground offsets"
T02470,159,827.8,828.05,7,61.03,0.5129,0.4883,61.03,0.5129,0.4883,0,60.0,6,6,"Lap H-2 nameplate census, player-relative ground offsets"
T02471,159,827.8167,828.1167,15,14.53,0.1221,0.1162,9.31,0.0782,0.0745,0,60.0,6,6,"Lap H-2 nameplate census, player-relative ground offsets"
T02472,159,827.85,828.1333,12,44.97,0.3779,0.3598,41.85,0.3517,0.3348,0,60.0,6,6,"Lap H-2 nameplate census, player-relative ground offsets"
T02473,159,827.8833,828.4167,16,409.74,3.4432,3.2779,370.89,3.1167,2.9671,0,60.0,6,6,"Lap H-2 nameplate census, player-relative ground offsets"
T02474,159,827.9333,828.0667,6,250.03,2.1011,2.0003,212.11,1.7824,1.6968,0,60.0,6,6,"Lap H-2 nameplate census, player-relative ground offsets"
T02475,159,827.9333,828.3,7,323.12,2.7153,2.5849,288.97,2.4283,2.3118,0,60.0,6,6,"Lap H-2 nameplate census, player-relative ground offsets"
T02476,159,827.9333,828.3667,14,248.6,2.0891,1.9888,184.32,1.5489,1.4746,0,60.0,6,6,"Lap H-2 nameplate census, player-relative ground offsets"
T02477,159,827.9833,828.1667,9,221.25,1.8593,1.77,221.25,1.8593,1.77,0,60.0,6,6,"Lap H-2 nameplate census, player-relative ground offsets"
T02478,159,828.0167,828.1333,7,420.02,3.5296,3.3602,400.4,3.3647,3.2032,0,60.0,6,6,"Lap H-2 nameplate census, player-relative ground offsets"
T02479,159,828.0167,828.2833,7,320.62,2.6943,2.565,277.12,2.3288,2.217,0,60.0,6,6,"Lap H-2 nameplate census, player-relative ground offsets"
T02480,159,828.05,830.8,121,1058.56,8.8954,8.4685,1052.59,8.8453,8.4207,1,60.0,6,6,"Lap H-2 nameplate census, player-relative ground offsets"
T02481,159,828.0667,828.5333,19,103.47,0.8695,0.8278,100.35,0.8433,0.8028,0,60.0,6,6,"Lap H-2 nameplate census, player-relative ground offsets"
T02482,159,828.0833,828.2167,8,356.32,2.9943,2.8506,330.96,2.7811,2.6476,0,60.0,6,6,"Lap H-2 nameplate census, player-relative ground offsets"
T02483,159,828.0833,828.65,17,247.94,2.0835,1.9835,232.05,1.95,1.8564,0,60.0,6,6,"Lap H-2 nameplate census, player-relative ground offsets"
T02484,159,828.1667,828.25,6,283.28,2.3805,2.2662,283.28,2.3805,2.2662,0,60.0,6,6,"Lap H-2 nameplate census, player-relative ground offsets"
T02485,159,828.1667,828.45,7,293.12,2.4632,2.345,239.22,2.0102,1.9137,0,60.0,6,6,"Lap H-2 nameplate census, player-relative ground offsets"
T02486,159,828.1833,828.5667,24,296.93,2.4952,2.3755,162.21,1.3631,1.2977,0,60.0,6,6,"Lap H-2 nameplate census, player-relative ground offsets"
T02487,159,828.2333,828.5167,13,303.97,2.5543,2.4317,229.11,1.9253,1.8329,0,60.0,6,6,"Lap H-2 nameplate census, player-relative ground offsets"
T02488,159,828.25,828.4833,9,318.49,2.6764,2.5479,288.07,2.4208,2.3046,0,60.0,6,6,"Lap H-2 nameplate census, player-relative ground offsets"
T02489,159,828.2667,828.3667,6,346.79,2.9142,2.7743,326.04,2.7398,2.6083,0,60.0,6,6,"Lap H-2 nameplate census, player-relative ground offsets"
T02490,159,828.2667,828.5333,12,285.5,2.3992,2.284,220.43,1.8524,1.7635,0,60.0,6,6,"Lap H-2 nameplate census, player-relative ground offsets"
T02491,159,828.2667,828.6333,18,550.28,4.6242,4.4022,535.29,4.4983,4.2823,0,60.0,6,6,"Lap H-2 nameplate census, player-relative ground offsets"
T02492,159,828.2667,828.7667,19,254.97,2.1426,2.0397,140.33,1.1792,1.1226,0,60.0,6,6,"Lap H-2 nameplate census, player-relative ground offsets"
T02493,159,828.2667,828.8667,32,573.95,4.8231,4.5916,558.45,4.6929,4.4676,0,60.0,6,6,"Lap H-2 nameplate census, player-relative ground offsets"
T02494,159,828.2667,829.4833,22,378.89,3.1839,3.0311,273.54,2.2987,2.1883,0,60.0,6,6,"Lap H-2 nameplate census, player-relative ground offsets"
T02495,159,828.2667,830.0,39,218.74,1.8382,1.7499,102.6,0.8622,0.8208,0,60.0,6,6,"Lap H-2 nameplate census, player-relative ground offsets"
T02496,159,828.3,828.5333,7,215.03,1.807,1.7203,212.68,1.7872,1.7015,0,60.0,6,6,"Lap H-2 nameplate census, player-relative ground offsets"
T02497,159,828.3333,828.4833,6,219.81,1.8471,1.7585,211.76,1.7795,1.6941,0,60.0,6,6,"Lap H-2 nameplate census, player-relative ground offsets"
T02498,159,828.3667,828.4833,7,84.56,0.7106,0.6765,75.68,0.636,0.6054,0,60.0,6,6,"Lap H-2 nameplate census, player-relative ground offsets"
T02499,159,828.3667,828.5833,8,250.46,2.1047,2.0037,216.02,1.8153,1.7281,0,60.0,6,6,"Lap H-2 nameplate census, player-relative ground offsets"
T02500,159,828.3667,828.65,10,130.27,1.0947,1.0422,124.5,1.0462,0.996,0,60.0,6,6,"Lap H-2 nameplate census, player-relative ground offsets"
T02501,159,828.3667,829.4,11,188.3,1.5824,1.5064,149.52,1.2565,1.1961,0,60.0,6,6,"Lap H-2 nameplate census, player-relative ground offsets"
T02502,159,828.3833,828.5833,8,266.18,2.2368,2.1294,227.79,1.9142,1.8223,0,60.0,6,6,"Lap H-2 nameplate census, player-relative ground offsets"
T02503,159,828.3833,828.6,9,166.6,1.4,1.3328,166.6,1.4,1.3328,0,60.0,6,6,"Lap H-2 nameplate census, player-relative ground offsets"
T02504,159,828.3833,828.7667,16,151.2,1.2706,1.2096,80.69,0.6781,0.6455,0,60.0,6,6,"Lap H-2 nameplate census, player-relative ground offsets"
T02505,159,828.4,828.5667,11,520.8,4.3765,4.1664,502.37,4.2216,4.019,0,60.0,6,6,"Lap H-2 nameplate census, player-relative ground offsets"
T02506,159,828.4,828.5667,10,104.39,0.8772,0.8351,65.25,0.5483,0.522,0,60.0,6,6,"Lap H-2 nameplate census, player-relative ground offsets"
T02507,159,828.45,828.5667,8,504.52,4.2397,4.0362,492.56,4.1391,3.9404,0,60.0,6,6,"Lap H-2 nameplate census, player-relative ground offsets"
T02508,159,828.45,828.5667,6,115.85,0.9736,0.9268,100.12,0.8413,0.801,0,60.0,6,6,"Lap H-2 nameplate census, player-relative ground offsets"
T02509,159,828.45,828.65,7,56.72,0.4766,0.4537,18.16,0.1526,0.1453,0,60.0,6,6,"Lap H-2 nameplate census, player-relative ground offsets"
T02510,159,828.45,828.6667,14,495.05,4.1601,3.9604,495.05,4.1601,3.9604,0,60.0,6,6,"Lap H-2 nameplate census, player-relative ground offsets"
T02511,159,828.4667,828.5833,6,351.22,2.9515,2.8098,329.76,2.7711,2.6381,0,60.0,6,6,"Lap H-2 nameplate census, player-relative ground offsets"
T02512,159,828.4667,829.4333,15,491.82,4.1329,3.9346,481.18,4.0435,3.8495,0,60.0,6,6,"Lap H-2 nameplate census, player-relative ground offsets"
T02513,159,828.5,828.5833,6,223.97,1.8821,1.7918,190.4,1.6,1.5232,0,60.0,6,6,"Lap H-2 nameplate census, player-relative ground offsets"
T02514,159,828.5167,829.6833,20,499.9,4.2009,3.9992,491.08,4.1267,3.9286,0,60.0,6,6,"Lap H-2 nameplate census, player-relative ground offsets"
T02515,159,828.55,829.8333,25,73.65,0.6189,0.5892,20.7,0.174,0.1656,0,60.0,6,6,"Lap H-2 nameplate census, player-relative ground offsets"
T02516,159,828.5833,828.7167,6,164.83,1.3851,1.3187,151.98,1.2771,1.2158,0,60.0,6,6,"Lap H-2 nameplate census, player-relative ground offsets"
T02517,159,828.5833,829.4,10,202.79,1.7041,1.6223,202.79,1.7041,1.6223,0,60.0,6,6,"Lap H-2 nameplate census, player-relative ground offsets"
T02518,159,828.5833,829.45,13,88.71,0.7454,0.7097,52.19,0.4386,0.4175,0,60.0,6,6,"Lap H-2 nameplate census, player-relative ground offsets"
T02519,159,828.5833,829.45,10,204.27,1.7165,1.6341,161.53,1.3574,1.2922,0,60.0,6,6,"Lap H-2 nameplate census, player-relative ground offsets"
T02520,159,828.5833,829.45,10,164.84,1.3852,1.3187,138.3,1.1622,1.1064,0,60.0,6,6,"Lap H-2 nameplate census, player-relative ground offsets"
T02521,159,828.7667,829.9167,27,168.27,1.4141,1.3462,127.12,1.0682,1.0169,0,60.0,6,6,"Lap H-2 nameplate census, player-relative ground offsets"
T02522,159,828.8667,829.9,13,101.57,0.8535,0.8125,65.46,0.5501,0.5237,0,60.0,6,6,"Lap H-2 nameplate census, player-relative ground offsets"
T02523,159,828.8667,830.0833,22,230.39,1.9361,1.8432,230.39,1.9361,1.8432,0,60.0,6,6,"Lap H-2 nameplate census, player-relative ground offsets"
T02524,159,829.3667,829.4667,7,371.57,3.1224,2.9725,326.73,2.7456,2.6138,0,60.0,6,6,"Lap H-2 nameplate census, player-relative ground offsets"
T02525,159,829.3667,829.7,20,473.61,3.9799,3.7889,460.74,3.8718,3.6859,0,60.0,6,6,"Lap H-2 nameplate census, player-relative ground offsets"
T02526,159,829.3833,829.6833,8,511.27,4.2964,4.0901,497.16,4.1778,3.9773,0,60.0,6,6,"Lap H-2 nameplate census, player-relative ground offsets"
T02527,159,829.4667,830.0167,19,204.0,1.7143,1.632,203.1,1.7067,1.6248,0,60.0,6,6,"Lap H-2 nameplate census, player-relative ground offsets"
T02528,159,829.55,829.6833,8,248.11,2.0849,1.9849,172.42,1.4489,1.3794,0,60.0,6,6,"Lap H-2 nameplate census, player-relative ground offsets"
T02529,159,829.55,829.9,6,253.95,2.134,2.0316,253.95,2.134,2.0316,0,60.0,6,6,"Lap H-2 nameplate census, player-relative ground offsets"
T02530,159,829.6167,829.95,7,359.68,3.0225,2.8774,312.91,2.6295,2.5033,0,60.0,6,6,"Lap H-2 nameplate census, player-relative ground offsets"
T02531,159,829.6167,829.9667,6,358.33,3.0112,2.8667,327.47,2.7519,2.6198,0,60.0,6,6,"Lap H-2 nameplate census, player-relative ground offsets"
T02532,159,829.6667,829.95,8,270.62,2.2741,2.1649,242.61,2.0388,1.9409,0,60.0,6,6,"Lap H-2 nameplate census, player-relative ground offsets"
T02533,159,829.8,829.9,7,371.45,3.1214,2.9716,371.45,3.1214,2.9716,0,60.0,6,6,"Lap H-2 nameplate census, player-relative ground offsets"
T02534,159,829.8,829.9167,8,62.9,0.5285,0.5032,56.67,0.4762,0.4533,0,60.0,6,6,"Lap H-2 nameplate census, player-relative ground offsets"
T02535,159,829.8,829.9167,6,374.27,3.1452,2.9942,368.98,3.1007,2.9518,0,60.0,6,6,"Lap H-2 nameplate census, player-relative ground offsets"
T02536,159,829.8,830.1333,9,136.35,1.1458,1.0908,128.9,1.0832,1.0312,0,60.0,6,6,"Lap H-2 nameplate census, player-relative ground offsets"
T02537,159,829.8833,830.1333,8,234.3,1.9689,1.8744,234.3,1.9689,1.8744,0,60.0,6,6,"Lap H-2 nameplate census, player-relative ground offsets"
T02538,159,829.8833,830.4,15,201.6,1.6941,1.6128,201.6,1.6941,1.6128,0,60.0,6,6,"Lap H-2 nameplate census, player-relative ground offsets"
T02539,159,829.9167,830.3,17,272.08,2.2864,2.1766,226.47,1.9031,1.8117,0,60.0,6,6,"Lap H-2 nameplate census, player-relative ground offsets"
T02540,159,829.9167,831.5333,96,252.85,2.1248,2.0228,156.23,1.3129,1.2499,0,60.0,6,6,"Lap H-2 nameplate census, player-relative ground offsets"
T02541,159,829.9667,830.05,6,298.39,2.5075,2.3872,298.39,2.5075,2.3872,0,60.0,6,6,"Lap H-2 nameplate census, player-relative ground offsets"
T02542,159,829.9667,830.3333,10,401.09,3.3705,3.2087,399.31,3.3555,3.1945,0,60.0,6,6,"Lap H-2 nameplate census, player-relative ground offsets"
T02543,159,829.9833,830.25,8,307.56,2.5845,2.4604,306.84,2.5785,2.4547,0,60.0,6,6,"Lap H-2 nameplate census, player-relative ground offsets"
T02544,159,829.9833,830.5167,22,198.23,1.6658,1.5859,180.42,1.5161,1.4434,0,60.0,6,6,"Lap H-2 nameplate census, player-relative ground offsets"
T02545,159,830.0333,830.2167,6,180.18,1.5141,1.4414,129.01,1.0841,1.0321,0,60.0,6,6,"Lap H-2 nameplate census, player-relative ground offsets"
T02546,159,830.0667,830.2167,6,219.6,1.8454,1.7568,208.09,1.7487,1.6648,0,60.0,6,6,"Lap H-2 nameplate census, player-relative ground offsets"
T02547,159,830.1,830.55,13,354.95,2.9828,2.8396,354.95,2.9828,2.8396,0,60.0,6,6,"Lap H-2 nameplate census, player-relative ground offsets"
T02548,159,830.1333,830.3167,7,208.21,1.7496,1.6657,208.21,1.7496,1.6657,0,60.0,6,6,"Lap H-2 nameplate census, player-relative ground offsets"
T02549,159,830.1833,830.2833,7,582.56,4.8955,4.6605,582.56,4.8955,4.6605,0,60.0,6,6,"Lap H-2 nameplate census, player-relative ground offsets"
T02550,159,830.1833,830.5167,12,270.47,2.2728,2.1637,220.82,1.8556,1.7666,0,60.0,6,6,"Lap H-2 nameplate census, player-relative ground offsets"
T02551,159,830.2,830.4,7,261.67,2.1989,2.0934,229.05,1.9248,1.8324,0,60.0,6,6,"Lap H-2 nameplate census, player-relative ground offsets"
T02552,159,830.2333,830.3833,8,727.72,6.1153,5.8218,672.77,5.6535,5.3821,0,60.0,6,6,"Lap H-2 nameplate census, player-relative ground offsets"
T02553,159,830.25,830.4167,7,383.68,3.2242,3.0695,348.71,2.9303,2.7896,0,60.0,6,6,"Lap H-2 nameplate census, player-relative ground offsets"
T02554,159,830.2667,830.5167,8,314.21,2.6404,2.5137,287.07,2.4123,2.2965,0,60.0,6,6,"Lap H-2 nameplate census, player-relative ground offsets"
T02555,159,830.2833,830.45,7,33.89,0.2848,0.2712,33.89,0.2848,0.2712,0,60.0,6,6,"Lap H-2 nameplate census, player-relative ground offsets"
T02556,159,830.4167,830.5167,7,243.94,2.0499,1.9515,242.57,2.0384,1.9406,0,60.0,6,6,"Lap H-2 nameplate census, player-relative ground offsets"
T02557,159,830.4167,830.6,8,261.59,2.1982,2.0927,255.87,2.1502,2.047,0,60.0,6,6,"Lap H-2 nameplate census, player-relative ground offsets"
T02558,159,830.4167,830.65,7,360.54,3.0297,2.8843,360.54,3.0297,2.8843,0,60.0,6,6,"Lap H-2 nameplate census, player-relative ground offsets"
T02559,159,830.4167,830.7667,9,350.28,2.9435,2.8023,292.66,2.4594,2.3413,0,60.0,6,6,"Lap H-2 nameplate census, player-relative ground offsets"
T02560,159,830.4333,830.7,9,85.31,0.7169,0.6825,85.31,0.7169,0.6825,0,60.0,6,6,"Lap H-2 nameplate census, player-relative ground offsets"
T02561,159,830.5,831.1833,34,313.77,2.6367,2.5101,309.98,2.6049,2.4798,0,60.0,6,6,"Lap H-2 nameplate census, player-relative ground offsets"
T02562,159,830.5333,830.7333,6,236.84,1.9903,1.8948,235.6,1.9798,1.8848,0,60.0,6,6,"Lap H-2 nameplate census, player-relative ground offsets"
T02563,159,830.6,830.7833,12,293.35,2.4651,2.3468,291.75,2.4517,2.334,0,60.0,6,6,"Lap H-2 nameplate census, player-relative ground offsets"
T02564,159,830.6167,830.7,6,468.94,3.9406,3.7515,468.94,3.9406,3.7515,0,60.0,6,6,"Lap H-2 nameplate census, player-relative ground offsets"
T02565,159,830.6167,830.8,8,226.09,1.8999,1.8088,198.08,1.6645,1.5846,0,60.0,6,6,"Lap H-2 nameplate census, player-relative ground offsets"
T02566,159,830.6833,830.9,6,523.05,4.3954,4.1844,523.05,4.3954,4.1844,0,60.0,6,6,"Lap H-2 nameplate census, player-relative ground offsets"
T02567,159,830.7167,830.9167,12,311.08,2.6141,2.4886,311.08,2.6141,2.4886,0,60.0,6,6,"Lap H-2 nameplate census, player-relative ground offsets"
T02568,159,830.7667,831.0,6,230.19,1.9343,1.8415,145.61,1.2236,1.1649,0,60.0,6,6,"Lap H-2 nameplate census, player-relative ground offsets"
T02569,159,830.8,830.9167,7,327.58,2.7528,2.6207,327.58,2.7528,2.6207,0,60.0,6,6,"Lap H-2 nameplate census, player-relative ground offsets"
T02570,159,830.8,831.1333,9,116.37,0.9779,0.931,86.2,0.7244,0.6896,0,60.0,6,6,"Lap H-2 nameplate census, player-relative ground offsets"
T02571,159,830.85,830.9333,6,404.08,3.3956,3.2326,404.08,3.3956,3.2326,0,60.0,6,6,"Lap H-2 nameplate census, player-relative ground offsets"
T02572,159,830.8667,831.5667,26,405.93,3.4112,3.2474,394.79,3.3176,3.1583,0,60.0,6,6,"Lap H-2 nameplate census, player-relative ground offsets"
T02573,159,830.8667,831.6167,39,363.84,3.0574,2.9107,263.27,2.2124,2.1062,0,60.0,6,6,"Lap H-2 nameplate census, player-relative ground offsets"
T02574,159,830.9833,831.4833,17,145.55,1.2231,1.1644,145.55,1.2231,1.1644,0,60.0,6,6,"Lap H-2 nameplate census, player-relative ground offsets"
T02575,159,831.0,831.4667,19,486.97,4.0922,3.8957,479.75,4.0315,3.838,0,60.0,6,6,"Lap H-2 nameplate census, player-relative ground offsets"
T02576,159,831.05,831.4,11,127.48,1.0712,1.0198,127.48,1.0712,1.0198,0,60.0,6,6,"Lap H-2 nameplate census, player-relative ground offsets"
T02577,159,831.1,831.2667,10,588.87,4.9484,4.7109,588.87,4.9484,4.7109,0,60.0,6,6,"Lap H-2 nameplate census, player-relative ground offsets"
T02578,159,831.15,831.5667,14,504.44,4.239,4.0355,486.01,4.0841,3.8881,0,60.0,6,6,"Lap H-2 nameplate census, player-relative ground offsets"
T02579,159,831.1667,831.6,14,511.12,4.2951,4.089,471.52,3.9624,3.7722,0,60.0,6,6,"Lap H-2 nameplate census, player-relative ground offsets"
T02580,159,831.1667,832.15,60,1061.84,8.923,8.4947,1053.52,8.8531,8.4282,1,60.0,6,6,"Lap H-2 nameplate census, player-relative ground offsets"
T02581,159,831.2167,831.3833,7,545.48,4.5838,4.3638,545.48,4.5838,4.3638,0,60.0,6,6,"Lap H-2 nameplate census, player-relative ground offsets"
T02582,159,831.2333,831.3167,6,451.03,3.7902,3.6082,445.79,3.7461,3.5663,0,60.0,6,6,"Lap H-2 nameplate census, player-relative ground offsets"
T02583,159,831.2333,831.5667,7,303.64,2.5516,2.4291,258.85,2.1752,2.0708,0,60.0,6,6,"Lap H-2 nameplate census, player-relative ground offsets"
T02584,159,831.25,831.4,8,594.28,4.994,4.7543,555.64,4.6693,4.4451,0,60.0,6,6,"Lap H-2 nameplate census, player-relative ground offsets"
T02585,159,831.3,831.6167,11,381.56,3.2064,3.0525,341.69,2.8713,2.7335,0,60.0,6,6,"Lap H-2 nameplate census, player-relative ground offsets"
T02586,159,831.3333,831.5667,9,232.78,1.9561,1.8622,232.78,1.9561,1.8622,0,60.0,6,6,"Lap H-2 nameplate census, player-relative ground offsets"
T02587,159,831.3333,831.7,17,223.29,1.8764,1.7863,96.81,0.8135,0.7744,0,60.0,6,6,"Lap H-2 nameplate census, player-relative ground offsets"
T02588,159,831.4,831.5,6,580.69,4.8797,4.6455,532.99,4.4789,4.2639,0,60.0,6,6,"Lap H-2 nameplate census, player-relative ground offsets"
T02589,159,831.4167,831.55,6,85.25,0.7164,0.682,17.65,0.1484,0.1412,0,60.0,6,6,"Lap H-2 nameplate census, player-relative ground offsets"
T02590,159,831.4333,831.6667,15,441.72,3.7119,3.5338,441.72,3.7119,3.5338,0,60.0,6,6,"Lap H-2 nameplate census, player-relative ground offsets"
T02591,159,831.4333,831.6667,7,207.81,1.7463,1.6625,127.29,1.0697,1.0184,0,60.0,6,6,"Lap H-2 nameplate census, player-relative ground offsets"
T02592,159,831.4333,831.7333,19,569.52,4.7859,4.5562,564.59,4.7445,4.5168,0,60.0,6,6,"Lap H-2 nameplate census, player-relative ground offsets"
T02593,159,831.5,831.7,10,345.33,2.9019,2.7626,215.85,1.8139,1.7268,0,60.0,6,6,"Lap H-2 nameplate census, player-relative ground offsets"
T02594,159,831.5167,831.7,11,537.52,4.517,4.3001,484.71,4.0732,3.8777,0,60.0,6,6,"Lap H-2 nameplate census, player-relative ground offsets"
T02595,159,831.5167,831.7333,14,482.05,4.0508,3.8564,298.97,2.5123,2.3918,0,60.0,6,6,"Lap H-2 nameplate census, player-relative ground offsets"
T02596,159,831.55,831.8,14,540.38,4.541,4.323,409.87,3.4442,3.2789,0,60.0,6,6,"Lap H-2 nameplate census, player-relative ground offsets"
T02597,159,831.5833,831.7667,6,485.12,4.0767,3.881,467.4,3.9277,3.7392,0,60.0,6,6,"Lap H-2 nameplate census, player-relative ground offsets"
T02598,159,831.75,831.9667,8,79.2,0.6656,0.6336,77.37,0.6501,0.6189,0,60.0,6,6,"Lap H-2 nameplate census, player-relative ground offsets"
T02599,159,831.75,832.0667,20,249.09,2.0932,1.9927,215.9,1.8142,1.7272,0,60.0,6,6,"Lap H-2 nameplate census, player-relative ground offsets"
T02600,159,831.7667,832.1167,11,475.45,3.9954,3.8036,465.05,3.908,3.7204,0,60.0,6,6,"Lap H-2 nameplate census, player-relative ground offsets"
T02601,159,831.7667,832.5167,44,119.78,1.0066,0.9583,111.77,0.9392,0.8941,0,60.0,6,6,"Lap H-2 nameplate census, player-relative ground offsets"
T02602,159,831.7667,832.55,43,368.42,3.096,2.9474,357.0,3.0,2.856,0,60.0,6,6,"Lap H-2 nameplate census, player-relative ground offsets"
T02603,159,831.8167,832.0833,9,104.81,0.8808,0.8385,49.5,0.416,0.396,0,60.0,6,6,"Lap H-2 nameplate census, player-relative ground offsets"
T02604,159,831.95,832.1167,7,459.19,3.8587,3.6735,440.1,3.6983,3.5208,0,60.0,6,6,"Lap H-2 nameplate census, player-relative ground offsets"
T02605,159,831.95,832.2167,11,624.85,5.2508,4.9988,624.85,5.2508,4.9988,0,60.0,6,6,"Lap H-2 nameplate census, player-relative ground offsets"
T02606,159,832.0167,832.2167,8,158.73,1.3338,1.2698,112.98,0.9494,0.9039,0,60.0,6,6,"Lap H-2 nameplate census, player-relative ground offsets"
T02607,159,832.0667,832.2,8,56.4,0.474,0.4512,29.8,0.2504,0.2384,0,60.0,6,6,"Lap H-2 nameplate census, player-relative ground offsets"
T02608,159,832.0667,832.3,7,81.3,0.6832,0.6504,70.23,0.5902,0.5619,0,60.0,6,6,"Lap H-2 nameplate census, player-relative ground offsets"
T02609,159,832.0667,833.1167,55,210.57,1.7695,1.6845,105.93,0.8902,0.8475,0,60.0,6,6,"Lap H-2 nameplate census, player-relative ground offsets"
T02610,159,832.0833,832.5333,16,56.77,0.477,0.4542,27.02,0.227,0.2161,0,60.0,6,6,"Lap H-2 nameplate census, player-relative ground offsets"
T02611,159,832.1,832.3,6,475.2,3.9933,3.8016,448.31,3.7673,3.5865,0,60.0,6,6,"Lap H-2 nameplate census, player-relative ground offsets"
T02612,159,832.2167,832.5167,15,388.29,3.263,3.1063,379.4,3.1883,3.0352,0,60.0,6,6,"Lap H-2 nameplate census, player-relative ground offsets"
T02613,159,832.2833,832.4167,8,391.31,3.2883,3.1305,362.05,3.0424,2.8964,0,60.0,6,6,"Lap H-2 nameplate census, player-relative ground offsets"
T02614,159,832.2833,832.4833,7,407.2,3.4218,3.2576,407.2,3.4218,3.2576,0,60.0,6,6,"Lap H-2 nameplate census, player-relative ground offsets"
T02615,159,832.2833,832.5167,9,433.77,3.6451,3.4701,412.71,3.4682,3.3017,0,60.0,6,6,"Lap H-2 nameplate census, player-relative ground offsets"
T02616,159,832.35,832.9,20,32.86,0.2761,0.2629,25.57,0.2149,0.2046,0,60.0,6,6,"Lap H-2 nameplate census, player-relative ground offsets"
T02617,159,832.35,834.8,133,372.47,3.13,2.9797,84.02,0.7061,0.6722,0,60.0,6,6,"Lap H-2 nameplate census, player-relative ground offsets"
T02618,159,832.4,832.4833,6,417.0,3.5042,3.336,417.0,3.5042,3.336,0,60.0,6,6,"Lap H-2 nameplate census, player-relative ground offsets"
T02619,159,832.5,833.05,34,542.73,4.5607,4.3418,542.73,4.5607,4.3418,0,60.0,6,6,"Lap H-2 nameplate census, player-relative ground offsets"
T02620,159,832.5333,832.8667,13,38.33,0.3221,0.3066,11.65,0.0979,0.0932,0,60.0,6,6,"Lap H-2 nameplate census, player-relative ground offsets"
T02621,159,832.5333,833.7667,70,447.18,3.7578,3.5774,445.67,3.7451,3.5653,0,60.0,6,6,"Lap H-2 nameplate census, player-relative ground offsets"
T02622,159,832.6,832.75,10,497.46,4.1803,3.9797,493.78,4.1494,3.9502,0,60.0,6,6,"Lap H-2 nameplate census, player-relative ground offsets"
T02623,159,832.6667,832.8333,7,112.1,0.942,0.8968,76.08,0.6393,0.6086,0,60.0,6,6,"Lap H-2 nameplate census, player-relative ground offsets"
T02624,159,832.6667,832.9167,9,81.1,0.6815,0.6488,77.53,0.6515,0.6203,0,60.0,6,6,"Lap H-2 nameplate census, player-relative ground offsets"
T02625,159,832.6667,833.6667,50,439.44,3.6928,3.5155,389.2,3.2706,3.1136,0,60.0,6,6,"Lap H-2 nameplate census, player-relative ground offsets"
T02626,159,832.7167,832.8667,9,45.57,0.3829,0.3645,13.18,0.1108,0.1055,0,60.0,6,6,"Lap H-2 nameplate census, player-relative ground offsets"
T02627,159,832.7167,832.8667,8,85.32,0.717,0.6825,49.71,0.4177,0.3977,0,60.0,6,6,"Lap H-2 nameplate census, player-relative ground offsets"
T02628,159,832.8,833.1667,13,208.92,1.7556,1.6713,171.43,1.4406,1.3714,0,60.0,6,6,"Lap H-2 nameplate census, player-relative ground offsets"
T02629,159,832.8,833.95,64,184.12,1.5472,1.473,184.12,1.5472,1.473,0,60.0,6,6,"Lap H-2 nameplate census, player-relative ground offsets"
T02630,159,832.8167,832.9,6,358.46,3.0122,2.8677,330.22,2.775,2.6418,0,60.0,6,6,"Lap H-2 nameplate census, player-relative ground offsets"
T02631,159,832.8833,833.2167,8,94.2,0.7916,0.7536,81.21,0.6825,0.6497,0,60.0,6,6,"Lap H-2 nameplate census, player-relative ground offsets"
T02632,159,832.8833,833.35,20,566.45,4.7601,4.5316,565.73,4.7541,4.5259,0,60.0,6,6,"Lap H-2 nameplate census, player-relative ground offsets"
T02633,159,832.8833,833.4,16,339.58,2.8536,2.7166,263.36,2.2131,2.1069,0,60.0,6,6,"Lap H-2 nameplate census, player-relative ground offsets"
T02634,159,832.9167,833.0833,8,181.41,1.5244,1.4513,149.07,1.2527,1.1926,0,60.0,6,6,"Lap H-2 nameplate census, player-relative ground offsets"
T02635,159,832.9167,833.35,11,161.71,1.3589,1.2937,107.26,0.9014,0.8581,0,60.0,6,6,"Lap H-2 nameplate census, player-relative ground offsets"
T02636,159,832.9167,833.35,18,177.03,1.4876,1.4162,117.69,0.989,0.9416,0,60.0,6,6,"Lap H-2 nameplate census, player-relative ground offsets"
T02637,159,832.9333,833.75,27,201.32,1.6918,1.6106,201.32,1.6918,1.6106,0,60.0,6,6,"Lap H-2 nameplate census, player-relative ground offsets"
T02638,159,832.9833,833.1667,7,314.13,2.6398,2.5131,257.77,2.1662,2.0622,0,60.0,6,6,"Lap H-2 nameplate census, player-relative ground offsets"
T02639,159,833.05,833.4333,20,92.43,0.7767,0.7394,32.17,0.2703,0.2573,0,60.0,6,6,"Lap H-2 nameplate census, player-relative ground offsets"
T02640,159,833.05,833.8333,22,210.69,1.7705,1.6855,204.39,1.7176,1.6351,0,60.0,6,6,"Lap H-2 nameplate census, player-relative ground offsets"
T02641,159,833.0667,833.3333,8,83.95,0.7054,0.6716,83.95,0.7054,0.6716,0,60.0,6,6,"Lap H-2 nameplate census, player-relative ground offsets"
T02642,159,833.1,833.4333,15,199.31,1.6749,1.5945,199.31,1.6749,1.5945,0,60.0,6,6,"Lap H-2 nameplate census, player-relative ground offsets"
T02643,159,833.1,833.7167,16,317.74,2.6701,2.5419,303.43,2.5498,2.4274,0,60.0,6,6,"Lap H-2 nameplate census, player-relative ground offsets"
T02644,159,833.1167,833.4333,14,163.23,1.3717,1.3059,157.24,1.3213,1.2579,0,60.0,6,6,"Lap H-2 nameplate census, player-relative ground offsets"
T02645,159,833.1667,833.8333,19,244.28,2.0528,1.9543,214.92,1.806,1.7194,0,60.0,6,6,"Lap H-2 nameplate census, player-relative ground offsets"
T02646,159,833.2,833.3,7,342.6,2.879,2.7408,342.6,2.879,2.7408,0,60.0,6,6,"Lap H-2 nameplate census, player-relative ground offsets"
T02647,159,833.2333,833.6333,11,303.17,2.5476,2.4253,286.44,2.4071,2.2915,0,60.0,6,6,"Lap H-2 nameplate census, player-relative ground offsets"
T02648,159,833.35,833.5167,7,327.83,2.7549,2.6226,308.13,2.5893,2.465,0,60.0,6,6,"Lap H-2 nameplate census, player-relative ground offsets"
T02649,159,833.35,833.65,8,377.76,3.1745,3.0221,361.51,3.0379,2.8921,0,60.0,6,6,"Lap H-2 nameplate census, player-relative ground offsets"
T02650,159,833.35,833.65,11,61.7,0.5185,0.4936,9.78,0.0822,0.0783,0,60.0,6,6,"Lap H-2 nameplate census, player-relative ground offsets"
T02651,159,833.3667,833.6167,8,366.25,3.0777,2.93,366.25,3.0777,2.93,0,60.0,6,6,"Lap H-2 nameplate census, player-relative ground offsets"
T02652,159,833.4,833.7,7,238.22,2.0019,1.9058,238.22,2.0019,1.9058,0,60.0,6,6,"Lap H-2 nameplate census, player-relative ground offsets"
T02653,159,833.4,833.7,10,61.33,0.5154,0.4907,18.02,0.1515,0.1442,0,60.0,6,6,"Lap H-2 nameplate census, player-relative ground offsets"
T02654,159,833.5,833.6667,7,374.13,3.1439,2.993,328.14,2.7575,2.6251,0,60.0,6,6,"Lap H-2 nameplate census, player-relative ground offsets"
T02655,159,833.5333,833.65,8,288.62,2.4254,2.309,258.29,2.1705,2.0663,0,60.0,6,6,"Lap H-2 nameplate census, player-relative ground offsets"
T02656,159,833.5333,833.8833,12,308.78,2.5948,2.4702,308.78,2.5948,2.4702,0,60.0,6,6,"Lap H-2 nameplate census, player-relative ground offsets"
T02657,159,833.55,833.8833,12,417.3,3.5068,3.3384,383.7,3.2243,3.0696,0,60.0,6,6,"Lap H-2 nameplate census, player-relative ground offsets"
T02658,159,833.55,833.8833,15,234.54,1.9709,1.8763,156.23,1.3128,1.2498,0,60.0,6,6,"Lap H-2 nameplate census, player-relative ground offsets"
T02659,159,833.55,833.95,13,270.41,2.2724,2.1633,213.9,1.7974,1.7112,0,60.0,6,6,"Lap H-2 nameplate census, player-relative ground offsets"
T02660,159,833.5833,833.75,9,74.02,0.622,0.5921,50.42,0.4237,0.4034,0,60.0,6,6,"Lap H-2 nameplate census, player-relative ground offsets"
T02661,159,833.6167,833.8,10,72.87,0.6124,0.583,57.76,0.4854,0.4621,0,60.0,6,6,"Lap H-2 nameplate census, player-relative ground offsets"
T02662,159,833.6167,833.8,7,47.48,0.399,0.3798,47.48,0.399,0.3798,0,60.0,6,6,"Lap H-2 nameplate census, player-relative ground offsets"
T02663,159,833.6333,833.75,7,278.12,2.3371,2.2249,278.12,2.3371,2.2249,0,60.0,6,6,"Lap H-2 nameplate census, player-relative ground offsets"
T02664,159,833.6333,833.7667,9,379.88,3.1923,3.039,378.04,3.1768,3.0243,0,60.0,6,6,"Lap H-2 nameplate census, player-relative ground offsets"
T02665,159,833.6333,833.95,18,589.89,4.9571,4.7191,566.57,4.7611,4.5326,0,60.0,6,6,"Lap H-2 nameplate census, player-relative ground offsets"
T02666,159,833.6333,833.95,8,423.7,3.5605,3.3896,401.24,3.3718,3.21,0,60.0,6,6,"Lap H-2 nameplate census, player-relative ground offsets"
T02667,159,833.6333,834.1833,10,366.47,3.0795,2.9317,366.47,3.0795,2.9317,0,60.0,6,6,"Lap H-2 nameplate census, player-relative ground offsets"
T02668,159,833.6667,833.8333,8,67.86,0.5702,0.5429,49.75,0.418,0.398,0,60.0,6,6,"Lap H-2 nameplate census, player-relative ground offsets"
T02669,159,833.6667,833.9,9,339.26,2.8509,2.7141,339.26,2.8509,2.7141,0,60.0,6,6,"Lap H-2 nameplate census, player-relative ground offsets"
T02670,159,833.6667,833.9,7,319.6,2.6857,2.5568,301.81,2.5362,2.4145,0,60.0,6,6,"Lap H-2 nameplate census, player-relative ground offsets"
T02671,159,833.6833,833.85,7,292.54,2.4583,2.3403,292.54,2.4583,2.3403,0,60.0,6,6,"Lap H-2 nameplate census, player-relative ground offsets"
T02672,159,833.7167,833.8333,6,414.36,3.482,3.3149,414.36,3.482,3.3149,0,60.0,6,6,"Lap H-2 nameplate census, player-relative ground offsets"
T02673,159,833.7667,834.2,13,417.0,3.5042,3.336,356.18,2.9931,2.8495,0,60.0,6,6,"Lap H-2 nameplate census, player-relative ground offsets"
T02674,159,833.7667,834.4167,17,214.22,1.8001,1.7137,152.01,1.2774,1.2161,0,60.0,6,6,"Lap H-2 nameplate census, player-relative ground offsets"
T02675,159,833.7833,834.0833,6,379.29,3.1874,3.0344,339.13,2.8499,2.7131,0,60.0,6,6,"Lap H-2 nameplate census, player-relative ground offsets"
T02676,159,833.7833,834.0833,8,360.34,3.0281,2.8827,343.59,2.8873,2.7487,0,60.0,6,6,"Lap H-2 nameplate census, player-relative ground offsets"
T02677,159,833.85,834.2,7,351.55,2.9542,2.8124,330.54,2.7776,2.6443,0,60.0,6,6,"Lap H-2 nameplate census, player-relative ground offsets"
T02678,159,833.9167,834.1,6,242.13,2.0347,1.937,242.13,2.0347,1.937,0,60.0,6,6,"Lap H-2 nameplate census, player-relative ground offsets"
T02679,159,834.05,834.1833,6,449.93,3.7809,3.5995,439.04,3.6894,3.5123,0,60.0,6,6,"Lap H-2 nameplate census, player-relative ground offsets"
T02680,159,834.05,834.25,6,299.16,2.514,2.3933,278.92,2.3439,2.2314,0,60.0,6,6,"Lap H-2 nameplate census, player-relative ground offsets"
T02681,159,834.1,834.35,13,183.2,1.5395,1.4656,170.93,1.4364,1.3675,0,60.0,6,6,"Lap H-2 nameplate census, player-relative ground offsets"
T02682,159,834.1167,834.2,6,151.85,1.276,1.2148,150.28,1.2628,1.2022,0,60.0,6,6,"Lap H-2 nameplate census, player-relative ground offsets"
T02683,159,834.1167,834.2667,7,405.82,3.4103,3.2466,405.82,3.4103,3.2466,0,60.0,6,6,"Lap H-2 nameplate census, player-relative ground offsets"
T02684,159,834.15,834.3833,6,520.68,4.3755,4.1655,497.63,4.1818,3.9811,0,60.0,6,6,"Lap H-2 nameplate census, player-relative ground offsets"
T02685,159,834.1667,834.2667,6,91.46,0.7686,0.7317,67.26,0.5652,0.5381,0,60.0,6,6,"Lap H-2 nameplate census, player-relative ground offsets"
T02686,159,834.1667,834.4833,11,120.05,1.0088,0.9604,113.83,0.9566,0.9107,0,60.0,6,6,"Lap H-2 nameplate census, player-relative ground offsets"
T02687,159,834.1667,834.6833,15,171.42,1.4405,1.3714,113.03,0.9499,0.9043,0,60.0,6,6,"Lap H-2 nameplate census, player-relative ground offsets"
T02688,159,834.2,834.8667,21,199.83,1.6793,1.5987,161.6,1.358,1.2928,0,60.0,6,6,"Lap H-2 nameplate census, player-relative ground offsets"
T02689,159,834.2667,834.45,12,1056.77,8.8805,8.4542,1052.63,8.8456,8.4211,1,60.0,6,6,"Lap H-2 nameplate census, player-relative ground offsets"
T02690,159,834.3167,834.6167,8,608.44,5.1129,4.8675,581.93,4.8902,4.6555,0,60.0,6,6,"Lap H-2 nameplate census, player-relative ground offsets"
T02691,159,834.3167,835.0167,16,20.34,0.171,0.1627,20.34,0.171,0.1627,0,60.0,6,6,"Lap H-2 nameplate census, player-relative ground offsets"
T02692,159,834.3667,834.5167,6,583.28,4.9015,4.6662,545.0,4.5798,4.36,0,60.0,6,6,"Lap H-2 nameplate census, player-relative ground offsets"
T02693,159,834.3667,834.5333,6,418.08,3.5133,3.3446,362.74,3.0482,2.9019,0,60.0,6,6,"Lap H-2 nameplate census, player-relative ground offsets"
T02694,159,834.3833,834.5167,7,183.39,1.5411,1.4672,180.3,1.5151,1.4424,0,60.0,6,6,"Lap H-2 nameplate census, player-relative ground offsets"
T02695,159,834.4333,834.65,12,240.41,2.0202,1.9232,221.23,1.8591,1.7698,0,60.0,6,6,"Lap H-2 nameplate census, player-relative ground offsets"
T02696,159,834.4833,834.7833,13,217.39,1.8268,1.7391,175.09,1.4713,1.4007,0,60.0,6,6,"Lap H-2 nameplate census, player-relative ground offsets"
T02697,159,834.5833,834.7333,6,237.33,1.9944,1.8987,237.33,1.9944,1.8987,0,60.0,6,6,"Lap H-2 nameplate census, player-relative ground offsets"
T02698,159,834.5833,834.7333,9,244.95,2.0584,1.9596,214.67,1.8039,1.7173,0,60.0,6,6,"Lap H-2 nameplate census, player-relative ground offsets"
T02699,159,834.5833,834.7833,7,171.47,1.4409,1.3717,154.62,1.2993,1.237,0,60.0,6,6,"Lap H-2 nameplate census, player-relative ground offsets"
T02700,159,834.6,834.85,6,291.8,2.4521,2.3344,277.63,2.333,2.221,0,60.0,6,6,"Lap H-2 nameplate census, player-relative ground offsets"
T02701,159,834.65,835.3167,23,204.03,1.7145,1.6322,151.16,1.2703,1.2093,0,60.0,6,6,"Lap H-2 nameplate census, player-relative ground offsets"
T02702,159,834.6667,834.85,7,18.73,0.1574,0.1498,11.35,0.0954,0.0908,0,60.0,6,6,"Lap H-2 nameplate census, player-relative ground offsets"
T02703,159,834.6667,834.9667,7,247.57,2.0804,1.9806,204.24,1.7163,1.6339,0,60.0,6,6,"Lap H-2 nameplate census, player-relative ground offsets"
T02704,159,834.7167,835.45,24,117.73,0.9894,0.9419,26.47,0.2225,0.2118,0,60.0,6,6,"Lap H-2 nameplate census, player-relative ground offsets"
T02705,159,834.75,835.0167,9,396.07,3.3284,3.1686,303.84,2.5533,2.4308,0,60.0,6,6,"Lap H-2 nameplate census, player-relative ground offsets"
T02706,159,834.7667,834.9,7,371.49,3.1218,2.9719,343.3,2.8849,2.7464,0,60.0,6,6,"Lap H-2 nameplate census, player-relative ground offsets"
T02707,159,834.7667,834.9167,7,158.07,1.3283,1.2645,119.71,1.006,0.9577,0,60.0,6,6,"Lap H-2 nameplate census, player-relative ground offsets"
T02708,159,834.7667,835.1,12,194.18,1.6318,1.5534,194.18,1.6318,1.5534,0,60.0,6,6,"Lap H-2 nameplate census, player-relative ground offsets"
T02709,159,834.8,835.0167,8,12.28,0.1032,0.0982,8.38,0.0704,0.067,0,60.0,6,6,"Lap H-2 nameplate census, player-relative ground offsets"
T02710,159,834.8,835.0833,7,543.16,4.5644,4.3453,513.0,4.311,4.104,0,60.0,6,6,"Lap H-2 nameplate census, player-relative ground offsets"
T02711,159,834.8167,835.1667,10,157.02,1.3195,1.2562,157.02,1.3195,1.2562,0,60.0,6,6,"Lap H-2 nameplate census, player-relative ground offsets"
T02712,159,834.8333,834.9333,6,85.05,0.7147,0.6804,85.05,0.7147,0.6804,0,60.0,6,6,"Lap H-2 nameplate census, player-relative ground offsets"
T02713,159,834.8333,835.4,14,201.64,1.6944,1.6131,201.64,1.6944,1.6131,0,60.0,6,6,"Lap H-2 nameplate census, player-relative ground offsets"
T02714,159,834.8667,834.95,6,101.61,0.8538,0.8129,101.61,0.8538,0.8129,0,60.0,6,6,"Lap H-2 nameplate census, player-relative ground offsets"
T02715,159,834.8667,834.9667,7,277.0,2.3278,2.216,251.17,2.1107,2.0094,0,60.0,6,6,"Lap H-2 nameplate census, player-relative ground offsets"
T02716,159,834.8667,834.9833,7,221.11,1.8581,1.7689,219.08,1.841,1.7527,0,60.0,6,6,"Lap H-2 nameplate census, player-relative ground offsets"
T02717,159,834.8667,835.0833,8,241.24,2.0272,1.9299,179.9,1.5117,1.4392,0,60.0,6,6,"Lap H-2 nameplate census, player-relative ground offsets"
T02718,159,834.8833,835.1,9,220.53,1.8532,1.7642,220.53,1.8532,1.7642,0,60.0,6,6,"Lap H-2 nameplate census, player-relative ground offsets"
T02719,159,834.8833,835.1333,12,635.74,5.3424,5.0859,553.5,4.6513,4.428,0,60.0,6,6,"Lap H-2 nameplate census, player-relative ground offsets"
T02720,159,834.9333,835.0167,6,502.16,4.2199,4.0173,490.42,4.1212,3.9234,0,60.0,6,6,"Lap H-2 nameplate census, player-relative ground offsets"
T02721,159,834.9333,835.35,20,236.12,1.9842,1.8889,206.81,1.7379,1.6545,0,60.0,6,6,"Lap H-2 nameplate census, player-relative ground offsets"
T02722,159,834.9333,835.9167,49,276.67,2.3249,2.2133,253.89,2.1335,2.0311,0,60.0,6,6,"Lap H-2 nameplate census, player-relative ground offsets"
T02723,159,834.95,835.1833,9,550.04,4.6222,4.4003,495.42,4.1632,3.9633,0,60.0,6,6,"Lap H-2 nameplate census, player-relative ground offsets"
T02724,159,834.9667,835.1,7,254.38,2.1377,2.0351,236.52,1.9876,1.8922,0,60.0,6,6,"Lap H-2 nameplate census, player-relative ground offsets"
T02725,159,835.0,835.1833,7,368.91,3.1001,2.9513,347.07,2.9166,2.7766,0,60.0,6,6,"Lap H-2 nameplate census, player-relative ground offsets"
T02726,159,835.0333,835.2833,7,147.98,1.2435,1.1838,108.93,0.9154,0.8714,0,60.0,6,6,"Lap H-2 nameplate census, player-relative ground offsets"
T02727,159,835.1,835.25,6,237.63,1.9969,1.9011,186.74,1.5693,1.4939,0,60.0,6,6,"Lap H-2 nameplate census, player-relative ground offsets"
T02728,159,835.1,835.2667,10,364.72,3.0648,2.9177,364.72,3.0648,2.9177,0,60.0,6,6,"Lap H-2 nameplate census, player-relative ground offsets"
T02729,159,835.15,835.2833,7,595.99,5.0083,4.7679,543.11,4.5639,4.3449,0,60.0,6,6,"Lap H-2 nameplate census, player-relative ground offsets"
T02730,159,835.15,835.2833,6,252.52,2.122,2.0201,252.52,2.122,2.0201,0,60.0,6,6,"Lap H-2 nameplate census, player-relative ground offsets"
T02731,159,835.1833,835.3333,7,304.57,2.5594,2.4366,304.57,2.5594,2.4366,0,60.0,6,6,"Lap H-2 nameplate census, player-relative ground offsets"
T02732,159,835.1833,835.9667,24,225.23,1.8927,1.8019,108.01,0.9077,0.8641,0,60.0,6,6,"Lap H-2 nameplate census, player-relative ground offsets"
T02733,159,835.2167,835.3667,6,252.2,2.1194,2.0176,252.2,2.1194,2.0176,0,60.0,6,6,"Lap H-2 nameplate census, player-relative ground offsets"
T02734,159,835.2333,835.4,7,227.83,1.9145,1.8226,227.83,1.9145,1.8226,0,60.0,6,6,"Lap H-2 nameplate census, player-relative ground offsets"
T02735,159,835.2333,835.45,6,168.57,1.4166,1.3486,168.57,1.4166,1.3486,0,60.0,6,6,"Lap H-2 nameplate census, player-relative ground offsets"
T02736,159,835.2333,835.6333,14,182.53,1.5339,1.4602,182.53,1.5339,1.4602,0,60.0,6,6,"Lap H-2 nameplate census, player-relative ground offsets"
T02737,159,835.2667,835.7833,15,213.45,1.7937,1.7076,165.17,1.388,1.3214,0,60.0,6,6,"Lap H-2 nameplate census, player-relative ground offsets"
T02738,159,835.4167,835.7333,20,1051.71,8.8379,8.4137,1051.71,8.8379,8.4137,1,60.0,6,6,"Lap H-2 nameplate census, player-relative ground offsets"
T02739,159,835.5333,835.9,12,224.09,1.8831,1.7927,162.44,1.3651,1.2995,0,60.0,6,6,"Lap H-2 nameplate census, player-relative ground offsets"
T02740,159,835.5667,835.8333,11,252.95,2.1256,2.0236,199.77,1.6787,1.5982,0,60.0,6,6,"Lap H-2 nameplate census, player-relative ground offsets"
T02741,159,835.5833,835.9833,15,192.49,1.6175,1.5399,56.56,0.4753,0.4524,0,60.0,6,6,"Lap H-2 nameplate census, player-relative ground offsets"
T02742,159,835.6,835.8333,7,216.95,1.8231,1.7356,216.95,1.8231,1.7356,0,60.0,6,6,"Lap H-2 nameplate census, player-relative ground offsets"
T02743,159,835.6,836.3333,20,50.03,0.4205,0.4003,35.11,0.2951,0.2809,0,60.0,6,6,"Lap H-2 nameplate census, player-relative ground offsets"
T02744,159,835.6167,835.9833,12,108.98,0.9158,0.8718,101.92,0.8565,0.8154,0,60.0,6,6,"Lap H-2 nameplate census, player-relative ground offsets"
T02745,159,835.6667,835.8167,6,196.26,1.6492,1.5701,185.19,1.5562,1.4815,0,60.0,6,6,"Lap H-2 nameplate census, player-relative ground offsets"
T02746,159,835.7333,836.1,13,121.98,1.0251,0.9759,69.71,0.5858,0.5577,0,60.0,6,6,"Lap H-2 nameplate census, player-relative ground offsets"
T02747,159,835.75,836.1833,13,103.91,0.8732,0.8313,103.91,0.8732,0.8313,0,60.0,6,6,"Lap H-2 nameplate census, player-relative ground offsets"
T02748,159,835.7833,835.9667,6,502.35,4.2215,4.0188,495.17,4.1611,3.9614,0,60.0,6,6,"Lap H-2 nameplate census, player-relative ground offsets"
T02749,159,835.8,836.05,7,555.44,4.6675,4.4435,526.48,4.4242,4.2118,0,60.0,6,6,"Lap H-2 nameplate census, player-relative ground offsets"
T02750,159,835.8167,836.2,9,258.32,2.1707,2.0665,210.42,1.7683,1.6834,0,60.0,6,6,"Lap H-2 nameplate census, player-relative ground offsets"
T02751,159,835.8333,836.0833,10,270.93,2.2767,2.1674,210.54,1.7693,1.6844,0,60.0,6,6,"Lap H-2 nameplate census, player-relative ground offsets"
T02752,159,835.8667,836.1,9,66.46,0.5585,0.5317,43.26,0.3635,0.3461,0,60.0,6,6,"Lap H-2 nameplate census, player-relative ground offsets"
T02753,159,835.8667,836.2,16,12.24,0.1029,0.0979,9.76,0.082,0.0781,0,60.0,6,6,"Lap H-2 nameplate census, player-relative ground offsets"
T02754,159,835.9333,836.0667,7,48.33,0.4061,0.3867,40.47,0.3401,0.3238,0,60.0,6,6,"Lap H-2 nameplate census, player-relative ground offsets"
T02755,159,835.95,836.4167,15,450.57,3.7863,3.6046,426.12,3.5808,3.4089,0,60.0,6,6,"Lap H-2 nameplate census, player-relative ground offsets"
T02756,159,836.0333,836.15,6,499.09,4.194,3.9927,499.09,4.194,3.9927,0,60.0,6,6,"Lap H-2 nameplate census, player-relative ground offsets"
T02757,159,836.0333,836.2167,9,514.24,4.3214,4.1139,514.24,4.3214,4.1139,0,60.0,6,6,"Lap H-2 nameplate census, player-relative ground offsets"
T02758,159,836.0667,836.3,12,607.98,5.1091,4.8639,607.98,5.1091,4.8639,0,60.0,6,6,"Lap H-2 nameplate census, player-relative ground offsets"
T02759,159,836.2167,836.3833,7,112.14,0.9423,0.8971,112.14,0.9423,0.8971,0,60.0,6,6,"Lap H-2 nameplate census, player-relative ground offsets"
T02760,159,836.25,836.4333,9,582.28,4.8931,4.6583,569.63,4.7868,4.557,0,60.0,6,6,"Lap H-2 nameplate census, player-relative ground offsets"
T02761,159,836.4167,836.65,7,617.9,5.1924,4.9432,617.9,5.1924,4.9432,0,60.0,6,6,"Lap H-2 nameplate census, player-relative ground offsets"
T02762,159,836.8167,837.25,27,1057.93,8.8902,8.4635,1056.46,8.8778,8.4517,1,60.0,6,6,"Lap H-2 nameplate census, player-relative ground offsets"
T02763,159,836.85,837.0833,8,214.57,1.8031,1.7165,214.57,1.8031,1.7165,0,60.0,6,6,"Lap H-2 nameplate census, player-relative ground offsets"
T02764,159,836.9167,837.2333,9,240.47,2.0208,1.9238,211.89,1.7806,1.6951,0,60.0,6,6,"Lap H-2 nameplate census, player-relative ground offsets"
T02765,159,837.0333,837.2,10,302.01,2.5379,2.4161,218.49,1.8361,1.7479,0,60.0,6,6,"Lap H-2 nameplate census, player-relative ground offsets"
T02766,159,837.15,837.4,8,47.14,0.3962,0.3772,9.52,0.08,0.0762,0,60.0,6,6,"Lap H-2 nameplate census, player-relative ground offsets"
T02767,159,837.15,837.4167,7,198.5,1.6681,1.588,196.18,1.6486,1.5694,0,60.0,6,6,"Lap H-2 nameplate census, player-relative ground offsets"
T02768,159,837.3833,837.5167,6,360.87,3.0325,2.887,360.87,3.0325,2.887,0,60.0,6,6,"Lap H-2 nameplate census, player-relative ground offsets"
T02769,159,837.4333,838.5333,57,1060.71,8.9135,8.4856,1053.5,8.8529,8.428,1,60.0,6,6,"Lap H-2 nameplate census, player-relative ground offsets"
T02770,159,837.45,838.15,16,296.74,2.4936,2.374,279.27,2.3468,2.2342,0,60.0,6,6,"Lap H-2 nameplate census, player-relative ground offsets"
T02771,159,837.5,837.7667,6,400.67,3.367,3.2054,390.56,3.2821,3.1245,0,60.0,6,6,"Lap H-2 nameplate census, player-relative ground offsets"
T02772,159,837.6167,838.0167,17,496.91,4.1757,3.9753,459.75,3.8634,3.678,0,60.0,6,6,"Lap H-2 nameplate census, player-relative ground offsets"
T02773,159,837.7667,838.05,8,436.68,3.6696,3.4935,399.29,3.3554,3.1943,0,60.0,6,6,"Lap H-2 nameplate census, player-relative ground offsets"
T02774,159,837.7667,838.15,14,332.47,2.7938,2.6597,318.31,2.6749,2.5465,0,60.0,6,6,"Lap H-2 nameplate census, player-relative ground offsets"
T02775,159,837.8333,837.95,6,589.78,4.9561,4.7182,546.32,4.5909,4.3706,0,60.0,6,6,"Lap H-2 nameplate census, player-relative ground offsets"
T02776,159,837.85,838.1833,8,270.71,2.2749,2.1657,237.23,1.9936,1.8979,0,60.0,6,6,"Lap H-2 nameplate census, player-relative ground offsets"
T02777,159,837.85,838.2,17,448.8,3.7714,3.5904,297.32,2.4985,2.3786,0,60.0,6,6,"Lap H-2 nameplate census, player-relative ground offsets"
T02778,159,837.8667,838.1167,16,585.84,4.923,4.6867,574.87,4.8308,4.5989,0,60.0,6,6,"Lap H-2 nameplate census, player-relative ground offsets"
T02779,159,837.8667,838.1333,17,456.37,3.835,3.6509,445.34,3.7423,3.5627,0,60.0,6,6,"Lap H-2 nameplate census, player-relative ground offsets"
T02780,159,837.9,838.1,12,211.73,1.7792,1.6938,173.77,1.4603,1.3902,0,60.0,6,6,"Lap H-2 nameplate census, player-relative ground offsets"
T02781,159,837.9333,838.1,7,510.7,4.2916,4.0856,469.32,3.9439,3.7546,0,60.0,6,6,"Lap H-2 nameplate census, player-relative ground offsets"
T02782,159,837.9333,838.2667,10,350.51,2.9455,2.8041,305.61,2.5682,2.4449,0,60.0,6,6,"Lap H-2 nameplate census, player-relative ground offsets"
T02783,159,837.95,838.1333,6,570.17,4.7913,4.5614,566.45,4.7601,4.5316,0,60.0,6,6,"Lap H-2 nameplate census, player-relative ground offsets"
T02784,159,837.95,838.1667,6,498.44,4.1886,3.9876,418.32,3.5153,3.3466,0,60.0,6,6,"Lap H-2 nameplate census, player-relative ground offsets"
T02785,159,837.9667,838.3,12,387.25,3.2542,3.098,278.09,2.3369,2.2247,0,60.0,6,6,"Lap H-2 nameplate census, player-relative ground offsets"
T02786,159,837.9667,838.3333,9,80.89,0.6797,0.6471,18.41,0.1547,0.1473,0,60.0,6,6,"Lap H-2 nameplate census, player-relative ground offsets"
T02787,159,838.0,838.3667,12,238.04,2.0003,1.9043,220.18,1.8503,1.7615,0,60.0,6,6,"Lap H-2 nameplate census, player-relative ground offsets"
T02788,159,838.1,838.35,8,239.01,2.0085,1.9121,211.05,1.7736,1.6884,0,60.0,6,6,"Lap H-2 nameplate census, player-relative ground offsets"
T02789,159,838.1167,838.4333,11,131.03,1.1011,1.0482,115.18,0.9679,0.9215,0,60.0,6,6,"Lap H-2 nameplate census, player-relative ground offsets"
T02790,159,838.15,838.3333,9,224.35,1.8853,1.7948,196.93,1.6548,1.5754,0,60.0,6,6,"Lap H-2 nameplate census, player-relative ground offsets"
T02791,159,838.2167,838.4167,6,392.33,3.2969,3.1386,367.31,3.0866,2.9385,0,60.0,6,6,"Lap H-2 nameplate census, player-relative ground offsets"
T02792,159,838.7167,838.8833,11,158.03,1.3279,1.2642,145.19,1.2201,1.1615,0,60.0,6,6,"Lap H-2 nameplate census, player-relative ground offsets"
T02793,159,838.8333,839.2667,17,46.08,0.3873,0.3687,10.13,0.0852,0.0811,0,60.0,6,6,"Lap H-2 nameplate census, player-relative ground offsets"
T02794,159,838.9,839.1167,8,231.98,1.9494,1.8559,208.65,1.7534,1.6692,0,60.0,6,6,"Lap H-2 nameplate census, player-relative ground offsets"
T02795,159,838.9,839.7,19,242.22,2.0354,1.9377,198.86,1.6711,1.5909,0,60.0,6,6,"Lap H-2 nameplate census, player-relative ground offsets"
T02796,160,839.0667,839.4667,9,243.15,2.0432,1.9452,203.43,1.7095,1.6274,0,60.0,6,6,"Lap H-2 nameplate census, player-relative ground offsets"
T02797,160,839.15,839.5833,13,73.12,0.6145,0.585,69.07,0.5804,0.5526,0,60.0,6,6,"Lap H-2 nameplate census, player-relative ground offsets"
T02798,160,839.1667,839.3167,6,33.64,0.2827,0.2691,23.38,0.1965,0.187,0,60.0,6,6,"Lap H-2 nameplate census, player-relative ground offsets"
T02799,160,839.2167,839.3333,7,166.28,1.3973,1.3303,161.52,1.3573,1.2922,0,60.0,6,6,"Lap H-2 nameplate census, player-relative ground offsets"
T02800,160,839.2333,839.5667,13,173.87,1.4611,1.391,173.87,1.4611,1.391,0,60.0,6,6,"Lap H-2 nameplate census, player-relative ground offsets"
T02801,160,839.2333,839.6167,13,102.96,0.8652,0.8237,102.96,0.8652,0.8237,0,60.0,6,6,"Lap H-2 nameplate census, player-relative ground offsets"
T02802,160,839.25,839.4333,9,232.27,1.9518,1.8581,225.76,1.8971,1.8061,0,60.0,6,6,"Lap H-2 nameplate census, player-relative ground offsets"
T02803,160,839.3333,839.85,16,176.55,1.4836,1.4124,171.86,1.4442,1.3749,0,60.0,6,6,"Lap H-2 nameplate census, player-relative ground offsets"
T02804,160,839.35,840.9333,96,1056.77,8.8805,8.4542,1052.03,8.8406,8.4162,1,60.0,6,6,"Lap H-2 nameplate census, player-relative ground offsets"
T02805,160,839.3833,839.65,11,118.93,0.9994,0.9514,104.38,0.8772,0.8351,0,60.0,6,6,"Lap H-2 nameplate census, player-relative ground offsets"
T02806,160,839.4167,839.6667,10,233.17,1.9594,1.8654,232.71,1.9556,1.8617,0,60.0,6,6,"Lap H-2 nameplate census, player-relative ground offsets"
T02807,160,839.6667,839.7833,6,250.86,2.1081,2.0069,230.55,1.9374,1.8444,0,60.0,6,6,"Lap H-2 nameplate census, player-relative ground offsets"
T02808,160,839.7333,840.1,12,50.26,0.4223,0.4021,14.64,0.123,0.1171,0,60.0,6,6,"Lap H-2 nameplate census, player-relative ground offsets"
T02809,160,839.8,840.1333,9,132.07,1.1098,1.0565,27.62,0.2321,0.2209,0,60.0,6,6,"Lap H-2 nameplate census, player-relative ground offsets"
T02810,160,839.85,840.1833,10,303.91,2.5539,2.4313,303.91,2.5539,2.4313,0,60.0,6,6,"Lap H-2 nameplate census, player-relative ground offsets"
T02811,160,840.0167,840.3,13,65.95,0.5542,0.5276,9.36,0.0787,0.0749,0,60.0,6,6,"Lap H-2 nameplate census, player-relative ground offsets"
T02812,160,840.1,840.3833,13,356.64,2.997,2.8531,284.15,2.3879,2.2732,0,60.0,6,6,"Lap H-2 nameplate census, player-relative ground offsets"
T02813,160,840.2667,840.6833,19,373.84,3.1415,2.9907,241.13,2.0263,1.929,0,60.0,6,6,"Lap H-2 nameplate census, player-relative ground offsets"
T02814,160,840.3833,845.2,164,697.65,5.8626,5.5812,231.03,1.9415,1.8483,0,60.0,6,6,"Lap H-2 nameplate census, player-relative ground offsets"
T02815,160,840.45,841.35,23,191.15,1.6063,1.5292,12.28,0.1032,0.0982,0,60.0,6,6,"Lap H-2 nameplate census, player-relative ground offsets"
T02816,160,840.6833,841.0,14,239.86,2.0156,1.9188,140.81,1.1833,1.1265,0,60.0,6,6,"Lap H-2 nameplate census, player-relative ground offsets"
T02817,160,840.9833,841.3667,9,105.09,0.8831,0.8407,80.08,0.673,0.6407,0,60.0,6,6,"Lap H-2 nameplate census, player-relative ground offsets"
T02818,160,841.05,841.25,9,218.89,1.8394,1.7511,195.68,1.6444,1.5655,0,60.0,6,6,"Lap H-2 nameplate census, player-relative ground offsets"
T02819,160,841.1667,841.4333,8,126.03,1.0591,1.0082,125.21,1.0522,1.0017,0,60.0,6,6,"Lap H-2 nameplate census, player-relative ground offsets"
T02820,160,841.2333,841.7333,22,132.26,1.1114,1.0581,92.96,0.7812,0.7437,0,60.0,6,6,"Lap H-2 nameplate census, player-relative ground offsets"
T02821,160,841.4667,841.6,9,666.26,5.5988,5.3301,666.26,5.5988,5.3301,0,60.0,6,6,"Lap H-2 nameplate census, player-relative ground offsets"
T02822,160,841.65,841.7333,6,677.2,5.6908,5.4176,677.2,5.6908,5.4176,0,60.0,6,6,"Lap H-2 nameplate census, player-relative ground offsets"
T02823,160,841.65,842.0,22,1028.87,8.6459,8.2309,289.54,2.4331,2.3163,1,60.0,6,6,"Lap H-2 nameplate census, player-relative ground offsets"
T02824,160,841.75,842.2833,31,1326.98,11.1511,10.6159,1174.84,9.8726,9.3987,1,60.0,6,6,"Lap H-2 nameplate census, player-relative ground offsets"
T02825,160,841.8833,841.9667,6,678.28,5.6998,5.4263,674.85,5.671,5.3988,0,60.0,6,6,"Lap H-2 nameplate census, player-relative ground offsets"
T02826,160,841.9,842.0833,6,668.8,5.6201,5.3504,666.6,5.6017,5.3328,0,60.0,6,6,"Lap H-2 nameplate census, player-relative ground offsets"
T02827,160,841.9167,842.1167,8,49.07,0.4124,0.3926,41.02,0.3447,0.3281,0,60.0,6,6,"Lap H-2 nameplate census, player-relative ground offsets"
T02828,160,841.95,842.2833,21,1059.13,8.9003,8.4731,1054.99,8.8655,8.4399,1,60.0,6,6,"Lap H-2 nameplate census, player-relative ground offsets"
T02829,160,842.0,845.15,64,304.4,2.558,2.4352,98.19,0.8251,0.7855,0,60.0,6,6,"Lap H-2 nameplate census, player-relative ground offsets"
T02830,160,842.1,842.2667,11,568.01,4.7732,4.5441,563.31,4.7337,4.5065,0,60.0,6,6,"Lap H-2 nameplate census, player-relative ground offsets"
T02831,160,842.1,842.2833,12,546.45,4.592,4.3716,542.73,4.5607,4.3418,0,60.0,6,6,"Lap H-2 nameplate census, player-relative ground offsets"
T02832,160,844.4,846.1667,104,382.65,3.2155,3.0612,190.66,1.6022,1.5253,0,60.0,6,6,"Lap H-2 nameplate census, player-relative ground offsets"
T02833,160,844.4,846.5167,125,586.74,4.9306,4.6939,277.02,2.3279,2.2162,0,60.0,6,6,"Lap H-2 nameplate census, player-relative ground offsets"
T02834,160,844.4,848.2667,221,862.43,7.2473,6.8995,390.11,3.2782,3.1209,1,60.0,6,6,"Lap H-2 nameplate census, player-relative ground offsets"
T02835,160,844.4833,845.85,72,1065.85,8.9567,8.5268,721.17,6.0603,5.7694,1,60.0,6,6,"Lap H-2 nameplate census, player-relative ground offsets"
T02836,160,844.5,844.8667,16,19.52,0.164,0.1561,8.38,0.0704,0.067,0,60.0,6,6,"Lap H-2 nameplate census, player-relative ground offsets"
T02837,160,844.6667,844.8167,8,949.28,7.9772,7.5943,949.28,7.9772,7.5943,1,60.0,6,6,"Lap H-2 nameplate census, player-relative ground offsets"
T02838,160,844.7833,845.0,7,481.65,4.0475,3.8532,481.65,4.0475,3.8532,0,60.0,6,6,"Lap H-2 nameplate census, player-relative ground offsets"
T02839,160,844.9667,845.15,10,583.29,4.9016,4.6664,578.07,4.8578,4.6246,0,60.0,6,6,"Lap H-2 nameplate census, player-relative ground offsets"
T02840,160,845.0,845.1,7,659.98,5.546,5.2798,638.35,5.3643,5.1068,0,60.0,6,6,"Lap H-2 nameplate census, player-relative ground offsets"
T02841,160,845.0333,845.1833,6,535.66,4.5013,4.2852,535.66,4.5013,4.2852,0,60.0,6,6,"Lap H-2 nameplate census, player-relative ground offsets"
T02842,160,845.2,845.7167,15,26.88,0.2259,0.215,11.59,0.0974,0.0927,0,60.0,6,6,"Lap H-2 nameplate census, player-relative ground offsets"
T02843,160,845.2,846.4667,75,547.88,4.6041,4.3831,547.88,4.6041,4.3831,0,60.0,6,6,"Lap H-2 nameplate census, player-relative ground offsets"
T02844,160,845.2833,845.3833,7,631.29,5.305,5.0504,631.29,5.305,5.0504,0,60.0,6,6,"Lap H-2 nameplate census, player-relative ground offsets"
T02845,160,845.3,845.6,15,53.0,0.4454,0.424,33.89,0.2848,0.2712,0,60.0,6,6,"Lap H-2 nameplate census, player-relative ground offsets"
T02846,160,845.35,845.8333,30,640.78,5.3847,5.1262,549.56,4.6181,4.3965,0,60.0,6,6,"Lap H-2 nameplate census, player-relative ground offsets"
T02847,160,845.4333,845.55,6,556.26,4.6745,4.4501,549.88,4.6208,4.399,0,60.0,6,6,"Lap H-2 nameplate census, player-relative ground offsets"
T02848,160,845.4667,845.7667,11,56.52,0.475,0.4522,39.57,0.3325,0.3166,0,60.0,6,6,"Lap H-2 nameplate census, player-relative ground offsets"
T02849,160,845.8,846.0,6,225.97,1.8989,1.8078,118.62,0.9968,0.949,0,60.0,6,6,"Lap H-2 nameplate census, player-relative ground offsets"
T02850,160,845.8167,845.9333,8,566.11,4.7572,4.5289,563.6,4.7362,4.5088,0,60.0,6,6,"Lap H-2 nameplate census, player-relative ground offsets"
T02851,160,845.8167,846.0667,12,843.8,7.0907,6.7504,791.64,6.6524,6.3331,1,60.0,6,6,"Lap H-2 nameplate census, player-relative ground offsets"
T02852,160,845.85,846.1333,18,725.87,6.0997,5.8069,700.12,5.8834,5.601,0,60.0,6,6,"Lap H-2 nameplate census, player-relative ground offsets"
T02853,160,845.9167,846.2833,17,730.91,6.1421,5.8473,730.91,6.1421,5.8473,0,60.0,6,6,"Lap H-2 nameplate census, player-relative ground offsets"
T02854,160,845.9333,846.2,11,629.91,5.2934,5.0393,576.93,4.8481,4.6154,0,60.0,6,6,"Lap H-2 nameplate census, player-relative ground offsets"
T02855,160,846.0333,846.15,6,240.2,2.0185,1.9216,190.76,1.603,1.5261,0,60.0,6,6,"Lap H-2 nameplate census, player-relative ground offsets"
T02856,160,846.05,846.7833,40,453.84,3.8138,3.6307,173.81,1.4606,1.3905,0,60.0,6,6,"Lap H-2 nameplate census, player-relative ground offsets"
T02857,160,846.15,846.45,12,66.79,0.5613,0.5343,9.52,0.08,0.0762,0,60.0,6,6,"Lap H-2 nameplate census, player-relative ground offsets"
T02858,160,846.1667,846.3167,7,177.72,1.4935,1.4218,139.0,1.1681,1.112,0,60.0,6,6,"Lap H-2 nameplate census, player-relative ground offsets"
T02859,160,846.2,846.6167,23,675.51,5.6766,5.4041,668.12,5.6144,5.3449,0,60.0,6,6,"Lap H-2 nameplate census, player-relative ground offsets"
T02860,160,846.25,846.3667,7,126.65,1.0642,1.0132,78.21,0.6572,0.6257,0,60.0,6,6,"Lap H-2 nameplate census, player-relative ground offsets"
T02861,160,846.25,846.4333,8,297.31,2.4984,2.3785,223.81,1.8808,1.7905,0,60.0,6,6,"Lap H-2 nameplate census, player-relative ground offsets"
T02862,160,846.25,846.6167,18,566.12,4.7573,4.529,564.25,4.7416,4.514,0,60.0,6,6,"Lap H-2 nameplate census, player-relative ground offsets"
T02863,160,846.2667,846.6167,19,574.43,4.8271,4.5954,563.6,4.7361,4.5088,0,60.0,6,6,"Lap H-2 nameplate census, player-relative ground offsets"
T02864,160,846.3667,846.5667,7,306.09,2.5722,2.4487,287.02,2.412,2.2962,0,60.0,6,6,"Lap H-2 nameplate census, player-relative ground offsets"
T02865,160,846.45,846.6167,10,669.47,5.6258,5.3558,669.47,5.6258,5.3558,0,60.0,6,6,"Lap H-2 nameplate census, player-relative ground offsets"
T02866,160,846.45,846.7333,9,20.0,0.1681,0.16,20.0,0.1681,0.16,0,60.0,6,6,"Lap H-2 nameplate census, player-relative ground offsets"
T02867,160,846.5,846.6,7,272.83,2.2927,2.1826,240.26,2.019,1.9221,0,60.0,6,6,"Lap H-2 nameplate census, player-relative ground offsets"
T02868,160,846.5,846.6167,8,523.29,4.3974,4.1863,515.83,4.3347,4.1266,0,60.0,6,6,"Lap H-2 nameplate census, player-relative ground offsets"
T02869,160,846.5667,846.8167,11,210.57,1.7695,1.6846,167.78,1.4099,1.3422,0,60.0,6,6,"Lap H-2 nameplate census, player-relative ground offsets"
T02870,160,846.6333,848.1,80,98.7,0.8294,0.7896,94.97,0.7981,0.7598,0,60.0,6,6,"Lap H-2 nameplate census, player-relative ground offsets"
T02871,160,846.7,846.8167,8,220.66,1.8543,1.7653,205.98,1.7309,1.6478,0,60.0,6,6,"Lap H-2 nameplate census, player-relative ground offsets"
T02872,160,846.7167,847.05,15,132.54,1.1138,1.0604,125.78,1.0569,1.0062,0,60.0,6,6,"Lap H-2 nameplate census, player-relative ground offsets"
T02873,160,846.7333,847.3,18,89.9,0.7555,0.7192,89.9,0.7555,0.7192,0,60.0,6,6,"Lap H-2 nameplate census, player-relative ground offsets"
T02874,160,846.7333,847.3833,40,269.27,2.2628,2.1541,246.82,2.0741,1.9746,0,60.0,6,6,"Lap H-2 nameplate census, player-relative ground offsets"
T02875,160,846.8333,846.9833,8,201.98,1.6973,1.6158,181.98,1.5293,1.4559,0,60.0,6,6,"Lap H-2 nameplate census, player-relative ground offsets"
T02876,160,846.8333,847.0,10,516.77,4.3426,4.1342,516.61,4.3412,4.1329,0,60.0,6,6,"Lap H-2 nameplate census, player-relative ground offsets"
T02877,160,846.8333,847.0833,16,571.1,4.7991,4.5688,570.97,4.7981,4.5677,0,60.0,6,6,"Lap H-2 nameplate census, player-relative ground offsets"
T02878,160,846.8333,847.0833,16,515.83,4.3347,4.1266,515.83,4.3347,4.1266,0,60.0,6,6,"Lap H-2 nameplate census, player-relative ground offsets"
T02879,160,846.9,847.35,9,112.62,0.9463,0.9009,86.51,0.727,0.6921,0,60.0,6,6,"Lap H-2 nameplate census, player-relative ground offsets"
T02880,160,846.9167,847.0,6,675.36,5.6753,5.4029,675.36,5.6753,5.4029,0,60.0,6,6,"Lap H-2 nameplate census, player-relative ground offsets"
T02881,160,846.9167,847.0667,10,675.55,5.6769,5.4044,675.55,5.6769,5.4044,0,60.0,6,6,"Lap H-2 nameplate census, player-relative ground offsets"
T02882,160,846.9333,847.0667,9,668.74,5.6197,5.35,668.7,5.6193,5.3496,0,60.0,6,6,"Lap H-2 nameplate census, player-relative ground offsets"
T02883,160,846.9333,847.0833,10,501.86,4.2173,4.0149,501.86,4.2173,4.0149,0,60.0,6,6,"Lap H-2 nameplate census, player-relative ground offsets"
T02884,160,846.9333,847.1167,6,919.7,7.7285,7.3576,899.61,7.5597,7.1969,1,60.0,6,6,"Lap H-2 nameplate census, player-relative ground offsets"
T02885,160,846.9833,847.2833,6,12.27,0.1031,0.0981,12.27,0.1031,0.0981,0,60.0,6,6,"Lap H-2 nameplate census, player-relative ground offsets"
T02886,160,847.05,847.35,8,145.75,1.2248,1.166,141.73,1.191,1.1339,0,60.0,6,6,"Lap H-2 nameplate census, player-relative ground offsets"
T02887,160,847.0833,847.2667,9,61.21,0.5144,0.4897,57.76,0.4853,0.462,0,60.0,6,6,"Lap H-2 nameplate census, player-relative ground offsets"
T02888,160,847.1,847.2167,8,452.74,3.8045,3.6219,445.08,3.7402,3.5607,0,60.0,6,6,"Lap H-2 nameplate census, player-relative ground offsets"
T02889,160,847.1,847.2167,6,17.8,0.1496,0.1424,9.78,0.0822,0.0783,0,60.0,6,6,"Lap H-2 nameplate census, player-relative ground offsets"
T02890,160,847.1,847.2333,9,573.89,4.8226,4.5911,566.45,4.7601,4.5316,0,60.0,6,6,"Lap H-2 nameplate census, player-relative ground offsets"
T02891,160,847.1,847.2833,12,562.73,4.7288,4.5019,555.03,4.6641,4.4402,0,60.0,6,6,"Lap H-2 nameplate census, player-relative ground offsets"
T02892,160,847.1,847.3167,10,146.03,1.2272,1.1683,118.84,0.9986,0.9507,0,60.0,6,6,"Lap H-2 nameplate census, player-relative ground offsets"
T02893,160,847.2,847.45,11,226.64,1.9046,1.8132,165.83,1.3935,1.3266,0,60.0,6,6,"Lap H-2 nameplate census, player-relative ground offsets"
T02894,160,847.2,847.6333,10,238.14,2.0012,1.9052,223.5,1.8781,1.788,0,60.0,6,6,"Lap H-2 nameplate census, player-relative ground offsets"
T02895,160,847.25,847.4833,6,107.42,0.9027,0.8594,101.56,0.8534,0.8124,0,60.0,6,6,"Lap H-2 nameplate census, player-relative ground offsets"
T02896,160,847.25,847.9667,43,893.53,7.5086,7.1482,838.49,7.0461,6.7079,1,60.0,6,6,"Lap H-2 nameplate census, player-relative ground offsets"
T02897,160,847.3333,847.6,17,1065.69,8.9554,8.5256,1053.84,8.8558,8.4308,1,60.0,6,6,"Lap H-2 nameplate census, player-relative ground offsets"
T02898,160,847.3667,848.05,42,496.06,4.1686,3.9685,430.62,3.6186,3.4449,0,60.0,6,6,"Lap H-2 nameplate census, player-relative ground offsets"
T02899,160,847.4667,847.6667,6,252.53,2.1221,2.0202,252.53,2.1221,2.0202,0,60.0,6,6,"Lap H-2 nameplate census, player-relative ground offsets"
T02900,160,847.4667,848.0,16,265.38,2.2301,2.123,256.24,2.1533,2.05,0,60.0,6,6,"Lap H-2 nameplate census, player-relative ground offsets"
T02901,160,847.5333,847.7333,7,320.15,2.6904,2.5612,319.98,2.6889,2.5598,0,60.0,6,6,"Lap H-2 nameplate census, player-relative ground offsets"
T02902,160,847.55,847.9,9,147.56,1.24,1.1805,134.79,1.1327,1.0783,0,60.0,6,6,"Lap H-2 nameplate census, player-relative ground offsets"
T02903,160,847.6167,847.8833,8,254.96,2.1425,2.0397,249.9,2.1,1.9992,0,60.0,6,6,"Lap H-2 nameplate census, player-relative ground offsets"
T02904,160,847.6167,848.0167,11,234.66,1.9719,1.8773,233.06,1.9585,1.8645,0,60.0,6,6,"Lap H-2 nameplate census, player-relative ground offsets"
T02905,160,847.6667,847.85,7,145.38,1.2217,1.1631,145.38,1.2217,1.1631,0,60.0,6,6,"Lap H-2 nameplate census, player-relative ground offsets"
T02906,160,847.6833,847.8667,10,34.8,0.2924,0.2784,11.65,0.0979,0.0932,0,60.0,6,6,"Lap H-2 nameplate census, player-relative ground offsets"
T02907,160,847.7167,848.05,10,182.08,1.5301,1.4567,141.82,1.1918,1.1346,0,60.0,6,6,"Lap H-2 nameplate census, player-relative ground offsets"
T02908,160,847.8,847.95,10,44.08,0.3705,0.3527,29.34,0.2465,0.2347,0,60.0,6,6,"Lap H-2 nameplate census, player-relative ground offsets"
T02909,160,847.8,848.0,9,871.11,7.3202,6.9688,863.75,7.2584,6.91,1,60.0,6,6,"Lap H-2 nameplate census, player-relative ground offsets"
T02910,160,847.8,848.0,7,28.7,0.2412,0.2296,20.45,0.1719,0.1636,0,60.0,6,6,"Lap H-2 nameplate census, player-relative ground offsets"
T02911,160,847.85,848.05,8,146.54,1.2314,1.1723,133.87,1.125,1.071,0,60.0,6,6,"Lap H-2 nameplate census, player-relative ground offsets"
T02912,160,847.85,848.1,12,172.3,1.4479,1.3784,162.41,1.3648,1.2993,0,60.0,6,6,"Lap H-2 nameplate census, player-relative ground offsets"
T02913,160,847.8667,848.0,7,42.25,0.3551,0.338,38.23,0.3212,0.3058,0,60.0,6,6,"Lap H-2 nameplate census, player-relative ground offsets"
T02914,160,847.8667,848.0167,6,55.84,0.4692,0.4467,15.7,0.1319,0.1256,0,60.0,6,6,"Lap H-2 nameplate census, player-relative ground offsets"
T02915,160,847.8667,848.05,7,44.88,0.3772,0.3591,44.88,0.3772,0.3591,0,60.0,6,6,"Lap H-2 nameplate census, player-relative ground offsets"
T02916,160,847.8833,848.05,8,295.86,2.4862,2.3669,219.93,1.8482,1.7595,0,60.0,6,6,"Lap H-2 nameplate census, player-relative ground offsets"
T02917,160,847.9333,848.0167,6,326.77,2.7459,2.6141,321.2,2.6991,2.5696,0,60.0,6,6,"Lap H-2 nameplate census, player-relative ground offsets"
T02918,160,848.1167,848.2833,7,344.68,2.8965,2.7575,338.28,2.8427,2.7062,0,60.0,6,6,"Lap H-2 nameplate census, player-relative ground offsets"
T02919,160,848.1167,848.4333,18,448.37,3.7678,3.5869,442.27,3.7166,3.5382,0,60.0,6,6,"Lap H-2 nameplate census, player-relative ground offsets"
T02920,160,848.1167,853.0667,283,589.42,4.9531,4.7154,589.42,4.9531,4.7154,0,60.0,6,6,"Lap H-2 nameplate census, player-relative ground offsets"
T02921,160,848.1333,848.8333,38,307.87,2.5871,2.4629,281.06,2.3618,2.2485,0,60.0,6,6,"Lap H-2 nameplate census, player-relative ground offsets"
T02922,160,848.15,848.3333,6,29.22,0.2456,0.2338,21.42,0.18,0.1713,0,60.0,6,6,"Lap H-2 nameplate census, player-relative ground offsets"
T02923,160,848.15,848.3333,7,33.49,0.2815,0.268,15.29,0.1285,0.1224,0,60.0,6,6,"Lap H-2 nameplate census, player-relative ground offsets"
T02924,160,848.1833,848.4333,9,185.1,1.5555,1.4808,185.1,1.5555,1.4808,0,60.0,6,6,"Lap H-2 nameplate census, player-relative ground offsets"
T02925,160,848.2,848.2833,6,354.0,2.9748,2.832,351.0,2.9496,2.808,0,60.0,6,6,"Lap H-2 nameplate census, player-relative ground offsets"
T02926,160,848.2,848.4667,15,362.54,3.0466,2.9003,345.67,2.9048,2.7654,0,60.0,6,6,"Lap H-2 nameplate census, player-relative ground offsets"
T02927,160,848.2833,848.4833,7,327.8,2.7546,2.6224,318.73,2.6784,2.5498,0,60.0,6,6,"Lap H-2 nameplate census, player-relative ground offsets"
T02928,160,848.2833,848.7333,10,163.93,1.3776,1.3115,131.87,1.1082,1.055,0,60.0,6,6,"Lap H-2 nameplate census, player-relative ground offsets"
T02929,160,848.3,849.1,45,316.01,2.6555,2.5281,311.94,2.6214,2.4955,0,60.0,6,6,"Lap H-2 nameplate census, player-relative ground offsets"
T02930,160,848.3667,848.45,6,152.82,1.2842,1.2225,135.94,1.1424,1.0875,0,60.0,6,6,"Lap H-2 nameplate census, player-relative ground offsets"
T02931,160,848.4167,848.9333,19,360.27,3.0275,2.8822,252.87,2.1249,2.0229,0,60.0,6,6,"Lap H-2 nameplate census, player-relative ground offsets"
T02932,160,848.4333,848.7167,7,364.29,3.0613,2.9143,350.25,2.9433,2.802,0,60.0,6,6,"Lap H-2 nameplate census, player-relative ground offsets"
T02933,160,848.4333,848.8667,16,343.78,2.8889,2.7503,324.05,2.7231,2.5924,0,60.0,6,6,"Lap H-2 nameplate census, player-relative ground offsets"
T02934,160,848.4333,848.95,25,362.88,3.0494,2.903,331.79,2.7882,2.6543,0,60.0,6,6,"Lap H-2 nameplate census, player-relative ground offsets"
T02935,160,848.4667,848.6667,9,32.05,0.2693,0.2564,32.01,0.269,0.2561,0,60.0,6,6,"Lap H-2 nameplate census, player-relative ground offsets"
T02936,160,848.4667,848.7,11,299.04,2.5129,2.3923,256.25,2.1533,2.05,0,60.0,6,6,"Lap H-2 nameplate census, player-relative ground offsets"
T02937,160,848.4667,849.1833,20,44.49,0.3739,0.3559,10.24,0.0861,0.0819,0,60.0,6,6,"Lap H-2 nameplate census, player-relative ground offsets"
T02938,160,848.55,848.6333,6,304.51,2.5589,2.4361,291.44,2.4491,2.3316,0,60.0,6,6,"Lap H-2 nameplate census, player-relative ground offsets"
T02939,160,848.55,848.8167,11,292.01,2.4539,2.3361,286.96,2.4115,2.2957,0,60.0,6,6,"Lap H-2 nameplate census, player-relative ground offsets"
T02940,160,848.55,848.8833,8,311.14,2.6147,2.4892,311.14,2.6147,2.4892,0,60.0,6,6,"Lap H-2 nameplate census, player-relative ground offsets"
T02941,160,848.55,848.9333,10,445.08,3.7401,3.5606,389.21,3.2707,3.1137,0,60.0,6,6,"Lap H-2 nameplate census, player-relative ground offsets"
T02942,160,848.5667,848.8667,12,20.02,0.1682,0.1602,11.22,0.0943,0.0897,0,60.0,6,6,"Lap H-2 nameplate census, player-relative ground offsets"
T02943,160,848.6,848.8667,7,295.59,2.484,2.3647,295.59,2.484,2.3647,0,60.0,6,6,"Lap H-2 nameplate census, player-relative ground offsets"
T02944,160,848.6667,849.2667,14,48.1,0.4042,0.3848,43.46,0.3652,0.3477,0,60.0,6,6,"Lap H-2 nameplate census, player-relative ground offsets"
T02945,160,848.6833,848.9667,10,1004.55,8.4416,8.0364,999.88,8.4024,7.9991,1,60.0,6,6,"Lap H-2 nameplate census, player-relative ground offsets"
T02946,160,848.7333,848.85,6,451.51,3.7942,3.6121,451.51,3.7942,3.6121,0,60.0,6,6,"Lap H-2 nameplate census, player-relative ground offsets"
T02947,160,848.7333,848.9833,9,440.69,3.7033,3.5255,420.82,3.5363,3.3666,0,60.0,6,6,"Lap H-2 nameplate census, player-relative ground offsets"
T02948,160,848.7333,850.2,82,317.71,2.6698,2.5417,206.71,1.737,1.6537,0,60.0,6,6,"Lap H-2 nameplate census, player-relative ground offsets"
T02949,160,848.75,849.0,9,425.23,3.5734,3.4019,355.5,2.9874,2.844,0,60.0,6,6,"Lap H-2 nameplate census, player-relative ground offsets"
T02950,160,848.7833,849.0167,11,348.12,2.9254,2.7849,344.8,2.8975,2.7584,0,60.0,6,6,"Lap H-2 nameplate census, player-relative ground offsets"
T02951,160,848.8,849.9333,62,360.26,3.0274,2.8821,357.87,3.0073,2.863,0,60.0,6,6,"Lap H-2 nameplate census, player-relative ground offsets"
T02952,160,848.95,849.1,6,254.15,2.1357,2.0332,238.14,2.0012,1.9052,0,60.0,6,6,"Lap H-2 nameplate census, player-relative ground offsets"
T02953,160,848.95,849.9333,31,244.95,2.0584,1.9596,244.95,2.0584,1.9596,0,60.0,6,6,"Lap H-2 nameplate census, player-relative ground offsets"
T02954,160,848.9667,850.9333,117,391.64,3.2911,3.1331,278.86,2.3433,2.2308,0,60.0,6,6,"Lap H-2 nameplate census, player-relative ground offsets"
T02955,160,849.0667,849.4333,12,261.07,2.1939,2.0886,220.18,1.8503,1.7615,0,60.0,6,6,"Lap H-2 nameplate census, player-relative ground offsets"
T02956,160,849.1,849.2167,6,327.15,2.7491,2.6172,306.34,2.5743,2.4507,0,60.0,6,6,"Lap H-2 nameplate census, player-relative ground offsets"
T02957,160,849.1,850.35,76,1068.13,8.9759,8.5451,1051.11,8.8329,8.4089,1,60.0,6,6,"Lap H-2 nameplate census, player-relative ground offsets"
T02958,160,849.1333,849.3667,7,391.09,3.2865,3.1287,322.18,2.7074,2.5775,0,60.0,6,6,"Lap H-2 nameplate census, player-relative ground offsets"
T02959,160,849.1667,849.3667,7,35.24,0.2961,0.2819,25.74,0.2163,0.2059,0,60.0,6,6,"Lap H-2 nameplate census, player-relative ground offsets"
T02960,160,849.35,849.6,8,252.35,2.1206,2.0188,238.57,2.0048,1.9086,0,60.0,6,6,"Lap H-2 nameplate census, player-relative ground offsets"
T02961,160,849.35,850.3667,28,271.63,2.2826,2.173,205.81,1.7295,1.6465,0,60.0,6,6,"Lap H-2 nameplate census, player-relative ground offsets"
T02962,160,849.4167,849.6,6,214.08,1.799,1.7126,210.18,1.7662,1.6814,0,60.0,6,6,"Lap H-2 nameplate census, player-relative ground offsets"
T02963,160,849.4333,849.5833,10,548.06,4.6055,4.3845,548.06,4.6055,4.3845,0,60.0,6,6,"Lap H-2 nameplate census, player-relative ground offsets"
T02964,160,849.6,849.85,12,272.94,2.2936,2.1835,253.71,2.132,2.0296,0,60.0,6,6,"Lap H-2 nameplate census, player-relative ground offsets"
T02965,160,849.65,849.8,10,664.45,5.5836,5.3156,664.45,5.5836,5.3156,0,60.0,6,6,"Lap H-2 nameplate census, player-relative ground offsets"
T02966,160,849.65,850.3,19,380.21,3.195,3.0417,342.27,2.8762,2.7382,0,60.0,6,6,"Lap H-2 nameplate census, player-relative ground offsets"
T02967,160,849.6833,850.2667,18,5.93,0.0499,0.0475,5.93,0.0499,0.0475,0,60.0,6,6,"Lap H-2 nameplate census, player-relative ground offsets"
T02968,160,849.7167,849.95,6,274.84,2.3096,2.1987,240.13,2.0179,1.921,0,60.0,6,6,"Lap H-2 nameplate census, player-relative ground offsets"
T02969,160,849.85,850.2,10,283.2,2.3798,2.2656,244.01,2.0505,1.9521,0,60.0,6,6,"Lap H-2 nameplate census, player-relative ground offsets"
T02970,160,849.9167,850.2333,11,90.02,0.7565,0.7202,19.09,0.1604,0.1527,0,60.0,6,6,"Lap H-2 nameplate census, player-relative ground offsets"
T02971,160,849.9333,850.1333,13,362.75,3.0483,2.902,286.71,2.4094,2.2937,0,60.0,6,6,"Lap H-2 nameplate census, player-relative ground offsets"
T02972,160,849.9667,850.9167,50,667.31,5.6077,5.3385,656.77,5.5191,5.2541,0,60.0,6,6,"Lap H-2 nameplate census, player-relative ground offsets"
T02973,160,850.0333,850.4167,11,213.57,1.7947,1.7086,213.57,1.7947,1.7086,0,60.0,6,6,"Lap H-2 nameplate census, player-relative ground offsets"
T02974,160,850.0667,850.1833,8,674.15,5.6651,5.3932,674.15,5.6651,5.3932,0,60.0,6,6,"Lap H-2 nameplate census, player-relative ground offsets"
T02975,160,850.0667,850.1833,8,669.98,5.63,5.3598,669.98,5.63,5.3598,0,60.0,6,6,"Lap H-2 nameplate census, player-relative ground offsets"
T02976,160,850.0667,850.1833,8,669.55,5.6265,5.3564,669.55,5.6265,5.3564,0,60.0,6,6,"Lap H-2 nameplate census, player-relative ground offsets"
T02977,160,850.0667,850.1833,8,678.86,5.7047,5.4309,678.86,5.7047,5.4309,0,60.0,6,6,"Lap H-2 nameplate census, player-relative ground offsets"
T02978,160,850.0667,850.3167,13,376.98,3.1679,3.0159,324.64,2.7281,2.5971,0,60.0,6,6,"Lap H-2 nameplate census, player-relative ground offsets"
T02979,160,850.1,850.2,7,577.65,4.8542,4.6212,576.72,4.8464,4.6138,0,60.0,6,6,"Lap H-2 nameplate census, player-relative ground offsets"
T02980,160,850.1,850.2,7,431.67,3.6275,3.4534,378.18,3.178,3.0254,0,60.0,6,6,"Lap H-2 nameplate census, player-relative ground offsets"
T02981,160,850.1,850.2667,6,333.11,2.7992,2.6649,274.04,2.3029,2.1923,0,60.0,6,6,"Lap H-2 nameplate census, player-relative ground offsets"
T02982,160,850.1167,850.7167,37,577.65,4.8542,4.6212,554.31,4.6581,4.4345,0,60.0,6,6,"Lap H-2 nameplate census, player-relative ground offsets"
T02983,160,850.1333,850.8,31,272.54,2.2903,2.1804,165.33,1.3893,1.3226,0,60.0,6,6,"Lap H-2 nameplate census, player-relative ground offsets"
T02984,160,850.1667,850.5333,14,201.15,1.6904,1.6092,173.29,1.4562,1.3863,0,60.0,6,6,"Lap H-2 nameplate census, player-relative ground offsets"
T02985,160,850.2,850.2833,6,490.14,4.1188,3.9211,456.23,3.8339,3.6499,0,60.0,6,6,"Lap H-2 nameplate census, player-relative ground offsets"
T02986,160,850.2167,850.7167,31,445.07,3.74,3.5605,426.44,3.5836,3.4115,0,60.0,6,6,"Lap H-2 nameplate census, player-relative ground offsets"
T02987,160,850.25,850.6167,9,262.99,2.21,2.1039,246.43,2.0709,1.9715,0,60.0,6,6,"Lap H-2 nameplate census, player-relative ground offsets"
T02988,160,850.2833,850.9,16,321.52,2.7019,2.5722,321.52,2.7019,2.5722,0,60.0,6,6,"Lap H-2 nameplate census, player-relative ground offsets"
T02989,160,850.2833,850.95,33,24.61,0.2068,0.1969,24.61,0.2068,0.1969,0,60.0,6,6,"Lap H-2 nameplate census, player-relative ground offsets"
T02990,160,850.3,850.9167,18,409.22,3.4388,3.2737,350.86,2.9484,2.8069,0,60.0,6,6,"Lap H-2 nameplate census, player-relative ground offsets"
T02991,160,850.3167,850.5167,6,101.92,0.8565,0.8154,81.13,0.6817,0.649,0,60.0,6,6,"Lap H-2 nameplate census, player-relative ground offsets"
T02992,160,850.3333,851.15,48,422.98,3.5544,3.3838,251.93,2.1171,2.0155,0,60.0,6,6,"Lap H-2 nameplate census, player-relative ground offsets"
T02993,160,850.35,854.8833,232,922.5,7.7521,7.38,641.71,5.3925,5.1337,1,60.0,6,6,"Lap H-2 nameplate census, player-relative ground offsets"
T02994,160,850.4,850.4833,6,62.86,0.5282,0.5029,58.96,0.4955,0.4717,0,60.0,6,6,"Lap H-2 nameplate census, player-relative ground offsets"
T02995,160,850.4333,851.6833,26,146.92,1.2346,1.1753,139.22,1.17,1.1138,0,60.0,6,6,"Lap H-2 nameplate census, player-relative ground offsets"
T02996,160,850.5167,850.65,6,363.14,3.0516,2.9051,335.85,2.8223,2.6868,0,60.0,6,6,"Lap H-2 nameplate census, player-relative ground offsets"
T02997,160,850.5333,850.6167,6,227.27,1.9098,1.8181,210.44,1.7684,1.6835,0,60.0,6,6,"Lap H-2 nameplate census, player-relative ground offsets"
T02998,160,850.5333,850.7333,6,92.1,0.7739,0.7368,92.1,0.7739,0.7368,0,60.0,6,6,"Lap H-2 nameplate census, player-relative ground offsets"
T02999,160,850.55,850.8,9,389.61,3.274,3.1169,353.85,2.9735,2.8308,0,60.0,6,6,"Lap H-2 nameplate census, player-relative ground offsets"
T03000,160,850.5667,850.8,8,785.63,6.6019,6.285,756.23,6.3549,6.0498,1,60.0,6,6,"Lap H-2 nameplate census, player-relative ground offsets"
T03001,160,850.5667,850.9,8,247.92,2.0833,1.9833,247.92,2.0833,1.9833,0,60.0,6,6,"Lap H-2 nameplate census, player-relative ground offsets"
T03002,160,850.7333,852.0833,34,128.76,1.082,1.0301,9.56,0.0804,0.0765,0,60.0,6,6,"Lap H-2 nameplate census, player-relative ground offsets"
T03003,160,850.75,851.0833,14,347.08,2.9167,2.7767,273.08,2.2947,2.1846,0,60.0,6,6,"Lap H-2 nameplate census, player-relative ground offsets"
T03004,160,850.8,851.0,8,11.87,0.0997,0.095,11.87,0.0997,0.095,0,60.0,6,6,"Lap H-2 nameplate census, player-relative ground offsets"
T03005,160,850.8,851.0333,7,106.01,0.8908,0.848,42.41,0.3564,0.3393,0,60.0,6,6,"Lap H-2 nameplate census, player-relative ground offsets"
T03006,160,850.8,851.0667,8,202.99,1.7058,1.6239,202.99,1.7058,1.6239,0,60.0,6,6,"Lap H-2 nameplate census, player-relative ground offsets"
T03007,160,850.8,851.1667,9,787.85,6.6206,6.3028,656.59,5.5175,5.2527,1,60.0,6,6,"Lap H-2 nameplate census, player-relative ground offsets"
T03008,160,850.85,851.0667,8,799.09,6.715,6.3927,746.11,6.2698,5.9689,1,60.0,6,6,"Lap H-2 nameplate census, player-relative ground offsets"
T03009,160,850.85,851.5667,34,752.5,6.3235,6.02,588.3,4.9437,4.7064,0,60.0,6,6,"Lap H-2 nameplate census, player-relative ground offsets"
T03010,160,850.8667,851.0833,7,689.65,5.7954,5.5172,669.06,5.6224,5.3525,0,60.0,6,6,"Lap H-2 nameplate census, player-relative ground offsets"
T03011,160,850.8667,851.0833,6,692.31,5.8177,5.5385,664.65,5.5853,5.3172,0,60.0,6,6,"Lap H-2 nameplate census, player-relative ground offsets"
T03012,160,850.9,851.1667,11,128.22,1.0775,1.0257,105.81,0.8891,0.8465,0,60.0,6,6,"Lap H-2 nameplate census, player-relative ground offsets"
T03013,160,850.9167,851.0333,6,683.75,5.7458,5.47,638.26,5.3635,5.1061,0,60.0,6,6,"Lap H-2 nameplate census, player-relative ground offsets"
T03014,160,850.9167,851.1,6,643.68,5.4091,5.1495,617.63,5.1902,4.9411,0,60.0,6,6,"Lap H-2 nameplate census, player-relative ground offsets"
T03015,160,850.9333,851.0667,6,858.32,7.2128,6.8666,815.21,6.8505,6.5217,1,60.0,6,6,"Lap H-2 nameplate census, player-relative ground offsets"
T03016,160,850.9667,851.2,13,119.95,1.0079,0.9596,119.95,1.0079,0.9596,0,60.0,6,6,"Lap H-2 nameplate census, player-relative ground offsets"
T03017,160,850.9833,851.4167,15,374.75,3.1491,2.998,374.75,3.1491,2.998,0,60.0,6,6,"Lap H-2 nameplate census, player-relative ground offsets"
T03018,160,851.0,851.2333,13,280.13,2.354,2.241,280.13,2.354,2.241,0,60.0,6,6,"Lap H-2 nameplate census, player-relative ground offsets"
T03019,160,851.0333,851.15,7,566.7,4.7621,4.5336,566.7,4.7621,4.5336,0,60.0,6,6,"Lap H-2 nameplate census, player-relative ground offsets"
T03020,160,851.0333,851.2667,6,395.93,3.3271,3.1674,384.77,3.2334,3.0782,0,60.0,6,6,"Lap H-2 nameplate census, player-relative ground offsets"
T03021,160,851.05,851.1833,7,464.59,3.9041,3.7167,464.59,3.9041,3.7167,0,60.0,6,6,"Lap H-2 nameplate census, player-relative ground offsets"
T03022,160,851.05,851.3667,10,251.79,2.1159,2.0143,189.73,1.5944,1.5178,0,60.0,6,6,"Lap H-2 nameplate census, player-relative ground offsets"
T03023,160,851.05,851.85,49,1057.98,8.8906,8.4639,1054.95,8.8652,8.4396,1,60.0,6,6,"Lap H-2 nameplate census, player-relative ground offsets"
T03024,160,851.0833,851.3333,11,329.57,2.7695,2.6365,326.59,2.7445,2.6128,0,60.0,6,6,"Lap H-2 nameplate census, player-relative ground offsets"
T03025,160,851.1167,851.35,10,331.4,2.7849,2.6512,317.73,2.67,2.5418,0,60.0,6,6,"Lap H-2 nameplate census, player-relative ground offsets"
T03026,160,851.1333,851.3,6,315.11,2.6479,2.5208,315.11,2.6479,2.5208,0,60.0,6,6,"Lap H-2 nameplate census, player-relative ground offsets"
T03027,160,851.1833,851.3,8,384.75,3.2332,3.078,384.75,3.2332,3.078,0,60.0,6,6,"Lap H-2 nameplate census, player-relative ground offsets"
T03028,160,851.1833,851.4667,10,40.13,0.3372,0.321,13.07,0.1099,0.1046,0,60.0,6,6,"Lap H-2 nameplate census, player-relative ground offsets"
T03029,160,851.2,855.2833,218,398.37,3.3476,3.1869,87.42,0.7346,0.6994,0,60.0,6,6,"Lap H-2 nameplate census, player-relative ground offsets"
T03030,160,851.2167,851.35,8,58.85,0.4945,0.4708,53.4,0.4488,0.4272,0,60.0,6,6,"Lap H-2 nameplate census, player-relative ground offsets"
T03031,160,851.2333,851.5333,11,433.09,3.6394,3.4647,433.09,3.6394,3.4647,0,60.0,6,6,"Lap H-2 nameplate census, player-relative ground offsets"
T03032,160,851.2333,851.7333,13,393.58,3.3074,3.1486,393.58,3.3074,3.1486,0,60.0,6,6,"Lap H-2 nameplate census, player-relative ground offsets"
T03033,160,851.2667,851.5667,9,256.11,2.1522,2.0489,254.79,2.1411,2.0383,0,60.0,6,6,"Lap H-2 nameplate census, player-relative ground offsets"
T03034,160,851.3,851.6,8,454.24,3.8172,3.6339,454.24,3.8172,3.6339,0,60.0,6,6,"Lap H-2 nameplate census, player-relative ground offsets"
T03035,160,851.3167,851.55,8,411.11,3.4547,3.2889,367.88,3.0914,2.943,0,60.0,6,6,"Lap H-2 nameplate census, player-relative ground offsets"
T03036,160,851.4167,851.55,8,338.14,2.8415,2.7052,313.5,2.6344,2.508,0,60.0,6,6,"Lap H-2 nameplate census, player-relative ground offsets"
T03037,160,851.4167,851.6333,6,386.87,3.251,3.095,380.18,3.1948,3.0415,0,60.0,6,6,"Lap H-2 nameplate census, player-relative ground offsets"
T03038,160,851.4167,851.7,11,435.47,3.6594,3.4837,435.47,3.6594,3.4837,0,60.0,6,6,"Lap H-2 nameplate census, player-relative ground offsets"
T03039,160,851.5,851.6,6,396.97,3.3359,3.1758,396.97,3.3359,3.1758,0,60.0,6,6,"Lap H-2 nameplate census, player-relative ground offsets"
T03040,160,851.5,851.7833,7,226.29,1.9016,1.8103,205.18,1.7242,1.6415,0,60.0,6,6,"Lap H-2 nameplate census, player-relative ground offsets"
T03041,160,851.5667,851.9833,15,401.62,3.375,3.213,307.18,2.5813,2.4574,0,60.0,6,6,"Lap H-2 nameplate census, player-relative ground offsets"
T03042,160,851.6,852.0833,20,529.03,4.4456,4.2322,209.26,1.7585,1.674,0,60.0,6,6,"Lap H-2 nameplate census, player-relative ground offsets"
T03043,160,851.6167,852.5167,25,60.05,0.5046,0.4804,51.55,0.4332,0.4124,0,60.0,6,6,"Lap H-2 nameplate census, player-relative ground offsets"
T03044,160,851.6333,852.05,12,15.19,0.1276,0.1215,11.57,0.0972,0.0926,0,60.0,6,6,"Lap H-2 nameplate census, player-relative ground offsets"
T03045,160,851.65,851.9167,8,586.77,4.9308,4.6941,586.77,4.9308,4.6941,0,60.0,6,6,"Lap H-2 nameplate census, player-relative ground offsets"
T03046,160,851.6833,852.1,12,560.72,4.7119,4.4858,534.94,4.4953,4.2795,0,60.0,6,6,"Lap H-2 nameplate census, player-relative ground offsets"
T03047,160,851.7,852.4,43,572.96,4.8148,4.5836,558.03,4.6893,4.4642,0,60.0,6,6,"Lap H-2 nameplate census, player-relative ground offsets"
T03048,160,851.7,852.4,43,446.0,3.7479,3.568,432.03,3.6305,3.4562,0,60.0,6,6,"Lap H-2 nameplate census, player-relative ground offsets"
T03049,160,851.7167,851.8333,8,583.86,4.9064,4.6709,583.86,4.9064,4.6709,0,60.0,6,6,"Lap H-2 nameplate census, player-relative ground offsets"
T03050,160,851.7167,852.25,33,445.76,3.7459,3.5661,440.37,3.7006,3.5229,0,60.0,6,6,"Lap H-2 nameplate census, player-relative ground offsets"
T03051,160,851.8333,852.2333,11,550.06,4.6224,4.4005,486.07,4.0846,3.8886,0,60.0,6,6,"Lap H-2 nameplate census, player-relative ground offsets"
T03052,160,851.85,851.9833,6,115.62,0.9716,0.925,96.19,0.8083,0.7695,0,60.0,6,6,"Lap H-2 nameplate census, player-relative ground offsets"
T03053,160,851.9167,852.0333,7,553.36,4.6501,4.4269,527.96,4.4366,4.2236,0,60.0,6,6,"Lap H-2 nameplate census, player-relative ground offsets"
T03054,160,851.9333,852.0333,7,508.24,4.2709,4.0659,485.39,4.0789,3.8831,0,60.0,6,6,"Lap H-2 nameplate census, player-relative ground offsets"
T03055,160,852.0,852.0833,6,568.19,4.7747,4.5456,568.19,4.7747,4.5456,0,60.0,6,6,"Lap H-2 nameplate census, player-relative ground offsets"
T03056,160,852.05,852.8333,26,597.17,5.0182,4.7774,431.69,3.6277,3.4536,0,60.0,6,6,"Lap H-2 nameplate census, player-relative ground offsets"
T03057,160,852.1167,852.5333,15,486.42,4.0875,3.8913,486.42,4.0875,3.8913,0,60.0,6,6,"Lap H-2 nameplate census, player-relative ground offsets"
T03058,160,852.15,852.3167,11,501.5,4.2143,4.012,500.15,4.203,4.0012,0,60.0,6,6,"Lap H-2 nameplate census, player-relative ground offsets"
T03059,160,852.1667,852.3833,7,399.87,3.3603,3.199,364.15,3.0601,2.9132,0,60.0,6,6,"Lap H-2 nameplate census, player-relative ground offsets"
T03060,160,852.1667,852.4,9,129.75,1.0903,1.038,115.18,0.9679,0.9215,0,60.0,6,6,"Lap H-2 nameplate census, player-relative ground offsets"
T03061,160,852.1833,852.3333,7,606.05,5.0928,4.8484,572.05,4.8072,4.5764,0,60.0,6,6,"Lap H-2 nameplate census, player-relative ground offsets"
T03062,160,852.2167,852.35,9,413.99,3.4789,3.3119,408.59,3.4335,3.2687,0,60.0,6,6,"Lap H-2 nameplate census, player-relative ground offsets"
T03063,160,852.2333,852.45,6,568.48,4.7771,4.5478,557.41,4.6841,4.4592,0,60.0,6,6,"Lap H-2 nameplate census, player-relative ground offsets"
T03064,160,852.2833,852.5333,8,458.59,3.8537,3.6688,408.22,3.4304,3.2658,0,60.0,6,6,"Lap H-2 nameplate census, player-relative ground offsets"
T03065,160,852.3167,852.65,12,561.04,4.7146,4.4883,558.91,4.6967,4.4713,0,60.0,6,6,"Lap H-2 nameplate census, player-relative ground offsets"
T03066,160,852.35,852.5833,7,785.72,6.6027,6.2857,762.64,6.4087,6.1011,1,60.0,6,6,"Lap H-2 nameplate census, player-relative ground offsets"
T03067,160,852.4833,852.8333,9,535.02,4.4959,4.2801,453.38,3.8099,3.627,0,60.0,6,6,"Lap H-2 nameplate census, player-relative ground offsets"
T03068,160,852.5,852.7,7,498.93,4.1927,3.9915,479.67,4.0308,3.8373,0,60.0,6,6,"Lap H-2 nameplate census, player-relative ground offsets"
T03069,160,852.5833,852.6667,6,768.74,6.46,6.1499,768.74,6.46,6.1499,1,60.0,6,6,"Lap H-2 nameplate census, player-relative ground offsets"
T03070,160,852.6333,852.7167,6,501.58,4.215,4.0126,501.58,4.215,4.0126,0,60.0,6,6,"Lap H-2 nameplate census, player-relative ground offsets"
T03071,160,852.6333,853.05,19,1073.58,9.0216,8.5886,1058.29,8.8932,8.4663,1,60.0,6,6,"Lap H-2 nameplate census, player-relative ground offsets"
T03072,160,852.65,852.95,12,529.63,4.4507,4.237,516.19,4.3377,4.1295,0,60.0,6,6,"Lap H-2 nameplate census, player-relative ground offsets"
T03073,160,852.65,853.1833,17,350.16,2.9425,2.8013,345.44,2.9029,2.7635,0,60.0,6,6,"Lap H-2 nameplate census, player-relative ground offsets"
T03074,160,852.6833,852.9333,10,329.93,2.7725,2.6395,329.93,2.7725,2.6395,0,60.0,6,6,"Lap H-2 nameplate census, player-relative ground offsets"
T03075,160,852.75,853.6,52,1066.84,8.9651,8.5347,1040.13,8.7406,8.321,1,60.0,6,6,"Lap H-2 nameplate census, player-relative ground offsets"
T03076,160,852.7667,852.85,6,348.95,2.9323,2.7916,340.81,2.864,2.7265,0,60.0,6,6,"Lap H-2 nameplate census, player-relative ground offsets"
T03077,160,852.7833,853.1667,9,393.62,3.3078,3.149,392.01,3.2942,3.1361,0,60.0,6,6,"Lap H-2 nameplate census, player-relative ground offsets"
T03078,160,852.8833,853.1,8,518.89,4.3604,4.1511,471.68,3.9637,3.7735,0,60.0,6,6,"Lap H-2 nameplate census, player-relative ground offsets"
T03079,160,852.9333,853.2333,12,789.48,6.6343,6.3158,777.21,6.5312,6.2177,1,60.0,6,6,"Lap H-2 nameplate census, player-relative ground offsets"
T03080,160,853.0,853.2167,6,405.97,3.4115,3.2478,405.97,3.4115,3.2478,0,60.0,6,6,"Lap H-2 nameplate census, player-relative ground offsets"
T03081,160,853.0,853.3333,15,322.12,2.7069,2.577,233.79,1.9646,1.8703,0,60.0,6,6,"Lap H-2 nameplate census, player-relative ground offsets"
T03082,160,853.0667,854.0667,59,1034.87,8.6964,8.279,704.81,5.9227,5.6385,1,60.0,6,6,"Lap H-2 nameplate census, player-relative ground offsets"
T03083,160,853.2333,853.4167,6,348.38,2.9275,2.787,301.22,2.5313,2.4098,0,60.0,6,6,"Lap H-2 nameplate census, player-relative ground offsets"
T03084,160,853.3167,853.5833,8,211.64,1.7785,1.6932,113.13,0.9506,0.905,0,60.0,6,6,"Lap H-2 nameplate census, player-relative ground offsets"
T03085,160,853.3667,853.8,7,43.98,0.3695,0.3518,41.53,0.349,0.3323,0,60.0,6,6,"Lap H-2 nameplate census, player-relative ground offsets"
T03086,160,853.4,853.7167,9,273.54,2.2987,2.1883,187.13,1.5725,1.497,0,60.0,6,6,"Lap H-2 nameplate census, player-relative ground offsets"
T03087,160,853.4667,853.7,13,173.46,1.4577,1.3877,131.83,1.1078,1.0546,0,60.0,6,6,"Lap H-2 nameplate census, player-relative ground offsets"
T03088,160,853.4667,853.7167,7,313.11,2.6312,2.5049,235.1,1.9756,1.8808,0,60.0,6,6,"Lap H-2 nameplate census, player-relative ground offsets"
T03089,160,853.4667,853.8833,12,273.79,2.3007,2.1903,232.94,1.9575,1.8635,0,60.0,6,6,"Lap H-2 nameplate census, player-relative ground offsets"
T03090,160,853.4833,853.75,9,289.54,2.4331,2.3163,223.8,1.8807,1.7904,0,60.0,6,6,"Lap H-2 nameplate census, player-relative ground offsets"
T03091,160,853.55,854.1667,18,325.84,2.7381,2.6067,288.59,2.4251,2.3087,0,60.0,6,6,"Lap H-2 nameplate census, player-relative ground offsets"
T03092,160,853.5667,853.7667,8,351.56,2.9543,2.8125,348.15,2.9256,2.7852,0,60.0,6,6,"Lap H-2 nameplate census, player-relative ground offsets"
T03093,160,853.5667,853.8167,8,785.29,6.5991,6.2823,781.67,6.5687,6.2534,1,60.0,6,6,"Lap H-2 nameplate census, player-relative ground offsets"
T03094,160,853.6,853.75,10,659.22,5.5396,5.2737,659.22,5.5396,5.2737,0,60.0,6,6,"Lap H-2 nameplate census, player-relative ground offsets"
T03095,160,853.6,853.8,8,664.8,5.5866,5.3184,664.8,5.5866,5.3184,0,60.0,6,6,"Lap H-2 nameplate census, player-relative ground offsets"
T03096,160,853.6,853.9,19,570.3,4.7924,4.5624,566.02,4.7565,4.5281,0,60.0,6,6,"Lap H-2 nameplate census, player-relative ground offsets"
T03097,160,853.6,853.9167,8,820.76,6.8972,6.5661,811.96,6.8232,6.4957,1,60.0,6,6,"Lap H-2 nameplate census, player-relative ground offsets"
T03098,160,853.6,854.5833,58,562.48,4.7267,4.4998,557.9,4.6882,4.4632,0,60.0,6,6,"Lap H-2 nameplate census, player-relative ground offsets"
T03099,160,853.65,853.8,7,64.33,0.5406,0.5147,54.96,0.4619,0.4397,0,60.0,6,6,"Lap H-2 nameplate census, player-relative ground offsets"
T03100,160,853.6667,853.9667,10,749.08,6.2948,5.9926,712.18,5.9847,5.6974,0,60.0,6,6,"Lap H-2 nameplate census, player-relative ground offsets"
T03101,160,853.8333,854.0333,6,21.73,0.1826,0.1738,20.02,0.1682,0.1602,0,60.0,6,6,"Lap H-2 nameplate census, player-relative ground offsets"
T03102,160,853.8333,854.3167,28,1055.06,8.8661,8.4405,1050.53,8.828,8.4043,1,60.0,6,6,"Lap H-2 nameplate census, player-relative ground offsets"
T03103,160,853.9,854.05,7,44.87,0.3771,0.359,44.87,0.3771,0.359,0,60.0,6,6,"Lap H-2 nameplate census, player-relative ground offsets"
T03104,160,853.9833,854.1833,7,343.3,2.8849,2.7464,343.3,2.8849,2.7464,0,60.0,6,6,"Lap H-2 nameplate census, player-relative ground offsets"
T03105,160,853.9833,854.3167,9,325.98,2.7394,2.6079,325.98,2.7394,2.6079,0,60.0,6,6,"Lap H-2 nameplate census, player-relative ground offsets"
T03106,160,854.0,854.6167,16,298.88,2.5116,2.3911,279.82,2.3514,2.2386,0,60.0,6,6,"Lap H-2 nameplate census, player-relative ground offsets"
T03107,160,854.0333,854.1167,6,252.49,2.1217,2.0199,252.49,2.1217,2.0199,0,60.0,6,6,"Lap H-2 nameplate census, player-relative ground offsets"
T03108,160,854.0333,854.2333,7,349.99,2.9411,2.7999,346.08,2.9083,2.7687,0,60.0,6,6,"Lap H-2 nameplate census, player-relative ground offsets"
T03109,160,854.05,854.1833,8,1200.71,10.09,9.6057,1200.71,10.09,9.6057,1,60.0,6,6,"Lap H-2 nameplate census, player-relative ground offsets"
T03110,160,854.0667,854.2333,6,157.02,1.3195,1.2561,157.02,1.3195,1.2561,0,60.0,6,6,"Lap H-2 nameplate census, player-relative ground offsets"
T03111,160,854.0667,854.2333,9,1183.41,9.9446,9.4673,1183.41,9.9446,9.4673,1,60.0,6,6,"Lap H-2 nameplate census, player-relative ground offsets"
T03112,160,854.0667,854.8167,13,173.99,1.4621,1.3919,173.99,1.4621,1.3919,0,60.0,6,6,"Lap H-2 nameplate census, player-relative ground offsets"
T03113,160,854.1167,854.4333,8,262.01,2.2018,2.0961,262.01,2.2018,2.0961,0,60.0,6,6,"Lap H-2 nameplate census, player-relative ground offsets"
T03114,160,854.15,854.2667,6,447.61,3.7614,3.5809,446.59,3.7528,3.5727,0,60.0,6,6,"Lap H-2 nameplate census, player-relative ground offsets"
T03115,160,854.15,854.5833,25,499.59,4.1982,3.9967,499.44,4.1969,3.9955,0,60.0,6,6,"Lap H-2 nameplate census, player-relative ground offsets"
T03116,160,854.15,854.6667,16,91.96,0.7728,0.7357,45.22,0.38,0.3618,0,60.0,6,6,"Lap H-2 nameplate census, player-relative ground offsets"
T03117,160,854.2333,854.5833,19,446.93,3.7557,3.5755,444.13,3.7322,3.5531,0,60.0,6,6,"Lap H-2 nameplate census, player-relative ground offsets"
T03118,160,854.2333,855.0333,21,165.45,1.3903,1.3236,155.33,1.3053,1.2427,0,60.0,6,6,"Lap H-2 nameplate census, player-relative ground offsets"
T03119,160,854.25,854.4667,14,460.02,3.8657,3.6802,456.73,3.8381,3.6538,0,60.0,6,6,"Lap H-2 nameplate census, player-relative ground offsets"
T03120,160,854.4833,855.0833,21,100.88,0.8477,0.8071,33.89,0.2848,0.2712,0,60.0,6,6,"Lap H-2 nameplate census, player-relative ground offsets"
T03121,160,854.5,854.6,7,91.91,0.7723,0.7353,91.91,0.7723,0.7353,0,60.0,6,6,"Lap H-2 nameplate census, player-relative ground offsets"
T03122,160,854.5833,854.7833,6,8.44,0.0709,0.0675,8.44,0.0709,0.0675,0,60.0,6,6,"Lap H-2 nameplate census, player-relative ground offsets"
T03123,160,854.5833,854.8167,7,194.61,1.6354,1.5569,194.61,1.6354,1.5569,0,60.0,6,6,"Lap H-2 nameplate census, player-relative ground offsets"
T03124,160,854.6333,854.9833,10,351.65,2.955,2.8132,351.65,2.955,2.8132,0,60.0,6,6,"Lap H-2 nameplate census, player-relative ground offsets"
T03125,160,854.6667,855.3333,34,188.86,1.5871,1.5109,188.86,1.5871,1.5109,0,60.0,6,6,"Lap H-2 nameplate census, player-relative ground offsets"
T03126,160,854.7667,855.1333,19,54.51,0.4581,0.4361,9.36,0.0787,0.0749,0,60.0,6,6,"Lap H-2 nameplate census, player-relative ground offsets"
T03127,160,854.7667,856.6333,101,669.14,5.623,5.3531,27.46,0.2308,0.2197,0,60.0,6,6,"Lap H-2 nameplate census, player-relative ground offsets"
T03128,160,854.9167,855.4167,11,581.34,4.8852,4.6507,459.03,3.8574,3.6723,0,60.0,6,6,"Lap H-2 nameplate census, player-relative ground offsets"
T03129,160,854.95,855.2,9,515.56,4.3324,4.1244,515.56,4.3324,4.1244,0,60.0,6,6,"Lap H-2 nameplate census, player-relative ground offsets"
T03130,160,855.0,855.8667,22,259.43,2.1801,2.0754,201.5,1.6933,1.612,0,60.0,6,6,"Lap H-2 nameplate census, player-relative ground offsets"
T03131,160,855.05,855.4333,14,282.48,2.3738,2.2599,282.48,2.3738,2.2599,0,60.0,6,6,"Lap H-2 nameplate census, player-relative ground offsets"
T03132,160,855.1,855.3167,9,401.12,3.3708,3.209,401.12,3.3708,3.209,0,60.0,6,6,"Lap H-2 nameplate census, player-relative ground offsets"
T03133,160,855.1667,855.3167,6,283.82,2.3851,2.2706,281.9,2.3689,2.2552,0,60.0,6,6,"Lap H-2 nameplate census, player-relative ground offsets"
T03134,160,855.2,855.6833,30,1058.56,8.8954,8.4685,1057.67,8.8879,8.4613,1,60.0,6,6,"Lap H-2 nameplate census, player-relative ground offsets"
T03135,160,855.2167,855.6667,14,206.88,1.7385,1.6551,206.88,1.7385,1.6551,0,60.0,6,6,"Lap H-2 nameplate census, player-relative ground offsets"
T03136,160,855.2333,855.4333,6,313.16,2.6316,2.5053,313.16,2.6316,2.5053,0,60.0,6,6,"Lap H-2 nameplate census, player-relative ground offsets"
T03137,160,855.25,855.35,7,685.79,5.763,5.4863,685.79,5.763,5.4863,0,60.0,6,6,"Lap H-2 nameplate census, player-relative ground offsets"
T03138,160,855.2833,856.0667,27,569.35,4.7845,4.5548,569.35,4.7845,4.5548,0,60.0,6,6,"Lap H-2 nameplate census, player-relative ground offsets"
T03139,160,855.35,855.85,29,458.21,3.8505,3.6656,453.77,3.8132,3.6302,0,60.0,6,6,"Lap H-2 nameplate census, player-relative ground offsets"
T03140,160,855.3667,855.5333,6,851.36,7.1543,6.8109,851.36,7.1543,6.8109,1,60.0,6,6,"Lap H-2 nameplate census, player-relative ground offsets"
T03141,160,855.4,856.3,26,17.06,0.1433,0.1365,9.52,0.08,0.0762,0,60.0,6,6,"Lap H-2 nameplate census, player-relative ground offsets"
T03142,160,855.5833,855.7167,6,65.43,0.5498,0.5234,58.45,0.4912,0.4676,0,60.0,6,6,"Lap H-2 nameplate census, player-relative ground offsets"
T03143,160,855.6,855.7167,6,515.18,4.3293,4.1215,515.18,4.3293,4.1215,0,60.0,6,6,"Lap H-2 nameplate census, player-relative ground offsets"
T03144,160,855.6833,856.1167,20,26.44,0.2222,0.2115,26.44,0.2222,0.2115,0,60.0,6,6,"Lap H-2 nameplate census, player-relative ground offsets"
T03145,160,855.7167,856.1667,16,546.14,4.5894,4.3691,496.03,4.1683,3.9682,0,60.0,6,6,"Lap H-2 nameplate census, player-relative ground offsets"
T03146,160,855.8,856.1667,17,637.64,5.3584,5.1012,626.91,5.2682,5.0153,0,60.0,6,6,"Lap H-2 nameplate census, player-relative ground offsets"
T03147,160,855.85,856.1167,9,792.38,6.6587,6.3391,757.24,6.3633,6.0579,1,60.0,6,6,"Lap H-2 nameplate census, player-relative ground offsets"
T03148,160,855.85,856.2,15,729.36,6.1291,5.8349,729.36,6.1291,5.8349,0,60.0,6,6,"Lap H-2 nameplate census, player-relative ground offsets"
T03149,160,855.8667,856.2,12,533.61,4.4842,4.2689,533.61,4.4842,4.2689,0,60.0,6,6,"Lap H-2 nameplate census, player-relative ground offsets"
T03150,160,855.8833,856.25,13,684.04,5.7482,5.4723,653.02,5.4876,5.2242,0,60.0,6,6,"Lap H-2 nameplate census, player-relative ground offsets"
T03151,160,855.9333,856.1333,7,332.76,2.7963,2.6621,295.58,2.4839,2.3646,0,60.0,6,6,"Lap H-2 nameplate census, player-relative ground offsets"
T03152,160,855.9833,856.0833,6,564.39,4.7427,4.5151,564.39,4.7427,4.5151,0,60.0,6,6,"Lap H-2 nameplate census, player-relative ground offsets"
T03153,160,855.9833,856.1833,8,216.89,1.8226,1.7351,121.82,1.0237,0.9745,0,60.0,6,6,"Lap H-2 nameplate census, player-relative ground offsets"
T03154,160,856.05,856.2,6,542.98,4.5629,4.3439,542.98,4.5629,4.3439,0,60.0,6,6,"Lap H-2 nameplate census, player-relative ground offsets"
T03155,160,856.05,856.3167,12,13.51,0.1135,0.1081,10.44,0.0877,0.0835,0,60.0,6,6,"Lap H-2 nameplate census, player-relative ground offsets"
T03156,160,856.0667,856.2,6,625.48,5.2561,5.0038,621.97,5.2267,4.9758,0,60.0,6,6,"Lap H-2 nameplate census, player-relative ground offsets"
T03157,160,856.0833,856.2667,8,236.36,1.9862,1.8909,230.67,1.9384,1.8453,0,60.0,6,6,"Lap H-2 nameplate census, player-relative ground offsets"
T03158,160,856.1,856.2167,6,675.32,5.6749,5.4025,656.77,5.5191,5.2541,0,60.0,6,6,"Lap H-2 nameplate census, player-relative ground offsets"
T03159,160,856.1,856.6833,13,285.26,2.3972,2.2821,244.86,2.0576,1.9588,0,60.0,6,6,"Lap H-2 nameplate census, player-relative ground offsets"
T03160,160,856.1333,856.3,6,120.48,1.0125,0.9639,100.35,0.8433,0.8028,0,60.0,6,6,"Lap H-2 nameplate census, player-relative ground offsets"
T03161,160,856.1333,856.75,20,257.0,2.1597,2.056,218.39,1.8352,1.7471,0,60.0,6,6,"Lap H-2 nameplate census, player-relative ground offsets"
T03162,160,856.45,856.8833,16,878.34,7.381,7.0267,844.61,7.0976,6.7569,1,60.0,6,6,"Lap H-2 nameplate census, player-relative ground offsets"
T03163,160,856.4667,856.6167,6,815.5,6.8529,6.524,815.5,6.8529,6.524,1,60.0,6,6,"Lap H-2 nameplate census, player-relative ground offsets"
T03164,160,856.5333,856.8167,13,77.08,0.6477,0.6166,77.08,0.6477,0.6166,0,60.0,6,6,"Lap H-2 nameplate census, player-relative ground offsets"
T03165,160,856.5333,856.95,24,65.64,0.5516,0.5251,48.79,0.41,0.3903,0,60.0,6,6,"Lap H-2 nameplate census, player-relative ground offsets"
T03166,160,856.5333,857.2167,23,17.8,0.1496,0.1424,14.35,0.1206,0.1148,0,60.0,6,6,"Lap H-2 nameplate census, player-relative ground offsets"
T03167,160,856.5667,856.8833,8,969.97,8.151,7.7598,959.15,8.0601,7.6732,1,60.0,6,6,"Lap H-2 nameplate census, player-relative ground offsets"
T03168,160,856.8,856.9833,9,991.24,8.3298,7.93,969.98,8.1511,7.7598,1,60.0,6,6,"Lap H-2 nameplate census, player-relative ground offsets"
T03169,160,856.8,857.0167,13,819.2,6.8841,6.5536,817.64,6.8709,6.5411,1,60.0,6,6,"Lap H-2 nameplate census, player-relative ground offsets"
T03170,160,856.8833,857.2,11,72.68,0.6108,0.5814,37.18,0.3125,0.2975,0,60.0,6,6,"Lap H-2 nameplate census, player-relative ground offsets"
T03171,160,856.9167,857.2,13,871.98,7.3275,6.9758,852.12,7.1606,6.8169,1,60.0,6,6,"Lap H-2 nameplate census, player-relative ground offsets"
T03172,160,856.95,857.65,16,259.4,2.1799,2.0752,256.06,2.1518,2.0485,0,60.0,6,6,"Lap H-2 nameplate census, player-relative ground offsets"
T03173,160,857.0,857.1833,6,263.52,2.2145,2.1082,256.96,2.1593,2.0557,0,60.0,6,6,"Lap H-2 nameplate census, player-relative ground offsets"
T03174,160,857.0,857.6667,15,273.16,2.2955,2.1853,225.86,1.898,1.8069,0,60.0,6,6,"Lap H-2 nameplate census, player-relative ground offsets"
T03175,160,857.0333,857.25,6,316.76,2.6619,2.5341,316.76,2.6619,2.5341,0,60.0,6,6,"Lap H-2 nameplate census, player-relative ground offsets"
T03176,160,857.0833,857.1833,6,59.03,0.496,0.4722,49.61,0.4169,0.3969,0,60.0,6,6,"Lap H-2 nameplate census, player-relative ground offsets"
T03177,160,857.0833,857.2333,7,175.19,1.4722,1.4015,160.05,1.345,1.2804,0,60.0,6,6,"Lap H-2 nameplate census, player-relative ground offsets"
T03178,160,857.0833,857.75,14,205.36,1.7257,1.6429,171.15,1.4382,1.3692,0,60.0,6,6,"Lap H-2 nameplate census, player-relative ground offsets"
T03179,160,857.1,857.2667,9,301.94,2.5373,2.4155,261.43,2.1969,2.0915,0,60.0,6,6,"Lap H-2 nameplate census, player-relative ground offsets"
T03180,160,857.1,857.5167,8,236.25,1.9853,1.89,170.54,1.4331,1.3643,0,60.0,6,6,"Lap H-2 nameplate census, player-relative ground offsets"
T03181,160,857.1333,857.25,6,86.32,0.7254,0.6906,86.25,0.7248,0.69,0,60.0,6,6,"Lap H-2 nameplate census, player-relative ground offsets"
T03182,160,857.1833,858.15,44,40.99,0.3445,0.3279,32.65,0.2744,0.2612,0,60.0,6,6,"Lap H-2 nameplate census, player-relative ground offsets"
T03183,160,857.45,857.7,7,928.4,7.8017,7.4272,928.4,7.8017,7.4272,1,60.0,6,6,"Lap H-2 nameplate census, player-relative ground offsets"
T03184,160,857.4833,858.3333,15,287.0,2.4117,2.296,134.22,1.1279,1.0738,0,60.0,6,6,"Lap H-2 nameplate census, player-relative ground offsets"
T03185,160,857.5,857.75,10,986.35,8.2886,7.8908,978.18,8.22,7.8255,1,60.0,6,6,"Lap H-2 nameplate census, player-relative ground offsets"
T03186,160,857.55,857.6667,6,881.08,7.404,7.0486,881.08,7.404,7.0486,1,60.0,6,6,"Lap H-2 nameplate census, player-relative ground offsets"
T03187,160,857.6167,857.8,6,132.2,1.1109,1.0576,132.2,1.1109,1.0576,0,60.0,6,6,"Lap H-2 nameplate census, player-relative ground offsets"
T03188,160,857.65,857.75,7,243.48,2.046,1.9478,243.48,2.046,1.9478,0,60.0,6,6,"Lap H-2 nameplate census, player-relative ground offsets"
T03189,160,857.65,857.95,10,195.32,1.6413,1.5626,189.48,1.5923,1.5159,0,60.0,6,6,"Lap H-2 nameplate census, player-relative ground offsets"
T03190,160,857.7667,857.9,6,1148.94,9.6549,9.1915,1148.94,9.6549,9.1915,1,60.0,6,6,"Lap H-2 nameplate census, player-relative ground offsets"
T03191,160,857.7833,857.9833,6,328.02,2.7564,2.6241,314.0,2.6387,2.512,0,60.0,6,6,"Lap H-2 nameplate census, player-relative ground offsets"
T03192,160,857.7833,858.0167,9,59.89,0.5033,0.4791,50.7,0.4261,0.4056,0,60.0,6,6,"Lap H-2 nameplate census, player-relative ground offsets"
T03193,160,857.8333,858.2333,10,371.15,3.1189,2.9692,252.53,2.1221,2.0202,0,60.0,6,6,"Lap H-2 nameplate census, player-relative ground offsets"
T03194,160,857.8667,858.1,11,1031.52,8.6682,8.2522,1031.52,8.6682,8.2522,1,60.0,6,6,"Lap H-2 nameplate census, player-relative ground offsets"
T03195,160,857.8833,859.3,65,58.6,0.4925,0.4688,52.67,0.4426,0.4214,0,60.0,6,6,"Lap H-2 nameplate census, player-relative ground offsets"
T03196,160,857.9333,858.15,7,12.27,0.1031,0.0981,12.27,0.1031,0.0981,0,60.0,6,6,"Lap H-2 nameplate census, player-relative ground offsets"
T03197,160,857.9333,858.1833,9,404.22,3.3968,3.2338,347.09,2.9167,2.7767,0,60.0,6,6,"Lap H-2 nameplate census, player-relative ground offsets"
T03198,160,858.0333,858.2333,7,1188.83,9.9901,9.5106,1146.93,9.6381,9.1754,1,60.0,6,6,"Lap H-2 nameplate census, player-relative ground offsets"
T03199,160,858.05,858.2667,8,12.28,0.1032,0.0982,8.9,0.0748,0.0712,0,60.0,6,6,"Lap H-2 nameplate census, player-relative ground offsets"
T03200,160,858.1333,858.6833,16,290.44,2.4407,2.3236,244.4,2.0538,1.9552,0,60.0,6,6,"Lap H-2 nameplate census, player-relative ground offsets"
T03201,160,858.15,858.3667,6,300.35,2.524,2.4028,287.92,2.4195,2.3034,0,60.0,6,6,"Lap H-2 nameplate census, player-relative ground offsets"
T03202,160,858.1833,858.55,7,247.34,2.0785,1.9787,202.43,1.7011,1.6195,0,60.0,6,6,"Lap H-2 nameplate census, player-relative ground offsets"
T03203,160,858.2333,858.5,6,648.34,5.4482,5.1867,612.49,5.147,4.8999,0,60.0,6,6,"Lap H-2 nameplate census, player-relative ground offsets"
T03204,160,858.3167,859.7333,80,102.47,0.8611,0.8198,102.47,0.8611,0.8198,0,60.0,6,6,"Lap H-2 nameplate census, player-relative ground offsets"
T03205,160,858.3333,858.4833,6,63.42,0.533,0.5074,20.19,0.1697,0.1616,0,60.0,6,6,"Lap H-2 nameplate census, player-relative ground offsets"
T03206,160,858.3333,858.5167,7,150.99,1.2688,1.2079,95.81,0.8051,0.7665,0,60.0,6,6,"Lap H-2 nameplate census, player-relative ground offsets"
T03207,160,858.3333,858.5833,7,88.34,0.7424,0.7067,66.21,0.5564,0.5297,0,60.0,6,6,"Lap H-2 nameplate census, player-relative ground offsets"
T03208,160,858.3833,858.6167,9,200.22,1.6825,1.6017,200.22,1.6825,1.6017,0,60.0,6,6,"Lap H-2 nameplate census, player-relative ground offsets"
T03209,160,858.3833,858.7833,12,151.92,1.2767,1.2154,142.6,1.1983,1.1408,0,60.0,6,6,"Lap H-2 nameplate census, player-relative ground offsets"
T03210,160,858.4333,858.8333,9,135.62,1.1397,1.085,79.73,0.67,0.6378,0,60.0,6,6,"Lap H-2 nameplate census, player-relative ground offsets"
T03211,160,858.4667,858.7,11,251.06,2.1098,2.0085,185.04,1.5549,1.4803,0,60.0,6,6,"Lap H-2 nameplate census, player-relative ground offsets"
T03212,160,858.4667,858.75,8,185.36,1.5577,1.4829,166.64,1.4003,1.3331,0,60.0,6,6,"Lap H-2 nameplate census, player-relative ground offsets"
T03213,160,858.5333,859.0833,13,295.52,2.4834,2.3642,283.38,2.3814,2.2671,0,60.0,6,6,"Lap H-2 nameplate census, player-relative ground offsets"
T03214,160,858.55,858.7833,6,190.27,1.5989,1.5222,130.29,1.0949,1.0423,0,60.0,6,6,"Lap H-2 nameplate census, player-relative ground offsets"
T03215,160,858.5667,858.8167,10,245.14,2.06,1.9611,221.36,1.8602,1.7709,0,60.0,6,6,"Lap H-2 nameplate census, player-relative ground offsets"
T03216,160,858.5667,859.0,18,62.7,0.5269,0.5016,42.5,0.3571,0.34,0,60.0,6,6,"Lap H-2 nameplate census, player-relative ground offsets"
T03217,160,858.6,858.7167,6,267.19,2.2453,2.1375,242.46,2.0375,1.9397,0,60.0,6,6,"Lap H-2 nameplate census, player-relative ground offsets"
T03218,160,858.6667,858.8833,7,17.91,0.1505,0.1433,8.44,0.0709,0.0675,0,60.0,6,6,"Lap H-2 nameplate census, player-relative ground offsets"
T03219,160,858.6833,859.2333,10,239.57,2.0132,1.9166,225.98,1.899,1.8078,0,60.0,6,6,"Lap H-2 nameplate census, player-relative ground offsets"
T03220,160,858.7667,858.9667,8,27.0,0.2269,0.216,16.81,0.1413,0.1345,0,60.0,6,6,"Lap H-2 nameplate census, player-relative ground offsets"
T03221,160,858.85,858.9833,6,188.62,1.585,1.509,160.41,1.348,1.2833,0,60.0,6,6,"Lap H-2 nameplate census, player-relative ground offsets"
T03222,160,858.85,859.0667,7,246.09,2.068,1.9687,190.35,1.5995,1.5228,0,60.0,6,6,"Lap H-2 nameplate census, player-relative ground offsets"
T03223,160,858.85,859.25,13,162.33,1.3641,1.2986,124.52,1.0464,0.9962,0,60.0,6,6,"Lap H-2 nameplate census, player-relative ground offsets"
T03224,160,858.8833,859.15,9,158.89,1.3352,1.2712,158.89,1.3352,1.2712,0,60.0,6,6,"Lap H-2 nameplate census, player-relative ground offsets"
T03225,160,858.9333,859.4333,14,173.11,1.4547,1.3849,167.97,1.4115,1.3438,0,60.0,6,6,"Lap H-2 nameplate census, player-relative ground offsets"
T03226,160,859.1,859.2667,11,254.74,2.1406,2.0379,252.36,2.1207,2.0189,0,60.0,6,6,"Lap H-2 nameplate census, player-relative ground offsets"
T03227,160,859.15,859.2833,7,325.54,2.7356,2.6043,300.75,2.5274,2.406,0,60.0,6,6,"Lap H-2 nameplate census, player-relative ground offsets"
T03228,160,859.15,859.3667,9,258.13,2.1692,2.0651,232.52,1.954,1.8602,0,60.0,6,6,"Lap H-2 nameplate census, player-relative ground offsets"
T03229,160,859.1833,859.55,7,83.89,0.705,0.6712,79.58,0.6687,0.6366,0,60.0,6,6,"Lap H-2 nameplate census, player-relative ground offsets"
T03230,160,859.2167,860.0167,39,70.62,0.5934,0.5649,63.68,0.5352,0.5095,0,60.0,6,6,"Lap H-2 nameplate census, player-relative ground offsets"
T03231,160,859.2333,859.5833,10,194.75,1.6366,1.558,183.73,1.544,1.4698,0,60.0,6,6,"Lap H-2 nameplate census, player-relative ground offsets"
T03232,160,859.2667,859.55,12,187.8,1.5782,1.5024,135.15,1.1357,1.0812,0,60.0,6,6,"Lap H-2 nameplate census, player-relative ground offsets"
T03233,160,859.2667,859.7167,10,288.77,2.4266,2.3101,166.52,1.3993,1.3321,0,60.0,6,6,"Lap H-2 nameplate census, player-relative ground offsets"
T03234,160,859.3667,859.6667,9,24.54,0.2062,0.1963,19.66,0.1652,0.1572,0,60.0,6,6,"Lap H-2 nameplate census, player-relative ground offsets"
T03235,160,859.4333,859.6,6,153.84,1.2928,1.2307,116.3,0.9773,0.9304,0,60.0,6,6,"Lap H-2 nameplate census, player-relative ground offsets"
T03236,160,859.4333,859.7833,11,238.53,2.0045,1.9082,226.35,1.9021,1.8108,0,60.0,6,6,"Lap H-2 nameplate census, player-relative ground offsets"
T03237,160,859.4667,859.8333,12,126.55,1.0635,1.0124,59.59,0.5008,0.4767,0,60.0,6,6,"Lap H-2 nameplate census, player-relative ground offsets"
T03238,160,859.4833,859.75,13,32.12,0.27,0.257,11.65,0.0979,0.0932,0,60.0,6,6,"Lap H-2 nameplate census, player-relative ground offsets"
T03239,160,859.55,859.85,11,99.02,0.8321,0.7922,78.92,0.6632,0.6314,0,60.0,6,6,"Lap H-2 nameplate census, player-relative ground offsets"
T03240,160,859.55,859.95,10,163.22,1.3716,1.3058,79.02,0.664,0.6322,0,60.0,6,6,"Lap H-2 nameplate census, player-relative ground offsets"
T03241,160,859.65,859.95,10,16.01,0.1345,0.1281,16.01,0.1345,0.1281,0,60.0,6,6,"Lap H-2 nameplate census, player-relative ground offsets"
T03242,160,859.6667,859.8333,7,61.43,0.5162,0.4914,61.43,0.5162,0.4914,0,60.0,6,6,"Lap H-2 nameplate census, player-relative ground offsets"
T03243,160,859.7333,859.9333,9,393.45,3.3063,3.1476,383.27,3.2207,3.0661,0,60.0,6,6,"Lap H-2 nameplate census, player-relative ground offsets"
T03244,160,859.75,860.0833,10,109.7,0.9219,0.8776,58.69,0.4932,0.4695,0,60.0,6,6,"Lap H-2 nameplate census, player-relative ground offsets"
T03245,160,859.8,860.1333,12,23.87,0.2006,0.191,8.62,0.0724,0.0689,0,60.0,6,6,"Lap H-2 nameplate census, player-relative ground offsets"
T03246,160,859.8667,859.9667,6,533.4,4.4824,4.2672,533.4,4.4824,4.2672,0,60.0,6,6,"Lap H-2 nameplate census, player-relative ground offsets"
T03247,160,859.8667,860.2,9,418.99,3.5209,3.3519,418.99,3.5209,3.3519,0,60.0,6,6,"Lap H-2 nameplate census, player-relative ground offsets"
T03248,160,859.8833,860.0333,6,249.67,2.098,1.9973,221.57,1.862,1.7726,0,60.0,6,6,"Lap H-2 nameplate census, player-relative ground offsets"
T03249,160,859.9167,860.0333,6,291.01,2.4455,2.3281,280.39,2.3562,2.2431,0,60.0,6,6,"Lap H-2 nameplate census, player-relative ground offsets"
T03250,160,859.9167,860.0833,7,325.6,2.7361,2.6048,316.04,2.6558,2.5284,0,60.0,6,6,"Lap H-2 nameplate census, player-relative ground offsets"
T03251,160,859.9333,860.2,11,575.66,4.8375,4.6053,541.72,4.5523,4.3338,0,60.0,6,6,"Lap H-2 nameplate census, player-relative ground offsets"
T03252,160,859.95,860.1,7,336.83,2.8305,2.6946,336.02,2.8237,2.6881,0,60.0,6,6,"Lap H-2 nameplate census, player-relative ground offsets"
T03253,160,859.9667,860.1167,9,592.96,4.9829,4.7437,592.96,4.9829,4.7437,0,60.0,6,6,"Lap H-2 nameplate census, player-relative ground offsets"
T03254,160,860.0167,860.2333,9,411.56,3.4585,3.2924,407.64,3.4256,3.2611,0,60.0,6,6,"Lap H-2 nameplate census, player-relative ground offsets"
T03255,160,860.0833,860.4167,13,449.67,3.7788,3.5974,447.09,3.7571,3.5767,0,60.0,6,6,"Lap H-2 nameplate census, player-relative ground offsets"
T03256,160,860.1667,860.3333,7,695.22,5.8422,5.5618,695.22,5.8422,5.5618,0,60.0,6,6,"Lap H-2 nameplate census, player-relative ground offsets"
T03257,160,860.2,860.5,13,514.64,4.3247,4.1171,514.64,4.3247,4.1171,0,60.0,6,6,"Lap H-2 nameplate census, player-relative ground offsets"
T03258,160,860.2167,860.3667,9,341.63,2.8708,2.733,310.48,2.6091,2.4839,0,60.0,6,6,"Lap H-2 nameplate census, player-relative ground offsets"
T03259,160,860.2333,860.65,25,522.38,4.3897,4.179,522.35,4.3895,4.1788,0,60.0,6,6,"Lap H-2 nameplate census, player-relative ground offsets"
T03260,160,860.25,860.4,6,361.62,3.0388,2.893,359.52,3.0212,2.8762,0,60.0,6,6,"Lap H-2 nameplate census, player-relative ground offsets"
T03261,160,860.3833,860.6,9,393.35,3.3055,3.1468,393.35,3.3055,3.1468,0,60.0,6,6,"Lap H-2 nameplate census, player-relative ground offsets"
T03262,160,860.4833,860.6,7,458.41,3.8522,3.6673,428.13,3.5978,3.4251,0,60.0,6,6,"Lap H-2 nameplate census, player-relative ground offsets"
T03263,160,860.8333,861.0333,8,57.5,0.4832,0.46,54.09,0.4546,0.4327,0,60.0,6,6,"Lap H-2 nameplate census, player-relative ground offsets"
T03264,160,861.45,861.5833,7,225.48,1.8948,1.8039,225.48,1.8948,1.8039,0,60.0,6,6,"Lap H-2 nameplate census, player-relative ground offsets"
T03265,160,861.6333,861.7167,6,668.69,5.6193,5.3495,668.48,5.6175,5.3478,0,60.0,6,6,"Lap H-2 nameplate census, player-relative ground offsets"
T03266,160,861.75,862.8667,60,594.28,4.994,4.7543,11.59,0.0974,0.0927,0,60.0,6,6,"Lap H-2 nameplate census, player-relative ground offsets"
T03267,160,861.75,863.7833,121,727.72,6.1153,5.8217,296.05,2.4878,2.3684,0,60.0,6,6,"Lap H-2 nameplate census, player-relative ground offsets"
T03268,160,861.9833,863.1167,55,594.21,4.9933,4.7536,208.98,1.7561,1.6718,0,60.0,6,6,"Lap H-2 nameplate census, player-relative ground offsets"
T03269,160,861.9833,863.3167,74,612.17,5.1443,4.8973,92.02,0.7733,0.7362,0,60.0,6,6,"Lap H-2 nameplate census, player-relative ground offsets"
T03270,160,861.9833,863.6,96,690.3,5.8008,5.5224,166.89,1.4024,1.3351,0,60.0,6,6,"Lap H-2 nameplate census, player-relative ground offsets"
T03271,160,862.05,862.85,44,692.86,5.8223,5.5429,493.01,4.143,3.9441,0,60.0,6,6,"Lap H-2 nameplate census, player-relative ground offsets"
T03272,160,862.1333,863.3167,65,680.17,5.7157,5.4413,339.11,2.8497,2.7129,0,60.0,6,6,"Lap H-2 nameplate census, player-relative ground offsets"
T03273,160,862.15,862.5333,24,594.61,4.9967,4.7569,587.17,4.9342,4.6973,0,60.0,6,6,"Lap H-2 nameplate census, player-relative ground offsets"
T03274,160,862.1833,862.6667,17,437.45,3.676,3.4996,377.66,3.1736,3.0213,0,60.0,6,6,"Lap H-2 nameplate census, player-relative ground offsets"
T03275,160,862.2,863.95,93,566.66,4.7619,4.5333,114.23,0.9599,0.9138,0,60.0,6,6,"Lap H-2 nameplate census, player-relative ground offsets"
T03276,160,862.2333,862.85,16,388.35,3.2634,3.1068,336.55,2.8282,2.6924,0,60.0,6,6,"Lap H-2 nameplate census, player-relative ground offsets"
T03277,160,862.2333,862.9167,33,550.28,4.6242,4.4022,550.28,4.6242,4.4022,0,60.0,6,6,"Lap H-2 nameplate census, player-relative ground offsets"
T03278,160,862.2833,862.5167,8,463.7,3.8966,3.7096,463.7,3.8966,3.7096,0,60.0,6,6,"Lap H-2 nameplate census, player-relative ground offsets"
T03279,160,862.2833,862.5833,9,366.8,3.0824,2.9344,357.78,3.0065,2.8622,0,60.0,6,6,"Lap H-2 nameplate census, player-relative ground offsets"
T03280,160,862.3,862.4,7,677.15,5.6903,5.4172,677.05,5.6895,5.4164,0,60.0,6,6,"Lap H-2 nameplate census, player-relative ground offsets"
T03281,160,862.3333,862.5667,9,434.72,3.6531,3.4777,398.8,3.3513,3.1904,0,60.0,6,6,"Lap H-2 nameplate census, player-relative ground offsets"
T03282,160,862.5667,862.8,10,516.76,4.3425,4.1341,515.83,4.3347,4.1266,0,60.0,6,6,"Lap H-2 nameplate census, player-relative ground offsets"
T03283,160,862.5667,862.9667,12,383.44,3.2222,3.0675,292.68,2.4595,2.3415,0,60.0,6,6,"Lap H-2 nameplate census, player-relative ground offsets"
T03284,160,862.5833,862.7,8,571.45,4.8021,4.5716,523.86,4.4021,4.1908,0,60.0,6,6,"Lap H-2 nameplate census, player-relative ground offsets"
T03285,160,862.65,862.7833,6,301.37,2.5325,2.4109,254.49,2.1386,2.036,0,60.0,6,6,"Lap H-2 nameplate census, player-relative ground offsets"
T03286,160,862.7667,863.0667,9,480.98,4.0418,3.8478,447.09,3.7571,3.5767,0,60.0,6,6,"Lap H-2 nameplate census, player-relative ground offsets"
T03287,160,862.7667,863.0667,8,315.65,2.6525,2.5252,217.95,1.8315,1.7436,0,60.0,6,6,"Lap H-2 nameplate census, player-relative ground offsets"
T03288,160,862.7833,863.45,16,241.31,2.0278,1.9305,129.48,1.0881,1.0359,0,60.0,6,6,"Lap H-2 nameplate census, player-relative ground offsets"
T03289,160,862.8167,863.0,10,1056.49,8.878,8.4519,1056.49,8.878,8.4519,1,60.0,6,6,"Lap H-2 nameplate census, player-relative ground offsets"
T03290,160,862.8333,863.1833,10,40.53,0.3406,0.3242,15.78,0.1326,0.1262,0,60.0,6,6,"Lap H-2 nameplate census, player-relative ground offsets"
T03291,160,862.8833,863.3833,28,418.99,3.5209,3.3519,244.47,2.0544,1.9557,0,60.0,6,6,"Lap H-2 nameplate census, player-relative ground offsets"
T03292,160,862.9,863.2167,14,93.74,0.7877,0.7499,54.77,0.4602,0.4381,0,60.0,6,6,"Lap H-2 nameplate census, player-relative ground offsets"
T03293,160,862.9167,863.1,7,380.77,3.1997,3.0462,346.36,2.9105,2.7708,0,60.0,6,6,"Lap H-2 nameplate census, player-relative ground offsets"
T03294,160,862.9833,863.5667,16,280.34,2.3558,2.2427,168.02,1.412,1.3442,0,60.0,6,6,"Lap H-2 nameplate census, player-relative ground offsets"
T03295,160,863.0,863.6333,22,177.35,1.4903,1.4188,145.32,1.2212,1.1626,0,60.0,6,6,"Lap H-2 nameplate census, player-relative ground offsets"
T03296,160,863.0167,863.1833,6,85.88,0.7217,0.687,23.87,0.2006,0.191,0,60.0,6,6,"Lap H-2 nameplate census, player-relative ground offsets"
T03297,160,863.0833,863.3833,7,122.03,1.0255,0.9763,99.5,0.8362,0.796,0,60.0,6,6,"Lap H-2 nameplate census, player-relative ground offsets"
T03298,160,863.1333,863.25,8,20.27,0.1703,0.1621,9.78,0.0822,0.0783,0,60.0,6,6,"Lap H-2 nameplate census, player-relative ground offsets"
T03299,160,863.1667,863.3333,8,215.16,1.808,1.7213,210.04,1.765,1.6803,0,60.0,6,6,"Lap H-2 nameplate census, player-relative ground offsets"
T03300,160,863.2,863.5,19,1058.85,8.8979,8.4708,1056.77,8.8805,8.4542,1,60.0,6,6,"Lap H-2 nameplate census, player-relative ground offsets"
T03301,160,863.2167,863.75,17,265.95,2.2349,2.1276,221.05,1.8575,1.7684,0,60.0,6,6,"Lap H-2 nameplate census, player-relative ground offsets"
T03302,160,863.2333,863.3833,6,597.91,5.0244,4.7833,555.02,4.6641,4.4402,0,60.0,6,6,"Lap H-2 nameplate census, player-relative ground offsets"
T03303,160,863.2667,863.5833,10,226.09,1.8999,1.8087,226.09,1.8999,1.8087,0,60.0,6,6,"Lap H-2 nameplate census, player-relative ground offsets"
T03304,160,863.2667,863.6167,19,342.13,2.875,2.737,260.01,2.185,2.0801,0,60.0,6,6,"Lap H-2 nameplate census, player-relative ground offsets"
T03305,160,863.2833,863.3833,6,571.98,4.8065,4.5758,538.29,4.5234,4.3063,0,60.0,6,6,"Lap H-2 nameplate census, player-relative ground offsets"
T03306,160,863.3,863.4,6,221.65,1.8626,1.7732,210.15,1.7659,1.6812,0,60.0,6,6,"Lap H-2 nameplate census, player-relative ground offsets"
T03307,160,863.3,863.4667,6,193.52,1.6262,1.5482,183.89,1.5453,1.4711,0,60.0,6,6,"Lap H-2 nameplate census, player-relative ground offsets"
T03308,160,863.3,863.55,10,160.53,1.349,1.2843,126.05,1.0592,1.0084,0,60.0,6,6,"Lap H-2 nameplate census, player-relative ground offsets"
T03309,160,863.3167,863.45,6,320.98,2.6973,2.5679,298.67,2.5098,2.3893,0,60.0,6,6,"Lap H-2 nameplate census, player-relative ground offsets"
T03310,160,863.4,863.8667,29,225.78,1.8973,1.8063,212.54,1.7861,1.7003,0,60.0,6,6,"Lap H-2 nameplate census, player-relative ground offsets"
T03311,160,863.4167,863.55,7,318.52,2.6766,2.5482,316.58,2.6603,2.5326,0,60.0,6,6,"Lap H-2 nameplate census, player-relative ground offsets"
T03312,160,863.4333,863.95,22,244.23,2.0524,1.9539,218.29,1.8344,1.7463,0,60.0,6,6,"Lap H-2 nameplate census, player-relative ground offsets"
T03313,160,863.4667,863.6,7,674.17,5.6653,5.3934,674.17,5.6653,5.3934,0,60.0,6,6,"Lap H-2 nameplate census, player-relative ground offsets"
T03314,160,863.4667,863.9333,18,450.82,3.7884,3.6066,278.87,2.3434,2.231,0,60.0,6,6,"Lap H-2 nameplate census, player-relative ground offsets"
T03315,160,863.4833,863.7833,13,300.23,2.5229,2.4018,201.28,1.6914,1.6102,0,60.0,6,6,"Lap H-2 nameplate census, player-relative ground offsets"
T03316,160,863.5167,863.85,12,112.61,0.9463,0.9009,53.15,0.4467,0.4252,0,60.0,6,6,"Lap H-2 nameplate census, player-relative ground offsets"
T03317,160,863.55,863.95,24,465.32,3.9103,3.7226,465.32,3.9103,3.7226,0,60.0,6,6,"Lap H-2 nameplate census, player-relative ground offsets"
T03318,160,863.5667,863.9,14,86.32,0.7254,0.6906,11.87,0.0997,0.0949,0,60.0,6,6,"Lap H-2 nameplate census, player-relative ground offsets"
T03319,160,863.65,863.95,12,262.39,2.205,2.0991,179.36,1.5073,1.4349,0,60.0,6,6,"Lap H-2 nameplate census, player-relative ground offsets"
T03320,160,863.7,863.95,8,167.98,1.4116,1.3439,103.06,0.8661,0.8245,0,60.0,6,6,"Lap H-2 nameplate census, player-relative ground offsets"
T03321,160,863.75,863.9,6,304.0,2.5546,2.432,259.53,2.1809,2.0763,0,60.0,6,6,"Lap H-2 nameplate census, player-relative ground offsets"
T03322,160,863.8,863.95,10,341.9,2.8731,2.7352,268.97,2.2603,2.1518,0,60.0,6,6,"Lap H-2 nameplate census, player-relative ground offsets"
T03323,160,863.8333,863.95,8,334.03,2.807,2.6722,334.03,2.807,2.6722,0,60.0,6,6,"Lap H-2 nameplate census, player-relative ground offsets"
T03324,160,863.8333,863.9167,6,122.09,1.026,0.9767,61.05,0.513,0.4884,0,60.0,6,6,"Lap H-2 nameplate census, player-relative ground offsets"
