work/dc_full/w152_t00699.0.png	Gladiator	1.0	0.005813954236419431	0.814814817860017	0.04505813916524252	0.11111110687255854
work/dc_full/w152_t00699.0.png	9:49:04	1.0	0.010123505729252979	0.5519847795254249	0.046613454818725586	0.11825266520182298
work/dc_full/w152_t00699.0.png	PM	0.3	0.06540697727891197	0.5555555572474814	0.018895347913106292	0.11111110687255865
work/dc_full/w152_t00699.0.png	Carnivorous Plant	1.0	0.4404069789660963	0.7399999974417228	0.1191860437393189	0.1499999999999999
work/dc_full/w152_t00699.0.png	Plant	1.0	0.4578488376832341	0.27777777491085864	0.026162789265314734	0.1296296310424805
work/dc_full/w152_t00699.0.png	Eldritch	1.0	0.5028558491825803	0.29340178310708076	0.037892953554789166	0.11690013885498052
work/dc_full/w152_t00699.0.png	125	1.0	0.7180232555832567	0.20370370520569603	0.014534883697827627	0.11111110687255865
work/dc_full/w152_t00699.0.png	03:04	1.0	0.7747093031290245	0.20370370639569313	0.0232558131217957	0.09259258906046552
work/dc_full/w152_t00699.0.png	x2	0.3	0.821220930045137	0.3148148201987937	0.021802326043446896	0.18518517812093105
work/dc_full/w152_t00699.0.png	Crucible of the Dead	1.0	0.8924418588781786	0.7962962948954264	0.09738372166951492	0.13037036895751952
work/dc_full/w152_t00700.0.png	Gladiator (42,798/42,798)	1.0	0.005813956380953492	0.8133333330778899	0.12790697415669758	0.13111111323038738
work/dc_full/w152_t00700.0.png	(42,798/42,798)	1.0	0.018895351326946842	0.6666666693586561	0.08284883499145507	0.09259258906046552
work/dc_full/w152_t00700.0.png	9:49:05	1.0	0.010150872947909065	0.5542136973002552	0.045105230808258054	0.13231334686279306
work/dc_full/w152_t00700.0.png	PM	0.5	0.06395348902309801	0.5555555557750561	0.018895347913106292	0.12962963104248038
work/dc_full/w152_t00700.0.png	548/43,548)	1.0	7.729493193645946e-10	0.12962963267483174	0.05813953479131063	0.11111110687255865
work/dc_full/w152_t00700.0.png	(42,798/42,798)	1.0	0.17005814034933633	0.6666666697118688	0.07994186083475749	0.11111110687255865
work/dc_full/w152_t00700.0.png	(433,320/443,55	1.0	0.2688953506558499	0.5370370397735972	0.08139534791310626	0.11111110687255865
work/dc_full/w152_t00700.0.png	(33,313/43,548)	1.0	0.22093023601615372	0.40740741045260964	0.07703487873077394	0.11111110687255854
work/dc_full/w152_t00700.0.png	7	1.0	0.3343023254163106	0.37037037128431527	0.008720930417378703	0.12962963104248038
work/dc_full/w152_t00700.0.png	(32.564142 7981	0.3	0.17877906951129266	0.018518519999956462	0.07994186083475749	0.0748148123423259
work/dc_full/w152_t00700.0.png	125	1.0	0.7180232555832567	0.20370370520569603	0.014534883697827627	0.11111110687255865
work/dc_full/w152_t00700.0.png	03:03	1.0	0.7747093033059896	0.2037037076748317	0.02180232405662541	0.11111110687255854
work/dc_full/w152_t00700.0.png	x2	0.3	0.821220930045137	0.3148148201987937	0.021802326043446896	0.18518517812093105
work/dc_full/w152_t00700.0.png	Crucible of the Dead	1.0	0.8924418588781786	0.7962962948954264	0.09738372166951492	0.13037036895751952
work/dc_full/w152_t00701.0.png	Gladíátỏr98/42,798)	0.3	0.005813955666108798	0.8148148190294053	0.10029069582621256	0.1481481424967448
work/dc_full/w152_t00701.0.png	19:4,930.63,5PM	0.3	0.0028229827204381643	0.4752871714417164	0.08156333764394123	0.19757380167643235
work/dc_full/w152_t00701.0.png	(42,798/42,798)	1.0	0.1511627918452181	0.7962962996501404	0.07994186083475749	0.11111110687255865
work/dc_full/w152_t00701.0.png	(33,346/43,548)	1.0	0.18313953569817357	0.7037037062859428	0.07994186083475749	0.11111110687255865
work/dc_full/w152_t00701.0.png	(22,359/42,798)	1.0	0.13081395793846184	0.4814814842180417	0.07848836580912272	0.11111110687255854
work/dc_full/w152_t00701.0.png	7	0.3	0.2805232558305548	0.814814817860017	0.008720930417378758	0.11111110687255854
work/dc_full/w152_t00701.0.png	125	1.0	0.7165697674436947	0.18518518392320427	0.01598837176958723	0.12962963104248038
work/dc_full/w152_t00701.0.png	03:02	1.0	0.7747093029352262	0.2037037076748317	0.023255813121795588	0.11111110687255854
work/dc_full/w152_t00701.0.png	x2	0.3	0.8212209299579277	0.31481481649509013	0.021802326043446896	0.18518517812093094
work/dc_full/w152_t00701.0.png	Crucible of the Dead	1.0	0.8909480389338469	0.7009861807174231	0.09891787370045979	0.246175791422526
work/dc_full/w152_t00701.0.png	(443	1.0	0.8575581398101022	0.518518518583698	0.024709302186965987	0.1296296310424805
work/dc_full/w152_t00701.0.png	.5:	0.3	0.9869186048106364	0.20370370573383845	0.01162790656089785	0.0740740712483724
work/dc_full/w152_t00702.0.png	Gladiator	1.0	0.0058139545044211555	0.8148148157287598	0.04360464811325073	0.12962963104248038
work/dc_full/w152_t00702.0.png	9:49:07	1.0	0.008700319238011726	0.5540925398074565	0.048006339867909746	0.1140371449788411
work/dc_full/w152_t00702.0.png	PM	0.5	0.05813953516385427	0.5555555570575479	0.026162789265314734	0.11111110687255854
work/dc_full/w152_t00702.0.png	Chaossbell ~ Voidtouched	1.0	0.4156976807402736	0.7592592594787597	0.16860464413960763	0.13074073791503904
work/dc_full/w152_t00702.0.png	_GƠÂLQBÂG→	0.3	0.4593023270608887	0.5370370412755896	0.08139534791310621	0.22222221374511708
work/dc_full/w152_t00702.0.png	Beast	1.0	0.4854651167866685	0.2962962990328565	0.029069767395655255	0.11111110687255865
work/dc_full/w152_t00702.0.png	(42,79	1.0	0.4084302330282596	0.09259259332297987	0.030523254474004113	0.11111110687255865
work/dc_full/w152_t00702.0.png	125	1.0	0.7165697674750631	0.1851851889368128	0.017441860834757517	0.1481481424967448
work/dc_full/w152_t00702.0.png	03:01	1.0	0.7747093020270722	0.2222222238996232	0.021802326043446896	0.0740740712483724
work/dc_full/w152_t00702.0.png	x2	0.3	0.8212209309404374	0.31481481603212713	0.0218023240566253	0.18518517812093094
work/dc_full/w152_t00702.0.png	Crucible of the Dead	1.0	0.8924418613127716	0.7962962967472782	0.09738372166951492	0.13037036895751963
work/dc_full/w152_t00703.0.png	Gladiator	1.0	0.005692839773918139	0.8061935569377966	0.045300368467966715	0.12835362752278645
work/dc_full/w152_t00703.0.png	9:49:08	1.0	0.010157659191906261	0.5544050903814677	0.04654514789581299	0.11341204325358079
work/dc_full/w152_t00703.0.png	PM	0.3	0.06540697739519104	0.5555555584155725	0.018895347913106278	0.11111110687255865
work/dc_full/w152_t00703.0.png	Iceskorn	1.0	0.47236115008118335	0.7576793705460558	0.05527770121892289	0.13278940836588538
work/dc_full/w152_t00703.0.png	GDẢIO	0.3	0.4709302328815756	0.6111111125651794	0.0319767435391744	0.1296296310424805
work/dc_full/w152_t00703.0.png	Beast	1.0	0.48546511633984474	0.2962962998044615	0.027616278330485022	0.11111110687255865
work/dc_full/w152_t00703.0.png	125	1.0	0.7165697674436947	0.18518518392320427	0.01598837176958723	0.12962963104248038
work/dc_full/w152_t00703.0.png	03:00	1.0	0.7747093020270722	0.2222222238996232	0.021802326043446896	0.0740740712483724
work/dc_full/w152_t00703.0.png	x2	0.3	0.821220930045137	0.3148148201987937	0.021802326043446896	0.18518517812093105
work/dc_full/w152_t00703.0.png	Crucible of the Dead	0.5	0.8924115965572085	0.7198466876096186	0.09744424819946296	0.2084547678629558
work/dc_full/w152_t00704.0.png	Gladiator	1.0	0.005747427693564677	0.8109513651913529	0.04519119262695312	0.13735652923583985
work/dc_full/w152_t00704.0.png	9:49:09	1.0	0.010143364696973379	0.5534736296075852	0.04512024720509847	0.1152749633789063
work/dc_full/w152_t00704.0.png	PM	0.5	0.06249999958002076	0.5370370413442201	0.02180232604344686	0.1481481424967448
work/dc_full/w152_t00704.0.png	125	1.0	0.7151162787105283	0.18518518392320427	0.017441860834757517	0.12962963104248038
work/dc_full/w152_t00704.0.png	02459	0.3	0.776162790740513	0.2222222238996232	0.020348836978276608	0.0740740712483724
work/dc_full/w152_t00704.0.png	x2	0.3	0.821220930045137	0.3148148201987937	0.021802326043446896	0.18518517812093105
work/dc_full/w152_t00704.0.png	Crucible of the Dead	1.0	0.8924418598229461	0.7222222203823514	0.09738372166951492	0.20444444656372074
work/dc_full/w152_t00705.0.png	Gladiator	1.0	0.005753767453930592	0.8107058674600227	0.045178512732187905	0.11932900746663422
work/dc_full/w152_t00705.0.png	9:49:10	1.0	0.01017442001773922	0.5555555586007577	0.046511626243591314	0.11111110687255865
work/dc_full/w152_t00705.0.png	PM	1.0	0.06395348826958265	0.5370370417145905	0.020348836978276566	0.1481481424967448
work/dc_full/w152_t00705.0.png	125	1.0	0.7180232555832567	0.20370370520569603	0.014534883697827627	0.11111110687255865
work/dc_full/w152_t00705.0.png	02-58	0.3	0.776162790740513	0.2222222238996232	0.020348836978276608	0.0740740712483724
work/dc_full/w152_t00705.0.png	x2	0.3	0.821220930045137	0.3148148201987937	0.021802326043446896	0.18518517812093105
work/dc_full/w152_t00705.0.png	Crucible of the Dead	1.0	0.8924418588781786	0.7962962948954264	0.09738372166951492	0.13037036895751952
work/dc_full/w152_t00706.0.png	Stonegaze Basilisk	1.0	0.4389534905432709	0.7399999974417228	0.12209301789601651	0.1499999999999999
work/dc_full/w152_t00706.0.png	Beast	1.0	0.48546511633984474	0.2962962998044615	0.027616278330485022	0.11111110687255865
work/dc_full/w152_t00707.0.png	Gladiator	1.0	0.005798775058996701	0.7954343625553327	0.04508849779764811	0.1313534927368164
work/dc_full/w152_t00707.0.png	9:49:12	1.0	0.008665954974066754	0.5515640245855741	0.04807506799697876	0.11909417470296224
work/dc_full/w152_t00707.0.png	(484/42,798)	1.0	0.07558139555246518	0.8888888897290266	0.0654069741566976	0.09259258906046541
work/dc_full/w152_t00707.0.png	PM	0.5	0.06395348855468998	0.5370370358320362	0.020348836978276566	0.1296296310424805
work/dc_full/w152_t00707.0.png	MANRORtTAHN	0.3	0.0944767468637392	0.018518520041119424	0.0479651133219401	0.05555555343627938
work/dc_full/w152_t00707.0.png	13462	0.5	0.31976744163683074	0.2592592600993968	0.020348836978276552	0.09259258906046552
work/dc_full/w152_t00707.0.png	125	1.0	0.720930232620714	0.20370370489705403	0.011627906560897738	0.11111110687255865
work/dc_full/w152_t00707.0.png	03:04	1.0	0.7747093031290245	0.20370370639569313	0.0232558131217957	0.09259258906046552
work/dc_full/w152_t00707.0.png	x2	0.3	0.821220930045137	0.3148148201987937	0.021802326043446896	0.18518517812093105
work/dc_full/w152_t00707.0.png	Crucible of the Dead	1.0	0.8924418588781786	0.7962962948954264	0.09738372166951492	0.13037036895751952
work/dc_full/w152_t00708.0.png	125	1.0	0.7180232555832567	0.20370370520569603	0.014534883697827627	0.11111110687255865
work/dc_full/w152_t00708.0.png	03:03	1.0	0.7747093033059896	0.2037037076748317	0.02180232405662541	0.11111110687255854
work/dc_full/w152_t00708.0.png	x2	0.3	0.8212209300136448	0.3148148198901518	0.021802326043446896	0.18518517812093094
work/dc_full/w152_t00708.0.png	Crucible of the Dead	1.0	0.8924418588781786	0.7962962948954264	0.09738372166951492	0.13037036895751952
work/dc_full/w152_t00709.0.png	fleshwarped	1.0	0.4229651162322608	0.7407407446775536	0.07848837375640866	0.1481481424967448
work/dc_full/w152_t00709.0.png	Aberration	1.0	0.502906979180985	0.7592592588614758	0.07412790457407636	0.12962963104248038
work/dc_full/w152_t00709.0.png	Aetber Corruption	1.0	0.45348837530679625	0.2962962990328565	0.09302325248718263	0.11111110687255865
work/dc_full/w152_t00709.0.png	125 EK	0.3	0.7180232576377218	0.16666666458333335	0.04796511332194009	0.16666666666666674
work/dc_full/w152_t00709.0.png	03:02	1.0	0.7747093029352262	0.2037037076748317	0.023255813121795588	0.11111110687255854
work/dc_full/w152_t00709.0.png	x2	0.3	0.8212209299579277	0.31481481649509013	0.021802326043446896	0.18518517812093094
work/dc_full/w152_t00709.0.png	Crucible of the Dead	1.0	0.8924418588781786	0.7962962948954264	0.09738372166951492	0.13037036895751952
work/dc_full/w152_t00710.0.png	Venomgaze Basilisk	1.0	0.4345930254072558	0.7399999974417228	0.13081394831339516	0.1499999999999999
work/dc_full/w152_t00710.0.png	Beast	1.0	0.4854651159751375	0.2962962998044615	0.02906976739565531	0.11111110687255865
work/dc_full/w152_t00710.0.png	125	1.0	0.7180232555832567	0.20370370520569603	0.014534883697827627	0.11111110687255865
work/dc_full/w152_t00710.0.png	03:01	1.0	0.7747093028154374	0.20370370477532285	0.0218023240566253	0.09259258906046552
work/dc_full/w152_t00710.0.png	x2	0.3	0.8212209300136448	0.3148148198901518	0.021802326043446896	0.18518517812093094
work/dc_full/w152_t00710.0.png	Crucible of the Dead	1.0	0.8924418613127716	0.7962962967472782	0.09738372166951492	0.13037036895751963
work/dc_full/w152_t00711.0.png	Gladiator	1.0	0.005813954236419431	0.814814817860017	0.04505813916524252	0.11111110687255854
work/dc_full/w152_t00711.0.png	9:49:16 PM	1.0	0.00872093113599676	0.5555555567489059	0.07558139165242514	0.11111110687255854
work/dc_full/w152_t00711.0.png	125	1.0	0.7194767444133224	0.20370370508223923	0.01308139463265734	0.11111110687255865
work/dc_full/w152_t00711.0.png	03:08	1.0	0.7747093020270722	0.2222222238996232	0.021802326043446896	0.0740740712483724
work/dc_full/w152_t00711.0.png	x2	0.3	0.8212209309404374	0.31481481603212713	0.0218023240566253	0.18518517812093094
work/dc_full/w152_t00711.0.png	Crucible of the Dead	0.5	0.8908504146874474	0.6927802735845603	0.10347359180450444	0.2440690867106119
work/dc_full/w152_t00712.0.png	125	1.0	0.7151162787759352	0.18518518986273869	0.017441860834757406	0.1481481424967448
work/dc_full/w152_t00712.0.png	03:11	1.0	0.7747093020218813	0.22222222388198665	0.021802326043446896	0.0740740712483724
work/dc_full/w152_t00712.0.png	x2	0.3	0.821220930045137	0.3148148201987937	0.021802326043446896	0.18518517812093105
work/dc_full/w152_t00712.0.png	Crucible of the Dead	1.0	0.8924204379130747	0.7205464429564392	0.09742656548817952	0.20705525716145845
work/dc_full/w152_t00713.0.png	Gladiator	1.0	0.005813954424161664	0.814814817551375	0.04505813916524251	0.11111110687255865
work/dc_full/w152_t00713.0.png	9:49:18	1.0	0.007201895266382093	0.5148845209685006	0.04954969882965088	0.15541614532470704
work/dc_full/w152_t00713.0.png	PM	0.3	0.05668604642099782	0.5555555570575479	0.02761627833048503	0.11111110687255854
work/dc_full/w152_t00713.0.png	125 2	0.3	0.7180232578837816	0.16666666782407413	0.04360464811325071	0.16666666666666663
work/dc_full/w152_t00713.0.png	03:10	1.0	0.7747093020218813	0.22222222388198665	0.021802326043446896	0.0740740712483724
work/dc_full/w152_t00713.0.png	x2	0.5	0.8212209306484046	0.3148148169762667	0.023255813121795588	0.20370370229085288
work/dc_full/w152_t00713.0.png	Crucible of the Dead	1.0	0.8924418588781786	0.7962962948954264	0.09738372166951492	0.13037036895751952
work/dc_full/w152_t00714.0.png	Gladiator	1.0	0.0057898939682403195	0.7949248525847386	0.045106259981791186	0.13237251281738271
work/dc_full/w152_t00714.0.png	9:49:19	1.0	0.010156374404061823	0.5543552125006561	0.04509422779083252	0.11351179758707697
work/dc_full/w152_t00714.0.png	PM	1.0	0.06249999958002076	0.5370370413442201	0.02180232604344686	0.1481481424967448
work/dc_full/w152_t00714.0.png	125	1.0	0.719476744380619	0.20370370489705403	0.01308139463265734	0.11111110687255865
work/dc_full/w152_t00714.0.png	03.17	0.5	0.7747093027730438	0.22222222553149562	0.02180232405662541	0.09259258906046541
work/dc_full/w152_t00714.0.png	x2	0.3	0.8212209297835091	0.3148148172358307	0.021802326043446896	0.18518517812093105
work/dc_full/w152_t00714.0.png	Crucible of the Dead	1.0	0.8924418588781786	0.7962962948954264	0.09738372166951492	0.13037036895751952
work/dc_full/w153_t00715.0.png	Gladiator	1.0	0.005813954424161664	0.814814817551375	0.04505813916524251	0.11111110687255865
work/dc_full/w153_t00715.0.png	9:49:20	1.0	0.010174420211537649	0.5555555589093997	0.046511626243591314	0.11111110687255865
work/dc_full/w153_t00715.0.png	PM	0.3	0.062499999550950994	0.5370370354046857	0.021802326043446854	0.12962963104248038
work/dc_full/w153_t00715.0.png	125	1.0	0.7165697674436947	0.18518518392320427	0.01598837176958723	0.12962963104248038
work/dc_full/w153_t00715.0.png	02:31	1.0	0.7761627908131873	0.2037037072118687	0.020348836978276608	0.11111110687255865
work/dc_full/w153_t00715.0.png	x3	0.5	0.8197674423489859	0.3148148206617567	0.023255813121795588	0.18518517812093094
work/dc_full/w153_t00715.0.png	Crucible of the Dead	0.5	0.8924242804268234	0.7208490883047652	0.09741888046264646	0.20644996643066404
work/dc_full/w153_t00716.0.png	Gladiator	1.0	0.005692839773918139	0.8061935569377966	0.045300368467966715	0.12835362752278645
work/dc_full/w153_t00716.0.png	9:49:21 PM	1.0	0.010174419885857145	0.5555555557750561	0.07267441749572755	0.13111111323038738
work/dc_full/w153_t00716.0.png	(297,609/297,609)	1.0	0.2122093044867168	0.5925925956377948	0.0915697654088338	0.11111110687255865
work/dc_full/w153_t00716.0.png	(203,039/203,039)	1.0	0.1540697666850482	0.3148148160081651	0.09011627833048502	0.11111110687255865
work/dc_full/w153_t00716.0.png	(303.657/303,657)	1.0	0.2180232577461645	0.09259259545260956	0.09156976540883383	0.11111110687255865
work/dc_full/w153_t00716.0.png	125	1.0	0.720930232853272	0.20370370471186894	0.01162790656089785	0.11111110687255854
work/dc_full/w153_t00716.0.png	02.30	1.0	0.7747093027245943	0.22222222301778916	0.02180232405662541	0.0740740712483724
work/dc_full/w153_t00716.0.png	x3	0.3	0.8197674423005363	0.3148148198901518	0.0232558131217957	0.18518517812093094
work/dc_full/w153_t00716.0.png	Crucibfe8re Daa	0.3	0.8909883721906345	0.7766666695746076	0.1075581391652426	0.20481480916341144
work/dc_full/w153_t00717.0.png	Gladiator	1.0	0.005746518439813456	0.8108970708659424	0.045193008581797284	0.13746512095133456
work/dc_full/w153_t00717.0.png	9:49:22 PM	1.0	0.010174421712547076	0.5555555582921157	0.07558139165242514	0.11111110687255865
work/dc_full/w153_t00717.0.png	(476.173/476.173)	1.0	0.17441860614725746	0.18518518764569303	0.09011627833048502	0.09259258906046552
work/dc_full/w153_t00717.0.png	125	1.0	0.7180232556438187	0.20370370536001703	0.014534883697827627	0.11111110687255854
work/dc_full/w153_t00717.0.png	02:29	0.5	0.7747093020218813	0.22222222388198665	0.021802326043446896	0.0740740712483724
work/dc_full/w153_t00717.0.png	x3	0.3	0.8197674423489859	0.3148148206617567	0.023255813121795588	0.18518517812093094
work/dc_full/w153_t00717.0.png	Crucible of the Dead	1.0	0.8924418598229461	0.7222222203823514	0.09738372166951492	0.20444444656372074
work/dc_full/w153_t00718.0.png	Gladiator	1.0	0.0057549974837986335	0.8107932109717728	0.04517605304718018	0.11915431976318358
work/dc_full/w153_t00718.0.png	9:49:23 PM	0.5	0.0101744207325839	0.5555555586007577	0.07412790457407632	0.11111110687255865
work/dc_full/w153_t00718.0.png	(584,695/584	1.0	0.7151162807825311	0.7407407434327302	0.0639534870783488	0.09259258906046541
work/dc_full/w153_t00718.0.png	16951	0.3	0.7776162820874973	0.7592592644237377	0.026162787278493305	0.05555554707845045
work/dc_full/w153_t00718.0.png	125 EK	0.3	0.715116279900996	0.12962963057951749	0.06104650894800823	0.24074073791503914
work/dc_full/w153_t00718.0.png	02.28	0.3	0.7747093020218813	0.22222222388198665	0.021802326043446896	0.0740740712483724
work/dc_full/w153_t00718.0.png	x3	0.5	0.8197674423489859	0.3148148206617567	0.023255813121795588	0.18518517812093094
work/dc_full/w153_t00718.0.png	Crucible of the Dead	1.0	0.8924418588781786	0.7962962948954264	0.09738372166951492	0.13037036895751952
work/dc_full/w153_t00719.0.png	Gladiator	1.0	0.005813954424161664	0.814814817551375	0.04505813916524251	0.11111110687255865
work/dc_full/w153_t00719.0.png	9:49:24	1.0	0.010150743065603596	0.5539234912790983	0.04655898014704386	0.11437524159749346
work/dc_full/w153_t00719.0.png	PM	0.3	0.06540697727285577	0.5555555572118689	0.018895347913106278	0.11111110687255854
work/dc_full/w153_t00719.0.png	Wendigo	1.0	0.4723565523572963	0.7390786462983905	0.055286896228790294	0.15147233327229814
work/dc_full/w153_t00719.0.png	104.	0.5	0.4927325582454119	0.6296296323216191	0.01744186083475746	0.09259258906046552
work/dc_full/w153_t00719.0.png	Undead - Beast	1.0	0.45930232639584795	0.29629629934149837	0.07994186083475746	0.11111110687255865
work/dc_full/w153_t00719.0.png	125	1.0	0.7180232557043809	0.18518518370715487	0.014534883697827627	0.1296296310424805
work/dc_full/w153_t00719.0.png	02:27	1.0	0.7761627910554353	0.20370370392655746	0.020348836978276497	0.09259258906046552
work/dc_full/w153_t00719.0.png	x3	0.5	0.8197674423489859	0.3148148206617567	0.023255813121795588	0.18518517812093094
work/dc_full/w153_t00719.0.png	Crucible of the Dead	1.0	0.8924418588781786	0.7962962948954264	0.09738372166951492	0.13037036895751952
work/dc_full/w153_t00720.0.png	125	1.0	0.7151162787686677	0.18518518949236829	0.017441860834757517	0.1481481424967448
work/dc_full/w153_t00720.0.png	x3	0.3	0.8197674419401548	0.3148148169762667	0.024709302186965987	0.20370370229085288
work/dc_full/w153_t00720.0.png	Crucible of the Dead	1.0	0.8924418588781786	0.7962962948954264	0.09738372166951492	0.13037036895751952
work/dc_full/w153_t00721.0.png	Gladiator	1.0	0.005756691280881439	0.8110436142402724	0.04371917645136515	0.11865351359049481
work/dc_full/w153_t00721.0.png	9:49:26 PM	0.5	0.01017441987720602	0.5555555575637207	0.07412790457407634	0.11111110687255865
work/dc_full/w153_t00721.0.png	125	1.0	0.7180232555832567	0.20370370520569603	0.014534883697827627	0.11111110687255865
work/dc_full/w153_t00721.0.png	02.33	1.0	0.7747093020270722	0.22222222431897365	0.021802326043446896	0.09259258906046552
work/dc_full/w153_t00721.0.png	x3	0.3	0.8197674419401548	0.3148148169762667	0.024709302186965987	0.20370370229085288
work/dc_full/w153_t00721.0.png	Crucible of the Dead	1.0	0.8924418588781786	0.7962962948954264	0.09738372166951492	0.13037036895751952
work/dc_full/w153_t00722.0.png	Gladiator	1.0	0.005692839773918139	0.8061935569377966	0.045300368467966715	0.12835362752278645
work/dc_full/w153_t00722.0.png	9:49:27 PM	1.0	0.01017441973331068	0.5555555577837642	0.07412790457407634	0.11111110687255865
work/dc_full/w153_t00722.0.png	frost Revenant	1.0	0.45058139686153326	0.7592592592472782	0.09883720874786378	0.13074073791503915
work/dc_full/w153_t00722.0.png	104	1.0	0.4927325581874234	0.6296296302382858	0.014534883697827683	0.09259258906046552
work/dc_full/w153_t00722.0.png	Undead	1.0	0.4825438090535274	0.2956938807765106	0.03345889250437423	0.13083446502685547
work/dc_full/w153_t00722.0.png	125	1.0	0.718023255680156	0.18518518392320427	0.014534883697827627	0.12962963104248038
work/dc_full/w153_t00722.0.png	02:32	1.0	0.7761627917749819	0.20370370397112825	0.0218023240566253	0.11111110687255854
work/dc_full/w153_t00722.0.png	x3	0.5	0.8197674423344511	0.3148148201987937	0.0232558131217957	0.18518517812093105
work/dc_full/w153_t00722.0.png	3""Crucible of the Dead	0.3	0.8778692154756297	0.7928720356596055	0.1119941234588624	0.2105522282918295
work/dc_full/w153_t00723.0.png	Gladiator	1.0	0.005813954424161664	0.814814817551375	0.04505813916524251	0.11111110687255865
work/dc_full/w153_t00723.0.png	9:49:28	1.0	0.0086967109694521	0.55383240902633	0.04801355600357056	0.11455740610758469
work/dc_full/w153_t00723.0.png	PM	1.0	0.06250000056253033	0.5370370417145905	0.02180232405662537	0.1481481424967448
work/dc_full/w153_t00723.0.png	Skeletal Arcber	1.0	0.44912790861720936	0.7400000000872253	0.10029069582621258	0.15000000000000002
work/dc_full/w153_t00723.0.png	Undead	1.0	0.48255814017088966	0.2962962976748318	0.033430230617523204	0.11111110687255865
work/dc_full/w153_t00723.0.png	125	1.0	0.720930232853272	0.20370370471186894	0.01162790656089785	0.11111110687255854
work/dc_full/w153_t00723.0.png	02:31	1.0	0.7747093031061351	0.2037037072118687	0.0218023240566253	0.11111110687255865
work/dc_full/w153_t00723.0.png	x3	0.5	0.8197674423005363	0.3148148198901518	0.0232558131217957	0.18518517812093094
work/dc_full/w153_t00723.0.png	Crucible of the Dead	1.0	0.8909106714626515	0.6798947834328528	0.09899260997772219	0.2513215382893881
work/dc_full/w153_t00724.0.png	Gladiator	1.0	0.005692839773918139	0.8061935569377966	0.045300368467966715	0.12835362752278645
work/dc_full/w153_t00724.0.png	9:49:29	1.0	0.010150704015541415	0.5539727700275245	0.045105568567911786	0.11427668253580725
work/dc_full/w153_t00724.0.png	PM	1.0	0.06249999994109429	0.5370370413442201	0.020348836978276573	0.1481481424967448
work/dc_full/w153_t00724.0.png	125	1.0	0.7209302329114116	0.20370370674890592	0.01162790656089785	0.11111110687255854
work/dc_full/w153_t00724.0.png	02.30	0.5	0.7747093020218813	0.22222222388198665	0.021802326043446896	0.0740740712483724
work/dc_full/w153_t00724.0.png	x3	0.5	0.8197674423489859	0.3148148206617567	0.023255813121795588	0.18518517812093094
work/dc_full/w153_t00724.0.png	Crucible of the Dead	0.5	0.8909384393700349	0.7000398924318659	0.09893707434336341	0.22954984029134118
work/dc_full/w153_t00725.0.png	Gladiator	1.0	0.005813954424161664	0.814814817551375	0.04505813916524251	0.11111110687255865
work/dc_full/w153_t00725.0.png	9:49:30	1.0	0.010161473888673892	0.5546690102627343	0.04653751850128174	0.11288420359293627
work/dc_full/w153_t00725.0.png	PM	0.5	0.06250000048985592	0.5370370356361671	0.02180232405662537	0.1296296310424805
work/dc_full/w153_t00725.0.png	125	1.0	0.7209302329114116	0.20370370674890592	0.01162790656089785	0.11111110687255854
work/dc_full/w153_t00725.0.png	02.29	0.5	0.776162790740513	0.2222222238996232	0.020348836978276608	0.0740740712483724
work/dc_full/w153_t00725.0.png	x3	0.5	0.8197674423489859	0.3148148206617567	0.023255813121795588	0.18518517812093094
work/dc_full/w153_t00725.0.png	Crucible of the Dead	1.0	0.8924418623896339	0.7222222250891415	0.09883720874786384	0.2044444402058918
work/dc_full/w153_t00726.0.png	125	1.0	0.7194767447076539	0.20370370674890592	0.01308139463265734	0.11111110687255854
work/dc_full/w153_t00726.0.png	02.28	0.3	0.776162790740513	0.2222222238996232	0.020348836978276608	0.0740740712483724
work/dc_full/w153_t00726.0.png	x3	0.3	0.8197674423489859	0.3148148206617567	0.023255813121795588	0.18518517812093094
work/dc_full/w153_t00726.0.png	Crucible of the Dead	1.0	0.8924418613127716	0.7962962967472782	0.09738372166951492	0.13037036895751963
work/dc_full/w153_t00727.0.png	Gladiator	1.0	0.005692839773918139	0.8061935569377966	0.045300368467966715	0.12835362752278645
work/dc_full/w153_t00727.0.png	9:49:32	1.0	0.010120942441559736	0.552365904208759	0.04661858081817627	0.1360089365641275
work/dc_full/w153_t00727.0.png	PM	0.3	0.05668604642099782	0.5555555570575479	0.02761627833048503	0.11111110687255854
work/dc_full/w153_t00727.0.png	125	1.0	0.7165697674037239	0.18518518378431525	0.015988371769587117	0.1296296310424805
work/dc_full/w153_t00727.0.png	02:27	1.0	0.7761627914261988	0.20370370392655746	0.01889534791310632	0.09259258906046552
work/dc_full/w153_t00727.0.png	x3	0.5	0.8197674423344511	0.3148148201987937	0.0232558131217957	0.18518517812093105
work/dc_full/w153_t00727.0.png	Crucible of the Dead	1.0	0.8924418588781786	0.7962962948954264	0.09738372166951492	0.13037036895751952
work/dc_full/w153_t00728.0.png	Gladiator	1.0	0.005692839773918139	0.8061935569377966	0.045300368467966715	0.12835362752278645
work/dc_full/w153_t00728.0.png	9:49:33	1.0	0.010151545742302651	0.5356914792878482	0.04655737479527791	0.13232074737548816
work/dc_full/w153_t00728.0.png	PM	0.3	0.05668604676014509	0.5555555570096239	0.027616278330485022	0.1296296310424805
work/dc_full/w153_t00728.0.png	125	1.0	0.7194767444133224	0.20370370508223923	0.01308139463265734	0.11111110687255865
work/dc_full/w153_t00728.0.png	02:26	1.0	0.7761627917749819	0.20370370392655746	0.0218023240566253	0.09259258906046552
work/dc_full/w153_t00728.0.png	x3	0.5	0.8197674423005363	0.3148148198901518	0.0232558131217957	0.18518517812093094
work/dc_full/w153_t00728.0.png	Crucible of the Dead	0.5	0.8924152085077068	0.72013320231694	0.09743702411651611	0.20788173675537103
work/dc_full/w153_t00729.0.png	Gladiator	1.0	0.005670949512354506	0.80619761250714	0.04534414609273275	0.14686403910319012
work/dc_full/w153_t00729.0.png	9:49:34	1.0	0.010144532262520751	0.5534874331420984	0.046571401755015056	0.11524735768636074
work/dc_full/w153_t00729.0.png	PM	1.0	0.06395348826958265	0.5370370417145905	0.020348836978276566	0.1481481424967448
work/dc_full/w153_t00729.0.png	Chtbonian	1.0	0.43168604912084885	0.7407407443071832	0.06686046123504641	0.1481481424967448
work/dc_full/w153_t00729.0.png	Unraveler	1.0	0.5000000008262753	0.7592592576269079	0.0668604612350463	0.1296296310424805
work/dc_full/w153_t00729.0.png	Chtbonic	0.5	0.4781466258719473	0.2934495353223088	0.04370674689610804	0.1353231557210286
work/dc_full/w153_t00729.0.png	125	1.0	0.7165697674436947	0.18518518392320427	0.01598837176958723	0.12962963104248038
work/dc_full/w153_t00729.0.png	02:25	1.0	0.7761627916296331	0.2037037076748317	0.02180232405662541	0.11111110687255854
work/dc_full/w153_t00729.0.png	x3	0.5	0.8197674423489859	0.3148148206617567	0.023255813121795588	0.18518517812093094
work/dc_full/w153_t00729.0.png	Crucible of the Dead	1.0	0.892441863705746	0.7399999969135804	0.09738371372222898	0.18666666666666665
work/dc_full/w155_t00744.0.png	Gladiator	1.0	0.005775902819339896	0.81225291128709	0.04513424237569173	0.11623491923014329
work/dc_full/w155_t00744.0.png	9:49:49	1.0	0.01013072652521455	0.5526036688064164	0.045145523548126225	0.11701488494873047
work/dc_full/w155_t00744.0.png	PM	1.0	0.06249999994109429	0.5370370413442201	0.020348836978276573	0.1481481424967448
work/dc_full/w155_t00744.0.png	125	1.0	0.7165697674703421	0.18518518370715487	0.01598837176958723	0.1296296310424805
work/dc_full/w155_t00744.0.png	01.57	1.0	0.776162790740513	0.2222222238996232	0.020348836978276608	0.0740740712483724
work/dc_full/w155_t00744.0.png	Crucible of the Dead	1.0	0.8924418588781786	0.7962962948954264	0.09738372166951492	0.13037036895751952
work/dc_full/w155_t00745.0.png	125	1.0	0.7165697670993464	0.20370370520569603	0.024709302186965987	0.11111110687255865
work/dc_full/w155_t00745.0.png	01:56	1.0	0.7761627918234315	0.20370370639569313	0.02180232405662541	0.09259258906046552
work/dc_full/w155_t00745.0.png	x5	0.3	0.8183139535296433	0.29629629921377676	0.029069767395655366	0.24074073791503903
work/dc_full/w155_t00745.0.png	Crucible of the Dead	1.0	0.8924418588781786	0.7962962948954264	0.09738372166951492	0.13037036895751952
work/dc_full/w155_t00746.0.png	Gladiator	1.0	0.005753767453930592	0.8107058674600227	0.045178512732187905	0.11932900746663422
work/dc_full/w155_t00746.0.png	9:49:51 PM	1.0	0.010174419885857145	0.5555555557750561	0.07267441749572755	0.13111111323038738
work/dc_full/w155_t00746.0.png	(1,466,751	1.0	0.11627907207189454	0.8518518545438413	0.05232557853062948	0.09259258906046552
work/dc_full/w155_t00746.0.png	476,963)	1.0	0.18313953505909944	0.8518518526919895	0.042151161034901935	0.09259258906046552
work/dc_full/w155_t00746.0.png	125	1.0	0.718023255680156	0.20370370508223923	0.014534883697827627	0.11111110687255865
work/dc_full/w155_t00746.0.png	01:55	1.0	0.7761627916296331	0.2037037076748317	0.02180232405662541	0.11111110687255854
work/dc_full/w155_t00746.0.png	x5	0.3	0.8183139535296433	0.29629629921377676	0.029069767395655366	0.24074073791503903
work/dc_full/w155_t00746.0.png	Crucible of the Dead	1.0	0.8924418588781786	0.7962962948954264	0.09738372166951492	0.13037036895751952
work/dc_full/w155_t00747.0.png	Gladiator	1.0	0.005813954424161664	0.814814817551375	0.04505813916524251	0.11111110687255865
work/dc_full/w155_t00747.0.png	9:49:52	1.0	0.010174419727041539	0.5555555570096239	0.046511626243591314	0.1296296310424805
work/dc_full/w155_t00747.0.png	PM	0.5	0.06395348824535785	0.5555555570096239	0.020348836978276566	0.1296296310424805
work/dc_full/w155_t00747.0.png	(1,476,963/1,476,963)	1.0	0.7281976753229719	0.9074074059328282	0.10901162624359129	0.09259259541829434
work/dc_full/w155_t00747.0.png	01:54	1.0	0.7761627918234315	0.20370370639569313	0.02180232405662541	0.09259258906046552
work/dc_full/w155_t00747.0.png	x5	0.3	0.8183139535296433	0.29629629921377676	0.029069767395655366	0.24074073791503903
work/dc_full/w155_t00747.0.png	125	1.0	0.7165697674703421	0.18518518370715487	0.01598837176958723	0.1296296310424805
work/dc_full/w155_t00747.0.png	Crucible of the Dead	0.3	0.8924085289064342	0.7196027059023757	0.09745038350423174	0.20894273122151696
work/dc_full/w155_t00748.0.png	Gladiator	1.0	0.005799744628871465	0.7954897647273298	0.04508655865987142	0.13124268849690746
work/dc_full/w155_t00748.0.png	9:49:53	1.0	0.008695599973923189	0.5540165613473003	0.048015777269999185	0.13270762125651048
work/dc_full/w155_t00748.0.png	(1,432,353/1,476,9639	1.0	0.13226744149794473	0.9259259267214928	0.11046511332194012	0.07407407124837251
work/dc_full/w155_t00748.0.png	PM	0.3	0.06540697727891197	0.5555555572474814	0.018895347913106292	0.11111110687255865
work/dc_full/w155_t00748.0.png	125	1.0	0.7165697674703421	0.18518518370715487	0.01598837176958723	0.1296296310424805
work/dc_full/w155_t00748.0.png	0	0.3	0.7936046512594094	0.4629629660081651	0.007267441848913814	0.11111110687255854
work/dc_full/w155_t00748.0.png	01:53	1.0	0.7761627908131873	0.2037037072118687	0.020348836978276608	0.11111110687255865
work/dc_full/w155_t00748.0.png	x5	0.3	0.8183139535296433	0.29629629921377676	0.029069767395655366	0.24074073791503903
work/dc_full/w155_t00748.0.png	Crucible of the Dead	1.0	0.8924418598229461	0.7222222203823514	0.09738372166951492	0.20444444656372074
work/dc_full/w155_t00749.0.png	Gladiator	1.0	0.005756741913052666	0.8109165655698117	0.045172564188639325	0.11890761057535804
work/dc_full/w155_t00749.0.png	9:49:54	1.0	0.01015268985964366	0.5542778750390911	0.046555085976918535	0.13218499501546233
work/dc_full/w155_t00749.0.png	PM	1.0	0.06250000056253033	0.5370370417145905	0.02180232405662537	0.1481481424967448
work/dc_full/w155_t00749.0.png	(197,221/227,566)	1.0	0.08139535033330397	0.12962963267483174	0.090116278330485	0.11111110687255865
work/dc_full/w155_t00749.0.png	(138,013/138,013)	1.0	0.27034883765161793	0.5185185170309963	0.09011627833048502	0.09259259541829423
work/dc_full/w155_t00749.0.png	fleshwarped Aberration	1.0	0.4229651164016179	0.7399999978120931	0.15261627833048502	0.15000000000000002
work/dc_full/w155_t00749.0.png	Aether Corruption	1.0	0.45348837425415855	0.29629629934149837	0.09156976540883388	0.11111110687255865
work/dc_full/w155_t00749.0.png	125	1.0	0.7151162786669236	0.1851851870849609	0.017441860834757406	0.1481481424967448
work/dc_full/w155_t00749.0.png	01:52	1.0	0.7761627914842842	0.2037037076748317	0.02180232405662541	0.11111110687255854
work/dc_full/w155_t00749.0.png	x5	0.3	0.8183139535296433	0.29629629921377676	0.029069767395655366	0.24074073791503903
work/dc_full/w155_t00749.0.png	Crucible of the Dead	1.0	0.8924418588781786	0.7962962948954264	0.09738372166951492	0.13037036895751952
work/dc_full/w155_t00750.0.png	Gladiator	1.0	0.005756741913052666	0.8109165655698117	0.045172564188639325	0.11890761057535804
work/dc_full/w155_t00750.0.png	9:49:55	1.0	0.01015779051526613	0.5544141379472883	0.046544885635375975	0.11339394887288412
work/dc_full/w155_t00750.0.png	PM	1.0	0.06104651186206729	0.5370370417145905	0.023255813121795657	0.1481481424967448
work/dc_full/w155_t00750.0.png	125	1.0	0.7180232556438187	0.20370370536001703	0.014534883697827627	0.11111110687255854
work/dc_full/w155_t00750.0.png	01.51	1.0	0.7761627908131873	0.22222222514569312	0.020348836978276608	0.09259258906046552
work/dc_full/w155_t00750.0.png	x5	0.3	0.8183139535296433	0.29629629921377676	0.029069767395655366	0.24074073791503903
work/dc_full/w155_t00750.0.png	Crucible of the Dead	1.0	0.8924418588781786	0.7962962948954264	0.09738372166951492	0.13037036895751952
work/dc_full/w155_t00751.0.png	Gladiator	1.0	0.005647621703838646	0.8025494337378121	0.045390804608662925	0.13564187367757163
work/dc_full/w155_t00751.0.png	9:49:56	1.0	0.008710853502923133	0.5549290692850579	0.04943875869115194	0.13088260650634775
work/dc_full/w155_t00751.0.png	PM	1.0	0.05668604676014509	0.5555555570096239	0.027616278330485022	0.1296296310424805
work/dc_full/w155_t00751.0.png	125	1.0	0.7151162787105283	0.18518518392320427	0.017441860834757517	0.12962963104248038
work/dc_full/w155_t00751.0.png	01.50	0.5	0.776162790740513	0.2222222238996232	0.020348836978276608	0.0740740712483724
work/dc_full/w155_t00751.0.png	x5	0.3	0.8183139535296433	0.29629629921377676	0.029069767395655366	0.24074073791503903
work/dc_full/w155_t00751.0.png	Crucible of the Dead	1.0	0.8924418588781786	0.7962962948954264	0.09738372166951492	0.13037036895751952
work/dc_full/w155_t00752.0.png	Gladiator	1.0	0.004360466529367124	0.7777777815294054	0.04651162624359131	0.1481481424967448
work/dc_full/w155_t00752.0.png	9:49:57 PM	1.0	0.007267442009877019	0.5366666650103533	0.07848837375640869	0.15000000000000013
work/dc_full/w155_t00752.0.png	Dralgar, the Keeper	1.0	0.3880813962538431	0.7222222280691641	0.1293604612350464	0.18518517812093094
work/dc_full/w155_t00752.0.png	STT ĐẢUỘ	0.3	0.45348837358352245	0.5733333351851851	0.05232557853062947	0.18666666666666665
work/dc_full/w155_t00752.0.png	Aetber Corruption	0.5	0.45348837402523423	0.2962962961454264	0.09156976540883388	0.13037036895751963
work/dc_full/w155_t00752.0.png	of Burrwitch	1.0	0.521802327540819	0.7399999983676486	0.08720929622650153	0.15000000000000002
work/dc_full/w155_t00752.0.png	125	1.0	0.719476744380619	0.20370370536001703	0.01308139463265734	0.11111110687255854
work/dc_full/w155_t00752.0.png	01:49	1.0	0.7761627910069857	0.20370370392655746	0.020348836978276608	0.09259258906046552
work/dc_full/w155_t00752.0.png	x5	0.3	0.8183139535296433	0.29629629921377676	0.029069767395655366	0.24074073791503903
work/dc_full/w155_t00752.0.png	Crucible of the Dead	1.0	0.8924418588781786	0.7962962948954264	0.09738372166951492	0.13037036895751952
work/dc_full/w155_t00753.0.png	Gladiator	1.0	0.005752019238409156	0.8105819085253321	0.045182009538014725	0.11957692464192704
work/dc_full/w155_t00753.0.png	9:49:58	1.0	0.010134461064539227	0.5527728449589058	0.046591544151306154	0.11667653401692701
work/dc_full/w155_t00753.0.png	PM	0.3	0.06540697727891197	0.5555555572474814	0.018895347913106292	0.11111110687255865
work/dc_full/w155_t00753.0.png	(1,453,337	0.5	0.5363372102910536	0.14814815084013766	0.05377906958262124	0.09259258906046552
work/dc_full/w155_t00753.0.png	125	1.0	0.7165697674436947	0.18518518392320427	0.01598837176958723	0.12962963104248038
work/dc_full/w155_t00753.0.png	01:48	1.0	0.7761627905588269	0.20370370477532285	0.020348836978276608	0.09259258906046552
work/dc_full/w155_t00753.0.png	x5	0.3	0.8183139535296433	0.29629629921377676	0.029069767395655366	0.24074073791503903
work/dc_full/w155_t00753.0.png	Crucible of the Dead	1.0	0.8924418588781786	0.7962962948954264	0.09738372166951492	0.13037036895751952
work/dc_full/w155_t00754.0.png	Gladiator	1.0	0.005803464006561724	0.8141201675602919	0.04507912000020345	0.11250040690104168
work/dc_full/w155_t00754.0.png	9:49:59	1.0	0.010125640651578489	0.5527451741271756	0.04515569607416789	0.1352503967285157
work/dc_full/w155_t00754.0.png	PM	1.0	0.06249999958002076	0.5370370413442201	0.02180232604344686	0.1481481424967448
work/dc_full/w155_t00754.0.png	125	1.0	0.7180232555832567	0.20370370520569603	0.014534883697827627	0.11111110687255865
work/dc_full/w155_t00754.0.png	01:55	1.0	0.7747093033059896	0.2037037076748317	0.02180232405662541	0.11111110687255854
work/dc_full/w155_t00754.0.png	x5	0.3	0.8183139535296433	0.29629629921377676	0.029069767395655366	0.24074073791503903
work/dc_full/w155_t00754.0.png	Crucible of the Dead	1.0	0.8924418588781786	0.7962962948954264	0.09738372166951492	0.13037036895751952
work/dc_full/w155_t00755.0.png	Gladiator	1.0	0.005813954236419431	0.814814817860017	0.04505813916524252	0.11111110687255854
work/dc_full/w155_t00755.0.png	9:50:00	1.0	0.008691505498047017	0.5534549891410447	0.048023966948191325	0.11531224568684895
work/dc_full/w155_t00755.0.png	PM	0.3	0.06540697727891197	0.5555555572474814	0.018895347913106292	0.11111110687255865
work/dc_full/w155_t00755.0.png	125	1.0	0.7151162790942053	0.20370370183987085	0.027616278330484967	0.1296296310424805
work/dc_full/w155_t00755.0.png	01:54	1.0	0.7747093031061351	0.2037037072118687	0.0218023240566253	0.11111110687255865
work/dc_full/w155_t00755.0.png	x5	0.3	0.8183139536931606	0.29629629875081376	0.029069767395655366	0.24074073791503903
work/dc_full/w155_t00755.0.png	Crucible of the Dead	0.5	0.8909089799731015	0.6978200477703358	0.09899599552154537	0.23398953755696605
work/dc_full/w155_t00756.0.png	Gladiator	1.0	0.005692839773918139	0.8061935569377966	0.045300368467966715	0.12835362752278645
work/dc_full/w155_t00756.0.png	9:50:01	1.0	0.010174418716797346	0.5555555578540433	0.04505813916524251	0.11111110687255854
work/dc_full/w155_t00756.0.png	PM	1.0	0.06249999989748963	0.5370370417145905	0.020348836978276573	0.1481481424967448
work/dc_full/w155_t00756.0.png	Allostria,	1.0	0.4214895741495468	0.7208056476355014	0.06545108556747437	0.1694998168945312
work/dc_full/w155_t00756.0.png	tbe Mindtbief	1.0	0.48401162864012964	0.7222222243071832	0.09302325248718263	0.1481481424967448
work/dc_full/w155_t00756.0.png	Aetherial	0.5	0.4520348857907583	0.29629629934149837	0.04360464811325071	0.11111110687255865
work/dc_full/w155_t00756.0.png	Бuman	0.3	0.5130595822476625	0.29517387518763183	0.03492734829584765	0.11335595448811853
work/dc_full/w155_t00756.0.png	125	1.0	0.7180232564235983	0.20370370515777203	0.0232558131217957	0.1296296310424805
work/dc_full/w155_t00756.0.png	01:53	1.0	0.7747093027245943	0.20370370454384135	0.02180232405662541	0.09259258906046552
work/dc_full/w155_t00756.0.png	x5	0.3	0.8183139535296433	0.29629629921377676	0.029069767395655366	0.24074073791503903
work/dc_full/w155_t00756.0.png	Crucible of the Dead	1.0	0.8924418588781786	0.7962962948954264	0.09738372166951492	0.13037036895751952
work/dc_full/w155_t00757.0.png	Gladiator	1.0	0.00579270735535072	0.8133988209526323	0.04510063330332438	0.11394309997558594
work/dc_full/w155_t00757.0.png	9:50:02	1.0	0.010135319371410049	0.5528341026406987	0.04658982753753663	0.11655401865641268
work/dc_full/w155_t00757.0.png	PM	0.3	0.0639534884149315	0.5370370367935746	0.020348836978276566	0.1296296310424805
work/dc_full/w155_t00757.0.png	125	1.0	0.7165697674436947	0.18518518392320427	0.01598837176958723	0.12962963104248038
work/dc_full/w155_t00757.0.png	01:52	1.0	0.7761627917749819	0.20370370392655746	0.0218023240566253	0.09259258906046552
work/dc_full/w155_t00757.0.png	x5	0.3	0.8183139535296433	0.29629629921377676	0.029069767395655366	0.24074073791503903
work/dc_full/w155_t00757.0.png	Crucible of the Dead	1.0	0.8924418588781786	0.7962962948954264	0.09738372166951492	0.13037036895751952
work/dc_full/w155_t00758.0.png	Gladiator	1.0	0.0058025202665975845	0.8140570914925805	0.04508100748062134	0.11262655893961593
work/dc_full/w155_t00758.0.png	9:50:03	1.0	0.01017442001773922	0.5555555586007577	0.046511626243591314	0.11111110687255865
work/dc_full/w155_t00758.0.png	PM	0.3	0.06540697727285577	0.5555555572118689	0.018895347913106278	0.11111110687255854
work/dc_full/w155_t00758.0.png	Allostria,	1.0	0.42147726049386774	0.7201042515805173	0.06256873607635499	0.17090260823567704
work/dc_full/w155_t00758.0.png	the	1.0	0.4854651162757031	0.7407407450479239	0.024709302186965876	0.1481481424967448
work/dc_full/w155_t00758.0.png	SJÂLO	0.3	0.45639534880860383	0.5925925935185186	0.047965117295583115	0.16666666666666663
work/dc_full/w155_t00758.0.png	Aetberial	1.0	0.45201136069076747	0.2947263927272409	0.04510518709818523	0.11425092061360675
work/dc_full/w155_t00758.0.png	Mindtbief	1.0	0.513081394929818	0.7592592576269079	0.0639534870783488	0.1296296310424805
work/dc_full/w155_t00758.0.png	- Бuman	0.3	0.5000000006500067	0.2962962998044615	0.046511626243591286	0.11111110687255865
work/dc_full/w155_t00758.0.png	125	1.0	0.7165697674436947	0.18518518392320427	0.01598837176958723	0.12962963104248038
work/dc_full/w155_t00758.0.png	0	0.3	0.793604651095892	0.462962966934091	0.007267441848913814	0.11111110687255865
work/dc_full/w155_t00758.0.png	01:51	1.0	0.7761627908131873	0.2037037072118687	0.020348836978276608	0.11111110687255865
work/dc_full/w155_t00758.0.png	x5	0.3	0.8183139535296433	0.29629629921377676	0.029069767395655366	0.24074073791503903
work/dc_full/w155_t00758.0.png	Crucible of the Dead	1.0	0.8924418588781786	0.7962962948954264	0.09738372166951492	0.13037036895751952
work/dc_full/w155_t00759.0.png	Gladiator	1.0	0.005756541244083809	0.8109022223076129	0.045172965526580816	0.1189362970987955
work/dc_full/w155_t00759.0.png	9:50:04	1.0	0.01017442001773922	0.5555555586007577	0.046511626243591314	0.11111110687255865
work/dc_full/w155_t00759.0.png	PM	0.3	0.06395348855468998	0.5370370358320362	0.020348836978276566	0.1296296310424805
work/dc_full/w155_t00759.0.png	Allostria,	1.0	0.4215116293532674	0.7222222224537036	0.0639534870783488	0.16666666666666674
work/dc_full/w155_t00759.0.png	the	0.5	0.4869186049797999	0.7407407450479239	0.0232558131217957	0.1481481424967448
work/dc_full/w155_t00759.0.png	Mindtbief	1.0	0.513081394929818	0.7592592576269079	0.0639534870783488	0.1296296310424805
work/dc_full/w155_t00759.0.png	Aetberial	1.0	0.45201312810821964	0.2948933681631981	0.043648163477579716	0.11391696929931638
work/dc_full/w155_t00759.0.png	Бuman	0.5	0.5130595822476625	0.29517387518763183	0.03492734829584765	0.11335595448811853
work/dc_full/w155_t00759.0.png	125	1.0	0.7180232556438187	0.20370370536001703	0.014534883697827627	0.11111110687255854
work/dc_full/w155_t00759.0.png	0	0.3	0.793604651095892	0.462962966934091	0.007267441848913814	0.11111110687255865
work/dc_full/w155_t00759.0.png	01.50	0.5	0.776162790740513	0.2222222238996232	0.020348836978276608	0.0740740712483724
work/dc_full/w155_t00759.0.png	x5	0.3	0.8183139535296433	0.29629629921377676	0.029069767395655366	0.24074073791503903
work/dc_full/w155_t00759.0.png	Crucible of the Dead	1.0	0.8924418588781786	0.7962962948954264	0.09738372166951492	0.13037036895751952
work/dc_full/w155_t00760.0.png	Gladiator	1.0	0.005772382171690282	0.8120097624752551	0.045141283671061204	0.11672121683756509
work/dc_full/w155_t00760.0.png	9:50:05	1.0	0.008684336864850014	0.5533206461013034	0.048038303852081306	0.13409945170084636
work/dc_full/w155_t00760.0.png	PM	1.0	0.0625000007805536	0.5370370417145905	0.02180232405662537	0.1481481424967448
work/dc_full/w155_t00760.0.png	125	1.0	0.7165697679023447	0.18518518986273869	0.027616278330485078	0.1481481424967448
work/dc_full/w155_t00760.0.png	01:57	1.0	0.7747093025137687	0.2037037072118687	0.020348836978276608	0.11111110687255865
work/dc_full/w155_t00760.0.png	x5	0.3	0.8183139535296433	0.29629629921377676	0.029069767395655366	0.24074073791503903
work/dc_full/w155_t00760.0.png	Crucible of the Dead	1.0	0.8924418588781786	0.7962962948954264	0.09738372166951492	0.13037036895751952
work/dc_full/w156_t00761.0.png	125	1.0	0.7165697676383485	0.18518518986273869	0.024709302186965876	0.1481481424967448
work/dc_full/w156_t00761.0.png	01:46	1.0	0.7761627911875304	0.20370370477532285	0.0218023240566253	0.09259258906046552
work/dc_full/w156_t00761.0.png	X6	0.3	0.818313954167431	0.29629629921377676	0.030523254474004058	0.24074073791503903
work/dc_full/w156_t00761.0.png	Crucible of the Dead	1.0	0.8924418588781786	0.7962962948954264	0.09738372166951492	0.13037036895751952
work/dc_full/w156_t00762.0.png	125	1.0	0.7151162795824589	0.18518518949236829	0.02616278926531479	0.1481481424967448
work/dc_full/w156_t00762.0.png	01:45	1.0	0.7761627905588269	0.20370370477532285	0.020348836978276608	0.09259258906046552
work/dc_full/w156_t00762.0.png	X6	0.3	0.81831395437637	0.296296298635073	0.03052325447400417	0.24074073791503903
work/dc_full/w156_t00762.0.png	Crucible of the Dead	1.0	0.8924418588781786	0.7962962948954264	0.09738372166951492	0.13037036895751952
work/dc_full/w156_t00763.0.png	0	0.3	0.7936046512594094	0.4629629660081651	0.007267441848913814	0.11111110687255854
work/dc_full/w156_t00763.0.png	125	1.0	0.7209302325722643	0.20370370520569603	0.01162790656089785	0.11111110687255865
work/dc_full/w156_t00763.0.png	(S2/2,065,601)	0.3	0.687500000617226	0.018518520511532133	0.07267441749572756	0.11111110687255854
work/dc_full/w156_t00763.0.png	01:44	1.0	0.7747093031290245	0.20370370639569313	0.0232558131217957	0.09259258906046552
work/dc_full/w156_t00763.0.png	X6	0.3	0.818313954167431	0.29629629921377676	0.030523254474004058	0.24074073791503903
work/dc_full/w156_t00763.0.png	Crucible of the Dead	1.0	0.8924418588781786	0.7962962948954264	0.09738372166951492	0.13037036895751952
work/dc_full/w156_t00764.0.png	Gladiator	1.0	0.005803146115360954	0.8140988052085714	0.04507975578308106	0.11254313151041662
work/dc_full/w156_t00764.0.png	9:50:09	1.0	0.010174418716797346	0.5555555578540433	0.04505813916524251	0.11111110687255854
work/dc_full/w156_t00764.0.png	PM	1.0	0.06249999958002076	0.5370370413442201	0.02180232604344686	0.1481481424967448
work/dc_full/w156_t00764.0.png	(1,378,066/2,065,601)	1.0	0.3328488356983866	0.12962963360075752	0.10755813916524254	0.11111110687255865
work/dc_full/w156_t00764.0.png	Animated Keeper	1.0	0.4447674441820532	0.7399999978120931	0.11046511332194003	0.15000000000000002
work/dc_full/w156_t00764.0.png	Construct	1.0	0.4462209318659139	0.2962962990328565	0.05087209145228072	0.11111110687255865
work/dc_full/w156_t00764.0.png	Eldritch	1.0	0.5130338557638051	0.2935037802154442	0.0393392642339071	0.11669614156087238
work/dc_full/w156_t00764.0.png	125	1.0	0.7180232556438187	0.20370370536001703	0.014534883697827627	0.11111110687255854
work/dc_full/w156_t00764.0.png	01:43	1.0	0.7761627905588269	0.20370370477532285	0.020348836978276608	0.09259258906046552
work/dc_full/w156_t00764.0.png	X6	0.5	0.81831395437637	0.296296298635073	0.03052325447400417	0.24074073791503903
work/dc_full/w156_t00764.0.png	Crucible of the Dead	0.5	0.8924083500019452	0.7195885779530835	0.0974507411321004	0.20897098541259762
work/dc_full/w156_t00765.0.png	Allostria,	1.0	0.42142607666044746	0.7167184601044352	0.06412459214528404	0.17767419179280597
work/dc_full/w156_t00765.0.png	the Mindthief	0.5	0.4869186047664435	0.7222222201388889	0.09011627833048502	0.167777779897054
work/dc_full/w156_t00765.0.png	AĐẢUUẠC	0.3	0.4447674451446297	0.5555555625718858	0.09593022664388012	0.2222222137451172
work/dc_full/w156_t00765.0.png	Aetberial	1.0	0.47816472637518503	0.29423050095158654	0.04221705993016556	0.11524270375569656
work/dc_full/w156_t00765.0.png	125	1.0	0.7165697674037239	0.18518518378431525	0.015988371769587117	0.1296296310424805
work/dc_full/w156_t00765.0.png	01:42	1.0	0.7761627916296331	0.2037037076748317	0.02180232405662541	0.11111110687255854
work/dc_full/w156_t00765.0.png	X6	0.3	0.818313954189493	0.2962962994287238	0.030523254474004058	0.24074073791503914
work/dc_full/w156_t00765.0.png	Crucible of the Dead	1.0	0.8924418598229461	0.7222222203823514	0.09738372166951492	0.20444444656372074
work/dc_full/w156_t00766.0.png	Gladiator	1.0	0.005774829634390125	0.8121789572844478	0.04513638814290365	0.11638282775878905
work/dc_full/w156_t00766.0.png	9:50:11 PM	1.0	0.010174419885857145	0.5555555557750561	0.07267441749572755	0.13111111323038738
work/dc_full/w156_t00766.0.png	(2,006,105/2,022,317)	0.5	0.28924418757580894	0.5925925956377948	0.10755813916524248	0.11111110687255865
work/dc_full/w156_t00766.0.png	fleshwarped Chilled One	1.0	0.4186046517089867	0.7399999978120931	0.16279069582621258	0.15000000000000002
work/dc_full/w156_t00766.0.png	Aetber Corruption	1.0	0.45348837530679625	0.2962962990328565	0.09302325248718263	0.11111110687255865
work/dc_full/w156_t00766.0.png	125	1.0	0.7165697674703421	0.18518518370715487	0.01598837176958723	0.1296296310424805
work/dc_full/w156_t00766.0.png	0	0.3	0.7936046512594094	0.4629629660081651	0.007267441848913814	0.11111110687255854
work/dc_full/w156_t00766.0.png	01:41	1.0	0.7747093027245943	0.20370370454384135	0.02180232405662541	0.09259258906046552
work/dc_full/w156_t00766.0.png	X6	0.3	0.818313954167431	0.29629629921377676	0.030523254474004058	0.24074073791503903
work/dc_full/w156_t00766.0.png	Crucible of the Dead	0.5	0.8923999051556569	0.7189138634609686	0.09746762911478679	0.21032042185465505
work/dc_full/w156_t00767.0.png	Gladiator	1.0	0.005813954236419431	0.814814817860017	0.04505813916524252	0.11111110687255854
work/dc_full/w156_t00767.0.png	9:50:12 PM	0.5	0.010174420547264147	0.5555555557750561	0.07412790457407634	0.13111111323038738
work/dc_full/w156_t00767.0.png	Stone Basilisk	1.0	0.4505813961964925	0.7400000002195004	0.09738372166951503	0.15000000000000013
work/dc_full/w156_t00767.0.png	H ĐẢU0S6	0.3	0.45058139661964114	0.5185185208572953	0.09011627833048497	0.24148147583007806
work/dc_full/w156_t00767.0.png	Magical	1.0	0.4796062595555982	0.29366217931238925	0.039333991209665964	0.1163793436686198
work/dc_full/w156_t00767.0.png	(1,989,92919	0.5	0.39244186191140695	0.14814815119335034	0.0639534870783488	0.11111110687255865
work/dc_full/w156_t00767.0.png	12:	0.3	0.7180232563028572	0.20370370656372072	0.01308139463265745	0.11111110687255865
work/dc_full/w156_t00767.0.png	01:40	1.0	0.7761627905588269	0.20370370477532285	0.020348836978276608	0.09259258906046552
work/dc_full/w156_t00767.0.png	X6	0.5	0.8183139539403236	0.2962962967832212	0.030523254474004058	0.24074073791503914
work/dc_full/w156_t00767.0.png	Grucible of the Dead	1.0	0.8908925330617561	0.6965610580611659	0.09902888933817544	0.2365075174967448
work/dc_full/w156_t00768.0.png	Gladiator	1.0	0.005692509000190549	0.80647244334131	0.04384754101435343	0.12779585520426429
work/dc_full/w156_t00768.0.png	9:50:13 PM	1.0	0.010174420460054834	0.5555555570096239	0.07412790457407635	0.13111110687255867
work/dc_full/w156_t00768.0.png	(1,946,242/2,022,317	1.0	0.24709302853581624	0.7592592619512487	0.10610464413960771	0.09259258906046541
work/dc_full/w156_t00768.0.png	125	0.3	0.7136627909235341	0.1851851870849609	0.01889534791310632	0.1481481424967448
work/dc_full/w156_t00768.0.png	0	0.3	0.7936046512412408	0.46296296582298	0.007267441848913814	0.11111110687255854
work/dc_full/w156_t00768.0.png	01.39	0.5	0.776162790740513	0.2222222238996232	0.020348836978276608	0.0740740712483724
work/dc_full/w156_t00768.0.png	X6	0.5	0.8183139544635794	0.296296298635073	0.030523254474004058	0.24074073791503903
work/dc_full/w156_t00768.0.png	Crucible of the Dead	1.0	0.8924418588781786	0.7962962948954264	0.09738372166951492	0.13037036895751952
work/dc_full/w156_t00769.0.png	Gladiator	1.0	0.005797709983718413	0.795373412955748	0.04509062767028809	0.13147539774576822
work/dc_full/w156_t00769.0.png	9:50:14 PM	1.0	0.00872093113599676	0.5555555536917227	0.07558139165242514	0.13111111323038738
work/dc_full/w156_t00769.0.png	022,317)	1.0	0.22965116367803767	0.40740740767483186	0.04505813916524248	0.11111110687255865
work/dc_full/w156_t00769.0.png	Animated	1.0	0.4403316398965025	0.7533770284628958	0.05974369843800864	0.14139409383138013
work/dc_full/w156_t00769.0.png	Construct	1.0	0.4462209311948169	0.2962962990328565	0.04941860437393192	0.11111110687255865
work/dc_full/w156_t00769.0.png	Watcber	1.0	0.5043604649350188	0.7592592576269079	0.055232556660970045	0.1296296310424805
work/dc_full/w156_t00769.0.png	Eldritch	1.0	0.5130244868964667	0.2929364474201388	0.039358003934224395	0.11783081054687494
work/dc_full/w156_t00769.0.png	125	1.0	0.7180232555832567	0.20370370520569603	0.014534883697827627	0.11111110687255865
work/dc_full/w156_t00769.0.png	01:46	1.0	0.7747093024022805	0.2037037076748317	0.0232558131217957	0.11111110687255854
work/dc_full/w156_t00769.0.png	X6	0.5	0.81831395437637	0.296296298635073	0.03052325447400417	0.24074073791503903
work/dc_full/w156_t00769.0.png	Crucible of the Dead	1.0	0.8924418588781786	0.7962962948954264	0.09738372166951492	0.13037036895751952
work/dc_full/w156_t00770.0.png	2,022,317)	1.0	0.3241279064949568	0.1481481466066964	0.05232558250427244	0.09259259541829423
work/dc_full/w156_t00770.0.png	fleshwarped Chilled One	1.0	0.4186046537148007	0.7400000000343153	0.16279069582621253	0.15000000000000002
work/dc_full/w156_t00770.0.png	Aetber Corruption	1.0	0.45348837530679625	0.2962962990328565	0.09302325248718263	0.11111110687255865
work/dc_full/w156_t00770.0.png	121	0.3	0.719476744587768	0.22222222429692773	0.01162790656089785	0.09259258906046541
work/dc_full/w156_t00770.0.png	01:45	0.5	0.7761627916296331	0.2037037076748317	0.02180232405662541	0.11111110687255854
work/dc_full/w156_t00770.0.png	X6	0.5	0.81831395437637	0.296296298635073	0.03052325447400417	0.24074073791503903
work/dc_full/w156_t00770.0.png	Crucible of the Dead	0.5	0.8924121608160289	0.7198913958352214	0.09744311968485508	0.20836535771687825
work/dc_full/w156_t00771.0.png	Gladiator	1.0	0.005760004226705576	0.7931808239121042	0.04516603946685791	0.13586057027180987
work/dc_full/w156_t00771.0.png	9:50:16 PM	1.0	0.010174419006566512	0.5555555570096239	0.07412790457407634	0.13111110687255867
work/dc_full/w156_t00771.0.png	(224,869/236,810)	1.0	0.19767442076578653	0.8518518548970541	0.09156976540883385	0.11111110687255854
work/dc_full/w156_t00771.0.png	(1,907,900/2,022,317)	1.0	0.2892441882408497	0.18518518823038732	0.10901162624359129	0.11111110687255865
work/dc_full/w156_t00771.0.png	125	1.0	0.7151162786669236	0.18518518378431525	0.017441860834757406	0.1296296310424805
work/dc_full/w156_t00771.0.png	01:52	1.0	0.7761627917749819	0.20370370397112825	0.0218023240566253	0.11111110687255854
work/dc_full/w156_t00771.0.png	X6	0.5	0.81831395437637	0.296296298635073	0.03052325447400417	0.24074073791503903
work/dc_full/w156_t00771.0.png	Crucible of the Dead	0.5	0.8923651963268731	0.7160930128057239	0.09753704865773516	0.21596211751302086
work/dc_full/w156_t00772.0.png	Gladiator	1.0	0.005692839773918139	0.8061935569377966	0.045300368467966715	0.12835362752278645
work/dc_full/w156_t00772.0.png	9:50:17	1.0	0.010174420882634575	0.5555555589093997	0.0479651133219401	0.11111110687255865
work/dc_full/w156_t00772.0.png	PM	1.0	0.05668604676014509	0.5555555570096239	0.027616278330485022	0.1296296310424805
work/dc_full/w156_t00772.0.png	(184,607/236,810)	1.0	0.21075581369328464	0.8703703706377949	0.09011627833048505	0.11111110687255854
work/dc_full/w156_t00772.0.png	:4,896/236,810)	1.0	0.4026162816447176	0.888888892397054	0.07558139165242517	0.11111110687255854
work/dc_full/w156_t00772.0.png	125	1.0	0.7151162787105283	0.1851851872701461	0.017441860834757517	0.1481481424967448
work/dc_full/w156_t00772.0.png	01:51	1.0	0.7761627908616369	0.2037037076748317	0.020348836978276608	0.11111110687255854
work/dc_full/w156_t00772.0.png	X6	0.3	0.8183139544635794	0.296296298635073	0.030523254474004058	0.24074073791503903
work/dc_full/w156_t00772.0.png	Crucible of the Dead	1.0	0.8924418588781786	0.7962962948954264	0.09738372166951492	0.13037036895751952
work/dc_full/w156_t00773.0.png	Gladiator	1.0	0.005813954424161664	0.814814817551375	0.04505813916524251	0.11111110687255865
work/dc_full/w156_t00773.0.png	9:50:18	1.0	0.010128874121029741	0.5523724799144893	0.04660271803538005	0.11747726440429695
work/dc_full/w156_t00773.0.png	PM	0.3	0.06540697726569844	0.5555555571697814	0.018895347913106278	0.11111110687255854
work/dc_full/w156_t00773.0.png	(172,682/236,810)	1.0	0.21075581344383895	0.907407408864829	0.09156976540883385	0.09259258906046552
work/dc_full/w156_t00773.0.png	(174,006/236,810)	1.0	0.3706395354931179	0.5925925954526097	0.08866279125213622	0.11111110687255854
work/dc_full/w156_t00773.0.png	125	1.0	0.7151162787105283	0.1851851872701461	0.017441860834757517	0.1481481424967448
work/dc_full/w156_t00773.0.png	01:50	1.0	0.7761627909948733	0.20370370431235985	0.020348836978276608	0.09259258906046552
work/dc_full/w156_t00773.0.png	X6	0.3	0.81831395437637	0.296296298635073	0.03052325447400417	0.24074073791503903
work/dc_full/w156_t00773.0.png	Crucible of the Dead	1.0	0.8924418613127716	0.7962962967472782	0.09738372166951492	0.13037036895751963
work/dc_full/w156_t00774.0.png	Gladiator	1.0	0.0058012228721769366	0.8139704724304462	0.04508360226949056	0.11279979705810539
work/dc_full/w156_t00774.0.png	9:50:19	1.0	0.010103876619478118	0.5507074209364984	0.04519922335942587	0.1208073806762695
work/dc_full/w156_t00774.0.png	PM	1.0	0.0624999999869975	0.5370370406034795	0.021802326043446854	0.1481481424967448
work/dc_full/w156_t00774.0.png	(160,758/236,810)	1.0	0.23110465040597847	0.8333333345266837	0.090116278330485	0.11111110687255854
work/dc_full/w156_t00774.0.png	(143,266/236,810)	1.0	0.38953488401789704	0.5185185171803391	0.09011627833048502	0.09259259541829423
work/dc_full/w156_t00774.0.png	125	1.0	0.7194767447076539	0.20370370674890592	0.01308139463265734	0.11111110687255854
work/dc_full/w156_t00774.0.png	01:57	1.0	0.7747093029183927	0.20370370392655746	0.02180232405662541	0.09259258906046552
work/dc_full/w156_t00774.0.png	X6	0.3	0.8183139544127073	0.2962962987893941	0.03052325447400417	0.24074073791503903
work/dc_full/w156_t00774.0.png	Crucible of the Dead	1.0	0.8924418588781786	0.7962962948954264	0.09738372166951492	0.13037036895751952
work/dc_full/w156_t00775.0.png	125	1.0	0.7165697676129122	0.18518518949236829	0.024709302186965987	0.1481481424967448
work/dc_full/w156_t00775.0.png	01:56	1.0	0.7761627911875304	0.20370370477532285	0.0218023240566253	0.09259258906046552
work/dc_full/w156_t00775.0.png	X6	0.3	0.81831395437637	0.296296298635073	0.03052325447400417	0.24074073791503903
work/dc_full/w156_t00775.0.png	Crucible of the Dead	1.0	0.8924418588781786	0.7962962948954264	0.09738372166951492	0.13037036895751952
work/dc_full/w156_t00776.0.png	Gladiator	1.0	0.005790350022710337	0.8132909669464433	0.04365185896555582	0.11415880839029946
work/dc_full/w156_t00776.0.png	9:50:21	1.0	0.01015556130234736	0.5542593310931327	0.04654934406280517	0.11370356241861979
work/dc_full/w156_t00776.0.png	PM	1.0	0.05813953516385427	0.5555555570575479	0.026162789265314734	0.11111110687255854
work/dc_full/w156_t00776.0.png	Janaxia,	1.0	0.42725343059991805	0.7180362665423909	0.05828383763631184	0.175038579305013
work/dc_full/w156_t00776.0.png	tbe	0.3	0.4854651161012845	0.7037037027777778	0.024709302186965987	0.16666666666666663
work/dc_full/w156_t00776.0.png	Betraver	1.0	0.5130813960264162	0.7592592578583894	0.05668604373931885	0.1296296310424805
work/dc_full/w156_t00776.0.png	Бuтап	0.3	0.4839897955822154	0.2952674687881637	0.03202040990193683	0.11316876729329428
work/dc_full/w156_t00776.0.png	125	1.0	0.7165697674037239	0.18518518378431525	0.015988371769587117	0.1296296310424805
work/dc_full/w156_t00776.0.png	01:55	1.0	0.7761627905588269	0.20370370477532285	0.020348836978276608	0.09259258906046552
work/dc_full/w156_t00776.0.png	X6	0.5	0.81831395437637	0.296296298635073	0.03052325447400417	0.24074073791503903
work/dc_full/w156_t00776.0.png	Crucible of the Dead	1.0	0.8924418588781786	0.7962962948954264	0.09738372166951492	0.13037036895751952
work/dc_full/w156_t00777.0.png	Gladiator	1.0	0.005692839773918139	0.8061935569377966	0.045300368467966715	0.12835362752278645
work/dc_full/w156_t00777.0.png	9:50:22	1.0	0.010149558920814506	0.55384063597077	0.04656134843826294	0.11454095204671233
work/dc_full/w156_t00777.0.png	PM	0.5	0.05668604676014509	0.5555555570096239	0.027616278330485022	0.1296296310424805
work/dc_full/w156_t00777.0.png	125	1.0	0.7165697684850751	0.1851851889368128	0.02616278926531479	0.1481481424967448
work/dc_full/w156_t00777.0.png	01:54	1.0	0.7747093031290245	0.20370370639569313	0.0232558131217957	0.09259258906046552
work/dc_full/w156_t00777.0.png	X6	0.3	0.8183139535296433	0.29629629921377676	0.029069767395655366	0.24074073791503903
work/dc_full/w156_t00777.0.png	Crucible of the Dead	1.0	0.8909883731938976	0.776666668299018	0.09883720874786384	0.15000000000000002
work/dc_full/w156_t00778.0.png	Gladiator	1.0	0.005692839773918139	0.8061935569377966	0.045300368467966715	0.12835362752278645
work/dc_full/w156_t00778.0.png	9:50:23	1.0	0.010129953160687662	0.5524500137617703	0.046600560347239174	0.11732219696044921
work/dc_full/w156_t00778.0.png	PM	0.3	0.06540697727285577	0.5555555572118689	0.018895347913106278	0.11111110687255854
work/dc_full/w156_t00778.0.png	Janaxia,	1.0	0.42728488543849763	0.7199457446969304	0.0567674398422241	0.17121962229410803
work/dc_full/w156_t00778.0.png	tbe	0.5	0.48691860493849376	0.703703702037037	0.02470930218696593	0.16666666666666674
work/dc_full/w156_t00778.0.png	Betraver	1.0	0.5130813961717651	0.7592592601732042	0.05668604373931885	0.1296296310424805
work/dc_full/w156_t00778.0.png	6 ĐẢ QUA6	0.3	0.45348837469184217	0.5733333337037037	0.08430232206980398	0.18666666666666676
work/dc_full/w156_t00778.0.png	Бuтап	0.3	0.4839897955822154	0.2952674687881637	0.03202040990193683	0.11316876729329428
work/dc_full/w156_t00778.0.png	125	1.0	0.7165697678200346	0.18518518563616715	0.024709302186965876	0.1296296310424805
work/dc_full/w156_t00778.0.png	0	0.3	0.7936046512594094	0.4629629660081651	0.007267441848913814	0.11111110687255854
work/dc_full/w156_t00778.0.png	01.53	1.0	0.7747093020218813	0.22222222388198665	0.021802326043446896	0.0740740712483724
work/dc_full/w156_t00778.0.png	X6	0.5	0.81831395437637	0.296296298635073	0.03052325447400417	0.24074073791503903
work/dc_full/w156_t00778.0.png	Crueible of the Dead	0.5	0.8908992830892163	0.6970797509745075	0.09901538689931233	0.2354701232910157
work/dc_full/w156_t00779.0.png	Gladiator	1.0	0.005756741913052666	0.8109165655698117	0.045172564188639325	0.11890761057535804
work/dc_full/w156_t00779.0.png	9:50:24	1.0	0.01017442001773922	0.5555555586007577	0.046511626243591314	0.11111110687255865
work/dc_full/w156_t00779.0.png	PM	0.3	0.06540697744242942	0.5555555586007577	0.018895347913106278	0.11111110687255865
work/dc_full/w156_t00779.0.png	Janaxia,	1.0	0.4281700125526508	0.7167616363018535	0.05779511531194048	0.19170121510823568
work/dc_full/w156_t00779.0.png	axia, tbe Betr	0.3	0.4520348844540831	0.5733333331960719	0.09302325248718274	0.3340740712483725
work/dc_full/w156_t00779.0.png	Betraver	1.0	0.5115014091015657	0.7493042968188807	0.05839252869288125	0.1495395533243815
work/dc_full/w156_t00779.0.png	Бuтап	0.3	0.4839779610801203	0.29470221964411625	0.032044078906377116	0.1142992655436198
work/dc_full/w156_t00779.0.png	125	1.0	0.7151162797846121	0.1851851889368128	0.027616278330485078	0.1481481424967448
work/dc_full/w156_t00779.0.png	01:52	1.0	0.7747093031290245	0.2037037064402638	0.0232558131217957	0.11111110687255865
work/dc_full/w156_t00779.0.png	X6	0.5	0.8183139544127073	0.2962962987893941	0.03052325447400417	0.24074073791503903
work/dc_full/w156_t00779.0.png	Crucible of the Dead	1.0	0.8909883721158937	0.7222222203823514	0.09883720874786373	0.20444444656372074
work/dc_full/w156_t00780.0.png	125	0.3	0.7136627907221123	0.1851851870849609	0.027616278330484967	0.1481481424967448
work/dc_full/w156_t00780.0.png	01.59	0.5	0.776162790740513	0.2222222238996232	0.020348836978276608	0.0740740712483724
work/dc_full/w156_t00780.0.png	X6	0.3	0.8183139544127073	0.2962962987893941	0.03052325447400417	0.24074073791503903
work/dc_full/w156_t00780.0.png	Crucible of the Dead	1.0	0.8924418588781786	0.7962962948954264	0.09738372166951492	0.13037036895751952
work/dc_full/w157_t00781.0.png	Gladiator	1.0	0.00561816246874612	0.7995674364519635	0.04539604981740316	0.12382589975992842
work/dc_full/w157_t00781.0.png	9:50:26	1.0	0.008720931111559034	0.5555555536917227	0.0479651133219401	0.1296296310424805
work/dc_full/w157_t00781.0.png	PM	0.3	0.05668604642099782	0.5555555570575479	0.02761627833048503	0.11111110687255854
work/dc_full/w157_t00781.0.png	125 EK	0.3	0.7165697679438481	0.16666666458333335	0.04941860437393186	0.16666666666666674
work/dc_full/w157_t00781.0.png	01.39	1.0	0.7747093020218813	0.22222222388198665	0.021802326043446896	0.0740740712483724
work/dc_full/w157_t00781.0.png	X7	0.3	0.8183139534872498	0.27777777420443317	0.029069767395655255	0.259259262084961
work/dc_full/w157_t00781.0.png	Crucible of the Dead	1.0	0.8924418588781786	0.7962962948954264	0.09738372166951492	0.13037036895751952
work/dc_full/w157_t00782.0.png	Gladiator	1.0	0.005692839773918139	0.8061935569377966	0.045300368467966715	0.12835362752278645
work/dc_full/w157_t00782.0.png	9:50:27	1.0	0.010109129906836071	0.551083893020804	0.04518871704737345	0.12005443572998054
work/dc_full/w157_t00782.0.png	PM	0.3	0.06395348855468998	0.5370370358320362	0.020348836978276566	0.1296296310424805
work/dc_full/w157_t00782.0.png	125	1.0	0.7151162797846121	0.1851851889368128	0.027616278330485078	0.1481481424967448
work/dc_full/w157_t00782.0.png	01.38	0.3	0.7747093029352262	0.22222222553149562	0.023255813121795588	0.09259258906046541
work/dc_full/w157_t00782.0.png	X7	0.3	0.8183139534533352	0.2777777737723345	0.029069767395655255	0.25925926208496086
work/dc_full/w157_t00782.0.png	Crucible of the Dead	1.0	0.8924418588781786	0.7962962948954264	0.09738372166951492	0.13037036895751952
work/dc_full/w157_t00783.0.png	Gladiator	1.0	0.005692839773918139	0.8061935569377966	0.045300368467966715	0.12835362752278645
work/dc_full/w157_t00783.0.png	9:50:28	1.0	0.010143501102182977	0.5534147758730253	0.04657346407572428	0.11539267222086591
work/dc_full/w157_t00783.0.png	PM	0.5	0.06395348824535785	0.5555555570096239	0.020348836978276566	0.1296296310424805
work/dc_full/w157_t00783.0.png	Diremane	1.0	0.4491279086630385	0.7592592588614758	0.05959302186965937	0.12962963104248038
work/dc_full/w157_t00783.0.png	103	1.0	0.49273255803478005	0.6296296304697673	0.015988371769587173	0.09259258906046552
work/dc_full/w157_t00783.0.png	Beast	1.0	0.4854557057600822	0.29591545315363754	0.02763509949048354	0.11187280019124346
work/dc_full/w157_t00783.0.png	Brute	1.0	0.5145348827698937	0.7592592576269079	0.03488372166951492	0.1296296310424805
work/dc_full/w157_t00783.0.png	125	1.0	0.7151162799022264	0.18518518949236829	0.02616278926531479	0.1481481424967448
work/dc_full/w157_t00783.0.png	01:37	1.0	0.7761627910069857	0.20370370397112825	0.020348836978276608	0.11111110687255854
work/dc_full/w157_t00783.0.png	X7	0.3	0.8183139534533352	0.2777777737723345	0.029069767395655255	0.25925926208496086
work/dc_full/w157_t00783.0.png	Crucible of the Dead	1.0	0.8924418588781786	0.7962962948954264	0.09738372166951492	0.13037036895751952
work/dc_full/w157_t00784.0.png	Gladiator	1.0	0.005692839773918139	0.8061935569377966	0.045300368467966715	0.12835362752278645
work/dc_full/w157_t00784.0.png	9:50:29	1.0	0.01013106031122637	0.5526268430923802	0.045144855976104736	0.11696853637695315
work/dc_full/w157_t00784.0.png	PM	1.0	0.06249999958002076	0.5370370413442201	0.02180232604344686	0.1481481424967448
work/dc_full/w157_t00784.0.png	125	1.0	0.7180232556438187	0.20370370536001703	0.014534883697827627	0.11111110687255854
work/dc_full/w157_t00784.0.png	01:36	1.0	0.774709302353831	0.20370370454384135	0.0232558131217957	0.09259258906046552
work/dc_full/w157_t00784.0.png	X7	0.3	0.8183139534533352	0.2777777737723345	0.029069767395655255	0.25925926208496086
work/dc_full/w157_t00784.0.png	Crucible of the Dead	1.0	0.8924418588781786	0.7962962948954264	0.09738372166951492	0.13037036895751952
work/dc_full/w157_t00785.0.png	Gladiator	1.0	0.005756741913052666	0.8109165655698117	0.045172564188639325	0.11890761057535804
work/dc_full/w157_t00785.0.png	9:50:30	1.0	0.010153284211051765	0.5541010717174444	0.04655389785766602	0.11402008056640622
work/dc_full/w157_t00785.0.png	PM	0.3	0.06395348855468998	0.5370370358320362	0.020348836978276566	0.1296296310424805
work/dc_full/w157_t00785.0.png	(447,590/447,590)	1.0	0.29941860548221677	0.8703703703583894	0.08866279125213622	0.1296296310424805
work/dc_full/w157_t00785.0.png	(457,975/457,975)	1.0	0.22238372017342034	0.5555555567489059	0.09011627833048502	0.11111110687255854
work/dc_full/w157_t00785.0.png	125	1.0	0.7151162797680108	0.1851851889368128	0.01889534791310621	0.1481481424967448
work/dc_full/w157_t00785.0.png	01:35	1.0	0.7747093029352262	0.2037037076748317	0.023255813121795588	0.11111110687255854
work/dc_full/w157_t00785.0.png	X7	0.3	0.8183139534533352	0.2777777737723345	0.029069767395655255	0.25925926208496086
work/dc_full/w157_t00785.0.png	Crucible of the Dead	0.5	0.8909883721667657	0.7033333367625145	0.09883720874786384	0.22333333333333338
work/dc_full/w157_t00786.0.png	Gladiator	1.0	0.005813954424161664	0.814814817551375	0.04505813916524251	0.11111110687255865
work/dc_full/w157_t00786.0.png	9:50:31	1.0	0.010145808487400687	0.5536404272449866	0.045115359624226886	0.11494136810302735
work/dc_full/w157_t00786.0.png	PM	1.0	0.06249999989748963	0.5370370417145905	0.020348836978276573	0.1481481424967448
work/dc_full/w157_t00786.0.png	125	1.0	0.7180232564235983	0.20370370515777203	0.0232558131217957	0.1296296310424805
work/dc_full/w157_t00786.0.png	01:34	1.0	0.774709302353831	0.20370370454384135	0.0232558131217957	0.09259258906046552
work/dc_full/w157_t00786.0.png	x7	0.3	0.818313953598684	0.2777777890326606	0.029069767395655255	0.27777776082356775
work/dc_full/w157_t00786.0.png	Crucible of the Dead	1.0	0.8924418588781786	0.7962962948954264	0.09738372166951492	0.13037036895751952
work/dc_full/w157_t00787.0.png	Gladiator	1.0	0.0056817990069589685	0.8053298395117219	0.045322450002034505	0.13008106231689465
work/dc_full/w157_t00787.0.png	9:50:32	1.0	0.008678919763636439	0.5344648855942533	0.04804913600285848	0.1347739283243814
work/dc_full/w157_t00787.0.png	PM	0.5	0.05668604642099782	0.5555555570575479	0.02761627833048503	0.11111110687255854
work/dc_full/w157_t00787.0.png	125 EK	0.3	0.7194767448311384	0.18518518554175112	0.04505813916524248	0.1481481488545736
work/dc_full/w157_t00787.0.png	01:33	1.0	0.7747093033059896	0.2037037076748317	0.02180232405662541	0.11111110687255854
work/dc_full/w157_t00787.0.png	X7	0.3	0.818313954189493	0.27777777552335225	0.030523254474004058	0.2777777862548828
work/dc_full/w157_t00787.0.png	Crucible of the Dead	1.0	0.8924418588781786	0.7962962948954264	0.09738372166951492	0.13037036895751952
work/dc_full/w157_t00788.0.png	Gladiator	1.0	0.005777957004211576	0.7942339374796956	0.045130133628845215	0.1337543487548828
work/dc_full/w157_t00788.0.png	9:50:33	1.0	0.0072101266674112095	0.5338692968571535	0.04953323602676392	0.15448362986246733
work/dc_full/w157_t00788.0.png	PM	0.5	0.062499999550950994	0.5370370354046857	0.021802326043446854	0.12962963104248038
work/dc_full/w157_t00788.0.png	Blugrug the Living Plague	1.0	0.41133720866065443	0.7222222276062011	0.17732558250427238	0.18518517812093094
work/dc_full/w157_t00788.0.png	→sẢ Q8S6__	0.3	0.45348837336902825	0.5733333337037037	0.08139534791310632	0.18666666666666676
work/dc_full/w157_t00788.0.png	Hetber Corruption	1.0	0.45348837402523423	0.2962962961454264	0.09156976540883388	0.13037036895751963
work/dc_full/w157_t00788.0.png	125	1.0	0.7180232564235983	0.20370370515777203	0.0232558131217957	0.1296296310424805
work/dc_full/w157_t00788.0.png	01:32	1.0	0.7747093029352262	0.2037037076748317	0.023255813121795588	0.11111110687255854
work/dc_full/w157_t00788.0.png	X7	0.3	0.818313954194684	0.2777777885696976	0.030523254474004058	0.27777776082356775
work/dc_full/w157_t00788.0.png	Crucible of the Dead	1.0	0.8924418588781786	0.7962962948954264	0.09738372166951492	0.13037036895751952
work/dc_full/w157_t00789.0.png	Gladiator	1.0	0.005669536344783481	0.8043516684481485	0.045346975326538086	0.13203740437825517
work/dc_full/w157_t00789.0.png	9:50:34	1.0	0.008712104862942393	0.5549335404068985	0.047982768217722585	0.11235514322916673
work/dc_full/w157_t00789.0.png	PM	1.0	0.06250000056253033	0.5370370417145905	0.02180232405662537	0.1481481424967448
work/dc_full/w157_t00789.0.png	(304,99	0.5	0.31250000099677744	0.29629629788429723	0.03779069582621253	0.09259258906046552
work/dc_full/w157_t00789.0.png	125	1.0	0.7151162801129821	0.1851851889368128	0.02616278926531479	0.1481481424967448
work/dc_full/w157_t00789.0.png	01:31	1.0	0.7747093027245943	0.20370370458841214	0.02180232405662541	0.11111110687255854
work/dc_full/w157_t00789.0.png	X7	0.3	0.8183139534872498	0.27777777420443317	0.029069767395655255	0.259259262084961
work/dc_full/w157_t00789.0.png	Crucible of the Dead	1.0	0.8924418588781786	0.7962962948954264	0.09738372166951492	0.13037036895751952
work/dc_full/w157_t00790.0.png	Aetberial Stormdrinker	1.0	0.4258720939433656	0.7592592576269079	0.14825580914815267	0.13074074427286786
work/dc_full/w157_t00790.0.png	Aetber	0.5	0.4533916415657893	0.2915912321944685	0.03217020630836487	0.12052124023437494
work/dc_full/w157_t00790.0.png	Corruption	1.0	0.4912790691876137	0.2962962974896467	0.0537790695826213	0.11111110687255854
work/dc_full/w157_t00790.0.png	125	1.0	0.7151162797680108	0.1851851889368128	0.01889534791310621	0.1481481424967448
work/dc_full/w157_t00790.0.png	0	0.3	0.7936046512412408	0.46296296582298	0.007267441848913814	0.11111110687255854
work/dc_full/w157_t00790.0.png	01.30	0.5	0.7747093031606408	0.22222222553149562	0.0218023240566253	0.09259258906046541
work/dc_full/w157_t00790.0.png	X7	0.3	0.8168604658174	0.2592592670270648	0.030523254474004058	0.2962962849934896
work/dc_full/w157_t00790.0.png	Crucible of the Dead	0.5	0.8923868581453929	0.7178625156991892	0.09749372800191247	0.21242312113444006
work/dc_full/w157_t00791.0.png	Gladiator	1.0	0.005813954424161664	0.814814817551375	0.04505813916524251	0.11111110687255865
work/dc_full/w157_t00791.0.png	9:50:36	1.0	0.007267442057220104	0.5370370387037036	0.04941860437393188	0.16666666666666674
work/dc_full/w157_t00791.0.png	PM	0.5	0.0581395350898447	0.5185185206018518	0.02761627833048503	0.16666666666666663
work/dc_full/w157_t00791.0.png	Chtbonian Bloodkeeper	1.0	0.42587209295499356	0.7399999986762906	0.14825580914815267	0.15000000000000002
work/dc_full/w157_t00791.0.png	Chtbonic - Insectoid	1.0	0.4462209317618554	0.29629629934149837	0.10755813916524248	0.11111110687255865
work/dc_full/w157_t00791.0.png	125	0.5	0.7165697674037239	0.18518518378431525	0.015988371769587117	0.1296296310424805
work/dc_full/w157_t00791.0.png	0	0.3	0.7936046512412408	0.46296296582298	0.007267441848913814	0.11111110687255854
work/dc_full/w157_t00791.0.png	EK	0.3	0.7485465118984045	0.12962963023229535	0.0232558131217957	0.24074073791503914
work/dc_full/w157_t00791.0.png	01:29	1.0	0.7747093033544393	0.20370370392655746	0.0218023240566253	0.09259258906046552
work/dc_full/w157_t00791.0.png	X7	0.3	0.8168604654578837	0.25925926676251443	0.031976743539174346	0.2962962849934896
work/dc_full/w157_t00791.0.png	Crucible of the Dead	0.5	0.892416984854826	0.7202734759169355	0.09743347167968752	0.2076011912027994
work/dc_full/w157_t00792.0.png	Blugrug the Living Plague	1.0	0.40988372678407653	0.7222222231481481	0.17877906163533536	0.1677777798970541
work/dc_full/w157_t00792.0.png	+Đảu9	0.3	0.4694767433803589	0.5925925909722223	0.03488372166951498	0.16666666666666663
work/dc_full/w157_t00792.0.png	Aetber Corruption	1.0	0.45348837402523423	0.2962962991563133	0.09156976540883388	0.11111110687255865
work/dc_full/w157_t00792.0.png	125	1.0	0.7165697674037239	0.20370370536001703	0.015988371769587117	0.11111110687255854
work/dc_full/w157_t00792.0.png	0	0.3	0.793604651095892	0.462962966934091	0.007267441848913814	0.11111110687255865
work/dc_full/w157_t00792.0.png	01:28	0.3	0.776162790740513	0.2222222238996232	0.020348836978276608	0.0740740712483724
work/dc_full/w157_t00792.0.png	X7	0.3	0.8168604658174	0.2592592670270648	0.030523254474004058	0.2962962849934896
work/dc_full/w157_t00792.0.png	Crucible of the Dead	1.0	0.8924418588781786	0.7962962948954264	0.09738372166951492	0.13037036895751952
work/dc_full/w157_t00793.0.png	Gladiator	1.0	0.005791533143860986	0.8133193798794242	0.045102981726328525	0.1141019821166992
work/dc_full/w157_t00793.0.png	9:50:38	1.0	0.010141965289194326	0.5533062413752701	0.04657653570175171	0.11560974121093759
work/dc_full/w157_t00793.0.png	PM	1.0	0.06250000056253033	0.5370370417145905	0.02180232405662537	0.1481481424967448
work/dc_full/w157_t00793.0.png	Arum'Zoth ~ Burning	0.5	0.4273255872699968	0.7222222227777777	0.14389533996582027	0.1677777798970541
work/dc_full/w157_t00793.0.png	-GĐA	0.3	0.45784883709402163	0.5370370428839788	0.03488372166951498	0.18518517812093105
work/dc_full/w157_t00793.0.png	Chtbonic	0.5	0.47817951314823165	0.29512748846734493	0.04364097515741988	0.11344872792561855
work/dc_full/w157_t00793.0.png	mA1171	0.3	0.3997093031308048	0.018518519288800994	0.04215116103490196	0.03703703562418614
work/dc_full/w157_t00793.0.png	125	1.0	0.7180232555832567	0.20370370520569603	0.014534883697827627	0.11111110687255865
work/dc_full/w157_t00793.0.png	01:31	1.0	0.7747093031290245	0.20370370639569313	0.0232558131217957	0.09259258906046552
work/dc_full/w157_t00793.0.png	X7	0.3	0.8183139534533352	0.277777783477105	0.029069767395655255	0.27777776082356775
work/dc_full/w157_t00793.0.png	Crucible of the Dead	1.0	0.8924418588781786	0.7962962948954264	0.09738372166951492	0.13037036895751952
work/dc_full/w157_t00795.0.png	Arum'Zotb	1.0	0.428693388670014	0.7525498287777238	0.06848531564076737	0.161567014058431
work/dc_full/w157_t00795.0.png	~Burning	1.0	0.4985465109711285	0.7407407429491585	0.0726744174957275	0.1481481424967448
work/dc_full/w157_t00795.0.png	Chtbonic	0.5	0.47814442389420814	0.2927977446863108	0.04371115366617834	0.11810821533203131
work/dc_full/w157_t00795.0.png	125	1.0	0.7180232555832567	0.20370370520569603	0.014534883697827627	0.11111110687255865
work/dc_full/w157_t00795.0.png	EK	0.3	0.7485465118776403	0.1296296301165546	0.0232558131217957	0.24074073791503903
work/dc_full/w157_t00795.0.png	01:33	1.0	0.7761627910069857	0.2037037076748317	0.020348836978276608	0.11111110687255854
work/dc_full/w157_t00795.0.png	X7	0.3	0.818313953598684	0.2777777890326606	0.029069767395655255	0.27777776082356775
work/dc_full/w157_t00795.0.png	Crucible of the Dead	1.0	0.8924418588781786	0.7962962948954264	0.09738372166951492	0.13037036895751952
work/dc_full/w157_t00796.0.png	Gladiator	1.0	0.005813954236419431	0.814814817860017	0.04505813916524252	0.11111110687255854
work/dc_full/w157_t00796.0.png	9:50:41	1.0	0.01015449089716316	0.5542283420192732	0.04509799480438233	0.11376553853352867
work/dc_full/w157_t00796.0.png	PM	0.5	0.06250000028508652	0.5370370407886647	0.020348836978276566	0.1481481424967448
work/dc_full/w157_t00796.0.png	Phigillius Stormbile	1.0	0.4331395394407559	0.7222222231481481	0.13226743539174401	0.1677777798970541
work/dc_full/w157_t00796.0.png	NGOẢNG	0.3	0.4593023265610375	0.5370370434978118	0.04215116103490196	0.22222221374511708
work/dc_full/w157_t00796.0.png	Aetberial	1.0	0.47816683108527086	0.2942967112787547	0.043666338920593295	0.11511028289794922
work/dc_full/w157_t00796.0.png	125	1.0	0.7165697684850751	0.1851851889368128	0.02616278926531479	0.1481481424967448
work/dc_full/w157_t00796.0.png	01:32	1.0	0.7747093030805751	0.20370370397112825	0.023255813121795588	0.11111110687255854
work/dc_full/w157_t00796.0.png	X7	0.3	0.818313953598684	0.2777777890326606	0.029069767395655255	0.27777776082356775
work/dc_full/w157_t00796.0.png	Crucible of the Dead	1.0	0.8924418588781786	0.7962962948954264	0.09738372166951492	0.13037036895751952
work/dc_full/w157_t00797.0.png	125	1.0	0.7194767439747565	0.2037037064402638	0.013081395626068137	0.11111110687255865
work/dc_full/w157_t00797.0.png	0	0.3	0.7936046510777233	0.4629629664711281	0.007267441848913814	0.11111110687255854
work/dc_full/w157_t00797.0.png	01:31	1.0	0.7747093031061351	0.2037037072118687	0.0218023240566253	0.11111110687255865
work/dc_full/w157_t00797.0.png	X7	0.3	0.818313954167431	0.2777777752753364	0.030523254474004058	0.2777777862548828
work/dc_full/w157_t00797.0.png	Crucible of the Dead	1.0	0.8924418600079966	0.7962962957098983	0.09738372166951492	0.13037036895751952
work/dc_full/w157_t00798.0.png	Chtbonian Servitor	1.0	0.4389534932431952	0.7592592592472782	0.12354650497436526	0.13074073791503915
work/dc_full/w157_t00798.0.png	Chtbonic - Insectoid	1.0	0.44622092844419853	0.2962962974896467	0.10610465208689362	0.11111110687255854
work/dc_full/w157_t00798.0.png	125	1.0	0.7165697674436947	0.18518518392320427	0.01598837176958723	0.12962963104248038
work/dc_full/w157_t00798.0.png	01:34	1.0	0.7747093031290245	0.20370370639569313	0.0232558131217957	0.09259258906046552
work/dc_full/w157_t00798.0.png	X7	0.3	0.8183139534533352	0.2777777737723345	0.029069767395655255	0.25925926208496086
work/dc_full/w157_t00798.0.png	Grucible of the Dead	0.5	0.8909426307774955	0.7003523183081408	0.09892868995666504	0.22892499287923174
work/dc_full/w157_t00799.0.png	125	1.0	0.7180232555832567	0.20370370520569603	0.014534883697827627	0.11111110687255865
work/dc_full/w157_t00799.0.png	01:33	1.0	0.7761627910069857	0.2037037076748317	0.020348836978276608	0.11111110687255854
work/dc_full/w157_t00799.0.png	x7	0.3	0.818313953598684	0.2777777890326606	0.029069767395655255	0.27777776082356775
work/dc_full/w157_t00799.0.png	Crucible of the Dead	1.0	0.8924418588781786	0.7962962948954264	0.09738372166951492	0.13037036895751952
work/dc_full/w158_t00800.0.png	125	1.0	0.7180232556438187	0.20370370536001703	0.014534883697827627	0.11111110687255854
work/dc_full/w158_t00800.0.png	01:33	1.0	0.7761627910069857	0.2037037076748317	0.020348836978276608	0.11111110687255854
work/dc_full/w158_t00800.0.png	x8	0.3	0.8168604658468157	0.29629629704393934	0.03052325447400417	0.259259262084961
work/dc_full/w158_t00800.0.png	Crucible of the Dead	1.0	0.8924418588781786	0.7962962948954264	0.09738372166951492	0.13037036895751952
work/dc_full/w158_t00801.0.png	Gladiator	1.0	0.0057181914288465755	0.8081204372497376	0.045249664783477785	0.12449986775716149
work/dc_full/w158_t00801.0.png	9:50:46	1.0	0.008699452783886848	0.5540301564935026	0.048008072376251223	0.11416191101074225
work/dc_full/w158_t00801.0.png	PM	0.3	0.05668604676014509	0.5555555570096239	0.027616278330485022	0.1296296310424805
work/dc_full/w158_t00801.0.png	125	1.0	0.7180232556438187	0.20370370536001703	0.014534883697827627	0.11111110687255854
work/dc_full/w158_t00801.0.png	01:32	0.5	0.7761627916296331	0.2037037076748317	0.02180232405662541	0.11111110687255854
work/dc_full/w158_t00801.0.png	X8	0.5	0.8154069779930795	0.25925926583658854	0.03343023061752315	0.2962962849934895
work/dc_full/w158_t00801.0.png	Crucible of the Dead	1.0	0.8924418588781786	0.7962962948954264	0.09738372166951492	0.13037036895751952
work/dc_full/w158_t00802.0.png	Gladiator	1.0	0.005692839773918139	0.8061935569377966	0.045300368467966715	0.12835362752278645
work/dc_full/w158_t00802.0.png	9:50:47 PM	1.0	0.01017441987720602	0.5555555575637207	0.07412790457407634	0.11111110687255865
work/dc_full/w158_t00802.0.png	Chtbonian	1.0	0.4360465133406705	0.7592592588614758	0.06395348707834875	0.12962963104248038
work/dc_full/w158_t00802.0.png	Devourer	1.0	0.505813952565585	0.7592592576269079	0.05813953479131062	0.1296296310424805
work/dc_full/w158_t00802.0.png	Chtbonic	1.0	0.47817951296649625	0.29512748832276936	0.04364097515741988	0.11344872792561855
work/dc_full/w158_t00802.0.png	125	1.0	0.7194767443261132	0.20370370520569603	0.01308139463265734	0.11111110687255865
work/dc_full/w158_t00802.0.png	01:31	1.0	0.7761627918234315	0.20370370639569313	0.02180232405662541	0.09259258906046552
work/dc_full/w158_t00802.0.png	x8	0.3	0.8168604657594825	0.2777777871808087	0.031976743539174346	0.27777776082356764
work/dc_full/w158_t00802.0.png	Crucible of the Dead	1.0	0.8924418588781786	0.7962962948954264	0.09738372166951492	0.13037036895751952
work/dc_full/w158_t00803.0.png	125	1.0	0.7165697674037239	0.18518518378431525	0.015988371769587117	0.1296296310424805
work/dc_full/w158_t00803.0.png	01.30	0.3	0.776162790740513	0.2222222238996232	0.020348836978276608	0.0740740712483724
work/dc_full/w158_t00803.0.png	X8	0.3	0.8154069778961802	0.25925926244152686	0.03343023061752326	0.2962962849934896
work/dc_full/w158_t00803.0.png	Crucible of the Dead	1.0	0.8924418613127716	0.7962962967472782	0.09738372166951492	0.13037036895751963
work/dc_full/w158_t00804.0.png	397/448,397)	0.5	0.3633720953586667	0.8148148150822393	0.0654069741566976	0.11111110687255865
work/dc_full/w158_t00804.0.png	(14&33.4042438.204) Ugdenbog Crab	0.3	0.3369676069721803	0.6798768859467517	0.2126138051350911	0.26612644195556634
work/dc_full/w158_t00804.0.png	7	0.5	0.369186046491892	0.5740740748044615	0.008720930417378758	0.11111110687255854
work/dc_full/w158_t00804.0.png	(300.(103300,375)	0.5	0.4607558139355328	0.611111111467677	0.09011627833048497	0.1481481424967448
work/dc_full/w158_t00804.0.png	Beast	1.0	0.48546511633984474	0.2962962998044615	0.027616278330485022	0.11111110687255865
work/dc_full/w158_t00804.0.png	125	1.0	0.7194767447076539	0.20370370674890592	0.01308139463265734	0.11111110687255854
work/dc_full/w158_t00804.0.png	01:29	0.5	0.776162790740513	0.2222222238996232	0.020348836978276608	0.0740740712483724
work/dc_full/w158_t00804.0.png	x8	0.3	0.8168604657594825	0.2777777871808087	0.031976743539174346	0.27777776082356764
work/dc_full/w158_t00804.0.png	Crucible of the Dead	1.0	0.8924418588781786	0.7962962948954264	0.09738372166951492	0.13037036895751952
work/dc_full/w158_t00805.0.png	Gladiator	1.0	0.005813954334847523	0.8148148162688832	0.04360464811325074	0.12962963104248038
work/dc_full/w158_t00805.0.png	9:50:50	1.0	0.01012818639247275	0.5528071057422312	0.046604092915852866	0.13512653350830084
work/dc_full/w158_t00805.0.png	PM	0.5	0.06395348826958265	0.5370370417145905	0.020348836978276566	0.1481481424967448
work/dc_full/w158_t00805.0.png	Sandclaw	0.5	0.4389039775528663	0.7555515452592042	0.05823855797449751	0.1370450592041016
work/dc_full/w158_t00805.0.png	Beast	1.0	0.4854651161884397	0.3148148156549524	0.027616278330484967	0.09259258906046552
work/dc_full/w158_t00805.0.png	flayer	1.0	0.5203298296399145	0.7214656392044848	0.04073568979899089	0.16817982991536462
work/dc_full/w158_t00805.0.png	125	1.0	0.7194767447076539	0.20370370674890592	0.01308139463265734	0.11111110687255854
work/dc_full/w158_t00805.0.png	01:28	0.3	0.776162790740513	0.2222222238996232	0.020348836978276608	0.0740740712483724
work/dc_full/w158_t00805.0.png	X8	0.5	0.8154069778961802	0.25925926244152686	0.03343023061752326	0.2962962849934896
work/dc_full/w158_t00805.0.png	Crucible of the Dead	1.0	0.8924418588781786	0.7962962948954264	0.09738372166951492	0.13037036895751952
work/dc_full/w158_t00806.0.png	Gladiator	1.0	0.005813954236419431	0.814814817860017	0.04505813916524252	0.11111110687255854
work/dc_full/w158_t00806.0.png	9:50:51	1.0	0.010174418716797346	0.5555555578540433	0.04505813916524251	0.11111110687255854
work/dc_full/w158_t00806.0.png	PM	0.5	0.0624999997763656	0.5555555539232042	0.02034883697827658	0.1296296310424805
work/dc_full/w158_t00806.0.png	Sandclaw ~ Matriarch	1.0	0.428779070055005	0.7399999974417228	0.14244186083475746	0.1499999999999999
work/dc_full/w158_t00806.0.png	Beast	1.0	0.4854651161884397	0.2962962971810047	0.027616278330484967	0.11111110687255854
work/dc_full/w158_t00806.0.png	125 E	0.3	0.7151162787965611	0.12962963057951749	0.04941860437393186	0.24074073791503914
work/dc_full/w158_t00806.0.png	01:27	1.0	0.7747093027317918	0.20370370397112825	0.020348836978276608	0.11111110687255854
work/dc_full/w158_t00806.0.png	x8	0.3	0.8168604658468157	0.29629629704393934	0.03052325447400417	0.259259262084961
work/dc_full/w158_t00806.0.png	Crucible of tbe Dead	0.5	0.8908903733983465	0.6604593265309869	0.0990332047144572	0.27167395273844397
work/dc_full/w158_t00807.0.png	Gladiator	1.0	0.005813954236419431	0.814814817860017	0.04505813916524252	0.11111110687255854
work/dc_full/w158_t00807.0.png	9:50:52	1.0	0.010138265537560077	0.5534160840213779	0.04658393462498983	0.13390857696533198
work/dc_full/w158_t00807.0.png	PM	0.5	0.06250000056253033	0.5370370417145905	0.02180232405662537	0.1481481424967448
work/dc_full/w158_t00807.0.png	Sandclaw ~ Matriarch	0.5	0.42732558343278754	0.7399999986762906	0.14389533996582032	0.15000000000000002
work/dc_full/w158_t00807.0.png	Beast	1.0	0.4854651159751375	0.2962962998044615	0.02906976739565531	0.11111110687255865
work/dc_full/w158_t00807.0.png	125	1.0	0.718023255680156	0.18518518392320427	0.014534883697827627	0.12962963104248038
work/dc_full/w158_t00807.0.png	01:26	1.0	0.7761627917749819	0.20370370392655746	0.0218023240566253	0.09259258906046552
work/dc_full/w158_t00807.0.png	x8	0.3	0.8168604658589281	0.2962962974760379	0.030523254474004058	0.259259262084961
work/dc_full/w158_t00807.0.png	Crueible of the Dead	0.5	0.8909594281216106	0.6832411127479684	0.09889509677886965	0.24462889353434247
work/dc_full/w158_t00808.0.png	Gladiator	1.0	0.005813954236419431	0.814814817860017	0.04505813916524252	0.11111110687255854
work/dc_full/w158_t00808.0.png	9:50:53	1.0	0.008709564306202925	0.5547534273038239	0.04798784653345744	0.11271536509195967
work/dc_full/w158_t00808.0.png	PM	0.3	0.06395348855468998	0.5370370358320362	0.020348836978276566	0.1296296310424805
work/dc_full/w158_t00808.0.png	Arcanom	1.0	0.425856583567759	0.7581776522783731	0.05526357889175415	0.131792844136556
work/dc_full/w158_t00808.0.png	the	1.0	0.48401162803212544	0.7407407426405165	0.023255813121795643	0.1481481424967448
work/dc_full/w158_t00808.0.png	Soultbief	1.0	0.5072674429653257	0.7407407426405165	0.06686046123504641	0.1481481424967448
work/dc_full/w158_t00808.0.png	1GĐẢ HUÀG	0.3	0.45930232567854234	0.5555555576062012	0.059593021869659424	0.18518517812093094
work/dc_full/w158_t00808.0.png	Undead	1.0	0.4825581409230698	0.29629629934149837	0.03343023061752315	0.11111110687255865
work/dc_full/w158_t00808.0.png	125	0.3	0.722383720897146	0.2037037072118687	0.01017441848913836	0.11111110687255865
work/dc_full/w158_t00808.0.png	(4.873/480 530)	0.3	0.6526162805658622	0.0185185209790264	0.09011627833048508	0.09259258906046552
work/dc_full/w158_t00808.0.png	X8	0.5	0.8154069778961802	0.25925926244152686	0.03343023061752326	0.2962962849934896
work/dc_full/w158_t00808.0.png	Crucible of the Dead	0.5	0.8909883713818821	0.7766666666323514	0.09883720874786384	0.15000000000000002
work/dc_full/w158_t00808.0.png	958/58	1.0	0.8531976744850099	0.5555555595266836	0.03488372166951503	0.11111110687255865
work/dc_full/w158_t00809.0.png	(299,649/305,539)	1.0	0.049418605740350535	0.9074074059210704	0.09156976540883383	0.09259259541829423
work/dc_full/w158_t00809.0.png	Gladiator	1.0	0.005813954236419431	0.814814817860017	0.04505813916524252	0.11111110687255854
work/dc_full/w158_t00809.0.png	9:50:54	1.0	0.010136798251715259	0.553023431737056	0.045133380095163975	0.1161753590901693
work/dc_full/w158_t00809.0.png	PM	0.3	0.06540697727891197	0.5555555572474814	0.018895347913106292	0.11111110687255865
work/dc_full/w158_t00809.0.png	(219,974/294,361)	1.0	0.1845930231277052	0.9074074084790266	0.09156976540883383	0.09259258906046541
work/dc_full/w158_t00809.0.png	Sandclaw	1.0	0.4272882705749741	0.7564140782921271	0.05966764291127524	0.13531998952229818
work/dc_full/w158_t00809.0.png	~ Matriarch	1.0	0.49418604804377003	0.7592592578583894	0.07703487873077391	0.13074074427286786
work/dc_full/w158_t00809.0.png	Beast	1.0	0.48689864211235234	0.29552853427711423	0.02620271643002825	0.11264663696289068
work/dc_full/w158_t00809.0.png	125	1.0	0.7151162786669236	0.1851851870849609	0.017441860834757406	0.1481481424967448
work/dc_full/w158_t00809.0.png	01:40	1.0	0.776162790740513	0.2222222238996232	0.020348836978276608	0.0740740712483724
work/dc_full/w158_t00809.0.png	X8	0.3	0.8154069779930795	0.2777777870264877	0.03343023061752315	0.27777776082356764
work/dc_full/w158_t00809.0.png	Crucible of the Dead	1.0	0.8909291144217742	0.6993421755881291	0.09895572662353513	0.23094529469807945
work/dc_full/w158_t00810.0.png	Gladiator	0.5	0.0057601115622719894	0.8111539478307617	0.045165824890136715	0.1184328460693359
work/dc_full/w158_t00810.0.png	9:50:55	1.0	0.00866887977497766	0.5523533652689809	0.04806921879450479	0.1360340118408203
work/dc_full/w158_t00810.0.png	PM	0.3	0.05668604676014509	0.5555555570096239	0.027616278330485022	0.1296296310424805
work/dc_full/w158_t00810.0.png	flamegore	1.0	0.42860553541612256	0.7109485771572902	0.07011450926462809	0.20773248036702474
work/dc_full/w158_t00810.0.png	~Burning	1.0	0.49707234711211906	0.7391093748934661	0.07126228014628094	0.15141087849934887
work/dc_full/w158_t00810.0.png	-XOẢ QA62	0.3	0.45494186257495023	0.5185185249792932	0.07558139165242511	0.2222222137451172
work/dc_full/w158_t00810.0.png	Undead	1.0	0.4825253456949002	0.2946725145957879	0.033495819568634067	0.11435867309570313
work/dc_full/w158_t00810.0.png	125	1.0	0.7180232556438187	0.20370370536001703	0.014534883697827627	0.11111110687255854
work/dc_full/w158_t00810.0.png	01.39	0.5	0.776162790740513	0.2222222238996232	0.020348836978276608	0.0740740712483724
work/dc_full/w158_t00810.0.png	X8	0.5	0.8154069777235785	0.25925926676251443	0.03343023061752326	0.2962962849934896
work/dc_full/w158_t00810.0.png	Crucible of the Dead	0.5	0.8924185782856223	0.7203995262308593	0.09743028481801341	0.2073490905761719
work/dc_full/w158_t00811.0.png	Gladiator	1.0	0.005802089126338342	0.8140283413898961	0.045081869761149085	0.11268405914306634
work/dc_full/w158_t00811.0.png	9:50:56	1.0	0.010163361369124413	0.5547991232253828	0.04653374354044596	0.11262397766113286
work/dc_full/w158_t00811.0.png	PM	0.3	0.06395348814845864	0.5555555570575479	0.020348836978276566	0.11111110687255854
work/dc_full/w158_t00811.0.png	flamegore	1.0	0.43020122969010444	0.7383581676201114	0.06837661266326905	0.1529132970174154
work/dc_full/w158_t00811.0.png	~Burning	1.0	0.49708022684587194	0.7397358054928364	0.07124652067820225	0.15015801747639979
work/dc_full/w158_t00811.0.png	Undead	1.0	0.4825368116424586	0.2952453421993003	0.03347288767496742	0.11321301778157544
work/dc_full/w158_t00811.0.png	125 EK	0.3	0.7180232580919369	0.1851851892454548	0.04796511332194009	0.1481481424967448
work/dc_full/w158_t00811.0.png	01.38	0.5	0.7747093029352262	0.22222222553149562	0.023255813121795588	0.09259258906046541
work/dc_full/w158_t00811.0.png	X8	0.3	0.8168604654881648	0.2777777885696976	0.031976743539174346	0.27777776082356775
work/dc_full/w158_t00811.0.png	Crucible of the Dead	1.0	0.8909883721667657	0.7033333367625145	0.09883720874786384	0.22333333333333338
work/dc_full/w158_t00812.0.png	Gladiator	1.0	0.005813954424161664	0.814814817551375	0.04505813916524251	0.11111110687255865
work/dc_full/w158_t00812.0.png	9:50:57	1.0	0.010163412112956297	0.5549316696383776	0.04508015314737955	0.1308774058024088
work/dc_full/w158_t00812.0.png	PM	0.3	0.06540697727285577	0.5555555572118689	0.018895347913106278	0.11111110687255854
work/dc_full/w158_t00812.0.png	125	1.0	0.7165697674436947	0.18518518392320427	0.01598837176958723	0.12962963104248038
work/dc_full/w158_t00812.0.png	01:41	1.0	0.7747093027245943	0.20370370454384135	0.02180232405662541	0.09259258906046552
work/dc_full/w158_t00812.0.png	X8	0.5	0.8154069778961802	0.25925926244152686	0.03343023061752326	0.2962962849934896
work/dc_full/w158_t00812.0.png	Crucible of the Dead	1.0	0.8909603460633592	0.7016620797350742	0.09889326095581052	0.22630546569824217
work/dc_full/w160_t00839.0.png	Gladiator	1.0	0.005699187668541317	0.8066831415591355	0.04528767267862956	0.12737445831298821
work/dc_full/w160_t00839.0.png	9:51:24	1.0	0.010138245039517272	0.5534150096063187	0.04658397436141967	0.13391072591145825
work/dc_full/w160_t00839.0.png	PM	0.3	0.05668604676014509	0.5555555570096239	0.027616278330485022	0.1296296310424805
work/dc_full/w160_t00839.0.png	125	1.0	0.720930232620714	0.20370370489705403	0.011627906560897738	0.11111110687255865
work/dc_full/w160_t00839.0.png	01:27	1.0	0.7761627910554353	0.20370370392655746	0.020348836978276497	0.09259258906046552
work/dc_full/w160_t00839.0.png	x10	0.3	0.8154069771304286	0.29629629704393934	0.036337208747863725	0.259259262084961
work/dc_full/w160_t00839.0.png	Crucible of the Dead	0.5	0.8924254685460457	0.7209422495703415	0.09741650422414139	0.2062636439005533
work/dc_full/w160_t00840.0.png	Gladiator	1.0	0.005776073728883557	0.8123491419874582	0.04368040959040324	0.11604245503743493
work/dc_full/w160_t00840.0.png	9:51:25	1.0	0.008676550401873635	0.5527508135991753	0.04950736363728841	0.13523911794026688
work/dc_full/w160_t00840.0.png	PM	1.0	0.05668604679176125	0.5555555539232042	0.02616278926531474	0.1296296310424805
work/dc_full/w160_t00840.0.png	125	1.0	0.7194767443261132	0.20370370458841214	0.01308139463265734	0.11111110687255854
work/dc_full/w160_t00840.0.png	01:26	1.0	0.7761627917749819	0.20370370392655746	0.0218023240566253	0.09259258906046552
work/dc_full/w160_t00840.0.png	Crucible of the Dead	1.0	0.8924418588781786	0.7962962948954264	0.09738372166951492	0.13037036895751952
work/dc_full/w160_t00841.0.png	Gladiator	1.0	0.0057579479136872485	0.8110014998072714	0.04517015218734741	0.11873774210611976
work/dc_full/w160_t00841.0.png	9:51:26	1.0	0.008707745776216691	0.5546240031939542	0.04799148639043172	0.1129742177327473
work/dc_full/w160_t00841.0.png	125	1.0	0.7151162787105283	0.1851851872701461	0.017441860834757517	0.1481481424967448
work/dc_full/w160_t00841.0.png	01:25	0.5	0.7761627916296331	0.2037037076748317	0.02180232405662541	0.11111110687255854
work/dc_full/w160_t00841.0.png	Crucible of the Dead	1.0	0.8924418588781786	0.7962962948954264	0.09738372166951492	0.13037036895751952
work/dc_full/w160_t00842.0.png	Gladiator	1.0	0.005699920805666692	0.8067395355022724	0.04528620640436809	0.1272616704305013
work/dc_full/w160_t00842.0.png	9:51:27 PM	1.0	0.0101744207325839	0.5555555586007577	0.07412790457407632	0.11111110687255865
work/dc_full/w160_t00842.0.png	Galakros,	1.0	0.4215116293532674	0.7407407435664424	0.0639534870783488	0.1481481424967448
work/dc_full/w160_t00842.0.png	tbe Mountain	1.0	0.4869186042940599	0.7399999968244388	0.09011627833048502	0.15000000000000002
work/dc_full/w160_t00842.0.png	6 ĐẢ S622	0.3	0.45348837425415855	0.5733333333333333	0.09156976540883388	0.18666666666666676
work/dc_full/w160_t00842.0.png	Aetber Corruption	1.0	0.45348837402523423	0.2962962991563133	0.09156976540883388	0.11111110687255865
work/dc_full/w160_t00842.0.png	125	1.0	0.7180232556438187	0.20370370536001703	0.014534883697827627	0.11111110687255854
work/dc_full/w160_t00842.0.png	01:24	1.0	0.7761627918234315	0.20370370639569313	0.02180232405662541	0.09259258906046552
work/dc_full/w160_t00842.0.png	Crucible of the Dead	1.0	0.8924418588781786	0.7962962948954264	0.09738372166951492	0.13037036895751952
work/dc_full/w160_t00843.0.png	Gladiator	1.0	0.005813954424161664	0.814814817551375	0.04505813916524251	0.11111110687255865
work/dc_full/w160_t00843.0.png	9:51:28	1.0	0.010151617267075964	0.5539846154434225	0.046557231744130456	0.11425299326578775
work/dc_full/w160_t00843.0.png	PM	1.0	0.058139535454551944	0.5555555570096239	0.026162789265314734	0.1296296310424805
work/dc_full/w160_t00843.0.png	Galakros,	1.0	0.4215116286882267	0.7407407435664424	0.0625	0.1481481424967448
work/dc_full/w160_t00843.0.png	the	1.0	0.4869186047763114	0.7407407421775536	0.023255813121795643	0.1481481424967448
work/dc_full/w160_t00843.0.png	Mountain	1.0	0.5145348846660851	0.7592592576269079	0.06249999602635703	0.1296296310424805
work/dc_full/w160_t00843.0.png	Aetber Corruption	1.0	0.45348837402523423	0.2962962991563133	0.09156976540883388	0.11111110687255865
work/dc_full/w160_t00843.0.png	125	0.3	0.7194767447621596	0.22222222491421173	0.01308139463265734	0.09259258906046552
work/dc_full/w160_t00843.0.png	01.23	0.3	0.776162790740513	0.2222222238996232	0.020348836978276608	0.0740740712483724
work/dc_full/w160_t00843.0.png	Crucible of the Dead	1.0	0.8924418588781786	0.7962962948954264	0.09738372166951492	0.13037036895751952
work/dc_full/w160_t00844.0.png	Gladiator	1.0	0.0057436825355026925	0.8099860464346714	0.0451986829439799	0.1207686487833659
work/dc_full/w160_t00844.0.png	9:51:29	1.0	0.010131037963216934	0.5525277257075404	0.046598390738169355	0.11716677347819016
work/dc_full/w160_t00844.0.png	PM	1.0	0.05668604642099782	0.5555555539232042	0.02761627833048503	0.1296296310424805
work/dc_full/w160_t00844.0.png	896)	0.5	-1.3002500927801938e-11	0.2962962991563133	0.021802326043446858	0.11111110687255865
work/dc_full/w160_t00844.0.png	Galakros,	1.0	0.4215116286882267	0.7407407435664424	0.0625	0.1481481424967448
work/dc_full/w160_t00844.0.png	s ge Mor	0.3	0.4709302317535199	0.5733333335664424	0.07122093041737887	0.3340740712483724
work/dc_full/w160_t00844.0.png	Mountain	1.0	0.513081394929818	0.7592592576269079	0.0639534870783488	0.1296296310424805
work/dc_full/w160_t00844.0.png	Aetber Corruption	1.0	0.45348837402523423	0.2962962991563133	0.09156976540883388	0.11111110687255865
work/dc_full/w160_t00844.0.png	125	1.0	0.7180232556438187	0.20370370536001703	0.014534883697827627	0.11111110687255854
work/dc_full/w160_t00844.0.png	01:22	1.0	0.7761627916296331	0.2037037076748317	0.02180232405662541	0.11111110687255854
work/dc_full/w160_t00844.0.png	X10	0.5	0.8154069760838473	0.29629629632025833	0.03488372166951492	0.24074073791503914
work/dc_full/w160_t00844.0.png	Crucible of the Dead	1.0	0.8924418588781786	0.7962962948954264	0.09738372166951492	0.13037036895751952
work/dc_full/w160_t00845.0.png	Gladiator	1.0	0.005716194860753813	0.7905358300654418	0.04525365829467773	0.14115056355794264
work/dc_full/w160_t00845.0.png	9:51:30 PM	1.0	0.01017441987720602	0.5555555575637207	0.07412790457407634	0.11111110687255865
work/dc_full/w160_t00845.0.png	125	1.0	0.718023255680156	0.20370370508223923	0.014534883697827627	0.11111110687255865
work/dc_full/w160_t00845.0.png	01•21	0.3	0.776162790740513	0.2222222238996232	0.020348836978276608	0.0740740712483724
work/dc_full/w160_t00845.0.png	X10	0.5	0.8154069760257076	0.2962962964128508	0.03488372166951492	0.24074073791503914
work/dc_full/w160_t00845.0.png	Crucible of the Dead	1.0	0.8923149694782005	0.7118600594402119	0.09763750235239665	0.22442802429199216
work/dc_full/w160_t00846.0.png	Gladiator	1.0	0.005716194860753813	0.7905358300654418	0.04525365829467773	0.14115056355794264
work/dc_full/w160_t00846.0.png	9:51:31 PM	1.0	0.010174419062213754	0.5555555570096239	0.07267441749572755	0.13111110687255867
work/dc_full/w160_t00846.0.png	Aleksander's Sbard	1.0	0.4360465106941105	0.7592592578583894	0.1264534870783488	0.13074074427286786
work/dc_full/w160_t00846.0.png	Aetberial	0.5	0.4781455098391408	0.29298921740033224	0.04225549300511672	0.11772527058919269
work/dc_full/w160_t00846.0.png	125	1.0	0.7180232556438187	0.20370370536001703	0.014534883697827627	0.11111110687255854
work/dc_full/w160_t00846.0.png	01:20	0.3	0.776162790740513	0.2222222238996232	0.020348836978276608	0.0740740712483724
work/dc_full/w160_t00846.0.png	LO	0.3	0.8343023255832297	0.3148148179422562	0.01598837176958723	0.2222222137451172
work/dc_full/w160_t00846.0.png	Crucible of the Dead	0.5	0.892423163833173	0.7207610832383554	0.09742111365000405	0.20662597656250004
work/dc_full/w160_t00847.0.png	Gladiator	1.0	0.005802923542414447	0.7956709945919266	0.04508020083109538	0.13088022867838545
work/dc_full/w160_t00847.0.png	9:51:32 PM	0.5	0.00872093113599676	0.5555555536917227	0.07558139165242514	0.13111111323038738
work/dc_full/w160_t00847.0.png	(3,722,896/3,722,896)	1.0	0.12645348990139033	0.6111111141563133	0.10755813916524251	0.11111110687255854
work/dc_full/w160_t00847.0.png	Archmage Hleksander	1.0	0.42877906788916775	0.7222222201388889	0.1395348866780598	0.167777779897054
work/dc_full/w160_t00847.0.png	NĐ :06	0.3	0.44023372673953326	0.5425007032081541	0.08900929292043053	0.22981341044108083
work/dc_full/w160_t00847.0.png	Aetberial - Бuman	0.5	0.45203488827689703	0.2962962990328565	0.09593022664388023	0.11111110687255865
work/dc_full/w160_t00847.0.png	125	1.0	0.718023255680156	0.20370370508223923	0.014534883697827627	0.11111110687255865
work/dc_full/w160_t00847.0.png	01:19	1.0	0.776162790740513	0.2222222238996232	0.020348836978276608	0.0740740712483724
work/dc_full/w160_t00847.0.png	X10	0.5	0.8154069761253754	0.29629629651867084	0.03488372166951492	0.24074073791503903
work/dc_full/w160_t00847.0.png	Crucible of the Dead	1.0	0.8924418588781786	0.7962962948954264	0.09738372166951492	0.13037036895751952
work/dc_full/w160_t00848.0.png	Gladiator	1.0	0.0057698726284247884	0.7937618431467285	0.04514630238215129	0.1346985371907552
work/dc_full/w160_t00848.0.png	9:51:33 PM	1.0	0.008720933690572318	0.5555555586007577	0.07703487873077391	0.11111110687255865
work/dc_full/w160_t00848.0.png	722,896/3,722,896)	1.0	0.14680232671069363	0.38888889054520215	0.0944767395655314	0.11111110687255865
work/dc_full/w160_t00848.0.png	125	1.0	0.7180232555832567	0.20370370520569603	0.014534883697827627	0.11111110687255865
work/dc_full/w160_t00848.0.png	01.18	0.5	0.7761627916296331	0.22222222553149562	0.02180232405662541	0.09259258906046541
work/dc_full/w160_t00848.0.png	X 10	0.3	0.8154069768615333	0.2766666668997758	0.036337208747863725	0.2603703689575195
work/dc_full/w160_t00848.0.png	Crucible of the Dead	0.5	0.8924071579978813	0.7194938726193316	0.09745312531789141	0.20916039784749352
work/dc_full/w160_t00849.0.png	Gladiator	1.0	0.005770798675123253	0.7938161710057674	0.04514445066452026	0.13458988189697263
work/dc_full/w160_t00849.0.png	9:51:34 PM	1.0	0.010174420547264147	0.5555555557750561	0.07412790457407634	0.13111111323038738
work/dc_full/w160_t00849.0.png	(3,722,896/3,722,896)	1.0	0.00872092970160554	0.35185185304520217	0.10901162624359131	0.11111110687255865
work/dc_full/w160_t00849.0.png	125	1.0	0.7180232562129664	0.20370370520569603	0.02180232405662541	0.11111110687255865
work/dc_full/w160_t00849.0.png	01:17	1.0	0.7747093034513384	0.20370370639569313	0.02180232405662541	0.09259258906046552
work/dc_full/w160_t00849.0.png	Crucible of the Dead	1.0	0.8924418588781786	0.7962962948954264	0.09738372166951492	0.13037036895751952
work/dc_full/w160_t00850.0.png	Gladiator	1.0	0.005692839773918139	0.8061935569377966	0.045300368467966715	0.12835362752278645
work/dc_full/w160_t00850.0.png	9:51:3522P&Ms/ 3,722,896)	0.3	0.008720929890702145	0.5555555570096239	0.13517441749572753	0.13111110687255867
work/dc_full/w160_t00850.0.png	(646 38215 205 1551	0.3	0.2093023251731341	0.0185185218277919	0.10029069582621256	0.09259258906046552
work/dc_full/w160_t00850.0.png	(867,031/2,	0.5	0.4680232568291508	0.22222222495878252	0.05813953479131062	0.11111110687255854
work/dc_full/w160_t00850.0.png	955,796)	1.0	0.5247093037303687	0.24074074320124872	0.04215116103490191	0.09259258906046552
work/dc_full/w160_t00850.0.png	125	1.0	0.7165697674037239	0.20370370536001703	0.015988371769587117	0.11111110687255854
work/dc_full/w160_t00850.0.png	0	0.3	0.7936046512594094	0.4629629660081651	0.007267441848913814	0.11111110687255854
work/dc_full/w160_t00850.0.png	01:16	1.0	0.7761627918234315	0.20370370639569313	0.02180232405662541	0.09259258906046552
work/dc_full/w160_t00850.0.png	X10	0.3	0.8154069760257076	0.2962962964128508	0.03488372166951492	0.24074073791503914
work/dc_full/w160_t00850.0.png	Crucible of the Dead	1.0	0.8924418588781786	0.7962962948954264	0.09738372166951492	0.13037036895751952
work/dc_full/w160_t00851.0.png	Gladiator	1.0	0.005756541244083809	0.8109022223076129	0.045172965526580816	0.1189362970987955
work/dc_full/w160_t00851.0.png	9:51:36 PM	1.0	0.00872093113599676	0.5555555536917227	0.07558139165242514	0.13111111323038738
work/dc_full/w160_t00851.0.png	125	1.0	0.719476744380619	0.20370370536001703	0.01308139463265734	0.11111110687255854
work/dc_full/w160_t00851.0.png	01:15	1.0	0.7761627916296331	0.2037037076748317	0.02180232405662541	0.11111110687255854
work/dc_full/w160_t00851.0.png	X10	0.5	0.8154069764290507	0.29629629921377676	0.03488372166951492	0.24074073791503903
work/dc_full/w160_t00851.0.png	Crucible of the Dead	1.0	0.8924418588781786	0.7962962948954264	0.09738372166951492	0.13037036895751952
work/dc_full/w160_t00852.0.png	Gladiator	1.0	0.005743920907261861	0.7922225719890326	0.045198206106821695	0.13777707417805984
work/dc_full/w160_t00852.0.png	9:51:37 PM	0.5	0.010174420460054834	0.5555555570096239	0.07412790457407635	0.13111110687255867
work/dc_full/w160_t00852.0.png	Kubacabra,	1.0	0.3953488396461013	0.759259261467677	0.07412790457407631	0.1481481424967448
work/dc_full/w160_t00852.0.png	the	0.5	0.4709302322156256	0.7407407391083894	0.02470930218696593	0.1296296310424805
work/dc_full/w160_t00852.0.png	Endless Menace	1.0	0.500000003507818	0.7592592592472782	0.10319766998291013	0.13074073791503915
work/dc_full/w160_t00852.0.png	Beast	1.0	0.4869186054810753	0.2962962990328565	0.027616278330485022	0.11111110687255865
work/dc_full/w160_t00852.0.png	125	1.0	0.7151162787686677	0.18518518949236829	0.017441860834757517	0.1481481424967448
work/dc_full/w160_t00852.0.png	01:14	1.0	0.7761627918234315	0.20370370639569313	0.02180232405662541	0.09259258906046552
work/dc_full/w160_t00852.0.png	X10	0.5	0.8154069764290507	0.29629629921377676	0.03488372166951492	0.24074073791503903
work/dc_full/w160_t00852.0.png	Crucible of the Dead	1.0	0.8924418588781786	0.7962962948954264	0.09738372166951492	0.13037036895751952
work/dc_full/w160_t00853.0.png	Gladiator	1.0	0.005788676093937724	0.7948546716045557	0.045108695824941	0.13251288096110025
work/dc_full/w160_t00853.0.png	9:51:38 PM	0.5	0.010174420460054834	0.5555555570096239	0.07412790457407635	0.13111110687255867
work/dc_full/w160_t00853.0.png	125	1.0	0.7151162787686677	0.18518518949236829	0.017441860834757517	0.1481481424967448
work/dc_full/w160_t00853.0.png	01:13	1.0	0.7761627910069857	0.2037037076748317	0.020348836978276608	0.11111110687255854
work/dc_full/w160_t00853.0.png	X10	0.5	0.815406977324227	0.2962962987893941	0.036337208747863836	0.24074073791503903
work/dc_full/w160_t00853.0.png	Crucible of the Dead	1.0	0.8924418588781786	0.7962962948954264	0.09738372166951492	0.13037036895751952
work/dc_full/w160_t00854.0.png	Gladiator	1.0	0.005716194807441736	0.7905358269920618	0.04525365829467773	0.14115056355794264
work/dc_full/w160_t00854.0.png	9:51:39	1.0	0.010174418716797346	0.5555555578540433	0.04505813916524251	0.11111110687255854
work/dc_full/w160_t00854.0.png	PM	0.5	0.06249999958002076	0.5370370413442201	0.02180232604344686	0.1481481424967448
work/dc_full/w160_t00854.0.png	(3,722,896/3,722,896)	1.0	0.17441860657297176	0.16666666952668363	0.10901162624359134	0.11111110687255854
work/dc_full/w160_t00854.0.png	Galakros,	1.0	0.42147587756174687	0.701724979600985	0.06257150173187254	0.1891426340738933
work/dc_full/w160_t00854.0.png	the	1.0	0.48837209369346263	0.7222222201388889	0.023255813121795643	0.16666666666666663
work/dc_full/w160_t00854.0.png	Mountain	1.0	0.5159883724155309	0.7592592576269079	0.06104650894800823	0.1296296310424805
work/dc_full/w160_t00854.0.png	Hetber Corruption	0.5	0.45348837200125175	0.2962962972102412	0.09156976540883383	0.13037036895751952
work/dc_full/w160_t00854.0.png	125}	0.5	0.7194767437369975	0.20370370508223923	0.021802326043446896	0.11111110687255865
work/dc_full/w160_t00854.0.png	01:24	1.0	0.7761627918234315	0.20370370639569313	0.02180232405662541	0.09259258906046552
work/dc_full/w160_t00854.0.png	X10	0.5	0.8154069764576014	0.2962962994287238	0.03488372166951492	0.24074073791503914
work/dc_full/w160_t00854.0.png	Crucible of the Dead	1.0	0.8924418588781786	0.7962962948954264	0.09738372166951492	0.13037036895751952
work/dc_full/w160_t00855.0.png	Gladiator	1.0	0.005759322746956423	0.7931405724993841	0.04516740242640177	0.1359410730997721
work/dc_full/w160_t00855.0.png	9:51:40 PM	0.5	0.010174420460054834	0.5555555570096239	0.07412790457407635	0.13111110687255867
work/dc_full/w160_t00855.0.png	125	1.0	0.718023255680156	0.18518518355283387	0.014534883697827627	0.1296296310424805
work/dc_full/w160_t00855.0.png	01.31	1.0	0.7747093020218813	0.22222222388198665	0.021802326043446896	0.0740740712483724
work/dc_full/w160_t00855.0.png	X10	0.3	0.815406977384789	0.296296298635073	0.036337208747863725	0.24074073791503903
work/dc_full/w160_t00855.0.png	Crucible of the Dead	1.0	0.8924418588781786	0.7962962948954264	0.09738372166951492	0.13037036895751952
work/dc_full/w160_t00856.0.png	125	1.0	0.7151162786669236	0.1851851870849609	0.017441860834757406	0.1481481424967448
work/dc_full/w160_t00856.0.png	01.30	0.3	0.776162790740513	0.2222222238996232	0.020348836978276608	0.0740740712483724
work/dc_full/w160_t00856.0.png	Crucible of the Dead	1.0	0.8924418588781786	0.7962962948954264	0.09738372166951492	0.13037036895751952
work/dc_full/w160_t00857.0.png	Gladiator	1.0	0.005759322792736602	0.7931405755924115	0.04516740242640177	0.1359410730997721
work/dc_full/w160_t00857.0.png	9:51:42 PM	1.0	0.010174420460054834	0.5555555570096239	0.07412790457407635	0.13111110687255867
work/dc_full/w160_t00857.0.png	125	1.0	0.719476744380619	0.20370370536001703	0.01308139463265734	0.11111110687255854
work/dc_full/w160_t00857.0.png	01:29	0.3	0.776162790740513	0.2222222238996232	0.020348836978276608	0.0740740712483724
work/dc_full/w160_t00857.0.png	Crucible of the Dead	1.0	0.8924418588781786	0.7962962948954264	0.09738372166951492	0.13037036895751952
work/dc_full/w160_t00858.0.png	Gladiator	1.0	0.005813954424161664	0.7962962965157968	0.04505813916524251	0.12962963104248038
work/dc_full/w160_t00858.0.png	9:51:43 PM	1.0	0.010174420460054834	0.5555555570096239	0.07412790457407635	0.13111110687255867
work/dc_full/w160_t00858.0.png	Zantarin,	1.0	0.4229252071116862	0.7380230393244309	0.06112633148829144	0.1535835520426433
work/dc_full/w160_t00858.0.png	the	0.5	0.4883720933422571	0.7407407409602412	0.020348836978276552	0.1296296310424805
work/dc_full/w160_t00858.0.png	Immortal	1.0	0.515988374196054	0.7592592597102412	0.06104650894800823	0.1296296310424805
work/dc_full/w160_t00858.0.png	Undead	0.5	0.4825457749458915	0.29568927929645417	0.03345496257146202	0.11232514699300133
work/dc_full/w160_t00858.0.png	125	1.0	0.7180232555903191	0.20370370520569603	0.020348836978276608	0.11111110687255865
work/dc_full/w160_t00858.0.png	01.28	1.0	0.7761627916296331	0.22222222553149562	0.02180232405662541	0.09259258906046541
work/dc_full/w160_t00858.0.png	Crucible of the Dead	1.0	0.8924418588781786	0.7962962948954264	0.09738372166951492	0.13037036895751952
work/dc_full/w160_t00859.0.png	Gladiator	1.0	0.005730811905987002	0.80905254547771	0.0452244242032369	0.12263565063476567
work/dc_full/w160_t00859.0.png	9:51:44 PM	1.0	0.010174420460054834	0.5555555570096239	0.07412790457407635	0.13111110687255867
work/dc_full/w160_t00859.0.png	125	1.0	0.7180232557043809	0.18518518370715487	0.014534883697827627	0.1296296310424805
work/dc_full/w160_t00859.0.png	01:27	1.0	0.7761627910312104	0.20370370431235985	0.020348836978276608	0.09259258906046552
work/dc_full/w160_t00859.0.png	X10	0.3	0.8168604661592617	0.2962962994287238	0.03343023061752315	0.24074073791503914
work/dc_full/w160_t00859.0.png	Crucible of the Dead	1.0	0.8924418588781786	0.7962962948954264	0.09738372166951492	0.13037036895751952
work/dc_full/w160_t00860.0.png	Gladiator	1.0	0.005744117649405663	0.8100171934388879	0.04519781271616618	0.12070635477701819
work/dc_full/w160_t00860.0.png	9:51:45 PM	0.5	0.0101744207325839	0.5555555555435745	0.07412790457407632	0.1311111132303875
work/dc_full/w160_t00860.0.png	(2,586,790/3	1.0	0.3561046523501936	0.2962962965637208	0.06249999602635703	0.11111110687255854
work/dc_full/w160_t00860.0.png	125	1.0	0.7165697673371056	0.20370370520569603	0.01598837176958723	0.11111110687255865
work/dc_full/w160_t00860.0.png	01:26	1.0	0.7761627917749819	0.20370370392655746	0.0218023240566253	0.09259258906046552
work/dc_full/w160_t00860.0.png	X10	0.3	0.815406976229196	0.2777777737723345	0.03488372166951492	0.25925926208496086
work/dc_full/w160_t00860.0.png	Crucible of the Dead	1.0	0.8924418588781786	0.7962962948954264	0.09738372166951492	0.13037036895751952
work/dc_full/w160_t00861.0.png	Gladiator	1.0	0.005716194807441736	0.7905358269920618	0.04525365829467773	0.14115056355794264
work/dc_full/w160_t00861.0.png	9:51:46 PM	1.0	0.010174420547264147	0.5555555557750561	0.07412790457407634	0.13111111323038738
work/dc_full/w160_t00861.0.png	125	1.0	0.7209302329114116	0.20370370674890592	0.01162790656089785	0.11111110687255854
work/dc_full/w160_t00861.0.png	01.25	0.5	0.7761627916296331	0.22222222553149562	0.02180232405662541	0.09259258906046541
work/dc_full/w160_t00861.0.png	X10	0.5	0.8154069760838473	0.29629629632025833	0.03488372166951492	0.24074073791503914
work/dc_full/w160_t00861.0.png	Crucible of the Dead	1.0	0.892441863705746	0.7766666649039564	0.09738371372222898	0.1499999999999999
work/dc_full/w160_t00862.0.png	Gladiator	1.0	0.005670949512354506	0.80619761250714	0.04534414609273275	0.14686403910319012
work/dc_full/w160_t00862.0.png	9:51:47	1.0	0.010154491420074992	0.5542283429820017	0.04509799480438233	0.11376553853352867
work/dc_full/w160_t00862.0.png	PM	0.5	0.06250000056253033	0.5370370417145905	0.02180232405662537	0.1481481424967448
work/dc_full/w160_t00862.0.png	4,304,3447	0.3	0.3677325572167478	0.9259259267214928	0.05813953479131062	0.07407407124837251
work/dc_full/w160_t00862.0.png	3,122,090	0.3	0.42587209314747604	0.9444444450411197	0.05232557853062947	0.05555555343627927
work/dc_full/w160_t00862.0.png	Skeletal Archer	1.0	0.4433139519652741	0.7399999985528338	0.10610465208689368	0.15000000000000002
work/dc_full/w160_t00862.0.png	(41,237/41,237)	1.0	0.5508720950993147	0.5185185188750845	0.07848836580912266	0.1481481424967448
work/dc_full/w160_t00862.0.png	(41,23Un/dead37)l 59/3,722,896)	0.5	0.45187933875808545	0.2704798352049689	0.15003376007080077	0.17394523620605473
work/dc_full/w160_t00862.0.png	125	1.0	0.7151162787105283	0.1851851872701461	0.017441860834757517	0.1481481424967448
work/dc_full/w160_t00862.0.png	01:24	1.0	0.7761627918234315	0.20370370639569313	0.02180232405662541	0.09259258906046552
work/dc_full/w160_t00862.0.png	X10	0.3	0.815406977152231	0.2777777890326606	0.036337208747863836	0.27777776082356775
work/dc_full/w160_t00862.0.png	Grucible of the Dead	0.5	0.8909883733586262	0.7033333281209311	0.09883720874786384	0.22333333333333327
work/dc_full/w160_t00863.0.png	Gladiator	1.0	0.005813954236419431	0.814814817860017	0.04505813916524252	0.11111110687255854
work/dc_full/w160_t00863.0.png	9:51:48	1.0	0.01014693234191224	0.55365633532061	0.046566601594289145	0.11490955352783205
work/dc_full/w160_t00863.0.png	PM	0.3	0.06395348869109425	0.5370370372565376	0.02034883697827658	0.1296296310424805
work/dc_full/w160_t00863.0.png	Deatb Revenant	0.3	0.45058139752657395	0.7592592592472782	0.10029069582621258	0.13074073791503915
work/dc_full/w160_t00863.0.png	Undead	1.0	0.48253206296526513	0.29519622810203816	0.03348238468170167	0.13182977040608723
work/dc_full/w160_t00863.0.png	125	1.0	0.7180232555832567	0.20370370520569603	0.014534883697827627	0.11111110687255865
work/dc_full/w160_t00863.0.png	01.23	0.3	0.776162790740513	0.2222222238996232	0.020348836978276608	0.0740740712483724
work/dc_full/w160_t00863.0.png	X10	0.5	0.8154069762914884	0.2962962959895704	0.03488372166951503	0.24074073791503914
work/dc_full/w160_t00863.0.png	Crucible of the Dead	1.0	0.8924418588781786	0.7962962948954264	0.09738372166951492	0.13037036895751952
work/dc_full/w160_t00864.0.png	Gladiator	1.0	0.005813954236419431	0.814814817860017	0.04505813916524252	0.11111110687255854
work/dc_full/w160_t00864.0.png	9:51:49	1.0	0.010161065289589936	0.5546697533626788	0.04508484601974487	0.11288271586100262
work/dc_full/w160_t00864.0.png	PM	1.0	0.06249999958002076	0.5370370413442201	0.02180232604344686	0.1481481424967448
work/dc_full/w160_t00864.0.png	Archmage Aleksander	1.0	0.43023256030266344	0.7399999992456505	0.13808139165242517	0.1674074109395346
work/dc_full/w160_t00864.0.png	TĐẢ 09A	0.3	0.4694767449340939	0.5925925932870371	0.04505813916524254	0.16740740458170578
work/dc_full/w160_t00864.0.png	•25 Hetberial	0.3	0.42873743135005843	0.2757263671717356	0.06694374084472654	0.22632504781087237
work/dc_full/w160_t00864.0.png	Бuman	0.3	0.5145130589491633	0.2952206701121698	0.0334738810857137	0.11326236724853522
work/dc_full/w160_t00864.0.png	125	1.0	0.7165697674037239	0.18518518378431525	0.015988371769587117	0.1296296310424805
work/dc_full/w160_t00864.0.png	01:22	1.0	0.7761627916296331	0.2037037076748317	0.02180232405662541	0.11111110687255854
work/dc_full/w160_t00864.0.png	LO	0.3	0.8343023255832297	0.3148148179422562	0.01598837176958723	0.2222222137451172
work/dc_full/w160_t00864.0.png	Crucible of the Dead	1.0	0.8924418588781786	0.7962962948954264	0.09738372166951492	0.13037036895751952
work/dc_full/w160_t00865.0.png	Gladiator	1.0	0.005813954424161664	0.814814817551375	0.04505813916524251	0.11111110687255865
work/dc_full/w160_t00865.0.png	9:51:50	1.0	0.010163963569786445	0.5548406783078238	0.0465325395266215	0.11254086812337238
work/dc_full/w160_t00865.0.png	PM	1.0	0.06250000056253033	0.5370370417145905	0.02180232405662537	0.1481481424967448
work/dc_full/w160_t00865.0.png	125	1.0	0.7180232561355553	0.18518518540468565	0.015988371769587117	0.1296296310424805
work/dc_full/w160_t00865.0.png	01:33	1.0	0.7747093029352262	0.2037037076748317	0.023255813121795588	0.11111110687255854
work/dc_full/w160_t00865.0.png	X10	0.5	0.8154069762534208	0.2962962957029742	0.03488372166951503	0.24074073791503903
work/dc_full/w160_t00865.0.png	Crucible of the Dead	1.0	0.8924418588781786	0.7962962948954264	0.09738372166951492	0.13037036895751952
