record,display_name,stratum,slot,skill,skill_class,chance_pct,delay_s,timeout_s,range_band,skill_cooldown_s,skill_active_duration_s,skill_charge_duration_s,instant_cast,allows_warmup,warmup_effect,wave_time_s,wave_distance,camera_shake_dur_s,time_between_attacks_ms,target_interval_s,distance_profile,anim_binding_grade,special_anim_ref,fallback_anm,fallback_anm_dur_s,special_anm,special_anm_frames,special_anm_dur_s,projectile,projectile_velocity,projectile_distance,projectile_launch_angle,damage_types_direct,damage_types_dot,control_effects,n_damage_ranks,skill_radius,skill_max_targets,skill_angle
records/creatures/enemies/boss&quest/aetherial_enclave_sideboss01.dbr,Dreven Cole,boss&quest,basic,records/skills/nonplayerskillsgdx1/bossskills/malmouthenclave_aethershard.dbr,Skill_AttackProjectile,,,,,,5.0,,,,,,,,,,Long,NO-REF,,aetherialfleshshaper_attack_a02.anm,1.3667,,,,records/fx/skillsother/projectile_aoe/aetherconflagration_projectilefx01.dbr,15.0,19.0,35.0,Aether,,TotalDamageReductionPercent,60,,,
records/creatures/enemies/boss&quest/aetherial_enclave_sideboss01.dbr,Dreven Cole,boss&quest,special1,records/skills/nonplayerskillsgdx1/bossskills/malmouthenclave_aetherburst.dbr,Skill_AttackProjectileBurst,100.0,1.7000000476837158,0.0,MediumRange,,,,,,,,,,,,Long,NO-REF,,aetherialfleshshaper_attack_a02.anm,1.3667,,,,records/fx/skillsother/itemskills/aethermissile_fxprojectile.dbr,18.0,18.0,35.0,Aether,SlowLightning,,60,,,
records/creatures/enemies/boss&quest/aetherial_enclave_sideboss01.dbr,Dreven Cole,boss&quest,special2,records/skills/nonplayerskillsgdx1/bossskills/malmouthcouncil_stormboltnova.dbr,Skill_AttackProjectileRing,100.0,10.0,2.0,ShortRange,,,,,,,,,,,,Long,REF-UNSATISFIED-BY-TABLE,Nova,aetherialfleshshaper_attack_a02.anm,1.3667,,,,records/fx/skillsother/projectile/lightningorbburst_fxprojectile.dbr,16.0,20.0,,Lightning|Aether,SlowLightning,Stun,60,,,
records/creatures/enemies/boss&quest/aetherial_enclave_sideboss01.dbr,Dreven Cole,boss&quest,special3,records/skills/nonplayerskillsgdx1/bossskills/malmouthenclave_councilstorm.dbr,Skill_BuffSelfToggled,100.0,,,,,,,True,,,,,,,,Short,DIRECT-REF,Summon,,,aetherialfleshshaper_summon_a01.anm,56,1.8667,,,,,,,,60,,,
records/creatures/enemies/boss&quest/aetherial_enclave_sideboss01.dbr,Dreven Cole,boss&quest,special4,records/skills/nonplayerskillsgdx1/bossskills/malmouthcouncil_squall.dbr,Skill_AttackProjectileAreaEffect,100.0,8.0,2.0,ShortRange,,6.0,,,,,,,,,,Maximum,NO-REF,,aetherialfleshshaper_attack_a02.anm,1.3667,,,,records/fx/skillsother/projectile_aoe/fx_harpy_stormcloud_projectile01.dbr,,20.0,,Lightning,SlowLightning,,60,,,
records/creatures/enemies/boss&quest/aetherial_enclave_sideboss01.dbr,Dreven Cole,boss&quest,dying,records/skills/nonplayerskillsgdx1/bossskills/malmouthenclave_deathbuff_01.dbr,Skill_BuffOther,,,,,,,,,,,,,,,,,NO-REF,,aetherialfleshshaper_attack_a02.anm,1.3667,,,,,,,,,,,,,,
records/creatures/enemies/boss&quest/aetherial_enclave_sideboss02.dbr,Cyrian Marcan,boss&quest,basic,records/skills/nonplayerskillsgdx1/bossskills/malmouthenclave_aethershard.dbr,Skill_AttackProjectile,,,,,,5.0,,,,,,,,,,Long,NO-REF,,aetherialfleshshaper_attack_a02.anm,1.3667,,,,records/fx/skillsother/projectile_aoe/aetherconflagration_projectilefx01.dbr,15.0,19.0,35.0,Aether,,TotalDamageReductionPercent,60,,,
records/creatures/enemies/boss&quest/aetherial_enclave_sideboss02.dbr,Cyrian Marcan,boss&quest,special1,records/skills/nonplayerskills/bossskills/aldritch_aetherburst.dbr,Skill_AttackProjectileBurst,100.0,1.399999976158142,0.0,MediumRange,,,,,,,,,,,,Long,NO-REF,,aetherialfleshshaper_attack_a02.anm,1.3667,,,,records/fx/skillsother/itemskills/aethermissile_fxprojectile.dbr,18.0,18.0,35.0,Aether,SlowLightning,,60,,,
records/creatures/enemies/boss&quest/aetherial_enclave_sideboss02.dbr,Cyrian Marcan,boss&quest,special2,records/skills/nonplayerskillsgdx1/bossskills/malmouthenclave_fireballfan.dbr,Skill_AttackProjectileFan,100.0,9.0,2.0,LongRange,,,,,,,,,,,,Long,REF-UNSATISFIED-BY-TABLE,CastSlow,aetherialfleshshaper_attack_a02.anm,1.3667,,,,records/fx/skillsother/projectile/groble_fireball_projectile_burstfx01.dbr,12.0,16.0,,Physical|Fire,SlowFire,,60,,,
records/creatures/enemies/boss&quest/aetherial_enclave_sideboss02.dbr,Cyrian Marcan,boss&quest,special3,records/skills/nonplayerskillsgdx1/bossskills/malmouthenclave_councilstorm.dbr,Skill_BuffSelfToggled,100.0,,,,,,,True,,,,,,,,Short,DIRECT-REF,Summon,,,aetherialfleshshaper_summon_a01.anm,56,1.8667,,,,,,,,60,,,
records/creatures/enemies/boss&quest/aetherial_enclave_sideboss02.dbr,Cyrian Marcan,boss&quest,special4,records/skills/nonplayerskillsgdx1/bossskills/malmouthenclave_aethergeyser.dbr,Skill_CharonGeysers,100.0,13.0,7.0,AnyRange,,6.0,,,,,,,,,,Maximum,DIRECT-REF,Summon,,,aetherialfleshshaper_summon_a01.anm,56,1.8667,records/fx/skillsother/aoe/aethergeyser_projectilefx01.dbr,,18.0,,Fire|Aether,,SlowRunSpeed,60,,,
records/creatures/enemies/boss&quest/aetherial_enclave_sideboss02.dbr,Cyrian Marcan,boss&quest,dying,records/skills/nonplayerskillsgdx1/bossskills/malmouthenclave_deathbuff_02.dbr,Skill_BuffOther,,,,,,,,,,,,,,,,,NO-REF,,aetherialfleshshaper_attack_a02.anm,1.3667,,,,,,,,,,,,,,
records/creatures/enemies/boss&quest/aetherial_guardian02.dbr,"Rodalgar, the Flesh Collector",boss&quest,special1,records/skills/nonplayerskillsgdx1/bossskills/factoryguardian_firevomit.dbr,Skill_AttackWave,100.0,5.0,2.0,ShortRange,,,,,,,0.5,9.0,2.0,,,Melee,DIRECT-REF,VomitFire,,,aetherialbloater_vomitfire_a01.anm,51,1.7,,,,,Fire,SlowFire,,60,,,
records/creatures/enemies/boss&quest/aetherial_guardian02.dbr,"Rodalgar, the Flesh Collector",boss&quest,special2,records/skills/nonplayerskillsgdx1/bossskills/factoryguardian_firethrash.dbr,Skill_AttackWeapon,100.0,5.0,0.0,ShortRange,,,,,,,,,,,,Melee,DIRECT-REF,ThrashFire,,,aetherialbloater_attack_c01fire.anm,61,2.0333,,,,,Physical|Fire,SlowFire,SlowDefensiveAbility|SlowDefensiveReduction,60,,1,25.0
records/creatures/enemies/boss&quest/aetherial_guardian02.dbr,"Rodalgar, the Flesh Collector",boss&quest,special3,records/skills/nonplayerskillsgdx1/bossskills/factoryguardian_charge.dbr,Skill_AttackWeaponCharge,100.0,4.0,1.0,LongRange,,,,,True,records/fx/skillclass01/blitz1_warmuploop_fx01.dbr,,,0.25,,,Melee,REF-UNSATISFIED-BY-TABLE,Charge,,,,,,,,,,Physical|Poison|Life,,Stun,60,,6,240.0
records/creatures/enemies/boss&quest/aetherial_guardian02.dbr,"Rodalgar, the Flesh Collector",boss&quest,special4,records/skills/nonplayerskillsgdx1/bossskills/factoryguardian_burningroar.dbr,Skill_AttackRadius,100.0,10.0,2.0,MediumRange,,,,,,,,,,,,Short,DIRECT-REF,Roar,,,aetherialbloater_roar_a01.anm,35,1.1667,,,,,Fire,SlowFire,,60,8.0,,
records/creatures/enemies/boss&quest/aetherial_guardian02.dbr,"Rodalgar, the Flesh Collector",boss&quest,special5,records/skills/nonplayerskillsgdx1/bossskills/factoryguardian_bite.dbr,Skill_AttackWeapon,100.0,5.0,2.0,ShortRange,,,,,,,,,,,,Melee,DIRECT-REF,Bite,,,aetherialbloater_bite_a01.anm,31,1.0333,,,,,Physical|Poison,SlowPoison,,60,,3,30.0
records/creatures/enemies/boss&quest/aetherial_guardian02.dbr,"Rodalgar, the Flesh Collector",boss&quest,dying,records/skills/nonplayerskillsgdx1/bossskills/factoryguardian_annihilation.dbr,Skill_AttackRadius,,,,,,,,,,,,,,,,Short,REF-UNSATISFIED-BY-TABLE,NovaHuge,aetherialbloater_roar_a01.anm,1.1667,,,,,,,,Aether,,Stun,60,9.0,,
records/creatures/enemies/boss&quest/aetherialbloater_malmouthdocks_01.dbr,Blugrug the Living Plague,boss&quest,special1,records/skills/nonplayerskillsgdx1/path/aetherialbloater_violentbarf.dbr,Skill_AttackProjectileBurst,100.0,4.0,3.0,MediumRange,,,,,,,,,,,,Moderate,DIRECT-REF,VomitBarrage,,,aetherialbloater_vomittriple_a01.anm,51,1.7,records/fx/skillsothergdx1/projectile/aetherialbloater_gorechunk_projectile.dbr,20.0,20.0,28.0,Physical|Poison,SlowPoison,Confusion,60,,,
records/creatures/enemies/boss&quest/aetherialbloater_malmouthdocks_01.dbr,Blugrug the Living Plague,boss&quest,special2,records/skills/nonplayerskillsgdx1/bossskills/avris_bloodorbnova.dbr,Skill_AttackProjectileRing,100.0,8.0,5.0,MediumRange,,,,,,,,,,,,Long,NO-REF,,aetherialbloater_roar_a01.anm,1.1667,,,,records/fx/skillsothergdx1/projectileboss/bloodorbboomerang_fxprojectile.dbr,12.0,40.0,,Physical|Life,SlowBleeding,,60,,,
records/creatures/enemies/boss&quest/aetherialbloater_malmouthdocks_01.dbr,Blugrug the Living Plague,boss&quest,initial,records/skills/nonplayerskillsgdx2/bossskills/aetherialbloater_plaguepresence.dbr,Skill_BuffRadiusToggled,,,,,,,,True,,,,,,,,,NO-REF,,aetherialbloater_roar_a01.anm,1.1667,,,,,,,,,,,,,,
records/creatures/enemies/boss&quest/aetherialcommander_01.dbr,Commander Lucius,boss&quest,special1,records/skills/nonplayerskills/bossskills/possessedcommander_flamethrower.dbr,Skill_AttackWave,100.0,14.0,6.0,ShortRange,,,,,,,0.25,12.0,,,,Short,DIRECT-REF,Flamethrower,,,commander_attackspecial_d01.anm,111,3.7,,,,,Physical|Aether,SlowFire,,60,,,
records/creatures/enemies/boss&quest/aetherialcommander_01.dbr,Commander Lucius,boss&quest,special2,records/skills/nonplayerskills/bossskills/possessedcommander_aetherburst.dbr,Skill_AttackProjectileBurst,100.0,10.0,8.0,LongRange,,,,,,,,,,,,Long,DIRECT-REF,HeavyBlast,,,commander_attackspecial_a01.anm,66,2.2,records/fx/skillsother/itemskills/aethermissile_fxprojectileburstfast_large.dbr,25.0,20.0,,Physical|Fire|Aether,,SlowDefensiveAbility,60,,,
records/creatures/enemies/boss&quest/aetherialcommander_01.dbr,Commander Lucius,boss&quest,special3,records/skills/nonplayerskills/bossskills/possessedcommander_airstrike.dbr,Skill_AttackProjectileDrop,100.0,21.0,12.0,AnyRange,,,,,,,,,,,,Maximum,DIRECT-REF,AirStrikeSunder,,,commander_attackspecial_b01_sunder.anm,35,1.1667,records/fx/skillsother/aoe/aetherializedcommander_airstrike_projectilefx01.dbr,24.0,24.0,0.0,Physical|Aether,,Stun|SlowDamageMult,60,6.0,,
records/creatures/enemies/boss&quest/aetherialcommander_01.dbr,Commander Lucius,boss&quest,special4,records/skills/nonplayerskills/bossskills/possessedcommander_cannonbarrage.dbr,Skill_AttackProjectile,100.0,14.0,3.0,MediumRange,,,,,,,,,,,,Long,DIRECT-REF,Barrage,,,commander_attackspecial_c01.anm,64,2.1333,records/fx/skillsother/projectile/aether_cannonball_projectilefx01.dbr,20.0,22.0,0.0,Physical|Aether,,,60,,,
records/creatures/enemies/boss&quest/aetherialcorruption_intro.dbr,"Dralgar, the Keeper of Burrwitch",boss&quest,basic,records/skills/nonplayerskillsgdx1/bossskills/dralgar_aetherslam.dbr,Skill_WeaponPool_ChargedFinale,,,,,,,2.5,,,,,,,,,Melee,DIRECT-REF,Slam,,,aetherialcorruption_attack_a01.anm,46,1.5333,,,,,Physical|Aether,,,60,,1,25.0
records/creatures/enemies/boss&quest/aetherialcorruption_intro.dbr,"Dralgar, the Keeper of Burrwitch",boss&quest,special1,records/skills/nonplayerskillsgdx1/bossskills/dralgar_aethernova.dbr,Skill_AttackProjectileRing,100.0,8.0,2.0,MediumRange,,,,,,,,,,,,Long,DIRECT-REF,Roar,,,aetherialcorruption_roar_a01.anm,71,2.3667,records/fx/skillsothergdx1/projectile/aetherialcolossus_aetherburst_projectilefx01.dbr,8.0,15.0,,Physical|Fire|Aether,SlowFire,,60,,,
records/creatures/enemies/boss&quest/aetherialcorruption_intro.dbr,"Dralgar, the Keeper of Burrwitch",boss&quest,special2,records/skills/nonplayerskillsgdx1/bossskills/dralgar_aetherbursts.dbr,Skill_AttackProjectileFan,100.0,10.0,5.0,LongRange,,,,,,,,,,,,Long,DIRECT-REF,RoarDouble,,,aetherialcorruption_roardouble_a01.anm,71,2.3667,records/fx/skillsothergdx1/projectile/aetherialcolossus_aetherburst_projectilefx01.dbr,8.0,15.0,,Physical|Fire|Aether,SlowFire,,60,,,
records/creatures/enemies/boss&quest/aetherialcorruption_intro.dbr,"Dralgar, the Keeper of Burrwitch",boss&quest,initial,records/skills/nonplayerskillsgdx1/bossskills/dralgar_rotskin.dbr,Skill_BuffAttackRadiusToggled,,,,,,,,False,,,,,,,,Short,NO-REF,,aetherialcorruption_attack_d01.anm,1.6333,,,,,,,,Aether,SlowPoison,,60,3.5,,
records/creatures/enemies/boss&quest/basilisk_witchritual.dbr,Stone Basilisk,boss&quest,basic,records/skills/nonplayerskillsgdx1/bossskills/stonebasilisk_acidbarf.dbr,Skill_AttackWave,,,,,,,,,,,0.5,3.5,,,,Melee,DIRECT-REF,BreathTriple,,,basilisk_breath_a01.anm,45,1.5,,,,,Physical|Poison,,TotalDamageReductionPercent,60,,,
records/creatures/enemies/boss&quest/basilisk_witchritual.dbr,Stone Basilisk,boss&quest,special1,records/skills/nonplayerskillsgdx1/bossskills/stonebasilisk_homingspit.dbr,Skill_AttackProjectile,100.0,5.0,2.0,LongRange,,,,,,,,,,,,Long,NO-REF,,basilisk_castattack_a01.anm,1.1667,,,,records/fx/skillsothergdx1/projectileboss/acidorb_homing_projectilefx01.dbr,9.0,20.0,,Physical|Poison,,,60,,,
records/creatures/enemies/boss&quest/basilisk_witchritual.dbr,Stone Basilisk,boss&quest,special2,records/skills/nonplayerskillsgdx1/bossskills/stonebasilisk_petrifyingglare.dbr,Skill_AttackWave,100.0,12.0,4.0,MediumRange,,,,,,,0.20000000298023224,6.0,,,,Melee,DIRECT-REF,Petrify,,,basilisk_petrifyingglare_a01.anm,45,1.5,,,,,,,Petrify|SlowTotalSpeed,60,,,
records/creatures/enemies/boss&quest/basilisk_witchritual.dbr,Stone Basilisk,boss&quest,special3,records/skills/nonplayerskillsgdx1/bossskills/stonebasilisk_tailswipe.dbr,Skill_AttackRadius,100.0,5.0,2.0,ShortRange,0.0,,,,,,,,,,,Melee,DIRECT-REF,TailLash,,,basilisk_attackspecial_a01.anm,44,1.4667,,,,,Physical|Poison,,Stun,60,3.799999952316284,,
records/creatures/enemies/boss&quest/basilisk_witchritual.dbr,Stone Basilisk,boss&quest,special4,records/skills/nonplayerskillsgdx1/bossskills/stonebasilisk_acidprojectilenova.dbr,Skill_AttackProjectileRing,100.0,7.0,2.0,LongRange,2.0,,,,,,,,,,,Short,DIRECT-REF,Roar,,,basilisk_castbuff_a01.anm,55,1.8333,records/fx/skillsothergdx1/projectile/acidorb_burst_projectilefx01.dbr,16.0,20.0,,Physical|Poison,SlowPoison,,60,,,
records/creatures/enemies/boss&quest/chthonian_chthonicroguelike_02.dbr,"Shar'Zul, Harbinger of Chaos",boss&quest,basic,records/skills/nonplayerskills/bossskills/sharzul_flamestrike.dbr,Skill_WeaponPool_ChargedFinale,,,,,,,12.0,,,,,,,,,Melee,DIRECT-REF,CleaveFire,,,dreadguard_sword2h_attackspecial_a01fire.anm,41,1.3667,,,,,Physical|Fire|Chaos,,SlowDefensiveAbility,60,,5,170.0
records/creatures/enemies/boss&quest/chthonian_chthonicroguelike_02.dbr,"Shar'Zul, Harbinger of Chaos",boss&quest,special1,records/skills/nonplayerskills/bossskills/sharzul_firecleave.dbr,Skill_AttackWave,100.0,8.0,3.0,ShortRange,,,,,,,0.20000000298023224,9.0,1.0,,,Moderate,DIRECT-REF,DoubleCleaveFire,,,dreadguard_sword2h_attackspecial_b01fire.anm,60,2.0,,,,,Physical|Fire|Lightning,SlowFire,,60,,,
records/creatures/enemies/boss&quest/chthonian_chthonicroguelike_02.dbr,"Shar'Zul, Harbinger of Chaos",boss&quest,special2,records/skills/nonplayerskills/bossskills/sharzul_orbitingflames.dbr,Skill_AttackProjectileOrbiting,100.0,18.0,7.0,LongRange,,,,,,,,,,,,Long,DIRECT-REF,Roar,,,dreadguard_sword2h_attackroar_a01.anm,43,1.4333,records/fx/skillsother/orbital/sharzul_flameline_projectileorbitalfx01.dbr,,15.0,,Fire,SlowFire,,60,,,
records/creatures/enemies/boss&quest/chthonian_chthonicroguelike_02.dbr,"Shar'Zul, Harbinger of Chaos",boss&quest,special3,records/skills/nonplayerskills/bossskills/sharzul_pyroclasm.dbr,Skill_AttackProjectileFan,100.0,9.0,2.0,MediumRange,1.0,,,,,,,,,,,Maximum,DIRECT-REF,GroundSlam,,,dreadguard_sword2h_attackspecial_c01.anm,61,2.0333,records/fx/skillsother/itemskills/scorchedearth_projectilefx01.dbr,12.0,18.0,,Physical|Fire|Chaos,SlowFire,Stun,60,,,
records/creatures/enemies/boss&quest/chthonian_chthonicroguelike_02.dbr,"Shar'Zul, Harbinger of Chaos",boss&quest,special4,records/skills/nonplayerskills/bossskills/sharzul_summonfiredevil.dbr,Skill_TargetedSpawnPet,100.0,16.0,4.0,AnyRange,3.0,,,,,,,,,,,Moderate,NO-REF,,dreadguard_sword2h_castattack_a01.anm,1.6333,,,,,,,,,,,,,,
records/creatures/enemies/boss&quest/chthonianrylok_gabalthunn.dbr,"Gabal'Thunn, the Visage of Madness",boss&quest,special1,records/skills/nonplayerskillsgdx1/bossskills/gabbalthunn_doubleswipe.dbr,Skill_AttackWave,100.0,5.0,1.0,ShortRange,,,,,,,0.20000000298023224,9.0,,,,Short,DIRECT-REF,Cleave,,,chthonianrylok_cleave.anm,45,1.5,,,,,Physical|Pierce|Chaos,,,60,,,
records/creatures/enemies/boss&quest/chthonianrylok_gabalthunn.dbr,"Gabal'Thunn, the Visage of Madness",boss&quest,special2,records/skills/nonplayerskillsgdx1/bossskills/gabbalthunn_wingclawimpale.dbr,Skill_AttackWeapon,100.0,7.0,5.0,ShortRange,,,,,,,,,,,,Melee,REF-UNSATISFIED-BY-TABLE,Impale,,,,,,,,,,Physical|Pierce|Chaos,SlowBleeding,SlowDefensiveAbility,60,,1,25.0
records/creatures/enemies/boss&quest/chthonianrylok_gabalthunn.dbr,"Gabal'Thunn, the Visage of Madness",boss&quest,special3,records/skills/nonplayerskillsgdx1/bossskills/gabbalthunn_chaoseruptiondouble.dbr,Skill_AttackProjectileRing,100.0,6.0,3.0,MediumRange,,,,,,,,,,,,Long,DIRECT-REF,RoarDouble,,,chthonianrylok_roardouble_a01.anm,43,1.4333,records/fx/skillsother/projectile/chthonic_fireball_projectile_burstfx01.dbr,16.0,18.0,,Physical|Fire|Chaos,,,60,,,
records/creatures/enemies/boss&quest/chthonianrylok_gabalthunn.dbr,"Gabal'Thunn, the Visage of Madness",boss&quest,special4,records/skills/nonplayerskillsgdx1/bossskills/gabbalthunn_summonobsidianshard.dbr,Skill_SpawnPetMonster,100.0,12.0,10.0,AnyRange,,,,False,,,,,,,,Moderate,DIRECT-REF,Roar,,,chthonianrylok_roar_a01.anm,43,1.4333,,,,,,,,,,,
records/creatures/enemies/boss&quest/chthonianrylok_gabalthunn.dbr,"Gabal'Thunn, the Visage of Madness",boss&quest,special5,records/skills/nonplayerskillsgdx1/bossskills/gabbalthunn_brutalchaos.dbr,Skill_AttackWeapon,100.0,8.0,1.0,ShortRange,,,,,,,,,,,,Melee,DIRECT-REF,DoubleStrikeFire,,,chthonianrylok_attackspecial_b01_fire.anm,45,1.5,,,,,Physical|Fire|Chaos,,,60,,1,25.0
records/creatures/enemies/boss&quest/chthonianrylok_gabalthunn.dbr,"Gabal'Thunn, the Visage of Madness",boss&quest,initial,records/skills/nonplayerskillsgdx1/bossskills/gabbalthunn_auraofdeath.dbr,Skill_BuffRadiusToggled,,,,,,,,True,,,,,,,,,NO-REF,,chthonianrylok_castattack_a01.anm,1.1667,,,,,,,,,,,,,,
records/creatures/enemies/boss&quest/chthonianrylok_gabalthunn.dbr,"Gabal'Thunn, the Visage of Madness",boss&quest,dying,records/skills/nonplayerskills/aoe/chthonicminion_chaosblast.dbr,Skill_AttackRadius,,,,,,,,,,,,,1.25,,,Melee,NO-REF,,chthonianrylok_castattack_a01.anm,1.1667,,,,,,,,Chaos,SlowLife,,60,9.0,,
records/creatures/enemies/boss&quest/chthonianservitor_lunalvalgoth.dbr,"Lunal'Valgoth, Steward of Darkness",boss&quest,special1,records/skills/nonplayerskillsgdx1/bossskills/lunalvalgoth_impale.dbr,Skill_AttackWeapon,100.0,4.0,1.0,ShortRange,,,,,,,,,,,,Melee,DIRECT-REF,ImpaleSunder,,,chthonianservitor_attack_c01_sunder.anm,37,1.2333,,,,,Physical|Pierce|Life,SlowBleeding,SlowDamageMult,60,,1,25.0
records/creatures/enemies/boss&quest/chthonianservitor_lunalvalgoth.dbr,"Lunal'Valgoth, Steward of Darkness",boss&quest,special2,records/skills/nonplayerskillsgdx1/bossskills/lunalvalgoth_spitburst.dbr,Skill_AttackProjectile,100.0,7.0,3.0,MediumRange,,,,,,,,,,,,Long,DIRECT-REF,SpitTriple,,,chthonianservitor_attackspittriple_a01.anm,36,1.2,records/fx/skillsother/projectile/bloodorb_fxprojectile.dbr,14.0,20.0,,Physical|Life,SlowBleeding,,60,,,
records/creatures/enemies/boss&quest/chthonianservitor_lunalvalgoth.dbr,"Lunal'Valgoth, Steward of Darkness",boss&quest,special3,records/skills/nonplayerskillsgdx1/bossskills/lunalvalgoth_triplechaoswave.dbr,Skill_AttackWave,100.0,6.0,6.0,MediumRange,,,,,,,1.0,16.0,1.0,,,Long,DIRECT-REF,SpitTriple,,,chthonianservitor_attackspittriple_a01.anm,36,1.2,,,,,Physical|Chaos,,TotalDamageReductionPercent,60,,,
records/creatures/enemies/boss&quest/chthonianservitor_lunalvalgoth.dbr,"Lunal'Valgoth, Steward of Darkness",boss&quest,special4,records/skills/nonplayerskillsgdx1/bossskills/lunalvalgoth_summonservitors.dbr,Skill_SpawnPet,100.0,16.0,10.0,AnyRange,,,,True,,,,,,,,Short,REF-UNSATISFIED-BY-TABLE,Summon,chthonianservitor_cast_a01.anm,1.4667,,,,,,,,,,,,,,
records/creatures/enemies/boss&quest/cultist_cultleader_01.dbr,Bloodlord Thalonis,boss&quest,basic,records/skills/nonplayerskills/bossskills/cultistleader_chaoswave.dbr,Skill_AttackWave,,,,,,,,,,,1.2000000476837158,20.0,0.30000001192092896,,,Maximum,NO-REF,,hero01_sword1h_spellattack_b01.anm,0.6333,,,,,,,,Physical|Fire|Chaos,SlowFire,TotalDamageReductionPercent,60,,,
records/creatures/enemies/boss&quest/cultist_cultleader_01.dbr,Bloodlord Thalonis,boss&quest,special1,records/skills/nonplayerskills/bossskills/cultist_curse1.dbr,Skill_AttackBuffRadius,100.0,12.0,0.0,AnyRange,,,,,,,,,,,,,NO-REF,,hero01_sword1h_spellattack_b01.anm,0.6333,,,,,,,,,,,,,,
records/creatures/enemies/boss&quest/cultist_cultleader_01.dbr,Bloodlord Thalonis,boss&quest,special2,records/skills/nonplayerskills/bossskills/cultist_novalifedrain01.dbr,Skill_AttackRadius,100.0,8.0,4.0,ShortRange,,,,,,,,,0.0,,,Melee,NO-REF,,hero01_sword1h_spellattack_b01.anm,0.6333,,,,,,,,Life,,,60,4.0,,
records/creatures/enemies/boss&quest/cultist_cultleader_01.dbr,Bloodlord Thalonis,boss&quest,special3,records/skills/nonplayerskills/bossskills/loghorrean_summonvoid.dbr,Skill_TargetedSpawnPet,100.0,9.0,3.0,AnyRange,5.0,,,,,,,,,,,Boss,REF-UNSATISFIED-BY-TABLE,Summon,hero01_sword1h_spellattack_b01.anm,0.6333,,,,,,,,,,,,,,
records/creatures/enemies/boss&quest/cultist_cultleader_01.dbr,Bloodlord Thalonis,boss&quest,special4,records/skills/nonplayerskills/bossskills/cultist_chaosbarrage.dbr,Skill_AttackProjectileBurst,100.0,6.0,4.0,MediumRange,,,,,,,,,,,,Long,DIRECT-REF,DoomFast,,,hero01_sword1h_spell_doombolt_long_a01.anm,95,3.1667,records/fx/skillsother/projectile/chthonic_fireball_projectilefx01.dbr,22.0,18.0,35.0,Physical|Fire|Chaos,,,60,,,
records/creatures/enemies/boss&quest/cultist_cultleader_01.dbr,Bloodlord Thalonis,boss&quest,special5,records/skills/nonplayerskills/bossskills/cultist_summonchthonicshard_a01.dbr,Skill_SpawnPet,100.0,12.0,4.0,AnyRange,8.0,,,False,,,,,,,,Long,REF-UNSATISFIED-BY-TABLE,Summon,hero01_sword1h_spellattack_b01.anm,0.6333,,,,,,,,,,,,,,
records/creatures/enemies/boss&quest/cultist_summoner_01.dbr,"Karroz, Sigil of Ch'thon",boss&quest,basic,records/skills/nonplayerskills/bossskills/cultist_chaosorb.dbr,Skill_AttackProjectileBurst,,,,,,,,,,,,,,,,Long,NO-REF,,hero01_sword1h_spellattack_b01.anm,0.6333,,,,records/fx/skillsother/projectile/cultist_chaosbolt_fxprojectile_burst.dbr,9.0,18.0,,Physical|Chaos,,,60,,,
records/creatures/enemies/boss&quest/cultist_summoner_01.dbr,"Karroz, Sigil of Ch'thon",boss&quest,special1,records/skills/nonplayerskills/bossskills/cultist_curse1.dbr,Skill_AttackBuffRadius,100.0,14.0,2.0,AnyRange,,,,,,,,,,,,,NO-REF,,hero01_sword1h_spellattack_b01.anm,0.6333,,,,,,,,,,,,,,
records/creatures/enemies/boss&quest/cultist_summoner_01.dbr,"Karroz, Sigil of Ch'thon",boss&quest,special2,records/skills/nonplayerskills/bossskills/cultist_doombolt.dbr,Skill_AttackRadiusLightning,100.0,10.0,6.0,LongRange,,,,,,,,,0.20000000298023224,,,Long,DIRECT-REF,Doombolt,,,hero01_cultist_spell_doombolt_a01.anm,19,0.6333,,,,,Chaos|Life,,Stun,60,1.5,,
records/creatures/enemies/boss&quest/cultist_summoner_01.dbr,"Karroz, Sigil of Ch'thon",boss&quest,special3,records/skills/nonplayerskills/bossskills/cultist_summonvoidfiendsa01.dbr,Skill_SpawnPet,100.0,20.0,8.0,AnyRange,8.0,,,False,,,,,,,,Moderate,DIRECT-REF,Summon,,,hero01_cultist_spell_summon_a01.anm,16,0.5333,,,,,,,,,,,
records/creatures/enemies/boss&quest/cultist_summoner_01.dbr,"Karroz, Sigil of Ch'thon",boss&quest,special4,records/skills/nonplayerskills/bossskills/chthonianabomination_summondevourers_a01.dbr,Skill_SpawnPet,100.0,14.0,2.0,AnyRange,8.0,,,False,,,,,,,,Moderate,DIRECT-REF,Summon,,,hero01_cultist_spell_summon_a01.anm,16,0.5333,,,,,,,,,,,
records/creatures/enemies/boss&quest/cultist_summoner_01.dbr,"Karroz, Sigil of Ch'thon",boss&quest,special5,records/skills/nonplayerskills/bossskills/cultist_ringofchaos.dbr,Skill_BuffAttackRadiusDuration,100.0,15.0,8.0,ShortRange,,6.0,,,,,,,,,,Short,DIRECT-REF,Power,,,hero01_cultist_spellbuffself.anm,19,0.6333,,,,,Chaos,,Confusion|Convert,60,4.5,,
records/creatures/enemies/boss&quest/cultist_summoner_01.dbr,"Karroz, Sigil of Ch'thon",boss&quest,initial,records/skills/nonplayerskills/bossskills/cultist_chaosaura_01.dbr,Skill_BuffRadiusToggled,,,,,,,,True,,,,,,,,,NO-REF,,hero01_sword1h_spellattack_b01.anm,0.6333,,,,,,,,,,,,,,
records/creatures/enemies/boss&quest/dermapteran_madqueen.dbr,"Rashalga, the Mad Queen",boss&quest,special1,records/skills/nonplayerskills/bossskills/dermapteran_madqueen_groundspines.dbr,Skill_AttackProjectileOrbiting,100.0,5.0,1.0,MediumRange,1.5,,,,,,,,,,,Long,NO-REF,,dermapteranqueen_phase02_cast_a01.anm,1.4667,,,,records/fx/skillsother/orbital/dermapteran_madqueen_groundspikes_projectilefx01.dbr,5.0,30.0,,Physical|Poison|Life,SlowPoison,,60,,,
records/creatures/enemies/boss&quest/dermapteran_madqueen.dbr,"Rashalga, the Mad Queen",boss&quest,special2,records/skills/nonplayerskills/bossskills/dermapteran_madqueen_bloodlust.dbr,Skill_BuffSelfDuration,100.0,12.0,2.0,AnyRange,,5.0,,False,,,,,,,,Short,NO-REF,,dermapteranqueen_phase02_cast_a01.anm,1.4667,,,,,,,,Life,,,60,,,
records/creatures/enemies/boss&quest/dermapteran_madqueen.dbr,"Rashalga, the Mad Queen",boss&quest,special3,records/skills/nonplayerskills/aoe/worm_poisoncloud.dbr,Skill_AttackProjectileAreaEffect,100.0,12.0,4.0,AnyRange,,9.0,,,,,,,,,,Maximum,NO-REF,,dermapteranqueen_phase02_cast_a01.anm,1.4667,,,,records/fx/skillsother/projectile_aoe/fx_poisoncloud_large_projectile01.dbr,,20.0,,,SlowPoison,,60,,,
records/creatures/enemies/boss&quest/dermapteran_madqueen.dbr,"Rashalga, the Mad Queen",boss&quest,special4,records/skills/nonplayerskills/bossskills/dermapteran_madqueen_summonworms.dbr,Skill_SpawnPetMonster,100.0,20.0,0.0,AnyRange,8.0,,,False,,,,,,,,Moderate,REF-UNSATISFIED-BY-TABLE,Summon,dermapteranqueen_phase02_cast_a01.anm,1.4667,,,,,,,,,,,,,,
records/creatures/enemies/boss&quest/dermapteran_madqueen.dbr,"Rashalga, the Mad Queen",boss&quest,special5,records/skills/nonplayerskills/bossskills/chthonianabomination_impale.dbr,Skill_AttackWeapon,100.0,5.0,3.0,ShortRange,,,,,,,,,,,,Melee,DIRECT-REF,Impale,,,dermapteranqueen_phase02_attackspecial_a01.anm,36,1.2,,,,,Physical|Chaos,,SlowRunSpeed,60,,1,25.0
records/creatures/enemies/boss&quest/dravis.dbr,"Dravis, Son of Uroboruuk",boss&quest,basic,records/skills/nonplayerskillsgdx2/bossskills/dravis_bonespear.dbr,Skill_AttackProjectile,,,,,,,,,,,,,,,,Long,NO-REF,,hero01_sword1h_spellattack_b01.anm,0.6333,,,,records/fx/skillsothergdx2/itemskills/bonelance_fxprojectile.dbr,20.0,21.0,,Physical|Pierce|Life,,,60,,,
records/creatures/enemies/boss&quest/dravis.dbr,"Dravis, Son of Uroboruuk",boss&quest,special1,records/skills/nonplayerskillsgdx2/bossskills/dravis_bonespearcone.dbr,Skill_AttackProjectileFan,100.0,5.0,3.0,MediumRange,,,,,,,,,,,,Long,DIRECT-REF,Doombolt,,,hero01_sword1h_spell_doombolt_a01.anm,19,0.6333,records/fx/skillsothergdx2/itemskills/bonelance_fxprojectile.dbr,20.0,21.0,,Physical|Pierce|Life,,,60,,,
records/creatures/enemies/boss&quest/dravis.dbr,"Dravis, Son of Uroboruuk",boss&quest,special2,records/skills/nonplayerskillsgdx2/bossskills/dravis_burningearth.dbr,Skill_AttackProjectileAreaEffect,100.0,7.0,5.0,AnyRange,,,,,,,,,,,,Moderate,DIRECT-REF,DoomboltSunder,,,hero01_sworddw_spell_doombolt_sunder.anm,19,0.6333,records/fx/skillsothergdx2/projectileboss/burningearth_projectile01.dbr,,20.0,,Physical|Fire|Life,SlowLife,SlowDamageMult,60,,,
records/creatures/enemies/boss&quest/dravis.dbr,"Dravis, Son of Uroboruuk",boss&quest,special3,records/skills/nonplayerskillsgdx2/bossskills/dravis_summonthrall.dbr,Skill_SpawnPet,100.0,30.0,9.0,AnyRange,,,,True,,,,,,,,Short,DIRECT-REF,Summon,,,hero01_sworddw_skill_stormcaller_dravis.anm,21,0.7,,,,,,,,,,,
records/creatures/enemies/boss&quest/dravis.dbr,"Dravis, Son of Uroboruuk",boss&quest,special4,records/skills/nonplayerskillsgdx2/bossskills/dravis_disengage.dbr,Skill_AttackRadiusDisengage,100.0,8.0,5.0,ShortRange,,,,,True,,,15.0,,,,Melee,DIRECT-REF,Disengage,,,hero01_sword1h_disengage.anm,31,1.0333,,,,,Fire,,SlowRunSpeed,60,6.0,,
records/creatures/enemies/boss&quest/eldritcharmor_dreegmindreaper_01.dbr,"Ishtal, the Mind Reaper",boss&quest,special1,records/skills/nonplayerskillsgdx2/bossskills/mindreaper_01_confusion_attackradius.dbr,Skill_AttackRadius,100.0,12.0,6.0,ShortRange,0.0,,,,,,,,,,,Short,DIRECT-REF,knifethrow,,,hero01_sword1h_skill_knifethrow01.anm,19,0.6333,,,,,Physical,SlowPhysical,SlowTotalSpeed,60,7.0,,
records/creatures/enemies/boss&quest/eldritcharmor_dreegmindreaper_01.dbr,"Ishtal, the Mind Reaper",boss&quest,special2,records/skills/nonplayerskillsgdx2/bossskills/mindreaper_01_spinattack.dbr,Skill_AttackWeapon,100.0,6.0,4.0,ShortRange,,,,,,,,,,,,Melee,DIRECT-REF,SpinAttack,,,hero01_sworddw_skill_spinattack02.anm,23,0.7667,,,,,Physical|Fire,,,60,,4,360.0
records/creatures/enemies/boss&quest/eldritcharmor_dreegmindreaper_01.dbr,"Ishtal, the Mind Reaper",boss&quest,special3,records/skills/nonplayerskillsgdx2/bossskills/mindreaper_01_meleescissors.dbr,Skill_AttackWeapon,100.0,8.0,6.0,ShortRange,,,,,,records/fx/skillclass02/knockdown1_impact_fxpak01.dbr,,,,,,Melee,DIRECT-REF,NightbladeWP1,,,hero01_sworddw_attackspecial_doubleswing_a01.anm,29,0.9667,,,,,Physical|Fire,,,60,,4,120.0
records/creatures/enemies/boss&quest/eldritcharmor_dreegmindreaper_01.dbr,"Ishtal, the Mind Reaper",boss&quest,special4,records/skills/nonplayerskillsgdx2/bossskills/mindreaper_01_stunningleap.dbr,Skill_AttackRadiusLeap,100.0,8.0,4.0,LongRange,0.0,,,,True,,,15.0,,,,Melee,DIRECT-REF,JumpAttack,,,hero01_sword1h_jump01.anm,31,1.0333,,,,,Physical|Fire,SlowPhysical,Stun|SlowTotalSpeed,60,5.0,,
records/creatures/enemies/boss&quest/eldritcharmor_dreegmindreaper_01.dbr,"Ishtal, the Mind Reaper",boss&quest,special5,records/skills/nonplayerskillsgdx2/bossskills/mindreaper_01_disengage.dbr,Skill_AttackRadiusDisengage,100.0,10.0,12.0,ShortRange,,,,,True,,,12.0,,,,Melee,DIRECT-REF,Disengage,,,hero01_sword1h_disengage.anm,31,1.0333,,,,,,,SlowTotalSpeed,60,4.0,,
records/creatures/enemies/boss&quest/eldritcharmor_dreegmindreaper_01.dbr,"Ishtal, the Mind Reaper",boss&quest,dying,records/skills/nonplayerskillsgdx2/bossskills/mindreaper_02_selfimolation.dbr,Skill_AttackRadius,,,,,0.0,,,,,,,,,,,Short,DIRECT-REF,knifethrow,,,hero01_sword1h_skill_knifethrow01.anm,19,0.6333,,,,,Physical|Fire,SlowFire,SlowTotalSpeed,60,6.0,,
records/creatures/enemies/boss&quest/ghost_stepsoftorment_01.dbr,"Alkamos, Lord Executioner",boss&quest,special1,records/skills/nonplayerskills/bossskills/alkamos_shadowstrike.dbr,Skill_AttackWeaponBlink,100.0,6.0,2.0,MediumRange,,,,,True,,,,,,,Moderate,DIRECT-REF,ShadowStrikeSunder,,,hero01_sword2h_skill_jumpattack02_sunder.anm,21,0.7,,,,,Physical|Cold,,,60,,1,25.0
records/creatures/enemies/boss&quest/ghost_stepsoftorment_01.dbr,"Alkamos, Lord Executioner",boss&quest,special2,records/skills/nonplayerskills/bossskills/alkamos_bladearc.dbr,Skill_AttackWeapon,100.0,5.0,0.0,ShortRange,,,,,,,,,,,,Melee,DIRECT-REF,AttackSweep,,,hero01_sword1h_skill_arcattack01.anm,29,0.9667,,,,,Physical|Cold,,Freeze,60,,5,180.0
records/creatures/enemies/boss&quest/ghost_stepsoftorment_01.dbr,"Alkamos, Lord Executioner",boss&quest,special3,records/skills/nonplayerskills/bossskills/alkamos_ghostlytendril.dbr,Skill_AttackSpellChaos,100.0,7.0,4.0,LongRange,,,,,,,,,,,,Maximum,NO-REF,,hero01_sword1h_spellattack_b01.anm,0.6333,,,,,,,,Cold,,Freeze|SlowRunSpeed|SlowAttackSpeed,60,,,
records/creatures/enemies/boss&quest/giant_tempesttotem_02.dbr,Tempest Spawn,boss&quest,special1,records/skills/nonplayerskillsgdx3/bossskills/gianttempesttotem_embernova.dbr,Skill_AttackProjectileRing,100.0,8.0,2.0,ShortRange,,,,,,,,,,,,Long,DIRECT-REF,Stomp,,,giant_stomp_a01.anm,61,2.0333,records/fx/skillsothergdx3/projectile/infernalember_projectile_fx01.dbr,15.0,8.0,5.0,Physical|Fire,,SlowDefensiveAbility,60,,,
records/creatures/enemies/boss&quest/giant_tempesttotem_02.dbr,Tempest Spawn,boss&quest,special2,records/skills/nonplayerskillsgdx3/bossskills/giantfire_moltenboulder.dbr,Skill_AttackProjectile,100.0,8.0,2.0,MediumRange,,,,,,,,,,,,Long,DIRECT-REF,ThrowMolten,,,giant_throw_moltenboulder_a01.anm,71,2.3667,records/fx/skillsothergdx3/projectile/bouldermolten_projectilefx01.dbr,15.0,22.0,10.0,Physical|Fire,,Stun,60,,,
records/creatures/enemies/boss&quest/giant_tempesttotem_02.dbr,Tempest Spawn,boss&quest,special3,records/skills/nonplayerskillsgdx3/bossskills/giantfire_volcano.dbr,Skill_AttackProjectileAreaEffect,100.0,9.0,7.0,AnyRange,,,,,,,,,,,,Moderate,DIRECT-REF,ImpaleMolten,,,giant_ground_slammolten_a01.anm,55,1.8333,records/fx/skillsothergdx3/projectile_aoe/giantfire_volcano_projectile01.dbr,,20.0,,Physical|Fire,SlowFire,,60,,,
records/creatures/enemies/boss&quest/giant_tempesttotem_06.dbr,Tempest Spawn,boss&quest,special1,records/skills/nonplayerskillsgdx3/bossskills/gianttempesttotem_froststomp.dbr,Skill_AttackProjectileRing,100.0,8.0,2.0,ShortRange,,,,,,,,,,,,Long,DIRECT-REF,Stomp,,,giant_stomp_a01.anm,61,2.0333,records/fx/skillsothergdx3/projectile/faultlinegroundcoldsparkprojectilefx01.dbr,12.0,12.0,,Physical|Cold,,Freeze,60,,,
records/creatures/enemies/boss&quest/giant_tempesttotem_06.dbr,Tempest Spawn,boss&quest,special2,records/skills/nonplayerskillsgdx3/bossskills/gianttempesttotem_moonfallpattern.dbr,Skill_AttackPattern,100.0,6.0,7.0,MediumRange,,,,,,,,,,,,Long,DIRECT-REF,RoarCold,,,giant_roarcold_a01.anm,49,1.6333,,,,,,,,,,,
records/creatures/enemies/boss&quest/human_chthonickurn_shaman_01.dbr,Yurra Voideye,boss&quest,basic,records/skills/nonplayerskillsgdx3/bossskills/yurra_chaosorb.dbr,Skill_AttackProjectile,,,,,,,,,,,,,,,,Long,NO-REF,,heroine01_sword1h_spellattack_b01.anm,0.6333,,,,records/fx/skillsothergdx3/projectileboss/yura_chaosfragmentingorb_projectile.dbr,16.0,20.0,,Physical|Chaos,,,60,,,
records/creatures/enemies/boss&quest/human_chthonickurn_shaman_01.dbr,Yurra Voideye,boss&quest,special1,records/skills/nonplayerskillsgdx3/bossskills/yurra_chaoseruptionpattern.dbr,Skill_AttackPattern,100.0,12.0,4.0,AnyRange,,,,,,,,,,,,Long,DIRECT-REF,DoomboltSunder,,,heroine01_sword1h_spell_doombolt_sunder.anm,19,0.6333,,,,,,,,,,,
records/creatures/enemies/boss&quest/human_chthonickurn_shaman_01.dbr,Yurra Voideye,boss&quest,special2,records/skills/nonplayerskillsgdx3/bossskills/yurra_werewolfform.dbr,Skill_Shapeshift,100.0,30.0,6.0,AnyRange,5.0,16.0,,True,,,,,,,,Boss,NO-REF,,heroine01_sword1h_spellattack_b01.anm,0.6333,,,,,,,,,,,,,,
records/creatures/enemies/boss&quest/human_chthonickurn_shaman_01.dbr,Yurra Voideye,boss&quest,special3,records/skills/nonplayerskillsgdx3/bossskills/yurra_werewolf_claws.dbr,Skill_AttackWave,100.0,0.5,0.0,ShortRange,,,,,,,0.20000000298023224,4.0,,,,Short,REF-UNSATISFIED-BY-TABLE,DoubleClaw,heroine01_sword1h_spellattack_b01.anm,0.6333,,,,,,,,Physical|Pierce,SlowBleeding,,60,,,
records/creatures/enemies/boss&quest/human_chthonickurn_shaman_01.dbr,Yurra Voideye,boss&quest,special4,records/skills/nonplayerskillsgdx3/bossskills/yurra_werewolf_howl.dbr,Skill_AttackBuffRadius,100.0,9.0,2.0,MediumRange,,,,False,,,,,,,,,NO-REF,,heroine01_sword1h_spellattack_b01.anm,0.6333,,,,,,,,,,,,,,
records/creatures/enemies/boss&quest/human_chthonickurn_shaman_01.dbr,Yurra Voideye,boss&quest,special5,records/skills/nonplayerskillsgdx3/bossskills/yurra_werewolf_leap.dbr,Skill_AttackRadiusLeap,100.0,4.0,1.0,LongRange,,,,,True,,,18.0,,,,Long,DIRECT-REF,JumpAttack,,,heroine01_sword1h_jump01.anm,31,1.0333,,,,,Physical|Pierce,SlowBleeding,Stun,60,6.0,,
records/creatures/enemies/boss&quest/humanascendant_terrnox.dbr,Terrnox,boss&quest,basic,records/skills/nonplayerskillsgdx1/bossskills/terrnox_chillingstrikes.dbr,Skill_WeaponPool_ChargedLinear,,,,,0.0,,2.5,,,,,,,,,Melee,NO-REF,,,,,,,,,,,,,,5,,,
records/creatures/enemies/boss&quest/humanascendant_terrnox.dbr,Terrnox,boss&quest,special1,records/skills/nonplayerskillsgdx1/bossskills/terrnox_shadowstrike.dbr,Skill_AttackWeaponBlink,100.0,7.0,3.0,LongRange,,,,,True,,,,,,,Long,DIRECT-REF,ShadowStrike,,,hero01_sword2h_skill_jumpattack02.anm,21,0.7,,,,,Physical|Pierce,SlowCold,Stun,60,,1,25.0
records/creatures/enemies/boss&quest/humanascendant_terrnox.dbr,Terrnox,boss&quest,special2,records/skills/nonplayerskillsgdx1/bossskills/terrnox_aetherspikes.dbr,Skill_AttackProjectileBurst,100.0,7.0,1.0,MediumRange,,,,,,,,,,,,Long,DIRECT-REF,LoxmereSpikes,,,hero01_sworddw_spellloxmerespikes_01.anm,19,0.6333,records/fx/skillsother/projectile/wardenspike1_projectile_fx01.dbr,20.0,24.0,,Physical|Pierce,,,60,,,
records/creatures/enemies/boss&quest/humanascendant_terrnox.dbr,Terrnox,boss&quest,special3,records/skills/nonplayerskillsgdx1/bossskills/terrnox_inverseicespikenova.dbr,Skill_AttackProjectileRing,100.0,11.0,5.0,ShortRange,,,,,,,,,,,,Long,DIRECT-REF,Nova,,,hero01_unarmed_spell_nova_a01.anm,19,0.6333,records/fx/skillsothergdx1/projectileboss/terrnox_inverseicespikes_fxprojectile.dbr,7.0,40.0,,Physical|Cold,SlowCold,Freeze,60,,,
records/creatures/enemies/boss&quest/humanascendant_terrnox.dbr,Terrnox,boss&quest,special4,records/skills/nonplayerskillsgdx1/bossskills/terrnox_comet.dbr,Skill_AttackProjectileDrop,100.0,10.0,8.0,AnyRange,,,,,,,,,1.0,,,Maximum,DIRECT-REF,DoomboltSunder,,,hero01_sword1h_spell_doombolt_sunder.anm,19,0.6333,records/fx/skillsother/itemskills/comet_projectilefx01.dbr,26.0,24.0,0.0,Physical|Cold,SlowCold,Freeze|SlowDamageMult,60,3.0,,
records/creatures/enemies/boss&quest/humanwendigo_darkwood_01.dbr,Avris Marrowill,boss&quest,basic,records/skills/nonplayerskillsgdx1/bossskills/avris_bloodorbnova.dbr,Skill_AttackProjectileRing,,,,,,,,,,,,,,,,Long,NO-REF,,heroine01_sword1h_spellattack_b01.anm,0.6333,,,,records/fx/skillsothergdx1/projectileboss/bloodorbboomerang_fxprojectile.dbr,12.0,40.0,,Physical|Life,SlowBleeding,,60,,,
records/creatures/enemies/boss&quest/humanwendigo_darkwood_01.dbr,Avris Marrowill,boss&quest,special1,records/skills/nonplayerskillsgdx1/bossskills/avris_bloodorbburst.dbr,Skill_AttackProjectileFan,100.0,5.0,1.0,LongRange,,,,,,,,,,,,Long,NO-REF,,heroine01_sword1h_spellattack_b01.anm,0.6333,,,,records/fx/skillsother/projectile/bloodorb_fxprojectile.dbr,14.0,20.0,,Physical|Life,SlowBleeding,,60,,,
records/creatures/enemies/boss&quest/humanwendigo_darkwood_01.dbr,Avris Marrowill,boss&quest,special2,records/skills/nonplayerskillsgdx1/bossskills/avris_reapspirit.dbr,Skill_AttackSpellChaosSpawnPet,100.0,13.0,3.0,AnyRange,,,,,,,,,0.20000000298023224,,,Long,DIRECT-REF,DoomFast,,,heroine01_sword1h_spell_doombolt_long_a01.anm,95,3.1667,,,,,Aether,SlowLife,,60,,,
records/creatures/enemies/boss&quest/humanwendigo_darkwood_01.dbr,Avris Marrowill,boss&quest,special3,records/skills/nonplayerskillsgdx1/bossskills/avris_screech.dbr,Skill_AttackRadius,100.0,6.0,2.0,ShortRange,,,,,,,,,,,,Short,DIRECT-REF,Warcry,,,heroine01_sword1h_spell_warcry_a01.anm,19,0.6333,,,,,,,Petrify|SlowDefensiveAbility|SlowOffensiveAbility,60,8.0,,
records/creatures/enemies/boss&quest/humanwendigo_darkwood_01.dbr,Avris Marrowill,boss&quest,special4,records/skills/nonplayerskillsgdx1/bossskills/avris_bloodlink.dbr,Skill_AttackBuff,100.0,12.0,6.0,ShortRange,,,,,,,,,,,,,NO-REF,,heroine01_sword1h_spellattack_b01.anm,0.6333,,,,,,,,,,,,,,
records/creatures/enemies/boss&quest/humanwendigo_darkwood_01.dbr,Avris Marrowill,boss&quest,initial,records/skills/nonplayerskills/buff/skeleton_warlockselfaura.dbr,Skill_BuffSelfToggled,,,,,,,,True,,,,,,,,Short,NO-REF,,heroine01_sword1h_spellattack_b01.anm,0.6333,,,,,,,,Life,,,60,,,
records/creatures/enemies/boss&quest/korvaak_lieutenant_03.dbr,Astros the Sunherald,boss&quest,basic,records/skills/nonplayerskillsgdx2/bossskills/korvaaklieutenant_01_chargedinferno.dbr,Skill_WeaponPool_ChargedFinale,,,,,,,3.0,,,,,,,,,Melee,DIRECT-REF,AttackJump,,,hero01_sword1h_skill_jumpattack01.anm,29,0.9667,,,,,Physical|Fire,SlowFire,,60,,5,360.0
records/creatures/enemies/boss&quest/korvaak_lieutenant_03.dbr,Astros the Sunherald,boss&quest,special1,records/skills/nonplayerskillsgdx2/bossskills/korvaaklieutenant_firearc.dbr,Skill_AttackWeapon,100.0,4.0,2.0,ShortRange,,,,,,,,,,,,Melee,DIRECT-REF,AttackSweepFire,,,hero01_sword2h_skill_bladearc_a01_fire.anm,26,0.8667,,,,,Physical|Fire,,TotalDamageReductionPercent,60,,5,180.0
records/creatures/enemies/boss&quest/korvaak_lieutenant_03.dbr,Astros the Sunherald,boss&quest,special2,records/skills/nonplayerskillsgdx2/bossskills/korvaaklieutenant_01_infernoradiusleap.dbr,Skill_AttackRadiusLeap,100.0,6.0,3.0,LongRange,0.0,,,,True,,,15.0,,,,Melee,DIRECT-REF,JumpAttack,,,hero01_sword1h_jump01.anm,31,1.0333,,,,,Physical|Fire,,Stun,60,4.0,,
records/creatures/enemies/boss&quest/korvaak_lieutenant_03.dbr,Astros the Sunherald,boss&quest,special3,records/skills/nonplayerskillsgdx2/bossskills/korvaaklieutenant_02_boomerangvolcano.dbr,Skill_AttackProjectileRing,100.0,8.0,4.0,MediumRange,,,,,,,,,,,,Long,DIRECT-REF,Nova,,,hero01_unarmed_spell_nova_a01.anm,19,0.6333,records/fx/skillsothergdx2/projectile/fireballboomerang_projectilefx01.dbr,18.0,25.0,,Physical|Fire,,,60,,,
records/creatures/enemies/boss&quest/korvaak_lieutenant_03.dbr,Astros the Sunherald,boss&quest,initial,records/skills/nonplayerskillsgdx2/bossskills/korvaaklieutenant_selfbuff.dbr,Skill_BuffSelfToggled,,,,,,,,True,,,,,,,,Short,NO-REF,,hero01_sword1h_spellattack_b01.anm,0.6333,,,,,,,,,,,,,,
records/creatures/enemies/boss&quest/korvaakfinal_02.dbr,"Manifestation of Korvaak, the Eldritch Sun",boss&quest,basic,records/skills/nonplayerskillsgdx2/bossskills/final/p1_celestialswipes.dbr,Skill_WeaponPool_ChargedLinear,,,,,0.0,,2.0,,,,,,,,,Melee,NO-REF,,,,,,,,,,,,,,6,,,
records/creatures/enemies/boss&quest/korvaakfinal_02.dbr,"Manifestation of Korvaak, the Eldritch Sun",boss&quest,special1,records/skills/nonplayerskillsgdx2/bossskills/final/p1_explosiveslam.dbr,Skill_AttackWeaponRadius,100.0,7.0,3.0,ShortRange,,,,,,,,,0.0,,,Melee,DIRECT-REF,Slam,,,boss_korvaak01a_p02_attackspecial_a01.anm,33,1.1,,,,,Physical|Fire,,,60,4.0,,
records/creatures/enemies/boss&quest/korvaakfinal_02.dbr,"Manifestation of Korvaak, the Eldritch Sun",boss&quest,special2,records/skills/nonplayerskillsgdx2/bossskills/final/p1_gazeofkorvaak.dbr,Skill_AttackProjectileRing,100.0,14.0,6.0,MediumRange,,,,,,,,,,,,Long,NO-REF,,boss_korvaak01a_p02_attackspecialcast_c01.anm,1.1667,,,,records/fx/skillsothergdx2/projectileboss/korvaak_gaze_inverseprojectile.dbr,-5.0,90.0,,Physical|Fire,SlowFire,SlowDefensiveAbility,60,,,
records/creatures/enemies/boss&quest/korvaakfinal_02.dbr,"Manifestation of Korvaak, the Eldritch Sun",boss&quest,special3,records/skills/nonplayerskillsgdx2/bossskills/final/p2_eldritchteleport.dbr,Skill_AttackRadiusTeleport,100.0,9.0,5.0,LongRange,,,,,True,,,20.0,,,,Long,DIRECT-REF,Teleport,,,boss_korvaak01a_p02_attackspecialcast_c01_eldritch.anm,35,1.1667,,,,,Lightning|Poison,SlowPoison,,60,8.0,,
records/creatures/enemies/boss&quest/korvaakfinal_02.dbr,"Manifestation of Korvaak, the Eldritch Sun",boss&quest,special4,records/skills/nonplayerskillsgdx2/bossskills/final/p2_celestialeffigysummon.dbr,Skill_SpawnPet,100.0,20.0,9.0,AnyRange,,,,True,,,,,,,,Boss,DIRECT-REF,SkyfallFast,,,boss_korvaak01a_p02_attackspecialcast_d01.anm,35,1.1667,,,,,,,,,,,
records/creatures/enemies/boss&quest/korvaakfinal_02.dbr,"Manifestation of Korvaak, the Eldritch Sun",boss&quest,special5,records/skills/nonplayerskillsgdx2/bossskills/final/p2_eldritchriftssummon.dbr,Skill_TargetedSpawnPet,100.0,40.0,12.0,AnyRange,,,,,,,,,,,,Boss,DIRECT-REF,SummonChannel,,,boss_korvaak01a_p02_attackspecialcast_e01.anm,228,7.6,,,,,,,,,,,
records/creatures/enemies/boss&quest/korvaakmessenger_02b.dbr,"Okaloth ~ ""The Messenger""",boss&quest,special1,records/skills/nonplayerskillsgdx2/bossskills/pets/turret_messenger_02_firestorm.dbr,Skill_BuffAttackRadiusDrop,100.0,11.0,6.0,AnyRange,,,,,,,,,,,,Maximum,NO-REF,,chthonianrylok_castattack_a01.anm,1.1667,,,,records/fx/skillsothergdx2/projectileboss/messengermagma_projectilefx01.dbr,28.0,24.0,0.0,Physical|Fire,,,60,5.0,,
records/creatures/enemies/boss&quest/korvaakmessenger_02b.dbr,"Okaloth ~ ""The Messenger""",boss&quest,special2,records/skills/nonplayerskillsgdx2/bossskills/messenger_02_impale.dbr,Skill_AttackWeapon,100.0,6.0,5.0,ShortRange,,,,,,records/fx/skillclass02/knockdown1_impact_fxpak01.dbr,,,,,,Melee,DIRECT-REF,Impale,,,chthonianrylok_attackspecial_d01.anm,48,1.6,,,,,Physical|Pierce,,,60,,1,25.0
records/creatures/enemies/boss&quest/korvaakmessenger_02b.dbr,"Okaloth ~ ""The Messenger""",boss&quest,special3,records/skills/nonplayerskillsgdx2/bossskills/messenger_02_cleavefire.dbr,Skill_AttackWave,100.0,8.0,6.0,ShortRange,,,,,,,0.5,4.0,,,,Moderate,DIRECT-REF,CleaveFire,,,chthonianrylok_cleavefire.anm,45,1.5,,,,,Physical|Fire,SlowFire,,60,,,
records/creatures/enemies/boss&quest/korvaakmessenger_02b.dbr,"Okaloth ~ ""The Messenger""",boss&quest,special4,records/skills/nonplayerskillsgdx2/bossskills/messenger_02_doublestrikefire.dbr,Skill_AttackWeapon,100.0,9.0,5.0,ShortRange,,,,,,records/fx/skillclass02/knockdown1_impact_fxpak01.dbr,,,,,,Melee,DIRECT-REF,DoubleStrikeFire,,,chthonianrylok_attackspecial_b01_fire.anm,45,1.5,,,,,Physical|Fire,,,60,,1,25.0
records/creatures/enemies/boss&quest/korvaakmessenger_02b.dbr,"Okaloth ~ ""The Messenger""",boss&quest,special5,records/skills/nonplayerskillsgdx2/bossskills/messenger_02_impale.dbr,Skill_AttackWeapon,100.0,6.0,5.0,ShortRange,,,,,,records/fx/skillclass02/knockdown1_impact_fxpak01.dbr,,,,,,Melee,DIRECT-REF,Impale,,,chthonianrylok_attackspecial_d01.anm,48,1.6,,,,,Physical|Pierce,,,60,,1,25.0
records/creatures/enemies/boss&quest/skeletalgolem_stepsoftorment_01.dbr,"Ilgorr, the Eternal",boss&quest,special1,records/skills/nonplayerskills/buffoffensive/skeletalgolem_boneprison.dbr,Skill_AttackBuff,100.0,10.0,5.0,LongRange,,,,,,,,,,,,,NO-REF,,golembone_phase01_throw_a01.anm,2.0333,,,,,,,,,,,,,,
records/creatures/enemies/boss&quest/skeletalgolem_stepsoftorment_01.dbr,"Ilgorr, the Eternal",boss&quest,special2,records/skills/nonplayerskills/bossskills/ilgorr_doublestrike.dbr,Skill_AttackWave,100.0,6.0,3.0,ShortRange,,,,,,,0.20000000298023224,10.0,1.0,,,Moderate,DIRECT-REF,DoubleStrikeSunder,,,golembone_phase01_specialattack_a01_sunder.anm,81,2.7,,,,,Physical|Life,SlowLife,SlowTotalSpeed|SlowDefensiveAbility|SlowDamageMult,60,,,
records/creatures/enemies/boss&quest/skeletalgolem_stepsoftorment_01.dbr,"Ilgorr, the Eternal",boss&quest,special3,records/skills/nonplayerskills/bossskills/ilgorr_summonrevenant01.dbr,Skill_SpawnPetMonster,100.0,16.0,7.0,AnyRange,,,,False,,,,,,,,Long,DIRECT-REF,Summon,,,golembone_phase01_selfbuff_a01.anm,31,1.0333,,,,,,,,,,,
records/creatures/enemies/boss&quest/statue_korvaaktombguardian.dbr,The Steward,boss&quest,basic,records/skills/nonplayerskillsgdx2/bossskills/tombguardian_massiveswipe.dbr,Skill_WeaponPool_ChargedFinale,,,,,,,3.0,,,,,,,,,Short,DIRECT-REF,SwipeCelestial,,,possessedstatue_attackspecial_a01.anm,46,1.5333,,,,,Cold,SlowCold,,60,,5,170.0
records/creatures/enemies/boss&quest/statue_korvaaktombguardian.dbr,The Steward,boss&quest,special1,records/skills/nonplayerskillsgdx2/bossskills/tombguardian_megapunch.dbr,Skill_AttackWeapon,100.0,8.0,2.0,ShortRange,,,,,,,,,,,,Melee,DIRECT-REF,PunchSunder,,,possessedstatue_attackspecial_f01_sunder.anm,65,2.1667,,,,,Physical|Cold|Poison,,Stun|SlowDamageMult,60,,1,25.0
records/creatures/enemies/boss&quest/statue_korvaaktombguardian.dbr,The Steward,boss&quest,special2,records/skills/nonplayerskillsgdx2/bossskills/tombguardian_doubleswipe.dbr,Skill_AttackWave,100.0,6.0,5.0,ShortRange,,,,,,,0.20000000298023224,8.0,,,,Moderate,DIRECT-REF,DoubleSwipeCelestial,,,possessedstatue_attackspecial_b01.anm,43,1.4333,,,,,Physical|Cold,,SlowTotalSpeed,60,,,
records/creatures/enemies/boss&quest/statue_korvaaktombguardian.dbr,The Steward,boss&quest,special3,records/skills/nonplayerskillsgdx2/bossskills/tombguardian_celestialbreath.dbr,Skill_AttackWave,100.0,9.0,2.0,MediumRange,,,,,,,0.5,16.0,,,,Moderate,DIRECT-REF,BreathCelestial,,,possessedstatue_attackspecial_breath_a01_celestial.anm,71,2.3667,,,,,Cold|Lightning,SlowLightning,TotalDamageReductionPercent,60,,,
records/creatures/enemies/boss&quest/statue_korvaaktombguardian.dbr,The Steward,boss&quest,special4,records/skills/nonplayerskillsgdx2/bossskills/tombguardian_shatteringstomp.dbr,Skill_AttackRadius,100.0,11.0,4.0,MediumRange,,,,,,,,,,,,Moderate,DIRECT-REF,Stomp,,,possessedstatue_attackspecial_e01.anm,41,1.3667,,,,,Physical|Poison,SlowPoison,,60,8.0,,
records/creatures/enemies/boss&quest/statue_korvaaktombguardian.dbr,The Steward,boss&quest,special5,records/skills/nonplayerskillsgdx2/bossskills/tombguardian_celestialteleport.dbr,Skill_AttackRadiusTeleport,100.0,7.0,2.0,LongRange,,,,,True,,,13.0,,,,Long,DIRECT-REF,Crush,,,possessedstatue_attackspecial_c01.anm,41,1.3667,,,,,Poison,SlowPoison,,60,10.0,,
records/creatures/enemies/boss&quest/swampcrab_ugdenbog_01.dbr,Carraxus Foul,boss&quest,special1,records/skills/nonplayerskillsgdx1/bossskills/carraxus_triplespit.dbr,Skill_AttackProjectile,100.0,5.0,3.0,LongRange,,,,,,,,,,,,Long,DIRECT-REF,SpitLong,,,crabmonstrosity_attackspit_b01.anm,50,1.6667,records/fx/skillsothergdx1/projectile/acidorb_grenadeprojectilefx01.dbr,12.0,14.0,15.0,Physical|Poison,,,60,,,
records/creatures/enemies/boss&quest/swampcrab_ugdenbog_01.dbr,Carraxus Foul,boss&quest,special2,records/skills/nonplayerskillsgdx1/bossskills/carraxus_poisonprojectilenova.dbr,Skill_AttackProjectileRing,100.0,5.0,1.0,MediumRange,,,,,,,,,,,,Long,DIRECT-REF,Spin,,,crabmonstrosity_attack_b01.anm,35,1.1667,records/fx/skillsother/projectile/waterpoisonorb_fxprojectile.dbr,14.0,18.0,,Physical|Poison,,,60,,,
records/creatures/enemies/boss&quest/swampcrab_ugdenbog_01.dbr,Carraxus Foul,boss&quest,special3,records/skills/nonplayerskillsgdx1/bossskills/carraxus_summonswampcrabc.dbr,Skill_SpawnPet,100.0,18.0,8.0,AnyRange,,,,False,,,,,,,,Boss,REF-UNSATISFIED-BY-TABLE,Summon,crabmonstrosity_attack_c01.anm,0.9,,,,,,,,,,,,,,
records/creatures/enemies/boss&quest/swampcrab_ugdenbog_01.dbr,Carraxus Foul,boss&quest,special4,records/skills/nonplayerskillsgdx1/bossskills/carraxus_poisonbreath.dbr,Skill_AttackWave,100.0,7.0,4.0,ShortRange,,,,,,,0.4000000059604645,5.0,,,,Melee,DIRECT-REF,BreathPoison,,,crabmonstrosity_breathpoison_b01.anm,50,1.6667,,,,,Physical|Poison,SlowPoison,,60,,,
records/creatures/enemies/boss&quest/swampcrab_ugdenbog_01.dbr,Carraxus Foul,boss&quest,special5,records/skills/nonplayerskillsgdx1/bossskills/carraxus_causticcrush.dbr,Skill_AttackWeapon,100.0,4.0,1.0,ShortRange,,,,,,,,,,,,Melee,DIRECT-REF,CrushPoison,,,crabmonstrosity_attack_d01_poison.anm,21,0.7,,,,,Physical|Pierce,,,60,,1,25.0
records/creatures/enemies/boss&quest/swampgolem_bargoll.dbr,"Bargoll, the Mouldering Mound",boss&quest,special1,records/skills/nonplayerskillsgdx1/bossskills/bargoll_acidarc.dbr,Skill_AttackWave,100.0,5.0,3.0,ShortRange,,,,,,,0.20000000298023224,10.0,1.0,,,Moderate,DIRECT-REF,DoubleStrike,,,golemswamp_phase01_attackspecial_a01.anm,81,2.7,,,,,Physical|Poison,SlowPoison,SlowDefensiveAbility,60,,,
records/creatures/enemies/boss&quest/swampgolem_bargoll.dbr,"Bargoll, the Mouldering Mound",boss&quest,special2,records/skills/nonplayerskillsgdx1/bossskills/bargoll_poisonprojectilenova.dbr,Skill_AttackProjectileRing,100.0,8.0,1.0,MediumRange,,,,,,,,,,,,Short,DIRECT-REF,Channel,,,golemswamp_phase01_channel_a01.anm,74,2.4667,records/fx/skillsothergdx1/projectile/acidorb_burst_projectilefx01.dbr,16.0,20.0,,Physical|Poison,SlowPoison,,60,,,
records/creatures/enemies/boss&quest/swampgolem_bargoll.dbr,"Bargoll, the Mouldering Mound",boss&quest,special3,records/skills/nonplayerskillsgdx1/bossskills/bargoll_poisonrift.dbr,Skill_AttackRadius,100.0,6.0,5.0,MediumRange,,,,,,,,,,,,Short,DIRECT-REF,Slam,,,golemswamp_phase01_attackranged_a01.anm,86,2.8667,,,,,Physical|Poison,SlowPoison,,60,8.0,,
records/creatures/enemies/boss&quest/theoutcast_03.dbr,"Anasteria, Wrath of the Aether",boss&quest,basic,records/skills/nonplayerskills/bossskills/angela_arcanemissile.dbr,Skill_AttackProjectileBurst,,,,,,,,,,,,,,,,Long,NO-REF,,heroine01_sword1h_spellattack_b01.anm,0.6333,,,,records/fx/skillclass03/arcanemissile_fxprojectile.dbr,20.0,20.0,30.0,Physical|Aether,,,60,,,
records/creatures/enemies/boss&quest/theoutcast_03.dbr,"Anasteria, Wrath of the Aether",boss&quest,special1,records/skills/nonplayerskills/bossskills/angela_arcanemissilebarrage.dbr,Skill_AttackProjectileBurst,100.0,6.0,5.0,MediumRange,,,,,,,,,,,,Long,DIRECT-REF,SlowCast,,,theoutcast_cast_slow.anm,19,0.6333,records/fx/skillclass03/arcanemissile_fxprojectile.dbr,20.0,20.0,30.0,Physical|Aether,,,60,,,
records/creatures/enemies/boss&quest/theoutcast_03.dbr,"Anasteria, Wrath of the Aether",boss&quest,special2,records/skills/nonplayerskills/bossskills/angela_devastation.dbr,Skill_BuffAttackRadiusDrop,100.0,10.0,0.0,AnyRange,,10.0,,,,,,,,,0.30000001192092896,Maximum,DIRECT-REF,Devastation,,,theoutcast_spellattack_d01.anm,19,0.6333,records/fx/skillclass05/devastation2_projectilefx01.dbr,40.0,24.0,0.0,Physical|Aether,,,60,7.0,,
records/creatures/enemies/boss&quest/theoutcast_03.dbr,"Anasteria, Wrath of the Aether",boss&quest,special3,records/skills/nonplayerskills/bossskills/angela_annihilation.dbr,Skill_AttackRadius,100.0,12.0,12.0,ShortRange,,,,,,,,,,,,Short,DIRECT-REF,NovaHugeSunder,,,heroine01_sword1h_spell_aethercastlong_sunder.anm,95,3.1667,,,,,Physical|Aether,,SlowDamageMult,60,14.0,,
records/creatures/enemies/boss&quest/theoutcast_03.dbr,"Anasteria, Wrath of the Aether",boss&quest,initial,records/skills/nonplayerskills/bossskills/angela_aetherform03.dbr,Skill_BuffAttackRadiusToggled,,,,,,,,False,,,,,,,,Short,NO-REF,,heroine01_sword1h_spellattack_b01.anm,0.6333,,,,,,,,Aether,,,60,3.0,,
records/creatures/enemies/boss&quest/theoutcast_03.dbr,"Anasteria, Wrath of the Aether",boss&quest,dying,records/skills/nonplayerskills/bossskills/angela_annihilation.dbr,Skill_AttackRadius,,,,,,,,,,,,,,,,Short,DIRECT-REF,NovaHugeSunder,,,heroine01_sword1h_spell_aethercastlong_sunder.anm,95,3.1667,,,,,Physical|Aether,,SlowDamageMult,60,14.0,,
records/creatures/enemies/boss&quest/wendigo_ancient_namadea.dbr,"Namadea, the Screecher",boss&quest,special1,records/skills/nonplayerskillsgdx1/bossskills/wendigoancient_tripleswipe.dbr,Skill_AttackWeapon,100.0,5.0,2.0,ShortRange,,,,,,,,,,,,Melee,DIRECT-REF,TripleStrike,,,wendigo_attack_c01.anm,58,1.9333,,,,,Physical|Pierce,SlowBleeding,,60,,1,25.0
records/creatures/enemies/boss&quest/wendigo_ancient_namadea.dbr,"Namadea, the Screecher",boss&quest,special2,records/skills/nonplayerskillsgdx1/bossskills/wendigoancient_bonepath.dbr,Skill_AttackWave,100.0,7.0,4.0,MediumRange,,,,,,,0.800000011920929,12.0,,,,Long,NO-REF,,wendigo_attack_a01.anm,1.0333,,,,,,,,Physical|Pierce|Cold,,SlowRunSpeed,60,,,
records/creatures/enemies/boss&quest/wendigo_ancient_namadea.dbr,"Namadea, the Screecher",boss&quest,special3,records/skills/nonplayerskillsgdx1/bossskills/wendigoancient_ram.dbr,Skill_AttackWeapon,100.0,5.0,0.0,ShortRange,,,,,,,,,,,,Melee,DIRECT-REF,Ram,,,wendigo_attackspecial_ram_a01.anm,26,0.8667,,,,,Physical|Life,,,60,,1,25.0
records/creatures/enemies/boss&quest/wendigo_ancient_namadea.dbr,"Namadea, the Screecher",boss&quest,special4,records/skills/nonplayerskillsgdx1/bossskills/wendigoancient_soulwell.dbr,Skill_AttackProjectileAreaEffect,100.0,4.0,2.0,LongRange,2.0,6.0,,,,,,,,,,Long,NO-REF,,wendigo_attack_a01.anm,1.0333,,,,records/fx/skillsother/itemskills/soulwellghostly_projectile01.dbr,,20.0,,Physical|Cold|Life,,,60,,,
records/creatures/enemies/boss&quest/wendigo_ancient_namadea.dbr,"Namadea, the Screecher",boss&quest,special5,records/skills/nonplayerskillsgdx1/bossskills/wendigoancient_summonwraith.dbr,Skill_SpawnPet,100.0,16.0,8.0,AnyRange,,,,False,,,,,,,,Boss,NO-REF,,wendigo_attack_a01.anm,1.0333,,,,,,,,,,,,,,
records/creatures/enemies/boss&quest/wendigo_turned_yuvoll.dbr,Yuvolloth,boss&quest,special1,records/skills/nonplayerskillsgdx1/bossskills/wendigoancient_tripleswipe.dbr,Skill_AttackWeapon,100.0,5.0,2.0,ShortRange,,,,,,,,,,,,Melee,DIRECT-REF,TripleStrike,,,wendigo_attack_c01.anm,58,1.9333,,,,,Physical|Pierce,SlowBleeding,,60,,1,25.0
records/creatures/enemies/boss&quest/wendigo_turned_yuvoll.dbr,Yuvolloth,boss&quest,special2,records/skills/nonplayerskillsgdx1/bossskills/wendigofire_charge.dbr,Skill_AttackWeaponCharge,100.0,4.0,0.0,LongRange,,,,,,,,,0.25,,,Melee,NO-REF,,,,,,,,,,,Physical|Fire,,Stun,60,,1,25.0
records/creatures/enemies/boss&quest/wendigo_turned_yuvoll.dbr,Yuvolloth,boss&quest,special3,records/skills/nonplayerskillsgdx1/bossskills/wendigofire_summonfiredevil.dbr,Skill_TargetedSpawnPet,100.0,8.0,3.0,MediumRange,3.0,,,,,,,,,,,Moderate,NO-REF,,wendigo_attack_a01.anm,1.0333,,,,,,,,,,,,,,
records/creatures/enemies/boss&quest/wendigo_turned_yuvoll.dbr,Yuvolloth,boss&quest,initial,records/skills/nonplayerskillsgdx1/bossskills/wendigofire_burningpresence.dbr,Skill_BuffAttackRadiusToggled,,,,,,,,True,,,,,,,,Short,NO-REF,,wendigo_attack_a01.anm,1.0333,,,,,,,,Fire,,,60,3.0,,
records/creatures/enemies/boss&quest/witch_janaxia.dbr,"Janaxia, the Betrayer",boss&quest,basic,records/skills/nonplayerskillsgdx1/bossskills/witch_necroticmissiles.dbr,Skill_AttackProjectileBurst,,,,,,,,,,,,,,,,Long,NO-REF,,heroine01_sword1h_spellattack_b01.anm,0.6333,,,,records/fx/skillsother/projectile/necroticmissile_fxprojectile.dbr,20.0,20.0,15.0,Physical|Life,,,60,,,
records/creatures/enemies/boss&quest/witch_janaxia.dbr,"Janaxia, the Betrayer",boss&quest,special1,records/skills/nonplayerskillsgdx1/bossskills/witch_commandoozenovaturret.dbr,Skill_AttackProjectileFan,100.0,11.0,7.0,LongRange,,,,,,,,,,,,Boss,DIRECT-REF,Stormcaller,,,heroine01_sword1h_skill_stormcaller_a01.anm,21,0.7,records/fx/skillsothergdx1/projectileboss/witch_chaosnova_fxprojectile.dbr,10.0,35.0,,Chaos|Life,,SlowTotalSpeed,60,,,
records/creatures/enemies/boss&quest/witch_janaxia.dbr,"Janaxia, the Betrayer",boss&quest,special2,records/skills/nonplayerskillsgdx1/bossskills/witch_necroticprojectilenova.dbr,Skill_AttackProjectileRing,100.0,8.0,2.0,MediumRange,,,,,,,,,,,,Short,DIRECT-REF,Nova,,,heroine01_unarmed_spell_nova_a01.anm,19,0.6333,records/fx/skillsothergdx1/projectileboss/necroticmissileboomerang_fxprojectile.dbr,14.0,40.0,,Physical|Life,,,60,,,
records/creatures/enemies/boss&quest/witch_janaxia.dbr,"Janaxia, the Betrayer",boss&quest,special3,records/skills/nonplayerskillsgdx1/bossskills/witch_goregeyser.dbr,Skill_AttackProjectileAreaEffect,100.0,6.0,3.0,AnyRange,,6.0,,,,,,,,,,Long,DIRECT-REF,Stormcaller,,,heroine01_sword1h_skill_stormcaller_a01.anm,21,0.7,records/fx/skillsother/projectile_aoe/fx_bloodspout_projectile01.dbr,,20.0,,Physical|Life,SlowBleeding,,60,,,
records/creatures/enemies/boss&quest/witch_janaxia.dbr,"Janaxia, the Betrayer",boss&quest,special4,records/skills/nonplayerskillsgdx1/bossskills/witch_summonwraiths.dbr,Skill_SpawnPet,100.0,22.0,8.0,LongRange,,,,False,,,,,,,,Boss,REF-UNSATISFIED-BY-TABLE,Summon,heroine01_sword1h_spellattack_b01.anm,0.6333,,,,,,,,,,,,,,
records/creatures/enemies/boss&quest/witch_janaxia.dbr,"Janaxia, the Betrayer",boss&quest,special5,records/skills/nonplayerskillsgdx1/bossskills/witch_vitalityzap.dbr,Skill_AttackSpellChaos,100.0,7.0,3.0,LongRange,,,,,,,,,,,,Maximum,NO-REF,,heroine01_sword1h_spellattack_b01.anm,0.6333,,,,,,,,Life,,SlowAttackSpeed,60,,,
records/creatures/enemies/boss&quest/witchgod_finalboss.dbr,The Sentinel,boss&quest,special1,records/skills/nonplayerskills/bossskills/witchgodguardian_sentinel_eldritchbreath.dbr,Skill_AttackWave,100.0,6.0,2.0,ShortRange,,,,,,,0.33000001311302185,13.0,,,,Short,DIRECT-REF,BreathEldritch,,,hero01_sword1h_skill_eldritchbreath_a01.anm,41,1.3667,,,,,Physical|Fire|Poison,,TotalDamageReductionPercent,60,,,
records/creatures/enemies/boss&quest/witchgod_finalboss.dbr,The Sentinel,boss&quest,special2,records/skills/nonplayerskills/bossskills/witchgodguardian_sentinel_earthring.dbr,Skill_AttackProjectileRing,100.0,6.0,5.0,MediumRange,,,,,,,,,,,,Long,DIRECT-REF,GroundStompEldritch,,,hero01_sword1h_attackspecial_groundstompfx_a01.anm,23,0.7667,records/fx/skillsdevotion/boar_trample_projectilefx01.dbr,12.0,18.0,,Physical,,Stun|SlowDamageMult,60,,,
records/creatures/enemies/boss&quest/witchgod_finalboss.dbr,The Sentinel,boss&quest,special3,records/skills/nonplayerskills/bossskills/witchgodguardian_sentinel_eldritchrain.dbr,Skill_BuffAttackRadiusDrop,100.0,10.0,7.0,AnyRange,,16.0,,,,,,,,,4.0,Maximum,DIRECT-REF,Devastation,,,hero01_sword1h_spell_aoe_a01.anm,21,0.7,records/fx/skillsother/projectile/firestorm_eldritch_projectilefx01.dbr,15.0,24.0,0.0,Physical|Fire|Poison,,Stun,60,15.0,,
records/creatures/enemies/boss&quest/witchgod_finalboss.dbr,The Sentinel,boss&quest,special4,records/skills/nonplayerskills/bossskills/witchgodguardian_sentinel_summonbeacon.dbr,Skill_SpawnPetMonster,100.0,15.0,10.0,AnyRange,,,,False,,,,,,,,Moderate,REF-UNSATISFIED-BY-TABLE,SummonEldritch,hero01_sword1h_spellattack_b01.anm,0.6333,,,,,,,,,,,,,,
records/creatures/enemies/boss&quest/witchgod_finalboss.dbr,The Sentinel,boss&quest,special5,records/skills/nonplayerskills/bossskills/witchgodguardian_sentinel_eldritchblast.dbr,Skill_AttackRadius,90.0,15.0,12.0,MediumRange,,,,,,,,,,,,,DIRECT-REF,EldritchBlast,,,hero01_sword1h_spell_eldritchblast_long_a01.anm,95,3.1667,,,,,Physical|Poison,SlowPoison,Convert,60,10.0,,
records/creatures/enemies/boss&quest/witchgod_finalboss.dbr,The Sentinel,boss&quest,dying,records/skills/nonplayerskills/bossskills/witchgodguardian_sentinel_deatheldritchblast.dbr,Skill_AttackRadius,,,,,,,,,,,,,,,,,NO-REF,,hero01_sword1h_spellattack_b01.anm,0.6333,,,,,,,,Poison,,,60,10.0,,
records/creatures/enemies/bounties/cu_bounty04.dbr,Vanoxxis Bile,bounties,basic,records/skills/nonplayerskillsgdx1/attackmelee/aetherialbloater_bite.dbr,Skill_WeaponPool_ChargedFinale,,,,,,,2.5,,,,,,,,,Melee,DIRECT-REF,Bite,,,aetherialbloater_bite_a01.anm,31,1.0333,,,,,Physical|Poison,SlowPoison,,60,,1,20.0
records/creatures/enemies/bounties/cu_bounty04.dbr,Vanoxxis Bile,bounties,special1,records/skills/nonplayerskillsgdx1/path/aetherialbloater_violentbarf.dbr,Skill_AttackProjectileBurst,100.0,7.0,3.0,MediumRange,,,,,,,,,,,,Moderate,DIRECT-REF,VomitBarrage,,,aetherialbloater_vomittriple_a01.anm,51,1.7,records/fx/skillsothergdx1/projectile/aetherialbloater_gorechunk_projectile.dbr,20.0,20.0,28.0,Physical|Poison,SlowPoison,Confusion,60,,,
records/creatures/enemies/bounties/cu_bounty04.dbr,Vanoxxis Bile,bounties,special2,records/skills/nonplayerskillsgdx1/path/aetherialbloater_barf.dbr,Skill_AttackWave,100.0,4.0,0.0,ShortRange,3.0,,,,,,0.5,5.0,2.0,,,Melee,DIRECT-REF,Vomit,,,aetherialbloater_vomit_a01.anm,51,1.7,,,,,Poison,SlowPoison,SlowDefensiveAbility,60,,,
records/creatures/enemies/bounties/cu_bounty04.dbr,Vanoxxis Bile,bounties,special3,records/skills/nonplayerskills/heroskills/gastris_poisonfumes.dbr,Skill_AttackProjectileAreaEffect,100.0,5.0,2.0,AnyRange,,,,,,,,,,,,Maximum,NO-REF,,aetherialbloater_roar_a01.anm,1.1667,,,,records/fx/skillsother/projectile_aoe/fx_poisoncloud_large_projectile01.dbr,,20.0,,,SlowPoison,,60,,,
records/creatures/enemies/bounties/cu_bounty04.dbr,Vanoxxis Bile,bounties,special4,records/skills/nonplayerskills/bossskills/ghoul_plagius_vemonplague.dbr,Skill_AttackBuff,100.0,12.0,2.0,AnyRange,,,,,,,,,,,,,NO-REF,,aetherialbloater_roar_a01.anm,1.1667,,,,,,,,,,,,,,
records/creatures/enemies/bounties/cu_bounty04.dbr,Vanoxxis Bile,bounties,initial,records/skills/nonplayerskillsgdx1/buffoffensive/aetherialbloater_chokingpresence.dbr,Skill_BuffRadiusToggled,,,,,,,,True,,,,,,,,,NO-REF,,aetherialbloater_roar_a01.anm,1.1667,,,,,,,,,,,,,,
records/creatures/enemies/bounties/cu_bounty07.dbr,Sllancar the Tainted,bounties,special1,records/skills/nonplayerskillsgdx1/attackradius/basilisk_tailswipe.dbr,Skill_AttackRadius,100.0,7.0,2.0,ShortRange,0.0,,,,,,,,,,,Melee,DIRECT-REF,TailLash,,,basilisk_attackspecial_a01.anm,44,1.4667,,,,,Physical,SlowPhysical,,60,3.799999952316284,,
records/creatures/enemies/bounties/cu_bounty07.dbr,Sllancar the Tainted,bounties,special2,records/skills/nonplayerskillsgdx1/path/basilisk_petrifyingglare.dbr,Skill_AttackWave,100.0,11.0,4.0,MediumRange,,,,,,,0.20000000298023224,6.0,,,,Melee,DIRECT-REF,Petrify,,,basilisk_petrifyingglare_a01.anm,45,1.5,,,,,,,Petrify|SlowTotalSpeed,60,,,
records/creatures/enemies/bounties/cu_bounty07.dbr,Sllancar the Tainted,bounties,special3,records/skills/nonplayerskillsgdx1/path/basilisk_acidbarf.dbr,Skill_AttackWave,100.0,5.0,3.0,ShortRange,,,,,,,0.5,4.0,,,,Melee,DIRECT-REF,BreathTriple,,,basilisk_breath_a01.anm,45,1.5,,,,,Poison,SlowPoison,,60,,,
records/creatures/enemies/bounties/cu_bounty07.dbr,Sllancar the Tainted,bounties,special4,records/skills/nonplayerskills/heroskills/archetypes/corrupted_aetherconflagration.dbr,Skill_AttackProjectileAreaEffect,100.0,4.0,1.0,LongRange,,6.0,,,,,,,,,,Short,NO-REF,,basilisk_castattack_a01.anm,1.1667,,,,records/fx/skillsother/aoe/aetherring_projectilefx01.dbr,,3.0,,Aether,,,60,,,
records/creatures/enemies/bounties/cu_bounty07.dbr,Sllancar the Tainted,bounties,special5,records/skills/nonplayerskills/bossskills/aldritch_orbitingflame.dbr,Skill_AttackProjectileOrbiting,100.0,6.0,3.0,MediumRange,,,,,,,,,,,,Long,REF-UNSATISFIED-BY-TABLE,Nova,basilisk_castattack_a01.anm,1.1667,,,,records/fx/skillsother/orbital/aldritch_flamespiral_projectileorbitalfx01.dbr,0.0,15.0,,Fire,SlowFire,,60,,,
records/creatures/enemies/bounties/cu_bounty07.dbr,Sllancar the Tainted,bounties,initial,records/skills/nonplayerskills/heroskills/archetypes/corrupted_aetheraura.dbr,Skill_BuffRadiusToggled,,,,,,,,True,,,,,,,,,NO-REF,,basilisk_castattack_a01.anm,1.1667,,,,,,,,,,,,,,
records/creatures/enemies/bounties/cu_bounty07.dbr,Sllancar the Tainted,bounties,dying,records/skills/nonplayerskills/heroskills/archetypes/corrupted_aetherconflagration.dbr,Skill_AttackProjectileAreaEffect,,,,,,6.0,,,,,,,,,,Short,NO-REF,,basilisk_castattack_a01.anm,1.1667,,,,records/fx/skillsother/aoe/aetherring_projectilefx01.dbr,,3.0,,Aether,,,60,,,
records/creatures/enemies/bounties/cu_bounty08.dbr,Chillpincer,bounties,special1,records/skills/nonplayerskillsgdx1/attackmelee/swampcrab_clawslam.dbr,Skill_AttackWeapon,70.0,5.0,1.0,ShortRange,,,,,,,,,,,,Melee,DIRECT-REF,Crush,,,crabmonstrosity_attack_d01.anm,21,0.7,,,,,Physical|Pierce,,,60,,1,20.0
records/creatures/enemies/bounties/cu_bounty08.dbr,Chillpincer,bounties,special2,records/skills/nonplayerskillsgdx1/attackmelee/swampcrab_waterspoutstrike.dbr,Skill_AttackWeapon,100.0,5.0,2.0,ShortRange,,,,,,,,,,,,Melee,DIRECT-REF,Spin,,,crabmonstrosity_attack_b01.anm,35,1.1667,,,,,Cold,,,60,,1,20.0
records/creatures/enemies/bounties/cu_bounty08.dbr,Chillpincer,bounties,special3,records/skills/nonplayerskillsgdx1/path/ghostcrab_waterbreath.dbr,Skill_AttackWave,100.0,4.0,2.0,ShortRange,,,,,,,0.5,3.5,,,,Melee,DIRECT-REF,BreathIce,,,crabmonstrosity_breathice_b01.anm,50,1.6667,,,,,Cold,SlowCold,,60,,,
records/creatures/enemies/bounties/cu_bounty08.dbr,Chillpincer,bounties,special4,records/skills/nonplayerskills/bossskills/ikrix_icenova.dbr,Skill_AttackRadius,100.0,6.0,2.0,ShortRange,,,,,,,,,0.0,,,Melee,NO-REF,,crabmonstrosity_attack_c01.anm,0.9,,,,,,,,Physical|Cold,,Freeze,60,5.0,,
records/creatures/enemies/bounties/cu_bounty08.dbr,Chillpincer,bounties,special5,records/skills/nonplayerskills/heroskills/chillbane_blizzard.dbr,Skill_BuffAttackRadiusDrop,100.0,9.0,3.0,AnyRange,,8.0,,,,,,,,,2.0,Maximum,NO-REF,,crabmonstrosity_attack_c01.anm,0.9,,,,records/fx/skillsother/projectile/blizzard_projectilefx.dbr,24.0,24.0,0.0,Physical|Cold,,SlowTotalSpeed,60,8.0,,
records/creatures/enemies/bounties/cu_bounty08.dbr,Chillpincer,bounties,initial,records/skills/nonplayerskills/heroskills/archetypes/frozen_icearmoraura.dbr,Skill_BuffRadiusToggled,,,,,,,,True,,,,,,,,,NO-REF,,crabmonstrosity_attack_c01.anm,0.9,,,,,,,,,,,,,,
records/creatures/enemies/bounties/cw_bounty04.dbr,Dar'Vagol the Mageclaw ~ Arcane,bounties,basic,records/skills/nonplayerskillsgdx1/attackmelee/chthonianrylok_brutalchaos.dbr,Skill_WeaponPool_ChargedFinale,,,,,,,2.5,,,,,,,,,Melee,DIRECT-REF,DoubleStrikeFire,,,chthonianrylok_attackspecial_b01_fire.anm,45,1.5,,,,,Physical|Fire|Chaos,,,60,,1,20.0
records/creatures/enemies/bounties/cw_bounty04.dbr,Dar'Vagol the Mageclaw ~ Arcane,bounties,special1,records/skills/nonplayerskillsgdx1/path/chthonianrylok_chaosclawswipes.dbr,Skill_AttackWave,100.0,9.0,5.0,ShortRange,,,,,,,0.75,4.0,,,,Moderate,REF-UNSATISFIED-BY-TABLE,GustNoFX,chthonianrylok_castattack_a01.anm,1.1667,,,,,,,,Pierce|Chaos,,,60,,,
records/creatures/enemies/bounties/cw_bounty04.dbr,Dar'Vagol the Mageclaw ~ Arcane,bounties,special2,records/skills/nonplayerskillsgdx1/attackmelee/chthonianrylok_wingclaws.dbr,Skill_AttackWeapon,100.0,4.0,2.0,ShortRange,,,,,,,,,,,,Melee,REF-UNSATISFIED-BY-TABLE,Impale,,,,,,,,,,Pierce|Chaos,SlowBleeding,,60,,1,20.0
records/creatures/enemies/bounties/cw_bounty04.dbr,Dar'Vagol the Mageclaw ~ Arcane,bounties,special3,records/skills/nonplayerskillsgdx1/attackprojectilering/chthonianrylok_chaoseruptiondouble.dbr,Skill_AttackProjectileRing,100.0,7.0,3.0,MediumRange,,,,,,,,,,,,Long,DIRECT-REF,RoarDouble,,,chthonianrylok_roardouble_a01.anm,43,1.4333,records/fx/skillsother/projectile/chthonic_fireball_projectile_burstfx01.dbr,16.0,18.0,,Physical|Fire|Chaos,,,60,,,
records/creatures/enemies/bounties/cw_bounty04.dbr,Dar'Vagol the Mageclaw ~ Arcane,bounties,special4,records/skills/nonplayerskillsgdx1/heroskills/archetypes/arcane_elementaltempest.dbr,Skill_AttackRadius,100.0,5.0,0.0,ShortRange,,,,,,,,,,,,Long,REF-UNSATISFIED-BY-TABLE,Nova,chthonianrylok_castattack_a01.anm,1.1667,,,,,,,,Elemental,,Petrify,60,5.5,,
records/creatures/enemies/bounties/cw_bounty04.dbr,Dar'Vagol the Mageclaw ~ Arcane,bounties,special5,records/skills/nonplayerskillsgdx1/heroskills/archetypes/arcane_elementalbolt.dbr,Skill_AttackProjectile,100.0,12.0,7.0,AnyRange,,,,,,,,,,,,Long,NO-REF,,chthonianrylok_castattack_a01.anm,1.1667,,,,records/fx/skillsothergdx1/projectile/elementaldispelbolt_fxprojectile.dbr,14.0,21.0,35.0,Elemental,SlowFire,,60,,,
records/creatures/enemies/bounties/cw_bounty04.dbr,Dar'Vagol the Mageclaw ~ Arcane,bounties,initial,records/skills/nonplayerskillsgdx1/heroskills/archetypes/arcane_elementalaura.dbr,Skill_BuffRadiusToggled,,,,,,,,True,,,,,,,,,NO-REF,,chthonianrylok_castattack_a01.anm,1.1667,,,,,,,,,,,,,,
records/creatures/enemies/bounties/cw_bounty04.dbr,Dar'Vagol the Mageclaw ~ Arcane,bounties,dying,records/skills/nonplayerskills/aoe/chthonicminion_chaosblast.dbr,Skill_AttackRadius,,,,,,,,,,,,,1.25,,,Melee,NO-REF,,chthonianrylok_castattack_a01.anm,1.1667,,,,,,,,Chaos,SlowLife,,60,9.0,,
records/creatures/enemies/bounties/cw_bounty09.dbr,Yoknar ~ Vampiric,bounties,special1,records/skills/nonplayerskillsgdx1/attackmelee/swampyeti_acidgore.dbr,Skill_AttackWeapon,100.0,5.0,2.0,ShortRange,,,,,,,,,,,,Melee,DIRECT-REF,Gore,,,yeti_attack_b01.anm,35,1.1667,,,,,Physical|Poison,SlowPoison,,60,,1,20.0
records/creatures/enemies/bounties/cw_bounty09.dbr,Yoknar ~ Vampiric,bounties,special2,records/skills/nonplayerskillsgdx1/attackprojectile/swampyeti_acidbreath.dbr,Skill_AttackProjectile,100.0,9.0,3.0,ShortRange,,,,,,,,,,,,Long,DIRECT-REF,BreathAcid,,,yeti_attackbreathfire_a01.anm,41,1.3667,records/fx/skillsother/projectile/acidbreath_large_projectilefx.dbr,18.0,14.0,,Poison,SlowPoison,,60,,,
records/creatures/enemies/bounties/cw_bounty09.dbr,Yoknar ~ Vampiric,bounties,special3,records/skills/nonplayerskillsgdx1/attackcharge/swampyeti_poisoncharge.dbr,Skill_AttackWeaponCharge,80.0,5.0,2.0,LongRange,,,,,,,,,0.25,,,Melee,NO-REF,,,,,,,,,,,Physical|Poison,SlowPoison,,60,,1,25.0
records/creatures/enemies/bounties/cw_bounty09.dbr,Yoknar ~ Vampiric,bounties,special4,records/skills/nonplayerskillsgdx1/attackradius/swampyeti_howl.dbr,Skill_AttackRadius,100.0,10.0,1.0,LongRange,,,,,,,,,,,,Short,DIRECT-REF,Roar,,,yeti_roar_a01.anm,41,1.3667,,,,,,,SlowTotalSpeed,,8.0,,
records/creatures/enemies/bounties/cw_bounty09.dbr,Yoknar ~ Vampiric,bounties,special5,records/skills/nonplayerskillsgdx1/heroskills/archetypes/vampiric_bloodlink.dbr,Skill_AttackBuff,100.0,9.0,2.0,MediumRange,,,,,,,,,,,,,NO-REF,,yeti_roar_a01.anm,1.3667,,,,,,,,,,,,,,
records/creatures/enemies/bounties/cw_bounty09.dbr,Yoknar ~ Vampiric,bounties,initial,records/skills/nonplayerskillsgdx1/heroskills/archetypes/vampiric_vampireaura.dbr,Skill_BuffRadiusToggled,,,,,,,,True,,,,,,,,,NO-REF,,yeti_roar_a01.anm,1.3667,,,,,,,,,,,,,,
records/creatures/enemies/bounties/odv_bounty07.dbr,Horvald Shieldbreaker,bounties,special1,records/skills/nonplayerskills/heroskills/mesmer_lightningorb.dbr,Skill_AttackProjectile,100.0,6.0,0.0,LongRange,,,,,,,,,1.0,,,Long,NO-REF,,hero01_sword1h_spellattack_b01.anm,0.6333,,,,records/fx/skillsother/projectile/lightningorblarge_fxprojectile.dbr,16.0,20.0,,Lightning,,,60,,,
records/creatures/enemies/bounties/odv_bounty07.dbr,Horvald Shieldbreaker,bounties,special2,records/skills/nonplayerskills/factionskills/zealot_lightningnova.dbr,Skill_AttackRadius,100.0,5.0,1.0,ShortRange,,,,,,,,,0.0,,,Melee,NO-REF,,hero01_sword1h_spellattack_b01.anm,0.6333,,,,,,,,Lightning,SlowLightning,SlowRunSpeed,60,4.5,,
records/creatures/enemies/bounties/odv_bounty07.dbr,Horvald Shieldbreaker,bounties,special3,records/skills/nonplayerskills/factionskills/zealot_ringoflightning.dbr,Skill_BuffAttackRadiusDuration,100.0,14.0,2.0,AnyRange,20.0,8.0,,,,,,,,,,Short,NO-REF,,hero01_sword1h_spellattack_b01.anm,0.6333,,,,,,,,Lightning,SlowLightning,,60,4.0,,
records/creatures/enemies/bounties/pm_bounty06.dbr,Stormtitan ~ Electrified,bounties,special1,records/skills/nonplayerskillsgdx1/attackcharge/aetherialcolossus_explosivecharge.dbr,Skill_AttackWeaponCharge,100.0,6.0,0.0,LongRange,,,,,True,records/fx/skillclass01/blitz1_warmuploop_fx01.dbr,,,0.25,,,Melee,DIRECT-REF,Charge,,,aetherialcolossus_charged_end_a01.anm,41,1.3667,,,,,Physical|Fire,,,60,,6,240.0
records/creatures/enemies/bounties/pm_bounty06.dbr,Stormtitan ~ Electrified,bounties,special2,records/skills/nonplayerskillsgdx1/attackprojectile/aetherialcolossus_aetherburst.dbr,Skill_AttackProjectileBurst,100.0,7.0,2.0,MediumRange,,,,,,,,,,,,Long,DIRECT-REF,CannonShot,,,aetherialcolossus_cannonshot_a01.anm,38,1.2667,records/fx/skillsother/itemskills/aethermissile_fxprojectileburstfast_large.dbr,25.0,20.0,,Fire|Aether,SlowFire,SlowDefensiveAbility,60,,,
records/creatures/enemies/bounties/pm_bounty06.dbr,Stormtitan ~ Electrified,bounties,special3,records/skills/nonplayerskillsgdx1/attackprojectilering/aetherialcolossus_burningnova.dbr,Skill_AttackProjectileRing,100.0,6.0,0.0,ShortRange,,,,,,,,,,,,Long,REF-UNSATISFIED-BY-TABLE,Nova,aetherialcolossus_attack_a01.anm,2.1667,,,,records/fx/skillsothergdx1/projectile/aetherialcolossus_flameburst_projectilefx01.dbr,8.0,15.0,,Physical|Fire|Aether,SlowFire,,60,,,
records/creatures/enemies/bounties/pm_bounty06.dbr,Stormtitan ~ Electrified,bounties,special4,records/skills/nonplayerskills/heroskills/archetypes/electrified_lightningnova.dbr,Skill_AttackProjectileRing,100.0,5.0,0.0,ShortRange,1.0,,,,,,,,,,,Long,REF-UNSATISFIED-BY-TABLE,Nova,aetherialcolossus_attack_a01.anm,2.1667,,,,records/fx/skillsother/projectile/lightningorbnova_fxprojectile.dbr,16.0,20.0,,Lightning,,,60,,,
records/creatures/enemies/bounties/pm_bounty06.dbr,Stormtitan ~ Electrified,bounties,special5,records/skills/nonplayerskills/heroskills/jaron_lightningbolt.dbr,Skill_AttackRadiusLightning,100.0,5.0,3.0,LongRange,,,,,,,,,0.5,,,Maximum,NO-REF,,aetherialcolossus_attack_a01.anm,2.1667,,,,,,,,Lightning,,Stun,60,2.0,,
records/creatures/enemies/bounties/pm_bounty06.dbr,Stormtitan ~ Electrified,bounties,initial,records/skills/nonplayerskills/heroskills/archetypes/electrified_bonus_lightningdmgaura.dbr,Skill_BuffRadiusToggled,,,,,,,,True,,,,,,,,,NO-REF,,aetherialcolossus_attack_a01.anm,2.1667,,,,,,,,,,,,,,
records/creatures/enemies/bounties/pm_bounty06.dbr,Stormtitan ~ Electrified,bounties,dying,records/skills/nonplayerskills/aoe/aetherexplosion1.dbr,Skill_AttackProjectileAreaEffect,,,,,,6.0,,,,,,,,,,Short,NO-REF,,aetherialcolossus_attack_a01.anm,2.1667,,,,records/fx/skillsother/aoe/aetherexplosion_projectilefx01.dbr,,3.0,,Aether,,,60,,,
records/creatures/enemies/bounties/ro_bounty11.dbr,Rixna Plaguefeather,bounties,special1,records/skills/nonplayerskills/heroskills/maledictus_poisonprojectilenova.dbr,Skill_AttackProjectileRing,100.0,8.0,0.0,MediumRange,,,,,,,,,,,,Short,NO-REF,,harpy_cast_attack_a01.anm,1.7,,,,records/fx/skillsother/projectile/spines_poisonground_projectilefx01.dbr,11.0,13.0,,,SlowPoison,SlowDefensiveAbility|SlowOffensiveAbility,60,,,
records/creatures/enemies/bounties/ro_bounty11.dbr,Rixna Plaguefeather,bounties,special2,records/skills/nonplayerskills/heroskills/gastris_poisonfumes.dbr,Skill_AttackProjectileAreaEffect,100.0,7.0,2.0,AnyRange,,,,,,,,,,,,Maximum,NO-REF,,harpy_cast_attack_a01.anm,1.7,,,,records/fx/skillsother/projectile_aoe/fx_poisoncloud_large_projectile01.dbr,,20.0,,,SlowPoison,,60,,,
records/creatures/enemies/bounties/ro_bounty11.dbr,Rixna Plaguefeather,bounties,special3,records/skills/nonplayerskills/heroskills/raglis_toxicweaponsaura.dbr,Skill_BuffRadiusToggled,100.0,180.0,1.0,AnyRange,,,,True,,,,,,,,,NO-REF,,harpy_cast_attack_a01.anm,1.7,,,,,,,,,,,,,,
records/creatures/enemies/bounties/ro_bounty11.dbr,Rixna Plaguefeather,bounties,initial,records/skills/nonplayerskills/heroskills/archetypes/diseased_diseasecloud.dbr,Skill_BuffAttackRadiusToggled,,,,,15.0,,,,,,,,,,,Short,NO-REF,,harpy_cast_attack_a01.anm,1.7,,,,,,,,,SlowPoison,,60,4.0,,
records/creatures/enemies/bounties/ro_bounty19.dbr,Grum ~ Diseased,bounties,basic,records/skills/nonplayerskills/heroskills/gastris_toxicspittle.dbr,Skill_AttackProjectileBurst,,,,,,,,,,,,,,,,Maximum,NO-REF,,golembone_phase01_throw_a01.anm,2.0333,,,,records/fx/skillsother/componentskills/poisonbomb_projectilefx02.dbr,30.0,18.0,18.0,Poison,SlowPoison,,60,,,
records/creatures/enemies/bounties/ro_bounty19.dbr,Grum ~ Diseased,bounties,special1,records/skills/nonplayerskills/buffoffensive/skeletalgolem_boneprison.dbr,Skill_AttackBuff,100.0,9.0,5.0,LongRange,,,,,,,,,,,,,NO-REF,,golembone_phase01_throw_a01.anm,2.0333,,,,,,,,,,,,,,
records/creatures/enemies/bounties/ro_bounty19.dbr,Grum ~ Diseased,bounties,special2,records/skills/nonplayerskills/path/skeletalgolem_doublestrike.dbr,Skill_AttackWave,100.0,7.0,4.0,ShortRange,,,,,,,0.20000000298023224,8.0,1.0,,,Moderate,DIRECT-REF,DoubleStrike,,,golembone_phase01_specialattack_a01.anm,81,2.7,,,,,Physical|Life,,,60,,,
records/creatures/enemies/bounties/ro_bounty19.dbr,Grum ~ Diseased,bounties,special3,records/skills/nonplayerskills/buffoffensive/skeletalgolem_torment.dbr,Skill_AttackBuffRadius,100.0,11.0,3.0,AnyRange,,,,,,,,,,,,,NO-REF,,golembone_phase01_throw_a01.anm,2.0333,,,,,,,,,,,,,,
records/creatures/enemies/bounties/ro_bounty19.dbr,Grum ~ Diseased,bounties,special4,records/skills/nonplayerskills/heroskills/archetypes/diseased_gascloud.dbr,Skill_AttackProjectileAreaEffect,100.0,12.0,2.0,LongRange,,10.0,,,,,,,,,,Long,NO-REF,,golembone_phase01_throw_a01.anm,2.0333,,,,records/fx/skillsother/projectile_aoe/fx_poisoncloud_projectile01.dbr,,20.0,,,SlowPoison,SlowOffensiveAbility,60,,,
records/creatures/enemies/bounties/ro_bounty19.dbr,Grum ~ Diseased,bounties,special5,records/skills/nonplayerskills/summoning/skeletalgolem_summonghosts01.dbr,Skill_SpawnPetMonster,100.0,12.0,8.0,AnyRange,,,,False,,,,,,,,Long,DIRECT-REF,Summon,,,golembone_phase01_selfbuff_a01.anm,31,1.0333,,,,,,,,,,,
records/creatures/enemies/bounties/ro_bounty19.dbr,Grum ~ Diseased,bounties,initial,records/skills/nonplayerskills/heroskills/archetypes/diseased_diseasecloud.dbr,Skill_BuffAttackRadiusToggled,,,,,15.0,,,,,,,,,,,Short,NO-REF,,golembone_phase01_throw_a01.anm,2.0333,,,,,,,,,SlowPoison,,60,4.0,,
records/creatures/enemies/devotion/aetherialcolossus_h04.dbr,Speldrakus ~ Arcane,devotion,special1,records/skills/nonplayerskillsgdx1/attackcharge/aetherialcolossus_explosivecharge.dbr,Skill_AttackWeaponCharge,100.0,6.0,0.0,LongRange,,,,,True,records/fx/skillclass01/blitz1_warmuploop_fx01.dbr,,,0.25,,,Melee,DIRECT-REF,Charge,,,aetherialcolossus_charged_end_a01.anm,41,1.3667,,,,,Physical|Fire,,,60,,6,240.0
records/creatures/enemies/devotion/aetherialcolossus_h04.dbr,Speldrakus ~ Arcane,devotion,special2,records/skills/nonplayerskillsgdx1/attackprojectile/aetherialcolossus_aetherburst.dbr,Skill_AttackProjectileBurst,100.0,9.0,2.0,MediumRange,,,,,,,,,,,,Long,DIRECT-REF,CannonShot,,,aetherialcolossus_cannonshot_a01.anm,38,1.2667,records/fx/skillsother/itemskills/aethermissile_fxprojectileburstfast_large.dbr,25.0,20.0,,Fire|Aether,SlowFire,SlowDefensiveAbility,60,,,
records/creatures/enemies/devotion/aetherialcolossus_h04.dbr,Speldrakus ~ Arcane,devotion,special3,records/skills/nonplayerskillsgdx1/attackprojectilering/aetherialcolossus_burningnova.dbr,Skill_AttackProjectileRing,100.0,6.0,0.0,ShortRange,,,,,,,,,,,,Long,REF-UNSATISFIED-BY-TABLE,Nova,aetherialcolossus_attack_a01.anm,2.1667,,,,records/fx/skillsothergdx1/projectile/aetherialcolossus_flameburst_projectilefx01.dbr,8.0,15.0,,Physical|Fire|Aether,SlowFire,,60,,,
records/creatures/enemies/devotion/aetherialcolossus_h04.dbr,Speldrakus ~ Arcane,devotion,special4,records/skills/nonplayerskillsgdx1/heroskills/archetypes/arcane_elementaltempest.dbr,Skill_AttackRadius,100.0,5.0,0.0,ShortRange,,,,,,,,,,,,Long,REF-UNSATISFIED-BY-TABLE,Nova,aetherialcolossus_attack_a01.anm,2.1667,,,,,,,,Elemental,,Petrify,60,5.5,,
records/creatures/enemies/devotion/aetherialcolossus_h04.dbr,Speldrakus ~ Arcane,devotion,special5,records/skills/nonplayerskills/bossskills/angela_devastation.dbr,Skill_BuffAttackRadiusDrop,100.0,12.0,4.0,AnyRange,,10.0,,,,,,,,,0.30000001192092896,Maximum,REF-UNSATISFIED-BY-TABLE,Devastation,aetherialcolossus_attack_a01.anm,2.1667,,,,records/fx/skillclass05/devastation2_projectilefx01.dbr,40.0,24.0,0.0,Physical|Aether,,,60,7.0,,
records/creatures/enemies/devotion/aetherialcolossus_h04.dbr,Speldrakus ~ Arcane,devotion,initial,records/skills/nonplayerskillsgdx1/heroskills/archetypes/arcane_elementalaura.dbr,Skill_BuffRadiusToggled,,,,,,,,True,,,,,,,,,NO-REF,,aetherialcolossus_attack_a01.anm,2.1667,,,,,,,,,,,,,,
records/creatures/enemies/devotion/aetherialcolossus_h04.dbr,Speldrakus ~ Arcane,devotion,dying,records/skills/nonplayerskills/aoe/aetherexplosion1.dbr,Skill_AttackProjectileAreaEffect,,,,,,6.0,,,,,,,,,,Short,NO-REF,,aetherialcolossus_attack_a01.anm,2.1667,,,,records/fx/skillsother/aoe/aetherexplosion_projectilefx01.dbr,,3.0,,Aether,,,60,,,
records/creatures/enemies/devotion/aetherialcorruption_h01.dbr,Chillian,devotion,basic,records/skills/nonplayerskillsgdx1/attackmelee/aetherialcorruption_icepincer.dbr,Skill_WeaponPool_ChargedFinale,,,,,,,2.5,,,,,,,,,Melee,DIRECT-REF,PincerCold,,,aetherialcorruption_attack_c01_cold.anm,46,1.5333,,,,,Physical|Cold,,,60,,1,20.0
records/creatures/enemies/devotion/aetherialcorruption_h01.dbr,Chillian,devotion,special1,records/skills/nonplayerskills/heroskills/chillbane_freezewave.dbr,Skill_AttackWave,100.0,9.0,2.0,ShortRange,,,,,,,1.7999999523162842,20.0,1.0,,,Long,NO-REF,,aetherialcorruption_attack_d01.anm,1.6333,,,,,,,,Cold,SlowCold,Freeze,60,,,
records/creatures/enemies/devotion/aetherialcorruption_h01.dbr,Chillian,devotion,special2,records/skills/nonplayerskills/bossskills/ellena_shatteringice.dbr,Skill_AttackProjectile,100.0,8.0,0.0,LongRange,,,,,,,,,0.5,,,Long,NO-REF,,aetherialcorruption_attack_d01.anm,1.6333,,,,records/fx/skillsother/projectile/icebolt_fxprojectile.dbr,15.0,20.0,25.0,Physical|Cold,,Freeze|TotalDamageReductionPercent,60,,,
records/creatures/enemies/devotion/aetherialcorruption_h01.dbr,Chillian,devotion,special3,records/skills/nonplayerskills/heroskills/chillbane_blizzard.dbr,Skill_BuffAttackRadiusDrop,100.0,8.0,2.0,AnyRange,,8.0,,,,,,,,,2.0,Maximum,NO-REF,,aetherialcorruption_attack_d01.anm,1.6333,,,,records/fx/skillsother/projectile/blizzard_projectilefx.dbr,24.0,24.0,0.0,Physical|Cold,,SlowTotalSpeed,60,8.0,,
records/creatures/enemies/devotion/aetherialcorruption_h01.dbr,Chillian,devotion,special4,records/skills/nonplayerskills/heroskills/archetypes/frozen_chillingsurge.dbr,Skill_AttackBuffRadius,100.0,10.0,2.0,ShortRange,,,,,,,,,,,,,NO-REF,,aetherialcorruption_attack_d01.anm,1.6333,,,,,,,,,,,,,,
records/creatures/enemies/devotion/aetherialcorruption_h01.dbr,Chillian,devotion,initial,records/skills/nonplayerskillsgdx1/buffattackradius/aetherialcorruption_rotskin.dbr,Skill_BuffAttackRadiusToggled,,,,,,,,False,,,,,,,,Short,NO-REF,,aetherialcorruption_attack_d01.anm,1.6333,,,,,,,,Aether,SlowPoison,,60,3.5,,
records/creatures/enemies/devotion/aetherialcorruption_h03.dbr,Peuglis ~ Diseased,devotion,basic,records/skills/nonplayerskillsgdx1/attackmelee/aetherialcorruption_poisonpincer.dbr,Skill_WeaponPool_ChargedFinale,,,,,,,2.5,,,,,,,,,Melee,DIRECT-REF,PincerPoison,,,aetherialcorruption_attack_c01_poison.anm,46,1.5333,,,,,Physical|Poison,SlowPoison,,60,,1,20.0
records/creatures/enemies/devotion/aetherialcorruption_h03.dbr,Peuglis ~ Diseased,devotion,special1,records/skills/nonplayerskillsgdx1/attackprojectilering/aetherialcorruption_poisonprojectilenova.dbr,Skill_AttackProjectileRing,100.0,8.0,2.0,MediumRange,2.0,,,,,,,,,,,Short,DIRECT-REF,RoarDouble,,,aetherialcorruption_roardouble_a01.anm,71,2.3667,records/fx/skillsother/projectile/waterpoisonorb_fxprojectile.dbr,14.0,18.0,,Physical|Poison,SlowPoison,,60,,,
records/creatures/enemies/devotion/aetherialcorruption_h03.dbr,Peuglis ~ Diseased,devotion,special2,records/skills/nonplayerskills/heroskills/archetypes/diseased_gascloud.dbr,Skill_AttackProjectileAreaEffect,100.0,4.0,0.0,AnyRange,,10.0,,,,,,,,,,Long,NO-REF,,aetherialcorruption_attack_d01.anm,1.6333,,,,records/fx/skillsother/projectile_aoe/fx_poisoncloud_projectile01.dbr,,20.0,,,SlowPoison,SlowOffensiveAbility,60,,,
records/creatures/enemies/devotion/aetherialcorruption_h03.dbr,Peuglis ~ Diseased,devotion,special3,records/skills/nonplayerskills/heroskills/maledictus_poisonprojectilenova.dbr,Skill_AttackProjectileRing,100.0,7.0,0.0,ShortRange,,,,,,,,,,,,Short,NO-REF,,aetherialcorruption_attack_d01.anm,1.6333,,,,records/fx/skillsother/projectile/spines_poisonground_projectilefx01.dbr,11.0,13.0,,,SlowPoison,SlowDefensiveAbility|SlowOffensiveAbility,60,,,
records/creatures/enemies/devotion/aetherialcorruption_h03.dbr,Peuglis ~ Diseased,devotion,initial,records/skills/nonplayerskillsgdx1/buffattackradius/aetherialcorruption_rotskin.dbr,Skill_BuffAttackRadiusToggled,,,,,,,,False,,,,,,,,Short,NO-REF,,aetherialcorruption_attack_d01.anm,1.6333,,,,,,,,Aether,SlowPoison,,60,3.5,,
records/creatures/enemies/devotion/aetherialcorruption_h04.dbr,Tirendal ~ Timewarped,devotion,basic,records/skills/nonplayerskillsgdx1/attackmelee/aetherialcorruption_aetherslam.dbr,Skill_WeaponPool_ChargedFinale,,,,,,,2.5,,,,,,,,,Melee,DIRECT-REF,Slam,,,aetherialcorruption_attack_a01.anm,46,1.5333,,,,,Physical|Aether,,,60,,1,20.0
records/creatures/enemies/devotion/aetherialcorruption_h04.dbr,Tirendal ~ Timewarped,devotion,special1,records/skills/nonplayerskillsgdx1/attackprojectilering/aetherialcorruption_poisonprojectilenova.dbr,Skill_AttackProjectileRing,100.0,8.0,2.0,MediumRange,2.0,,,,,,,,,,,Short,DIRECT-REF,RoarDouble,,,aetherialcorruption_roardouble_a01.anm,71,2.3667,records/fx/skillsother/projectile/waterpoisonorb_fxprojectile.dbr,14.0,18.0,,Physical|Poison,SlowPoison,,60,,,
records/creatures/enemies/devotion/aetherialcorruption_h04.dbr,Tirendal ~ Timewarped,devotion,special2,records/skills/nonplayerskillsgdx1/heroskills/archetypes/timewarped_petrifyingburst.dbr,Skill_AttackProjectileBurst,100.0,10.0,3.0,MediumRange,,,,,,,,,,,,Long,NO-REF,,aetherialcorruption_attack_d01.anm,1.6333,,,,records/fx/skillsother/projectile/nullifyenergy_fxprojectile_burst.dbr,14.0,16.0,,,,Petrify|SlowTotalSpeed,60,,,
records/creatures/enemies/devotion/aetherialcorruption_h04.dbr,Tirendal ~ Timewarped,devotion,special3,records/skills/nonplayerskillsgdx1/heroskills/archetypes/timewarped_decelerationaura.dbr,Skill_BuffRadiusToggled,100.0,240.0,1.0,AnyRange,,,,True,,,,,,,,,NO-REF,,aetherialcorruption_attack_d01.anm,1.6333,,,,,,,,,,,,,,
records/creatures/enemies/devotion/aetherialcorruption_h04.dbr,Tirendal ~ Timewarped,devotion,special4,records/skills/nonplayerskills/heroskills/nadra_shadowstrike.dbr,Skill_AttackWeaponBlink,100.0,5.0,1.0,LongRange,,,,,True,,,,,,,Long,REF-UNSATISFIED-BY-TABLE,ShadowStrike,,,,,,,,,,Pierce,,,60,,1,20.0
records/creatures/enemies/devotion/aetherialcorruption_h04.dbr,Tirendal ~ Timewarped,devotion,initial,records/skills/nonplayerskillsgdx1/heroskills/archetypes/timewarped_accelerationaura.dbr,Skill_BuffRadiusToggled,,,,,,,,True,,,,,,,,,NO-REF,,aetherialcorruption_attack_d01.anm,1.6333,,,,,,,,,,,,,,
records/creatures/enemies/devotion/chthonianherald_h04.dbr,Barl'Zoth ~ Thundering,devotion,basic,records/skills/nonplayerskillsgdx3/attackprojectile/chthonianherald_chaosblast.dbr,Skill_AttackProjectile,,,,,,,,,,,,,,,,Long,NO-REF,,chthonianherald_basicspell_a01.anm,1.1667,,,,records/fx/skillsothergdx3/projectile/chthonicorb_fxhomingprojectile.dbr,6.0,45.0,,Physical|Chaos,,,60,,,
records/creatures/enemies/devotion/chthonianherald_h04.dbr,Barl'Zoth ~ Thundering,devotion,special1,records/skills/nonplayerskillsgdx3/attackprojectile/chthonianherald_unleashchaoschannel.dbr,Skill_AttackProjectileFan,100.0,10.0,7.0,LongRange,,,,,,,,,,,,Moderate,DIRECT-REF,ChannelForward,,,chthonianherald_channelforwards_a01.anm,121,4.0333,records/fx/skillsothergdx3/projectile/chthonicorb_fxprojectile.dbr,16.0,18.0,,Chaos,,,60,,,
records/creatures/enemies/devotion/chthonianherald_h04.dbr,Barl'Zoth ~ Thundering,devotion,special2,records/skills/nonplayerskillsgdx3/attackcharge/chthonianherald_teleport.dbr,Skill_AttackRadiusTeleport,100.0,5.0,2.0,LongRange,,,,,True,,,16.0,,,,Long,DIRECT-REF,Teleport,,,chthonianherald_teleport_a01.anm,21,0.7,,,,,Chaos,,SlowDefensiveAbility|SlowOffensiveAbility,60,4.5,,
records/creatures/enemies/devotion/chthonianherald_h04.dbr,Barl'Zoth ~ Thundering,devotion,special3,records/skills/nonplayerskillsgdx3/heroskills/archetypes/thundering_summonlightningspike.dbr,Skill_TargetedSpawnPet,100.0,9.0,3.0,AnyRange,5.0,,,,,,,,,,,Boss,DIRECT-REF,Summon,,,chthonianherald_summonshort_a01.anm,21,0.7,,,,,,,,,,,
records/creatures/enemies/devotion/chthonianherald_h04.dbr,Barl'Zoth ~ Thundering,devotion,special4,records/skills/nonplayerskills/heroskills/elnarion_lightningburst.dbr,Skill_AttackProjectileBurst,100.0,6.0,3.0,MediumRange,,,,,,,,,,,,Maximum,NO-REF,,chthonianherald_basicspell_a01.anm,1.1667,,,,records/fx/skillsother/projectile/lightningorbnova_fxprojectile.dbr,16.0,20.0,,Lightning,,,60,,,
records/creatures/enemies/devotion/chthonianherald_h04.dbr,Barl'Zoth ~ Thundering,devotion,initial,records/skills/nonplayerskillsgdx3/buffoffensive/chthonianherald_nauseatingvoid.dbr,Skill_BuffRadiusToggled,,,,,,,,True,,,,,,,,,NO-REF,,chthonianherald_basicspell_a01.anm,1.1667,,,,,,,,,,,,,,
records/creatures/enemies/devotion/chthonianservitor_h01.dbr,Ishthu'Gal the Dreadblood,devotion,special1,records/skills/nonplayerskillsgdx1/attackmelee/chthonianservitor_impale.dbr,Skill_AttackWeapon,100.0,5.0,0.0,ShortRange,,,,,,,,,,,,Melee,DIRECT-REF,Impale,,,chthonianservitor_attack_c01.anm,37,1.2333,,,,,Pierce|Life,SlowBleeding,,60,,1,20.0
records/creatures/enemies/devotion/chthonianservitor_h01.dbr,Ishthu'Gal the Dreadblood,devotion,special2,records/skills/nonplayerskillsgdx1/attackprojectile/chthonianservitor_bleedspiral.dbr,Skill_AttackProjectileOrbiting,100.0,5.0,3.0,ShortRange,3.0,,,,,,,,,,,Long,NO-REF,,chthonianservitor_cast_a01.anm,1.4667,,,,records/fx/skillsothergdx1/orbital/bloodorb_projectileorbitalfx01.dbr,0.0,90.0,,Physical,SlowBleeding,,60,,,
records/creatures/enemies/devotion/chthonianservitor_h01.dbr,Ishthu'Gal the Dreadblood,devotion,special3,records/skills/nonplayerskills/heroskills/bolvaris_howlingwind.dbr,Skill_BuffAttackRadiusDuration,100.0,12.0,5.0,ShortRange,1.0,6.0,,,,,,,,,,Short,NO-REF,,chthonianservitor_cast_a01.anm,1.4667,,,,,,,,Cold,,SlowTotalSpeed,60,4.5,,
records/creatures/enemies/devotion/chthonianservitor_h01.dbr,Ishthu'Gal the Dreadblood,devotion,special4,records/skills/nonplayerskills/heroskills/charnarion_firestorm.dbr,Skill_AttackProjectileDrop,100.0,8.0,4.0,AnyRange,,,,,,,,,,,,Maximum,NO-REF,,chthonianservitor_cast_a01.anm,1.4667,,,,records/fx/skillsother/projectile/firestormmagma_projectilefx01.dbr,24.0,24.0,0.0,Physical|Fire,SlowFire,,60,8.0,,
records/creatures/enemies/devotion/chthonianservitor_h01.dbr,Ishthu'Gal the Dreadblood,devotion,special5,records/skills/nonplayerskills/heroskills/molbagdal_lightningnova.dbr,Skill_AttackRadius,100.0,5.0,0.0,ShortRange,,,,,,,,,,,,Short,NO-REF,,chthonianservitor_cast_a01.anm,1.4667,,,,,,,,Lightning,,,60,5.0,,
records/creatures/enemies/devotion/chthonianservitor_h01.dbr,Ishthu'Gal the Dreadblood,devotion,initial,records/skills/nonplayerskills/buff/dermapteran_hiveaura.dbr,Skill_BuffRadiusToggled,,,,,,,,False,,,,,,,,,NO-REF,,chthonianservitor_cast_a01.anm,1.4667,,,,,,,,,,,,,,
records/creatures/enemies/devotion/chthonianservitor_h02.dbr,Lank'Zuul the Torturer,devotion,special1,records/skills/nonplayerskillsgdx1/attackmelee/chthonianservitor_impale.dbr,Skill_AttackWeapon,100.0,5.0,0.0,ShortRange,,,,,,,,,,,,Melee,DIRECT-REF,Impale,,,chthonianservitor_attack_c01.anm,37,1.2333,,,,,Pierce|Life,SlowBleeding,,60,,1,20.0
records/creatures/enemies/devotion/chthonianservitor_h02.dbr,Lank'Zuul the Torturer,devotion,special2,records/skills/nonplayerskillsgdx1/attackprojectile/chthonianservitor_bleedspiral.dbr,Skill_AttackProjectileOrbiting,100.0,5.0,3.0,ShortRange,3.0,,,,,,,,,,,Long,NO-REF,,chthonianservitor_cast_a01.anm,1.4667,,,,records/fx/skillsothergdx1/orbital/bloodorb_projectileorbitalfx01.dbr,0.0,90.0,,Physical,SlowBleeding,,60,,,
records/creatures/enemies/devotion/chthonianservitor_h02.dbr,Lank'Zuul the Torturer,devotion,special3,records/skills/nonplayerskills/heroskills/baldim_chaoswave.dbr,Skill_AttackProjectileRing,100.0,4.0,0.0,ShortRange,,,,,,,,,,,,Long,NO-REF,,chthonianservitor_cast_a01.anm,1.4667,,,,records/fx/skillsother/projectile/chthonicenergy_fxprojectile.dbr,12.0,21.0,,Chaos,,,60,,,
records/creatures/enemies/devotion/chthonianservitor_h02.dbr,Lank'Zuul the Torturer,devotion,special4,records/skills/nonplayerskills/heroskills/aragonax_shadowstrike.dbr,Skill_AttackWeaponBlink,100.0,5.0,0.0,LongRange,,,,,True,,,,,,,Melee,NO-REF,,,,,,,,,,,Aether,,SlowRunSpeed,60,,1,20.0
records/creatures/enemies/devotion/chthonianservitor_h02.dbr,Lank'Zuul the Torturer,devotion,special5,records/skills/nonplayerskills/heroskills/crimsonbane_bloodspikes.dbr,Skill_AttackProjectileRing,100.0,6.0,2.0,MediumRange,1.0,,,,,,,,,,,Long,REF-UNSATISFIED-BY-TABLE,Nova,chthonianservitor_cast_a01.anm,1.4667,,,,records/fx/skillsother/projectile/bloodorb_fxprojectile.dbr,14.0,20.0,,Physical,SlowBleeding,,60,,,
records/creatures/enemies/devotion/chthonianservitor_h02.dbr,Lank'Zuul the Torturer,devotion,initial,records/skills/nonplayerskills/buff/dermapteran_hiveaura.dbr,Skill_BuffRadiusToggled,,,,,,,,False,,,,,,,,,NO-REF,,chthonianservitor_cast_a01.anm,1.4667,,,,,,,,,,,,,,
records/creatures/enemies/devotion/chthonianservitor_h02.dbr,Lank'Zuul the Torturer,devotion,dying,records/skills/nonplayerskills/aoe/chthonicminion_chaosblast.dbr,Skill_AttackRadius,,,,,,,,,,,,,1.25,,,Melee,NO-REF,,chthonianservitor_cast_a01.anm,1.4667,,,,,,,,Chaos,SlowLife,,60,9.0,,
records/creatures/enemies/devotion/chthonianservitor_h03.dbr,Ukog'Dal ~ Electrified,devotion,special1,records/skills/nonplayerskillsgdx1/attackmelee/chthonianservitor_impale.dbr,Skill_AttackWeapon,100.0,5.0,0.0,ShortRange,,,,,,,,,,,,Melee,DIRECT-REF,Impale,,,chthonianservitor_attack_c01.anm,37,1.2333,,,,,Pierce|Life,SlowBleeding,,60,,1,20.0
records/creatures/enemies/devotion/chthonianservitor_h03.dbr,Ukog'Dal ~ Electrified,devotion,special2,records/skills/nonplayerskillsgdx1/attackprojectile/chthonianservitor_bleedspiral.dbr,Skill_AttackProjectileOrbiting,100.0,5.0,3.0,ShortRange,3.0,,,,,,,,,,,Long,NO-REF,,chthonianservitor_cast_a01.anm,1.4667,,,,records/fx/skillsothergdx1/orbital/bloodorb_projectileorbitalfx01.dbr,0.0,90.0,,Physical,SlowBleeding,,60,,,
records/creatures/enemies/devotion/chthonianservitor_h03.dbr,Ukog'Dal ~ Electrified,devotion,special3,records/skills/nonplayerskills/heroskills/archetypes/electrified_lightningnova.dbr,Skill_AttackProjectileRing,100.0,5.0,0.0,MediumRange,1.0,,,,,,,,,,,Long,REF-UNSATISFIED-BY-TABLE,Nova,chthonianservitor_cast_a01.anm,1.4667,,,,records/fx/skillsother/projectile/lightningorbnova_fxprojectile.dbr,16.0,20.0,,Lightning,,,60,,,
records/creatures/enemies/devotion/chthonianservitor_h03.dbr,Ukog'Dal ~ Electrified,devotion,special4,records/skills/nonplayerskills/heroskills/jaron_lightningfield.dbr,Skill_BuffAttackRadiusDuration,100.0,6.0,3.0,AnyRange,,5.0,,,,,,,,,,Short,NO-REF,,chthonianservitor_cast_a01.anm,1.4667,,,,,,,,Lightning,,,60,2.5,,
records/creatures/enemies/devotion/chthonianservitor_h03.dbr,Ukog'Dal ~ Electrified,devotion,initial,records/skills/nonplayerskills/heroskills/archetypes/electrified_bonus_lightningdmgaura.dbr,Skill_BuffRadiusToggled,,,,,,,,True,,,,,,,,,NO-REF,,chthonianservitor_cast_a01.anm,1.4667,,,,,,,,,,,,,,
records/creatures/enemies/devotion/chthonianservitor_h03.dbr,Ukog'Dal ~ Electrified,devotion,dying,records/skills/nonplayerskills/heroskills/archetypes/electrified_lightningnova.dbr,Skill_AttackProjectileRing,,,,,1.0,,,,,,,,,,,Long,REF-UNSATISFIED-BY-TABLE,Nova,chthonianservitor_cast_a01.anm,1.4667,,,,records/fx/skillsother/projectile/lightningorbnova_fxprojectile.dbr,16.0,20.0,,Lightning,,,60,,,
records/creatures/enemies/devotion/dranghoul_h02.dbr,Fariim ~ Bramble,devotion,basic,records/skills/nonplayerskillsgdx3/attackmelee/dranghoul_frenzy.dbr,Skill_WeaponPool_ChargedLinear,,,,,0.0,,3.0,,,,,,,,,Melee,NO-REF,,,,,,,,,,,,,,6,,,
records/creatures/enemies/devotion/dranghoul_h02.dbr,Fariim ~ Bramble,devotion,special1,records/skills/nonplayerskillsgdx3/attackmelee/dranghoul_butcher.dbr,,100.0,4.0,1.0,ShortRange,,,,,,,,,,,,,NO-REF,,dranghoul_01_attack_cast_a.anm,0.8667,,,,,,,,,,,,,,
records/creatures/enemies/devotion/dranghoul_h02.dbr,Fariim ~ Bramble,devotion,special2,records/skills/nonplayerskillsgdx3/heroskills/archetypes/bramble_summonbrambletrap.dbr,Skill_TargetedSpawnPet,100.0,7.0,2.0,AnyRange,5.0,,,,,,,,,,,Boss,REF-UNSATISFIED-BY-TABLE,Summon,dranghoul_01_attack_cast_a.anm,0.8667,,,,,,,,,,,,,,
records/creatures/enemies/devotion/dranghoul_h02.dbr,Fariim ~ Bramble,devotion,special3,records/skills/nonplayerskills/heroskills/gastris_poisonfumes.dbr,Skill_AttackProjectileAreaEffect,100.0,6.0,3.0,AnyRange,,,,,,,,,,,,Maximum,NO-REF,,dranghoul_01_attack_cast_a.anm,0.8667,,,,records/fx/skillsother/projectile_aoe/fx_poisoncloud_large_projectile01.dbr,,20.0,,,SlowPoison,,60,,,
records/creatures/enemies/devotion/fleshhulk_h03.dbr,Kollus ~ Burning,devotion,special1,records/skills/nonplayerskills/path/fleshhulk_aethersmash.dbr,Skill_AttackWave,100.0,10.0,3.0,MediumRange,,,,,,,0.6499999761581421,15.0,0.30000001192092896,,,Moderate,DIRECT-REF,Special01,,,fleshhulk_unarmed_attackspecial_a01.anm,121,4.0333,,,,,Physical|Aether,,Stun|SlowTotalSpeed,60,,,
records/creatures/enemies/devotion/fleshhulk_h03.dbr,Kollus ~ Burning,devotion,special2,records/skills/nonplayerskills/attackradius/fleshhulk_aetherstomp.dbr,Skill_AttackRadius,100.0,6.0,0.0,MediumRange,,,,,,,,,0.5,,,Short,DIRECT-REF,Special01,,,fleshhulk_unarmed_attackspecial_a01.anm,121,4.0333,,,,,Physical|Aether,,,60,9.0,,
records/creatures/enemies/devotion/fleshhulk_h03.dbr,Kollus ~ Burning,devotion,special3,records/skills/nonplayerskills/attackcharge/fleshhulk_charge.dbr,Skill_AttackWeaponCharge,75.0,5.0,0.0,LongRange,,,,,True,records/fx/skillclass01/blitz1_warmuploop_fx01.dbr,,,0.25,,,Melee,DIRECT-REF,Charge,,,fleshhulk_unarmed_charge_end.anm,41,1.3667,,,,,Physical|Aether,,,60,,6,90.0
records/creatures/enemies/devotion/fleshhulk_h03.dbr,Kollus ~ Burning,devotion,special4,records/skills/nonplayerskills/heroskills/archetypes/burning_ringofflame.dbr,Skill_BuffAttackRadiusDuration,100.0,10.0,2.0,ShortRange,12.0,6.0,,,,,,,,,,Long,NO-REF,,fleshhulk_unarmed_attack_a01.anm,2.1667,,,,,,,,Fire,SlowFire,SlowDefensiveAbility,60,3.75,,
records/creatures/enemies/devotion/fleshhulk_h03.dbr,Kollus ~ Burning,devotion,dying,records/skills/nonplayerskills/aoe/aetherexplosion1.dbr,Skill_AttackProjectileAreaEffect,,,,,,6.0,,,,,,,,,,Short,NO-REF,,fleshhulk_unarmed_attack_a01.anm,2.1667,,,,records/fx/skillsother/aoe/aetherexplosion_projectilefx01.dbr,,3.0,,Aether,,,60,,,
records/creatures/enemies/devotion/ghost_h01.dbr,Odellia Lanos,devotion,basic,records/skills/nonplayerskills/attackmelee/ghost_cadence.dbr,Skill_WeaponPool_ChargedFinale,,,,,,,10.0,,,,,,0.10000000149011612,,,Short,DIRECT-REF,Cadence,,,heroine01_sword2h_skill_cadence_a01.anm,25,0.8333,,,,,Physical|Cold,,,60,,1,20.0
records/creatures/enemies/devotion/ghost_h01.dbr,Odellia Lanos,devotion,special1,records/skills/nonplayerskills/bossskills/ellena_shatteringice_weaker.dbr,Skill_AttackProjectile,100.0,10.0,2.0,LongRange,,,,,,,,,0.5,,,Long,NO-REF,,heroine01_sword1h_spellattack_b01.anm,0.6333,,,,records/fx/skillsother/projectile/icebolt_fxprojectile.dbr,15.0,20.0,25.0,Physical|Cold,,Freeze|TotalDamageReductionPercent,60,,,
records/creatures/enemies/devotion/ghost_h01.dbr,Odellia Lanos,devotion,special2,records/skills/nonplayerskills/attackmelee/ghost_bladearc.dbr,Skill_AttackWeapon,100.0,8.0,3.0,ShortRange,,,,,,,,,,,,Melee,DIRECT-REF,AttackSweep,,,heroine01_sword1h_skill_arcattack01.anm,29,0.9667,,,,,Physical|Cold,,,60,,5,200.0
records/creatures/enemies/devotion/ghost_h01.dbr,Odellia Lanos,devotion,special3,records/skills/nonplayerskills/bossskills/oligarch_firestorm.dbr,Skill_AttackProjectileDrop,100.0,8.0,4.0,AnyRange,,,,,,,,,,,,Maximum,NO-REF,,heroine01_sword1h_spellattack_b01.anm,0.6333,,,,records/fx/skillsother/projectile/firestorm_ghostly_projectilefx01.dbr,8.0,24.0,45.0,Physical|Fire|Cold,,,60,8.0,,
records/creatures/enemies/devotion/ghost_h01.dbr,Odellia Lanos,devotion,special4,records/skills/nonplayerskills/bossskills/oligarch_ringofflame.dbr,Skill_BuffAttackRadiusDuration,100.0,15.0,4.0,ShortRange,12.0,5.0,,,,,,,,,,Short,NO-REF,,heroine01_sword1h_spellattack_b01.anm,0.6333,,,,,,,,Fire|Cold,SlowCold,,60,3.5,,
records/creatures/enemies/devotion/ghost_h01.dbr,Odellia Lanos,devotion,special5,records/skills/nonplayerskills/heroskills/elnarion_lightningvolley.dbr,Skill_AttackProjectileRing,100.0,6.0,2.0,MediumRange,,,,,,,,,,,,Long,NO-REF,,heroine01_sword1h_spellattack_b01.anm,0.6333,,,,records/fx/skillsother/projectile/lightningorbnova_fxprojectile.dbr,16.0,20.0,,Lightning,,,60,,,
records/creatures/enemies/devotion/ghost_h02.dbr,Marden Thal ~ Burning,devotion,special1,records/skills/nonplayerskills/attackmelee/ghost_bladearc.dbr,Skill_AttackWeapon,100.0,9.0,3.0,ShortRange,,,,,,,,,,,,Melee,DIRECT-REF,AttackSweep,,,hero01_sword1h_skill_arcattack01.anm,29,0.9667,,,,,Physical|Cold,,,60,,5,200.0
records/creatures/enemies/devotion/ghost_h02.dbr,Marden Thal ~ Burning,devotion,special2,records/skills/nonplayerskills/bossskills/oligarch_ringofflame.dbr,Skill_BuffAttackRadiusDuration,100.0,12.0,2.0,ShortRange,12.0,5.0,,,,,,,,,,Short,NO-REF,,hero01_sword1h_spellattack_b01.anm,0.6333,,,,,,,,Fire|Cold,SlowCold,,60,3.5,,
records/creatures/enemies/devotion/ghost_h02.dbr,Marden Thal ~ Burning,devotion,special3,records/skills/nonplayerskills/attackmelee/ghost_shadowstrike.dbr,Skill_AttackWeaponBlink,100.0,5.0,2.0,LongRange,,,,,True,,,,,,,Moderate,DIRECT-REF,ShadowStrike,,,hero01_sword2h_skill_jumpattack02.anm,21,0.7,,,,,Cold,,,60,,1,20.0
records/creatures/enemies/devotion/ghost_h02.dbr,Marden Thal ~ Burning,devotion,initial,records/skills/nonplayerskills/heroskills/aetherblaze_aethersoul.dbr,Skill_BuffRadiusToggled,,,,,,,,True,,,,,,,,,NO-REF,,hero01_sword1h_spellattack_b01.anm,0.6333,,,,,,,,,,,,,,
records/creatures/enemies/devotion/rhino_h02.dbr,Starhorn ~ Celestial,devotion,special1,records/skills/nonplayerskillsgdx3/attackmelee/rhino_gore.dbr,Skill_AttackWeapon,100.0,3.0,1.0,ShortRange,,,,,,,,,,,,Melee,DIRECT-REF,Gore,,,woollyrhino_gore_a01.anm,47,1.5667,,,,,Physical|Pierce,SlowBleeding,,60,,1,25.0
records/creatures/enemies/devotion/rhino_h02.dbr,Starhorn ~ Celestial,devotion,special2,records/skills/nonplayerskillsgdx3/heroskills/archetypes/shattered_celestialinversenova.dbr,Skill_AttackProjectileRing,100.0,9.0,3.0,MediumRange,,,,,,,,,,,,Long,NO-REF,,woollyrhino_roar_a01.anm,1.3667,,,,records/fx/skillsothergdx2/projectileboss/celestialinverse_fxprojectile.dbr,7.0,,,Physical|Cold,,,60,,,
records/creatures/enemies/devotion/rhino_h02.dbr,Starhorn ~ Celestial,devotion,special3,records/skills/nonplayerskillsgdx3/heroskills/archetypes/shattered_fallenstar.dbr,Skill_BuffAttackRadiusDrop,100.0,6.0,2.0,AnyRange,,,,,,,,,,,2.0,Maximum,DIRECT-REF,Roar,,,woollyrhino_roar_a01.anm,41,1.3667,records/fx/skillsothergdx2/projectile/cometcelestial_projectilefx01.dbr,16.0,24.0,0.0,Physical|Cold,,Stun,60,12.0,,
records/creatures/enemies/devotion/rhino_h02.dbr,Starhorn ~ Celestial,devotion,special4,records/skills/nonplayerskills/heroskills/ordarion_chaosblink.dbr,Skill_AttackWeaponBlink,100.0,5.0,2.0,LongRange,,,,,True,,,,,,,Melee,NO-REF,,,,,,,,,,,Chaos,,SlowTotalSpeed,60,,1,20.0
records/creatures/enemies/devotion/skeleton_h06.dbr,Rimelord ~ Frozen,devotion,special1,records/skills/nonplayerskills/heroskills/igrixx_chillingfront.dbr,Skill_AttackWave,100.0,8.0,2.0,MediumRange,,,,,,,1.75,15.0,1.0,,,Moderate,NO-REF,,skeleton_01a_attack_a.anm,1.3667,,,,,,,,Cold,,SlowRunSpeed,60,,,
records/creatures/enemies/devotion/skeleton_h06.dbr,Rimelord ~ Frozen,devotion,special2,records/skills/nonplayerskills/attackmelee/melee_bleeding+33%life.dbr,Skill_AttackWeapon,50.0,6.0,3.0,ShortRange,,,,,,,,,,,,Melee,NO-REF,,,,,,,,,,,Physical,SlowBleeding,,60,,3,200.0
records/creatures/enemies/devotion/skeleton_h06.dbr,Rimelord ~ Frozen,devotion,special3,records/skills/nonplayerskills/bossskills/ellena_shatteringice_weaker.dbr,Skill_AttackProjectile,100.0,8.0,2.0,LongRange,,,,,,,,,0.5,,,Long,NO-REF,,skeleton_01a_attack_a.anm,1.3667,,,,records/fx/skillsother/projectile/icebolt_fxprojectile.dbr,15.0,20.0,25.0,Physical|Cold,,Freeze|TotalDamageReductionPercent,60,,,
records/creatures/enemies/devotion/skeleton_h06.dbr,Rimelord ~ Frozen,devotion,special4,records/skills/nonplayerskills/heroskills/igrixx_frigidring.dbr,Skill_AttackProjectileRing,100.0,10.0,3.0,MediumRange,,,,,,,,,,,,Long,NO-REF,,skeleton_01a_attack_a.anm,1.3667,,,,records/fx/skillsother/projectile/icebolt_nova_fxprojectile.dbr,14.0,12.0,,Cold,,Freeze,60,,,
records/creatures/enemies/devotion/skeleton_h06.dbr,Rimelord ~ Frozen,devotion,initial,records/skills/nonplayerskills/heroskills/archetypes/frozen_icearmoraura.dbr,Skill_BuffRadiusToggled,,,,,,,,True,,,,,,,,,NO-REF,,skeleton_01a_attack_a.anm,1.3667,,,,,,,,,,,,,,
records/creatures/enemies/devotion/skeleton_h08.dbr,Alladon the Flamewatcher,devotion,basic,records/skills/nonplayerskills/attackprojectilering/skeleton_fireballnova.dbr,Skill_AttackProjectileRing,,,,,,,,,,,,,,,,Long,DIRECT-REF,CastSlow,,,skeleton_01a_special_slow.anm,61,2.0333,records/fx/skillsother/projectile/groble_fireball_projectile_burstfx01.dbr,12.0,16.0,,Physical|Fire,SlowFire,,60,,,
records/creatures/enemies/devotion/skeleton_h08.dbr,Alladon the Flamewatcher,devotion,special1,records/skills/nonplayerskills/heroskills/aetherblaze_voidfire.dbr,Skill_AttackProjectileAreaEffect,100.0,5.0,2.0,AnyRange,,8.0,,,,,,,,,,Long,NO-REF,,skeleton_01a_attack_a.anm,1.3667,,,,records/fx/skillsother/aoe/firefieldlarge_projectilefx01.dbr,,8.0,,Fire,SlowFire,,60,,,
records/creatures/enemies/devotion/skeleton_h08.dbr,Alladon the Flamewatcher,devotion,special2,records/skills/nonplayerskills/heroskills/harpallax_sunspot.dbr,Skill_AttackProjectileAreaEffect,100.0,6.0,3.0,MediumRange,,1.0,,,,,,,,,,Long,DIRECT-REF,CastSlow,,,skeleton_01a_special_slow.anm,61,2.0333,records/fx/skillsother/projectile_aoe/fx_sunspot_projectile01.dbr,,20.0,,Fire,,,60,,,
records/creatures/enemies/devotion/skeleton_h08.dbr,Alladon the Flamewatcher,devotion,special3,records/skills/nonplayerskills/bossskills/salazar_curse1.dbr,Skill_AttackBuffRadius,100.0,12.0,4.0,AnyRange,,,,,,,,,,,,,NO-REF,,skeleton_01a_attack_a.anm,1.3667,,,,,,,,,,,,,,
records/creatures/enemies/devotion/skeleton_h08.dbr,Alladon the Flamewatcher,devotion,special4,records/skills/nonplayerskills/heroskills/charnarion_firestorm.dbr,Skill_AttackProjectileDrop,100.0,6.0,3.0,LongRange,,,,,,,,,,,,Maximum,NO-REF,,skeleton_01a_attack_a.anm,1.3667,,,,records/fx/skillsother/projectile/firestormmagma_projectilefx01.dbr,24.0,24.0,0.0,Physical|Fire,SlowFire,,60,8.0,,
records/creatures/enemies/devotion/skeleton_h08.dbr,Alladon the Flamewatcher,devotion,initial,records/skills/nonplayerskills/bossskills/zarthuzellan_furyaura.dbr,Skill_BuffRadiusToggled,,,,,,,,True,,,,,,,,,NO-REF,,skeleton_01a_attack_a.anm,1.3667,,,,,,,,,,,,,,
records/creatures/enemies/devotion/skeleton_h09.dbr,Elagorian Darkmarrow,devotion,basic,records/skills/nonplayerskills/attackprojectile/skeleton_undeathmissiles.dbr,Skill_AttackProjectileBurst,,,,,,,,,,,,,,,,Long,NO-REF,,skeleton_01a_attack_a.anm,1.3667,,,,records/fx/skillclass03/chaosbolt_fxprojectile.dbr,40.0,18.0,36.0,Life,,,60,,,
records/creatures/enemies/devotion/skeleton_h09.dbr,Elagorian Darkmarrow,devotion,special1,records/skills/nonplayerskills/summoning/skeletonrevenant_summonknight01.dbr,Skill_SpawnPetMonster,100.0,6.0,3.0,AnyRange,,,,False,,,,,,,,Long,REF-UNSATISFIED-BY-TABLE,Summon,skeleton_01a_attack_a.anm,1.3667,,,,,,,,,,,,,,
records/creatures/enemies/devotion/skeleton_h09.dbr,Elagorian Darkmarrow,devotion,special2,records/skills/nonplayerskills/aoe/chthonicminion_novalifedrain01.dbr,Skill_AttackRadius,75.0,10.0,4.0,ShortRange,,,,,,,,,0.0,,,Melee,NO-REF,,skeleton_01a_attack_a.anm,1.3667,,,,,,,,Life,SlowLifeLeach,,60,4.0,,
records/creatures/enemies/devotion/skeleton_h09.dbr,Elagorian Darkmarrow,devotion,special3,records/skills/nonplayerskills/heroskills/wenkazul_chaoswave.dbr,Skill_AttackWave,100.0,7.0,2.0,MediumRange,,,,,,,2.200000047683716,12.0,1.0,,,Long,REF-UNSATISFIED-BY-TABLE,Slam,skeleton_01a_attack_a.anm,1.3667,,,,,,,,Chaos,,,60,,,
records/creatures/enemies/devotion/skeleton_h09.dbr,Elagorian Darkmarrow,devotion,initial,records/skills/nonplayerskills/buff/skeleton_undeathaura1.dbr,Skill_BuffRadiusToggled,,,,,,,,True,,,,,,,,,NO-REF,,skeleton_01a_attack_a.anm,1.3667,,,,,,,,,,,,,,
records/creatures/enemies/hero/aetherialcorruption_h01.dbr,Challdrus the Coldheart,hero,basic,records/skills/nonplayerskillsgdx1/attackmelee/aetherialcorruption_icepincer.dbr,Skill_WeaponPool_ChargedFinale,,,,,,,2.5,,,,,,,,,Melee,DIRECT-REF,PincerCold,,,aetherialcorruption_attack_c01_cold.anm,46,1.5333,,,,,Physical|Cold,,,60,,1,20.0
records/creatures/enemies/hero/aetherialcorruption_h01.dbr,Challdrus the Coldheart,hero,special1,records/skills/nonplayerskills/heroskills/chillbane_freezewave.dbr,Skill_AttackWave,100.0,9.0,2.0,ShortRange,,,,,,,1.7999999523162842,20.0,1.0,,,Long,NO-REF,,aetherialcorruption_attack_d01.anm,1.6333,,,,,,,,Cold,SlowCold,Freeze,60,,,
records/creatures/enemies/hero/aetherialcorruption_h01.dbr,Challdrus the Coldheart,hero,special2,records/skills/nonplayerskills/bossskills/ellena_shatteringice.dbr,Skill_AttackProjectile,100.0,8.0,0.0,LongRange,,,,,,,,,0.5,,,Long,NO-REF,,aetherialcorruption_attack_d01.anm,1.6333,,,,records/fx/skillsother/projectile/icebolt_fxprojectile.dbr,15.0,20.0,25.0,Physical|Cold,,Freeze|TotalDamageReductionPercent,60,,,
records/creatures/enemies/hero/aetherialcorruption_h01.dbr,Challdrus the Coldheart,hero,special3,records/skills/nonplayerskills/heroskills/chillbane_blizzard.dbr,Skill_BuffAttackRadiusDrop,100.0,8.0,2.0,AnyRange,,8.0,,,,,,,,,2.0,Maximum,NO-REF,,aetherialcorruption_attack_d01.anm,1.6333,,,,records/fx/skillsother/projectile/blizzard_projectilefx.dbr,24.0,24.0,0.0,Physical|Cold,,SlowTotalSpeed,60,8.0,,
records/creatures/enemies/hero/aetherialcorruption_h01.dbr,Challdrus the Coldheart,hero,initial,records/skills/nonplayerskillsgdx1/buffattackradius/aetherialcorruption_rotskin.dbr,Skill_BuffAttackRadiusToggled,,,,,,,,False,,,,,,,,Short,NO-REF,,aetherialcorruption_attack_d01.anm,1.6333,,,,,,,,Aether,SlowPoison,,60,3.5,,
records/creatures/enemies/hero/aetherialimp_h02.dbr,Phanolg the Iceborn,hero,special1,records/skills/nonplayerskillsgdx1/attackmelee/aetherialimp_aetherfirestrike.dbr,Skill_AttackWeapon,100.0,4.0,0.0,ShortRange,,,,,,,,,,,,Melee,DIRECT-REF,Slam,,,aetherialimp_attack_b01_special.anm,27,0.9,,,,,Physical|Aether,,,60,,1,20.0
records/creatures/enemies/hero/aetherialimp_h02.dbr,Phanolg the Iceborn,hero,special2,records/skills/nonplayerskills/heroskills/igrixx_frigidring.dbr,Skill_AttackProjectileRing,100.0,9.0,2.0,MediumRange,,,,,,,,,,,,Long,NO-REF,,aetherialimp_attack_b01.anm,0.9,,,,records/fx/skillsother/projectile/icebolt_nova_fxprojectile.dbr,14.0,12.0,,Cold,,Freeze,60,,,
records/creatures/enemies/hero/aetherialimp_h02.dbr,Phanolg the Iceborn,hero,special3,records/skills/nonplayerskills/heroskills/bolvaris_howlingwind.dbr,Skill_BuffAttackRadiusDuration,100.0,12.0,4.0,ShortRange,1.0,6.0,,,,,,,,,,Short,NO-REF,,aetherialimp_attack_b01.anm,0.9,,,,,,,,Cold,,SlowTotalSpeed,60,4.5,,
records/creatures/enemies/hero/aetherialimp_h02.dbr,Phanolg the Iceborn,hero,special4,records/skills/nonplayerskills/heroskills/bolvaris_glacialcharge.dbr,Skill_AttackWeaponCharge,100.0,4.0,1.0,LongRange,,,,,,,,,0.25,,,Melee,NO-REF,,,,,,,,,,,Cold,,,60,,1,25.0
records/creatures/enemies/hero/aetherialimp_h02.dbr,Phanolg the Iceborn,hero,dying,records/skills/nonplayerskillsgdx1/attackradius/aetherialimp_aethereruption.dbr,Skill_AttackRadius,,,,,,,,,,,,,0.0,,,Melee,NO-REF,,aetherialimp_attack_b01.anm,0.9,,,,,,,,Physical|Aether,,SlowOffensiveAbility,60,2.5,,
records/creatures/enemies/hero/aetherialimp_h03.dbr,Wourble ~ Reflective,hero,special1,records/skills/nonplayerskillsgdx1/attackmelee/aetherialimp_aetherfirestrike.dbr,Skill_AttackWeapon,100.0,4.0,0.0,ShortRange,,,,,,,,,,,,Melee,DIRECT-REF,Slam,,,aetherialimp_attack_b01_special.anm,27,0.9,,,,,Physical|Aether,,,60,,1,20.0
records/creatures/enemies/hero/aetherialimp_h03.dbr,Wourble ~ Reflective,hero,dying,records/skills/nonplayerskillsgdx1/attackradius/aetherialimp_aethereruption.dbr,Skill_AttackRadius,,,,,,,,,,,,,0.0,,,Melee,NO-REF,,aetherialimp_attack_b01.anm,0.9,,,,,,,,Physical|Aether,,SlowOffensiveAbility,60,2.5,,
records/creatures/enemies/hero/aetherialimp_h04.dbr,Ghalbar ~ Regenerator,hero,special1,records/skills/nonplayerskillsgdx1/attackmelee/aetherialimp_aetherfirestrike.dbr,Skill_AttackWeapon,100.0,3.0,0.0,ShortRange,,,,,,,,,,,,Melee,DIRECT-REF,Slam,,,aetherialimp_attack_b01_special.anm,27,0.9,,,,,Physical|Aether,,,60,,1,20.0
records/creatures/enemies/hero/aetherialimp_h04.dbr,Ghalbar ~ Regenerator,hero,initial,records/skills/nonplayerskills/heroskills/archetypes/regenerator_regenaura.dbr,Skill_BuffRadiusToggled,,,,,,,,True,,,,,,,,,NO-REF,,aetherialimp_attack_b01.anm,0.9,,,,,,,,,,,,,,
records/creatures/enemies/hero/aetherialimp_h04.dbr,Ghalbar ~ Regenerator,hero,dying,records/skills/nonplayerskillsgdx1/attackradius/aetherialimp_aethereruption.dbr,Skill_AttackRadius,,,,,,,,,,,,,0.0,,,Melee,NO-REF,,aetherialimp_attack_b01.anm,0.9,,,,,,,,Physical|Aether,,SlowOffensiveAbility,60,2.5,,
records/creatures/enemies/hero/basilisk_h01.dbr,Stormslither,hero,special1,records/skills/nonplayerskillsgdx1/attackradius/basilisk_tailswipe.dbr,Skill_AttackRadius,100.0,7.0,2.0,ShortRange,0.0,,,,,,,,,,,Melee,DIRECT-REF,TailLash,,,basilisk_attackspecial_a01.anm,44,1.4667,,,,,Physical,SlowPhysical,,60,3.799999952316284,,
records/creatures/enemies/hero/basilisk_h01.dbr,Stormslither,hero,special2,records/skills/nonplayerskillsgdx1/path/basilisk_petrifyingglare.dbr,Skill_AttackWave,100.0,11.0,4.0,MediumRange,,,,,,,0.20000000298023224,6.0,,,,Melee,DIRECT-REF,Petrify,,,basilisk_petrifyingglare_a01.anm,45,1.5,,,,,,,Petrify|SlowTotalSpeed,60,,,
records/creatures/enemies/hero/basilisk_h01.dbr,Stormslither,hero,special3,records/skills/nonplayerskills/heroskills/jaron_lightningbolt.dbr,Skill_AttackRadiusLightning,100.0,6.0,3.0,LongRange,,,,,,,,,0.5,,,Maximum,NO-REF,,basilisk_castattack_a01.anm,1.1667,,,,,,,,Lightning,,Stun,60,2.0,,
records/creatures/enemies/hero/basilisk_h01.dbr,Stormslither,hero,special4,records/skills/nonplayerskills/heroskills/jaron_lightningfield.dbr,Skill_BuffAttackRadiusDuration,100.0,8.0,2.0,AnyRange,,5.0,,,,,,,,,,Short,NO-REF,,basilisk_castattack_a01.anm,1.1667,,,,,,,,Lightning,,,60,2.5,,
records/creatures/enemies/hero/basilisk_h01.dbr,Stormslither,hero,special5,records/skills/nonplayerskills/heroskills/elnarion_lightningburst.dbr,Skill_AttackProjectileBurst,100.0,9.0,2.0,LongRange,,,,,,,,,,,,Maximum,NO-REF,,basilisk_castattack_a01.anm,1.1667,,,,records/fx/skillsother/projectile/lightningorbnova_fxprojectile.dbr,16.0,20.0,,Lightning,,,60,,,
records/creatures/enemies/hero/basilisk_h01.dbr,Stormslither,hero,dying,records/skills/nonplayerskillsgdx1/buff/basilisk_screechingdeath.dbr,Skill_BuffRadius,,,,,,,,True,,,,,,,,,NO-REF,,basilisk_castattack_a01.anm,1.1667,,,,,,,,,,,,,,
records/creatures/enemies/hero/basilisk_h02.dbr,Rotmouth,hero,special1,records/skills/nonplayerskillsgdx1/attackradius/basilisk_tailswipe.dbr,Skill_AttackRadius,100.0,7.0,2.0,ShortRange,0.0,,,,,,,,,,,Melee,DIRECT-REF,TailLash,,,basilisk_attackspecial_a01.anm,44,1.4667,,,,,Physical,SlowPhysical,,60,3.799999952316284,,
records/creatures/enemies/hero/basilisk_h02.dbr,Rotmouth,hero,special2,records/skills/nonplayerskillsgdx1/path/basilisk_petrifyingglare.dbr,Skill_AttackWave,100.0,11.0,4.0,MediumRange,,,,,,,0.20000000298023224,6.0,,,,Melee,DIRECT-REF,Petrify,,,basilisk_petrifyingglare_a01.anm,45,1.5,,,,,,,Petrify|SlowTotalSpeed,60,,,
records/creatures/enemies/hero/basilisk_h02.dbr,Rotmouth,hero,special3,records/skills/nonplayerskillsgdx1/path/basilisk_acidbarf.dbr,Skill_AttackWave,100.0,3.0,3.0,ShortRange,,,,,,,0.5,4.0,,,,Melee,DIRECT-REF,BreathTriple,,,basilisk_breath_a01.anm,45,1.5,,,,,Poison,SlowPoison,,60,,,
records/creatures/enemies/hero/basilisk_h02.dbr,Rotmouth,hero,special4,records/skills/nonplayerskills/heroskills/gastris_poisonfumes.dbr,Skill_AttackProjectileAreaEffect,100.0,5.0,0.0,AnyRange,,,,,,,,,,,,Maximum,NO-REF,,basilisk_castattack_a01.anm,1.1667,,,,records/fx/skillsother/projectile_aoe/fx_poisoncloud_large_projectile01.dbr,,20.0,,,SlowPoison,,60,,,
records/creatures/enemies/hero/basilisk_h02.dbr,Rotmouth,hero,special5,records/skills/nonplayerskills/heroskills/maledictus_poisonprojectilenova.dbr,Skill_AttackProjectileRing,100.0,5.0,2.0,LongRange,,,,,,,,,,,,Short,NO-REF,,basilisk_castattack_a01.anm,1.1667,,,,records/fx/skillsother/projectile/spines_poisonground_projectilefx01.dbr,11.0,13.0,,,SlowPoison,SlowDefensiveAbility|SlowOffensiveAbility,60,,,
records/creatures/enemies/hero/basilisk_h02.dbr,Rotmouth,hero,dying,records/skills/nonplayerskillsgdx1/buff/basilisk_screechingdeath.dbr,Skill_BuffRadius,,,,,,,,True,,,,,,,,,NO-REF,,basilisk_castattack_a01.anm,1.1667,,,,,,,,,,,,,,
records/creatures/enemies/hero/basilisk_h03.dbr,Aregos ~ Corrupted,hero,special1,records/skills/nonplayerskillsgdx1/attackradius/basilisk_tailswipe.dbr,Skill_AttackRadius,100.0,7.0,2.0,ShortRange,0.0,,,,,,,,,,,Melee,DIRECT-REF,TailLash,,,basilisk_attackspecial_a01.anm,44,1.4667,,,,,Physical,SlowPhysical,,60,3.799999952316284,,
records/creatures/enemies/hero/basilisk_h03.dbr,Aregos ~ Corrupted,hero,special2,records/skills/nonplayerskillsgdx1/path/basilisk_petrifyingglare.dbr,Skill_AttackWave,100.0,11.0,4.0,MediumRange,,,,,,,0.20000000298023224,6.0,,,,Melee,DIRECT-REF,Petrify,,,basilisk_petrifyingglare_a01.anm,45,1.5,,,,,,,Petrify|SlowTotalSpeed,60,,,
records/creatures/enemies/hero/basilisk_h03.dbr,Aregos ~ Corrupted,hero,special3,records/skills/nonplayerskillsgdx1/path/basilisk_acidbarf.dbr,Skill_AttackWave,100.0,5.0,3.0,ShortRange,,,,,,,0.5,4.0,,,,Melee,DIRECT-REF,BreathTriple,,,basilisk_breath_a01.anm,45,1.5,,,,,Poison,SlowPoison,,60,,,
records/creatures/enemies/hero/basilisk_h03.dbr,Aregos ~ Corrupted,hero,special4,records/skills/nonplayerskills/heroskills/archetypes/corrupted_aetherconflagration.dbr,Skill_AttackProjectileAreaEffect,100.0,4.0,1.0,LongRange,,6.0,,,,,,,,,,Short,NO-REF,,basilisk_castattack_a01.anm,1.1667,,,,records/fx/skillsother/aoe/aetherring_projectilefx01.dbr,,3.0,,Aether,,,60,,,
records/creatures/enemies/hero/basilisk_h03.dbr,Aregos ~ Corrupted,hero,initial,records/skills/nonplayerskills/heroskills/archetypes/corrupted_aetheraura.dbr,Skill_BuffRadiusToggled,,,,,,,,True,,,,,,,,,NO-REF,,basilisk_castattack_a01.anm,1.1667,,,,,,,,,,,,,,
records/creatures/enemies/hero/basilisk_h03.dbr,Aregos ~ Corrupted,hero,dying,records/skills/nonplayerskills/heroskills/archetypes/corrupted_aetherconflagration.dbr,Skill_AttackProjectileAreaEffect,,,,,,6.0,,,,,,,,,,Short,NO-REF,,basilisk_castattack_a01.anm,1.1667,,,,records/fx/skillsother/aoe/aetherring_projectilefx01.dbr,,3.0,,Aether,,,60,,,
records/creatures/enemies/hero/gargoyle_h01.dbr,Hudsar ~ Frozen,hero,basic,records/skills/nonplayerskillsgdx2/attackmelee/gargoyle_brutalstrike.dbr,Skill_WeaponPool_ChargedFinale,,,,,,,2.5,,,,,,,,,Melee,DIRECT-REF,DoubleStrikeLightning,,,chthonianrylok_attackspecial_b01_lightning.anm,45,1.5,,,,,Physical|Cold|Lightning,,,60,,1,25.0
records/creatures/enemies/hero/gargoyle_h01.dbr,Hudsar ~ Frozen,hero,special1,records/skills/nonplayerskillsgdx2/path/gargoyle_winggust.dbr,Skill_AttackWave,100.0,5.0,1.0,AnyRange,,,,,,,0.8999999761581421,8.0,,,,Moderate,DIRECT-REF,Gust,,,chthonianrylok_attackspecial_a01_ice.anm,73,2.4333,,,,,Physical|Cold|Lightning,,SlowRunSpeed,60,,,
records/creatures/enemies/hero/gargoyle_h01.dbr,Hudsar ~ Frozen,hero,special2,records/skills/nonplayerskillsgdx2/buffoffensive/gargoyle_screech.dbr,Skill_AttackBuffRadius,100.0,9.0,3.0,MediumRange,,,,,,,,,,,,,NO-REF,,chthonianrylok_castattack_a01.anm,1.1667,,,,,,,,,,,,,,
records/creatures/enemies/hero/gargoyle_h01.dbr,Hudsar ~ Frozen,hero,special3,records/skills/nonplayerskillsgdx2/summoning/gargoyle_summoneldritchground.dbr,Skill_TargetedSpawnPet,100.0,8.0,3.0,AnyRange,5.0,,,,,,,,,,,Boss,REF-UNSATISFIED-BY-TABLE,Summon,chthonianrylok_castattack_a01.anm,1.1667,,,,,,,,,,,,,,
records/creatures/enemies/hero/gargoyle_h01.dbr,Hudsar ~ Frozen,hero,special4,records/skills/nonplayerskills/heroskills/archetypes/frozen_chillingsurge.dbr,Skill_AttackBuffRadius,100.0,9.0,4.0,MediumRange,,,,,,,,,,,,,NO-REF,,chthonianrylok_castattack_a01.anm,1.1667,,,,,,,,,,,,,,
records/creatures/enemies/hero/gargoyle_h01.dbr,Hudsar ~ Frozen,hero,special5,records/skills/nonplayerskills/heroskills/archetypes/frozen_freezebomb.dbr,Skill_AttackProjectile,100.0,8.0,2.0,LongRange,,,,,,,,,,,,Long,REF-UNSATISFIED-BY-TABLE,Spit,chthonianrylok_castattack_a01.anm,1.1667,,,,records/fx/skillsother/projectile/icebolt_fxprojectile.dbr,15.0,20.0,25.0,Cold,,Freeze,60,,,
records/creatures/enemies/hero/gargoyle_h01.dbr,Hudsar ~ Frozen,hero,initial,records/skills/nonplayerskillsgdx2/buff/gargoyle_auraofstone.dbr,Skill_BuffRadiusToggled,,,,,,,,True,,,,,,,,,NO-REF,,chthonianrylok_castattack_a01.anm,1.1667,,,,,,,,,,,,,,
records/creatures/enemies/hero/gargoyle_h04.dbr,Xanatan ~ Electrified,hero,basic,records/skills/nonplayerskillsgdx2/attackmelee/gargoyle_brutalstrike.dbr,Skill_WeaponPool_ChargedFinale,,,,,,,2.5,,,,,,,,,Melee,DIRECT-REF,DoubleStrikeLightning,,,chthonianrylok_attackspecial_b01_lightning.anm,45,1.5,,,,,Physical|Cold|Lightning,,,60,,1,25.0
records/creatures/enemies/hero/gargoyle_h04.dbr,Xanatan ~ Electrified,hero,special1,records/skills/nonplayerskillsgdx2/path/gargoyle_winggust.dbr,Skill_AttackWave,100.0,5.0,1.0,AnyRange,,,,,,,0.8999999761581421,8.0,,,,Moderate,DIRECT-REF,Gust,,,chthonianrylok_attackspecial_a01_ice.anm,73,2.4333,,,,,Physical|Cold|Lightning,,SlowRunSpeed,60,,,
records/creatures/enemies/hero/gargoyle_h04.dbr,Xanatan ~ Electrified,hero,special2,records/skills/nonplayerskillsgdx2/buffoffensive/gargoyle_screech.dbr,Skill_AttackBuffRadius,100.0,9.0,3.0,MediumRange,,,,,,,,,,,,,NO-REF,,chthonianrylok_castattack_a01.anm,1.1667,,,,,,,,,,,,,,
records/creatures/enemies/hero/gargoyle_h04.dbr,Xanatan ~ Electrified,hero,special3,records/skills/nonplayerskillsgdx2/summoning/gargoyle_summoneldritchground.dbr,Skill_TargetedSpawnPet,100.0,8.0,3.0,AnyRange,5.0,,,,,,,,,,,Boss,REF-UNSATISFIED-BY-TABLE,Summon,chthonianrylok_castattack_a01.anm,1.1667,,,,,,,,,,,,,,
records/creatures/enemies/hero/gargoyle_h04.dbr,Xanatan ~ Electrified,hero,special4,records/skills/nonplayerskills/heroskills/archetypes/electrified_lightningnova.dbr,Skill_AttackProjectileRing,100.0,6.0,2.0,MediumRange,1.0,,,,,,,,,,,Long,REF-UNSATISFIED-BY-TABLE,Nova,chthonianrylok_castattack_a01.anm,1.1667,,,,records/fx/skillsother/projectile/lightningorbnova_fxprojectile.dbr,16.0,20.0,,Lightning,,,60,,,
records/creatures/enemies/hero/gargoyle_h04.dbr,Xanatan ~ Electrified,hero,initial,records/skills/nonplayerskillsgdx2/buff/gargoyle_auraofstone.dbr,Skill_BuffRadiusToggled,,,,,,,,True,,,,,,,,,NO-REF,,chthonianrylok_castattack_a01.anm,1.1667,,,,,,,,,,,,,,
records/creatures/enemies/hero/gargoyle_h05.dbr,Spiron ~ Thundering,hero,basic,records/skills/nonplayerskillsgdx2/attackmelee/gargoyle_brutalstrike.dbr,Skill_WeaponPool_ChargedFinale,,,,,,,2.5,,,,,,,,,Melee,DIRECT-REF,DoubleStrikeLightning,,,chthonianrylok_attackspecial_b01_lightning.anm,45,1.5,,,,,Physical|Cold|Lightning,,,60,,1,25.0
records/creatures/enemies/hero/gargoyle_h05.dbr,Spiron ~ Thundering,hero,special1,records/skills/nonplayerskillsgdx2/path/gargoyle_winggust.dbr,Skill_AttackWave,100.0,5.0,1.0,AnyRange,,,,,,,0.8999999761581421,8.0,,,,Moderate,DIRECT-REF,Gust,,,chthonianrylok_attackspecial_a01_ice.anm,73,2.4333,,,,,Physical|Cold|Lightning,,SlowRunSpeed,60,,,
records/creatures/enemies/hero/gargoyle_h05.dbr,Spiron ~ Thundering,hero,special2,records/skills/nonplayerskillsgdx2/buffoffensive/gargoyle_screech.dbr,Skill_AttackBuffRadius,100.0,9.0,3.0,MediumRange,,,,,,,,,,,,,NO-REF,,chthonianrylok_castattack_a01.anm,1.1667,,,,,,,,,,,,,,
records/creatures/enemies/hero/gargoyle_h05.dbr,Spiron ~ Thundering,hero,special3,records/skills/nonplayerskillsgdx2/summoning/gargoyle_summoneldritchground.dbr,Skill_TargetedSpawnPet,100.0,8.0,3.0,AnyRange,5.0,,,,,,,,,,,Boss,REF-UNSATISFIED-BY-TABLE,Summon,chthonianrylok_castattack_a01.anm,1.1667,,,,,,,,,,,,,,
records/creatures/enemies/hero/gargoyle_h05.dbr,Spiron ~ Thundering,hero,special4,records/skills/nonplayerskillsgdx3/heroskills/archetypes/thundering_summonlightningspike.dbr,Skill_TargetedSpawnPet,100.0,9.0,3.0,AnyRange,5.0,,,,,,,,,,,Boss,REF-UNSATISFIED-BY-TABLE,Summon,chthonianrylok_castattack_a01.anm,1.1667,,,,,,,,,,,,,,
records/creatures/enemies/hero/gargoyle_h05.dbr,Spiron ~ Thundering,hero,initial,records/skills/nonplayerskillsgdx2/buff/gargoyle_auraofstone.dbr,Skill_BuffRadiusToggled,,,,,,,,True,,,,,,,,,NO-REF,,chthonianrylok_castattack_a01.anm,1.1667,,,,,,,,,,,,,,
records/creatures/enemies/hero/human_ascended_h02.dbr,Hagras Aetherflame,hero,basic,records/skills/nonplayerskillsgdx1/attackprojectilering/humanascendant_lightningorbnova.dbr,Skill_AttackProjectileRing,,,,,,,,,,,,,,,,Maximum,DIRECT-REF,Nova,,,hero01_unarmed_spell_nova_a01.anm,19,0.6333,records/fx/skillsother/projectile/lightningorbnova_fxprojectile.dbr,16.0,20.0,,Lightning,SlowLightning,,60,,,
records/creatures/enemies/hero/human_ascended_h02.dbr,Hagras Aetherflame,hero,special1,records/skills/nonplayerskills/heroskills/conastaria_aetherburst.dbr,Skill_AttackProjectileBurst,100.0,5.0,2.0,MediumRange,,,,,,,,,,,,Long,NO-REF,,hero01_sword1h_spellattack_b01.anm,0.6333,,,,records/fx/skillsother/itemskills/aethermissile_fxprojectile.dbr,18.0,18.0,35.0,Aether,,,60,,,
records/creatures/enemies/hero/human_ascended_h02.dbr,Hagras Aetherflame,hero,special2,records/skills/nonplayerskillsgdx1/summoning/humanascendant_summonanomaly.dbr,Skill_SpawnPet,100.0,8.0,6.0,AnyRange,,,,True,,,,,,,,Short,REF-UNSATISFIED-BY-TABLE,Summon,hero01_sword1h_spellattack_b01.anm,0.6333,,,,,,,,,,,,,,
records/creatures/enemies/hero/human_ascended_h02.dbr,Hagras Aetherflame,hero,special3,records/skills/nonplayerskills/heroskills/aetheros_aetherdischarge.dbr,Skill_OnHitAttackRadius,100.0,4.0,0.0,ShortRange,2.0,,,,,,,,,,,Melee,NO-REF,,hero01_sword1h_spellattack_b01.anm,0.6333,,,,,,,,Aether,,,60,6.0,,
records/creatures/enemies/hero/human_ascended_h02.dbr,Hagras Aetherflame,hero,initial,records/skills/nonplayerskillsgdx1/buff/humanascendant_sphereofprotection1.dbr,Skill_BuffSelfToggled,,,,,,,,True,,,,,,,,Moderate,NO-REF,,hero01_sword1h_spellattack_b01.anm,0.6333,,,,,,,,,,,,,,
records/creatures/enemies/hero/human_ascended_h05.dbr,Numia Stormeater ~ Thundering,hero,basic,records/skills/nonplayerskillsgdx1/attackprojectilering/humanascendant_lightningorbnova.dbr,Skill_AttackProjectileRing,,,,,,,,,,,,,,,,Maximum,DIRECT-REF,Nova,,,heroine01_unarmed_spell_nova_a01.anm,19,0.6333,records/fx/skillsother/projectile/lightningorbnova_fxprojectile.dbr,16.0,20.0,,Lightning,SlowLightning,,60,,,
records/creatures/enemies/hero/human_ascended_h05.dbr,Numia Stormeater ~ Thundering,hero,special1,records/skills/nonplayerskillsgdx1/attackprojectile/humanascendant_stormburst.dbr,Skill_AttackProjectileBurst,100.0,7.0,2.0,MediumRange,,,,,,,,,,,,Long,NO-REF,,heroine01_sword1h_spellattack_b01.anm,0.6333,,,,records/fx/skillsother/projectile/lightningorbburst_fxprojectile.dbr,16.0,20.0,,Lightning,SlowLightning,,60,,,
records/creatures/enemies/hero/human_ascended_h05.dbr,Numia Stormeater ~ Thundering,hero,special2,records/skills/nonplayerskillsgdx1/summoning/humanascendant_summonanomaly.dbr,Skill_SpawnPet,100.0,9.0,6.0,AnyRange,,,,True,,,,,,,,Short,REF-UNSATISFIED-BY-TABLE,Summon,heroine01_sword1h_spellattack_b01.anm,0.6333,,,,,,,,,,,,,,
records/creatures/enemies/hero/human_ascended_h05.dbr,Numia Stormeater ~ Thundering,hero,special3,records/skills/nonplayerskillsgdx3/heroskills/archetypes/thundering_summonlightningspike.dbr,Skill_TargetedSpawnPet,100.0,9.0,3.0,AnyRange,5.0,,,,,,,,,,,Boss,REF-UNSATISFIED-BY-TABLE,Summon,heroine01_sword1h_spellattack_b01.anm,0.6333,,,,,,,,,,,,,,
records/creatures/enemies/hero/hypporaven_h01.dbr,Covull ~ Swift,hero,special1,records/skills/nonplayerskillsgdx3/attackprojectile/hypporaven_darkbreath.dbr,Skill_AttackProjectileBurst,100.0,4.0,1.0,ShortRange,,,,,,,,,,,,Moderate,DIRECT-REF,BreathShadow,,,gryphon01a_attackspecial_b01_breathshadow.anm,101,3.3667,records/fx/skillsothergdx3/projectile/shadowbreath_sparkprojectilefx01.dbr,13.0,24.0,,Physical|Life,SlowLife,,60,,,
records/creatures/enemies/hero/hypporaven_h01.dbr,Covull ~ Swift,hero,initial,records/skills/nonplayerskills/heroskills/archetypes/swift_frenzyaura.dbr,Skill_BuffRadiusToggled,,,,,,,,True,,,,,,,,,NO-REF,,gryphon01a_attack_a01.anm,0.7333,,,,,,,,,,,,,,
records/creatures/enemies/hero/hypporaven_h03.dbr,Corvunox ~ Vampiric,hero,special1,records/skills/nonplayerskillsgdx3/attackprojectile/hypporaven_darkbreath.dbr,Skill_AttackProjectileBurst,100.0,4.0,1.0,ShortRange,,,,,,,,,,,,Moderate,DIRECT-REF,BreathShadow,,,gryphon01a_attackspecial_b01_breathshadow.anm,101,3.3667,records/fx/skillsothergdx3/projectile/shadowbreath_sparkprojectilefx01.dbr,13.0,24.0,,Physical|Life,SlowLife,,60,,,
records/creatures/enemies/hero/hypporaven_h03.dbr,Corvunox ~ Vampiric,hero,special2,records/skills/nonplayerskillsgdx1/heroskills/archetypes/vampiric_vitalitywave.dbr,Skill_AttackWave,100.0,4.0,0.0,ShortRange,,,,,,,1.7000000476837158,16.0,1.0,,,Long,NO-REF,,gryphon01a_attack_a01.anm,0.7333,,,,,,,,Life,,,60,,,
records/creatures/enemies/hero/hypporaven_h03.dbr,Corvunox ~ Vampiric,hero,special3,records/skills/nonplayerskillsgdx1/heroskills/archetypes/vampiric_bloodlink.dbr,Skill_AttackBuff,100.0,10.0,3.0,MediumRange,,,,,,,,,,,,,NO-REF,,gryphon01a_attack_a01.anm,0.7333,,,,,,,,,,,,,,
records/creatures/enemies/hero/hypporaven_h03.dbr,Corvunox ~ Vampiric,hero,initial,records/skills/nonplayerskillsgdx1/heroskills/archetypes/vampiric_vampireaura.dbr,Skill_BuffRadiusToggled,,,,,,,,True,,,,,,,,,NO-REF,,gryphon01a_attack_a01.anm,0.7333,,,,,,,,,,,,,,
records/creatures/enemies/hero/rhino_h01.dbr,Brimhorn ~ Bramble,hero,special1,records/skills/nonplayerskillsgdx3/attackmelee/rhino_gore.dbr,Skill_AttackWeapon,100.0,3.0,1.0,ShortRange,,,,,,,,,,,,Melee,DIRECT-REF,Gore,,,woollyrhino_gore_a01.anm,47,1.5667,,,,,Physical|Pierce,SlowBleeding,,60,,1,25.0
records/creatures/enemies/hero/rhino_h01.dbr,Brimhorn ~ Bramble,hero,special2,records/skills/nonplayerskillsgdx3/heroskills/archetypes/bramble_summonbrambletrap.dbr,Skill_TargetedSpawnPet,100.0,7.0,2.0,AnyRange,5.0,,,,,,,,,,,Boss,REF-UNSATISFIED-BY-TABLE,Summon,woollyrhino_roar_a01.anm,1.3667,,,,,,,,,,,,,,
records/creatures/enemies/hero/rhino_h02.dbr,Shadowhorn ~ Celestial,hero,special1,records/skills/nonplayerskillsgdx3/attackmelee/rhino_gore.dbr,Skill_AttackWeapon,100.0,3.0,1.0,ShortRange,,,,,,,,,,,,Melee,DIRECT-REF,Gore,,,woollyrhino_gore_a01.anm,47,1.5667,,,,,Physical|Pierce,SlowBleeding,,60,,1,25.0
records/creatures/enemies/hero/rhino_h02.dbr,Shadowhorn ~ Celestial,hero,special2,records/skills/nonplayerskillsgdx3/heroskills/archetypes/shattered_celestialinversenova.dbr,Skill_AttackProjectileRing,100.0,9.0,3.0,MediumRange,,,,,,,,,,,,Long,NO-REF,,woollyrhino_roar_a01.anm,1.3667,,,,records/fx/skillsothergdx2/projectileboss/celestialinverse_fxprojectile.dbr,7.0,,,Physical|Cold,,,60,,,
records/creatures/enemies/hero/rhino_h02.dbr,Shadowhorn ~ Celestial,hero,special3,records/skills/nonplayerskillsgdx3/heroskills/archetypes/shattered_fallenstar.dbr,Skill_BuffAttackRadiusDrop,100.0,6.0,2.0,AnyRange,,,,,,,,,,,2.0,Maximum,DIRECT-REF,Roar,,,woollyrhino_roar_a01.anm,41,1.3667,records/fx/skillsothergdx2/projectile/cometcelestial_projectilefx01.dbr,16.0,24.0,0.0,Physical|Cold,,Stun,60,12.0,,
records/creatures/enemies/hero/rhino_h03.dbr,Blazehorn ~ Infernal,hero,special1,records/skills/nonplayerskillsgdx3/attackmelee/rhino_gore.dbr,Skill_AttackWeapon,100.0,3.0,1.0,ShortRange,,,,,,,,,,,,Melee,DIRECT-REF,Gore,,,woollyrhino_gore_a01.anm,47,1.5667,,,,,Physical|Pierce,SlowBleeding,,60,,1,25.0
records/creatures/enemies/hero/rhino_h03.dbr,Blazehorn ~ Infernal,hero,special2,records/skills/nonplayerskillsgdx3/heroskills/archetypes/infernal_embernova.dbr,Skill_AttackProjectileRing,100.0,8.0,2.0,AnyRange,,,,,,,,,,,,Long,NO-REF,,woollyrhino_roar_a01.anm,1.3667,,,,records/fx/skillsothergdx3/projectile/infernalember_projectile_fx01.dbr,15.0,8.0,5.0,Physical|Fire,,SlowDefensiveAbility,60,,,
records/creatures/enemies/hero/rhino_h03.dbr,Blazehorn ~ Infernal,hero,initial,records/skills/nonplayerskillsgdx3/heroskills/archetypes/infernal_emberbuff.dbr,Skill_BuffSelfToggled,,,,,,,,False,,,,,,,,,NO-REF,,woollyrhino_roar_a01.anm,1.3667,,,,,,,,,,,,,,
records/creatures/enemies/hero/rhino_h03.dbr,Blazehorn ~ Infernal,hero,dying,records/skills/nonplayerskillsgdx3/heroskills/archetypes/infernal_embernova.dbr,Skill_AttackProjectileRing,,,,,,,,,,,,,,,,Long,NO-REF,,woollyrhino_roar_a01.anm,1.3667,,,,records/fx/skillsothergdx3/projectile/infernalember_projectile_fx01.dbr,15.0,8.0,5.0,Physical|Fire,,SlowDefensiveAbility,60,,,
records/creatures/enemies/hero/springscrab_h01.dbr,Sparkmucker ~ Thundering,hero,special1,records/skills/nonplayerskillsgdx3/attackmelee/springscrab_clawslam.dbr,Skill_AttackWeapon,100.0,4.0,0.0,ShortRange,,,,,,,,,,,,Melee,DIRECT-REF,Crush,,,crabmonstrosity_attack_d01.anm,21,0.7,,,,,Physical|Poison,,,60,,1,20.0
records/creatures/enemies/hero/springscrab_h01.dbr,Sparkmucker ~ Thundering,hero,special2,records/skills/nonplayerskillsgdx3/attackmelee/springscrab_shellspin.dbr,Skill_AttackWeapon,100.0,6.0,1.0,ShortRange,,,,,,,,,,,,Melee,DIRECT-REF,Spin,,,crabmonstrosity_attack_b01.anm,35,1.1667,,,,,Pierce|Poison,,SlowDefensiveReduction,60,,1,20.0
records/creatures/enemies/hero/springscrab_h01.dbr,Sparkmucker ~ Thundering,hero,special3,records/skills/nonplayerskillsgdx3/heroskills/archetypes/thundering_summonlightningspike.dbr,Skill_TargetedSpawnPet,100.0,9.0,3.0,AnyRange,5.0,,,,,,,,,,,Boss,REF-UNSATISFIED-BY-TABLE,Summon,crabmonstrosity_attack_c01.anm,0.9,,,,,,,,,,,,,,
records/creatures/enemies/hero/springscrab_h02.dbr,Magecruncher ~ Arcane,hero,special1,records/skills/nonplayerskillsgdx3/attackmelee/springscrab_clawslam.dbr,Skill_AttackWeapon,100.0,4.0,0.0,ShortRange,,,,,,,,,,,,Melee,DIRECT-REF,Crush,,,crabmonstrosity_attack_d01.anm,21,0.7,,,,,Physical|Poison,,,60,,1,20.0
records/creatures/enemies/hero/springscrab_h02.dbr,Magecruncher ~ Arcane,hero,special2,records/skills/nonplayerskillsgdx3/attackmelee/springscrab_shellspin.dbr,Skill_AttackWeapon,100.0,6.0,1.0,ShortRange,,,,,,,,,,,,Melee,DIRECT-REF,Spin,,,crabmonstrosity_attack_b01.anm,35,1.1667,,,,,Pierce|Poison,,SlowDefensiveReduction,60,,1,20.0
records/creatures/enemies/hero/springscrab_h02.dbr,Magecruncher ~ Arcane,hero,special3,records/skills/nonplayerskillsgdx1/heroskills/archetypes/arcane_elementaltempest.dbr,Skill_AttackRadius,100.0,11.0,0.0,ShortRange,,,,,,,,,,,,Long,REF-UNSATISFIED-BY-TABLE,Nova,crabmonstrosity_attack_c01.anm,0.9,,,,,,,,Elemental,,Petrify,60,5.5,,
records/creatures/enemies/hero/springscrab_h02.dbr,Magecruncher ~ Arcane,hero,special4,records/skills/nonplayerskillsgdx1/heroskills/archetypes/arcane_elementalbolt.dbr,Skill_AttackProjectile,100.0,12.0,7.0,AnyRange,,,,,,,,,,,,Long,NO-REF,,crabmonstrosity_attack_c01.anm,0.9,,,,records/fx/skillsothergdx1/projectile/elementaldispelbolt_fxprojectile.dbr,14.0,21.0,35.0,Elemental,SlowFire,,60,,,
records/creatures/enemies/hero/springscrab_h02.dbr,Magecruncher ~ Arcane,hero,initial,records/skills/nonplayerskillsgdx1/heroskills/archetypes/arcane_elementalaura.dbr,Skill_BuffRadiusToggled,,,,,,,,True,,,,,,,,,NO-REF,,crabmonstrosity_attack_c01.anm,0.9,,,,,,,,,,,,,,
records/creatures/enemies/hero/springscrab_h04.dbr,Muckclaw ~ Unstoppable,hero,special1,records/skills/nonplayerskillsgdx3/attackmelee/springscrab_clawslam.dbr,Skill_AttackWeapon,100.0,4.0,0.0,ShortRange,,,,,,,,,,,,Melee,DIRECT-REF,Crush,,,crabmonstrosity_attack_d01.anm,21,0.7,,,,,Physical|Poison,,,60,,1,20.0
records/creatures/enemies/hero/springscrab_h04.dbr,Muckclaw ~ Unstoppable,hero,special2,records/skills/nonplayerskillsgdx3/attackmelee/springscrab_shellspin.dbr,Skill_AttackWeapon,100.0,6.0,1.0,ShortRange,,,,,,,,,,,,Melee,DIRECT-REF,Spin,,,crabmonstrosity_attack_b01.anm,35,1.1667,,,,,Pierce|Poison,,SlowDefensiveReduction,60,,1,20.0
records/creatures/enemies/hero/springscrab_h04.dbr,Muckclaw ~ Unstoppable,hero,initial,records/skills/nonplayerskills/heroskills/archetypes/unstoppable_unstoppable.dbr,Skill_BuffRadiusToggled,,,,,,,,True,,,,,,,,,NO-REF,,crabmonstrosity_attack_c01.anm,0.9,,,,,,,,,,,,,,
records/creatures/enemies/hero/swampgolem_h01.dbr,Ferrosius ~ Swift,hero,basic,records/skills/nonplayerskillsgdx1/attackmelee/swampgolem_stonethrash.dbr,Skill_WeaponPool_ChargedFinale,,,,,,,4.0,,,,,,,,,Melee,REF-UNSATISFIED-BY-TABLE,Crush,,,,,,,,,,Physical|Lightning,,,60,,1,20.0
records/creatures/enemies/hero/swampgolem_h01.dbr,Ferrosius ~ Swift,hero,special1,records/skills/nonplayerskillsgdx1/path/swampgolem_doubleswipe.dbr,Skill_AttackWave,100.0,7.0,2.0,ShortRange,,,,,,,0.20000000298023224,8.0,1.0,,,Moderate,DIRECT-REF,DoubleStrike,,,golemswamp_phase01_attackspecial_a01.anm,81,2.7,,,,,Physical|Poison,SlowPoison,SlowAttackSpeed,60,,,
records/creatures/enemies/hero/swampgolem_h01.dbr,Ferrosius ~ Swift,hero,special2,records/skills/nonplayerskillsgdx1/attackprojectilering/swampgolem_vinenova.dbr,Skill_AttackProjectileRing,100.0,7.0,2.0,MediumRange,,,,,,,,,,,,Moderate,DIRECT-REF,ChargedUp,,,golemswamp_phase01_attackrangedcharged_a01.anm,86,2.8667,records/fx/skillsothergdx1/projectile/vines_projectilefx01.dbr,11.0,13.0,,Physical|Poison,SlowPoison,SlowTotalSpeed,60,,,
records/creatures/enemies/hero/swampgolem_h01.dbr,Ferrosius ~ Swift,hero,special3,records/skills/nonplayerskillsgdx1/summoning/swampgolem_spawnplants.dbr,Skill_SpawnPet,100.0,12.0,4.0,AnyRange,,,,True,,,,,,,,Short,DIRECT-REF,Summon,,,golemswamp_phase01_buffself_a01.anm,31,1.0333,,,,,,,,,,,
records/creatures/enemies/hero/swampgolem_h01.dbr,Ferrosius ~ Swift,hero,initial,records/skills/nonplayerskills/heroskills/archetypes/swift_frenzyaura.dbr,Skill_BuffRadiusToggled,,,,,,,,True,,,,,,,,,NO-REF,,golemswamp_phase01_throw_a01.anm,2.0333,,,,,,,,,,,,,,
records/creatures/enemies/hero/swampgolem_h02.dbr,Titanius Steelskin ~ Defender,hero,basic,records/skills/nonplayerskillsgdx1/attackmelee/swampgolem_stonethrash.dbr,Skill_WeaponPool_ChargedFinale,,,,,,,4.0,,,,,,,,,Melee,REF-UNSATISFIED-BY-TABLE,Crush,,,,,,,,,,Physical|Lightning,,,60,,1,20.0
records/creatures/enemies/hero/swampgolem_h02.dbr,Titanius Steelskin ~ Defender,hero,special1,records/skills/nonplayerskillsgdx1/path/swampgolem_doubleswipe.dbr,Skill_AttackWave,100.0,7.0,2.0,ShortRange,,,,,,,0.20000000298023224,8.0,1.0,,,Moderate,DIRECT-REF,DoubleStrike,,,golemswamp_phase01_attackspecial_a01.anm,81,2.7,,,,,Physical|Poison,SlowPoison,SlowAttackSpeed,60,,,
records/creatures/enemies/hero/swampgolem_h02.dbr,Titanius Steelskin ~ Defender,hero,special2,records/skills/nonplayerskillsgdx1/attackprojectilering/swampgolem_vinenova.dbr,Skill_AttackProjectileRing,100.0,7.0,2.0,MediumRange,,,,,,,,,,,,Moderate,DIRECT-REF,ChargedUp,,,golemswamp_phase01_attackrangedcharged_a01.anm,86,2.8667,records/fx/skillsothergdx1/projectile/vines_projectilefx01.dbr,11.0,13.0,,Physical|Poison,SlowPoison,SlowTotalSpeed,60,,,
records/creatures/enemies/hero/swampgolem_h02.dbr,Titanius Steelskin ~ Defender,hero,special3,records/skills/nonplayerskillsgdx1/summoning/swampgolem_spawnplants.dbr,Skill_SpawnPet,100.0,12.0,4.0,AnyRange,,,,True,,,,,,,,Short,DIRECT-REF,Summon,,,golemswamp_phase01_buffself_a01.anm,31,1.0333,,,,,,,,,,,
records/creatures/enemies/hero/swampgolem_h02.dbr,Titanius Steelskin ~ Defender,hero,initial,records/skills/nonplayerskills/heroskills/archetypes/defender_defenseaura.dbr,Skill_BuffRadiusToggled,,,,,,,,True,,,,,,,,,NO-REF,,golemswamp_phase01_throw_a01.anm,2.0333,,,,,,,,,,,,,,
records/creatures/enemies/hero/swampgolem_h05.dbr,Frulgar ~ Infernal,hero,basic,records/skills/nonplayerskillsgdx1/attackmelee/swampgolem_stonethrash.dbr,Skill_WeaponPool_ChargedFinale,,,,,,,4.0,,,,,,,,,Melee,REF-UNSATISFIED-BY-TABLE,Crush,,,,,,,,,,Physical|Lightning,,,60,,1,20.0
records/creatures/enemies/hero/swampgolem_h05.dbr,Frulgar ~ Infernal,hero,special1,records/skills/nonplayerskillsgdx1/path/swampgolem_doubleswipe.dbr,Skill_AttackWave,100.0,7.0,2.0,ShortRange,,,,,,,0.20000000298023224,8.0,1.0,,,Moderate,DIRECT-REF,DoubleStrike,,,golemswamp_phase01_attackspecial_a01.anm,81,2.7,,,,,Physical|Poison,SlowPoison,SlowAttackSpeed,60,,,
records/creatures/enemies/hero/swampgolem_h05.dbr,Frulgar ~ Infernal,hero,special2,records/skills/nonplayerskillsgdx1/attackprojectilering/swampgolem_vinenova.dbr,Skill_AttackProjectileRing,100.0,7.0,2.0,MediumRange,,,,,,,,,,,,Moderate,DIRECT-REF,ChargedUp,,,golemswamp_phase01_attackrangedcharged_a01.anm,86,2.8667,records/fx/skillsothergdx1/projectile/vines_projectilefx01.dbr,11.0,13.0,,Physical|Poison,SlowPoison,SlowTotalSpeed,60,,,
records/creatures/enemies/hero/swampgolem_h05.dbr,Frulgar ~ Infernal,hero,special3,records/skills/nonplayerskillsgdx1/summoning/swampgolem_spawnplants.dbr,Skill_SpawnPet,100.0,12.0,4.0,AnyRange,,,,True,,,,,,,,Short,DIRECT-REF,Summon,,,golemswamp_phase01_buffself_a01.anm,31,1.0333,,,,,,,,,,,
records/creatures/enemies/hero/swampgolem_h05.dbr,Frulgar ~ Infernal,hero,special4,records/skills/nonplayerskillsgdx3/heroskills/archetypes/infernal_embernova.dbr,Skill_AttackProjectileRing,100.0,8.0,2.0,AnyRange,,,,,,,,,,,,Long,NO-REF,,golemswamp_phase01_throw_a01.anm,2.0333,,,,records/fx/skillsothergdx3/projectile/infernalember_projectile_fx01.dbr,15.0,8.0,5.0,Physical|Fire,,SlowDefensiveAbility,60,,,
records/creatures/enemies/hero/swampgolem_h05.dbr,Frulgar ~ Infernal,hero,initial,records/skills/nonplayerskillsgdx3/heroskills/archetypes/infernal_emberbuff.dbr,Skill_BuffSelfToggled,,,,,,,,False,,,,,,,,,NO-REF,,golemswamp_phase01_throw_a01.anm,2.0333,,,,,,,,,,,,,,
records/creatures/enemies/hero/swampgolem_h05.dbr,Frulgar ~ Infernal,hero,dying,records/skills/nonplayerskillsgdx3/heroskills/archetypes/infernal_embernova.dbr,Skill_AttackProjectileRing,,,,,,,,,,,,,,,,Long,NO-REF,,golemswamp_phase01_throw_a01.anm,2.0333,,,,records/fx/skillsothergdx3/projectile/infernalember_projectile_fx01.dbr,15.0,8.0,5.0,Physical|Fire,,SlowDefensiveAbility,60,,,
records/creatures/enemies/hero/viper_h02.dbr,Arashor,hero,special1,records/skills/nonplayerskillsgdx2/attackradius/viper_tailswipe.dbr,Skill_AttackRadius,100.0,6.0,2.0,ShortRange,0.0,,,,,,,,,,,Melee,DIRECT-REF,TailLash,,,basilisk_attackspecial_a01.anm,44,1.4667,,,,,Physical,SlowPhysical,,60,3.799999952316284,,
records/creatures/enemies/hero/viper_h02.dbr,Arashor,hero,special2,records/skills/nonplayerskillsgdx2/attackprojectile/viper_spitcone.dbr,Skill_AttackProjectileBurst,100.0,9.0,3.0,MediumRange,,,,,,,,,,,,Long,NO-REF,,basilisk_castattack_a01.anm,1.1667,,,,records/fx/skillsothergdx2/projectile/viperspit_fxprojectile.dbr,20.0,20.0,15.0,Physical|Life,SlowLife,,60,,,
records/creatures/enemies/hero/viper_h02.dbr,Arashor,hero,special3,records/skills/nonplayerskillsgdx2/attackradius/viper_screech.dbr,Skill_AttackRadius,100.0,10.0,2.0,MediumRange,,,,,,,,,,,,Short,DIRECT-REF,Roar,,,basilisk_castbuff_a01.anm,55,1.8333,,,,,,,TotalDamageReductionPercent,60,5.0,,
records/creatures/enemies/hero/viper_h02.dbr,Arashor,hero,special4,records/skills/nonplayerskillsgdx2/attackcharge/viper_charge.dbr,Skill_AttackWeaponCharge,100.0,5.0,2.0,LongRange,,,,,,,,,0.25,,,Melee,NO-REF,,,,,,,,,,,Physical|Life,SlowLife,,60,,1,25.0
records/creatures/enemies/hero/viper_h02.dbr,Arashor,hero,special5,records/skills/nonplayerskills/heroskills/aldanar_devouringwave.dbr,Skill_AttackWave,100.0,5.0,1.0,MediumRange,,,,,,,1.7000000476837158,16.0,1.0,,,Long,NO-REF,,basilisk_castattack_a01.anm,1.1667,,,,,,,,Life,,,60,,,
records/creatures/enemies/hero/viper_h02.dbr,Arashor,hero,dying,records/skills/nonplayerskillsgdx1/buff/basilisk_screechingdeath.dbr,Skill_BuffRadius,,,,,,,,True,,,,,,,,,NO-REF,,basilisk_castattack_a01.anm,1.1667,,,,,,,,,,,,,,
records/creatures/enemies/hero/viper_h04.dbr,Cespal ~ Arcane,hero,special1,records/skills/nonplayerskillsgdx2/attackradius/viper_tailswipe.dbr,Skill_AttackRadius,100.0,6.0,2.0,ShortRange,0.0,,,,,,,,,,,Melee,DIRECT-REF,TailLash,,,basilisk_attackspecial_a01.anm,44,1.4667,,,,,Physical,SlowPhysical,,60,3.799999952316284,,
records/creatures/enemies/hero/viper_h04.dbr,Cespal ~ Arcane,hero,special2,records/skills/nonplayerskillsgdx2/attackprojectile/viper_spitcone.dbr,Skill_AttackProjectileBurst,100.0,9.0,3.0,MediumRange,,,,,,,,,,,,Long,NO-REF,,basilisk_castattack_a01.anm,1.1667,,,,records/fx/skillsothergdx2/projectile/viperspit_fxprojectile.dbr,20.0,20.0,15.0,Physical|Life,SlowLife,,60,,,
records/creatures/enemies/hero/viper_h04.dbr,Cespal ~ Arcane,hero,special3,records/skills/nonplayerskillsgdx2/attackradius/viper_screech.dbr,Skill_AttackRadius,100.0,10.0,2.0,MediumRange,,,,,,,,,,,,Short,DIRECT-REF,Roar,,,basilisk_castbuff_a01.anm,55,1.8333,,,,,,,TotalDamageReductionPercent,60,5.0,,
records/creatures/enemies/hero/viper_h04.dbr,Cespal ~ Arcane,hero,special4,records/skills/nonplayerskillsgdx2/attackcharge/viper_charge.dbr,Skill_AttackWeaponCharge,100.0,5.0,2.0,LongRange,,,,,,,,,0.25,,,Melee,NO-REF,,,,,,,,,,,Physical|Life,SlowLife,,60,,1,25.0
records/creatures/enemies/hero/viper_h04.dbr,Cespal ~ Arcane,hero,special5,records/skills/nonplayerskillsgdx1/heroskills/archetypes/arcane_elementaltempest.dbr,Skill_AttackRadius,100.0,5.0,0.0,ShortRange,,,,,,,,,,,,Long,REF-UNSATISFIED-BY-TABLE,Nova,basilisk_castattack_a01.anm,1.1667,,,,,,,,Elemental,,Petrify,60,5.5,,
records/creatures/enemies/hero/viper_h04.dbr,Cespal ~ Arcane,hero,initial,records/skills/nonplayerskillsgdx1/heroskills/archetypes/arcane_elementalaura.dbr,Skill_BuffRadiusToggled,,,,,,,,True,,,,,,,,,NO-REF,,basilisk_castattack_a01.anm,1.1667,,,,,,,,,,,,,,
records/creatures/enemies/hero/viper_h04.dbr,Cespal ~ Arcane,hero,dying,records/skills/nonplayerskillsgdx1/buff/basilisk_screechingdeath.dbr,Skill_BuffRadius,,,,,,,,True,,,,,,,,,NO-REF,,basilisk_castattack_a01.anm,1.1667,,,,,,,,,,,,,,
records/creatures/enemies/hero/wendigo_h01.dbr,Vollarius ~ Arcane,hero,special1,records/skills/nonplayerskillsgdx1/attackmelee/wendigo_tripleswipe.dbr,Skill_AttackWeapon,100.0,5.0,2.0,ShortRange,,,,,,,,,,,,Melee,DIRECT-REF,TripleStrike,,,wendigo_attack_c01.anm,58,1.9333,,,,,Physical,SlowBleeding,,60,,1,20.0
records/creatures/enemies/hero/wendigo_h01.dbr,Vollarius ~ Arcane,hero,special2,records/skills/nonplayerskillsgdx1/attackmelee/wendigo_leechingslam.dbr,Skill_AttackWeapon,100.0,8.0,1.0,ShortRange,,,,,,,,,,,,Melee,DIRECT-REF,DoubleSlash,,,wendigo_attackspecial_doubleslash_a01.anm,27,0.9,,,,,Life,,,60,,1,20.0
records/creatures/enemies/hero/wendigo_h01.dbr,Vollarius ~ Arcane,hero,special3,records/skills/nonplayerskillsgdx1/buffoffensive/wraith_soulsiphon.dbr,Skill_AttackBuffRadius,100.0,9.0,2.0,MediumRange,,,,,,,,,,,,,NO-REF,,wendigo_attack_a01.anm,1.0333,,,,,,,,,,,,,,
records/creatures/enemies/hero/wendigo_h01.dbr,Vollarius ~ Arcane,hero,special4,records/skills/nonplayerskillsgdx1/heroskills/archetypes/arcane_elementaltempest.dbr,Skill_AttackRadius,100.0,5.0,0.0,ShortRange,,,,,,,,,,,,Long,REF-UNSATISFIED-BY-TABLE,Nova,wendigo_attack_a01.anm,1.0333,,,,,,,,Elemental,,Petrify,60,5.5,,
records/creatures/enemies/hero/wendigo_h01.dbr,Vollarius ~ Arcane,hero,special5,records/skills/nonplayerskillsgdx1/heroskills/archetypes/arcane_elementalbolt.dbr,Skill_AttackProjectile,100.0,12.0,7.0,AnyRange,,,,,,,,,,,,Long,NO-REF,,wendigo_attack_a01.anm,1.0333,,,,records/fx/skillsothergdx1/projectile/elementaldispelbolt_fxprojectile.dbr,14.0,21.0,35.0,Elemental,SlowFire,,60,,,
records/creatures/enemies/hero/wendigo_h01.dbr,Vollarius ~ Arcane,hero,initial,records/skills/nonplayerskillsgdx1/heroskills/archetypes/arcane_elementalaura.dbr,Skill_BuffRadiusToggled,,,,,,,,True,,,,,,,,,NO-REF,,wendigo_attack_a01.anm,1.0333,,,,,,,,,,,,,,
records/creatures/enemies/hero/wendigo_h01.dbr,Vollarius ~ Arcane,hero,dying,records/skills/nonplayerskillsgdx1/aoe/wendigo_crimsonpool.dbr,Skill_AttackProjectileAreaEffect,,,,,,8.0,,,,,,,,,,Short,NO-REF,,wendigo_attack_a01.anm,1.0333,,,,records/fx/skillsothergdx1/aoe/crimsonpool_wendigo_projectilefx01.dbr,,3.0,,,SlowBleeding,SlowOffensiveAbility,60,,,
records/creatures/enemies/hero/wendigo_h04.dbr,Ravagrad ~ Unstoppable,hero,special1,records/skills/nonplayerskillsgdx1/attackmelee/wendigo_tripleswipe.dbr,Skill_AttackWeapon,100.0,5.0,2.0,ShortRange,,,,,,,,,,,,Melee,DIRECT-REF,TripleStrike,,,wendigo_attack_c01.anm,58,1.9333,,,,,Physical,SlowBleeding,,60,,1,20.0
records/creatures/enemies/hero/wendigo_h04.dbr,Ravagrad ~ Unstoppable,hero,special2,records/skills/nonplayerskillsgdx1/attackmelee/wendigo_leechingslam.dbr,Skill_AttackWeapon,100.0,8.0,1.0,ShortRange,,,,,,,,,,,,Melee,DIRECT-REF,DoubleSlash,,,wendigo_attackspecial_doubleslash_a01.anm,27,0.9,,,,,Life,,,60,,1,20.0
records/creatures/enemies/hero/wendigo_h04.dbr,Ravagrad ~ Unstoppable,hero,special3,records/skills/nonplayerskillsgdx1/buffoffensive/wraith_soulsiphon.dbr,Skill_AttackBuffRadius,100.0,9.0,2.0,MediumRange,,,,,,,,,,,,,NO-REF,,wendigo_attack_a01.anm,1.0333,,,,,,,,,,,,,,
records/creatures/enemies/hero/wendigo_h04.dbr,Ravagrad ~ Unstoppable,hero,initial,records/skills/nonplayerskills/heroskills/archetypes/unstoppable_unstoppable.dbr,Skill_BuffRadiusToggled,,,,,,,,True,,,,,,,,,NO-REF,,wendigo_attack_a01.anm,1.0333,,,,,,,,,,,,,,
records/creatures/enemies/hero/wendigo_h04.dbr,Ravagrad ~ Unstoppable,hero,dying,records/skills/nonplayerskillsgdx1/aoe/wendigo_crimsonpool.dbr,Skill_AttackProjectileAreaEffect,,,,,,8.0,,,,,,,,,,Short,NO-REF,,wendigo_attack_a01.anm,1.0333,,,,records/fx/skillsothergdx1/aoe/crimsonpool_wendigo_projectilefx01.dbr,,3.0,,,SlowBleeding,SlowOffensiveAbility,60,,,
records/creatures/enemies/nemesis/nemesis_aetherial_01.dbr,"Valdaran, the Storm Scourge",nemesis,basic,records/skills/nonplayerskills/bossskills/nemesis/valdaran_lightningorb.dbr,Skill_AttackProjectileBurst,,,,,0.10000000149011612,,,,,,,,,,,Maximum,NO-REF,,reanimator_attack_02.anm,1.3667,,,,records/fx/skillsother/projectile/lightningorb_fxprojectile.dbr,16.0,20.0,,Lightning,,,60,,,
records/creatures/enemies/nemesis/nemesis_aetherial_01.dbr,"Valdaran, the Storm Scourge",nemesis,special1,records/skills/nonplayerskills/bossskills/nemesis/valdaran_lightningbolt.dbr,Skill_AttackRadiusLightning,100.0,10.0,3.0,LongRange,,,,,,,,,0.5,,,Maximum,NO-REF,,reanimator_attack_02.anm,1.3667,,,,,,,,Lightning,,Stun|SlowRunSpeed,60,2.0,,
records/creatures/enemies/nemesis/nemesis_aetherial_01.dbr,"Valdaran, the Storm Scourge",nemesis,special2,records/skills/nonplayerskills/bossskills/nemesis/valdaran_lightningdischarge.dbr,Skill_AttackRadius,100.0,7.0,2.0,ShortRange,,,,,,,,,0.0,,,Maximum,NO-REF,,reanimator_attack_02.anm,1.3667,,,,,,,,Lightning|Aether,SlowLightning,Stun,60,7.0,,
records/creatures/enemies/nemesis/nemesis_aetherial_01.dbr,"Valdaran, the Storm Scourge",nemesis,special3,records/skills/nonplayerskills/bossskills/nemesis/valdaran_teleportself.dbr,Skill_AttackSpellTeleportSelf,100.0,4.0,4.0,LongRange,,,,,,,,,,,,Maximum,REF-UNSATISFIED-BY-TABLE,Teleport,reanimator_attack_02.anm,1.3667,,,,,,,,,,,,,,
records/creatures/enemies/nemesis/nemesis_aetherial_01.dbr,"Valdaran, the Storm Scourge",nemesis,special4,records/skills/nonplayerskills/bossskills/nemesis/valdaran_teleportswap.dbr,Skill_AttackSpellTeleport,85.0,12.0,8.0,LongRange,,,,,,,,,,,,Long,NO-REF,,reanimator_attack_02.anm,1.3667,,,,,,,,Lightning,,SlowRunSpeed,60,,,
records/creatures/enemies/nemesis/nemesis_aetherial_01.dbr,"Valdaran, the Storm Scourge",nemesis,special5,records/skills/nonplayerskills/bossskills/nemesis/valdaran_ringoflightning.dbr,Skill_BuffAttackRadiusDuration,100.0,13.0,5.0,AnyRange,16.0,6.0,,,,,,,,,,Maximum,NO-REF,,reanimator_attack_02.anm,1.3667,,,,,,,,Lightning|Elemental,SlowLightning,,60,4.5,,
records/creatures/enemies/nemesis/nemesis_aetherial_01.dbr,"Valdaran, the Storm Scourge",nemesis,initial,records/skills/nonplayerskills/bossskills/nemesis/valdaran_lightningdmgaura.dbr,Skill_BuffRadiusToggled,,,,,,,,True,,,,,,,,,NO-REF,,reanimator_attack_02.anm,1.3667,,,,,,,,,,,,,,
records/creatures/enemies/nemesis/nemesis_aetherialvanguard_01.dbr,Archmage Aleksander,nemesis,basic,records/skills/nonplayerskillsgdx1/bossskills/nemesis/aetherialvanguard_aetherbreath.dbr,Skill_AttackWave,,,,,,,,,,,0.33000001311302185,8.0,,,,Short,DIRECT-REF,AetherBreath,,,hero01_sword1h_skill_flamebreath_a01.anm,41,1.3667,,,,,Fire|Aether,SlowFire,SlowDefensiveAbility,60,,,
records/creatures/enemies/nemesis/nemesis_aetherialvanguard_01.dbr,Archmage Aleksander,nemesis,special1,records/skills/nonplayerskillsgdx1/bossskills/nemesis/aetherialvanguard_aethermeteor.dbr,Skill_AttackProjectileDrop,100.0,7.0,2.0,AnyRange,,,,,,,,,1.0,,,Maximum,DIRECT-REF,DoomboltSunder,,,hero01_sword1h_spell_doombolt_sunder.anm,19,0.6333,records/fx/skillsothergdx1/projectile/aethermeteor_projectilefx01.dbr,19.0,24.0,0.0,Physical|Aether,SlowFire,Freeze|SlowDamageMult,60,3.0,,
records/creatures/enemies/nemesis/nemesis_aetherialvanguard_01.dbr,Archmage Aleksander,nemesis,special2,records/skills/nonplayerskillsgdx1/bossskills/nemesis/aetherialvanguard_arcanemissilenova.dbr,Skill_AttackProjectileRing,100.0,9.0,3.0,MediumRange,,,,,,,,,,,,Long,DIRECT-REF,Nova,,,hero01_unarmed_spell_nova_a01.anm,19,0.6333,records/fx/skillsothergdx1/projectileboss/aetherialvanguard_arcanemissileboomerang_fxprojectile.dbr,14.0,40.0,,Elemental,,,60,,,
records/creatures/enemies/nemesis/nemesis_aetherialvanguard_01.dbr,Archmage Aleksander,nemesis,special3,records/skills/nonplayerskillsgdx1/bossskills/nemesis/aetherialvanguard_summonshard.dbr,Skill_SpawnPetMonster,100.0,15.0,0.0,AnyRange,,,,False,,,,,,,,Moderate,DIRECT-REF,Stormcaller,,,hero01_sword1h_skill_stormcaller_a01.anm,21,0.7,,,,,,,,,,,
records/creatures/enemies/nemesis/nemesis_aetherialvanguard_01.dbr,Archmage Aleksander,nemesis,special4,records/skills/nonplayerskillsgdx1/bossskills/nemesis/aetherialvanguard_aethermissileinversenova.dbr,Skill_AttackProjectileRing,100.0,10.0,4.0,MediumRange,,,,,,,,,,,,Long,DIRECT-REF,Doombolt,,,hero01_sword1h_spell_doombolt_a01.anm,19,0.6333,records/fx/skillsothergdx1/projectileboss/aetherialvanguard_aethermissileinverse_fxprojectile.dbr,9.0,40.0,,Aether,,,60,,,
records/creatures/enemies/nemesis/nemesis_aetherialvanguard_01.dbr,Archmage Aleksander,nemesis,special5,records/skills/nonplayerskills/bossskills/nemesis/valdaran_teleportself.dbr,Skill_AttackSpellTeleportSelf,100.0,6.0,6.0,LongRange,,,,,,,,,,,,Maximum,REF-UNSATISFIED-BY-TABLE,Teleport,hero01_sword1h_spellattack_b01.anm,0.6333,,,,,,,,,,,,,,
records/creatures/enemies/nemesis/nemesis_beast_01_p1.dbr,"Kubacabra, the Endless Menace",nemesis,basic,records/skills/nonplayerskillsgdx1/bossskills/nemesis/beast_frenzyswipes.dbr,Skill_WeaponPool_ChargedLinear,,,,,0.0,,2.5,,,,,,,,,Melee,NO-REF,,,,,,,,,,,,,,20,,,
records/creatures/enemies/nemesis/nemesis_beast_01_p1.dbr,"Kubacabra, the Endless Menace",nemesis,special1,records/skills/nonplayerskillsgdx1/bossskills/nemesis/beast_bloodgore.dbr,Skill_AttackWeapon,100.0,5.0,2.0,ShortRange,,,,,,,,,,,,Melee,DIRECT-REF,Gore,,,yeti_attack_b01.anm,35,1.1667,,,,,Physical,SlowBleeding,,60,,1,30.0
records/creatures/enemies/nemesis/nemesis_beast_01_p1.dbr,"Kubacabra, the Endless Menace",nemesis,special2,records/skills/nonplayerskillsgdx1/bossskills/nemesis/beast_bloodbreath.dbr,Skill_AttackWave,100.0,12.0,3.0,MediumRange,,,,,,,0.5,12.0,,,,Long,DIRECT-REF,BreathBlood,,,yeti_attackbreathblood_a01.anm,41,1.3667,,,,,Physical|Life,SlowBleeding,,60,,,
records/creatures/enemies/nemesis/nemesis_beast_01_p1.dbr,"Kubacabra, the Endless Menace",nemesis,special3,records/skills/nonplayerskillsgdx1/bossskills/nemesis/beast_bonespines.dbr,Skill_AttackWave,100.0,9.0,4.0,ShortRange,,,,,,,0.5,8.0,,,,Short,DIRECT-REF,GroundSlamSingle,,,yeti_groundslam_single_a01.anm,46,1.5333,,,,,Pierce,SlowBleeding,,60,,,
records/creatures/enemies/nemesis/nemesis_beast_01_p1.dbr,"Kubacabra, the Endless Menace",nemesis,special4,records/skills/nonplayerskillsgdx1/bossskills/nemesis/beast_howl.dbr,Skill_AttackRadius,100.0,14.0,5.0,ShortRange,,,,,,,,,,,,Short,DIRECT-REF,Roar,,,yeti_roar_a01.anm,41,1.3667,,,,,,SlowBleeding,SlowTotalSpeed,60,8.0,,
records/creatures/enemies/nemesis/nemesis_beast_01_p1.dbr,"Kubacabra, the Endless Menace",nemesis,initial,records/skills/nonplayerskillsgdx1/bossskills/nemesis/beast_selfaura.dbr,Skill_BuffSelfToggled,,,,,,,,True,,,,,,,,Short,NO-REF,,yeti_roar_a01.anm,1.3667,,,,,,,,,,,,,,
records/creatures/enemies/nemesis/nemesis_chthonianvoidborn_01.dbr,"Grava'Thul, the Voiddrinker",nemesis,special1,records/skills/nonplayerskillsgdx1/bossskills/nemesis/chthonian02_chaosgust.dbr,Skill_AttackWave,100.0,8.0,0.0,MediumRange,,,,,,,0.8999999761581421,8.0,,,,Moderate,DIRECT-REF,GustSunder,,,chthonianrylok_attackspecial_a01_sunder.anm,73,2.4333,,,,,Physical|Chaos,,SlowDamageMult,60,,,
records/creatures/enemies/nemesis/nemesis_chthonianvoidborn_01.dbr,"Grava'Thul, the Voiddrinker",nemesis,special2,records/skills/nonplayerskillsgdx1/bossskills/nemesis/chthonian02_doubleswipe.dbr,Skill_AttackWave,100.0,5.0,1.0,ShortRange,,,,,,,0.20000000298023224,8.0,,,,Short,DIRECT-REF,Cleave,,,chthonianrylok_cleave.anm,45,1.5,,,,,Physical|Chaos,,,60,,,
records/creatures/enemies/nemesis/nemesis_chthonianvoidborn_01.dbr,"Grava'Thul, the Voiddrinker",nemesis,special3,records/skills/nonplayerskillsgdx1/bossskills/nemesis/chthonian02_homingchaos.dbr,Skill_AttackProjectileBurst,100.0,15.0,5.0,AnyRange,,,,,,,,,,,,Long,DIRECT-REF,RoarDoubleNemesis,,,chthonianrylok_roardoublenemesis_a01.anm,43,1.4333,records/fx/skillsothergdx1/projectileboss/chthoniannemesis_chaosbarragehoming_fxprojectile.dbr,14.0,21.0,35.0,Physical|Fire|Chaos,,,60,,,
records/creatures/enemies/nemesis/nemesis_chthonianvoidborn_01.dbr,"Grava'Thul, the Voiddrinker",nemesis,special4,records/skills/nonplayerskillsgdx1/bossskills/nemesis/chthonian02_charge.dbr,Skill_AttackWeaponCharge,100.0,6.0,2.0,LongRange,,,,,True,records/fx/skillclass01/blitz1_warmuploop_fx01.dbr,,,,,,Melee,REF-UNSATISFIED-BY-TABLE,Charge,,,,,,,,,,Physical|Chaos,,,60,,5,180.0
records/creatures/enemies/nemesis/nemesis_chthonianvoidborn_01.dbr,"Grava'Thul, the Voiddrinker",nemesis,initial,records/skills/nonplayerskillsgdx1/bossskills/nemesis/chthonian02_auraofoppression.dbr,Skill_BuffRadiusToggled,,,,,,,,True,,,,,,,,,NO-REF,,chthonianrylok_castattack_a01.anm,1.1667,,,,,,,,,,,,,,
records/creatures/enemies/nemesis/nemesis_chthonickurn_01.dbr,"Nyarlathon, Herald of Annihilation",nemesis,basic,records/skills/nonplayerskillsgdx3/bossskills/nemesis/chthonickurn_chaosblast.dbr,Skill_AttackProjectile,,,,,,,,,,,,,,,,Long,NO-REF,,chthonianherald_basicspell_a01.anm,1.1667,,,,records/fx/skillsothergdx3/projectileboss/nemesis_chthonicorb_fxhomingprojectile.dbr,7.0,45.0,,Physical|Chaos,,,60,,,
records/creatures/enemies/nemesis/nemesis_chthonickurn_01.dbr,"Nyarlathon, Herald of Annihilation",nemesis,special1,records/skills/nonplayerskillsgdx3/bossskills/nemesis/chthonickurn_markofdoom.dbr,Skill_AttackBuff,100.0,15.0,6.0,AnyRange,,,,,,,,,,,,,NO-REF,,chthonianherald_basicspell_a01.anm,1.1667,,,,,,,,,,,,,,
records/creatures/enemies/nemesis/nemesis_chthonickurn_01.dbr,"Nyarlathon, Herald of Annihilation",nemesis,special2,records/skills/nonplayerskillsgdx3/bossskills/nemesis/chthonickurn_summoncluster.dbr,Skill_TargetedSpawnPet,100.0,13.0,5.0,AnyRange,,,,,,,,,,,,Maximum,DIRECT-REF,SummonChannelSunder,,,chthonianherald_summonchannelsunder_a01.anm,91,3.0333,,,,,,,,,,,
records/creatures/enemies/nemesis/nemesis_chthonickurn_01.dbr,"Nyarlathon, Herald of Annihilation",nemesis,special3,records/skills/nonplayerskillsgdx3/bossskills/nemesis/chthonickurn_teleport.dbr,Skill_AttackRadiusTeleport,100.0,10.0,5.0,LongRange,,,,,True,,,16.0,,,,Long,DIRECT-REF,Teleport,,,chthonianherald_teleport_a01.anm,21,0.7,,,,,Chaos,,SlowDefensiveAbility|SlowOffensiveAbility,60,4.5,,
records/creatures/enemies/nemesis/nemesis_chthonickurn_01.dbr,"Nyarlathon, Herald of Annihilation",nemesis,special4,records/skills/nonplayerskillsgdx3/bossskills/nemesis/chthonickurn_sunderchannel.dbr,Skill_AttackProjectileFan,100.0,8.0,2.0,ShortRange,,,,,,,,,,,,Moderate,DIRECT-REF,ChannelForwardSunder,,,chthonianherald_channelforwards_sunder_a01.anm,121,4.0333,records/fx/skillsothergdx3/projectile/goldenorb_fxprojectile.dbr,16.0,18.0,,Physical|Chaos,,SlowDamageMult,60,,,
records/creatures/enemies/nemesis/nemesis_kymon_01.dbr,Curate Ignus,nemesis,basic,records/skills/nonplayerskillsgdx3/bossskills/nemesis/kymon1_firestrike.dbr,Skill_WeaponPool_BasicAttack,,,,,,,,,,,,,,,,Maximum,NO-REF,,,,,,,,,,,Physical|Fire,,,60,,,
records/creatures/enemies/nemesis/nemesis_kymon_01.dbr,Curate Ignus,nemesis,special1,records/skills/nonplayerskillsgdx3/bossskills/nemesis/kymon1_hellfirebreath.dbr,Skill_AttackWave,100.0,9.0,0.0,ShortRange,,,,,,,0.33000001311302185,10.0,,,,Short,DIRECT-REF,BreathHellfire,,,hero01_sworddw_skill_hellfirebreath_a01.anm,41,1.3667,,,,,Physical|Fire,SlowFire,,60,,,
records/creatures/enemies/nemesis/nemesis_kymon_01.dbr,Curate Ignus,nemesis,special2,records/skills/nonplayerskillsgdx3/bossskills/nemesis/kymon1_meteor.dbr,Skill_AttackProjectileDrop,100.0,11.0,4.0,AnyRange,,,,,,,,,1.0,,,Maximum,DIRECT-REF,DoomboltSunder,,,hero01_sword1h_spell_doombolt_sunder.anm,19,0.6333,records/fx/skillsothergdx3/projectileboss/meteorsunder01_projectilefx01.dbr,16.0,24.0,0.0,Physical|Fire|Chaos,,Stun|SlowDamageMult,60,3.0,,
records/creatures/enemies/nemesis/nemesis_kymon_01.dbr,Curate Ignus,nemesis,special3,records/skills/nonplayerskillsgdx3/bossskills/nemesis/kymon1_hellfirecocktail.dbr,Skill_AttackProjectile,100.0,7.0,7.0,MediumRange,,6.0,,,,,,,,,,Long,DIRECT-REF,Throw,,,hero01_unarmed_throw_a01.anm,27,0.9,records/fx/skillsothergdx3/projectile_aoe/hellfire_projectilefx01.dbr,18.0,15.0,18.0,Physical|Fire|Chaos,,SlowDefensiveReduction,60,,,
records/creatures/enemies/nemesis/nemesis_orderdeathsvigil_01.dbr,"Zantarin, the Immortal",nemesis,basic,records/skills/nonplayerskills/bossskills/nemesis/zantarin_undeathmissiles.dbr,Skill_AttackProjectileBurst,,,,,,,,,,,,,,,,Maximum,NO-REF,,skeleton_01a_attack_a.anm,1.3667,,,,records/fx/skillsother/projectile/spectralbolt_grenade_fxprojectile.dbr,18.0,18.0,30.0,Poison|Life,,,60,,,
records/creatures/enemies/nemesis/nemesis_orderdeathsvigil_01.dbr,"Zantarin, the Immortal",nemesis,special1,records/skills/nonplayerskills/bossskills/nemesis/zantarin_vitalityburst.dbr,Skill_AttackProjectileBurst,100.0,8.0,2.0,LongRange,,,,,,,,,,,,Maximum,DIRECT-REF,CastSunder,,,skeleton_01a_special_slowsunder.anm,61,2.0333,records/fx/skillsother/projectile/spectralbolt_grenadefast_fxprojectile.dbr,35.0,18.0,22.0,Poison|Life,,SlowDamageMult,60,,,
records/creatures/enemies/nemesis/nemesis_orderdeathsvigil_01.dbr,"Zantarin, the Immortal",nemesis,special2,records/skills/nonplayerskills/bossskills/nemesis/zantarin_vitalitynovabarrage.dbr,Skill_AttackProjectileRing,100.0,13.0,0.0,MediumRange,2.0,,,,,,,,,,,Moderate,DIRECT-REF,Barrage,,,skeleton_01a_attack_b_nemesisbarrage.anm,46,1.5333,records/fx/skillsother/projectile/spectralbolt_fxprojectile.dbr,18.0,15.0,,Poison|Life,,,60,,,
records/creatures/enemies/nemesis/nemesis_orderdeathsvigil_01.dbr,"Zantarin, the Immortal",nemesis,special3,records/skills/nonplayerskills/bossskills/nemesis/zantarin_curse1.dbr,Skill_AttackBuffRadius,100.0,18.0,5.0,AnyRange,,,,,,,,,,,,,NO-REF,,skeleton_01a_attack_a.anm,1.3667,,,,,,,,,,,,,,
records/creatures/enemies/nemesis/nemesis_orderdeathsvigil_01.dbr,"Zantarin, the Immortal",nemesis,special4,records/skills/nonplayerskills/bossskills/nemesis/zantarin_summonrevenant.dbr,Skill_SpawnPetMonster,100.0,20.0,2.0,AnyRange,,,,False,,,,,,,,Maximum,REF-UNSATISFIED-BY-TABLE,Summon,skeleton_01a_attack_a.anm,1.3667,,,,,,,,,,,,,,
records/creatures/enemies/nemesis/nemesis_orderdeathsvigil_01.dbr,"Zantarin, the Immortal",nemesis,initial,records/skills/nonplayerskills/bossskills/nemesis/zantarin_deathaura.dbr,Skill_BuffAttackRadiusToggled,,,,,,,,False,,,,,,,,Short,NO-REF,,skeleton_01a_attack_a.anm,1.3667,,,,,,,,Life,,SlowAttackSpeed,60,12.0,,
records/creatures/enemies/nemesis/nemesis_outlaw_01.dbr,"Fabius ""the Unseen"" Gonzar",nemesis,special1,records/skills/nonplayerskills/bossskills/nemesis/fabius_shadowstrike.dbr,Skill_AttackWeaponBlink,100.0,6.0,0.0,MediumRange,,,,,True,,,,,,,Melee,NO-REF,,,,,,,,,,,Physical|Cold,,SlowRunSpeed,60,,1,40.0
records/creatures/enemies/nemesis/nemesis_outlaw_01.dbr,"Fabius ""the Unseen"" Gonzar",nemesis,special2,records/skills/nonplayerskills/bossskills/nemesis/fabius_bladeswarm.dbr,Skill_AttackProjectileSpawnPet,80.0,20.0,2.0,ShortRange,,,,,,,,,,,,Moderate,NO-REF,,hero01_sword1h_spellattack_b01.anm,0.6333,,,,records/fx/skillsother/projectile/bladespirit1_projectile_fx.dbr,25.0,18.0,15.0,,,,,,,
records/creatures/enemies/nemesis/nemesis_outlaw_01.dbr,"Fabius ""the Unseen"" Gonzar",nemesis,special3,records/skills/nonplayerskills/bossskills/nemesis/fabius_bladeswarm_longrange.dbr,Skill_AttackProjectileSpawnPet,100.0,12.0,2.0,LongRange,,,,,,,,,,,,Moderate,NO-REF,,hero01_sword1h_spellattack_b01.anm,0.6333,,,,records/fx/skillsother/projectile/bladespirit1_projectile_fx.dbr,25.0,18.0,15.0,,,,,,,
records/creatures/enemies/nemesis/nemesis_outlaw_01.dbr,"Fabius ""the Unseen"" Gonzar",nemesis,special4,records/skills/nonplayerskills/bossskills/nemesis/fabius_bladebarrier.dbr,Skill_BuffSelfImmobilize,100.0,22.0,12.0,ShortRange,22.0,3.0,,False,,,,,,,,Short,DIRECT-REF,BladeBarrier,,,hero01_sworddw_attackspecial_bladebarrier_a01.anm,181,6.0333,,,,,,,,,,,
records/creatures/enemies/nemesis/nemesis_outlaw_01.dbr,"Fabius ""the Unseen"" Gonzar",nemesis,initial,records/skills/nonplayerskills/bossskills/nemesis/fabius_veilofshadow.dbr,Skill_BuffRadiusToggled,,,,,,,,True,,,,,,,,,NO-REF,,hero01_sword1h_spellattack_b01.anm,0.6333,,,,,,,,,,,,,,
records/creatures/enemies/nemesis/nemesis_wendigo_01.dbr,Reaper of the Lost,nemesis,basic,records/skills/nonplayerskillsgdx1/bossskills/nemesis/wendigo_frenzyswipes.dbr,Skill_WeaponPool_ChargedLinear,,,,,0.0,,1.2000000476837158,,,,,,,,,Short,NO-REF,,,,,,,,,,,,,,6,,,
records/creatures/enemies/nemesis/nemesis_wendigo_01.dbr,Reaper of the Lost,nemesis,special1,records/skills/nonplayerskillsgdx1/bossskills/nemesis/wendigo_tearflesh.dbr,Skill_AttackWeapon,100.0,11.0,5.0,ShortRange,,,,,,,,,,,,Short,DIRECT-REF,TripleSwipeSunder,,,wendigo_attackspecial_tripleswipesunder.anm,58,1.9333,,,,,Physical,,SlowDamageMult,60,,5,90.0
records/creatures/enemies/nemesis/nemesis_wendigo_01.dbr,Reaper of the Lost,nemesis,special2,records/skills/nonplayerskillsgdx1/bossskills/nemesis/wendigo_summonwraiths.dbr,Skill_SpawnPet,100.0,18.0,7.0,AnyRange,,,,True,,,,,,,,Long,DIRECT-REF,RavagerHowl,,,wendigo_attackspecial_ravagerhowl_a01.anm,31,1.0333,,,,,,,,,,,
records/creatures/enemies/nemesis/nemesis_wendigo_01.dbr,Reaper of the Lost,nemesis,special3,records/skills/nonplayerskillsgdx1/bossskills/nemesis/wendigo_necroticnovainverse.dbr,Skill_AttackProjectileRing,100.0,16.0,10.0,ShortRange,,,,,,,,,,,,Boss,DIRECT-REF,RoarDouble,,,wendigo_attackspecial_howl_a01_double.anm,31,1.0333,records/fx/skillsothergdx1/projectileboss/wendigonemesis_vitalitynovainverse_fxprojectile.dbr,9.0,40.0,,Pierce|Life,,SlowTotalSpeed,60,,,
records/creatures/enemies/nemesis/nemesis_wendigo_01.dbr,Reaper of the Lost,nemesis,special4,records/skills/nonplayerskillsgdx1/bossskills/nemesis/wendigo_bloodheal.dbr,Skill_BuffRadius,100.0,22.0,8.0,ShortRange,,,,True,,,,,,,,,NO-REF,,wendigo_attack_a01.anm,1.0333,,,,,,,,,,,,,,
records/creatures/enemies/nemesis/nemesis_wendigo_01.dbr,Reaper of the Lost,nemesis,special5,records/skills/nonplayerskillsgdx1/bossskills/nemesis/wendigo_necroticnovaboomerang.dbr,Skill_AttackProjectileRing,100.0,10.0,3.0,AnyRange,,,,,,,,,,,,Boss,DIRECT-REF,RoarDouble,,,wendigo_attackspecial_howl_a01_double.anm,31,1.0333,records/fx/skillsothergdx1/projectileboss/wendigonemesis_vitalitynovaboomerang_fxprojectile.dbr,10.0,40.0,,Pierce|Life,,SlowTotalSpeed,60,,,
records/creatures/enemies/aetherialbloater_b01.dbr,Aetherial Bileeater,trash,basic,records/skills/nonplayerskillsgdx1/attackmelee/aetherialbloater_bite.dbr,Skill_WeaponPool_ChargedFinale,,,,,,,2.5,,,,,,,,,Melee,DIRECT-REF,Bite,,,aetherialbloater_bite_a01.anm,31,1.0333,,,,,Physical|Poison,SlowPoison,,60,,1,20.0
records/creatures/enemies/aetherialbloater_b01.dbr,Aetherial Bileeater,trash,special1,records/skills/nonplayerskillsgdx1/attackmelee/aetherialbloater_thrash.dbr,Skill_AttackWeapon,100.0,5.0,2.0,ShortRange,,,,,,,,,,,,Melee,DIRECT-REF,Thrash,,,aetherialbloater_attack_c01aether.anm,61,2.0333,,,,,Physical|Poison,SlowPoison,,60,,1,20.0
records/creatures/enemies/aetherialbloater_b01.dbr,Aetherial Bileeater,trash,special2,records/skills/nonplayerskillsgdx1/path/aetherialbloater_barf.dbr,Skill_AttackWave,100.0,7.0,4.0,ShortRange,3.0,,,,,,0.5,5.0,2.0,,,Melee,DIRECT-REF,Vomit,,,aetherialbloater_vomit_a01.anm,51,1.7,,,,,Poison,SlowPoison,SlowDefensiveAbility,60,,,
records/creatures/enemies/aetherialbloater_b01.dbr,Aetherial Bileeater,trash,special3,records/skills/nonplayerskillsgdx1/attackcharge/aetherialbloater_vilecharge.dbr,Skill_AttackWeaponCharge,80.0,7.0,0.0,LongRange,,,,,True,records/fx/skillclass01/blitz1_warmuploop_fx01.dbr,,,0.25,,,Melee,REF-UNSATISFIED-BY-TABLE,Charge,,,,,,,,,,Physical|Poison|Life,,SlowRunSpeed,60,,6,240.0
records/creatures/enemies/aetherialbloater_c01.dbr,Aetherial Regurgitator,trash,basic,records/skills/nonplayerskillsgdx1/attackmelee/aetherialbloater_bite.dbr,Skill_WeaponPool_ChargedFinale,,,,,,,2.5,,,,,,,,,Melee,DIRECT-REF,Bite,,,aetherialbloater_bite_a01.anm,31,1.0333,,,,,Physical|Poison,SlowPoison,,60,,1,20.0
records/creatures/enemies/aetherialbloater_c01.dbr,Aetherial Regurgitator,trash,special1,records/skills/nonplayerskillsgdx1/path/aetherialbloater_violentbarf.dbr,Skill_AttackProjectileBurst,100.0,7.0,3.0,MediumRange,,,,,,,,,,,,Moderate,DIRECT-REF,VomitBarrage,,,aetherialbloater_vomittriple_a01.anm,51,1.7,records/fx/skillsothergdx1/projectile/aetherialbloater_gorechunk_projectile.dbr,20.0,20.0,28.0,Physical|Poison,SlowPoison,Confusion,60,,,
records/creatures/enemies/aetherialbloater_c01.dbr,Aetherial Regurgitator,trash,initial,records/skills/nonplayerskillsgdx1/buffoffensive/aetherialbloater_chokingpresence.dbr,Skill_BuffRadiusToggled,,,,,,,,True,,,,,,,,,NO-REF,,aetherialbloater_roar_a01.anm,1.1667,,,,,,,,,,,,,,
records/creatures/enemies/aetherialcolossus_a01.dbr,Aetherial Behemoth,trash,special1,records/skills/nonplayerskills/attackcharge/fleshhulk_charge.dbr,Skill_AttackWeaponCharge,70.0,7.0,3.0,LongRange,,,,,True,records/fx/skillclass01/blitz1_warmuploop_fx01.dbr,,,0.25,,,Melee,DIRECT-REF,Charge,,,aetherialcolossus_charged_end_a01.anm,41,1.3667,,,,,Physical|Aether,,,60,,6,90.0
records/creatures/enemies/aetherialcolossus_a01.dbr,Aetherial Behemoth,trash,special2,records/skills/nonplayerskillsgdx1/attackprojectile/aetherialcolossus_cannon.dbr,Skill_AttackProjectile,100.0,5.0,1.0,MediumRange,,,,,,,,,,,,Long,DIRECT-REF,CannonShot,,,aetherialcolossus_cannonshot_a01.anm,38,1.2667,records/fx/skillsother/projectile/aether_cannonball_projectilefx01.dbr,20.0,22.0,0.0,Physical|Aether,,,60,,,
records/creatures/enemies/aetherialcolossus_a01.dbr,Aetherial Behemoth,trash,dying,records/skills/nonplayerskills/aoe/aetherexplosion1.dbr,Skill_AttackProjectileAreaEffect,,,,,,6.0,,,,,,,,,,Short,NO-REF,,aetherialcolossus_attack_a01.anm,2.1667,,,,records/fx/skillsother/aoe/aetherexplosion_projectilefx01.dbr,,3.0,,Aether,,,60,,,
records/creatures/enemies/aetherialcolossus_c02.dbr,Aetherial Stormbearer,trash,special1,records/skills/nonplayerskillsgdx1/attackcharge/aetherialcolossus_stormcharge.dbr,Skill_AttackWeaponCharge,100.0,6.0,0.0,LongRange,,,,,True,records/fx/skillclass01/blitz1_warmuploop_fx01.dbr,,,0.25,,,Melee,DIRECT-REF,Charge,,,aetherialcolossus_charged_end_a01.anm,41,1.3667,,,,,Physical|Lightning,,,60,,6,240.0
records/creatures/enemies/aetherialcolossus_c02.dbr,Aetherial Stormbearer,trash,special2,records/skills/nonplayerskillsgdx1/attackprojectile/aetherialcolossus_stormburst.dbr,Skill_AttackProjectileBurst,100.0,7.0,2.0,MediumRange,,,,,,,,,,,,Long,DIRECT-REF,CannonShot,,,aetherialcolossus_cannonshot_a01.anm,38,1.2667,records/fx/skillsother/projectile/lightningorbburst_fxprojectile.dbr,16.0,20.0,,Lightning|Aether,SlowLightning,SlowDefensiveAbility,60,,,
records/creatures/enemies/aetherialcolossus_c02.dbr,Aetherial Stormbearer,trash,special3,records/skills/nonplayerskillsgdx1/attackprojectilering/aetherialcolossus_stormnova.dbr,Skill_AttackProjectileRing,100.0,6.0,0.0,ShortRange,,,,,,,,,,,,Long,REF-UNSATISFIED-BY-TABLE,Nova,aetherialcolossus_attack_a01.anm,2.1667,,,,records/fx/skillsothergdx1/projectile/lightningorb_burst_projectilefx01.dbr,16.0,20.0,,Physical|Lightning|Aether,SlowLightning,,60,,,
records/creatures/enemies/aetherialcolossus_c02.dbr,Aetherial Stormbearer,trash,dying,records/skills/nonplayerskillsgdx1/aoe/aetherialcolossus_stormexplosion.dbr,Skill_AttackProjectileAreaEffect,,,,,,6.0,,,,,,,,,,Short,NO-REF,,aetherialcolossus_attack_a01.anm,2.1667,,,,records/fx/skillsother/projectile_aoe/fx_lightningstorm_projectile01.dbr,,20.0,,Lightning,SlowLightning,,60,,,
records/creatures/enemies/aetherialcorruption_a01.dbr,Fleshwarped Corruption,trash,basic,records/skills/nonplayerskillsgdx1/attackmelee/aetherialcorruption_aetherslam.dbr,Skill_WeaponPool_ChargedFinale,,,,,,,2.5,,,,,,,,,Melee,DIRECT-REF,Slam,,,aetherialcorruption_attack_a01.anm,46,1.5333,,,,,Physical|Aether,,,60,,1,20.0
records/creatures/enemies/aetherialcorruption_b01.dbr,Fleshwarped Chilled One,trash,basic,records/skills/nonplayerskillsgdx1/attackmelee/aetherialcorruption_icepincer.dbr,Skill_WeaponPool_ChargedFinale,,,,,,,2.5,,,,,,,,,Melee,DIRECT-REF,PincerCold,,,aetherialcorruption_attack_c01_cold.anm,46,1.5333,,,,,Physical|Cold,,,60,,1,20.0
records/creatures/enemies/aetherialcorruption_b01.dbr,Fleshwarped Chilled One,trash,special1,records/skills/nonplayerskillsgdx1/buffattackradius/aetherialcorruption_chillwind.dbr,Skill_BuffAttackRadiusDuration,100.0,10.0,2.0,ShortRange,,6.0,,,,,,,,,,Short,NO-REF,,aetherialcorruption_attack_d01.anm,1.6333,,,,,,,,Cold,,SlowTotalSpeed,60,3.5999999046325684,,
records/creatures/enemies/aetherialcorruption_b02.dbr,Fleshwarped Stormwalker,trash,basic,records/skills/nonplayerskillsgdx1/attackmelee/aetherialcorruption_lightningpincer.dbr,Skill_WeaponPool_ChargedFinale,,,,,,,2.5,,,,,,,,,Melee,DIRECT-REF,PincerLightning,,,aetherialcorruption_attack_c01_lightning.anm,46,1.5333,,,,,Physical|Lightning,,SlowOffensiveAbility,60,,1,20.0
records/creatures/enemies/aetherialcorruption_b02.dbr,Fleshwarped Stormwalker,trash,initial,records/skills/nonplayerskillsgdx1/buff/aetherialcorruption_stormskin.dbr,Skill_BuffSelfToggled,,,,,,,,True,,,,,,,,Short,NO-REF,,aetherialcorruption_attack_d01.anm,1.6333,,,,,,,,,,,,,,
records/creatures/enemies/aetherialcorruption_b02.dbr,Fleshwarped Stormwalker,trash,dying,records/skills/nonplayerskillsgdx1/attackradius/aetherialcorruption_detonate_lightning.dbr,Skill_AttackRadius,,,,,,,,,,,,,0.0,,,Melee,NO-REF,,aetherialcorruption_attack_d01.anm,1.6333,,,,,,,,Lightning|Aether,SlowLightning,,60,4.0,,
records/creatures/enemies/aetherialcorruption_c01.dbr,Fleshwarped Aberration,trash,basic,records/skills/nonplayerskillsgdx1/attackmelee/aetherialcorruption_poisonpincer.dbr,Skill_WeaponPool_ChargedFinale,,,,,,,2.5,,,,,,,,,Melee,DIRECT-REF,PincerPoison,,,aetherialcorruption_attack_c01_poison.anm,46,1.5333,,,,,Physical|Poison,SlowPoison,,60,,1,20.0
records/creatures/enemies/aetherialcorruption_c01.dbr,Fleshwarped Aberration,trash,special1,records/skills/nonplayerskillsgdx1/attackprojectilering/aetherialcorruption_poisonprojectilenova.dbr,Skill_AttackProjectileRing,100.0,8.0,2.0,MediumRange,2.0,,,,,,,,,,,Short,DIRECT-REF,RoarDouble,,,aetherialcorruption_roardouble_a01.anm,71,2.3667,records/fx/skillsother/projectile/waterpoisonorb_fxprojectile.dbr,14.0,18.0,,Physical|Poison,SlowPoison,,60,,,
records/creatures/enemies/aetherialcorruption_c01.dbr,Fleshwarped Aberration,trash,initial,records/skills/nonplayerskillsgdx1/buffattackradius/aetherialcorruption_rotskin.dbr,Skill_BuffAttackRadiusToggled,,,,,,,,False,,,,,,,,Short,NO-REF,,aetherialcorruption_attack_d01.anm,1.6333,,,,,,,,Aether,SlowPoison,,60,3.5,,
records/creatures/enemies/avian_a01.dbr,Kaw'Hranaak Ruiner,trash,basic,records/skills/nonplayerskillsgdx3/attackmelee/avian_risingchaos.dbr,Skill_WeaponPool_ChargedLinear,,,,,0.0,,3.0,,,,,,,,,Melee,NO-REF,,,,,,,,,,,,,,6,,,
records/creatures/enemies/avian_a01.dbr,Kaw'Hranaak Ruiner,trash,special1,records/skills/nonplayerskillsgdx3/path/avian_overwhelmingchaos.dbr,Skill_AttackWave,100.0,7.0,2.0,ShortRange,,,,,,,0.20000000298023224,7.0,1.0,,,Moderate,DIRECT-REF,Cleave,,,avian_big_swipe_01.anm,61,2.0333,,,,,Physical|Chaos,,Stun,60,,,
records/creatures/enemies/avian_b01.dbr,Kaw'Hranaak Iconoclast,trash,basic,records/skills/nonplayerskillsgdx3/attackmelee/avian_risingchaos.dbr,Skill_WeaponPool_ChargedLinear,,,,,0.0,,3.0,,,,,,,,,Melee,NO-REF,,,,,,,,,,,,,,6,,,
records/creatures/enemies/avian_b01.dbr,Kaw'Hranaak Iconoclast,trash,special1,records/skills/nonplayerskillsgdx3/path/avian_overwhelmingchaos.dbr,Skill_AttackWave,100.0,5.0,0.0,ShortRange,,,,,,,0.20000000298023224,7.0,1.0,,,Moderate,DIRECT-REF,Cleave,,,avian_big_swipe_01.anm,61,2.0333,,,,,Physical|Chaos,,Stun,60,,,
records/creatures/enemies/avian_b01.dbr,Kaw'Hranaak Iconoclast,trash,special2,records/skills/nonplayerskillsgdx3/attackprojectilering/avian_destruction orb.dbr,Skill_AttackProjectileRing,100.0,12.0,2.0,MediumRange,,,,,,,,,,,,Moderate,NO-REF,,avian_magic_throw_01.anm,1.3667,,,,records/fx/skillsothergdx3/projectile/chaosball_avian_fxorbitalprojectile.dbr,5.0,90.0,,Physical|Chaos,,,60,,,
records/creatures/enemies/avian_b01.dbr,Kaw'Hranaak Iconoclast,trash,special3,records/skills/nonplayerskillsgdx3/attackcharge/avian_leap.dbr,Skill_AttackRadiusLeap,100.0,7.0,0.0,LongRange,,,,,True,,,16.0,,,,Long,DIRECT-REF,Leap,,,avian_leap_attack_01.anm,81,2.7,,,,,Physical|Chaos,,SlowDefensiveAbility,60,6.0,,
records/creatures/enemies/avian_c01.dbr,Kaw'Hranaak Despoiler,trash,basic,records/skills/nonplayerskillsgdx3/attackmelee/avian_risingchaos.dbr,Skill_WeaponPool_ChargedLinear,,,,,0.0,,3.0,,,,,,,,,Melee,NO-REF,,,,,,,,,,,,,,6,,,
records/creatures/enemies/avian_c01.dbr,Kaw'Hranaak Despoiler,trash,special1,records/skills/nonplayerskillsgdx3/path/avian_overwhelmingchaos.dbr,Skill_AttackWave,100.0,5.0,0.0,ShortRange,,,,,,,0.20000000298023224,7.0,1.0,,,Moderate,DIRECT-REF,Cleave,,,avian_big_swipe_01.anm,61,2.0333,,,,,Physical|Chaos,,Stun,60,,,
records/creatures/enemies/avian_c01.dbr,Kaw'Hranaak Despoiler,trash,special2,records/skills/nonplayerskillsgdx3/attackprojectilering/avian_channeldestruction.dbr,Skill_AttackProjectileRing,100.0,10.0,2.0,MediumRange,,,,,,,,,,,,Moderate,DIRECT-REF,ChannelRaised,,,avian_raised_channel_01.anm,151,5.0333,records/fx/skillsothergdx3/projectile/chaosball_avian_fxorbitalprojectile.dbr,5.0,90.0,,Physical|Chaos,,,60,,,
records/creatures/enemies/basilisk_a01.dbr,Juvenile Basilisk,trash,special1,records/skills/nonplayerskills/attackcharge/genericphysical_charge.dbr,Skill_AttackWeaponCharge,50.0,8.0,6.0,LongRange,,,,,True,,,,,,,Melee,REF-UNSATISFIED-BY-TABLE,Charge,,,,,,,,,,,,,5,,1,90.0
records/creatures/enemies/basilisk_b01.dbr,Venomgaze Basilisk,trash,basic,records/skills/nonplayerskillsgdx1/attackprojectile/basilisk_acidspit.dbr,Skill_AttackProjectile,,,,,,,,,,,,,,,,Long,NO-REF,,basilisk_castattack_a01.anm,1.1667,,,,records/fx/skillsother/projectile/riftscourge_bilebolt_fxprojectile.dbr,18.0,18.0,35.0,Physical|Poison,,,60,,,
records/creatures/enemies/basilisk_b01.dbr,Venomgaze Basilisk,trash,special1,records/skills/nonplayerskillsgdx1/path/basilisk_acidbarf.dbr,Skill_AttackWave,100.0,8.0,3.0,ShortRange,,,,,,,0.5,4.0,,,,Melee,DIRECT-REF,BreathTriple,,,basilisk_breath_a01.anm,45,1.5,,,,,Poison,SlowPoison,,60,,,
records/creatures/enemies/basilisk_c01.dbr,Stonegaze Basilisk,trash,special1,records/skills/nonplayerskillsgdx1/attackradius/basilisk_tailswipe.dbr,Skill_AttackRadius,100.0,7.0,2.0,ShortRange,0.0,,,,,,,,,,,Melee,DIRECT-REF,TailLash,,,basilisk_attackspecial_a01.anm,44,1.4667,,,,,Physical,SlowPhysical,,60,3.799999952316284,,
records/creatures/enemies/basilisk_c01.dbr,Stonegaze Basilisk,trash,special2,records/skills/nonplayerskillsgdx1/path/basilisk_petrifyingglare.dbr,Skill_AttackWave,100.0,14.0,4.0,MediumRange,,,,,,,0.20000000298023224,6.0,,,,Melee,DIRECT-REF,Petrify,,,basilisk_petrifyingglare_a01.anm,45,1.5,,,,,,,Petrify|SlowTotalSpeed,60,,,
records/creatures/enemies/chthoniandevourer_a01.dbr,Chthonian Hungerer,trash,special1,records/skills/nonplayerskills/attackmelee/chthoniandevourer_chomp.dbr,Skill_AttackWeapon,33.0,4.0,3.0,MediumRange,,,,,,,,,,,,Melee,DIRECT-REF,Chomp,,,devourer_attack_a01.anm,25,0.8333,,,,,Physical,,,60,,1,20.0
records/creatures/enemies/chthoniandevourer_b01.dbr,Chthonian Devourer,trash,special1,records/skills/nonplayerskills/attackmelee/chthoniandevourer_megachomp.dbr,Skill_AttackWeapon,100.0,7.0,3.0,ShortRange,,,,,,,,,,,,Melee,DIRECT-REF,Chomp,,,devourer_attack_a01.anm,25,0.8333,,,,,Physical|Chaos,,,60,,1,20.0
records/creatures/enemies/chthoniandevourer_b02.dbr,Chthonian Gorger,trash,special1,records/skills/nonplayerskills/path/chthoniandevourer_vomit.dbr,Skill_AttackWave,100.0,9.0,3.0,ShortRange,3.0,,,,,,0.5,3.0,2.0,,,Melee,DIRECT-REF,Vomit,,,devourer_attackspit_a01.anm,51,1.7,,,,,Chaos,SlowPoison,,60,,,
records/creatures/enemies/chthonianherald_b01.dbr,Chthonian Portent,trash,basic,records/skills/nonplayerskillsgdx3/attackprojectile/chthonianherald_chaosblast.dbr,Skill_AttackProjectile,,,,,,,,,,,,,,,,Long,NO-REF,,chthonianherald_basicspell_a01.anm,1.1667,,,,records/fx/skillsothergdx3/projectile/chthonicorb_fxhomingprojectile.dbr,6.0,45.0,,Physical|Chaos,,,60,,,
records/creatures/enemies/chthonianherald_b01.dbr,Chthonian Portent,trash,special1,records/skills/nonplayerskillsgdx3/path/chthonianherald_chaosbreath.dbr,Skill_AttackWave,100.0,7.0,3.0,LongRange,,,,,,,1.0,16.0,,,,Moderate,DIRECT-REF,Wave,,,chthonianherald_aoe_a01.anm,41,1.3667,,,,,Fire|Chaos,,,60,,,
records/creatures/enemies/chthonianherald_b01.dbr,Chthonian Portent,trash,special2,records/skills/nonplayerskillsgdx3/attackcharge/chthonianherald_disengage.dbr,Skill_AttackRadiusDisengage,100.0,5.0,1.0,ShortRange,,,,,True,,,12.0,,,,Melee,DIRECT-REF,Disengage,,,chthonianherald_disengage_b01.anm,26,0.8667,,,,,,,SlowDefensiveAbility|SlowOffensiveAbility,60,4.0,,
records/creatures/enemies/chthonianherald_c01.dbr,Chthonian Omen,trash,basic,records/skills/nonplayerskillsgdx3/attackprojectile/chthonianherald_chaosblast.dbr,Skill_AttackProjectile,,,,,,,,,,,,,,,,Long,NO-REF,,chthonianherald_basicspell_a01.anm,1.1667,,,,records/fx/skillsothergdx3/projectile/chthonicorb_fxhomingprojectile.dbr,6.0,45.0,,Physical|Chaos,,,60,,,
records/creatures/enemies/chthonianherald_c01.dbr,Chthonian Omen,trash,special1,records/skills/nonplayerskillsgdx3/attackprojectile/chthonianherald_unleashchaoschannel.dbr,Skill_AttackProjectileFan,100.0,10.0,7.0,MediumRange,,,,,,,,,,,,Moderate,DIRECT-REF,ChannelForward,,,chthonianherald_channelforwards_a01.anm,121,4.0333,records/fx/skillsothergdx3/projectile/chthonicorb_fxprojectile.dbr,16.0,18.0,,Chaos,,,60,,,
records/creatures/enemies/chthonianherald_c01.dbr,Chthonian Omen,trash,special2,records/skills/nonplayerskillsgdx3/attackcharge/chthonianherald_teleport.dbr,Skill_AttackRadiusTeleport,100.0,5.0,2.0,LongRange,,,,,True,,,16.0,,,,Long,DIRECT-REF,Teleport,,,chthonianherald_teleport_a01.anm,21,0.7,,,,,Chaos,,SlowDefensiveAbility|SlowOffensiveAbility,60,4.5,,
records/creatures/enemies/chthonianherald_c01.dbr,Chthonian Omen,trash,initial,records/skills/nonplayerskillsgdx3/buffoffensive/chthonianherald_nauseatingvoid.dbr,Skill_BuffRadiusToggled,,,,,,,,True,,,,,,,,,NO-REF,,chthonianherald_basicspell_a01.anm,1.1667,,,,,,,,,,,,,,
records/creatures/enemies/chthonianrylok_a01.dbr,Void Rylok,trash,basic,records/skills/nonplayerskillsgdx1/attackmelee/chthonianrylok_brutalchaos.dbr,Skill_WeaponPool_ChargedFinale,,,,,,,2.5,,,,,,,,,Melee,DIRECT-REF,DoubleStrikeFire,,,chthonianrylok_attackspecial_b01_fire.anm,45,1.5,,,,,Physical|Fire|Chaos,,,60,,1,20.0
records/creatures/enemies/chthonianrylok_a01.dbr,Void Rylok,trash,special1,records/skills/nonplayerskillsgdx1/attackprojectilering/chthonianrylok_chaoseruption.dbr,Skill_AttackProjectileRing,100.0,7.0,3.0,MediumRange,,,,,,,,,,,,Long,DIRECT-REF,Roar,,,chthonianrylok_roar_a01.anm,43,1.4333,records/fx/skillsother/projectile/chthonic_fireball_projectile_burstfx01.dbr,16.0,18.0,,Physical|Fire|Chaos,,,60,,,
records/creatures/enemies/chthonianrylok_a01.dbr,Void Rylok,trash,special2,records/skills/nonplayerskills/attackcharge/genericphysical_charge.dbr,Skill_AttackWeaponCharge,70.0,4.0,,LongRange,,,,,True,,,,,,,Melee,REF-UNSATISFIED-BY-TABLE,Charge,,,,,,,,,,,,,5,,1,90.0
records/creatures/enemies/chthonianrylok_a01.dbr,Void Rylok,trash,special3,records/skills/nonplayerskillsgdx1/attackmelee/chthonianrylok_doubleswipe.dbr,Skill_AttackWeapon,70.0,4.0,2.0,ShortRange,,,,,,,,,,,,Melee,DIRECT-REF,DoubleStrike,,,chthonianrylok_attackspecial_b01.anm,45,1.5,,,,,Physical|Chaos,,,60,,1,20.0
records/creatures/enemies/chthonianrylok_b01.dbr,Void Taskmaster,trash,basic,records/skills/nonplayerskillsgdx1/attackmelee/chthonianrylok_brutalchaos.dbr,Skill_WeaponPool_ChargedFinale,,,,,,,2.5,,,,,,,,,Melee,DIRECT-REF,DoubleStrikeFire,,,chthonianrylok_attackspecial_b01_fire.anm,45,1.5,,,,,Physical|Fire|Chaos,,,60,,1,20.0
records/creatures/enemies/chthonianrylok_b01.dbr,Void Taskmaster,trash,special1,records/skills/nonplayerskillsgdx1/attackprojectile/chthonianrylok_spineslam.dbr,Skill_AttackProjectile,100.0,7.0,3.0,MediumRange,,,,,,,,,,,,Long,DIRECT-REF,Slam,,,chthonianrylok_attackspecial_c01.anm,39,1.3,records/fx/skillsothergdx1/projectile/obsidianspine_projectilefx01.dbr,14.0,18.0,,Physical|Chaos,,,60,,,
records/creatures/enemies/chthonianrylok_b01.dbr,Void Taskmaster,trash,special2,records/skills/nonplayerskills/attackcharge/genericphysical_charge.dbr,Skill_AttackWeaponCharge,100.0,5.0,1.0,MediumRange,,,,,True,,,,,,,Melee,REF-UNSATISFIED-BY-TABLE,Charge,,,,,,,,,,,,,5,,1,90.0
records/creatures/enemies/chthonianrylok_b01.dbr,Void Taskmaster,trash,special3,records/skills/nonplayerskillsgdx1/attackmelee/chthonianrylok_wingclaws.dbr,Skill_AttackWeapon,100.0,8.0,3.0,ShortRange,,,,,,,,,,,,Melee,REF-UNSATISFIED-BY-TABLE,Impale,,,,,,,,,,Pierce|Chaos,SlowBleeding,,60,,1,20.0
records/creatures/enemies/chthonianrylok_b01.dbr,Void Taskmaster,trash,dying,records/skills/nonplayerskills/aoe/chthonicminion_chaosblast.dbr,Skill_AttackRadius,,,,,,,,,,,,,1.25,,,Melee,NO-REF,,chthonianrylok_castattack_a01.anm,1.1667,,,,,,,,Chaos,SlowLife,,60,9.0,,
records/creatures/enemies/chthonianrylok_c01.dbr,Void Oppressor,trash,basic,records/skills/nonplayerskillsgdx1/attackmelee/chthonianrylok_brutalchaos.dbr,Skill_WeaponPool_ChargedFinale,,,,,,,2.5,,,,,,,,,Melee,DIRECT-REF,DoubleStrikeFire,,,chthonianrylok_attackspecial_b01_fire.anm,45,1.5,,,,,Physical|Fire|Chaos,,,60,,1,20.0
records/creatures/enemies/chthonianrylok_c01.dbr,Void Oppressor,trash,special1,records/skills/nonplayerskillsgdx1/path/chthonianrylok_chaosclawswipes.dbr,Skill_AttackWave,100.0,9.0,5.0,ShortRange,,,,,,,0.75,4.0,,,,Moderate,REF-UNSATISFIED-BY-TABLE,GustNoFX,chthonianrylok_castattack_a01.anm,1.1667,,,,,,,,Pierce|Chaos,,,60,,,
records/creatures/enemies/chthonianrylok_c01.dbr,Void Oppressor,trash,special2,records/skills/nonplayerskillsgdx1/attackmelee/chthonianrylok_wingclaws.dbr,Skill_AttackWeapon,100.0,4.0,2.0,ShortRange,,,,,,,,,,,,Melee,REF-UNSATISFIED-BY-TABLE,Impale,,,,,,,,,,Pierce|Chaos,SlowBleeding,,60,,1,20.0
records/creatures/enemies/chthonianrylok_c01.dbr,Void Oppressor,trash,special3,records/skills/nonplayerskillsgdx1/attackprojectilering/chthonianrylok_chaoseruptiondouble.dbr,Skill_AttackProjectileRing,100.0,7.0,3.0,MediumRange,,,,,,,,,,,,Long,DIRECT-REF,RoarDouble,,,chthonianrylok_roardouble_a01.anm,43,1.4333,records/fx/skillsother/projectile/chthonic_fireball_projectile_burstfx01.dbr,16.0,18.0,,Physical|Fire|Chaos,,,60,,,
records/creatures/enemies/chthonianrylok_c01.dbr,Void Oppressor,trash,initial,records/skills/nonplayerskillsgdx1/buffoffensive/chthonianrylok_auraofoppression.dbr,Skill_BuffRadiusToggled,,,,,,,,True,,,,,,,,,NO-REF,,chthonianrylok_castattack_a01.anm,1.1667,,,,,,,,,,,,,,
records/creatures/enemies/chthonianrylok_c01.dbr,Void Oppressor,trash,dying,records/skills/nonplayerskills/aoe/chthonicminion_chaosblast.dbr,Skill_AttackRadius,,,,,,,,,,,,,1.25,,,Melee,NO-REF,,chthonianrylok_castattack_a01.anm,1.1667,,,,,,,,Chaos,SlowLife,,60,9.0,,
records/creatures/enemies/chthonianwretch_a01.dbr,Voidlurker,trash,special1,records/skills/nonplayerskillsgdx1/attackradius/chthonianwretch_causticeruption.dbr,Skill_AttackRadius,80.0,8.0,1.0,ShortRange,,,,,,,,,,,,Melee,NO-REF,,voidfiend_attack_02.anm,1.4333,,,,,,,,Physical|Poison,SlowPoison,,60,4.800000190734863,,
records/creatures/enemies/chthonianwretch_b01.dbr,Voidlurker Blightbearer,trash,basic,records/skills/nonplayerskillsgdx1/attackprojectile/chthonianwretch_poisonorb.dbr,Skill_AttackProjectile,,,,,,,,,,,,,,,,Moderate,NO-REF,,voidfiend_attack_02.anm,1.4333,,,,records/fx/skillsothergdx1/projectile/acidorb_grenadeprojectilefx01.dbr,12.0,14.0,15.0,Poison|Chaos,SlowPoison,,60,,,
records/creatures/enemies/chthonianwretch_b01.dbr,Voidlurker Blightbearer,trash,special1,records/skills/nonplayerskillsgdx1/path/chthonianwretch_acidbreath.dbr,Skill_AttackWave,80.0,7.0,2.0,ShortRange,3.0,,,,,,0.5,3.5,2.0,,,Melee,DIRECT-REF,BreathAcid,,,voidfiend_cast_barfacid_01.anm,51,1.7,,,,,Poison,SlowPoison,,60,,,
records/creatures/enemies/chthonianwretch_b01.dbr,Voidlurker Blightbearer,trash,dying,records/skills/nonplayerskillsgdx1/attackradius/chthonianwretch_causticeruption.dbr,Skill_AttackRadius,,,,,,,,,,,,,,,,Melee,NO-REF,,voidfiend_attack_02.anm,1.4333,,,,,,,,Physical|Poison,SlowPoison,,60,4.800000190734863,,
records/creatures/enemies/chthonianwretch_c01.dbr,Voidlurker Pestilence,trash,special1,records/skills/nonplayerskills/buffoffensive/voidfiend_markofpain.dbr,Skill_AttackBuff,100.0,10.0,3.0,MediumRange,,,,,,,,,,,,,NO-REF,,voidfiend_attack_02.anm,1.4333,,,,,,,,,,,,,,
records/creatures/enemies/chthonianwretch_c01.dbr,Voidlurker Pestilence,trash,special2,records/skills/nonplayerskillsgdx1/path/chthonianwretch_acidbreath.dbr,Skill_AttackWave,100.0,3.0,0.0,ShortRange,3.0,,,,,,0.5,3.5,2.0,,,Melee,DIRECT-REF,BreathAcid,,,voidfiend_cast_barfacid_01.anm,51,1.7,,,,,Poison,SlowPoison,,60,,,
records/creatures/enemies/chthonianwretch_c01.dbr,Voidlurker Pestilence,trash,special3,records/skills/nonplayerskillsgdx1/buffattackradius/chthonianwretch_causticpresence.dbr,Skill_BuffAttackRadiusDuration,100.0,12.0,3.0,ShortRange,12.0,6.0,,,,,,,,,,Short,NO-REF,,voidfiend_attack_02.anm,1.4333,,,,,,,,Poison,,TotalDamageReductionPercent,60,3.5,,
records/creatures/enemies/chthonianwretch_c01.dbr,Voidlurker Pestilence,trash,dying,records/skills/nonplayerskillsgdx1/attackradius/chthonianwretch_causticeruption.dbr,Skill_AttackRadius,,,,,,,,,,,,,,,,Melee,NO-REF,,voidfiend_attack_02.anm,1.4333,,,,,,,,Physical|Poison,SlowPoison,,60,4.800000190734863,,
records/creatures/enemies/dranghoul_a01.dbr,Dranghoul,trash,basic,records/skills/nonplayerskillsgdx3/attackmelee/dranghoul_frenzy.dbr,Skill_WeaponPool_ChargedLinear,,,,,0.0,,3.0,,,,,,,,,Melee,NO-REF,,,,,,,,,,,,,,6,,,
records/creatures/enemies/dranghoul_b02.dbr,Dranghoul Pyromancer,trash,basic,records/skills/nonplayerskillsgdx3/attackprojectile/dranghoul_fireball.dbr,Skill_AttackProjectile,,,,,,,,,,,,,,,,Long,NO-REF,,dranghoul_01_attack_cast_a.anm,0.8667,,,,records/fx/skillsothergdx3/projectile/fireball_dranghoul_fxgrenadeprojectile.dbr,20.0,20.0,28.0,Physical|Fire,,,60,,,
records/creatures/enemies/dranghoul_c01.dbr,Dranghoul Butcher,trash,basic,records/skills/nonplayerskillsgdx3/attackmelee/dranghoul_frenzy.dbr,Skill_WeaponPool_ChargedLinear,,,,,0.0,,3.0,,,,,,,,,Melee,NO-REF,,,,,,,,,,,,,,6,,,
records/creatures/enemies/dranghoul_c01.dbr,Dranghoul Butcher,trash,special1,records/skills/nonplayerskillsgdx3/path/dranghoul_butcher.dbr,Skill_AttackWave,100.0,4.0,1.0,ShortRange,,,,,,,0.20000000298023224,5.0,,,,Short,DIRECT-REF,StabChannel,,,dranghoul_01_channel_stabs.anm,111,3.7,,,,,Physical,SlowBleeding,SlowRunSpeed,60,,,
records/creatures/enemies/dranghoul_c02.dbr,Dranghoul Oracle,trash,basic,records/skills/nonplayerskillsgdx3/attackprojectile/dranghoul_healingmist.dbr,Skill_AttackProjectile,,,,,,,,,,,,,,,,Long,NO-REF,,dranghoul_01_attack_cast_a.anm,0.8667,,,,records/fx/skillsothergdx3/projectile/healingmist_dranghoul_fxgrenadeprojectile.dbr,20.0,20.0,28.0,Physical|Poison,,,60,,,
records/creatures/enemies/dranghoul_c02.dbr,Dranghoul Oracle,trash,initial,records/skills/nonplayerskillsgdx3/buff/dranghoul_oracleaura.dbr,Skill_BuffRadiusToggled,,,,,,,,True,,,,,,,,,NO-REF,,dranghoul_01_attack_cast_a.anm,0.8667,,,,,,,,,,,,,,
records/creatures/enemies/eldritcharmor_a01.dbr,Possessed Armor,trash,special1,records/skills/nonplayerskillsgdx2/path/eldritcharmor_firecleave.dbr,Skill_AttackWave,100.0,6.0,1.0,ShortRange,,,,,,,0.699999988079071,3.0,,,,Melee,DIRECT-REF,FireArc,,,hero01_sword1h_skill_firearc01.anm,29,0.9667,,,,,Physical|Fire,,,60,,,
records/creatures/enemies/eldritcharmor_a01.dbr,Possessed Armor,trash,special2,records/skills/nonplayerskillsgdx2/attackprojectile/eldritcharmor_fireorb.dbr,Skill_AttackProjectile,50.0,3.0,2.0,LongRange,,,,,,,,,,,,Long,NO-REF,,hero01_sword1h_spellattack_b01.anm,0.6333,,,,records/fx/skillsothergdx2/projectile/eldritcharmor_fire_projectile_hugefx01.dbr,16.0,22.0,,Fire,,,60,,,
records/creatures/enemies/eldritcharmor_a02.dbr,Possessed Armor,trash,special1,records/skills/nonplayerskillsgdx2/path/eldritcharmor_icecleave.dbr,Skill_AttackWave,100.0,6.0,1.0,ShortRange,,,,,,,0.699999988079071,3.0,,,,Melee,DIRECT-REF,IceArc,,,hero01_sword1h_skill_icearc01.anm,29,0.9667,,,,,Physical|Cold,,,60,,,
records/creatures/enemies/eldritcharmor_a02.dbr,Possessed Armor,trash,special2,records/skills/nonplayerskillsgdx2/attackprojectile/eldritcharmor_iceorb.dbr,Skill_AttackProjectile,50.0,3.0,2.0,LongRange,,,,,,,,,,,,Long,NO-REF,,hero01_sword1h_spellattack_b01.anm,0.6333,,,,records/fx/skillsothergdx2/projectile/eldritcharmor_ice_projectilefx01.dbr,16.0,22.0,,Cold,,,60,,,
records/creatures/enemies/eldritcharmor_b01.dbr,Eldritch Armor,trash,basic,records/skills/nonplayerskillsgdx2/attackprojectile/eldritcharmor_lightningorb_strong.dbr,Skill_AttackProjectile,,,,,,,,,,,,,,,,Long,NO-REF,,hero01_sword1h_spellattack_b01.anm,0.6333,,,,records/fx/skillsothergdx2/projectile/eldritcharmor_lightning_projectilefx01.dbr,16.0,22.0,,Lightning,SlowLightning,,60,,,
records/creatures/enemies/eldritcharmor_b01.dbr,Eldritch Armor,trash,special1,records/skills/nonplayerskillsgdx2/attackprojectile/eldritcharmor_lightningorbburst.dbr,Skill_AttackProjectileBurst,100.0,8.0,1.0,MediumRange,,,,,,,,,,,,Long,NO-REF,,hero01_sword1h_spellattack_b01.anm,0.6333,,,,records/fx/skillsothergdx2/projectile/eldritcharmor_lightning_projectilefx01.dbr,16.0,22.0,,Lightning,,,60,,,
records/creatures/enemies/eldritcharmor_b01.dbr,Eldritch Armor,trash,special2,records/skills/nonplayerskillsgdx2/attackrain/eldritcharmor_rainoflightning.dbr,Skill_BuffAttackRadiusDrop,100.0,11.0,3.0,AnyRange,,8.0,,,,,,,,,0.5,Maximum,NO-REF,,hero01_sword1h_spellattack_b01.anm,0.6333,,,,records/fx/skillsothergdx2/projectile/lightningskyshard_projectilefx01.dbr,30.0,24.0,0.0,Physical|Lightning,,,60,8.0,,
records/creatures/enemies/eldritcharmor_b01.dbr,Eldritch Armor,trash,special3,records/skills/nonplayerskillsgdx2/buffoffensive/eldritcharmor_lightningnet.dbr,Skill_AttackBuff,100.0,12.0,4.0,LongRange,,,,,,,,,,,,,NO-REF,,hero01_sword1h_spellattack_b01.anm,0.6333,,,,,,,,,,,,,,
records/creatures/enemies/eldritcharmor_c01.dbr,Ancient Armor,trash,basic,records/skills/nonplayerskillsgdx2/path/eldritcharmor_firebreath.dbr,Skill_AttackWave,,,,,,,,,,,0.33000001311302185,8.0,,,,Moderate,DIRECT-REF,BreathFire,,,hero01_sword2h_skill_flamebreath_a01.anm,41,1.3667,,,,,Fire|Lightning,SlowFire,SlowDefensiveAbility,60,,,
records/creatures/enemies/eldritcharmor_c01.dbr,Ancient Armor,trash,special1,records/skills/nonplayerskillsgdx2/buffattackradius/eldritcharmor_firesphere.dbr,Skill_BuffAttackRadiusDuration,100.0,10.0,2.0,ShortRange,12.0,6.0,,,,,,,,,,Short,NO-REF,,hero01_sword1h_spellattack_b01.anm,0.6333,,,,,,,,Fire,SlowFire,,60,6.0,,
records/creatures/enemies/eldritcharmor_c01.dbr,Ancient Armor,trash,special2,records/skills/nonplayerskillsgdx2/attackcharge/eldritcharmor_firecharge.dbr,Skill_AttackPathCharge,100.0,7.0,2.0,MediumRange,,,,,True,records/fx/skillclass09/viremight_warmuploop_fx01.dbr,,18.0,,100,,Maximum,DIRECT-REF,Rush,,,hero01_sword2h_skill_rush_a01.anm,19,0.6333,,,,,Physical|Fire,,,60,2.0,,
records/creatures/enemies/eldritcharmor_c01.dbr,Ancient Armor,trash,initial,records/skills/nonplayerskillsgdx2/buff/eldritcharmor_enchantedaura.dbr,Skill_BuffRadiusToggled,,,,,,,,True,,,,,,,,,NO-REF,,hero01_sword1h_spellattack_b01.anm,0.6333,,,,,,,,,,,,,,
records/creatures/enemies/fleshhulk_c01.dbr,Rage Hulk,trash,special1,records/skills/nonplayerskills/path/fleshhulk_aethersmash.dbr,Skill_AttackWave,100.0,8.0,5.0,ShortRange,,,,,,,0.6499999761581421,15.0,0.30000001192092896,,,Moderate,DIRECT-REF,Special01,,,fleshhulk_unarmed_attackspecial_a01.anm,121,4.0333,,,,,Physical|Aether,,Stun|SlowTotalSpeed,60,,,
records/creatures/enemies/fleshhulk_c01.dbr,Rage Hulk,trash,special2,records/skills/nonplayerskills/attackradius/fleshhulk_aetherstomp.dbr,Skill_AttackRadius,100.0,12.0,2.0,MediumRange,,,,,,,,,0.5,,,Short,DIRECT-REF,Special01,,,fleshhulk_unarmed_attackspecial_a01.anm,121,4.0333,,,,,Physical|Aether,,,60,9.0,,
records/creatures/enemies/fleshhulk_c01.dbr,Rage Hulk,trash,special3,records/skills/nonplayerskills/attackcharge/fleshhulk_charge.dbr,Skill_AttackWeaponCharge,100.0,5.0,0.0,LongRange,,,,,True,records/fx/skillclass01/blitz1_warmuploop_fx01.dbr,,,0.25,,,Melee,DIRECT-REF,Charge,,,fleshhulk_unarmed_charge_end.anm,41,1.3667,,,,,Physical|Aether,,,60,,6,90.0
records/creatures/enemies/fleshhulk_c01.dbr,Rage Hulk,trash,dying,records/skills/nonplayerskills/aoe/aetherexplosion1.dbr,Skill_AttackProjectileAreaEffect,,,,,,6.0,,,,,,,,,,Short,NO-REF,,fleshhulk_unarmed_attack_a01.anm,2.1667,,,,records/fx/skillsother/aoe/aetherexplosion_projectilefx01.dbr,,3.0,,Aether,,,60,,,
records/creatures/enemies/ghost_b01.dbr,Haunted Noble,trash,special1,records/skills/nonplayerskills/attackprojectile/ghost_phantomblade.dbr,Skill_AttackProjectileBurst,100.0,8.0,2.0,MediumRange,,,,,,,,,,,,Long,DIRECT-REF,knifethrow,,,heroine01_sword1h_skill_knifethrow01.anm,19,0.6333,records/fx/skillsother/projectile/ghostdagger_projectile_fx01.dbr,30.0,18.0,,Pierce|Cold,,SlowRunSpeed,60,,,
records/creatures/enemies/ghost_b02.dbr,Haunted Noble,trash,special1,records/skills/nonplayerskills/attackmelee/ghost_shadowstrike.dbr,Skill_AttackWeaponBlink,100.0,8.0,2.0,LongRange,,,,,True,,,,,,,Moderate,DIRECT-REF,ShadowStrike,,,heroine01_sword2h_skill_jumpattack02.anm,21,0.7,,,,,Cold,,,60,,1,20.0
records/creatures/enemies/ghost_b03.dbr,Haunted Champion,trash,basic,records/skills/nonplayerskills/attackmelee/ghost_cadence.dbr,Skill_WeaponPool_ChargedFinale,,,,,,,10.0,,,,,,0.10000000149011612,,,Short,DIRECT-REF,Cadence,,,hero01_sword2h_skill_cadence_a01.anm,25,0.8333,,,,,Physical|Cold,,,60,,1,20.0
records/creatures/enemies/ghost_b03.dbr,Haunted Champion,trash,special1,records/skills/nonplayerskills/attackmelee/ghost_bladearc.dbr,Skill_AttackWeapon,100.0,9.0,3.0,ShortRange,,,,,,,,,,,,Melee,DIRECT-REF,AttackSweep,,,hero01_sword1h_skill_arcattack01.anm,29,0.9667,,,,,Physical|Cold,,,60,,5,200.0
records/creatures/enemies/ghost_b04.dbr,Haunted Champion,trash,basic,records/skills/nonplayerskills/attackmelee/ghost_cadence.dbr,Skill_WeaponPool_ChargedFinale,,,,,,,10.0,,,,,,0.10000000149011612,,,Short,DIRECT-REF,Cadence,,,hero01_sword2h_skill_cadence_a01.anm,25,0.8333,,,,,Physical|Cold,,,60,,1,20.0
records/creatures/enemies/ghost_b04.dbr,Haunted Champion,trash,special1,records/skills/nonplayerskills/attackmelee/ghost_bladearc.dbr,Skill_AttackWeapon,100.0,9.0,3.0,ShortRange,,,,,,,,,,,,Melee,DIRECT-REF,AttackSweep,,,hero01_sword1h_skill_arcattack01.anm,29,0.9667,,,,,Physical|Cold,,,60,,5,200.0
records/creatures/enemies/giant_b01.dbr,Asterkarn Behemoth,trash,basic,records/skills/nonplayerskillsgdx3/attackmelee/giant_cleavingstrikes.dbr,Skill_WeaponPool_ChargedScaling,,,,,0.0,,3.0,,,,,,,,,Melee,NO-REF,,,,,,,,,,,Physical,SlowPhysical,,61,,,
records/creatures/enemies/giant_b01.dbr,Asterkarn Behemoth,trash,special1,records/skills/nonplayerskillsgdx3/path/giant_rottenedge.dbr,Skill_AttackWave,100.0,5.0,2.0,ShortRange,,,,,,,0.20000000298023224,8.0,1.0,,,Moderate,DIRECT-REF,CleavePoison,,,giant_cleavepoison_a01.anm,71,2.3667,,,,,Physical,SlowPoison,,60,,,
records/creatures/enemies/giant_b01.dbr,Asterkarn Behemoth,trash,initial,records/skills/nonplayerskillsgdx3/buffoffensive/giant_stench.dbr,Skill_BuffRadiusToggled,,,,,,,,True,,,,,,,,,NO-REF,,giant_roar_a01.anm,1.6333,,,,,,,,,,,,,,
records/creatures/enemies/giant_c01.dbr,Asterkarn Titan,trash,basic,records/skills/nonplayerskillsgdx3/attackmelee/giant_cleavingstrikes.dbr,Skill_WeaponPool_ChargedScaling,,,,,0.0,,3.0,,,,,,,,,Melee,NO-REF,,,,,,,,,,,Physical,SlowPhysical,,61,,,
records/creatures/enemies/giant_c01.dbr,Asterkarn Titan,trash,special1,records/skills/nonplayerskillsgdx3/path/giant_cleave.dbr,Skill_AttackWave,100.0,4.0,1.0,ShortRange,,,,,,,0.20000000298023224,8.0,1.0,,,Moderate,DIRECT-REF,Cleave,,,giant_cleave_a01.anm,71,2.3667,,,,,Physical,,,60,,,
records/creatures/enemies/giant_c01.dbr,Asterkarn Titan,trash,special2,records/skills/nonplayerskillsgdx3/attackradius/giant_stomp.dbr,Skill_AttackRadius,100.0,8.0,3.0,MediumRange,,,,,,,,,,,,Long,DIRECT-REF,Stomp,,,giant_stomp_a01.anm,61,2.0333,,,,,Physical,,SlowDefensiveAbility,60,9.0,,
records/creatures/enemies/giant_c01.dbr,Asterkarn Titan,trash,initial,records/skills/nonplayerskillsgdx3/buff/giant_titanaura.dbr,Skill_BuffRadiusToggled,,,,,,,,True,,,,,,,,,NO-REF,,giant_roar_a01.anm,1.6333,,,,,,,,,,,,,,
records/creatures/enemies/groblefrost_b01.dbr,Groble ~ Frost Clan Warrior,trash,basic,records/skills/nonplayerskillsgdx3/attackmelee/groble_froststrikes.dbr,Skill_WeaponPool_ChargedScaling,,,,,0.0,,2.0,,,,,,,,,Melee,NO-REF,,,,,,,,,,,Cold,SlowBleeding,,61,,,
records/creatures/enemies/groblefrost_b01.dbr,Groble ~ Frost Clan Warrior,trash,special1,records/skills/nonplayerskills/attackcharge/genericphysical_charge.dbr,Skill_AttackWeaponCharge,50.0,4.0,1.0,LongRange,,,,,True,,,,,,,Melee,REF-UNSATISFIED-BY-TABLE,Charge,,,,,,,,,,,,,5,,1,90.0
records/creatures/enemies/human_wendigo_a01.dbr,Ugdenbog Cannibal ~ Fleshcrazed,trash,special1,records/skills/nonplayerskillsgdx1/attackmelee/humanwendigo_bloodycleave.dbr,Skill_AttackWeapon,80.0,5.0,1.0,ShortRange,,,,,,,,,,,,Melee,DIRECT-REF,AttackSweep,,,hero01_sword1h_skill_arcattack01.anm,29,0.9667,,,,,Physical,SlowBleeding,,60,,5,180.0
records/creatures/enemies/human_wendigo_a02.dbr,Ugdenbog Cannibal ~ Fleshcrazed,trash,special1,records/skills/nonplayerskillsgdx1/attackmelee/humanwendigo_bloodycleave.dbr,Skill_AttackWeapon,80.0,5.0,1.0,ShortRange,,,,,,,,,,,,Melee,DIRECT-REF,AttackSweep,,,heroine01_sword1h_skill_arcattack01.anm,29,0.9667,,,,,Physical,SlowBleeding,,60,,5,180.0
records/creatures/enemies/human_wendigo_b01.dbr,Ugdenbog Cannibal ~ Bloodsinger,trash,basic,records/skills/nonplayerskillsgdx1/attackprojectile/humanwendigo_bloodorb.dbr,Skill_AttackProjectile,,,,,,,,,,,,,,,,Long,NO-REF,,hero01_sword1h_spellattack_b01.anm,0.6333,,,,records/fx/skillsother/projectile/bloodorb_fxprojectile.dbr,14.0,20.0,,Physical|Life,SlowBleeding,,60,,,
records/creatures/enemies/human_wendigo_b01.dbr,Ugdenbog Cannibal ~ Bloodsinger,trash,special1,records/skills/nonplayerskillsgdx1/buffoffensive/humanwendigo_wickerprison.dbr,Skill_AttackProjectileDebuf,80.0,10.0,3.0,MediumRange,,,,,,,,,,,,,NO-REF,,hero01_sword1h_spellattack_b01.anm,0.6333,,,,,,,,,,,,,,
records/creatures/enemies/human_wendigo_b01.dbr,Ugdenbog Cannibal ~ Bloodsinger,trash,dying,records/skills/nonplayerskillsgdx1/buff/humanwendigo_bloodheal.dbr,Skill_BuffRadius,,,,,,,,True,,,,,,,,,NO-REF,,hero01_sword1h_spellattack_b01.anm,0.6333,,,,,,,,,,,,,,
records/creatures/enemies/human_wendigo_c01.dbr,Ugdenbog Cannibal ~ Wraithspeaker,trash,special1,records/skills/nonplayerskillsgdx1/attackprojectile/humanwendigo_bloodorbburst.dbr,Skill_AttackProjectileFan,100.0,2.0,1.0,LongRange,,,,,,,,,,,,Long,NO-REF,,heroine01_sword1h_spellattack_b01.anm,0.6333,,,,records/fx/skillsother/projectile/bloodorb_fxprojectile.dbr,14.0,20.0,,Physical|Life,SlowBleeding,,60,,,
records/creatures/enemies/human_wendigo_c01.dbr,Ugdenbog Cannibal ~ Wraithspeaker,trash,special2,records/skills/nonplayerskillsgdx1/attackrangeddirect/humanwendigo_reapspirit.dbr,Skill_AttackSpellChaosSpawnPet,100.0,9.0,2.0,AnyRange,,,,,,,,,0.20000000298023224,,,Long,DIRECT-REF,Doombolt,,,heroine01_sword1h_spell_doombolt_a01.anm,19,0.6333,,,,,Aether,SlowLife,,60,,,
records/creatures/enemies/human_wendigo_c01.dbr,Ugdenbog Cannibal ~ Wraithspeaker,trash,special3,records/skills/nonplayerskillsgdx1/attackradius/humanwendigo_screech.dbr,Skill_AttackRadius,100.0,5.0,2.0,ShortRange,,,,,,,,,,,,Short,DIRECT-REF,Warcry,,,heroine01_sword1h_spell_warcry_a01.anm,19,0.6333,,,,,,,SlowOffensiveAbility,60,8.0,,
records/creatures/enemies/human_wendigo_c01.dbr,Ugdenbog Cannibal ~ Wraithspeaker,trash,initial,records/skills/nonplayerskillsgdx1/buff/humanwendigo_bloodfrenzyaura.dbr,Skill_BuffRadiusToggled,,,,,,,,True,,,,,,,,,NO-REF,,heroine01_sword1h_spellattack_b01.anm,0.6333,,,,,,,,,,,,,,
records/creatures/enemies/livingplant_a01.dbr,Carnivorous Plant,trash,special1,records/skills/nonplayerskillsgdx1/attackmelee/livingplant_bite.dbr,Skill_AttackWeapon,90.0,3.0,1.0,ShortRange,,,,,,,,,,,,Melee,DIRECT-REF,Bite,,,carnivorousplant01a_p2_attack_b01.anm,51,1.7,,,,,Physical|Pierce,SlowBleeding,,60,,1,20.0
records/creatures/enemies/livingplant_a01.dbr,Carnivorous Plant,trash,special2,records/skills/nonplayerskillsgdx1/attackprojectile/livingplant_venomousseed.dbr,Skill_AttackProjectileDrop,100.0,2.0,0.0,MediumRange,,,,,,,,,,,,Boss,DIRECT-REF,Mortar,,,carnivorousplant01a_p2_cast_b01.anm,44,1.4667,records/fx/skillsothergdx1/projectile/livingplant_seedmortarpoison_projectilefx01.dbr,30.0,24.0,0.0,Poison,SlowPoison,,60,1.5,,
records/creatures/enemies/sandlizard_volcanic_a01.dbr,Moltenclaw,trash,special1,records/skills/nonplayerskillsgdx2/attackmelee/volcaniclizard_firedoubleswipe.dbr,Skill_AttackWeapon,100.0,4.0,1.0,ShortRange,,,,,,,,,,,,Melee,DIRECT-REF,DoubleSwipeFire,,,sandlizard_attackspecial_b01_fire.anm,37,1.2333,,,,,Physical|Fire,,,60,,1,20.0
records/creatures/enemies/sandlizard_volcanic_a01.dbr,Moltenclaw,trash,special2,records/skills/nonplayerskills/attackcharge/genericphysical_charge.dbr,Skill_AttackWeaponCharge,50.0,4.0,0.0,LongRange,,,,,True,,,,,,,Melee,REF-UNSATISFIED-BY-TABLE,Charge,,,,,,,,,,,,,5,,1,90.0
records/creatures/enemies/sandlizard_volcanic_b01.dbr,Moltenclaw ~ Flayer,trash,basic,records/skills/nonplayerskillsgdx2/attackmelee/volcaniclizard_burningswipes.dbr,Skill_WeaponPool_ChargedLinear,,,,,0.0,,3.0,,,,,,,,,Melee,NO-REF,,,,,,,,,,,,,,6,,,
records/creatures/enemies/sandlizard_volcanic_b01.dbr,Moltenclaw ~ Flayer,trash,special1,records/skills/nonplayerskillsgdx2/attackmelee/volcaniclizard_firedoubleswipe.dbr,Skill_AttackWeapon,100.0,4.0,1.0,ShortRange,,,,,,,,,,,,Melee,DIRECT-REF,DoubleSwipeFire,,,sandlizard_attackspecial_b01_fire.anm,37,1.2333,,,,,Physical|Fire,,,60,,1,20.0
records/creatures/enemies/sandlizard_volcanic_b01.dbr,Moltenclaw ~ Flayer,trash,special2,records/skills/nonplayerskillsgdx2/attackcharge/sandlizard_leap.dbr,Skill_AttackRadiusLeap,70.0,5.0,1.0,MediumRange,,,,,True,,,15.0,,,,Boss,DIRECT-REF,Leap,,,sandlizard_attackspecial_c01_leap.anm,26,0.8667,,,,,Physical|Pierce,SlowBleeding,SlowRunSpeed,60,2.799999952316284,,
records/creatures/enemies/sandlizard_volcanic_b02.dbr,Moltenclaw ~ Nest Guardian,trash,special1,records/skills/nonplayerskillsgdx2/attackmelee/volcaniclizard_fireclaw.dbr,Skill_AttackWeapon,100.0,4.0,1.0,ShortRange,,,,,,,,,,,,Melee,DIRECT-REF,LegClawFire,,,sandlizard_attackspecial_a01_fire.anm,36,1.2,,,,,Physical|Fire,SlowFire,SlowDefensiveReduction,60,,1,20.0
records/creatures/enemies/sandlizard_volcanic_b02.dbr,Moltenclaw ~ Nest Guardian,trash,special2,records/skills/nonplayerskills/attackcharge/genericphysical_charge.dbr,Skill_AttackWeaponCharge,50.0,4.0,0.0,LongRange,,,,,True,,,,,,,Melee,REF-UNSATISFIED-BY-TABLE,Charge,,,,,,,,,,,,,5,,1,90.0
records/creatures/enemies/sandlizard_volcanic_c01.dbr,Moltenclaw ~ Matriarch,trash,special1,records/skills/nonplayerskillsgdx2/attackmelee/volcaniclizard_fireclaw.dbr,Skill_AttackWeapon,100.0,4.0,2.0,ShortRange,,,,,,,,,,,,Melee,DIRECT-REF,LegClawFire,,,sandlizard_attackspecial_a01_fire.anm,36,1.2,,,,,Physical|Fire,SlowFire,SlowDefensiveReduction,60,,1,20.0
records/creatures/enemies/sandlizard_volcanic_c01.dbr,Moltenclaw ~ Matriarch,trash,special2,records/skills/nonplayerskillsgdx2/attackcharge/volcaniclizard_charge.dbr,Skill_AttackWeaponCharge,100.0,5.0,0.0,LongRange,,,,,True,records/fx/skillclass01/blitz1_warmuploop_fx01.dbr,,,0.25,,,Melee,REF-UNSATISFIED-BY-TABLE,Charge,,,,,,,,,,Physical|Fire,SlowFire,SlowRunSpeed,60,,6,90.0
records/creatures/enemies/sandlizard_volcanic_c01.dbr,Moltenclaw ~ Matriarch,trash,special3,records/skills/nonplayerskillsgdx2/path/volcaniclizard_firebreath.dbr,Skill_AttackWave,100.0,5.0,1.0,MediumRange,,,,,,,0.5,4.0,,,,Moderate,DIRECT-REF,BreathFire,,,sandlizard_attackspecial_breath_a01_fire.anm,83,2.7667,,,,,Fire,SlowFire,,60,,,
records/creatures/enemies/sandlizard_volcanic_c01.dbr,Moltenclaw ~ Matriarch,trash,initial,records/skills/nonplayerskillsgdx2/buff/volcaniclizard_volcanicaura.dbr,Skill_BuffRadiusToggled,,,,,,,,True,,,,,,,,,NO-REF,,sandlizard_roar_a01.anm,1.7,,,,,,,,,,,,,,
records/creatures/enemies/swampcrab_a01.dbr,Ugdenbog Crab,trash,special1,records/skills/nonplayerskillsgdx1/attackmelee/swampcrab_clawslam.dbr,Skill_AttackWeapon,90.0,6.0,1.0,ShortRange,,,,,,,,,,,,Melee,DIRECT-REF,Crush,,,crabmonstrosity_attack_d01.anm,21,0.7,,,,,Physical|Pierce,,,60,,1,20.0
records/creatures/enemies/swampcrab_a01.dbr,Ugdenbog Crab,trash,special2,records/skills/nonplayerskills/attackcharge/genericphysical_charge.dbr,Skill_AttackWeaponCharge,100.0,8.0,3.0,LongRange,,,,,True,,,,,,,Melee,REF-UNSATISFIED-BY-TABLE,Charge,,,,,,,,,,,,,5,,1,90.0
records/creatures/enemies/swampcrab_b01.dbr,Ugdenbog Spikeshell,trash,special1,records/skills/nonplayerskillsgdx1/attackmelee/swampcrab_clawslam.dbr,Skill_AttackWeapon,100.0,4.0,0.0,ShortRange,,,,,,,,,,,,Melee,DIRECT-REF,Crush,,,crabmonstrosity_attack_d01.anm,21,0.7,,,,,Physical|Pierce,,,60,,1,20.0
records/creatures/enemies/swampcrab_b01.dbr,Ugdenbog Spikeshell,trash,special2,records/skills/nonplayerskillsgdx1/path/ghostcrab_waterbreath.dbr,Skill_AttackWave,100.0,3.0,1.0,ShortRange,,,,,,,0.5,3.5,,,,Melee,DIRECT-REF,BreathIce,,,crabmonstrosity_breathice_b01.anm,50,1.6667,,,,,Cold,SlowCold,,60,,,
records/creatures/enemies/swampcrab_b01.dbr,Ugdenbog Spikeshell,trash,special3,records/skills/nonplayerskillsgdx1/attackmelee/swampcrab_waterspoutstrike.dbr,Skill_AttackWeapon,100.0,6.0,2.0,ShortRange,,,,,,,,,,,,Melee,DIRECT-REF,Spin,,,crabmonstrosity_attack_b01.anm,35,1.1667,,,,,Cold,,,60,,1,20.0
records/creatures/enemies/swampcrab_c01.dbr,Ugdenbog Stoneshell,trash,special1,records/skills/nonplayerskillsgdx1/attackmelee/swampcrab_clawslam.dbr,Skill_AttackWeapon,100.0,4.0,0.0,ShortRange,,,,,,,,,,,,Melee,DIRECT-REF,Crush,,,crabmonstrosity_attack_d01.anm,21,0.7,,,,,Physical|Pierce,,,60,,1,20.0
records/creatures/enemies/swampcrab_c01.dbr,Ugdenbog Stoneshell,trash,special2,records/skills/nonplayerskillsgdx1/attackmelee/swampcrab_shellspin.dbr,Skill_AttackWeapon,100.0,6.0,1.0,ShortRange,,,,,,,,,,,,Melee,DIRECT-REF,Spin,,,crabmonstrosity_attack_b01.anm,35,1.1667,,,,,Pierce,,SlowDefensiveReduction,60,,1,20.0
records/creatures/enemies/swampcrab_c01.dbr,Ugdenbog Stoneshell,trash,initial,records/skills/nonplayerskillsgdx1/buff/swampcrab_shellaura.dbr,Skill_BuffRadiusToggled,,,,,,,,True,,,,,,,,,NO-REF,,crabmonstrosity_attack_c01.anm,0.9,,,,,,,,,,,,,,
records/creatures/enemies/swampgolem_a01.dbr,Ugdenbog Golem,trash,special1,records/skills/nonplayerskillsgdx1/path/swampgolem_doubleswipe.dbr,Skill_AttackWave,100.0,7.0,2.0,ShortRange,,,,,,,0.20000000298023224,8.0,1.0,,,Moderate,DIRECT-REF,DoubleStrike,,,golemswamp_phase01_attackspecial_a01.anm,81,2.7,,,,,Physical|Poison,SlowPoison,SlowAttackSpeed,60,,,
records/creatures/enemies/thornedhorrorfrost_a01.dbr,Rimethorn Horror,trash,special1,records/skills/nonplayerskillsgdx3/attackmelee/thornedhorrorfrost_iceslash.dbr,Skill_AttackWeapon,60.0,5.0,2.0,ShortRange,,,,,,,,,,,,Melee,DIRECT-REF,Slash,,,thornedhorrora01_attack_crossswipe.anm,56,1.8667,,,,,Physical|Cold,,,60,,5,180.0
records/creatures/enemies/thornedhorrorfrost_a01.dbr,Rimethorn Horror,trash,special2,records/skills/nonplayerskills/attackcharge/genericphysical_charge.dbr,Skill_AttackWeaponCharge,50.0,4.0,1.0,LongRange,,,,,True,,,,,,,Melee,REF-UNSATISFIED-BY-TABLE,Charge,,,,,,,,,,,,,5,,1,90.0
records/creatures/enemies/thornedhorrorfrost_b01.dbr,Rimethorn Terror,trash,basic,records/skills/nonplayerskillsgdx3/attackprojectile/thornedhorrorfrost_iceshardburst.dbr,Skill_AttackProjectileBurst,,,,,,,,,,,,,,,,Long,NO-REF,,thornedhorrora01_cast_attack_01.anm,1.7,,,,records/fx/skillsother/projectile/icespike_large_projectilefx_burst.dbr,18.0,16.0,,Pierce|Cold,,,60,,,
records/creatures/enemies/thornedhorrorfrost_b01.dbr,Rimethorn Terror,trash,special1,records/skills/nonplayerskillsgdx3/attackmelee/thornedhorrorfrost_iceslash.dbr,Skill_AttackWeapon,100.0,3.0,1.0,ShortRange,,,,,,,,,,,,Melee,DIRECT-REF,Slash,,,thornedhorrora01_attack_crossswipe.anm,56,1.8667,,,,,Physical|Cold,,,60,,5,180.0
records/creatures/enemies/thornedhorrorfrost_b01.dbr,Rimethorn Terror,trash,dying,records/skills/nonplayerskillsgdx3/aoe/thornedhorrorfrost_icethornfield.dbr,Skill_AttackProjectileAreaEffect,,,,,,6.0,,,,,,,,,,Maximum,NO-REF,,thornedhorrora01_cast_attack_01.anm,1.7,,,,records/fx/skillsothergdx3/aoe/briarfieldfrost_projectilefx01.dbr,,16.0,,Pierce|Cold,,SlowRunSpeed,60,,,
records/creatures/enemies/thornedhorrorfrost_c01.dbr,Rimethorn Monstrosity,trash,special1,records/skills/nonplayerskillsgdx3/attackmelee/thornedhorrorfrost_iceslash.dbr,Skill_AttackWeapon,100.0,4.0,0.0,ShortRange,,,,,,,,,,,,Melee,DIRECT-REF,Slash,,,thornedhorrora01_attack_crossswipe.anm,56,1.8667,,,,,Physical|Cold,,,60,,5,180.0
records/creatures/enemies/thornedhorrorfrost_c01.dbr,Rimethorn Monstrosity,trash,special2,records/skills/nonplayerskillsgdx3/path/thornedhorrorfrost_avalanche.dbr,Skill_AttackWave,100.0,5.0,2.0,MediumRange,,,,,,,1.0,16.0,,,,Moderate,DIRECT-REF,GroundSlamChannel,,,thornedhorrora01_attack_3x_groundimpale.anm,86,2.8667,,,,,Physical|Cold,,SlowTotalSpeed,60,,,
records/creatures/enemies/thornedhorrorfrost_c01.dbr,Rimethorn Monstrosity,trash,initial,records/skills/nonplayerskillsgdx3/buff/thornedhorrorfrost_chillingaura.dbr,Skill_BuffRadiusToggled,,,,,,,,True,,,,,,,,,NO-REF,,thornedhorrora01_cast_attack_01.anm,1.7,,,,,,,,,,,,,,
records/creatures/enemies/thornedhorrorfrost_c01.dbr,Rimethorn Monstrosity,trash,dying,records/skills/nonplayerskillsgdx3/aoe/thornedhorrorfrost_icethornfield.dbr,Skill_AttackProjectileAreaEffect,,,,,,6.0,,,,,,,,,,Maximum,NO-REF,,thornedhorrora01_cast_attack_01.anm,1.7,,,,records/fx/skillsothergdx3/aoe/briarfieldfrost_projectilefx01.dbr,,16.0,,Pierce|Cold,,SlowRunSpeed,60,,,
records/creatures/enemies/wendigo_a01.dbr,Wendigo,trash,special1,records/skills/nonplayerskills/attackcharge/genericphysical_charge.dbr,Skill_AttackWeaponCharge,50.0,4.0,0.0,LongRange,,,,,True,,,,,,,Melee,REF-UNSATISFIED-BY-TABLE,Charge,,,,,,,,,,,,,5,,1,90.0
records/creatures/enemies/wendigo_a01.dbr,Wendigo,trash,special2,records/skills/nonplayerskillsgdx1/attackmelee/wendigo_ram.dbr,Skill_AttackWeapon,100.0,4.0,1.0,ShortRange,,,,,,,,,,,,Melee,DIRECT-REF,Ram,,,wendigo_attackspecial_ram_a01.anm,26,0.8667,,,,,Physical|Life,SlowLife,,60,,1,20.0
records/creatures/enemies/wendigo_b01.dbr,Wendigo ~ Flayer,trash,basic,records/skills/nonplayerskillsgdx1/attackmelee/wendigo_frenzyswipes.dbr,Skill_WeaponPool_ChargedLinear,,,,,0.0,,3.0,,,,,,,,,Melee,NO-REF,,,,,,,,,,,,,,6,,,
records/creatures/enemies/wendigo_b01.dbr,Wendigo ~ Flayer,trash,special1,records/skills/nonplayerskills/attackcharge/genericphysical_charge.dbr,Skill_AttackWeaponCharge,50.0,4.0,0.0,LongRange,,,,,True,,,,,,,Melee,REF-UNSATISFIED-BY-TABLE,Charge,,,,,,,,,,,,,5,,1,90.0
records/creatures/enemies/wendigo_b01.dbr,Wendigo ~ Flayer,trash,special2,records/skills/nonplayerskillsgdx1/attackmelee/wendigo_tripleswipe.dbr,Skill_AttackWeapon,100.0,5.0,2.0,ShortRange,,,,,,,,,,,,Melee,DIRECT-REF,TripleStrike,,,wendigo_attack_c01.anm,58,1.9333,,,,,Physical,SlowBleeding,,60,,1,20.0
records/creatures/enemies/wendigo_b01.dbr,Wendigo ~ Flayer,trash,special3,records/skills/nonplayerskillsgdx1/buffattackradius/wendigo_leechingpresence.dbr,Skill_BuffAttackRadiusDuration,85.0,12.0,3.0,ShortRange,15.0,6.0,,,,,,,,,,Short,NO-REF,,wendigo_attack_a01.anm,1.0333,,,,,,,,Life,,,60,5.0,,
records/creatures/enemies/wendigo_b02.dbr,Wendigo ~ Marroweater,trash,special1,records/skills/nonplayerskills/attackcharge/genericphysical_charge.dbr,Skill_AttackWeaponCharge,50.0,4.0,0.0,LongRange,,,,,True,,,,,,,Melee,REF-UNSATISFIED-BY-TABLE,Charge,,,,,,,,,,,,,5,,1,90.0
records/creatures/enemies/wendigo_b02.dbr,Wendigo ~ Marroweater,trash,special2,records/skills/nonplayerskillsgdx1/attackmelee/wendigo_ram.dbr,Skill_AttackWeapon,100.0,4.0,1.0,ShortRange,,,,,,,,,,,,Melee,DIRECT-REF,Ram,,,wendigo_attackspecial_ram_a01.anm,26,0.8667,,,,,Physical|Life,SlowLife,,60,,1,20.0
records/creatures/enemies/wendigo_b02.dbr,Wendigo ~ Marroweater,trash,special3,records/skills/nonplayerskillsgdx1/buffoffensive/wendigo_howl.dbr,Skill_AttackBuffRadius,100.0,8.0,3.0,MediumRange,,,,,,,,,,,,,NO-REF,,wendigo_attack_a01.anm,1.0333,,,,,,,,,,,,,,
records/creatures/enemies/wendigo_c01.dbr,Wendigo ~ Ancient,trash,special1,records/skills/nonplayerskillsgdx1/attackmelee/wendigo_tripleswipe.dbr,Skill_AttackWeapon,100.0,5.0,2.0,ShortRange,,,,,,,,,,,,Melee,DIRECT-REF,TripleStrike,,,wendigo_attack_c01.anm,58,1.9333,,,,,Physical,SlowBleeding,,60,,1,20.0
records/creatures/enemies/wendigo_c01.dbr,Wendigo ~ Ancient,trash,special2,records/skills/nonplayerskillsgdx1/attackmelee/wendigo_leechingslam.dbr,Skill_AttackWeapon,100.0,8.0,1.0,ShortRange,,,,,,,,,,,,Melee,DIRECT-REF,DoubleSlash,,,wendigo_attackspecial_doubleslash_a01.anm,27,0.9,,,,,Life,,,60,,1,20.0
records/creatures/enemies/wendigo_c01.dbr,Wendigo ~ Ancient,trash,special3,records/skills/nonplayerskillsgdx1/buffoffensive/wraith_soulsiphon.dbr,Skill_AttackBuffRadius,100.0,9.0,2.0,MediumRange,,,,,,,,,,,,,NO-REF,,wendigo_attack_a01.anm,1.0333,,,,,,,,,,,,,,
records/creatures/enemies/wendigo_c01.dbr,Wendigo ~ Ancient,trash,initial,records/skills/nonplayerskillsgdx1/buff/wendigo_ancientaura.dbr,Skill_BuffRadiusToggled,,,,,,,,True,,,,,,,,,NO-REF,,wendigo_attack_a01.anm,1.0333,,,,,,,,,,,,,,
records/creatures/enemies/wendigo_c01.dbr,Wendigo ~ Ancient,trash,dying,records/skills/nonplayerskillsgdx1/aoe/wendigo_crimsonpool.dbr,Skill_AttackProjectileAreaEffect,,,,,,8.0,,,,,,,,,,Short,NO-REF,,wendigo_attack_a01.anm,1.0333,,,,records/fx/skillsothergdx1/aoe/crimsonpool_wendigo_projectilefx01.dbr,,3.0,,,SlowBleeding,SlowOffensiveAbility,60,,,
records/creatures/enemies/wendigocannibal_b01.dbr,Ugdenbog Turned,trash,special1,records/skills/nonplayerskillsgdx1/attackmelee/wendigocannibal_hungeringswipe.dbr,Skill_AttackWeapon,100.0,4.0,1.0,ShortRange,,,,,,,,,,,,Melee,NO-REF,,,,,,,,,,,Life,SlowLife,,60,,1,20.0
records/creatures/enemies/wendigocannibal_b01.dbr,Ugdenbog Turned,trash,special2,records/skills/nonplayerskillsgdx1/aoe/wendigocannibal_bloodpool.dbr,Skill_AttackProjectileAreaEffect,100.0,6.0,2.0,AnyRange,,5.0,,,,,,,,,,Short,NO-REF,,cannibal_cast_a01.anm,1.2333,,,,records/fx/skillsother/aoe/crimsonpool_ghoul_projectilefx01.dbr,,3.0,,,SlowBleeding,,60,,,
records/creatures/enemies/wendigocannibal_c01.dbr,Ugdenbog Marked,trash,special1,records/skills/nonplayerskillsgdx1/attackmelee/wendigocannibal_hungeringswipe.dbr,Skill_AttackWeapon,100.0,4.0,0.0,ShortRange,,,,,,,,,,,,Melee,NO-REF,,,,,,,,,,,Life,SlowLife,,60,,1,20.0
records/creatures/enemies/wendigocannibal_c01.dbr,Ugdenbog Marked,trash,special2,records/skills/nonplayerskillsgdx1/buffoffensive/wendigocannibal_bloodlink.dbr,Skill_AttackBuff,100.0,9.0,1.0,ShortRange,,,,,,,,,,,,,NO-REF,,cannibal_cast_a01.anm,1.2333,,,,,,,,,,,,,,
records/creatures/enemies/wendigocannibal_c01.dbr,Ugdenbog Marked,trash,initial,records/skills/nonplayerskillsgdx1/buff/wendigocannibal_bloodeningaura.dbr,Skill_BuffRadiusToggled,,,,,,,,True,,,,,,,,,NO-REF,,cannibal_cast_a01.anm,1.2333,,,,,,,,,,,,,,
records/creatures/enemies/wraith_a01.dbr,Wraith,trash,special1,records/skills/nonplayerskillsgdx1/attackmelee/wraith_shadowstrike.dbr,Skill_AttackWeaponBlink,80.0,5.0,2.0,LongRange,,,,,True,,,,,,,Moderate,DIRECT-REF,ShadowStrike,,,wraith_attack_b01_vitality.anm,44,1.4667,,,,,Cold|Lightning,,SlowRunSpeed,60,,1,20.0
records/creatures/enemies/wraith_b01.dbr,Spiteful Wraith,trash,special1,records/skills/nonplayerskillsgdx1/attackmelee/wraith_shadowstrike.dbr,Skill_AttackWeaponBlink,90.0,5.0,3.0,LongRange,,,,,True,,,,,,,Moderate,DIRECT-REF,ShadowStrike,,,wraith_attack_b01_vitality.anm,44,1.4667,,,,,Cold|Lightning,,SlowRunSpeed,60,,1,20.0
records/creatures/enemies/wraith_b01.dbr,Spiteful Wraith,trash,special2,records/skills/nonplayerskillsgdx1/attackradius/wraith_leechnova.dbr,Skill_AttackRadius,100.0,5.0,2.0,ShortRange,,,,,,,,,0.0,,,Melee,NO-REF,,wraith_attack_c01.anm,1.2333,,,,,,,,Life,SlowLifeLeach,,60,4.0,,
records/creatures/enemies/wraith_b01.dbr,Spiteful Wraith,trash,special3,records/skills/nonplayerskillsgdx1/buffoffensive/wraith_dreadaura.dbr,Skill_BuffRadius,80.0,14.0,3.0,ShortRange,,,,True,,,,,,,,,NO-REF,,wraith_attack_c01.anm,1.2333,,,,,,,,,,,,,,
records/creatures/enemies/wraith_b01.dbr,Spiteful Wraith,trash,dying,records/skills/nonplayerskillsgdx1/buffoffensive/wraith_eruptionofdread.dbr,Skill_AttackBuffRadius,,,,,,,,,,,,,,,,,NO-REF,,wraith_attack_c01.anm,1.2333,,,,,,,,,,,,,,
records/creatures/enemies/wraith_c01.dbr,Ancient Wraith,trash,basic,records/skills/nonplayerskillsgdx1/attackprojectile/wraith_sappingorbs.dbr,Skill_AttackProjectileBurst,,,,,,,,,,,,,,,,Long,NO-REF,,wraith_attack_c01.anm,1.2333,,,,records/fx/skillsother/projectile/necroticmissile_fxprojectile.dbr,20.0,20.0,15.0,Physical|Cold|Life,,,60,,,
records/creatures/enemies/wraith_c01.dbr,Ancient Wraith,trash,special1,records/skills/nonplayerskillsgdx1/buffoffensive/wraith_soulsiphon.dbr,Skill_AttackBuffRadius,100.0,8.0,2.0,MediumRange,,,,,,,,,,,,,NO-REF,,wraith_attack_c01.anm,1.2333,,,,,,,,,,,,,,
records/creatures/enemies/wraith_c01.dbr,Ancient Wraith,trash,special2,records/skills/nonplayerskillsgdx1/buffoffensive/wraith_illomen.dbr,Skill_AttackBuff,100.0,10.0,3.0,AnyRange,,,,,,,,,,,,,NO-REF,,wraith_attack_c01.anm,1.2333,,,,,,,,,,,,,,
records/creatures/enemies/wraith_c01.dbr,Ancient Wraith,trash,special3,records/skills/nonplayerskillsgdx1/buffoffensive/wraith_despairaura.dbr,Skill_BuffRadius,80.0,14.0,3.0,ShortRange,,,,True,,,,,,,,,NO-REF,,wraith_attack_c01.anm,1.2333,,,,,,,,,,,,,,
records/creatures/enemies/wraith_c01.dbr,Ancient Wraith,trash,special4,records/skills/nonplayerskillsgdx1/attackprojectile/wraith_homingwrath.dbr,Skill_AttackProjectile,80.0,14.0,6.0,LongRange,,,,,,,,,,,,Long,DIRECT-REF,Doombolt,,,wraith_cast_a01_boss.anm,41,1.3667,records/fx/skillsothergdx1/projectile/wraith_homingwrath_fxprojectile.dbr,7.0,35.0,,Physical|Cold|Life,,,60,,,
records/creatures/enemies/wraith_c01.dbr,Ancient Wraith,trash,dying,records/skills/nonplayerskillsgdx1/buffoffensive/wraith_eruptionofdespair.dbr,Skill_AttackBuffRadius,,,,,,,,,,,,,,,,,NO-REF,,wraith_attack_c01.anm,1.2333,,,,,,,,,,,,,,
records/creatures/enemies/yetidire_a01.dbr,Diremane Brute,trash,special1,records/skills/nonplayerskills/attackcharge/genericphysical_charge.dbr,Skill_AttackWeaponCharge,50.0,4.0,0.0,LongRange,,,,,True,,,,,,,Melee,REF-UNSATISFIED-BY-TABLE,Charge,,,,,,,,,,,,,5,,1,90.0
records/creatures/enemies/yetidire_c01.dbr,Diremane Alpha,trash,special1,records/skills/nonplayerskillsgdx3/path/yetidire_glacialbreath.dbr,Skill_AttackWave,100.0,5.0,2.0,ShortRange,,,,,,,0.5,9.0,,,,Moderate,DIRECT-REF,BreathFrost,,,yeti_attackbreatha01.anm,41,1.3667,,,,,Physical|Cold,,,60,,,
records/creatures/enemies/yetidire_c01.dbr,Diremane Alpha,trash,special2,records/skills/nonplayerskillsgdx3/buffoffensive/yetidire_icehowl.dbr,Skill_AttackBuffRadius,100.0,7.0,3.0,MediumRange,,,,,,,,,,,,,NO-REF,,yeti_roar_a01.anm,1.3667,,,,,,,,,,,,,,
records/creatures/enemies/zombiemutated_a01.dbr,Fleshwarped Butcher,trash,basic,records/skills/nonplayerskills/attackmelee/aetherrage1_zombiemutant.dbr,Skill_WeaponPool_ChargedLinear,,,,,0.0,,,,,,,,,,,Melee,NO-REF,,,,,,,,,,,,,,6,,,
records/creatures/enemies/zombiemutated_b01.dbr,Fleshwarped Thrasher,trash,basic,records/skills/nonplayerskills/attackmelee/mutantthrasher_aethersmash.dbr,Skill_WeaponPool_ChargedFinale,,,,,,,2.5,,,,,,,,,Melee,DIRECT-REF,Crush,,,zombiemutated02_attack_s01.anm,46,1.5333,,,,,Physical|Aether,,,60,,1,20.0
