frame,t_sec,wave,hp,health_max,deficit,delta_hp
0,683.0,151,20005,20005,0,
1,683.0167,151,20005,20005,0,0
2,683.0333,151,20005,20005,0,0
3,683.05,151,20005,20005,0,0
4,683.0667,151,20005,20005,0,0
5,683.0833,151,20005,20005,0,0
6,683.1,151,20005,20005,0,0
7,683.1167,151,20005,20005,0,0
8,683.1333,151,20005,20005,0,0
9,683.15,151,20005,20005,0,0
10,683.1667,151,20005,20005,0,0
11,683.1833,151,20005,20005,0,0
12,683.2,151,20005,20005,0,0
13,683.2167,151,20005,20005,0,0
14,683.2333,151,20005,20005,0,0
15,683.25,151,20005,20005,0,0
16,683.2667,151,20005,20005,0,0
17,683.2833,151,20005,20005,0,0
18,683.3,151,20005,20005,0,0
19,683.3167,151,20005,20005,0,0
20,683.3333,151,20005,20005,0,0
21,683.35,151,20005,20005,0,0
22,683.3667,151,20005,20005,0,0
23,683.3833,151,20005,20005,0,0
24,683.4,151,20005,20005,0,0
25,683.4167,151,20005,20005,0,0
26,683.4333,151,20005,20005,0,0
27,683.45,151,20005,20005,0,0
28,683.4667,151,20005,20005,0,0
29,683.4833,151,20005,20005,0,0
30,683.5,151,20005,20005,0,0
31,683.5167,151,20005,20005,0,0
32,683.5333,151,20005,20005,0,0
33,683.55,151,20005,20005,0,0
34,683.5667,151,20005,20005,0,0
35,683.5833,151,20005,20005,0,0
36,683.6,151,20005,20005,0,0
37,683.6167,151,20005,20005,0,0
38,683.6333,151,20005,20005,0,0
39,683.65,151,20005,20005,0,0
40,683.6667,151,20005,20005,0,0
41,683.6833,151,20005,20005,0,0
42,683.7,151,20005,20005,0,0
43,683.7167,151,20005,20005,0,0
44,683.7333,151,20005,20005,0,0
45,683.75,151,20005,20005,0,0
46,683.7667,151,20005,20005,0,0
47,683.7833,151,20005,20005,0,0
48,683.8,151,20005,20005,0,0
49,683.8167,151,20005,20005,0,0
50,683.8333,151,20005,20005,0,0
51,683.85,151,20005,20005,0,0
52,683.8667,151,20005,20005,0,0
53,683.8833,151,20005,20005,0,0
54,683.9,151,20005,20005,0,0
55,683.9167,151,20005,20005,0,0
56,683.9333,151,20005,20005,0,0
57,683.95,151,20005,20005,0,0
58,683.9667,151,20005,20005,0,0
59,683.9833,151,20005,20005,0,0
60,684.0,151,20005,20005,0,0
61,684.0167,151,20005,20005,0,0
62,684.0333,151,20005,20005,0,0
63,684.05,151,20005,20005,0,0
64,684.0667,151,20005,20005,0,0
65,684.0833,151,20005,20005,0,0
66,684.1,151,20005,20005,0,0
67,684.1167,151,20005,20005,0,0
68,684.1333,151,20005,20005,0,0
69,684.15,151,20005,20005,0,0
70,684.1667,151,20005,20005,0,0
71,684.1833,151,20005,20005,0,0
72,684.2,151,20005,20005,0,0
73,684.2167,151,20005,20005,0,0
74,684.2333,151,20005,20005,0,0
75,684.25,151,20005,20005,0,0
76,684.2667,151,20005,20005,0,0
77,684.2833,151,20005,20005,0,0
78,684.3,151,20005,20005,0,0
79,684.3167,151,20005,20005,0,0
80,684.3333,151,20005,20005,0,0
81,684.35,151,20005,20005,0,0
82,684.3667,151,20005,20005,0,0
83,684.3833,151,20005,20005,0,0
84,684.4,151,20005,20005,0,0
85,684.4167,151,20005,20005,0,0
86,684.4333,151,20005,20005,0,0
87,684.45,151,20005,20005,0,0
88,684.4667,151,20005,20005,0,0
89,684.4833,151,20005,20005,0,0
90,684.5,151,20005,20005,0,0
91,684.5167,151,20005,20005,0,0
92,684.5333,151,20005,20005,0,0
93,684.55,151,20005,20005,0,0
94,684.5667,151,20005,20005,0,0
95,684.5833,151,20005,20005,0,0
96,684.6,151,20005,20005,0,0
97,684.6167,151,20005,20005,0,0
98,684.6333,151,20005,20005,0,0
99,684.65,151,20005,20005,0,0
100,684.6667,151,20005,20005,0,0
101,684.6833,151,20005,20005,0,0
102,684.7,151,20005,20005,0,0
103,684.7167,151,20005,20005,0,0
104,684.7333,151,20005,20005,0,0
105,684.75,151,20005,20005,0,0
106,684.7667,151,20005,20005,0,0
107,684.7833,151,20005,20005,0,0
108,684.8,151,20005,20005,0,0
109,684.8167,151,20005,20005,0,0
110,684.8333,151,20005,20005,0,0
111,684.85,151,20005,20005,0,0
112,684.8667,151,20005,20005,0,0
113,684.8833,151,20005,20005,0,0
114,684.9,151,20005,20005,0,0
115,684.9167,151,20005,20005,0,0
116,684.9333,151,20005,20005,0,0
117,684.95,151,20005,20005,0,0
118,684.9667,151,20005,20005,0,0
119,684.9833,151,20005,20005,0,0
120,685.0,151,20005,20005,0,0
121,685.0167,151,20005,20005,0,0
122,685.0333,151,20005,20005,0,0
123,685.05,151,20005,20005,0,0
124,685.0667,151,20005,20005,0,0
125,685.0833,151,20005,20005,0,0
126,685.1,151,20005,20005,0,0
127,685.1167,151,20005,20005,0,0
128,685.1333,151,20005,20005,0,0
129,685.15,151,20005,20005,0,0
130,685.1667,151,20005,20005,0,0
131,685.1833,151,20005,20005,0,0
132,685.2,151,20005,20005,0,0
133,685.2167,151,20005,20005,0,0
134,685.2333,151,20005,20005,0,0
135,685.25,151,20005,20005,0,0
136,685.2667,151,20005,20005,0,0
137,685.2833,151,20005,20005,0,0
138,685.3,151,20005,20005,0,0
139,685.3167,151,20005,20005,0,0
140,685.3333,151,20005,20005,0,0
141,685.35,151,20005,20005,0,0
142,685.3667,151,20005,20005,0,0
143,685.3833,151,20005,20005,0,0
144,685.4,151,20005,20005,0,0
145,685.4167,151,20005,20005,0,0
146,685.4333,151,20005,20005,0,0
147,685.45,151,20005,20005,0,0
148,685.4667,151,20005,20005,0,0
149,685.4833,151,20005,20005,0,0
150,685.5,151,20005,20005,0,0
151,685.5167,151,20005,20005,0,0
152,685.5333,151,20005,20005,0,0
153,685.55,151,20005,20005,0,0
154,685.5667,151,20005,20005,0,0
155,685.5833,151,20005,20005,0,0
156,685.6,151,20005,20005,0,0
157,685.6167,151,20005,20005,0,0
158,685.6333,151,20005,20005,0,0
159,685.65,151,20005,20005,0,0
160,685.6667,151,20005,20005,0,0
161,685.6833,151,20005,20005,0,0
162,685.7,151,20005,20005,0,0
163,685.7167,151,20005,20005,0,0
164,685.7333,151,20005,20005,0,0
165,685.75,151,20005,20005,0,0
166,685.7667,151,20005,20005,0,0
167,685.7833,151,20005,20005,0,0
168,685.8,151,20005,20005,0,0
169,685.8167,151,20005,20005,0,0
170,685.8333,151,20005,20005,0,0
171,685.85,151,20005,20005,0,0
172,685.8667,151,20005,20005,0,0
173,685.8833,151,20005,20005,0,0
174,685.9,151,20005,20005,0,0
175,685.9167,151,20005,20005,0,0
176,685.9333,151,20005,20005,0,0
177,685.95,151,20005,20005,0,0
178,685.9667,151,20005,20005,0,0
179,685.9833,151,20005,20005,0,0
180,686.0,151,20005,20005,0,0
181,686.0167,151,20005,20005,0,0
182,686.0333,151,20005,20005,0,0
183,686.05,151,20005,20005,0,0
184,686.0667,151,20005,20005,0,0
185,686.0833,151,20005,20005,0,0
186,686.1,151,20005,20005,0,0
187,686.1167,151,20005,20005,0,0
188,686.1333,151,20005,20005,0,0
189,686.15,151,20005,20005,0,0
190,686.1667,151,20005,20005,0,0
191,686.1833,151,20005,20005,0,0
192,686.2,151,20005,20005,0,0
193,686.2167,151,20005,20005,0,0
194,686.2333,151,20005,20005,0,0
195,686.25,151,20005,20005,0,0
196,686.2667,151,20005,20005,0,0
197,686.2833,151,20005,20005,0,0
198,686.3,151,20005,20005,0,0
199,686.3167,151,20005,20005,0,0
200,686.3333,151,20005,20005,0,0
201,686.35,151,20005,20005,0,0
202,686.3667,151,20005,20005,0,0
203,686.3833,151,20005,20005,0,0
204,686.4,151,20005,20005,0,0
205,686.4167,151,20005,20005,0,0
206,686.4333,151,20005,20005,0,0
207,686.45,151,20005,20005,0,0
208,686.4667,151,20005,20005,0,0
209,686.4833,151,20005,20005,0,0
210,686.5,151,20005,20005,0,0
211,686.5167,151,20005,20005,0,0
212,686.5333,151,20005,20005,0,0
213,686.55,151,20005,20005,0,0
214,686.5667,151,20005,20005,0,0
215,686.5833,151,20005,20005,0,0
216,686.6,151,20005,20005,0,0
217,686.6167,151,20005,20005,0,0
218,686.6333,151,20005,20005,0,0
219,686.65,151,20005,20005,0,0
220,686.6667,151,20005,20005,0,0
221,686.6833,151,20005,20005,0,0
222,686.7,151,20005,20005,0,0
223,686.7167,151,20005,20005,0,0
224,686.7333,151,20005,20005,0,0
225,686.75,151,20005,20005,0,0
226,686.7667,151,20005,20005,0,0
227,686.7833,151,20005,20005,0,0
228,686.8,151,20005,20005,0,0
229,686.8167,151,20005,20005,0,0
230,686.8333,151,20005,20005,0,0
231,686.85,151,20005,20005,0,0
232,686.8667,151,20005,20005,0,0
233,686.8833,151,20005,20005,0,0
234,686.9,151,20005,20005,0,0
235,686.9167,151,20005,20005,0,0
236,686.9333,151,20005,20005,0,0
237,686.95,151,20005,20005,0,0
238,686.9667,151,20005,20005,0,0
239,686.9833,151,20005,20005,0,0
240,687.0,151,20005,20005,0,0
241,687.0167,151,20005,20005,0,0
242,687.0333,151,20005,20005,0,0
243,687.05,151,20005,20005,0,0
244,687.0667,151,20005,20005,0,0
245,687.0833,151,20005,20005,0,0
246,687.1,151,20005,20005,0,0
247,687.1167,151,20005,20005,0,0
248,687.1333,151,20005,20005,0,0
249,687.15,151,20005,20005,0,0
250,687.1667,151,20005,20005,0,0
251,687.1833,151,20005,20005,0,0
252,687.2,151,20005,20005,0,0
253,687.2167,151,20005,20005,0,0
254,687.2333,151,20005,20005,0,0
255,687.25,151,20005,20005,0,0
256,687.2667,151,20005,20005,0,0
257,687.2833,151,20005,20005,0,0
258,687.3,151,20005,20005,0,0
259,687.3167,151,20005,20005,0,0
260,687.3333,151,20005,20005,0,0
261,687.35,151,20005,20005,0,0
262,687.3667,151,20005,20005,0,0
263,687.3833,151,20005,20005,0,0
264,687.4,151,20005,20005,0,0
265,687.4167,151,20005,20005,0,0
266,687.4333,151,20005,20005,0,0
267,687.45,151,20005,20005,0,0
268,687.4667,151,20005,20005,0,0
269,687.4833,151,20005,20005,0,0
270,687.5,151,20005,20005,0,0
271,687.5167,151,20005,20005,0,0
272,687.5333,151,20005,20005,0,0
273,687.55,151,20005,20005,0,0
274,687.5667,151,20005,20005,0,0
275,687.5833,151,20005,20005,0,0
276,687.6,151,20005,20005,0,0
277,687.6167,151,20005,20005,0,0
278,687.6333,151,20005,20005,0,0
279,687.65,151,20005,20005,0,0
280,687.6667,151,20005,20005,0,0
281,687.6833,151,20005,20005,0,0
282,687.7,151,20005,20005,0,0
283,687.7167,151,20005,20005,0,0
284,687.7333,151,20005,20005,0,0
285,687.75,151,20005,20005,0,0
286,687.7667,151,20005,20005,0,0
287,687.7833,151,20005,20005,0,0
288,687.8,151,20005,20005,0,0
289,687.8167,151,20005,20005,0,0
290,687.8333,151,20005,20005,0,0
291,687.85,151,20005,20005,0,0
292,687.8667,151,20005,20005,0,0
293,687.8833,151,20005,20005,0,0
294,687.9,151,20005,20005,0,0
295,687.9167,151,20005,20005,0,0
296,687.9333,151,20005,20005,0,0
297,687.95,151,20005,20005,0,0
298,687.9667,151,20005,20005,0,0
299,687.9833,151,20005,20005,0,0
300,688.0,151,20005,20005,0,0
301,688.0167,151,20005,20005,0,0
302,688.0333,151,20005,20005,0,0
303,688.05,151,20005,20005,0,0
304,688.0667,151,20005,20005,0,0
305,688.0833,151,20005,20005,0,0
306,688.1,151,20005,20005,0,0
307,688.1167,151,20005,20005,0,0
308,688.1333,151,20005,20005,0,0
309,688.15,151,20005,20005,0,0
310,688.1667,151,20005,20005,0,0
311,688.1833,151,20005,20005,0,0
312,688.2,151,20005,20005,0,0
313,688.2167,151,20005,20005,0,0
314,688.2333,151,20005,20005,0,0
315,688.25,151,20005,20005,0,0
316,688.2667,151,20005,20005,0,0
317,688.2833,151,20005,20005,0,0
318,688.3,151,19922,20005,83,-83
319,688.3167,151,19924,20005,81,2
320,688.3333,151,19926,20005,79,2
321,688.35,151,19928,20005,77,2
322,688.3667,151,20005,20005,0,77
323,688.3833,151,20005,20005,0,0
324,688.4,151,20005,20005,0,0
325,688.4167,151,20005,20005,0,0
326,688.4333,151,20005,20005,0,0
327,688.45,151,20005,20005,0,0
328,688.4667,151,20005,20005,0,0
329,688.4833,151,20005,20005,0,0
330,688.5,151,20005,20005,0,0
331,688.5167,151,20005,20005,0,0
332,688.5333,151,20005,20005,0,0
333,688.55,151,20005,20005,0,0
334,688.5667,151,20005,20005,0,0
335,688.5833,151,20005,20005,0,0
336,688.6,151,20005,20005,0,0
337,688.6167,151,20005,20005,0,0
338,688.6333,151,20005,20005,0,0
339,688.65,151,20005,20005,0,0
340,688.6667,151,19358,20005,647,-647
341,688.6833,151,19360,20005,645,2
342,688.7,151,20005,20005,0,645
343,688.7167,151,20005,20005,0,0
344,688.7333,151,20005,20005,0,0
345,688.75,151,20005,20005,0,0
346,688.7667,151,20005,20005,0,0
347,688.7833,151,20005,20005,0,0
348,688.8,151,20005,20005,0,0
349,688.8167,151,20005,20005,0,0
350,688.8333,151,20005,20005,0,0
351,688.85,151,20005,20005,0,0
352,688.8667,151,20005,20005,0,0
353,688.8833,151,20005,20005,0,0
354,688.9,151,20005,20005,0,0
355,688.9167,151,20005,20005,0,0
356,688.9333,151,20005,20005,0,0
357,688.95,151,20005,20005,0,0
358,688.9667,151,20005,20005,0,0
359,688.9833,151,20005,20005,0,0
360,689.0,151,20005,20005,0,0
361,689.0167,151,18672,20005,1333,-1333
362,689.0333,151,19408,20005,597,736
363,689.05,151,19410,20005,595,2
364,689.0667,151,19412,20005,593,2
365,689.0833,151,19414,20005,591,2
366,689.1,151,19416,20005,589,2
367,689.1167,151,19418,20005,587,2
368,689.1333,151,19420,20005,585,2
369,689.15,151,19423,20005,582,3
370,689.1667,151,19425,20005,580,2
371,689.1833,151,19427,20005,578,2
372,689.2,151,19429,20005,576,2
373,689.2167,151,19431,20005,574,2
374,689.2333,151,19433,20005,572,2
375,689.25,151,19435,20005,570,2
376,689.2667,151,19437,20005,568,2
377,689.2833,151,19439,20005,566,2
378,689.3,151,19441,20005,564,2
379,689.3167,151,19443,20005,562,2
380,689.3333,151,19445,20005,560,2
381,689.35,151,19124,20005,881,-321
382,689.3667,151,19873,20005,132,749
383,689.3833,151,19875,20005,130,2
384,689.4,151,19877,20005,128,2
385,689.4167,151,19879,20005,126,2
386,689.4333,151,19881,20005,124,2
387,689.45,151,20005,20005,0,124
388,689.4667,151,20005,20005,0,0
389,689.4833,151,20005,20005,0,0
390,689.5,151,20005,20005,0,0
391,689.5167,151,20005,20005,0,0
392,689.5333,151,18887,20005,1118,-1118
393,689.55,151,18889,20005,1116,2
394,689.5667,151,18891,20005,1114,2
395,689.5833,151,18893,20005,1112,2
396,689.6,151,18895,20005,1110,2
397,689.6167,151,20005,20005,0,1110
398,689.6333,151,20005,20005,0,0
399,689.65,151,19989,20005,16,-16
400,689.6667,151,19992,20005,13,3
401,689.6833,151,19994,20005,11,2
402,689.7,151,20005,20005,0,11
403,689.7167,151,19358,20005,647,-647
404,689.7333,151,19360,20005,645,2
405,689.75,151,19346,20005,659,-14
406,689.7667,151,19348,20005,657,2
407,689.7833,151,20005,20005,0,657
408,689.8,151,20005,20005,0,0
409,689.8167,151,20005,20005,0,0
410,689.8333,151,20005,20005,0,0
411,689.85,151,19989,20005,16,-16
412,689.8667,151,20005,20005,0,16
413,689.8833,151,20005,20005,0,0
414,689.9,151,20005,20005,0,0
415,689.9167,151,20005,20005,0,0
416,689.9333,151,20005,20005,0,0
417,689.95,151,20005,20005,0,0
418,689.9667,151,19666,20005,339,-339
419,689.9833,151,19668,20005,337,2
420,690.0,151,19670,20005,335,2
421,690.0167,151,19672,20005,333,2
422,690.0333,151,19674,20005,331,2
423,690.05,151,19676,20005,329,2
424,690.0667,151,19663,20005,342,-13
425,690.0833,151,19665,20005,340,2
426,690.1,151,19667,20005,338,2
427,690.1167,151,19669,20005,336,2
428,690.1333,151,19671,20005,334,2
429,690.15,151,19673,20005,332,2
430,690.1667,151,19660,20005,345,-13
431,690.1833,151,19662,20005,343,2
432,690.2,151,19664,20005,341,2
433,690.2167,151,19666,20005,339,2
434,690.2333,151,19668,20005,337,2
435,690.25,151,19670,20005,335,2
436,690.2667,151,19657,20005,348,-13
437,690.2833,151,19659,20005,346,2
438,690.3,151,19661,20005,344,2
439,690.3167,151,19663,20005,342,2
440,690.3333,151,19665,20005,340,2
441,690.35,151,19667,20005,338,2
442,690.3667,151,19669,20005,336,2
443,690.3833,151,19656,20005,349,-13
444,690.4,151,19658,20005,347,2
445,690.4167,151,19660,20005,345,2
446,690.4333,151,19662,20005,343,2
447,690.45,151,19664,20005,341,2
448,690.4667,151,19666,20005,339,2
449,690.4833,151,19652,20005,353,-14
450,690.5,151,19654,20005,351,2
451,690.5167,151,19657,20005,348,3
452,690.5333,151,19659,20005,346,2
453,690.55,151,19661,20005,344,2
454,690.5667,151,19663,20005,342,2
455,690.5833,151,19649,20005,356,-14
456,690.6,151,19651,20005,354,2
457,690.6167,151,19653,20005,352,2
458,690.6333,151,19656,20005,349,3
459,690.65,151,19658,20005,347,2
460,690.6667,151,19660,20005,345,2
461,690.6833,151,19646,20005,359,-14
462,690.7,151,19648,20005,357,2
463,690.7167,151,19650,20005,355,2
464,690.7333,151,19652,20005,353,2
465,690.75,151,19654,20005,351,2
466,690.7667,151,19657,20005,348,3
467,690.7833,151,19659,20005,346,2
468,690.8,151,19645,20005,360,-14
469,690.8167,151,19647,20005,358,2
470,690.8333,151,19649,20005,356,2
471,690.85,151,19651,20005,354,2
472,690.8667,151,19653,20005,352,2
473,690.8833,151,20005,20005,0,352
474,690.9,151,19989,20005,16,-16
475,690.9167,151,19992,20005,13,3
476,690.9333,151,19994,20005,11,2
477,690.95,151,19996,20005,9,2
478,690.9667,151,19998,20005,7,2
479,690.9833,151,19972,20005,33,-26
480,691.0,151,19958,20005,47,-14
481,691.0167,151,19637,20005,368,-321
482,691.0333,151,19639,20005,366,2
483,691.05,151,19641,20005,364,2
484,691.0667,151,19643,20005,362,2
485,691.0833,151,19617,20005,388,-26
486,691.1,151,19604,20005,401,-13
487,691.1167,151,19606,20005,399,2
488,691.1333,151,19608,20005,397,2
489,691.15,151,19610,20005,395,2
490,691.1667,151,19612,20005,393,2
491,691.1833,151,19586,20005,419,-26
492,691.2,151,19588,20005,417,2
493,691.2167,151,19575,20005,430,-13
494,691.2333,151,19577,20005,428,2
495,691.25,151,19579,20005,426,2
496,691.2667,151,19581,20005,424,2
497,691.2833,151,19555,20005,450,-26
498,691.3,151,19558,20005,447,3
499,691.3167,151,19544,20005,461,-14
500,691.3333,151,19546,20005,459,2
501,691.35,151,19548,20005,457,2
502,691.3667,151,19550,20005,455,2
503,691.3833,151,20005,20005,0,455
504,691.4,151,19977,20005,28,-28
505,691.4167,151,19964,20005,41,-13
506,691.4333,151,19966,20005,39,2
507,691.45,151,19968,20005,37,2
508,691.4667,151,20005,20005,0,37
509,691.4833,151,20005,20005,0,0
510,691.5,151,19977,20005,28,-28
511,691.5167,151,19964,20005,41,-13
512,691.5333,151,19966,20005,39,2
513,691.55,151,20005,20005,0,39
514,691.5667,151,20005,20005,0,0
515,691.5833,151,20005,20005,0,0
516,691.6,151,20005,20005,0,0
517,691.6167,151,20005,20005,0,0
518,691.6333,151,20005,20005,0,0
519,691.65,151,20005,20005,0,0
520,691.6667,151,20005,20005,0,0
521,691.6833,151,20005,20005,0,0
522,691.7,151,20005,20005,0,0
523,691.7167,151,20005,20005,0,0
524,691.7333,151,20005,20005,0,0
525,691.75,151,20005,20005,0,0
526,691.7667,151,20005,20005,0,0
527,691.7833,151,20005,20005,0,0
528,691.8,151,20005,20005,0,0
529,691.8167,151,20005,20005,0,0
530,691.8333,151,20005,20005,0,0
531,691.85,151,20005,20005,0,0
532,691.8667,151,20005,20005,0,0
533,691.8833,151,20005,20005,0,0
534,691.9,151,20005,20005,0,0
535,691.9167,151,20005,20005,0,0
536,691.9333,151,20005,20005,0,0
537,691.95,151,20005,20005,0,0
538,691.9667,151,20005,20005,0,0
539,691.9833,151,20005,20005,0,0
540,692.0,151,20005,20005,0,0
541,692.0167,151,20005,20005,0,0
542,692.0333,151,20005,20005,0,0
543,692.05,151,19711,20005,294,-294
544,692.0667,151,19714,20005,291,3
545,692.0833,151,19716,20005,289,2
546,692.1,151,19718,20005,287,2
547,692.1167,151,19720,20005,285,2
548,692.1333,151,20005,20005,0,285
549,692.15,151,20005,20005,0,0
550,692.1667,151,20005,20005,0,0
551,692.1833,151,20005,20005,0,0
552,692.2,151,20005,20005,0,0
553,692.2167,151,20005,20005,0,0
554,692.2333,151,20005,20005,0,0
555,692.25,151,20005,20005,0,0
556,692.2667,151,20005,20005,0,0
557,692.2833,151,20005,20005,0,0
558,692.3,151,20005,20005,0,0
559,692.3167,151,20005,20005,0,0
560,692.3333,151,20005,20005,0,0
561,692.35,151,20005,20005,0,0
562,692.3667,151,20005,20005,0,0
563,692.3833,151,20005,20005,0,0
564,692.4,151,20005,20005,0,0
565,692.4167,151,20005,20005,0,0
566,692.4333,151,20005,20005,0,0
567,692.45,151,20005,20005,0,0
568,692.4667,151,20005,20005,0,0
569,692.4833,151,20005,20005,0,0
570,692.5,151,20005,20005,0,0
571,692.5167,151,20005,20005,0,0
572,692.5333,151,20005,20005,0,0
573,692.55,151,20005,20005,0,0
574,692.5667,151,20005,20005,0,0
575,692.5833,151,20005,20005,0,0
576,692.6,151,20005,20005,0,0
577,692.6167,151,20005,20005,0,0
578,692.6333,151,20005,20005,0,0
579,692.65,151,20005,20005,0,0
580,692.6667,151,20005,20005,0,0
581,692.6833,151,20005,20005,0,0
582,692.7,151,20005,20005,0,0
583,692.7167,151,20005,20005,0,0
584,692.7333,151,20005,20005,0,0
585,692.75,151,20005,20005,0,0
586,692.7667,151,20005,20005,0,0
587,692.7833,151,20005,20005,0,0
588,692.8,151,20005,20005,0,0
589,692.8167,151,20005,20005,0,0
590,692.8333,151,20005,20005,0,0
591,692.85,151,20005,20005,0,0
592,692.8667,151,20005,20005,0,0
593,692.8833,151,20005,20005,0,0
594,692.9,151,20005,20005,0,0
595,692.9167,151,20005,20005,0,0
596,692.9333,151,20005,20005,0,0
597,692.95,151,20005,20005,0,0
598,692.9667,151,19506,20005,499,-499
599,692.9833,151,19508,20005,497,2
600,693.0,151,19510,20005,495,2
601,693.0167,151,19513,20005,492,3
602,693.0333,151,19515,20005,490,2
603,693.05,151,19517,20005,488,2
604,693.0667,151,19519,20005,486,2
605,693.0833,151,19521,20005,484,2
606,693.1,151,19229,20005,776,-292
607,693.1167,151,19231,20005,774,2
608,693.1333,151,19233,20005,772,2
609,693.15,151,19236,20005,769,3
610,693.1667,151,19238,20005,767,2
611,693.1833,151,19240,20005,765,2
612,693.2,151,19242,20005,763,2
613,693.2167,151,19244,20005,761,2
614,693.2333,151,19246,20005,759,2
615,693.25,151,19248,20005,757,2
616,693.2667,151,19250,20005,755,2
617,693.2833,151,19252,20005,753,2
618,693.3,151,19254,20005,751,2
619,693.3167,151,19256,20005,749,2
620,693.3333,151,19258,20005,747,2
621,693.35,151,19260,20005,745,2
622,693.3667,151,19262,20005,743,2
623,693.3833,151,19264,20005,741,2
624,693.4,151,19267,20005,738,3
625,693.4167,151,19269,20005,736,2
626,693.4333,151,19271,20005,734,2
627,693.45,151,19273,20005,732,2
628,693.4667,151,19275,20005,730,2
629,693.4833,151,19277,20005,728,2
630,693.5,151,19279,20005,726,2
631,693.5167,151,19281,20005,724,2
632,693.5333,151,19283,20005,722,2
633,693.55,151,19285,20005,720,2
634,693.5667,151,19287,20005,718,2
635,693.5833,151,19289,20005,716,2
636,693.6,151,19291,20005,714,2
637,693.6167,151,19293,20005,712,2
638,693.6333,151,19296,20005,709,3
639,693.65,151,19298,20005,707,2
640,693.6667,151,19300,20005,705,2
641,693.6833,151,19302,20005,703,2
642,693.7,151,19304,20005,701,2
643,693.7167,151,19306,20005,699,2
644,693.7333,151,19308,20005,697,2
645,693.75,151,19310,20005,695,2
646,693.7667,151,19312,20005,693,2
647,693.7833,151,19314,20005,691,2
648,693.8,151,19316,20005,689,2
649,693.8167,151,19318,20005,687,2
650,693.8333,151,19321,20005,684,3
651,693.85,151,19323,20005,682,2
652,693.8667,151,19325,20005,680,2
653,693.8833,151,19327,20005,678,2
654,693.9,151,19329,20005,676,2
655,693.9167,151,19331,20005,674,2
656,693.9333,151,19333,20005,672,2
657,693.95,151,19335,20005,670,2
658,693.9667,151,19337,20005,668,2
659,693.9833,151,19339,20005,666,2
660,694.0,151,19341,20005,664,2
661,694.0167,151,18852,20005,1153,-489
662,694.0333,151,18855,20005,1150,3
663,694.05,151,18857,20005,1148,2
664,694.0667,151,18859,20005,1146,2
665,694.0833,151,18861,20005,1144,2
666,694.1,151,18863,20005,1142,2
667,694.1167,151,18865,20005,1140,2
668,694.1333,151,18867,20005,1138,2
669,694.15,151,18456,20005,1549,-411
670,694.1667,151,18458,20005,1547,2
671,694.1833,151,17196,20005,2809,-1262
672,694.2,151,16288,20005,3717,-908
673,694.2167,151,16290,20005,3715,2
674,694.2333,151,16292,20005,3713,2
675,694.25,151,16294,20005,3711,2
676,694.2667,151,16296,20005,3709,2
677,694.2833,151,16299,20005,3706,3
678,694.3,151,16301,20005,3704,2
679,694.3167,151,16303,20005,3702,2
680,694.3333,151,16305,20005,3700,2
681,694.35,151,16307,20005,3698,2
682,694.3667,151,16309,20005,3696,2
683,694.3833,151,16311,20005,3694,2
684,694.4,151,16313,20005,3692,2
685,694.4167,151,16315,20005,3690,2
686,694.4333,151,16317,20005,3688,2
687,694.45,151,16319,20005,3686,2
688,694.4667,151,16321,20005,3684,2
689,694.4833,151,16323,20005,3682,2
690,694.5,151,16325,20005,3680,2
691,694.5167,151,16328,20005,3677,3
692,694.5333,151,16330,20005,3675,2
693,694.55,151,16332,20005,3673,2
694,694.5667,151,16334,20005,3671,2
695,694.5833,151,16336,20005,3669,2
696,694.6,151,16338,20005,3667,2
697,694.6167,151,16340,20005,3665,2
698,694.6333,151,16342,20005,3663,2
699,694.65,151,16344,20005,3661,2
700,694.6667,151,16346,20005,3659,2
701,694.6833,151,16348,20005,3657,2
702,694.7,151,16350,20005,3655,2
703,694.7167,151,17167,20005,2838,817
704,694.7333,151,17169,20005,2836,2
705,694.75,151,17171,20005,2834,2
706,694.7667,151,17173,20005,2832,2
707,694.7833,151,17175,20005,2830,2
708,694.8,151,18272,20005,1733,1097
709,694.8167,151,18274,20005,1731,2
710,694.8333,151,18276,20005,1729,2
711,694.85,151,18278,20005,1727,2
712,694.8667,151,18280,20005,1725,2
713,694.8833,151,18282,20005,1723,2
714,694.9,151,19211,20005,794,929
715,694.9167,151,19214,20005,791,3
716,694.9333,151,19216,20005,789,2
717,694.95,151,19218,20005,787,2
718,694.9667,151,19220,20005,785,2
719,694.9833,151,19222,20005,783,2
720,695.0,151,20005,20005,0,783
721,695.0167,151,20005,20005,0,0
722,695.0333,151,20005,20005,0,0
723,695.05,151,20005,20005,0,0
724,695.0667,151,19506,20005,499,-499
725,695.0833,151,19508,20005,497,2
726,695.1,151,20005,20005,0,497
727,695.1167,151,20005,20005,0,0
728,695.1333,151,20005,20005,0,0
729,695.15,151,20005,20005,0,0
730,695.1667,151,20005,20005,0,0
731,695.1833,151,20005,20005,0,0
732,695.2,151,19711,20005,294,-294
733,695.2167,151,19713,20005,292,2
734,695.2333,151,19716,20005,289,3
735,695.25,151,19718,20005,287,2
736,695.2667,151,19720,20005,285,2
737,695.2833,151,19722,20005,283,2
738,695.3,151,20005,20005,0,283
739,695.3167,151,20005,20005,0,0
740,695.3333,151,20005,20005,0,0
741,695.35,151,20005,20005,0,0
742,695.3667,151,20005,20005,0,0
743,695.3833,151,20005,20005,0,0
744,695.4,151,20005,20005,0,0
745,695.4167,151,18106,20005,1899,-1899
746,695.4333,151,18108,20005,1897,2
747,695.45,151,18110,20005,1895,2
748,695.4667,151,18112,20005,1893,2
749,695.4833,151,18115,20005,1890,3
750,695.5,151,17718,20005,2287,-397
751,695.5167,151,17720,20005,2285,2
752,695.5333,151,17722,20005,2283,2
753,695.55,151,17724,20005,2281,2
754,695.5667,151,17726,20005,2279,2
755,695.5833,151,17728,20005,2277,2
756,695.6,151,17730,20005,2275,2
757,695.6167,151,17732,20005,2273,2
758,695.6333,151,17734,20005,2271,2
759,695.65,151,17736,20005,2269,2
760,695.6667,151,17738,20005,2267,2
761,695.6833,151,17740,20005,2265,2
762,695.7,151,17742,20005,2263,2
763,695.7167,151,17744,20005,2261,2
764,695.7333,151,17747,20005,2258,3
765,695.75,151,17749,20005,2256,2
766,695.7667,151,17751,20005,2254,2
767,695.7833,151,17753,20005,2252,2
768,695.8,151,17755,20005,2250,2
769,695.8167,151,17757,20005,2248,2
770,695.8333,151,17759,20005,2246,2
771,695.85,151,17761,20005,2244,2
772,695.8667,151,17763,20005,2242,2
773,695.8833,151,17765,20005,2240,2
774,695.9,151,17767,20005,2238,2
775,695.9167,151,17769,20005,2236,2
776,695.9333,151,17771,20005,2234,2
777,695.95,151,17773,20005,2232,2
778,695.9667,151,17775,20005,2230,2
779,695.9833,151,17778,20005,2227,3
780,696.0,151,17780,20005,2225,2
781,696.0167,151,17782,20005,2223,2
782,696.0333,151,17784,20005,2221,2
783,696.05,151,17786,20005,2219,2
784,696.0667,151,17788,20005,2217,2
785,696.0833,151,17790,20005,2215,2
786,696.1,151,17792,20005,2213,2
787,696.1167,151,17614,20005,2391,-178
788,696.1333,151,17616,20005,2389,2
789,696.15,151,17618,20005,2387,2
790,696.1667,151,17620,20005,2385,2
791,696.1833,151,17622,20005,2383,2
792,696.2,151,17624,20005,2381,2
793,696.2167,151,17626,20005,2379,2
794,696.2333,151,17417,20005,2588,-209
795,696.25,151,17419,20005,2586,2
796,696.2667,151,17421,20005,2584,2
797,696.2833,151,17423,20005,2582,2
798,696.3,151,17425,20005,2580,2
799,696.3167,151,17427,20005,2578,2
800,696.3333,151,17429,20005,2576,2
801,696.35,151,17431,20005,2574,2
802,696.3667,151,17433,20005,2572,2
803,696.3833,151,17435,20005,2570,2
804,696.4,151,17437,20005,2568,2
805,696.4167,151,17440,20005,2565,3
806,696.4333,151,17442,20005,2563,2
807,696.45,151,17444,20005,2561,2
808,696.4667,151,17446,20005,2559,2
809,696.4833,151,17448,20005,2557,2
810,696.5,151,13787,20005,6218,-3661
811,696.5167,151,13789,20005,6216,2
812,696.5333,151,13791,20005,6214,2
813,696.55,151,13793,20005,6212,2
814,696.5667,151,13795,20005,6210,2
815,696.5833,151,13798,20005,6207,3
816,696.6,151,12895,20005,7110,-903
817,696.6167,151,12086,20005,7919,-809
818,696.6333,151,12088,20005,7917,2
819,696.65,151,12090,20005,7915,2
820,696.6667,151,12092,20005,7913,2
821,696.6833,151,11283,20005,8722,-809
822,696.7,151,11285,20005,8720,2
823,696.7167,151,11287,20005,8718,2
824,696.7333,151,11290,20005,8715,3
825,696.75,151,11292,20005,8713,2
826,696.7667,151,11294,20005,8711,2
827,696.7833,151,11296,20005,8709,2
828,696.8,151,11298,20005,8707,2
829,696.8167,151,11300,20005,8705,2
830,696.8333,151,12462,20005,7543,1162
831,696.85,151,12464,20005,7541,2
832,696.8667,151,12466,20005,7539,2
833,696.8833,151,12468,20005,7537,2
834,696.9,151,12470,20005,7535,2
835,696.9167,151,12472,20005,7533,2
836,696.9333,151,14050,20005,5955,1578
837,696.95,151,14052,20005,5953,2
838,696.9667,151,14054,20005,5951,2
839,696.9833,151,14056,20005,5949,2
840,697.0,151,14058,20005,5947,2
841,697.0167,151,15187,20005,4818,1129
842,697.0333,151,15189,20005,4816,2
843,697.05,151,15191,20005,4814,2
844,697.0667,151,15193,20005,4812,2
845,697.0833,151,15195,20005,4810,2
846,697.1,151,15197,20005,4808,2
847,697.1167,151,16396,20005,3609,1199
848,697.1333,151,16398,20005,3607,2
849,697.15,151,16401,20005,3604,3
850,697.1667,151,16403,20005,3602,2
851,697.1833,151,16405,20005,3600,2
852,697.2,151,18565,20005,1440,2160
853,697.2167,151,18567,20005,1438,2
854,697.2333,151,18570,20005,1435,3
855,697.25,151,18572,20005,1433,2
856,697.2667,151,18574,20005,1431,2
857,697.2833,151,20005,20005,0,1431
858,697.3,151,20005,20005,0,0
859,697.3167,151,20005,20005,0,0
860,697.3333,151,20005,20005,0,0
861,697.35,151,20005,20005,0,0
862,697.3667,151,20005,20005,0,0
863,697.3833,151,20005,20005,0,0
864,697.4,151,20005,20005,0,0
865,697.4167,151,20005,20005,0,0
866,697.4333,151,20005,20005,0,0
867,697.45,151,20005,20005,0,0
868,697.4667,151,20005,20005,0,0
869,697.4833,151,20005,20005,0,0
870,697.5,151,20005,20005,0,0
871,697.5167,151,20005,20005,0,0
872,697.5333,151,20005,20005,0,0
873,697.55,151,20005,20005,0,0
874,697.5667,151,20005,20005,0,0
875,697.5833,151,20005,20005,0,0
876,697.6,151,20005,20005,0,0
877,697.6167,151,20005,20005,0,0
878,697.6333,151,20005,20005,0,0
879,697.65,151,20005,20005,0,0
880,697.6667,151,20005,20005,0,0
881,697.6833,151,20005,20005,0,0
882,697.7,151,20005,20005,0,0
883,697.7167,151,20005,20005,0,0
884,697.7333,151,20005,20005,0,0
885,697.75,151,20005,20005,0,0
886,697.7667,151,20005,20005,0,0
887,697.7833,151,20005,20005,0,0
888,697.8,151,20005,20005,0,0
889,697.8167,151,20005,20005,0,0
890,697.8333,151,20005,20005,0,0
891,697.85,151,20005,20005,0,0
892,697.8667,151,20005,20005,0,0
893,697.8833,151,20005,20005,0,0
894,697.9,151,20005,20005,0,0
895,697.9167,151,20005,20005,0,0
896,697.9333,151,20005,20005,0,0
897,697.95,151,20005,20005,0,0
898,697.9667,151,20005,20005,0,0
899,697.9833,151,20005,20005,0,0
900,698.0,151,20005,20005,0,0
901,698.0167,151,20005,20005,0,0
902,698.0333,151,20005,20005,0,0
903,698.05,151,20005,20005,0,0
904,698.0667,151,20005,20005,0,0
905,698.0833,151,20005,20005,0,0
906,698.1,151,20005,20005,0,0
907,698.1167,151,20005,20005,0,0
908,698.1333,151,20005,20005,0,0
909,698.15,151,20005,20005,0,0
910,698.1667,151,20005,20005,0,0
911,698.1833,151,20005,20005,0,0
912,698.2,151,20005,20005,0,0
913,698.2167,151,20005,20005,0,0
914,698.2333,151,20005,20005,0,0
915,698.25,151,20005,20005,0,0
916,698.2667,151,20005,20005,0,0
917,698.2833,151,20005,20005,0,0
918,698.3,151,20005,20005,0,0
919,698.3167,151,20005,20005,0,0
920,698.3333,151,20005,20005,0,0
921,698.35,151,20005,20005,0,0
922,698.3667,151,20005,20005,0,0
923,698.3833,151,20005,20005,0,0
924,698.4,151,20005,20005,0,0
925,698.4167,151,20005,20005,0,0
926,698.4333,151,20005,20005,0,0
927,698.45,151,20005,20005,0,0
928,698.4667,151,20005,20005,0,0
929,698.4833,151,20005,20005,0,0
930,698.5,151,20005,20005,0,0
931,698.5167,151,20005,20005,0,0
932,698.5333,151,20005,20005,0,0
933,698.55,151,20005,20005,0,0
934,698.5667,151,20005,20005,0,0
935,698.5833,151,20005,20005,0,0
936,698.6,152,20005,20005,0,0
937,698.6167,152,20005,20005,0,0
938,698.6333,152,20005,20005,0,0
939,698.65,152,20005,20005,0,0
940,698.6667,152,20005,20005,0,0
941,698.6833,152,20005,20005,0,0
942,698.7,152,20005,20005,0,0
943,698.7167,152,20005,20005,0,0
944,698.7333,152,20005,20005,0,0
945,698.75,152,20005,20005,0,0
946,698.7667,152,20005,20005,0,0
947,698.7833,152,20005,20005,0,0
948,698.8,152,20005,20005,0,0
949,698.8167,152,20005,20005,0,0
950,698.8333,152,20005,20005,0,0
951,698.85,152,20005,20005,0,0
952,698.8667,152,20005,20005,0,0
953,698.8833,152,20005,20005,0,0
954,698.9,152,20005,20005,0,0
955,698.9167,152,20005,20005,0,0
956,698.9333,152,20005,20005,0,0
957,698.95,152,20005,20005,0,0
958,698.9667,152,20005,20005,0,0
959,698.9833,152,20005,20005,0,0
960,699.0,152,20005,20005,0,0
961,699.0167,152,20005,20005,0,0
962,699.0333,152,20005,20005,0,0
963,699.05,152,20005,20005,0,0
964,699.0667,152,20005,20005,0,0
965,699.0833,152,20005,20005,0,0
966,699.1,152,20005,20005,0,0
967,699.1167,152,20005,20005,0,0
968,699.1333,152,20005,20005,0,0
969,699.15,152,20005,20005,0,0
970,699.1667,152,20005,20005,0,0
971,699.1833,152,20005,20005,0,0
972,699.2,152,20005,20005,0,0
973,699.2167,152,20005,20005,0,0
974,699.2333,152,20005,20005,0,0
975,699.25,152,20005,20005,0,0
976,699.2667,152,20005,20005,0,0
977,699.2833,152,20005,20005,0,0
978,699.3,152,20005,20005,0,0
979,699.3167,152,20005,20005,0,0
980,699.3333,152,20005,20005,0,0
981,699.35,152,20005,20005,0,0
982,699.3667,152,20005,20005,0,0
983,699.3833,152,20005,20005,0,0
984,699.4,152,20005,20005,0,0
985,699.4167,152,20005,20005,0,0
986,699.4333,152,20005,20005,0,0
987,699.45,152,20005,20005,0,0
988,699.4667,152,20005,20005,0,0
989,699.4833,152,20005,20005,0,0
990,699.5,152,20005,20005,0,0
991,699.5167,152,20005,20005,0,0
992,699.5333,152,20005,20005,0,0
993,699.55,152,20005,20005,0,0
994,699.5667,152,20005,20005,0,0
995,699.5833,152,20005,20005,0,0
996,699.6,152,20005,20005,0,0
997,699.6167,152,20005,20005,0,0
998,699.6333,152,20005,20005,0,0
999,699.65,152,20005,20005,0,0
1000,699.6667,152,20005,20005,0,0
1001,699.6833,152,20005,20005,0,0
1002,699.7,152,20005,20005,0,0
1003,699.7167,152,20005,20005,0,0
1004,699.7333,152,20005,20005,0,0
1005,699.75,152,20005,20005,0,0
1006,699.7667,152,20005,20005,0,0
1007,699.7833,152,20005,20005,0,0
1008,699.8,152,20005,20005,0,0
1009,699.8167,152,20005,20005,0,0
1010,699.8333,152,20005,20005,0,0
1011,699.85,152,20005,20005,0,0
1012,699.8667,152,20005,20005,0,0
1013,699.8833,152,20005,20005,0,0
1014,699.9,152,20005,20005,0,0
1015,699.9167,152,20005,20005,0,0
1016,699.9333,152,20005,20005,0,0
1017,699.95,152,20005,20005,0,0
1018,699.9667,152,20005,20005,0,0
1019,699.9833,152,20005,20005,0,0
1020,700.0,152,20005,20005,0,0
1021,700.0167,152,20005,20005,0,0
1022,700.0333,152,20005,20005,0,0
1023,700.05,152,20005,20005,0,0
1024,700.0667,152,20005,20005,0,0
1025,700.0833,152,20005,20005,0,0
1026,700.1,152,20005,20005,0,0
1027,700.1167,152,20005,20005,0,0
1028,700.1333,152,20005,20005,0,0
1029,700.15,152,20005,20005,0,0
1030,700.1667,152,20005,20005,0,0
1031,700.1833,152,20005,20005,0,0
1032,700.2,152,20005,20005,0,0
1033,700.2167,152,20005,20005,0,0
1034,700.2333,152,20005,20005,0,0
1035,700.25,152,20005,20005,0,0
1036,700.2667,152,20005,20005,0,0
1037,700.2833,152,20005,20005,0,0
1038,700.3,152,20005,20005,0,0
1039,700.3167,152,20005,20005,0,0
1040,700.3333,152,20005,20005,0,0
1041,700.35,152,20005,20005,0,0
1042,700.3667,152,20005,20005,0,0
1043,700.3833,152,20005,20005,0,0
1044,700.4,152,20005,20005,0,0
1045,700.4167,152,20005,20005,0,0
1046,700.4333,152,20005,20005,0,0
1047,700.45,152,20005,20005,0,0
1048,700.4667,152,20005,20005,0,0
1049,700.4833,152,20005,20005,0,0
1050,700.5,152,20005,20005,0,0
1051,700.5167,152,20005,20005,0,0
1052,700.5333,152,20005,20005,0,0
1053,700.55,152,20005,20005,0,0
1054,700.5667,152,20005,20005,0,0
1055,700.5833,152,20005,20005,0,0
1056,700.6,152,20005,20005,0,0
1057,700.6167,152,20005,20005,0,0
1058,700.6333,152,20005,20005,0,0
1059,700.65,152,20005,20005,0,0
1060,700.6667,152,20005,20005,0,0
1061,700.6833,152,20005,20005,0,0
1062,700.7,152,20005,20005,0,0
1063,700.7167,152,20005,20005,0,0
1064,700.7333,152,20005,20005,0,0
1065,700.75,152,20005,20005,0,0
1066,700.7667,152,20005,20005,0,0
1067,700.7833,152,20005,20005,0,0
1068,700.8,152,20005,20005,0,0
1069,700.8167,152,20005,20005,0,0
1070,700.8333,152,20005,20005,0,0
1071,700.85,152,20005,20005,0,0
1072,700.8667,152,20005,20005,0,0
1073,700.8833,152,20005,20005,0,0
1074,700.9,152,20005,20005,0,0
1075,700.9167,152,20005,20005,0,0
1076,700.9333,152,20005,20005,0,0
1077,700.95,152,20005,20005,0,0
1078,700.9667,152,20005,20005,0,0
1079,700.9833,152,20005,20005,0,0
1080,701.0,152,20005,20005,0,0
1081,701.0167,152,20005,20005,0,0
1082,701.0333,152,20005,20005,0,0
1083,701.05,152,20005,20005,0,0
1084,701.0667,152,20005,20005,0,0
1085,701.0833,152,20005,20005,0,0
1086,701.1,152,20005,20005,0,0
1087,701.1167,152,20005,20005,0,0
1088,701.1333,152,20005,20005,0,0
1089,701.15,152,20005,20005,0,0
1090,701.1667,152,20005,20005,0,0
1091,701.1833,152,20005,20005,0,0
1092,701.2,152,20005,20005,0,0
1093,701.2167,152,20005,20005,0,0
1094,701.2333,152,20005,20005,0,0
1095,701.25,152,20005,20005,0,0
1096,701.2667,152,20005,20005,0,0
1097,701.2833,152,20005,20005,0,0
1098,701.3,152,20005,20005,0,0
1099,701.3167,152,20005,20005,0,0
1100,701.3333,152,20005,20005,0,0
1101,701.35,152,20005,20005,0,0
1102,701.3667,152,20005,20005,0,0
1103,701.3833,152,20005,20005,0,0
1104,701.4,152,20005,20005,0,0
1105,701.4167,152,20005,20005,0,0
1106,701.4333,152,20005,20005,0,0
1107,701.45,152,20005,20005,0,0
1108,701.4667,152,20005,20005,0,0
1109,701.4833,152,20005,20005,0,0
1110,701.5,152,20005,20005,0,0
1111,701.5167,152,20005,20005,0,0
1112,701.5333,152,20005,20005,0,0
1113,701.55,152,20005,20005,0,0
1114,701.5667,152,20005,20005,0,0
1115,701.5833,152,20005,20005,0,0
1116,701.6,152,20005,20005,0,0
1117,701.6167,152,20005,20005,0,0
1118,701.6333,152,20005,20005,0,0
1119,701.65,152,20005,20005,0,0
1120,701.6667,152,20005,20005,0,0
1121,701.6833,152,20005,20005,0,0
1122,701.7,152,20005,20005,0,0
1123,701.7167,152,20005,20005,0,0
1124,701.7333,152,20005,20005,0,0
1125,701.75,152,20005,20005,0,0
1126,701.7667,152,20005,20005,0,0
1127,701.7833,152,20005,20005,0,0
1128,701.8,152,20005,20005,0,0
1129,701.8167,152,20005,20005,0,0
1130,701.8333,152,20005,20005,0,0
1131,701.85,152,20005,20005,0,0
1132,701.8667,152,20005,20005,0,0
1133,701.8833,152,20005,20005,0,0
1134,701.9,152,20005,20005,0,0
1135,701.9167,152,20005,20005,0,0
1136,701.9333,152,20005,20005,0,0
1137,701.95,152,20005,20005,0,0
1138,701.9667,152,20005,20005,0,0
1139,701.9833,152,20005,20005,0,0
1140,702.0,152,20005,20005,0,0
1141,702.0167,152,20005,20005,0,0
1142,702.0333,152,20005,20005,0,0
1143,702.05,152,20005,20005,0,0
1144,702.0667,152,20005,20005,0,0
1145,702.0833,152,20005,20005,0,0
1146,702.1,152,20005,20005,0,0
1147,702.1167,152,20005,20005,0,0
1148,702.1333,152,20005,20005,0,0
1149,702.15,152,20005,20005,0,0
1150,702.1667,152,20005,20005,0,0
1151,702.1833,152,20005,20005,0,0
1152,702.2,152,20005,20005,0,0
1153,702.2167,152,20005,20005,0,0
1154,702.2333,152,20005,20005,0,0
1155,702.25,152,20005,20005,0,0
1156,702.2667,152,20005,20005,0,0
1157,702.2833,152,20005,20005,0,0
1158,702.3,152,20005,20005,0,0
1159,702.3167,152,20005,20005,0,0
1160,702.3333,152,20005,20005,0,0
1161,702.35,152,20005,20005,0,0
1162,702.3667,152,20005,20005,0,0
1163,702.3833,152,20005,20005,0,0
1164,702.4,152,20005,20005,0,0
1165,702.4167,152,20005,20005,0,0
1166,702.4333,152,20005,20005,0,0
1167,702.45,152,20005,20005,0,0
1168,702.4667,152,20005,20005,0,0
1169,702.4833,152,20005,20005,0,0
1170,702.5,152,20005,20005,0,0
1171,702.5167,152,20005,20005,0,0
1172,702.5333,152,20005,20005,0,0
1173,702.55,152,20005,20005,0,0
1174,702.5667,152,20005,20005,0,0
1175,702.5833,152,20005,20005,0,0
1176,702.6,152,20005,20005,0,0
1177,702.6167,152,20005,20005,0,0
1178,702.6333,152,20005,20005,0,0
1179,702.65,152,20005,20005,0,0
1180,702.6667,152,20005,20005,0,0
1181,702.6833,152,20005,20005,0,0
1182,702.7,152,20005,20005,0,0
1183,702.7167,152,20005,20005,0,0
1184,702.7333,152,20005,20005,0,0
1185,702.75,152,20005,20005,0,0
1186,702.7667,152,20005,20005,0,0
1187,702.7833,152,20005,20005,0,0
1188,702.8,152,20005,20005,0,0
1189,702.8167,152,20005,20005,0,0
1190,702.8333,152,20005,20005,0,0
1191,702.85,152,20005,20005,0,0
1192,702.8667,152,20005,20005,0,0
1193,702.8833,152,20005,20005,0,0
1194,702.9,152,20005,20005,0,0
1195,702.9167,152,20005,20005,0,0
1196,702.9333,152,20005,20005,0,0
1197,702.95,152,20005,20005,0,0
1198,702.9667,152,20005,20005,0,0
1199,702.9833,152,20005,20005,0,0
1200,703.0,152,20005,20005,0,0
1201,703.0167,152,20005,20005,0,0
1202,703.0333,152,20005,20005,0,0
1203,703.05,152,20005,20005,0,0
1204,703.0667,152,20005,20005,0,0
1205,703.0833,152,20005,20005,0,0
1206,703.1,152,20005,20005,0,0
1207,703.1167,152,20005,20005,0,0
1208,703.1333,152,20005,20005,0,0
1209,703.15,152,20005,20005,0,0
1210,703.1667,152,20005,20005,0,0
1211,703.1833,152,20005,20005,0,0
1212,703.2,152,20005,20005,0,0
1213,703.2167,152,20005,20005,0,0
1214,703.2333,152,20005,20005,0,0
1215,703.25,152,20005,20005,0,0
1216,703.2667,152,20005,20005,0,0
1217,703.2833,152,20005,20005,0,0
1218,703.3,152,20005,20005,0,0
1219,703.3167,152,20005,20005,0,0
1220,703.3333,152,20005,20005,0,0
1221,703.35,152,20005,20005,0,0
1222,703.3667,152,20005,20005,0,0
1223,703.3833,152,20005,20005,0,0
1224,703.4,152,20005,20005,0,0
1225,703.4167,152,20005,20005,0,0
1226,703.4333,152,20005,20005,0,0
1227,703.45,152,20005,20005,0,0
1228,703.4667,152,20005,20005,0,0
1229,703.4833,152,20005,20005,0,0
1230,703.5,152,20005,20005,0,0
1231,703.5167,152,20005,20005,0,0
1232,703.5333,152,20005,20005,0,0
1233,703.55,152,20005,20005,0,0
1234,703.5667,152,20005,20005,0,0
1235,703.5833,152,20005,20005,0,0
1236,703.6,152,20005,20005,0,0
1237,703.6167,152,20005,20005,0,0
1238,703.6333,152,20005,20005,0,0
1239,703.65,152,20005,20005,0,0
1240,703.6667,152,20005,20005,0,0
1241,703.6833,152,20005,20005,0,0
1242,703.7,152,20005,20005,0,0
1243,703.7167,152,20005,20005,0,0
1244,703.7333,152,20005,20005,0,0
1245,703.75,152,20005,20005,0,0
1246,703.7667,152,20005,20005,0,0
1247,703.7833,152,20005,20005,0,0
1248,703.8,152,20005,20005,0,0
1249,703.8167,152,20005,20005,0,0
1250,703.8333,152,20005,20005,0,0
1251,703.85,152,20005,20005,0,0
1252,703.8667,152,20005,20005,0,0
1253,703.8833,152,20005,20005,0,0
1254,703.9,152,20005,20005,0,0
1255,703.9167,152,20005,20005,0,0
1256,703.9333,152,20005,20005,0,0
1257,703.95,152,20005,20005,0,0
1258,703.9667,152,20005,20005,0,0
1259,703.9833,152,20005,20005,0,0
1260,704.0,152,20005,20005,0,0
1261,704.0167,152,20005,20005,0,0
1262,704.0333,152,20005,20005,0,0
1263,704.05,152,20005,20005,0,0
1264,704.0667,152,20005,20005,0,0
1265,704.0833,152,20005,20005,0,0
1266,704.1,152,20005,20005,0,0
1267,704.1167,152,20005,20005,0,0
1268,704.1333,152,20005,20005,0,0
1269,704.15,152,20005,20005,0,0
1270,704.1667,152,20005,20005,0,0
1271,704.1833,152,20005,20005,0,0
1272,704.2,152,20005,20005,0,0
1273,704.2167,152,20005,20005,0,0
1274,704.2333,152,20005,20005,0,0
1275,704.25,152,20005,20005,0,0
1276,704.2667,152,20005,20005,0,0
1277,704.2833,152,20005,20005,0,0
1278,704.3,152,20005,20005,0,0
1279,704.3167,152,20005,20005,0,0
1280,704.3333,152,20005,20005,0,0
1281,704.35,152,20005,20005,0,0
1282,704.3667,152,20005,20005,0,0
1283,704.3833,152,20005,20005,0,0
1284,704.4,152,20005,20005,0,0
1285,704.4167,152,20005,20005,0,0
1286,704.4333,152,20005,20005,0,0
1287,704.45,152,20005,20005,0,0
1288,704.4667,152,20005,20005,0,0
1289,704.4833,152,20005,20005,0,0
1290,704.5,152,20005,20005,0,0
1291,704.5167,152,20005,20005,0,0
1292,704.5333,152,20005,20005,0,0
1293,704.55,152,20005,20005,0,0
1294,704.5667,152,20005,20005,0,0
1295,704.5833,152,20005,20005,0,0
1296,704.6,152,20005,20005,0,0
1297,704.6167,152,20005,20005,0,0
1298,704.6333,152,20005,20005,0,0
1299,704.65,152,20005,20005,0,0
1300,704.6667,152,20005,20005,0,0
1301,704.6833,152,20005,20005,0,0
1302,704.7,152,20005,20005,0,0
1303,704.7167,152,20005,20005,0,0
1304,704.7333,152,20005,20005,0,0
1305,704.75,152,20005,20005,0,0
1306,704.7667,152,20005,20005,0,0
1307,704.7833,152,20005,20005,0,0
1308,704.8,152,20005,20005,0,0
1309,704.8167,152,20005,20005,0,0
1310,704.8333,152,20005,20005,0,0
1311,704.85,152,20005,20005,0,0
1312,704.8667,152,20005,20005,0,0
1313,704.8833,152,20005,20005,0,0
1314,704.9,152,20005,20005,0,0
1315,704.9167,152,20005,20005,0,0
1316,704.9333,152,20005,20005,0,0
1317,704.95,152,20005,20005,0,0
1318,704.9667,152,20005,20005,0,0
1319,704.9833,152,20005,20005,0,0
1320,705.0,152,20005,20005,0,0
1321,705.0167,152,20005,20005,0,0
1322,705.0333,152,20005,20005,0,0
1323,705.05,152,20005,20005,0,0
1324,705.0667,152,20005,20005,0,0
1325,705.0833,152,20005,20005,0,0
1326,705.1,152,20005,20005,0,0
1327,705.1167,152,20005,20005,0,0
1328,705.1333,152,20005,20005,0,0
1329,705.15,152,20005,20005,0,0
1330,705.1667,152,20005,20005,0,0
1331,705.1833,152,20005,20005,0,0
1332,705.2,152,20005,20005,0,0
1333,705.2167,152,20005,20005,0,0
1334,705.2333,152,20005,20005,0,0
1335,705.25,152,20005,20005,0,0
1336,705.2667,152,20005,20005,0,0
1337,705.2833,152,20005,20005,0,0
1338,705.3,152,20005,20005,0,0
1339,705.3167,152,20005,20005,0,0
1340,705.3333,152,20005,20005,0,0
1341,705.35,152,20005,20005,0,0
1342,705.3667,152,20005,20005,0,0
1343,705.3833,152,20005,20005,0,0
1344,705.4,152,20005,20005,0,0
1345,705.4167,152,20005,20005,0,0
1346,705.4333,152,20005,20005,0,0
1347,705.45,152,20005,20005,0,0
1348,705.4667,152,20005,20005,0,0
1349,705.4833,152,20005,20005,0,0
1350,705.5,152,20005,20005,0,0
1351,705.5167,152,20005,20005,0,0
1352,705.5333,152,20005,20005,0,0
1353,705.55,152,20005,20005,0,0
1354,705.5667,152,20005,20005,0,0
1355,705.5833,152,20005,20005,0,0
1356,705.6,152,20005,20005,0,0
1357,705.6167,152,20005,20005,0,0
1358,705.6333,152,20005,20005,0,0
1359,705.65,152,20005,20005,0,0
1360,705.6667,152,20005,20005,0,0
1361,705.6833,152,20005,20005,0,0
1362,705.7,152,20005,20005,0,0
1363,705.7167,152,20005,20005,0,0
1364,705.7333,152,20005,20005,0,0
1365,705.75,152,20005,20005,0,0
1366,705.7667,152,20005,20005,0,0
1367,705.7833,152,20005,20005,0,0
1368,705.8,152,20005,20005,0,0
1369,705.8167,152,20005,20005,0,0
1370,705.8333,152,20005,20005,0,0
1371,705.85,152,20005,20005,0,0
1372,705.8667,152,20005,20005,0,0
1373,705.8833,152,20005,20005,0,0
1374,705.9,152,20005,20005,0,0
1375,705.9167,152,20005,20005,0,0
1376,705.9333,152,20005,20005,0,0
1377,705.95,152,20005,20005,0,0
1378,705.9667,152,20005,20005,0,0
1379,705.9833,152,20005,20005,0,0
1380,706.0,152,20005,20005,0,0
1381,706.0167,152,20005,20005,0,0
1382,706.0333,152,20005,20005,0,0
1383,706.05,152,20005,20005,0,0
1384,706.0667,152,20005,20005,0,0
1385,706.0833,152,20005,20005,0,0
1386,706.1,152,20005,20005,0,0
1387,706.1167,152,20005,20005,0,0
1388,706.1333,152,20005,20005,0,0
1389,706.15,152,20005,20005,0,0
1390,706.1667,152,20005,20005,0,0
1391,706.1833,152,20005,20005,0,0
1392,706.2,152,20005,20005,0,0
1393,706.2167,152,20005,20005,0,0
1394,706.2333,152,20005,20005,0,0
1395,706.25,152,20005,20005,0,0
1396,706.2667,152,20005,20005,0,0
1397,706.2833,152,20005,20005,0,0
1398,706.3,152,20005,20005,0,0
1399,706.3167,152,20005,20005,0,0
1400,706.3333,152,20005,20005,0,0
1401,706.35,152,20005,20005,0,0
1402,706.3667,152,20005,20005,0,0
1403,706.3833,152,20005,20005,0,0
1404,706.4,152,20005,20005,0,0
1405,706.4167,152,20005,20005,0,0
1406,706.4333,152,20005,20005,0,0
1407,706.45,152,20005,20005,0,0
1408,706.4667,152,20005,20005,0,0
1409,706.4833,152,20005,20005,0,0
1410,706.5,152,20005,20005,0,0
1411,706.5167,152,20005,20005,0,0
1412,706.5333,152,20005,20005,0,0
1413,706.55,152,20005,20005,0,0
1414,706.5667,152,20005,20005,0,0
1415,706.5833,152,20005,20005,0,0
1416,706.6,152,20005,20005,0,0
1417,706.6167,152,20005,20005,0,0
1418,706.6333,152,20005,20005,0,0
1419,706.65,152,20005,20005,0,0
1420,706.6667,152,20005,20005,0,0
1421,706.6833,152,20005,20005,0,0
1422,706.7,152,20005,20005,0,0
1423,706.7167,152,20005,20005,0,0
1424,706.7333,152,20005,20005,0,0
1425,706.75,152,20005,20005,0,0
1426,706.7667,152,20005,20005,0,0
1427,706.7833,152,20005,20005,0,0
1428,706.8,152,20005,20005,0,0
1429,706.8167,152,20005,20005,0,0
1430,706.8333,152,20005,20005,0,0
1431,706.85,152,20005,20005,0,0
1432,706.8667,152,20005,20005,0,0
1433,706.8833,152,20005,20005,0,0
1434,706.9,152,20005,20005,0,0
1435,706.9167,152,20005,20005,0,0
1436,706.9333,152,20005,20005,0,0
1437,706.95,152,20005,20005,0,0
1438,706.9667,152,20005,20005,0,0
1439,706.9833,152,20005,20005,0,0
1440,707.0,152,20005,20005,0,0
1441,707.0167,152,20005,20005,0,0
1442,707.0333,152,20005,20005,0,0
1443,707.05,152,20005,20005,0,0
1444,707.0667,152,20005,20005,0,0
1445,707.0833,152,20005,20005,0,0
1446,707.1,152,20005,20005,0,0
1447,707.1167,152,20005,20005,0,0
1448,707.1333,152,20005,20005,0,0
1449,707.15,152,20005,20005,0,0
1450,707.1667,152,20005,20005,0,0
1451,707.1833,152,20005,20005,0,0
1452,707.2,152,20005,20005,0,0
1453,707.2167,152,20005,20005,0,0
1454,707.2333,152,20005,20005,0,0
1455,707.25,152,20005,20005,0,0
1456,707.2667,152,20005,20005,0,0
1457,707.2833,152,20005,20005,0,0
1458,707.3,152,20005,20005,0,0
1459,707.3167,152,20005,20005,0,0
1460,707.3333,152,20005,20005,0,0
1461,707.35,152,20005,20005,0,0
1462,707.3667,152,20005,20005,0,0
1463,707.3833,152,20005,20005,0,0
1464,707.4,152,20005,20005,0,0
1465,707.4167,152,20005,20005,0,0
1466,707.4333,152,20005,20005,0,0
1467,707.45,152,20005,20005,0,0
1468,707.4667,152,20005,20005,0,0
1469,707.4833,152,20005,20005,0,0
1470,707.5,152,20005,20005,0,0
1471,707.5167,152,20005,20005,0,0
1472,707.5333,152,20005,20005,0,0
1473,707.55,152,20005,20005,0,0
1474,707.5667,152,20005,20005,0,0
1475,707.5833,152,20005,20005,0,0
1476,707.6,152,20005,20005,0,0
1477,707.6167,152,20005,20005,0,0
1478,707.6333,152,20005,20005,0,0
1479,707.65,152,20005,20005,0,0
1480,707.6667,152,20005,20005,0,0
1481,707.6833,152,20005,20005,0,0
1482,707.7,152,20005,20005,0,0
1483,707.7167,152,20005,20005,0,0
1484,707.7333,152,20005,20005,0,0
1485,707.75,152,20005,20005,0,0
1486,707.7667,152,20005,20005,0,0
1487,707.7833,152,20005,20005,0,0
1488,707.8,152,20005,20005,0,0
1489,707.8167,152,20005,20005,0,0
1490,707.8333,152,20005,20005,0,0
1491,707.85,152,20005,20005,0,0
1492,707.8667,152,20005,20005,0,0
1493,707.8833,152,20005,20005,0,0
1494,707.9,152,20005,20005,0,0
1495,707.9167,152,20005,20005,0,0
1496,707.9333,152,20005,20005,0,0
1497,707.95,152,20005,20005,0,0
1498,707.9667,152,20005,20005,0,0
1499,707.9833,152,20005,20005,0,0
1500,708.0,152,20005,20005,0,0
1501,708.0167,152,20005,20005,0,0
1502,708.0333,152,20005,20005,0,0
1503,708.05,152,20005,20005,0,0
1504,708.0667,152,20005,20005,0,0
1505,708.0833,152,20005,20005,0,0
1506,708.1,152,20005,20005,0,0
1507,708.1167,152,20005,20005,0,0
1508,708.1333,152,20005,20005,0,0
1509,708.15,152,20005,20005,0,0
1510,708.1667,152,20005,20005,0,0
1511,708.1833,152,20005,20005,0,0
1512,708.2,152,20005,20005,0,0
1513,708.2167,152,20005,20005,0,0
1514,708.2333,152,20005,20005,0,0
1515,708.25,152,20005,20005,0,0
1516,708.2667,152,20005,20005,0,0
1517,708.2833,152,20005,20005,0,0
1518,708.3,152,20005,20005,0,0
1519,708.3167,152,20005,20005,0,0
1520,708.3333,152,20005,20005,0,0
1521,708.35,152,20005,20005,0,0
1522,708.3667,152,20005,20005,0,0
1523,708.3833,152,20005,20005,0,0
1524,708.4,152,20005,20005,0,0
1525,708.4167,152,20005,20005,0,0
1526,708.4333,152,20005,20005,0,0
1527,708.45,152,20005,20005,0,0
1528,708.4667,152,20005,20005,0,0
1529,708.4833,152,20005,20005,0,0
1530,708.5,152,20005,20005,0,0
1531,708.5167,152,20005,20005,0,0
1532,708.5333,152,20005,20005,0,0
1533,708.55,152,20005,20005,0,0
1534,708.5667,152,20005,20005,0,0
1535,708.5833,152,20005,20005,0,0
1536,708.6,152,20005,20005,0,0
1537,708.6167,152,20005,20005,0,0
1538,708.6333,152,20005,20005,0,0
1539,708.65,152,20005,20005,0,0
1540,708.6667,152,20005,20005,0,0
1541,708.6833,152,20005,20005,0,0
1542,708.7,152,20005,20005,0,0
1543,708.7167,152,20005,20005,0,0
1544,708.7333,152,20005,20005,0,0
1545,708.75,152,20005,20005,0,0
1546,708.7667,152,20005,20005,0,0
1547,708.7833,152,20005,20005,0,0
1548,708.8,152,20005,20005,0,0
1549,708.8167,152,20005,20005,0,0
1550,708.8333,152,20005,20005,0,0
1551,708.85,152,20005,20005,0,0
1552,708.8667,152,20005,20005,0,0
1553,708.8833,152,20005,20005,0,0
1554,708.9,152,20005,20005,0,0
1555,708.9167,152,20005,20005,0,0
1556,708.9333,152,20005,20005,0,0
1557,708.95,152,20005,20005,0,0
1558,708.9667,152,20005,20005,0,0
1559,708.9833,152,20005,20005,0,0
1560,709.0,152,20005,20005,0,0
1561,709.0167,152,20005,20005,0,0
1562,709.0333,152,20005,20005,0,0
1563,709.05,152,20005,20005,0,0
1564,709.0667,152,18605,20005,1400,-1400
1565,709.0833,152,18607,20005,1398,2
1566,709.1,152,18609,20005,1396,2
1567,709.1167,152,19996,20005,9,1387
1568,709.1333,152,19998,20005,7,2
1569,709.15,152,19915,20005,90,-83
1570,709.1667,152,19915,20005,90,0
1571,709.1833,152,19917,20005,88,2
1572,709.2,152,19919,20005,86,2
1573,709.2167,152,20005,20005,0,86
1574,709.2333,152,19996,20005,9,-9
1575,709.25,152,19998,20005,7,2
1576,709.2667,152,18508,20005,1497,-1490
1577,709.2833,152,18510,20005,1495,2
1578,709.3,152,19789,20005,216,1279
1579,709.3167,152,19792,20005,213,3
1580,709.3333,152,19785,20005,220,-7
1581,709.35,152,19787,20005,218,2
1582,709.3667,152,19704,20005,301,-83
1583,709.3833,152,20005,20005,0,301
1584,709.4,152,20005,20005,0,0
1585,709.4167,152,20005,20005,0,0
1586,709.4333,152,20005,20005,0,0
1587,709.45,152,20005,20005,0,0
1588,709.4667,152,19920,20005,85,-85
1589,709.4833,152,19922,20005,83,2
1590,709.5,152,19721,20005,284,-201
1591,709.5167,152,19715,20005,290,-6
1592,709.5333,152,19715,20005,290,0
1593,709.55,152,19717,20005,288,2
1594,709.5667,152,20005,20005,0,288
1595,709.5833,152,19920,20005,85,-85
1596,709.6,152,19913,20005,92,-7
1597,709.6167,152,19913,20005,92,0
1598,709.6333,152,19906,20005,99,-7
1599,709.65,152,20005,20005,0,99
1600,709.6667,152,19920,20005,85,-85
1601,709.6833,152,19922,20005,83,2
1602,709.7,152,19924,20005,81,2
1603,709.7167,152,19915,20005,90,-9
1604,709.7333,152,19829,20005,176,-86
1605,709.75,152,19831,20005,174,2
1606,709.7667,152,19748,20005,257,-83
1607,709.7833,152,19748,20005,257,0
1608,709.8,152,19751,20005,254,3
1609,709.8167,152,19753,20005,252,2
1610,709.8333,152,19994,20005,11,241
1611,709.85,152,19978,20005,27,-16
1612,709.8667,152,19981,20005,24,3
1613,709.8833,152,19981,20005,24,0
1614,709.9,152,19898,20005,107,-83
1615,709.9167,152,19901,20005,104,3
1616,709.9333,152,19994,20005,11,93
1617,709.95,152,19994,20005,11,0
1618,709.9667,152,19875,20005,130,-119
1619,709.9833,152,19877,20005,128,2
1620,710.0,152,19791,20005,214,-86
1621,710.0167,152,19794,20005,211,3
1622,710.0333,152,19794,20005,211,0
1623,710.05,152,19994,20005,11,200
1624,710.0667,152,19978,20005,27,-16
1625,710.0833,152,19981,20005,24,3
1626,710.1,152,19895,20005,110,-86
1627,710.1167,152,19895,20005,110,0
1628,710.1333,152,20005,20005,0,110
1629,710.15,152,19994,20005,11,-11
1630,710.1667,152,19979,20005,26,-15
1631,710.1833,152,19981,20005,24,2
1632,710.2,152,19916,20005,89,-65
1633,710.2167,152,19919,20005,86,3
1634,710.2333,152,19919,20005,86,0
1635,710.25,152,19910,20005,95,-9
1636,710.2667,152,19895,20005,110,-15
1637,710.2833,152,19895,20005,110,0
1638,710.3,152,19897,20005,108,2
1639,710.3167,152,20005,20005,0,108
1640,710.3333,152,20005,20005,0,0
1641,710.35,152,20005,20005,0,0
1642,710.3667,152,19994,20005,11,-11
1643,710.3833,152,19968,20005,37,-26
1644,710.4,152,19968,20005,37,0
1645,710.4167,152,20005,20005,0,37
1646,710.4333,152,19916,20005,89,-89
1647,710.45,152,19919,20005,86,3
1648,710.4667,152,19902,20005,103,-17
1649,710.4833,152,20005,20005,0,103
1650,710.5,152,20005,20005,0,0
1651,710.5167,152,19916,20005,89,-89
1652,710.5333,152,19919,20005,86,3
1653,710.55,152,19910,20005,95,-9
1654,710.5667,152,19895,20005,110,-15
1655,710.5833,152,19887,20005,118,-8
1656,710.6,152,19887,20005,118,0
1657,710.6167,152,19801,20005,204,-86
1658,710.6333,152,19803,20005,202,2
1659,710.65,152,19795,20005,210,-8
1660,710.6667,152,19795,20005,210,0
1661,710.6833,152,19780,20005,225,-15
1662,710.7,152,19772,20005,233,-8
1663,710.7167,152,19685,20005,320,-87
1664,710.7333,152,19688,20005,317,3
1665,710.75,152,19679,20005,326,-9
1666,710.7667,152,19664,20005,341,-15
1667,710.7833,152,19664,20005,341,0
1668,710.8,152,19656,20005,349,-8
1669,710.8167,152,19570,20005,435,-86
1670,710.8333,152,19572,20005,433,2
1671,710.85,152,19563,20005,442,-9
1672,710.8667,152,19563,20005,442,0
1673,710.8833,152,19557,20005,448,-6
1674,710.9,152,19549,20005,456,-8
1675,710.9167,152,19548,20005,457,-1
1676,710.9333,152,19550,20005,455,2
1677,710.95,152,19542,20005,463,-8
1678,710.9667,152,19996,20005,9,454
1679,710.9833,152,19996,20005,9,0
1680,711.0,152,19988,20005,17,-8
1681,711.0167,152,19987,20005,18,-1
1682,711.0333,152,19989,20005,16,2
1683,711.05,152,19991,20005,14,2
1684,711.0667,152,19994,20005,11,3
1685,711.0833,152,19994,20005,11,0
1686,711.1,152,19977,20005,28,-17
1687,711.1167,152,19975,20005,30,-2
1688,711.1333,152,19978,20005,27,3
1689,711.15,152,19980,20005,25,2
1690,711.1667,152,19971,20005,34,-9
1691,711.1833,152,19955,20005,50,-16
1692,711.2,152,19953,20005,52,-2
1693,711.2167,152,19956,20005,49,3
1694,711.2333,152,19956,20005,49,0
1695,711.25,152,19958,20005,47,2
1696,711.2667,152,19949,20005,56,-9
1697,711.2833,152,19932,20005,73,-17
1698,711.3,152,19935,20005,70,3
1699,711.3167,152,20005,20005,0,70
1700,711.3333,152,20005,20005,0,0
1701,711.35,152,20005,20005,0,0
1702,711.3667,152,19994,20005,11,-11
1703,711.3833,152,19977,20005,28,-17
1704,711.4,152,19975,20005,30,-2
1705,711.4167,152,19975,20005,30,0
1706,711.4333,152,19977,20005,28,2
1707,711.45,152,19980,20005,25,3
1708,711.4667,152,19971,20005,34,-9
1709,711.4833,152,19954,20005,51,-17
1710,711.5,152,19956,20005,49,2
1711,711.5167,152,19954,20005,51,-2
1712,711.5333,152,19957,20005,48,3
1713,711.55,152,19959,20005,46,2
1714,711.5667,152,19950,20005,55,-9
1715,711.5833,152,19933,20005,72,-17
1716,711.6,152,19935,20005,70,2
1717,711.6167,152,19935,20005,70,0
1718,711.6333,152,19933,20005,72,-2
1719,711.65,152,19936,20005,69,3
1720,711.6667,152,19938,20005,67,2
1721,711.6833,152,19931,20005,74,-7
1722,711.7,152,19923,20005,82,-8
1723,711.7167,152,19922,20005,83,-1
1724,711.7333,152,19924,20005,81,2
1725,711.75,152,19926,20005,79,2
1726,711.7667,152,19929,20005,76,3
1727,711.7833,152,19929,20005,76,0
1728,711.8,152,19911,20005,94,-18
1729,711.8167,152,19914,20005,91,3
1730,711.8333,152,19912,20005,93,-2
1731,711.85,152,19914,20005,91,2
1732,711.8667,152,19917,20005,88,3
1733,711.8833,152,19919,20005,86,2
1734,711.9,152,19919,20005,86,0
1735,711.9167,152,19994,20005,11,75
1736,711.9333,152,19873,20005,132,-121
1737,711.95,152,19875,20005,130,2
1738,711.9667,152,19878,20005,127,3
1739,711.9833,152,18412,20005,1593,-1466
1740,712.0,152,19994,20005,11,1582
1741,712.0167,152,19997,20005,8,3
1742,712.0333,152,19876,20005,129,-121
1743,712.05,152,19878,20005,127,2
1744,712.0667,152,19881,20005,124,3
1745,712.0833,152,19881,20005,124,0
1746,712.1,152,20005,20005,0,124
1747,712.1167,152,20005,20005,0,0
1748,712.1333,152,19881,20005,124,-124
1749,712.15,152,19884,20005,121,3
1750,712.1667,152,19886,20005,119,2
1751,712.1833,152,20005,20005,0,119
1752,712.2,152,19994,20005,11,-11
1753,712.2167,152,19997,20005,8,3
1754,712.2333,152,19875,20005,130,-122
1755,712.25,152,19875,20005,130,0
1756,712.2667,152,19878,20005,127,3
1757,712.2833,152,17083,20005,2922,-2795
1758,712.3,152,17086,20005,2919,3
1759,712.3167,152,17078,20005,2927,-8
1760,712.3333,152,16956,20005,3049,-122
1761,712.35,152,19960,20005,45,3004
1762,712.3667,152,20005,20005,0,45
1763,712.3833,152,20005,20005,0,0
1764,712.4,152,20005,20005,0,0
1765,712.4167,152,20005,20005,0,0
1766,712.4333,152,19881,20005,124,-124
1767,712.45,152,20005,20005,0,124
1768,712.4667,152,20005,20005,0,0
1769,712.4833,152,20005,20005,0,0
1770,712.5,152,20005,20005,0,0
1771,712.5167,152,20005,20005,0,0
1772,712.5333,152,19881,20005,124,-124
1773,712.55,152,20005,20005,0,124
1774,712.5667,152,20005,20005,0,0
1775,712.5833,152,20005,20005,0,0
1776,712.6,152,20005,20005,0,0
1777,712.6167,152,20005,20005,0,0
1778,712.6333,152,19881,20005,124,-124
1779,712.65,152,19883,20005,122,2
1780,712.6667,152,18692,20005,1313,-1191
1781,712.6833,152,18695,20005,1310,3
1782,712.7,152,18695,20005,1310,0
1783,712.7167,152,18697,20005,1308,2
1784,712.7333,152,20005,20005,0,1308
1785,712.75,152,19881,20005,124,-124
1786,712.7667,152,19884,20005,121,3
1787,712.7833,152,19864,20005,141,-20
1788,712.8,152,19866,20005,139,2
1789,712.8167,152,20005,20005,0,139
1790,712.8333,152,20005,20005,0,0
1791,712.85,152,19881,20005,124,-124
1792,712.8667,152,19884,20005,121,3
1793,712.8833,152,19884,20005,121,0
1794,712.9,152,19864,20005,141,-20
1795,712.9167,152,20005,20005,0,141
1796,712.9333,152,20005,20005,0,0
1797,712.95,152,19881,20005,124,-124
1798,712.9667,152,19884,20005,121,3
1799,712.9833,152,19864,20005,141,-20
1800,713.0,152,20005,20005,0,141
1801,713.0167,152,20005,20005,0,0
1802,713.0333,152,20005,20005,0,0
1803,713.05,152,19881,20005,124,-124
1804,713.0667,152,19883,20005,122,2
1805,713.0833,152,19983,20005,22,100
1806,713.1,152,19985,20005,20,2
1807,713.1167,152,19987,20005,18,2
1808,713.1333,152,19989,20005,16,2
1809,713.15,152,19868,20005,137,-121
1810,713.1667,152,19850,20005,155,-18
1811,713.1833,152,19852,20005,153,2
1812,713.2,152,19854,20005,151,2
1813,713.2167,152,19856,20005,149,2
1814,713.2333,152,19734,20005,271,-122
1815,713.25,152,19736,20005,269,2
1816,713.2667,152,19716,20005,289,-20
1817,713.2833,152,19719,20005,286,3
1818,713.3,152,19721,20005,284,2
1819,713.3167,152,19722,20005,283,1
1820,713.3333,152,19725,20005,280,3
1821,713.35,152,19603,20005,402,-122
1822,713.3667,152,20005,20005,0,402
1823,713.3833,152,16368,16368,0,-3637
1824,713.4,152,16368,16368,0,0
1825,713.4167,152,16368,16368,0,0
1826,713.4333,152,16368,16368,0,0
1827,713.45,152,16368,16368,0,0
1828,713.4667,152,16368,16368,0,0
1829,713.4833,152,16368,16368,0,0
1830,713.5,152,16368,16368,0,0
1831,713.5167,152,16368,16368,0,0
1832,713.5333,152,16368,16368,0,0
1833,713.55,152,16368,16368,0,0
1834,713.5667,152,16368,16368,0,0
1835,713.5833,152,16368,16368,0,0
1836,713.6,152,16368,16368,0,0
1837,713.6167,152,16368,16368,0,0
1838,713.6333,152,16368,16368,0,0
1839,713.65,152,16368,16368,0,0
1840,713.6667,152,16368,16368,0,0
1841,713.6833,152,16368,16368,0,0
1842,713.7,152,16368,16368,0,0
1843,713.7167,152,16368,16368,0,0
1844,713.7333,152,16368,16368,0,0
1845,713.75,152,16368,16368,0,0
1846,713.7667,152,16368,16368,0,0
1847,713.7833,152,16368,16368,0,0
1848,713.8,152,16368,16368,0,0
1849,713.8167,152,16368,16368,0,0
1850,713.8333,152,16368,16368,0,0
1851,713.85,152,16368,16368,0,0
1852,713.8667,152,16368,16368,0,0
1853,713.8833,152,16368,16368,0,0
1854,713.9,152,16368,16368,0,0
1855,713.9167,152,16368,16368,0,0
1856,713.9333,152,16368,16368,0,0
1857,713.95,152,16368,16368,0,0
1858,713.9667,152,16368,16368,0,0
1859,713.9833,152,16368,16368,0,0
1860,714.0,152,16368,16368,0,0
1861,714.0167,152,16368,16368,0,0
1862,714.0333,152,16368,16368,0,0
1863,714.05,152,16368,16368,0,0
1864,714.0667,152,16368,16368,0,0
1865,714.0833,152,16368,16368,0,0
1866,714.1,152,16368,16368,0,0
1867,714.1167,152,16368,16368,0,0
1868,714.1333,152,16368,16368,0,0
1869,714.15,152,16368,16368,0,0
1870,714.1667,152,16368,16368,0,0
1871,714.1833,152,16368,16368,0,0
1872,714.2,152,16368,16368,0,0
1873,714.2167,152,16368,16368,0,0
1874,714.2333,152,16368,16368,0,0
1875,714.25,152,16368,16368,0,0
1876,714.2667,152,16368,16368,0,0
1877,714.2833,152,16368,16368,0,0
1878,714.3,152,16368,16368,0,0
1879,714.3167,152,16368,16368,0,0
1880,714.3333,152,16368,16368,0,0
1881,714.35,152,16368,16368,0,0
1882,714.3667,152,16368,16368,0,0
1883,714.3833,152,16368,16368,0,0
1884,714.4,152,16368,16368,0,0
1885,714.4167,152,16368,16368,0,0
1886,714.4333,152,16368,16368,0,0
1887,714.45,152,16368,16368,0,0
1888,714.4667,152,16368,16368,0,0
1889,714.4833,152,16368,16368,0,0
1890,714.5,152,16368,16368,0,0
1891,714.5167,152,16368,16368,0,0
1892,714.5333,152,16368,16368,0,0
1893,714.55,152,16368,16368,0,0
1894,714.5667,152,16368,16368,0,0
1895,714.5833,152,16368,16368,0,0
1896,714.6,152,16368,16368,0,0
1897,714.6167,152,16368,16368,0,0
1898,714.6333,152,16368,16368,0,0
1899,714.65,152,16368,16368,0,0
1900,714.6667,152,16368,16368,0,0
1901,714.6833,152,16368,16368,0,0
1902,714.7,152,16368,16368,0,0
1903,714.7167,152,16368,16368,0,0
1904,714.7333,152,16368,16368,0,0
1905,714.75,152,16368,16368,0,0
1906,714.7667,152,16368,16368,0,0
1907,714.7833,152,16368,16368,0,0
1908,714.8,152,16368,16368,0,0
1909,714.8167,152,16368,16368,0,0
1910,714.8333,152,16368,16368,0,0
1911,714.85,152,16368,16368,0,0
1912,714.8667,152,16368,16368,0,0
1913,714.8833,152,16368,16368,0,0
1914,714.9,153,16368,16368,0,0
1915,714.9167,153,16368,16368,0,0
1916,714.9333,153,16368,16368,0,0
1917,714.95,153,16368,16368,0,0
1918,714.9667,153,16368,16368,0,0
1919,714.9833,153,16368,16368,0,0
1920,715.0,153,16368,16368,0,0
1921,715.0167,153,16368,16368,0,0
1922,715.0333,153,16368,16368,0,0
1923,715.05,153,16368,16368,0,0
1924,715.0667,153,16368,16368,0,0
1925,715.0833,153,16368,16368,0,0
1926,715.1,153,16368,16368,0,0
1927,715.1167,153,16368,16368,0,0
1928,715.1333,153,16368,16368,0,0
1929,715.15,153,16368,16368,0,0
1930,715.1667,153,16368,16368,0,0
1931,715.1833,153,16368,16368,0,0
1932,715.2,153,16368,16368,0,0
1933,715.2167,153,16368,16368,0,0
1934,715.2333,153,16368,16368,0,0
1935,715.25,153,16368,16368,0,0
1936,715.2667,153,16368,16368,0,0
1937,715.2833,153,16368,16368,0,0
1938,715.3,153,16368,16368,0,0
1939,715.3167,153,16368,16368,0,0
1940,715.3333,153,16368,16368,0,0
1941,715.35,153,16368,16368,0,0
1942,715.3667,153,16368,16368,0,0
1943,715.3833,153,16368,16368,0,0
1944,715.4,153,16368,16368,0,0
1945,715.4167,153,16368,16368,0,0
1946,715.4333,153,16368,16368,0,0
1947,715.45,153,16368,16368,0,0
1948,715.4667,153,16368,16368,0,0
1949,715.4833,153,16368,16368,0,0
1950,715.5,153,16368,16368,0,0
1951,715.5167,153,16368,16368,0,0
1952,715.5333,153,16368,16368,0,0
1953,715.55,153,16368,16368,0,0
1954,715.5667,153,16368,16368,0,0
1955,715.5833,153,16368,16368,0,0
1956,715.6,153,16368,16368,0,0
1957,715.6167,153,16368,16368,0,0
1958,715.6333,153,16368,16368,0,0
1959,715.65,153,16368,16368,0,0
1960,715.6667,153,16368,16368,0,0
1961,715.6833,153,16368,16368,0,0
1962,715.7,153,16368,16368,0,0
1963,715.7167,153,16368,16368,0,0
1964,715.7333,153,16368,16368,0,0
1965,715.75,153,16368,16368,0,0
1966,715.7667,153,16368,16368,0,0
1967,715.7833,153,16368,16368,0,0
1968,715.8,153,16368,16368,0,0
1969,715.8167,153,16368,16368,0,0
1970,715.8333,153,16368,16368,0,0
1971,715.85,153,16368,16368,0,0
1972,715.8667,153,16368,16368,0,0
1973,715.8833,153,16368,16368,0,0
1974,715.9,153,16368,16368,0,0
1975,715.9167,153,16368,16368,0,0
1976,715.9333,153,16368,16368,0,0
1977,715.95,153,16368,16368,0,0
1978,715.9667,153,16368,16368,0,0
1979,715.9833,153,16368,16368,0,0
1980,716.0,153,16368,16368,0,0
1981,716.0167,153,16368,16368,0,0
1982,716.0333,153,16368,16368,0,0
1983,716.05,153,16368,16368,0,0
1984,716.0667,153,16368,16368,0,0
1985,716.0833,153,16368,16368,0,0
1986,716.1,153,16368,16368,0,0
1987,716.1167,153,16368,16368,0,0
1988,716.1333,153,16368,16368,0,0
1989,716.15,153,16368,16368,0,0
1990,716.1667,153,16368,16368,0,0
1991,716.1833,153,16368,16368,0,0
1992,716.2,153,16368,16368,0,0
1993,716.2167,153,16368,16368,0,0
1994,716.2333,153,16368,16368,0,0
1995,716.25,153,16368,16368,0,0
1996,716.2667,153,16368,16368,0,0
1997,716.2833,153,16368,16368,0,0
1998,716.3,153,16368,16368,0,0
1999,716.3167,153,16368,16368,0,0
2000,716.3333,153,16368,16368,0,0
2001,716.35,153,16368,16368,0,0
2002,716.3667,153,16368,16368,0,0
2003,716.3833,153,16368,16368,0,0
2004,716.4,153,16368,16368,0,0
2005,716.4167,153,16368,16368,0,0
2006,716.4333,153,16368,16368,0,0
2007,716.45,153,16368,16368,0,0
2008,716.4667,153,16368,16368,0,0
2009,716.4833,153,16368,16368,0,0
2010,716.5,153,16368,16368,0,0
2011,716.5167,153,16368,16368,0,0
2012,716.5333,153,16368,16368,0,0
2013,716.55,153,16368,16368,0,0
2014,716.5667,153,16368,16368,0,0
2015,716.5833,153,16368,16368,0,0
2016,716.6,153,16368,16368,0,0
2017,716.6167,153,16368,16368,0,0
2018,716.6333,153,16368,16368,0,0
2019,716.65,153,16368,16368,0,0
2020,716.6667,153,16368,16368,0,0
2021,716.6833,153,16368,16368,0,0
2022,716.7,153,16368,16368,0,0
2023,716.7167,153,16368,16368,0,0
2024,716.7333,153,16368,16368,0,0
2025,716.75,153,16368,16368,0,0
2026,716.7667,153,16368,16368,0,0
2027,716.7833,153,16368,16368,0,0
2028,716.8,153,16368,16368,0,0
2029,716.8167,153,16368,16368,0,0
2030,716.8333,153,16368,16368,0,0
2031,716.85,153,16368,16368,0,0
2032,716.8667,153,16368,16368,0,0
2033,716.8833,153,16368,16368,0,0
2034,716.9,153,16368,16368,0,0
2035,716.9167,153,16368,16368,0,0
2036,716.9333,153,16368,16368,0,0
2037,716.95,153,16368,16368,0,0
2038,716.9667,153,16368,16368,0,0
2039,716.9833,153,16368,16368,0,0
2040,717.0,153,16368,16368,0,0
2041,717.0167,153,16368,16368,0,0
2042,717.0333,153,16368,16368,0,0
2043,717.05,153,16368,16368,0,0
2044,717.0667,153,16368,16368,0,0
2045,717.0833,153,16368,16368,0,0
2046,717.1,153,16368,16368,0,0
2047,717.1167,153,16368,16368,0,0
2048,717.1333,153,16368,16368,0,0
2049,717.15,153,16368,16368,0,0
2050,717.1667,153,16368,16368,0,0
2051,717.1833,153,16368,16368,0,0
2052,717.2,153,16368,16368,0,0
2053,717.2167,153,16368,16368,0,0
2054,717.2333,153,16368,16368,0,0
2055,717.25,153,16368,16368,0,0
2056,717.2667,153,16368,16368,0,0
2057,717.2833,153,16368,16368,0,0
2058,717.3,153,16368,16368,0,0
2059,717.3167,153,16368,16368,0,0
2060,717.3333,153,16368,16368,0,0
2061,717.35,153,16368,16368,0,0
2062,717.3667,153,16368,16368,0,0
2063,717.3833,153,16368,16368,0,0
2064,717.4,153,16368,16368,0,0
2065,717.4167,153,16368,16368,0,0
2066,717.4333,153,16368,16368,0,0
2067,717.45,153,16368,16368,0,0
2068,717.4667,153,16368,16368,0,0
2069,717.4833,153,16368,16368,0,0
2070,717.5,153,16368,16368,0,0
2071,717.5167,153,16368,16368,0,0
2072,717.5333,153,16368,16368,0,0
2073,717.55,153,16368,16368,0,0
2074,717.5667,153,16368,16368,0,0
2075,717.5833,153,16368,16368,0,0
2076,717.6,153,16368,16368,0,0
2077,717.6167,153,16368,16368,0,0
2078,717.6333,153,16368,16368,0,0
2079,717.65,153,16368,16368,0,0
2080,717.6667,153,16368,16368,0,0
2081,717.6833,153,16368,16368,0,0
2082,717.7,153,16368,16368,0,0
2083,717.7167,153,16368,16368,0,0
2084,717.7333,153,16368,16368,0,0
2085,717.75,153,16368,16368,0,0
2086,717.7667,153,16368,16368,0,0
2087,717.7833,153,16368,16368,0,0
2088,717.8,153,16368,16368,0,0
2089,717.8167,153,16368,16368,0,0
2090,717.8333,153,16368,16368,0,0
2091,717.85,153,16368,16368,0,0
2092,717.8667,153,16368,16368,0,0
2093,717.8833,153,16368,16368,0,0
2094,717.9,153,16368,16368,0,0
2095,717.9167,153,16368,16368,0,0
2096,717.9333,153,16368,16368,0,0
2097,717.95,153,16368,16368,0,0
2098,717.9667,153,16368,16368,0,0
2099,717.9833,153,16368,16368,0,0
2100,718.0,153,16368,16368,0,0
2101,718.0167,153,16368,16368,0,0
2102,718.0333,153,16368,16368,0,0
2103,718.05,153,16368,16368,0,0
2104,718.0667,153,16368,16368,0,0
2105,718.0833,153,16368,16368,0,0
2106,718.1,153,16368,16368,0,0
2107,718.1167,153,16368,16368,0,0
2108,718.1333,153,16368,16368,0,0
2109,718.15,153,16368,16368,0,0
2110,718.1667,153,16368,16368,0,0
2111,718.1833,153,16368,16368,0,0
2112,718.2,153,16368,16368,0,0
2113,718.2167,153,16368,16368,0,0
2114,718.2333,153,16368,16368,0,0
2115,718.25,153,16368,16368,0,0
2116,718.2667,153,16368,16368,0,0
2117,718.2833,153,16368,16368,0,0
2118,718.3,153,16368,16368,0,0
2119,718.3167,153,16368,16368,0,0
2120,718.3333,153,16368,16368,0,0
2121,718.35,153,16368,16368,0,0
2122,718.3667,153,16368,16368,0,0
2123,718.3833,153,16368,16368,0,0
2124,718.4,153,16368,16368,0,0
2125,718.4167,153,16368,16368,0,0
2126,718.4333,153,16368,16368,0,0
2127,718.45,153,16368,16368,0,0
2128,718.4667,153,16368,16368,0,0
2129,718.4833,153,16368,16368,0,0
2130,718.5,153,16368,16368,0,0
2131,718.5167,153,16368,16368,0,0
2132,718.5333,153,16368,16368,0,0
2133,718.55,153,16368,16368,0,0
2134,718.5667,153,16368,16368,0,0
2135,718.5833,153,16368,16368,0,0
2136,718.6,153,16368,16368,0,0
2137,718.6167,153,15108,16368,1260,-1260
2138,718.6333,153,16368,16368,0,1260
2139,718.65,153,16368,16368,0,0
2140,718.6667,153,16368,16368,0,0
2141,718.6833,153,16368,16368,0,0
2142,718.7,153,16368,16368,0,0
2143,718.7167,153,16368,16368,0,0
2144,718.7333,153,16349,16368,19,-19
2145,718.75,153,16351,16368,17,2
2146,718.7667,153,16351,16368,17,0
2147,718.7833,153,16353,16368,15,2
2148,718.8,153,16355,16368,13,2
2149,718.8167,153,16355,16368,13,0
2150,718.8333,153,16349,16368,19,-6
2151,718.85,153,16351,16368,17,2
2152,718.8667,153,16351,16368,17,0
2153,718.8833,153,16353,16368,15,2
2154,718.9,153,16355,16368,13,2
2155,718.9167,153,16355,16368,13,0
2156,718.9333,153,16368,16368,0,13
2157,718.95,153,16349,16368,19,-19
2158,718.9667,153,16351,16368,17,2
2159,718.9833,153,16351,16368,17,0
2160,719.0,153,16353,16368,15,2
2161,719.0167,153,16353,16368,15,0
2162,719.0333,153,16368,16368,0,15
2163,719.05,153,16368,16368,0,0
2164,719.0667,153,16349,16368,19,-19
2165,719.0833,153,16349,16368,19,0
2166,719.1,153,16351,16368,17,2
2167,719.1167,153,16351,16368,17,0
2168,719.1333,153,16353,16368,15,2
2169,719.15,153,16368,16368,0,15
2170,719.1667,153,16349,16368,19,-19
2171,719.1833,153,16349,16368,19,0
2172,719.2,153,16351,16368,17,2
2173,719.2167,153,16351,16368,17,0
2174,719.2333,153,16353,16368,15,2
2175,719.25,153,16349,16368,19,-4
2176,719.2667,153,16349,16368,19,0
2177,719.2833,153,16351,16368,17,2
2178,719.3,153,16351,16368,17,0
2179,719.3167,153,16353,16368,15,2
2180,719.3333,153,16353,16368,15,0
2181,719.35,153,16368,16368,0,15
2182,719.3667,153,16349,16368,19,-19
2183,719.3833,153,16349,16368,19,0
2184,719.4,153,16351,16368,17,2
2185,719.4167,153,15181,16368,1187,-1170
2186,719.4333,153,15181,16368,1187,0
2187,719.45,153,15183,16368,1185,2
2188,719.4667,153,15183,16368,1185,0
2189,719.4833,153,16368,16368,0,1185
2190,719.5,153,16368,16368,0,0
2191,719.5167,153,16368,16368,0,0
2192,719.5333,153,16368,16368,0,0
2193,719.55,153,16368,16368,0,0
2194,719.5667,153,16349,16368,19,-19
2195,719.5833,153,16349,16368,19,0
2196,719.6,153,16351,16368,17,2
2197,719.6167,153,16353,16368,15,2
2198,719.6333,153,16353,16368,15,0
2199,719.65,153,15174,16368,1194,-1179
2200,719.6667,153,15174,16368,1194,0
2201,719.6833,153,14769,16368,1599,-405
2202,719.7,153,14769,16368,1599,0
2203,719.7167,153,14772,16368,1596,3
2204,719.7333,153,14772,16368,1596,0
2205,719.75,153,14774,16368,1594,2
2206,719.7667,153,14721,16368,1647,-53
2207,719.7833,153,14721,16368,1647,0
2208,719.8,153,14723,16368,1645,2
2209,719.8167,153,14723,16368,1645,0
2210,719.8333,153,14726,16368,1642,3
2211,719.85,153,14726,16368,1642,0
2212,719.8667,153,14726,16368,1642,0
2213,719.8833,153,14728,16368,1640,2
2214,719.9,153,14728,16368,1640,0
2215,719.9167,153,14675,16368,1693,-53
2216,719.9333,153,14675,16368,1693,0
2217,719.95,153,14677,16368,1691,2
2218,719.9667,153,14677,16368,1691,0
2219,719.9833,153,14680,16368,1688,3
2220,720.0,153,14680,16368,1688,0
2221,720.0167,153,14609,16368,1759,-71
2222,720.0333,153,14609,16368,1759,0
2223,720.05,153,14611,16368,1757,2
2224,720.0667,153,14611,16368,1757,0
2225,720.0833,153,14614,16368,1754,3
2226,720.1,153,14614,16368,1754,0
2227,720.1167,153,14543,16368,1825,-71
2228,720.1333,153,14543,16368,1825,0
2229,720.15,153,14546,16368,1822,3
2230,720.1667,153,14549,16368,1819,3
2231,720.1833,153,14549,16368,1819,0
2232,720.2,153,12931,16368,3437,-1618
2233,720.2167,153,12931,16368,3437,0
2234,720.2333,153,12933,16368,3435,2
2235,720.25,153,12933,16368,3435,0
2236,720.2667,153,11742,16368,4626,-1191
2237,720.2833,153,11742,16368,4626,0
2238,720.3,153,11628,16368,4740,-114
2239,720.3167,153,11630,16368,4738,2
2240,720.3333,153,11630,16368,4738,0
2241,720.35,153,11633,16368,4735,3
2242,720.3667,153,11633,16368,4735,0
2243,720.3833,153,11518,16368,4850,-115
2244,720.4,153,11518,16368,4850,0
2245,720.4167,153,11520,16368,4848,2
2246,720.4333,153,11520,16368,4848,0
2247,720.45,153,11523,16368,4845,3
2248,720.4667,153,11506,16368,4862,-17
2249,720.4833,153,11506,16368,4862,0
2250,720.5,153,11508,16368,4860,2
2251,720.5167,153,11508,16368,4860,0
2252,720.5333,153,11511,16368,4857,3
2253,720.55,153,11513,16368,4855,2
2254,720.5667,153,11513,16368,4855,0
2255,720.5833,153,11496,16368,4872,-17
2256,720.6,153,11496,16368,4872,0
2257,720.6167,153,11498,16368,4870,2
2258,720.6333,153,11498,16368,4870,0
2259,720.65,153,11501,16368,4867,3
2260,720.6667,153,11501,16368,4867,0
2261,720.6833,153,10923,16368,5445,-578
2262,720.7,153,10923,16368,5445,0
2263,720.7167,153,16368,16368,0,5445
2264,720.7333,153,16368,16368,0,0
2265,720.75,153,16368,16368,0,0
2266,720.7667,153,16354,16368,14,-14
2267,720.7833,153,16354,16368,14,0
2268,720.8,153,16350,16368,18,-4
2269,720.8167,153,16350,16368,18,0
2270,720.8333,153,16353,16368,15,3
2271,720.85,153,16353,16368,15,0
2272,720.8667,153,14106,16368,2262,-2247
2273,720.8833,153,14106,16368,2262,0
2274,720.9,153,14055,16368,2313,-51
2275,720.9167,153,14058,16368,2310,3
2276,720.9333,153,14058,16368,2310,0
2277,720.95,153,14060,16368,2308,2
2278,720.9667,153,14060,16368,2308,0
2279,720.9833,153,14010,16368,2358,-50
2280,721.0,153,14010,16368,2358,0
2281,721.0167,153,14012,16368,2356,2
2282,721.0333,153,14015,16368,2353,3
2283,721.05,153,14015,16368,2353,0
2284,721.0667,153,14004,16368,2364,-11
2285,721.0833,153,14004,16368,2364,0
2286,721.1,153,13967,16368,2401,-37
2287,721.1167,153,13967,16368,2401,0
2288,721.1333,153,13969,16368,2399,2
2289,721.15,153,13972,16368,2396,3
2290,721.1667,153,13972,16368,2396,0
2291,721.1833,153,13921,16368,2447,-51
2292,721.2,153,13921,16368,2447,0
2293,721.2167,153,13923,16368,2445,2
2294,721.2333,153,13923,16368,2445,0
2295,721.25,153,13926,16368,2442,3
2296,721.2667,153,13926,16368,2442,0
2297,721.2833,153,13915,16368,2453,-11
2298,721.3,153,13878,16368,2490,-37
2299,721.3167,153,13878,16368,2490,0
2300,721.3333,153,13878,16368,2490,0
2301,721.35,153,13880,16368,2488,2
2302,721.3667,153,13880,16368,2488,0
2303,721.3833,153,16368,16368,0,2488
2304,721.4,153,16368,16368,0,0
2305,721.4167,153,16314,16368,54,-54
2306,721.4333,153,16314,16368,54,0
2307,721.45,153,16317,16368,51,3
2308,721.4667,153,16317,16368,51,0
2309,721.4833,153,16317,16368,51,0
2310,721.5,153,13939,16368,2429,-2378
2311,721.5167,153,13939,16368,2429,0
2312,721.5333,153,16314,16368,54,2375
2313,721.55,153,16314,16368,54,0
2314,721.5667,153,16317,16368,51,3
2315,721.5833,153,16317,16368,51,0
2316,721.6,153,16320,16368,48,3
2317,721.6167,153,16320,16368,48,0
2318,721.6333,153,16270,16368,98,-50
2319,721.65,153,16270,16368,98,0
2320,721.6667,153,20005,20005,0,3735
2321,721.6833,153,20005,20005,0,0
2322,721.7,153,20005,20005,0,0
2323,721.7167,153,20005,20005,0,0
2324,721.7333,153,19952,20005,53,-53
2325,721.75,153,19952,20005,53,0
2326,721.7667,153,20005,20005,0,53
2327,721.7833,153,20005,20005,0,0
2328,721.8,153,20005,20005,0,0
2329,721.8167,153,20005,20005,0,0
2330,721.8333,153,19952,20005,53,-53
2331,721.85,153,19952,20005,53,0
2332,721.8667,153,20005,20005,0,53
2333,721.8833,153,20005,20005,0,0
2334,721.9,153,18714,20005,1291,-1291
2335,721.9167,153,18714,20005,1291,0
2336,721.9333,153,17757,20005,2248,-957
2337,721.95,153,17757,20005,2248,0
2338,721.9667,153,17761,20005,2244,4
2339,721.9833,153,17761,20005,2244,0
2340,722.0,153,19802,20005,203,2041
2341,722.0167,153,19802,20005,203,0
2342,722.0333,153,19807,20005,198,5
2343,722.05,153,19807,20005,198,0
2344,722.0667,153,19811,20005,194,4
2345,722.0833,153,19811,20005,194,0
2346,722.1,153,19815,20005,190,4
2347,722.1167,153,19815,20005,190,0
2348,722.1333,153,19820,20005,185,5
2349,722.15,153,19824,20005,181,4
2350,722.1667,153,19824,20005,181,0
2351,722.1833,153,19828,20005,177,4
2352,722.2,153,19828,20005,177,0
2353,722.2167,153,19832,20005,173,4
2354,722.2333,153,19832,20005,173,0
2355,722.25,153,19836,20005,169,4
2356,722.2667,153,19836,20005,169,0
2357,722.2833,153,19840,20005,165,4
2358,722.3,153,19840,20005,165,0
2359,722.3167,153,19844,20005,161,4
2360,722.3333,153,19844,20005,161,0
2361,722.35,153,19848,20005,157,4
2362,722.3667,153,19848,20005,157,0
2363,722.3833,153,20005,20005,0,157
2364,722.4,153,20005,20005,0,0
2365,722.4167,153,20005,20005,0,0
2366,722.4333,153,20005,20005,0,0
2367,722.45,153,20005,20005,0,0
2368,722.4667,153,20005,20005,0,0
2369,722.4833,153,20005,20005,0,0
2370,722.5,153,20005,20005,0,0
2371,722.5167,153,20005,20005,0,0
2372,722.5333,153,20005,20005,0,0
2373,722.55,153,20005,20005,0,0
2374,722.5667,153,20005,20005,0,0
2375,722.5833,153,20005,20005,0,0
2376,722.6,153,20005,20005,0,0
2377,722.6167,153,20005,20005,0,0
2378,722.6333,153,20005,20005,0,0
2379,722.65,153,20005,20005,0,0
2380,722.6667,153,20005,20005,0,0
2381,722.6833,153,20005,20005,0,0
2382,722.7,153,20005,20005,0,0
2383,722.7167,153,20005,20005,0,0
2384,722.7333,153,20005,20005,0,0
2385,722.75,153,20005,20005,0,0
2386,722.7667,153,20005,20005,0,0
2387,722.7833,153,20005,20005,0,0
2388,722.8,153,20005,20005,0,0
2389,722.8167,153,20005,20005,0,0
2390,722.8333,153,20005,20005,0,0
2391,722.85,153,20005,20005,0,0
2392,722.8667,153,20005,20005,0,0
2393,722.8833,153,20005,20005,0,0
2394,722.9,153,20005,20005,0,0
2395,722.9167,153,20005,20005,0,0
2396,722.9333,153,20005,20005,0,0
2397,722.95,153,19994,20005,11,-11
2398,722.9667,153,19994,20005,11,0
2399,722.9833,153,19998,20005,7,4
2400,723.0,153,19998,20005,7,0
2401,723.0167,153,19961,20005,44,-37
2402,723.0333,153,19961,20005,44,0
2403,723.05,153,19925,20005,80,-36
2404,723.0667,153,19925,20005,80,0
2405,723.0833,153,19929,20005,76,4
2406,723.1,153,19929,20005,76,0
2407,723.1167,153,19902,20005,103,-27
2408,723.1333,153,19952,20005,53,50
2409,723.15,153,19952,20005,53,0
2410,723.1667,153,19956,20005,49,4
2411,723.1833,153,19956,20005,49,0
2412,723.2,153,19929,20005,76,-27
2413,723.2167,153,19929,20005,76,0
2414,723.2333,153,19880,20005,125,-49
2415,723.25,153,19880,20005,125,0
2416,723.2667,153,20005,20005,0,125
2417,723.2833,153,20005,20005,0,0
2418,723.3,153,20005,20005,0,0
2419,723.3167,153,19921,20005,84,-84
2420,723.3333,153,19921,20005,84,0
2421,723.35,153,20005,20005,0,84
2422,723.3667,153,20005,20005,0,0
2423,723.3833,153,20005,20005,0,0
2424,723.4,153,20005,20005,0,0
2425,723.4167,153,19961,20005,44,-44
2426,723.4333,153,19965,20005,40,4
2427,723.45,153,19965,20005,40,0
2428,723.4667,153,19969,20005,36,4
2429,723.4833,153,19969,20005,36,0
2430,723.5,153,19942,20005,63,-27
2431,723.5167,153,19942,20005,63,0
2432,723.5333,153,19992,20005,13,50
2433,723.55,153,19996,20005,9,4
2434,723.5667,153,19996,20005,9,0
2435,723.5833,153,19999,20005,6,3
2436,723.6,153,19999,20005,6,0
2437,723.6167,153,19961,20005,44,-38
2438,723.6333,153,19965,20005,40,4
2439,723.65,153,19965,20005,40,0
2440,723.6667,153,19968,20005,37,3
2441,723.6833,153,19968,20005,37,0
2442,723.7,153,19974,20005,31,6
2443,723.7167,153,19974,20005,31,0
2444,723.7333,153,19965,20005,40,-9
2445,723.75,153,19968,20005,37,3
2446,723.7667,153,19968,20005,37,0
2447,723.7833,153,20005,20005,0,37
2448,723.8,153,20005,20005,0,0
2449,723.8167,153,19961,20005,44,-44
2450,723.8333,153,19961,20005,44,0
2451,723.85,153,19964,20005,41,3
2452,723.8667,153,20005,20005,0,41
2453,723.8833,153,20005,20005,0,0
2454,723.9,153,19974,20005,31,-31
2455,723.9167,153,19974,20005,31,0
2456,723.9333,153,19964,20005,41,-10
2457,723.95,153,19968,20005,37,4
2458,723.9667,153,19968,20005,37,0
2459,723.9833,153,19972,20005,33,4
2460,724.0,153,19972,20005,33,0
2461,724.0167,153,19931,20005,74,-41
2462,724.0333,153,19935,20005,70,4
2463,724.05,153,19935,20005,70,0
2464,724.0667,153,19938,20005,67,3
2465,724.0833,153,19938,20005,67,0
2466,724.1,153,20005,20005,0,67
2467,724.1167,153,19961,20005,44,-44
2468,724.1333,153,19961,20005,44,0
2469,724.15,153,19964,20005,41,3
2470,724.1667,153,19964,20005,41,0
2471,724.1833,153,19968,20005,37,4
2472,724.2,153,19974,20005,31,6
2473,724.2167,153,19974,20005,31,0
2474,724.2333,153,19964,20005,41,-10
2475,724.25,153,19968,20005,37,4
2476,724.2667,153,19968,20005,37,0
2477,724.2833,153,19971,20005,34,3
2478,724.3,153,19931,20005,74,-40
2479,724.3167,153,19931,20005,74,0
2480,724.3333,153,19934,20005,71,3
2481,724.35,153,19937,20005,68,3
2482,724.3667,153,19941,20005,64,4
2483,724.3833,153,19941,20005,64,0
2484,724.4,153,19900,20005,105,-41
2485,724.4167,153,19903,20005,102,3
2486,724.4333,153,19903,20005,102,0
2487,724.45,153,18419,20005,1586,-1484
2488,724.4667,153,18422,20005,1583,3
2489,724.4833,153,18422,20005,1583,0
2490,724.5,153,17043,20005,2962,-1379
2491,724.5167,153,17046,20005,2959,3
2492,724.5333,153,17046,20005,2959,0
2493,724.55,153,17049,20005,2956,3
2494,724.5667,153,17049,20005,2956,0
2495,724.5833,153,17052,20005,2953,3
2496,724.6,153,17024,20005,2981,-28
2497,724.6167,153,17024,20005,2981,0
2498,724.6333,153,17014,20005,2991,-10
2499,724.65,153,17014,20005,2991,0
2500,724.6667,153,15565,20005,4440,-1449
2501,724.6833,153,15568,20005,4437,3
2502,724.7,153,15568,20005,4437,0
2503,724.7167,153,15527,20005,4478,-41
2504,724.7333,153,15531,20005,4474,4
2505,724.75,153,15531,20005,4474,0
2506,724.7667,153,15534,20005,4471,3
2507,724.7833,153,15537,20005,4468,3
2508,724.8,153,15537,20005,4468,0
2509,724.8167,153,15496,20005,4509,-41
2510,724.8333,153,15500,20005,4505,4
2511,724.85,153,15500,20005,4505,0
2512,724.8667,153,15503,20005,4502,3
2513,724.8833,153,15507,20005,4498,4
2514,724.9,153,15466,20005,4539,-41
2515,724.9167,153,15466,20005,4539,0
2516,724.9333,153,15469,20005,4536,3
2517,724.95,153,15472,20005,4533,3
2518,724.9667,153,15472,20005,4533,0
2519,724.9833,153,15475,20005,4530,3
2520,725.0,153,15434,20005,4571,-41
2521,725.0167,153,15434,20005,4571,0
2522,725.0333,153,15437,20005,4568,3
2523,725.05,153,15440,20005,4565,3
2524,725.0667,153,15443,20005,4562,3
2525,725.0833,153,15443,20005,4562,0
2526,725.1,153,15415,20005,4590,-28
2527,725.1167,153,15405,20005,4600,-10
2528,725.1333,153,15405,20005,4600,0
2529,725.15,153,15408,20005,4597,3
2530,725.1667,153,15411,20005,4594,3
2531,725.1833,153,15411,20005,4594,0
2532,725.2,153,15383,20005,4622,-28
2533,725.2167,153,15373,20005,4632,-10
2534,725.2333,153,15376,20005,4629,3
2535,725.25,153,15376,20005,4629,0
2536,725.2667,153,15379,20005,4626,3
2537,725.2833,153,15382,20005,4623,3
2538,725.3,153,15354,20005,4651,-28
2539,725.3167,153,15354,20005,4651,0
2540,725.3333,153,15357,20005,4648,3
2541,725.35,153,15360,20005,4645,3
2542,725.3667,153,15363,20005,4642,3
2543,725.3833,153,15363,20005,4642,0
2544,725.4,153,15334,20005,4671,-29
2545,725.4167,153,15337,20005,4668,3
2546,725.4333,153,15340,20005,4665,3
2547,725.45,153,15343,20005,4662,3
2548,725.4667,153,15343,20005,4662,0
2549,725.4833,153,15346,20005,4659,3
2550,725.5,153,15318,20005,4687,-28
2551,725.5167,153,15318,20005,4687,0
2552,725.5333,153,15320,20005,4685,2
2553,725.55,153,15323,20005,4682,3
2554,725.5667,153,15326,20005,4679,3
2555,725.5833,153,15298,20005,4707,-28
2556,725.6,153,15298,20005,4707,0
2557,725.6167,153,15301,20005,4704,3
2558,725.6333,153,15304,20005,4701,3
2559,725.65,153,15304,20005,4701,0
2560,725.6667,153,15306,20005,4699,2
2561,725.6833,153,15309,20005,4696,3
2562,725.7,153,15281,20005,4724,-28
2563,725.7167,153,15281,20005,4724,0
2564,725.7333,153,15284,20005,4721,3
2565,725.75,153,15287,20005,4718,3
2566,725.7667,153,15290,20005,4715,3
2567,725.7833,153,15290,20005,4715,0
2568,725.8,153,15293,20005,4712,3
2569,725.8167,153,15296,20005,4709,3
2570,725.8333,153,15298,20005,4707,2
2571,725.85,153,18150,20005,1855,2852
2572,725.8667,153,18150,20005,1855,0
2573,725.8833,153,18153,20005,1852,3
2574,725.9,153,18156,20005,1849,3
2575,725.9167,153,18158,20005,1847,2
2576,725.9333,153,18158,20005,1847,0
2577,725.95,153,18161,20005,1844,3
2578,725.9667,153,18164,20005,1841,3
2579,725.9833,153,18167,20005,1838,3
2580,726.0,153,18169,20005,1836,2
2581,726.0167,153,18169,20005,1836,0
2582,726.0333,153,18172,20005,1833,3
2583,726.05,153,18175,20005,1830,3
2584,726.0667,153,18177,20005,1828,2
2585,726.0833,153,18180,20005,1825,3
2586,726.1,153,18180,20005,1825,0
2587,726.1167,153,18183,20005,1822,3
2588,726.1333,153,18186,20005,1819,3
2589,726.15,153,18188,20005,1817,2
2590,726.1667,153,18191,20005,1814,3
2591,726.1833,153,18193,20005,1812,2
2592,726.2,153,18193,20005,1812,0
2593,726.2167,153,18196,20005,1809,3
2594,726.2333,153,18199,20005,1806,3
2595,726.25,153,18201,20005,1804,2
2596,726.2667,153,19377,20005,628,1176
2597,726.2833,153,19379,20005,626,2
2598,726.3,153,19382,20005,623,3
2599,726.3167,153,19384,20005,621,2
2600,726.3333,153,19384,20005,621,0
2601,726.35,153,19387,20005,618,3
2602,726.3667,153,20005,20005,0,618
2603,726.3833,153,20005,20005,0,0
2604,726.4,153,20005,20005,0,0
2605,726.4167,153,20005,20005,0,0
2606,726.4333,153,20005,20005,0,0
2607,726.45,153,20005,20005,0,0
2608,726.4667,153,20005,20005,0,0
2609,726.4833,153,20005,20005,0,0
2610,726.5,153,20005,20005,0,0
2611,726.5167,153,20005,20005,0,0
2612,726.5333,153,20005,20005,0,0
2613,726.55,153,20005,20005,0,0
2614,726.5667,153,20005,20005,0,0
2615,726.5833,153,20005,20005,0,0
2616,726.6,153,20005,20005,0,0
2617,726.6167,153,20005,20005,0,0
2618,726.6333,153,20005,20005,0,0
2619,726.65,153,20005,20005,0,0
2620,726.6667,153,20005,20005,0,0
2621,726.6833,153,20005,20005,0,0
2622,726.7,153,20005,20005,0,0
2623,726.7167,153,20005,20005,0,0
2624,726.7333,153,20005,20005,0,0
2625,726.75,153,20005,20005,0,0
2626,726.7667,153,20005,20005,0,0
2627,726.7833,153,20005,20005,0,0
2628,726.8,153,20005,20005,0,0
2629,726.8167,153,20005,20005,0,0
2630,726.8333,153,20005,20005,0,0
2631,726.85,153,20005,20005,0,0
2632,726.8667,153,20005,20005,0,0
2633,726.8833,153,20005,20005,0,0
2634,726.9,153,20005,20005,0,0
2635,726.9167,153,20005,20005,0,0
2636,726.9333,153,20005,20005,0,0
2637,726.95,153,20005,20005,0,0
2638,726.9667,153,20005,20005,0,0
2639,726.9833,153,20005,20005,0,0
2640,727.0,153,20005,20005,0,0
2641,727.0167,153,20005,20005,0,0
2642,727.0333,153,20005,20005,0,0
2643,727.05,153,20005,20005,0,0
2644,727.0667,153,20005,20005,0,0
2645,727.0833,153,20005,20005,0,0
2646,727.1,153,20005,20005,0,0
2647,727.1167,153,20005,20005,0,0
2648,727.1333,153,20005,20005,0,0
2649,727.15,153,20005,20005,0,0
2650,727.1667,153,20005,20005,0,0
2651,727.1833,153,20005,20005,0,0
2652,727.2,153,20005,20005,0,0
2653,727.2167,153,20005,20005,0,0
2654,727.2333,153,20005,20005,0,0
2655,727.25,153,20005,20005,0,0
2656,727.2667,153,20005,20005,0,0
2657,727.2833,153,20005,20005,0,0
2658,727.3,153,20005,20005,0,0
2659,727.3167,153,20005,20005,0,0
2660,727.3333,153,20005,20005,0,0
2661,727.35,153,20005,20005,0,0
2662,727.3667,153,20005,20005,0,0
2663,727.3833,153,20005,20005,0,0
2664,727.4,153,20005,20005,0,0
2665,727.4167,153,20005,20005,0,0
2666,727.4333,153,20005,20005,0,0
2667,727.45,153,20005,20005,0,0
2668,727.4667,153,20005,20005,0,0
2669,727.4833,153,20005,20005,0,0
2670,727.5,153,20005,20005,0,0
2671,727.5167,153,20005,20005,0,0
2672,727.5333,153,20005,20005,0,0
2673,727.55,153,20005,20005,0,0
2674,727.5667,153,20005,20005,0,0
2675,727.5833,153,20005,20005,0,0
2676,727.6,153,20005,20005,0,0
2677,727.6167,153,20005,20005,0,0
2678,727.6333,153,20005,20005,0,0
2679,727.65,153,20005,20005,0,0
2680,727.6667,153,20005,20005,0,0
2681,727.6833,153,20005,20005,0,0
2682,727.7,153,20005,20005,0,0
2683,727.7167,153,20005,20005,0,0
2684,727.7333,153,20005,20005,0,0
2685,727.75,153,20005,20005,0,0
2686,727.7667,153,20005,20005,0,0
2687,727.7833,153,20005,20005,0,0
2688,727.8,153,20005,20005,0,0
2689,727.8167,153,20005,20005,0,0
2690,727.8333,153,20005,20005,0,0
2691,727.85,153,20005,20005,0,0
2692,727.8667,153,20005,20005,0,0
2693,727.8833,153,20005,20005,0,0
2694,727.9,153,20005,20005,0,0
2695,727.9167,153,20005,20005,0,0
2696,727.9333,153,20005,20005,0,0
2697,727.95,153,20005,20005,0,0
2698,727.9667,153,20005,20005,0,0
2699,727.9833,153,20005,20005,0,0
2700,728.0,153,20005,20005,0,0
2701,728.0167,153,20005,20005,0,0
2702,728.0333,153,20005,20005,0,0
2703,728.05,153,20005,20005,0,0
2704,728.0667,153,20005,20005,0,0
2705,728.0833,153,20005,20005,0,0
2706,728.1,153,20005,20005,0,0
2707,728.1167,153,20005,20005,0,0
2708,728.1333,153,20005,20005,0,0
2709,728.15,153,20005,20005,0,0
2710,728.1667,153,20005,20005,0,0
2711,728.1833,153,20005,20005,0,0
2712,728.2,153,20005,20005,0,0
2713,728.2167,153,20005,20005,0,0
2714,728.2333,153,20005,20005,0,0
2715,728.25,153,20005,20005,0,0
2716,728.2667,153,20005,20005,0,0
2717,728.2833,153,20005,20005,0,0
2718,728.3,153,20005,20005,0,0
2719,728.3167,153,20005,20005,0,0
2720,728.3333,153,20005,20005,0,0
2721,728.35,153,20005,20005,0,0
2722,728.3667,153,20005,20005,0,0
2723,728.3833,153,20005,20005,0,0
2724,728.4,153,20005,20005,0,0
2725,728.4167,153,20005,20005,0,0
2726,728.4333,153,20005,20005,0,0
2727,728.45,153,20005,20005,0,0
2728,728.4667,153,20005,20005,0,0
2729,728.4833,153,20005,20005,0,0
2730,728.5,153,20005,20005,0,0
2731,728.5167,153,20005,20005,0,0
2732,728.5333,153,20005,20005,0,0
2733,728.55,153,20005,20005,0,0
2734,728.5667,153,20005,20005,0,0
2735,728.5833,153,20005,20005,0,0
2736,728.6,153,20005,20005,0,0
2737,728.6167,153,20005,20005,0,0
2738,728.6333,153,20005,20005,0,0
2739,728.65,153,20005,20005,0,0
2740,728.6667,153,20005,20005,0,0
2741,728.6833,153,20005,20005,0,0
2742,728.7,153,20005,20005,0,0
2743,728.7167,153,20005,20005,0,0
2744,728.7333,153,20005,20005,0,0
2745,728.75,153,20005,20005,0,0
2746,728.7667,153,20005,20005,0,0
2747,728.7833,153,20005,20005,0,0
2748,728.8,153,20005,20005,0,0
2749,728.8167,153,20005,20005,0,0
2750,728.8333,153,20005,20005,0,0
2751,728.85,153,20005,20005,0,0
2752,728.8667,153,20005,20005,0,0
2753,728.8833,153,20005,20005,0,0
2754,728.9,153,20005,20005,0,0
2755,728.9167,153,20005,20005,0,0
2756,728.9333,153,20005,20005,0,0
2757,728.95,153,20005,20005,0,0
2758,728.9667,153,20005,20005,0,0
2759,728.9833,153,20005,20005,0,0
2760,729.0,153,20005,20005,0,0
2761,729.0167,153,20005,20005,0,0
2762,729.0333,153,20005,20005,0,0
2763,729.05,153,20005,20005,0,0
2764,729.0667,153,20005,20005,0,0
2765,729.0833,153,20005,20005,0,0
2766,729.1,153,20005,20005,0,0
2767,729.1167,153,20005,20005,0,0
2768,729.1333,153,20005,20005,0,0
2769,729.15,153,20005,20005,0,0
2770,729.1667,153,20005,20005,0,0
2771,729.1833,153,20005,20005,0,0
2772,729.2,153,20005,20005,0,0
2773,729.2167,153,20005,20005,0,0
2774,729.2333,153,20005,20005,0,0
2775,729.25,153,20005,20005,0,0
2776,729.2667,153,20005,20005,0,0
2777,729.2833,153,20005,20005,0,0
2778,729.3,153,20005,20005,0,0
2779,729.3167,153,20005,20005,0,0
2780,729.3333,153,20005,20005,0,0
2781,729.35,153,20005,20005,0,0
2782,729.3667,153,20005,20005,0,0
2783,729.3833,153,20005,20005,0,0
2784,729.4,153,20005,20005,0,0
2785,729.4167,153,20005,20005,0,0
2786,729.4333,153,20005,20005,0,0
2787,729.45,153,20005,20005,0,0
2788,729.4667,153,20005,20005,0,0
2789,729.4833,153,20005,20005,0,0
2790,729.5,153,20005,20005,0,0
2791,729.5167,153,20005,20005,0,0
2792,729.5333,153,20005,20005,0,0
2793,729.55,153,20005,20005,0,0
2794,729.5667,153,20005,20005,0,0
2795,729.5833,153,20005,20005,0,0
2796,729.6,153,20005,20005,0,0
2797,729.6167,153,20005,20005,0,0
2798,729.6333,153,20005,20005,0,0
2799,729.65,153,20005,20005,0,0
2800,729.6667,153,20005,20005,0,0
2801,729.6833,153,20005,20005,0,0
2802,729.7,153,20005,20005,0,0
2803,729.7167,153,20005,20005,0,0
2804,729.7333,153,20005,20005,0,0
2805,729.75,153,20005,20005,0,0
2806,729.7667,153,20005,20005,0,0
2807,729.7833,153,20005,20005,0,0
2808,729.8,154,20005,20005,0,0
2809,729.8167,154,20005,20005,0,0
2810,729.8333,154,20005,20005,0,0
2811,729.85,154,20005,20005,0,0
2812,729.8667,154,20005,20005,0,0
2813,729.8833,154,20005,20005,0,0
2814,729.9,154,20005,20005,0,0
2815,729.9167,154,20005,20005,0,0
2816,729.9333,154,20005,20005,0,0
2817,729.95,154,20005,20005,0,0
2818,729.9667,154,20005,20005,0,0
2819,729.9833,154,20005,20005,0,0
2820,730.0,154,20005,20005,0,0
2821,730.0167,154,20005,20005,0,0
2822,730.0333,154,20005,20005,0,0
2823,730.05,154,20005,20005,0,0
2824,730.0667,154,20005,20005,0,0
2825,730.0833,154,20005,20005,0,0
2826,730.1,154,20005,20005,0,0
2827,730.1167,154,20005,20005,0,0
2828,730.1333,154,20005,20005,0,0
2829,730.15,154,20005,20005,0,0
2830,730.1667,154,20005,20005,0,0
2831,730.1833,154,20005,20005,0,0
2832,730.2,154,20005,20005,0,0
2833,730.2167,154,20005,20005,0,0
2834,730.2333,154,20005,20005,0,0
2835,730.25,154,20005,20005,0,0
2836,730.2667,154,20005,20005,0,0
2837,730.2833,154,20005,20005,0,0
2838,730.3,154,20005,20005,0,0
2839,730.3167,154,20005,20005,0,0
2840,730.3333,154,20005,20005,0,0
2841,730.35,154,20005,20005,0,0
2842,730.3667,154,20005,20005,0,0
2843,730.3833,154,20005,20005,0,0
2844,730.4,154,20005,20005,0,0
2845,730.4167,154,20005,20005,0,0
2846,730.4333,154,20005,20005,0,0
2847,730.45,154,20005,20005,0,0
2848,730.4667,154,20005,20005,0,0
2849,730.4833,154,20005,20005,0,0
2850,730.5,154,20005,20005,0,0
2851,730.5167,154,20005,20005,0,0
2852,730.5333,154,20005,20005,0,0
2853,730.55,154,20005,20005,0,0
2854,730.5667,154,20005,20005,0,0
2855,730.5833,154,20005,20005,0,0
2856,730.6,154,20005,20005,0,0
2857,730.6167,154,20005,20005,0,0
2858,730.6333,154,20005,20005,0,0
2859,730.65,154,20005,20005,0,0
2860,730.6667,154,20005,20005,0,0
2861,730.6833,154,20005,20005,0,0
2862,730.7,154,20005,20005,0,0
2863,730.7167,154,20005,20005,0,0
2864,730.7333,154,20005,20005,0,0
2865,730.75,154,20005,20005,0,0
2866,730.7667,154,20005,20005,0,0
2867,730.7833,154,20005,20005,0,0
2868,730.8,154,20005,20005,0,0
2869,730.8167,154,20005,20005,0,0
2870,730.8333,154,20005,20005,0,0
2871,730.85,154,20005,20005,0,0
2872,730.8667,154,20005,20005,0,0
2873,730.8833,154,20005,20005,0,0
2874,730.9,154,20005,20005,0,0
2875,730.9167,154,20005,20005,0,0
2876,730.9333,154,20005,20005,0,0
2877,730.95,154,20005,20005,0,0
2878,730.9667,154,20005,20005,0,0
2879,730.9833,154,20005,20005,0,0
2880,731.0,154,20005,20005,0,0
2881,731.0167,154,20005,20005,0,0
2882,731.0333,154,20005,20005,0,0
2883,731.05,154,20005,20005,0,0
2884,731.0667,154,20005,20005,0,0
2885,731.0833,154,20005,20005,0,0
2886,731.1,154,20005,20005,0,0
2887,731.1167,154,20005,20005,0,0
2888,731.1333,154,20005,20005,0,0
2889,731.15,154,20005,20005,0,0
2890,731.1667,154,20005,20005,0,0
2891,731.1833,154,20005,20005,0,0
2892,731.2,154,20005,20005,0,0
2893,731.2167,154,20005,20005,0,0
2894,731.2333,154,20005,20005,0,0
2895,731.25,154,20005,20005,0,0
2896,731.2667,154,20005,20005,0,0
2897,731.2833,154,20005,20005,0,0
2898,731.3,154,20005,20005,0,0
2899,731.3167,154,20005,20005,0,0
2900,731.3333,154,20005,20005,0,0
2901,731.35,154,20005,20005,0,0
2902,731.3667,154,20005,20005,0,0
2903,731.3833,154,20005,20005,0,0
2904,731.4,154,20005,20005,0,0
2905,731.4167,154,20005,20005,0,0
2906,731.4333,154,20005,20005,0,0
2907,731.45,154,20005,20005,0,0
2908,731.4667,154,20005,20005,0,0
2909,731.4833,154,20005,20005,0,0
2910,731.5,154,20005,20005,0,0
2911,731.5167,154,20005,20005,0,0
2912,731.5333,154,20005,20005,0,0
2913,731.55,154,20005,20005,0,0
2914,731.5667,154,20005,20005,0,0
2915,731.5833,154,20005,20005,0,0
2916,731.6,154,20005,20005,0,0
2917,731.6167,154,20005,20005,0,0
2918,731.6333,154,20005,20005,0,0
2919,731.65,154,20005,20005,0,0
2920,731.6667,154,20005,20005,0,0
2921,731.6833,154,20005,20005,0,0
2922,731.7,154,20005,20005,0,0
2923,731.7167,154,20005,20005,0,0
2924,731.7333,154,20005,20005,0,0
2925,731.75,154,20005,20005,0,0
2926,731.7667,154,20005,20005,0,0
2927,731.7833,154,20005,20005,0,0
2928,731.8,154,20005,20005,0,0
2929,731.8167,154,20005,20005,0,0
2930,731.8333,154,20005,20005,0,0
2931,731.85,154,20005,20005,0,0
2932,731.8667,154,20005,20005,0,0
2933,731.8833,154,20005,20005,0,0
2934,731.9,154,20005,20005,0,0
2935,731.9167,154,20005,20005,0,0
2936,731.9333,154,20005,20005,0,0
2937,731.95,154,20005,20005,0,0
2938,731.9667,154,20005,20005,0,0
2939,731.9833,154,20005,20005,0,0
2940,732.0,154,20005,20005,0,0
2941,732.0167,154,20005,20005,0,0
2942,732.0333,154,20005,20005,0,0
2943,732.05,154,20005,20005,0,0
2944,732.0667,154,20005,20005,0,0
2945,732.0833,154,20005,20005,0,0
2946,732.1,154,20005,20005,0,0
2947,732.1167,154,20005,20005,0,0
2948,732.1333,154,20005,20005,0,0
2949,732.15,154,20005,20005,0,0
2950,732.1667,154,20005,20005,0,0
2951,732.1833,154,20005,20005,0,0
2952,732.2,154,20005,20005,0,0
2953,732.2167,154,20005,20005,0,0
2954,732.2333,154,20005,20005,0,0
2955,732.25,154,20005,20005,0,0
2956,732.2667,154,20005,20005,0,0
2957,732.2833,154,20005,20005,0,0
2958,732.3,154,20005,20005,0,0
2959,732.3167,154,20005,20005,0,0
2960,732.3333,154,20005,20005,0,0
2961,732.35,154,20005,20005,0,0
2962,732.3667,154,20005,20005,0,0
2963,732.3833,154,20005,20005,0,0
2964,732.4,154,20005,20005,0,0
2965,732.4167,154,20005,20005,0,0
2966,732.4333,154,20005,20005,0,0
2967,732.45,154,20005,20005,0,0
2968,732.4667,154,20005,20005,0,0
2969,732.4833,154,20005,20005,0,0
2970,732.5,154,20005,20005,0,0
2971,732.5167,154,20005,20005,0,0
2972,732.5333,154,20005,20005,0,0
2973,732.55,154,20005,20005,0,0
2974,732.5667,154,20005,20005,0,0
2975,732.5833,154,20005,20005,0,0
2976,732.6,154,20005,20005,0,0
2977,732.6167,154,20005,20005,0,0
2978,732.6333,154,20005,20005,0,0
2979,732.65,154,20005,20005,0,0
2980,732.6667,154,20005,20005,0,0
2981,732.6833,154,20005,20005,0,0
2982,732.7,154,20005,20005,0,0
2983,732.7167,154,20005,20005,0,0
2984,732.7333,154,20005,20005,0,0
2985,732.75,154,20005,20005,0,0
2986,732.7667,154,20005,20005,0,0
2987,732.7833,154,20005,20005,0,0
2988,732.8,154,20005,20005,0,0
2989,732.8167,154,20005,20005,0,0
2990,732.8333,154,20005,20005,0,0
2991,732.85,154,20005,20005,0,0
2992,732.8667,154,20005,20005,0,0
2993,732.8833,154,20005,20005,0,0
2994,732.9,154,20005,20005,0,0
2995,732.9167,154,20005,20005,0,0
2996,732.9333,154,20005,20005,0,0
2997,732.95,154,20005,20005,0,0
2998,732.9667,154,20005,20005,0,0
2999,732.9833,154,20005,20005,0,0
3000,733.0,154,20005,20005,0,0
3001,733.0167,154,19538,20005,467,-467
3002,733.0333,154,19540,20005,465,2
3003,733.05,154,19543,20005,462,3
3004,733.0667,154,19545,20005,460,2
3005,733.0833,154,19547,20005,458,2
3006,733.1,154,19550,20005,455,3
3007,733.1167,154,19552,20005,453,2
3008,733.1333,154,19554,20005,451,2
3009,733.15,154,19554,20005,451,0
3010,733.1667,154,19557,20005,448,3
3011,733.1833,154,19559,20005,446,2
3012,733.2,154,19561,20005,444,2
3013,733.2167,154,19564,20005,441,3
3014,733.2333,154,20005,20005,0,441
3015,733.25,154,20005,20005,0,0
3016,733.2667,154,20005,20005,0,0
3017,733.2833,154,20005,20005,0,0
3018,733.3,154,20005,20005,0,0
3019,733.3167,154,20005,20005,0,0
3020,733.3333,154,20005,20005,0,0
3021,733.35,154,20005,20005,0,0
3022,733.3667,154,20005,20005,0,0
3023,733.3833,154,20005,20005,0,0
3024,733.4,154,20005,20005,0,0
3025,733.4167,154,20005,20005,0,0
3026,733.4333,154,20005,20005,0,0
3027,733.45,154,20005,20005,0,0
3028,733.4667,154,20005,20005,0,0
3029,733.4833,154,20005,20005,0,0
3030,733.5,154,20005,20005,0,0
3031,733.5167,154,20005,20005,0,0
3032,733.5333,154,20005,20005,0,0
3033,733.55,154,20005,20005,0,0
3034,733.5667,154,20005,20005,0,0
3035,733.5833,154,20005,20005,0,0
3036,733.6,154,20005,20005,0,0
3037,733.6167,154,20005,20005,0,0
3038,733.6333,154,20005,20005,0,0
3039,733.65,154,20005,20005,0,0
3040,733.6667,154,20005,20005,0,0
3041,733.6833,154,20005,20005,0,0
3042,733.7,154,20005,20005,0,0
3043,733.7167,154,20005,20005,0,0
3044,733.7333,154,20005,20005,0,0
3045,733.75,154,20005,20005,0,0
3046,733.7667,154,20005,20005,0,0
3047,733.7833,154,16821,20005,3184,-3184
3048,733.8,154,16824,20005,3181,3
3049,733.8167,154,17201,20005,2804,377
3050,733.8333,154,17204,20005,2801,3
3051,733.85,154,17204,20005,2801,0
3052,733.8667,154,17206,20005,2799,2
3053,733.8833,154,17156,20005,2849,-50
3054,733.9,154,17159,20005,2846,3
3055,733.9167,154,17643,20005,2362,484
3056,733.9333,154,17646,20005,2359,3
3057,733.95,154,17646,20005,2359,0
3058,733.9667,154,17649,20005,2356,3
3059,733.9833,154,17649,20005,2356,0
3060,734.0,154,17599,20005,2406,-50
3061,734.0167,154,17599,20005,2406,0
3062,734.0333,154,17601,20005,2404,2
3063,734.05,154,18660,20005,1345,1059
3064,734.0667,154,18663,20005,1342,3
3065,734.0833,154,18663,20005,1342,0
3066,734.1,154,18613,20005,1392,-50
3067,734.1167,154,18616,20005,1389,3
3068,734.1333,154,19562,20005,443,946
3069,734.15,154,19562,20005,443,0
3070,734.1667,154,19565,20005,440,3
3071,734.1833,154,19516,20005,489,-49
3072,734.2,154,19516,20005,489,0
3073,734.2167,154,20005,20005,0,489
3074,734.2333,154,20005,20005,0,0
3075,734.25,154,20005,20005,0,0
3076,734.2667,154,20005,20005,0,0
3077,734.2833,154,20005,20005,0,0
3078,734.3,154,20005,20005,0,0
3079,734.3167,154,20005,20005,0,0
3080,734.3333,154,20005,20005,0,0
3081,734.35,154,20005,20005,0,0
3082,734.3667,154,20005,20005,0,0
3083,734.3833,154,20005,20005,0,0
3084,734.4,154,19952,20005,53,-53
3085,734.4167,154,19952,20005,53,0
3086,734.4333,154,20005,20005,0,53
3087,734.45,154,20005,20005,0,0
3088,734.4667,154,20005,20005,0,0
3089,734.4833,154,20005,20005,0,0
3090,734.5,154,19952,20005,53,-53
3091,734.5167,154,20005,20005,0,53
3092,734.5333,154,20005,20005,0,0
3093,734.55,154,20005,20005,0,0
3094,734.5667,154,19192,20005,813,-813
3095,734.5833,154,19192,20005,813,0
3096,734.6,154,19142,20005,863,-50
3097,734.6167,154,20005,20005,0,863
3098,734.6333,154,20005,20005,0,0
3099,734.65,154,20005,20005,0,0
3100,734.6667,154,20005,20005,0,0
3101,734.6833,154,20005,20005,0,0
3102,734.7,154,20005,20005,0,0
3103,734.7167,154,19952,20005,53,-53
3104,734.7333,154,18447,20005,1558,-1505
3105,734.75,154,18447,20005,1558,0
3106,734.7667,154,18450,20005,1555,3
3107,734.7833,154,18453,20005,1552,3
3108,734.8,154,18453,20005,1552,0
3109,734.8167,154,19911,20005,94,1458
3110,734.8333,154,19914,20005,91,3
3111,734.85,154,19917,20005,88,3
3112,734.8667,154,19917,20005,88,0
3113,734.8833,154,19920,20005,85,3
3114,734.9,154,19953,20005,52,33
3115,734.9167,154,19953,20005,52,0
3116,734.9333,154,19956,20005,49,3
3117,734.95,154,19959,20005,46,3
3118,734.9667,154,19959,20005,46,0
3119,734.9833,154,19962,20005,43,3
3120,735.0,154,19953,20005,52,-9
3121,735.0167,154,19953,20005,52,0
3122,735.0333,154,19956,20005,49,3
3123,735.05,154,19959,20005,46,3
3124,735.0667,154,19959,20005,46,0
3125,735.0833,154,19962,20005,43,3
3126,735.1,154,20005,20005,0,43
3127,735.1167,154,20005,20005,0,0
3128,735.1333,154,19953,20005,52,-52
3129,735.15,154,19956,20005,49,3
3130,735.1667,154,19956,20005,49,0
3131,735.1833,154,19959,20005,46,3
3132,735.2,154,20005,20005,0,46
3133,735.2167,154,19953,20005,52,-52
3134,735.2333,154,19953,20005,52,0
3135,735.25,154,17828,20005,2177,-2125
3136,735.2667,154,17831,20005,2174,3
3137,735.2833,154,17831,20005,2174,0
3138,735.3,154,20005,20005,0,2174
3139,735.3167,154,19931,20005,74,-74
3140,735.3333,154,20005,20005,0,74
3141,735.35,154,20005,20005,0,0
3142,735.3667,154,20005,20005,0,0
3143,735.3833,154,20005,20005,0,0
3144,735.4,154,20005,20005,0,0
3145,735.4167,154,19931,20005,74,-74
3146,735.4333,154,19934,20005,71,3
3147,735.45,154,19934,20005,71,0
3148,735.4667,154,19937,20005,68,3
3149,735.4833,154,20005,20005,0,68
3150,735.5,154,20005,20005,0,0
3151,735.5167,154,20005,20005,0,0
3152,735.5333,154,19931,20005,74,-74
3153,735.55,154,19931,20005,74,0
3154,735.5667,154,19934,20005,71,3
3155,735.5833,154,19990,20005,15,56
3156,735.6,154,19990,20005,15,0
3157,735.6167,154,19993,20005,12,3
3158,735.6333,154,19922,20005,83,-71
3159,735.65,154,19922,20005,83,0
3160,735.6667,154,19925,20005,80,3
3161,735.6833,154,19990,20005,15,65
3162,735.7,154,19993,20005,12,3
3163,735.7167,154,19993,20005,12,0
3164,735.7333,154,19922,20005,83,-71
3165,735.75,154,19925,20005,80,3
3166,735.7667,154,19925,20005,80,0
3167,735.7833,154,19990,20005,15,65
3168,735.8,154,19993,20005,12,3
3169,735.8167,154,19943,20005,62,-50
3170,735.8333,154,19943,20005,62,0
3171,735.85,154,19946,20005,59,3
3172,735.8667,154,19990,20005,15,44
3173,735.8833,154,19990,20005,15,0
3174,735.9,154,19993,20005,12,3
3175,735.9167,154,19966,20005,39,-27
3176,735.9333,154,19969,20005,36,3
3177,735.95,154,19969,20005,36,0
3178,735.9667,154,20005,20005,0,36
3179,735.9833,154,19990,20005,15,-15
3180,736.0,154,19990,20005,15,0
3181,736.0167,154,19993,20005,12,3
3182,736.0333,154,19966,20005,39,-27
3183,736.05,154,20005,20005,0,39
3184,736.0667,154,20005,20005,0,0
3185,736.0833,154,19990,20005,15,-15
3186,736.1,154,19993,20005,12,3
3187,736.1167,154,19966,20005,39,-27
3188,736.1333,154,19966,20005,39,0
3189,736.15,154,20005,20005,0,39
3190,736.1667,154,19990,20005,15,-15
3191,736.1833,154,19993,20005,12,3
3192,736.2,154,19993,20005,12,0
3193,736.2167,154,19996,20005,9,3
3194,736.2333,154,19954,20005,51,-42
3195,736.25,154,20005,20005,0,51
3196,736.2667,154,19990,20005,15,-15
3197,736.2833,154,19990,20005,15,0
3198,736.3,154,19993,20005,12,3
3199,736.3167,154,19954,20005,51,-39
3200,736.3333,154,19954,20005,51,0
3201,736.35,154,19957,20005,48,3
3202,736.3667,154,19691,20005,314,-266
3203,736.3833,154,19691,20005,314,0
3204,736.4,154,19694,20005,311,3
3205,736.4167,154,20005,20005,0,311
3206,736.4333,154,19954,20005,51,-51
3207,736.45,154,19954,20005,51,0
3208,736.4667,154,19957,20005,48,3
3209,736.4833,154,19944,20005,61,-13
3210,736.5,154,20005,20005,0,61
3211,736.5167,154,20005,20005,0,0
3212,736.5333,154,19954,20005,51,-51
3213,736.55,154,19957,20005,48,3
3214,736.5667,154,19957,20005,48,0
3215,736.5833,154,19960,20005,45,3
3216,736.6,154,19990,20005,15,30
3217,736.6167,154,19990,20005,15,0
3218,736.6333,154,19941,20005,64,-49
3219,736.65,154,19944,20005,61,3
3220,736.6667,154,19947,20005,58,3
3221,736.6833,154,19947,20005,58,0
3222,736.7,154,19990,20005,15,43
3223,736.7167,154,19993,20005,12,3
3224,736.7333,154,19937,20005,68,-56
3225,736.75,154,19937,20005,68,0
3226,736.7667,154,19939,20005,66,2
3227,736.7833,154,20005,20005,0,66
3228,736.8,154,19990,20005,15,-15
3229,736.8167,154,19990,20005,15,0
3230,736.8333,154,19934,20005,71,-56
3231,736.85,154,19937,20005,68,3
3232,736.8667,154,19937,20005,68,0
3233,736.8833,154,20005,20005,0,68
3234,736.9,154,18235,20005,1770,-1770
3235,736.9167,154,18238,20005,1767,3
3236,736.9333,154,18238,20005,1767,0
3237,736.95,154,18182,20005,1823,-56
3238,736.9667,154,18822,20005,1183,640
3239,736.9833,154,18825,20005,1180,3
3240,737.0,154,18825,20005,1180,0
3241,737.0167,154,18813,20005,1192,-12
3242,737.0333,154,18757,20005,1248,-56
3243,737.05,154,19983,20005,22,1226
3244,737.0667,154,19983,20005,22,0
3245,737.0833,154,19986,20005,19,3
3246,737.1,154,19974,20005,31,-12
3247,737.1167,154,19974,20005,31,0
3248,737.1333,154,19977,20005,28,3
3249,737.15,154,19946,20005,59,-31
3250,737.1667,154,19949,20005,56,3
3251,737.1833,154,19949,20005,56,0
3252,737.2,154,19952,20005,53,3
3253,737.2167,154,19939,20005,66,-13
3254,737.2333,154,19946,20005,59,7
3255,737.25,154,19946,20005,59,0
3256,737.2667,154,19949,20005,56,3
3257,737.2833,154,18143,20005,1862,-1806
3258,737.3,154,18143,20005,1862,0
3259,737.3167,154,18130,20005,1875,-13
3260,737.3333,154,18992,20005,1013,862
3261,737.35,154,18910,20005,1095,-82
3262,737.3667,154,18910,20005,1095,0
3263,737.3833,154,20005,20005,0,1095
3264,737.4,154,20005,20005,0,0
3265,737.4167,154,20005,20005,0,0
3266,737.4333,154,19990,20005,15,-15
3267,737.45,154,19908,20005,97,-82
3268,737.4667,154,19908,20005,97,0
3269,737.4833,154,19911,20005,94,3
3270,737.5,154,19914,20005,91,3
3271,737.5167,154,19914,20005,91,0
3272,737.5333,154,19901,20005,104,-13
3273,737.55,154,20005,20005,0,104
3274,737.5667,154,20005,20005,0,0
3275,737.5833,154,20005,20005,0,0
3276,737.6,154,20005,20005,0,0
3277,737.6167,154,20005,20005,0,0
3278,737.6333,154,20005,20005,0,0
3279,737.65,154,20005,20005,0,0
3280,737.6667,154,19910,20005,95,-95
3281,737.6833,154,19913,20005,92,3
3282,737.7,154,19916,20005,89,3
3283,737.7167,154,19916,20005,89,0
3284,737.7333,154,19919,20005,86,3
3285,737.75,154,19827,20005,178,-92
3286,737.7667,154,19827,20005,178,0
3287,737.7833,154,15468,20005,4537,-4359
3288,737.8,154,15471,20005,4534,3
3289,737.8167,154,15474,20005,4531,3
3290,737.8333,154,15474,20005,4531,0
3291,737.85,154,15477,20005,4528,3
3292,737.8667,154,16304,20005,3701,827
3293,737.8833,154,16307,20005,3698,3
3294,737.9,154,16310,20005,3695,3
3295,737.9167,154,16310,20005,3695,0
3296,737.9333,154,16313,20005,3692,3
3297,737.95,154,18090,20005,1915,1777
3298,737.9667,154,18090,20005,1915,0
3299,737.9833,154,18093,20005,1912,3
3300,738.0,154,18096,20005,1909,3
3301,738.0167,154,18096,20005,1909,0
3302,738.0333,154,18099,20005,1906,3
3303,738.05,154,19656,20005,349,1557
3304,738.0667,154,19546,20005,459,-110
3305,738.0833,154,19549,20005,456,3
3306,738.1,154,19549,20005,456,0
3307,738.1167,154,19552,20005,453,3
3308,738.1333,154,20005,20005,0,453
3309,738.15,154,20005,20005,0,0
3310,738.1667,154,19908,20005,97,-97
3311,738.1833,154,19895,20005,110,-13
3312,738.2,154,19898,20005,107,3
3313,738.2167,154,19898,20005,107,0
3314,738.2333,154,20005,20005,0,107
3315,738.25,154,20005,20005,0,0
3316,738.2667,154,19899,20005,106,-106
3317,738.2833,154,19902,20005,103,3
3318,738.3,154,19902,20005,103,0
3319,738.3167,154,20005,20005,0,103
3320,738.3333,154,20005,20005,0,0
3321,738.35,154,19944,20005,61,-61
3322,738.3667,154,19944,20005,61,0
3323,738.3833,154,19932,20005,73,-12
3324,738.4,154,20005,20005,0,73
3325,738.4167,154,20005,20005,0,0
3326,738.4333,154,20005,20005,0,0
3327,738.45,154,20005,20005,0,0
3328,738.4667,154,19929,20005,76,-76
3329,738.4833,154,20005,20005,0,76
3330,738.5,154,20005,20005,0,0
3331,738.5167,154,20005,20005,0,0
3332,738.5333,154,20005,20005,0,0
3333,738.55,154,20005,20005,0,0
3334,738.5667,154,19919,20005,86,-86
3335,738.5833,154,19919,20005,86,0
3336,738.6,154,19921,20005,84,2
3337,738.6167,154,19924,20005,81,3
3338,738.6333,154,19927,20005,78,3
3339,738.65,154,19927,20005,78,0
3340,738.6667,154,19934,20005,71,7
3341,738.6833,154,19921,20005,84,-13
3342,738.7,154,19924,20005,81,3
3343,738.7167,154,19924,20005,81,0
3344,738.7333,154,19927,20005,78,3
3345,738.75,154,19929,20005,76,2
3346,738.7667,154,19919,20005,86,-10
3347,738.7833,154,19919,20005,86,0
3348,738.8,154,19921,20005,84,2
3349,738.8167,154,19700,20005,305,-221
3350,738.8333,154,19703,20005,302,3
3351,738.85,154,19703,20005,302,0
3352,738.8667,154,20005,20005,0,302
3353,738.8833,154,19919,20005,86,-86
3354,738.9,154,20005,20005,0,86
3355,738.9167,154,20005,20005,0,0
3356,738.9333,154,20000,20005,5,-5
3357,738.95,154,20005,20005,0,5
3358,738.9667,154,20005,20005,0,0
3359,738.9833,154,19934,20005,71,-71
3360,739.0,154,19921,20005,84,-13
3361,739.0167,154,19924,20005,81,3
3362,739.0333,154,19924,20005,81,0
3363,739.05,154,20000,20005,5,76
3364,739.0667,154,20003,20005,2,3
3365,739.0833,154,20003,20005,2,0
3366,739.1,154,19934,20005,71,-69
3367,739.1167,154,19922,20005,83,-12
3368,739.1333,154,20000,20005,5,78
3369,739.15,154,20000,20005,5,0
3370,739.1667,154,20003,20005,2,3
3371,739.1833,154,19934,20005,71,-69
3372,739.2,154,19934,20005,71,0
3373,739.2167,154,19922,20005,83,-12
3374,739.2333,154,20000,20005,5,78
3375,739.25,154,20000,20005,5,0
3376,739.2667,154,20003,20005,2,3
3377,739.2833,154,19934,20005,71,-69
3378,739.3,154,19934,20005,71,0
3379,739.3167,154,19937,20005,68,3
3380,739.3333,154,19990,20005,15,53
3381,739.35,154,20005,20005,0,15
3382,739.3667,154,20005,20005,0,0
3383,739.3833,154,16969,20005,3036,-3036
3384,739.4,154,16856,20005,3149,-113
3385,739.4167,154,16856,20005,3149,0
3386,739.4333,154,17513,20005,2492,657
3387,739.45,154,17511,20005,2494,-2
3388,739.4667,154,17511,20005,2494,0
3389,739.4833,154,18219,20005,1786,708
3390,739.5,154,18106,20005,1899,-113
3391,739.5167,154,18921,20005,1084,815
3392,739.5333,154,18921,20005,1084,0
3393,739.55,154,18919,20005,1086,-2
3394,739.5667,154,18922,20005,1083,3
3395,739.5833,154,18922,20005,1083,0
3396,739.6,154,18818,20005,1187,-104
3397,739.6167,154,19685,20005,320,867
3398,739.6333,154,19685,20005,320,0
3399,739.65,154,19673,20005,332,-12
3400,739.6667,154,19671,20005,334,-2
3401,739.6833,154,19671,20005,334,0
3402,739.7,154,19674,20005,331,3
3403,739.7167,154,19898,20005,107,224
3404,739.7333,154,19885,20005,120,-13
3405,739.75,154,19885,20005,120,0
3406,739.7667,154,19884,20005,121,-1
3407,739.7833,154,19887,20005,118,3
3408,739.8,154,19887,20005,118,0
3409,739.8167,154,19892,20005,113,5
3410,739.8333,154,19880,20005,125,-12
3411,739.85,154,19880,20005,125,0
3412,739.8667,154,19878,20005,127,-2
3413,739.8833,154,18971,20005,1034,-907
3414,739.9,154,18971,20005,1034,0
3415,739.9167,154,19717,20005,288,746
3416,739.9333,154,19704,20005,301,-13
3417,739.95,154,19703,20005,302,-1
3418,739.9667,154,19703,20005,302,0
3419,739.9833,154,19706,20005,299,3
3420,740.0,154,19930,20005,75,224
3421,740.0167,154,20005,20005,0,75
3422,740.0333,154,20005,20005,0,0
3423,740.05,154,20005,20005,0,0
3424,740.0667,154,20005,20005,0,0
3425,740.0833,154,19977,20005,28,-28
3426,740.1,154,20005,20005,0,28
3427,740.1167,154,19930,20005,75,-75
3428,740.1333,154,19930,20005,75,0
3429,740.15,154,19918,20005,87,-12
3430,740.1667,154,19916,20005,89,-2
3431,740.1833,154,19916,20005,89,0
3432,740.2,154,19982,20005,23,66
3433,740.2167,154,19910,20005,95,-72
3434,740.2333,154,19898,20005,107,-12
3435,740.25,154,19898,20005,107,0
3436,740.2667,154,19896,20005,109,-2
3437,740.2833,154,19982,20005,23,86
3438,740.3,154,19982,20005,23,0
3439,740.3167,154,19910,20005,95,-72
3440,740.3333,154,19898,20005,107,-12
3441,740.35,154,19898,20005,107,0
3442,740.3667,154,16441,20005,3564,-3457
3443,740.3833,154,17422,20005,2583,981
3444,740.4,154,17351,20005,2654,-71
3445,740.4167,154,17354,20005,2651,3
3446,740.4333,154,17354,20005,2651,0
3447,740.45,154,17342,20005,2663,-12
3448,740.4667,154,17867,20005,2138,525
3449,740.4833,154,17867,20005,2138,0
3450,740.5,154,17846,20005,2159,-21
3451,740.5167,154,17775,20005,2230,-71
3452,740.5333,154,17762,20005,2243,-13
3453,740.55,154,17762,20005,2243,0
3454,740.5667,154,18029,20005,1976,267
3455,740.5833,154,18008,20005,1997,-21
3456,740.6,154,17937,20005,2068,-71
3457,740.6167,154,17937,20005,2068,0
3458,740.6333,154,17939,20005,2066,2
3459,740.65,154,18404,20005,1601,465
3460,740.6667,154,17300,20005,2705,-1104
3461,740.6833,154,17300,20005,2705,0
3462,740.7,154,17251,20005,2754,-49
3463,740.7167,154,17179,20005,2826,-72
3464,740.7333,154,17167,20005,2838,-12
3465,740.75,154,17167,20005,2838,0
3466,740.7667,154,17165,20005,2840,-2
3467,740.7833,154,17115,20005,2890,-50
3468,740.8,154,14907,20005,5098,-2208
3469,740.8167,154,14910,20005,5095,3
3470,740.8333,154,14910,20005,5095,0
3471,740.85,154,14898,20005,5107,-12
3472,740.8667,154,14896,20005,5109,-2
3473,740.8833,154,14846,20005,5159,-50
3474,740.9,154,14846,20005,5159,0
3475,740.9167,154,14774,20005,5231,-72
3476,740.9333,154,14762,20005,5243,-12
3477,740.95,154,14765,20005,5240,3
3478,740.9667,154,14762,20005,5243,-3
3479,740.9833,154,14713,20005,5292,-49
3480,741.0,154,14713,20005,5292,0
3481,741.0167,154,14641,20005,5364,-72
3482,741.0333,154,14628,20005,5377,-13
3483,741.05,154,14626,20005,5379,-2
3484,741.0667,154,14626,20005,5379,0
3485,741.0833,154,14577,20005,5428,-49
3486,741.1,154,14579,20005,5426,2
3487,741.1167,154,14507,20005,5498,-72
3488,741.1333,154,14507,20005,5498,0
3489,741.15,154,14510,20005,5495,3
3490,741.1667,154,14508,20005,5497,-2
3491,741.1833,154,14458,20005,5547,-50
3492,741.2,154,14386,20005,5619,-72
3493,741.2167,154,14389,20005,5616,3
3494,741.2333,154,14389,20005,5616,0
3495,741.25,154,14392,20005,5613,3
3496,741.2667,154,14390,20005,5615,-2
3497,741.2833,154,14340,20005,5665,-50
3498,741.3,154,14268,20005,5737,-72
3499,741.3167,154,14270,20005,5735,2
3500,741.3333,154,14270,20005,5735,0
3501,741.35,154,14273,20005,5732,3
3502,741.3667,154,14271,20005,5734,-2
3503,741.3833,154,14221,20005,5784,-50
3504,741.4,154,14149,20005,5856,-72
3505,741.4167,154,14151,20005,5854,2
3506,741.4333,154,14154,20005,5851,3
3507,741.45,154,14151,20005,5854,-3
3508,741.4667,154,14151,20005,5854,0
3509,741.4833,154,14102,20005,5903,-49
3510,741.5,154,14104,20005,5901,2
3511,741.5167,154,14032,20005,5973,-72
3512,741.5333,154,14034,20005,5971,2
3513,741.55,154,18690,20005,1315,4656
3514,741.5667,154,18640,20005,1365,-50
3515,741.5833,154,18640,20005,1365,0
3516,741.6,154,18643,20005,1362,3
3517,741.6167,154,19026,20005,979,383
3518,741.6333,154,19029,20005,976,3
3519,741.65,154,19031,20005,974,2
3520,741.6667,154,19029,20005,976,-2
3521,741.6833,154,19029,20005,976,0
3522,741.7,154,18979,20005,1026,-50
3523,741.7167,154,19616,20005,389,637
3524,741.7333,154,19619,20005,386,3
3525,741.75,154,19621,20005,384,2
3526,741.7667,154,19619,20005,386,-2
3527,741.7833,154,19569,20005,436,-50
3528,741.8,154,19885,20005,120,316
3529,741.8167,154,19887,20005,118,2
3530,741.8333,154,19890,20005,115,3
3531,741.85,154,19887,20005,118,-3
3532,741.8667,154,19887,20005,118,0
3533,741.8833,154,19837,20005,168,-50
3534,741.9,154,20005,20005,0,168
3535,741.9167,154,19930,20005,75,-75
3536,741.9333,154,19933,20005,72,3
3537,741.95,154,19935,20005,70,2
3538,741.9667,154,19937,20005,68,2
3539,741.9833,154,19953,20005,52,16
3540,742.0,154,19880,20005,125,-73
3541,742.0167,154,19883,20005,122,3
3542,742.0333,154,19885,20005,120,2
3543,742.05,154,19887,20005,118,2
3544,742.0667,154,19887,20005,118,0
3545,742.0833,154,20005,20005,0,118
3546,742.1,154,19953,20005,52,-52
3547,742.1167,154,19882,20005,123,-71
3548,742.1333,154,19882,20005,123,0
3549,742.15,154,19885,20005,120,3
3550,742.1667,154,20005,20005,0,120
3551,742.1833,154,19953,20005,52,-52
3552,742.2,154,19955,20005,50,2
3553,742.2167,154,19882,20005,123,-73
3554,742.2333,154,19885,20005,120,3
3555,742.25,154,20005,20005,0,120
3556,742.2667,154,20005,20005,0,0
3557,742.2833,154,19953,20005,52,-52
3558,742.3,154,19955,20005,50,2
3559,742.3167,154,19882,20005,123,-73
3560,742.3333,154,20005,20005,0,123
3561,742.35,154,17155,20005,2850,-2850
3562,742.3667,154,17157,20005,2848,2
3563,742.3833,154,17107,20005,2898,-50
3564,742.4,154,17109,20005,2896,2
3565,742.4167,154,17081,20005,2924,-28
3566,742.4333,154,17423,20005,2582,342
3567,742.45,154,17425,20005,2580,2
3568,742.4667,154,17411,20005,2594,-14
3569,742.4833,154,17413,20005,2592,2
3570,742.5,154,17362,20005,2643,-51
3571,742.5167,154,17335,20005,2670,-27
3572,742.5333,154,17626,20005,2379,291
3573,742.55,154,17628,20005,2377,2
3574,742.5667,154,17614,20005,2391,-14
3575,742.5833,154,17616,20005,2389,2
3576,742.6,154,17566,20005,2439,-50
3577,742.6167,154,17568,20005,2437,2
3578,742.6333,154,18200,20005,1805,632
3579,742.65,154,18202,20005,1803,2
3580,742.6667,154,18188,20005,1817,-14
3581,742.6833,154,18190,20005,1815,2
3582,742.7,154,18140,20005,1865,-50
3583,742.7167,154,18142,20005,1863,2
3584,742.7333,154,18373,20005,1632,231
3585,742.75,154,18375,20005,1630,2
3586,742.7667,154,18361,20005,1644,-14
3587,742.7833,154,18363,20005,1642,2
3588,742.8,154,18312,20005,1693,-51
3589,742.8167,154,18315,20005,1690,3
3590,742.8333,154,18730,20005,1275,415
3591,742.85,154,18732,20005,1273,2
3592,742.8667,154,18734,20005,1271,2
3593,742.8833,154,18720,20005,1285,-14
3594,742.9,154,18669,20005,1336,-51
3595,742.9167,154,18672,20005,1333,3
3596,742.9333,154,19367,20005,638,695
3597,742.95,154,19369,20005,636,2
3598,742.9667,154,19371,20005,634,2
3599,742.9833,154,19357,20005,648,-14
3600,743.0,154,19307,20005,698,-50
3601,743.0167,154,19827,20005,178,520
3602,743.0333,154,19799,20005,206,-28
3603,743.05,154,19801,20005,204,2
3604,743.0667,154,19803,20005,202,2
3605,743.0833,154,19789,20005,216,-14
3606,743.1,154,19791,20005,214,2
3607,743.1167,154,19953,20005,52,162
3608,743.1333,154,19925,20005,80,-28
3609,743.15,154,19927,20005,78,2
3610,743.1667,154,19929,20005,76,2
3611,743.1833,154,19914,20005,91,-15
3612,743.2,154,19917,20005,88,3
3613,743.2167,154,19953,20005,52,36
3614,743.2333,154,19925,20005,80,-28
3615,743.25,154,19927,20005,78,2
3616,743.2667,154,19929,20005,76,2
3617,743.2833,154,19914,20005,91,-15
3618,743.3,154,19917,20005,88,3
3619,743.3167,154,19953,20005,52,36
3620,743.3333,154,19955,20005,50,2
3621,743.35,154,19927,20005,78,-28
3622,743.3667,154,19929,20005,76,2
3623,743.3833,154,18473,20005,1532,-1456
3624,743.4,154,18475,20005,1530,2
3625,743.4167,154,18477,20005,1528,2
3626,743.4333,154,18479,20005,1526,2
3627,743.45,154,18452,20005,1553,-27
3628,743.4667,154,18454,20005,1551,2
3629,743.4833,154,18439,20005,1566,-15
3630,743.5,154,18441,20005,1564,2
3631,743.5167,154,18444,20005,1561,3
3632,743.5333,154,18446,20005,1559,2
3633,743.55,154,18418,20005,1587,-28
3634,743.5667,154,18420,20005,1585,2
3635,743.5833,154,18422,20005,1583,2
3636,743.6,154,18407,20005,1598,-15
3637,743.6167,154,18409,20005,1596,2
3638,743.6333,154,18411,20005,1594,2
3639,743.65,154,18383,20005,1622,-28
3640,743.6667,154,18383,20005,1622,0
3641,743.6833,154,18383,20005,1622,0
3642,743.7,154,18383,20005,1622,0
3643,743.7167,154,18385,20005,1620,2
3644,743.7333,154,18385,20005,1620,0
3645,743.75,154,18387,20005,1618,2
3646,743.7667,154,18373,20005,1632,-14
3647,743.7833,154,18376,20005,1629,3
3648,743.8,154,18376,20005,1629,0
3649,743.8167,154,18349,20005,1656,-27
3650,743.8333,154,18352,20005,1653,3
3651,743.85,154,18338,20005,1667,-14
3652,743.8667,154,18342,20005,1663,4
3653,743.8833,154,18301,20005,1704,-41
3654,743.9,154,18304,20005,1701,3
3655,743.9167,154,18291,20005,1714,-13
3656,743.9333,154,18294,20005,1711,3
3657,743.95,154,18298,20005,1707,4
3658,743.9667,154,18256,20005,1749,-42
3659,743.9833,154,18259,20005,1746,3
3660,744.0,155,18244,20005,1761,-15
3661,744.0167,155,18247,20005,1758,3
3662,744.0333,155,18249,20005,1756,2
3663,744.05,155,18207,20005,1798,-42
3664,744.0667,155,18209,20005,1796,2
3665,744.0833,155,18209,20005,1796,0
3666,744.1,155,18212,20005,1793,3
3667,744.1167,155,18197,20005,1808,-15
3668,744.1333,155,18199,20005,1806,2
3669,744.15,155,18202,20005,1803,3
3670,744.1667,155,18160,20005,1845,-42
3671,744.1833,155,18162,20005,1843,2
3672,744.2,155,18164,20005,1841,2
3673,744.2167,155,18150,20005,1855,-14
3674,744.2333,155,18152,20005,1853,2
3675,744.25,155,18154,20005,1851,2
3676,744.2667,155,18113,20005,1892,-41
3677,744.2833,155,18115,20005,1890,2
3678,744.3,155,18117,20005,1888,2
3679,744.3167,155,18103,20005,1902,-14
3680,744.3333,155,18105,20005,1900,2
3681,744.35,155,18107,20005,1898,2
3682,744.3667,155,18066,20005,1939,-41
3683,744.3833,155,18068,20005,1937,2
3684,744.4,155,18070,20005,1935,2
3685,744.4167,155,18055,20005,1950,-15
3686,744.4333,155,18058,20005,1947,3
3687,744.45,155,18060,20005,1945,2
3688,744.4667,155,18018,20005,1987,-42
3689,744.4833,155,18021,20005,1984,3
3690,744.5,155,18023,20005,1982,2
3691,744.5167,155,18023,20005,1982,0
3692,744.5333,155,18008,20005,1997,-15
3693,744.55,155,18010,20005,1995,2
3694,744.5667,155,18013,20005,1992,3
3695,744.5833,155,17971,20005,2034,-42
3696,744.6,155,17973,20005,2032,2
3697,744.6167,155,17959,20005,2046,-14
3698,744.6333,155,17961,20005,2044,2
3699,744.65,155,17963,20005,2042,2
3700,744.6667,155,17966,20005,2039,3
3701,744.6833,155,17924,20005,2081,-42
3702,744.7,155,17926,20005,2079,2
3703,744.7167,155,17912,20005,2093,-14
3704,744.7333,155,17914,20005,2091,2
3705,744.75,155,17917,20005,2088,3
3706,744.7667,155,17875,20005,2130,-42
3707,744.7833,155,17877,20005,2128,2
3708,744.8,155,17879,20005,2126,2
3709,744.8167,155,17865,20005,2140,-14
3710,744.8333,155,17867,20005,2138,2
3711,744.85,155,17869,20005,2136,2
3712,744.8667,155,17872,20005,2133,3
3713,744.8833,155,17874,20005,2131,2
3714,744.9,155,17876,20005,2129,2
3715,744.9167,155,17862,20005,2143,-14
3716,744.9333,155,17864,20005,2141,2
3717,744.95,155,17866,20005,2139,2
3718,744.9667,155,17866,20005,2139,0
3719,744.9833,155,17868,20005,2137,2
3720,745.0,155,17873,20005,2132,5
3721,745.0167,155,17873,20005,2132,0
3722,745.0333,155,17858,20005,2147,-15
3723,745.05,155,17860,20005,2145,2
3724,745.0667,155,17862,20005,2143,2
3725,745.0833,155,17864,20005,2141,2
3726,745.1,155,17866,20005,2139,2
3727,745.1167,155,17868,20005,2137,2
3728,745.1333,155,17854,20005,2151,-14
3729,745.15,155,17856,20005,2149,2
3730,745.1667,155,17858,20005,2147,2
3731,745.1833,155,17860,20005,2145,2
3732,745.2,155,17863,20005,2142,3
3733,745.2167,155,17865,20005,2140,2
3734,745.2333,155,17850,20005,2155,-15
3735,745.25,155,17853,20005,2152,3
3736,745.2667,155,17855,20005,2150,2
3737,745.2833,155,17857,20005,2148,2
3738,745.3,155,17860,20005,2145,3
3739,745.3167,155,17862,20005,2143,2
3740,745.3333,155,17847,20005,2158,-15
3741,745.35,155,17850,20005,2155,3
3742,745.3667,155,17852,20005,2153,2
3743,745.3833,155,17854,20005,2151,2
3744,745.4,155,17856,20005,2149,2
3745,745.4167,155,17858,20005,2147,2
3746,745.4333,155,17844,20005,2161,-14
3747,745.45,155,17846,20005,2159,2
3748,745.4667,155,17848,20005,2157,2
3749,745.4833,155,17848,20005,2157,0
3750,745.5,155,17850,20005,2155,2
3751,745.5167,155,17852,20005,2153,2
3752,745.5333,155,17854,20005,2151,2
3753,745.55,155,17839,20005,2166,-15
3754,745.5667,155,17842,20005,2163,3
3755,745.5833,155,17844,20005,2161,2
3756,745.6,155,17846,20005,2159,2
3757,745.6167,155,17848,20005,2157,2
3758,745.6333,155,17850,20005,2155,2
3759,745.65,155,17836,20005,2169,-14
3760,745.6667,155,17838,20005,2167,2
3761,745.6833,155,17840,20005,2165,2
3762,745.7,155,17843,20005,2162,3
3763,745.7167,155,17845,20005,2160,2
3764,745.7333,155,17847,20005,2158,2
3765,745.75,155,17833,20005,2172,-14
3766,745.7667,155,17835,20005,2170,2
3767,745.7833,155,17837,20005,2168,2
3768,745.8,155,17839,20005,2166,2
3769,745.8167,155,17841,20005,2164,2
3770,745.8333,155,17827,20005,2178,-14
3771,745.85,155,17829,20005,2176,2
3772,745.8667,155,17831,20005,2174,2
3773,745.8833,155,17834,20005,2171,3
3774,745.9,155,17836,20005,2169,2
3775,745.9167,155,17838,20005,2167,2
3776,745.9333,155,17824,20005,2181,-14
3777,745.95,155,17824,20005,2181,0
3778,745.9667,155,17826,20005,2179,2
3779,745.9833,155,17828,20005,2177,2
3780,746.0,155,17830,20005,2175,2
3781,746.0167,155,17832,20005,2173,2
3782,746.0333,155,17835,20005,2170,3
3783,746.05,155,17822,20005,2183,-13
3784,746.0667,155,17822,20005,2183,0
3785,746.0833,155,17824,20005,2181,2
3786,746.1,155,17827,20005,2178,3
3787,746.1167,155,17829,20005,2176,2
3788,746.1333,155,17831,20005,2174,2
3789,746.15,155,17817,20005,2188,-14
3790,746.1667,155,17819,20005,2186,2
3791,746.1833,155,17821,20005,2184,2
3792,746.2,155,17823,20005,2182,2
3793,746.2167,155,17825,20005,2180,2
3794,746.2333,155,17828,20005,2177,3
3795,746.25,155,17813,20005,2192,-15
3796,746.2667,155,17813,20005,2192,0
3797,746.2833,155,17815,20005,2190,2
3798,746.3,155,17817,20005,2188,2
3799,746.3167,155,17820,20005,2185,3
3800,746.3333,155,17822,20005,2183,2
3801,746.35,155,17824,20005,2181,2
3802,746.3667,155,17810,20005,2195,-14
3803,746.3833,155,17812,20005,2193,2
3804,746.4,155,17815,20005,2190,3
3805,746.4167,155,17817,20005,2188,2
3806,746.4333,155,17819,20005,2186,2
3807,746.45,155,17805,20005,2200,-14
3808,746.4667,155,17807,20005,2198,2
3809,746.4833,155,17807,20005,2198,0
3810,746.5,155,17810,20005,2195,3
3811,746.5167,155,17812,20005,2193,2
3812,746.5333,155,17814,20005,2191,2
3813,746.55,155,17817,20005,2188,3
3814,746.5667,155,17802,20005,2203,-15
3815,746.5833,155,17805,20005,2200,3
3816,746.6,155,17807,20005,2198,2
3817,746.6167,155,17809,20005,2196,2
3818,746.6333,155,17809,20005,2196,0
3819,746.65,155,17812,20005,2193,3
3820,746.6667,155,17797,20005,2208,-15
3821,746.6833,155,17800,20005,2205,3
3822,746.7,155,17802,20005,2203,2
3823,746.7167,155,17804,20005,2201,2
3824,746.7333,155,17807,20005,2198,3
3825,746.75,155,17809,20005,2196,2
3826,746.7667,155,17795,20005,2210,-14
3827,746.7833,155,17797,20005,2208,2
3828,746.8,155,17799,20005,2206,2
3829,746.8167,155,17799,20005,2206,0
3830,746.8333,155,17802,20005,2203,3
3831,746.85,155,17804,20005,2201,2
3832,746.8667,155,17790,20005,2215,-14
3833,746.8833,155,17792,20005,2213,2
3834,746.9,155,17794,20005,2211,2
3835,746.9167,155,17797,20005,2208,3
3836,746.9333,155,17799,20005,2206,2
3837,746.95,155,17799,20005,2206,0
3838,746.9667,155,17801,20005,2204,2
3839,746.9833,155,17787,20005,2218,-14
3840,747.0,155,17790,20005,2215,3
3841,747.0167,155,17792,20005,2213,2
3842,747.0333,155,17795,20005,2210,3
3843,747.05,155,17795,20005,2210,0
3844,747.0667,155,17797,20005,2208,2
3845,747.0833,155,17783,20005,2222,-14
3846,747.1,155,17785,20005,2220,2
3847,747.1167,155,17788,20005,2217,3
3848,747.1333,155,17790,20005,2215,2
3849,747.15,155,17793,20005,2212,3
3850,747.1667,155,17793,20005,2212,0
3851,747.1833,155,17779,20005,2226,-14
3852,747.2,155,17781,20005,2224,2
3853,747.2167,155,17783,20005,2222,2
3854,747.2333,155,17786,20005,2219,3
3855,747.25,155,17788,20005,2217,2
3856,747.2667,155,17791,20005,2214,3
3857,747.2833,155,17791,20005,2214,0
3858,747.3,155,17777,20005,2228,-14
3859,747.3167,155,17779,20005,2226,2
3860,747.3333,155,17782,20005,2223,3
3861,747.35,155,17784,20005,2221,2
3862,747.3667,155,17786,20005,2219,2
3863,747.3833,155,17772,20005,2233,-14
3864,747.4,155,17775,20005,2230,3
3865,747.4167,155,17777,20005,2228,2
3866,747.4333,155,17777,20005,2228,0
3867,747.45,155,17780,20005,2225,3
3868,747.4667,155,17782,20005,2223,2
3869,747.4833,155,17768,20005,2237,-14
3870,747.5,155,17770,20005,2235,2
3871,747.5167,155,17772,20005,2233,2
3872,747.5333,155,17775,20005,2230,3
3873,747.55,155,17777,20005,2228,2
3874,747.5667,155,17779,20005,2226,2
3875,747.5833,155,17782,20005,2223,3
3876,747.6,155,17784,20005,2221,2
3877,747.6167,155,17784,20005,2221,0
3878,747.6333,155,17786,20005,2219,2
3879,747.65,155,17789,20005,2216,3
3880,747.6667,155,17791,20005,2214,2
3881,747.6833,155,17793,20005,2212,2
3882,747.7,155,17795,20005,2210,2
3883,747.7167,155,17798,20005,2207,3
3884,747.7333,155,17798,20005,2207,0
3885,747.75,155,17800,20005,2205,2
3886,747.7667,155,17802,20005,2203,2
3887,747.7833,155,17805,20005,2200,3
3888,747.8,155,17807,20005,2198,2
3889,747.8167,155,17810,20005,2195,3
3890,747.8333,155,17812,20005,2193,2
3891,747.85,155,17812,20005,2193,0
3892,747.8667,155,17815,20005,2190,3
3893,747.8833,155,17817,20005,2188,2
3894,747.9,155,17820,20005,2185,3
3895,747.9167,155,17822,20005,2183,2
3896,747.9333,155,17824,20005,2181,2
3897,747.95,155,17824,20005,2181,0
3898,747.9667,155,17827,20005,2178,3
3899,747.9833,155,17829,20005,2176,2
3900,748.0,155,17832,20005,2173,3
3901,748.0167,155,17834,20005,2171,2
3902,748.0333,155,17837,20005,2168,3
3903,748.05,155,17839,20005,2166,2
3904,748.0667,155,17842,20005,2163,3
3905,748.0833,155,17844,20005,2161,2
3906,748.1,155,17844,20005,2161,0
3907,748.1167,155,17847,20005,2158,3
3908,748.1333,155,17849,20005,2156,2
3909,748.15,155,17852,20005,2153,3
3910,748.1667,155,17854,20005,2151,2
3911,748.1833,155,17856,20005,2149,2
3912,748.2,155,17859,20005,2146,3
3913,748.2167,155,17859,20005,2146,0
3914,748.2333,155,17861,20005,2144,2
3915,748.25,155,17864,20005,2141,3
3916,748.2667,155,17866,20005,2139,2
3917,748.2833,155,17869,20005,2136,3
3918,748.3,155,17871,20005,2134,2
3919,748.3167,155,17874,20005,2131,3
3920,748.3333,155,17874,20005,2131,0
3921,748.35,155,17876,20005,2129,2
3922,748.3667,155,17879,20005,2126,3
3923,748.3833,155,17881,20005,2124,2
3924,748.4,155,20005,20005,0,2124
3925,748.4167,155,20005,20005,0,0
3926,748.4333,155,20005,20005,0,0
3927,748.45,155,20005,20005,0,0
3928,748.4667,155,20005,20005,0,0
3929,748.4833,155,20005,20005,0,0
3930,748.5,155,20005,20005,0,0
3931,748.5167,155,20005,20005,0,0
3932,748.5333,155,20005,20005,0,0
3933,748.55,155,20005,20005,0,0
3934,748.5667,155,20005,20005,0,0
3935,748.5833,155,20005,20005,0,0
3936,748.6,155,20005,20005,0,0
3937,748.6167,155,20005,20005,0,0
3938,748.6333,155,20005,20005,0,0
3939,748.65,155,20005,20005,0,0
3940,748.6667,155,20005,20005,0,0
3941,748.6833,155,20005,20005,0,0
3942,748.7,155,20005,20005,0,0
3943,748.7167,155,20005,20005,0,0
3944,748.7333,155,20005,20005,0,0
3945,748.75,155,20005,20005,0,0
3946,748.7667,155,20005,20005,0,0
3947,748.7833,155,20005,20005,0,0
3948,748.8,155,20005,20005,0,0
3949,748.8167,155,20005,20005,0,0
3950,748.8333,155,20005,20005,0,0
3951,748.85,155,20005,20005,0,0
3952,748.8667,155,20005,20005,0,0
3953,748.8833,155,20005,20005,0,0
3954,748.9,155,20005,20005,0,0
3955,748.9167,155,20005,20005,0,0
3956,748.9333,155,20005,20005,0,0
3957,748.95,155,19797,20005,208,-208
3958,748.9667,155,19800,20005,205,3
3959,748.9833,155,19803,20005,202,3
3960,749.0,155,19803,20005,202,0
3961,749.0167,155,19805,20005,200,2
3962,749.0333,155,20005,20005,0,200
3963,749.05,155,20005,20005,0,0
3964,749.0667,155,20005,20005,0,0
3965,749.0833,155,20005,20005,0,0
3966,749.1,155,20005,20005,0,0
3967,749.1167,155,20005,20005,0,0
3968,749.1333,155,20005,20005,0,0
3969,749.15,155,20005,20005,0,0
3970,749.1667,155,20005,20005,0,0
3971,749.1833,155,20005,20005,0,0
3972,749.2,155,20005,20005,0,0
3973,749.2167,155,20005,20005,0,0
3974,749.2333,155,20005,20005,0,0
3975,749.25,155,20005,20005,0,0
3976,749.2667,155,20005,20005,0,0
3977,749.2833,155,20005,20005,0,0
3978,749.3,155,20005,20005,0,0
3979,749.3167,155,20005,20005,0,0
3980,749.3333,155,20005,20005,0,0
3981,749.35,155,20005,20005,0,0
3982,749.3667,155,20005,20005,0,0
3983,749.3833,155,20005,20005,0,0
3984,749.4,155,20005,20005,0,0
3985,749.4167,155,20005,20005,0,0
3986,749.4333,155,20005,20005,0,0
3987,749.45,155,20005,20005,0,0
3988,749.4667,155,20005,20005,0,0
3989,749.4833,155,19339,20005,666,-666
3990,749.5,155,19339,20005,666,0
3991,749.5167,155,19995,20005,10,656
3992,749.5333,155,19976,20005,29,-19
3993,749.55,155,19978,20005,27,2
3994,749.5667,155,19978,20005,27,0
3995,749.5833,155,19981,20005,24,3
3996,749.6,155,20005,20005,0,24
3997,749.6167,155,20005,20005,0,0
3998,749.6333,155,19627,20005,378,-378
3999,749.65,155,19618,20005,387,-9
4000,749.6667,155,19618,20005,387,0
4001,749.6833,155,19621,20005,384,3
4002,749.7,155,20005,20005,0,384
4003,749.7167,155,19986,20005,19,-19
4004,749.7333,155,19986,20005,19,0
4005,749.75,155,19956,20005,49,-30
4006,749.7667,155,19959,20005,46,3
4007,749.7833,155,19959,20005,46,0
4008,749.8,155,20005,20005,0,46
4009,749.8167,155,19986,20005,19,-19
4010,749.8333,155,19956,20005,49,-30
4011,749.85,155,19956,20005,49,0
4012,749.8667,155,19959,20005,46,3
4013,749.8833,155,20005,20005,0,46
4014,749.9,155,20005,20005,0,0
4015,749.9167,155,20005,20005,0,0
4016,749.9333,155,19976,20005,29,-29
4017,749.95,155,19976,20005,29,0
4018,749.9667,155,19956,20005,49,-20
4019,749.9833,155,20005,20005,0,49
4020,750.0,155,20005,20005,0,0
4021,750.0167,155,20005,20005,0,0
4022,750.0333,155,19986,20005,19,-19
4023,750.05,155,19956,20005,49,-30
4024,750.0667,155,20005,20005,0,49
4025,750.0833,155,20005,20005,0,0
4026,750.1,155,20005,20005,0,0
4027,750.1167,155,19986,20005,19,-19
4028,750.1333,155,19986,20005,19,0
4029,750.15,155,19956,20005,49,-30
4030,750.1667,155,19959,20005,46,3
4031,750.1833,155,19959,20005,46,0
4032,750.2,155,19962,20005,43,3
4033,750.2167,155,19965,20005,40,3
4034,750.2333,155,19965,20005,40,0
4035,750.25,155,19939,20005,66,-26
4036,750.2667,155,17255,20005,2750,-2684
4037,750.2833,155,17255,20005,2750,0
4038,750.3,155,17258,20005,2747,3
4039,750.3167,155,17261,20005,2744,3
4040,750.3333,155,17261,20005,2744,0
4041,750.35,155,17245,20005,2760,-16
4042,750.3667,155,17216,20005,2789,-29
4043,750.3833,155,17216,20005,2789,0
4044,750.4,155,17219,20005,2786,3
4045,750.4167,155,17219,20005,2786,0
4046,750.4333,155,17222,20005,2783,3
4047,750.45,155,17207,20005,2798,-15
4048,750.4667,155,17207,20005,2798,0
4049,750.4833,155,17177,20005,2828,-30
4050,750.5,155,17181,20005,2824,4
4051,750.5167,155,17181,20005,2824,0
4052,750.5333,155,17184,20005,2821,3
4053,750.55,155,17158,20005,2847,-26
4054,750.5667,155,17139,20005,2866,-19
4055,750.5833,155,17139,20005,2866,0
4056,750.6,155,17142,20005,2863,3
4057,750.6167,155,17145,20005,2860,3
4058,750.6333,155,17145,20005,2860,0
4059,750.65,155,17130,20005,2875,-15
4060,750.6667,155,17100,20005,2905,-30
4061,750.6833,155,17100,20005,2905,0
4062,750.7,155,17103,20005,2902,3
4063,750.7167,155,17106,20005,2899,3
4064,750.7333,155,17100,20005,2905,-6
4065,750.75,155,17100,20005,2905,0
4066,750.7667,155,17081,20005,2924,-19
4067,750.7833,155,15434,20005,4571,-1647
4068,750.8,155,15434,20005,4571,0
4069,750.8167,155,15437,20005,4568,3
4070,750.8333,155,15431,20005,4574,-6
4071,750.85,155,15431,20005,4574,0
4072,750.8667,155,15412,20005,4593,-19
4073,750.8833,155,15415,20005,4590,3
4074,750.9,155,15348,20005,4657,-67
4075,750.9167,155,15348,20005,4657,0
4076,750.9333,155,15351,20005,4654,3
4077,750.95,155,15345,20005,4660,-6
4078,750.9667,155,15345,20005,4660,0
4079,750.9833,155,15325,20005,4680,-20
4080,751.0,155,15258,20005,4747,-67
4081,751.0167,155,15258,20005,4747,0
4082,751.0333,155,15261,20005,4744,3
4083,751.05,155,15261,20005,4744,0
4084,751.0667,155,15255,20005,4750,-6
4085,751.0833,155,15235,20005,4770,-20
4086,751.1,155,15168,20005,4837,-67
4087,751.1167,155,15168,20005,4837,0
4088,751.1333,155,15172,20005,4833,4
4089,751.15,155,15172,20005,4833,0
4090,751.1667,155,15166,20005,4839,-6
4091,751.1833,155,17393,20005,2612,2227
4092,751.2,155,17393,20005,2612,0
4093,751.2167,155,17326,20005,2679,-67
4094,751.2333,155,17326,20005,2679,0
4095,751.25,155,20005,20005,0,2679
4096,751.2667,155,19996,20005,9,-9
4097,751.2833,155,19996,20005,9,0
4098,751.3,155,19995,20005,10,-1
4099,751.3167,155,19928,20005,77,-67
4100,751.3333,155,19928,20005,77,0
4101,751.35,155,19932,20005,73,4
4102,751.3667,155,19932,20005,73,0
4103,751.3833,155,19926,20005,79,-6
4104,751.4,155,19926,20005,79,0
4105,751.4167,155,19995,20005,10,69
4106,751.4333,155,19928,20005,77,-67
4107,751.45,155,19928,20005,77,0
4108,751.4667,155,19932,20005,73,4
4109,751.4833,155,19932,20005,73,0
4110,751.5,155,20005,20005,0,73
4111,751.5167,155,20005,20005,0,0
4112,751.5333,155,20005,20005,0,0
4113,751.55,155,19935,20005,70,-70
4114,751.5667,155,19929,20005,76,-6
4115,751.5833,155,19929,20005,76,0
4116,751.6,155,19904,20005,101,-25
4117,751.6167,155,19904,20005,101,0
4118,751.6333,155,19935,20005,70,31
4119,751.65,155,19938,20005,67,3
4120,751.6667,155,19938,20005,67,0
4121,751.6833,155,19933,20005,72,-5
4122,751.7,155,19933,20005,72,0
4123,751.7167,155,19908,20005,97,-25
4124,751.7333,155,19749,20005,256,-159
4125,751.75,155,19749,20005,256,0
4126,751.7667,155,19753,20005,252,4
4127,751.7833,155,19753,20005,252,0
4128,751.8,155,19756,20005,249,3
4129,751.8167,155,19741,20005,264,-15
4130,751.8333,155,19741,20005,264,0
4131,751.85,155,19925,20005,80,184
4132,751.8667,155,19928,20005,77,3
4133,751.8833,155,19928,20005,77,0
4134,751.9,155,19913,20005,92,-15
4135,751.9167,155,19917,20005,88,4
4136,751.9333,155,19917,20005,88,0
4137,751.95,155,19925,20005,80,8
4138,751.9667,155,19925,20005,80,0
4139,751.9833,155,19928,20005,77,3
4140,752.0,155,19392,20005,613,-536
4141,752.0167,155,19392,20005,613,0
4142,752.0333,155,19325,20005,680,-67
4143,752.05,155,19995,20005,10,670
4144,752.0667,155,19995,20005,10,0
4145,752.0833,155,19998,20005,7,3
4146,752.1,155,19998,20005,7,0
4147,752.1167,155,19983,20005,22,-15
4148,752.1333,155,19916,20005,89,-67
4149,752.15,155,19916,20005,89,0
4150,752.1667,155,19995,20005,10,79
4151,752.1833,155,19998,20005,7,3
4152,752.2,155,19998,20005,7,0
4153,752.2167,155,19983,20005,22,-15
4154,752.2333,155,19983,20005,22,0
4155,752.25,155,19906,20005,99,-77
4156,752.2667,155,19906,20005,99,0
4157,752.2833,155,20005,20005,0,99
4158,752.3,155,20005,20005,0,0
4159,752.3167,155,20005,20005,0,0
4160,752.3333,155,19986,20005,19,-19
4161,752.35,155,19986,20005,19,0
4162,752.3667,155,19910,20005,95,-76
4163,752.3833,155,19910,20005,95,0
4164,752.4,155,20005,20005,0,95
4165,752.4167,155,19986,20005,19,-19
4166,752.4333,155,19986,20005,19,0
4167,752.45,155,19920,20005,85,-66
4168,752.4667,155,19920,20005,85,0
4169,752.4833,155,19913,20005,92,-7
4170,752.5,155,19913,20005,92,0
4171,752.5167,155,20005,20005,0,92
4172,752.5333,155,19986,20005,19,-19
4173,752.55,155,19986,20005,19,0
4174,752.5667,155,19910,20005,95,-76
4175,752.5833,155,20005,20005,0,95
4176,752.6,155,20005,20005,0,0
4177,752.6167,155,19986,20005,19,-19
4178,752.6333,155,19986,20005,19,0
4179,752.65,155,19920,20005,85,-66
4180,752.6667,155,19913,20005,92,-7
4181,752.6833,155,19913,20005,92,0
4182,752.7,155,20005,20005,0,92
4183,752.7167,155,20005,20005,0,0
4184,752.7333,155,19986,20005,19,-19
4185,752.75,155,20005,20005,0,19
4186,752.7667,155,20005,20005,0,0
4187,752.7833,155,20005,20005,0,0
4188,752.8,155,20005,20005,0,0
4189,752.8167,155,20005,20005,0,0
4190,752.8333,155,20005,20005,0,0
4191,752.85,155,19986,20005,19,-19
4192,752.8667,155,19910,20005,95,-76
4193,752.8833,155,19910,20005,95,0
4194,752.9,155,19913,20005,92,3
4195,752.9167,155,19898,20005,107,-15
4196,752.9333,155,19898,20005,107,0
4197,752.95,155,19902,20005,103,4
4198,752.9667,155,19825,20005,180,-77
4199,752.9833,155,19825,20005,180,0
4200,753.0,155,19828,20005,177,3
4201,753.0167,155,19813,20005,192,-15
4202,753.0333,155,19813,20005,192,0
4203,753.05,155,19747,20005,258,-66
4204,753.0667,155,19747,20005,258,0
4205,753.0833,155,19740,20005,265,-7
4206,753.1,155,19743,20005,262,3
4207,753.1167,155,19728,20005,277,-15
4208,753.1333,155,19728,20005,277,0
4209,753.15,155,19661,20005,344,-67
4210,753.1667,155,19661,20005,344,0
4211,753.1833,155,19654,20005,351,-7
4212,753.2,155,19657,20005,348,3
4213,753.2167,155,19657,20005,348,0
4214,753.2333,155,19642,20005,363,-15
4215,753.25,155,19575,20005,430,-67
4216,753.2667,155,19575,20005,430,0
4217,753.2833,155,18207,20005,1798,-1368
4218,753.3,155,18207,20005,1798,0
4219,753.3167,155,20005,20005,0,1798
4220,753.3333,155,20005,20005,0,0
4221,753.35,155,20005,20005,0,0
4222,753.3667,155,20005,20005,0,0
4223,753.3833,155,20005,20005,0,0
4224,753.4,155,20005,20005,0,0
4225,753.4167,155,19598,20005,407,-407
4226,753.4333,155,19598,20005,407,0
4227,753.45,155,19602,20005,403,4
4228,753.4667,155,19605,20005,400,3
4229,753.4833,155,19605,20005,400,0
4230,753.5,155,19609,20005,396,4
4231,753.5167,155,19609,20005,396,0
4232,753.5333,155,19612,20005,393,3
4233,753.55,155,19616,20005,389,4
4234,753.5667,155,19616,20005,389,0
4235,753.5833,155,19619,20005,386,3
4236,753.6,155,19623,20005,382,4
4237,753.6167,155,19623,20005,382,0
4238,753.6333,155,19475,20005,530,-148
4239,753.65,155,19408,20005,597,-67
4240,753.6667,155,19408,20005,597,0
4241,753.6833,155,19401,20005,604,-7
4242,753.7,155,19404,20005,601,3
4243,753.7167,155,19404,20005,601,0
4244,753.7333,155,19391,20005,614,-13
4245,753.75,155,19325,20005,680,-66
4246,753.7667,155,19325,20005,680,0
4247,753.7833,155,19318,20005,687,-7
4248,753.8,155,19321,20005,684,3
4249,753.8167,155,19321,20005,684,0
4250,753.8333,155,19308,20005,697,-13
4251,753.85,155,19308,20005,697,0
4252,753.8667,155,19241,20005,764,-67
4253,753.8833,155,19995,20005,10,754
4254,753.9,155,19995,20005,10,0
4255,753.9167,155,18557,20005,1448,-1438
4256,753.9333,155,18544,20005,1461,-13
4257,753.95,155,18544,20005,1461,0
4258,753.9667,155,18477,20005,1528,-67
4259,753.9833,155,18477,20005,1528,0
4260,754.0,155,19373,20005,632,896
4261,754.0167,155,19377,20005,628,4
4262,754.0333,155,19377,20005,628,0
4263,754.05,155,19364,20005,641,-13
4264,754.0667,155,19364,20005,641,0
4265,754.0833,155,19297,20005,708,-67
4266,754.1,155,19995,20005,10,698
4267,754.1167,155,19995,20005,10,0
4268,754.1333,155,19998,20005,7,3
4269,754.15,155,19986,20005,19,-12
4270,754.1667,155,19986,20005,19,0
4271,754.1833,155,19909,20005,96,-77
4272,754.2,155,19909,20005,96,0
4273,754.2167,155,19912,20005,93,3
4274,754.2333,155,19912,20005,93,0
4275,754.25,155,19916,20005,89,4
4276,754.2667,155,19903,20005,102,-13
4277,754.2833,155,19903,20005,102,0
4278,754.3,155,19826,20005,179,-77
4279,754.3167,155,19830,20005,175,4
4280,754.3333,155,19830,20005,175,0
4281,754.35,155,19817,20005,188,-13
4282,754.3667,155,19750,20005,255,-67
4283,754.3833,155,19750,20005,255,0
4284,754.4,155,19744,20005,261,-6
4285,754.4167,155,19744,20005,261,0
4286,754.4333,155,19747,20005,258,3
4287,754.45,155,19734,20005,271,-13
4288,754.4667,155,19734,20005,271,0
4289,754.4833,155,19658,20005,347,-76
4290,754.5,155,19661,20005,344,3
4291,754.5167,155,19661,20005,344,0
4292,754.5333,155,19664,20005,341,3
4293,754.55,155,19651,20005,354,-13
4294,754.5667,155,19651,20005,354,0
4295,754.5833,155,19574,20005,431,-77
4296,754.6,155,19578,20005,427,4
4297,754.6167,155,19578,20005,427,0
4298,754.6333,155,19581,20005,424,3
4299,754.65,155,19568,20005,437,-13
4300,754.6667,155,19568,20005,437,0
4301,754.6833,155,19491,20005,514,-77
4302,754.7,155,19494,20005,511,3
4303,754.7167,155,19494,20005,511,0
4304,754.7333,155,19497,20005,508,3
4305,754.75,155,19484,20005,521,-13
4306,754.7667,155,19484,20005,521,0
4307,754.7833,155,19407,20005,598,-77
4308,754.8,155,19411,20005,594,4
4309,754.8167,155,19411,20005,594,0
4310,754.8333,155,19414,20005,591,3
4311,754.85,155,19400,20005,605,-14
4312,754.8667,155,19400,20005,605,0
4313,754.8833,155,19333,20005,672,-67
4314,754.9,155,19337,20005,668,4
4315,754.9167,155,19337,20005,668,0
4316,754.9333,155,19340,20005,665,3
4317,754.95,155,19326,20005,679,-14
4318,754.9667,155,19326,20005,679,0
4319,754.9833,155,19260,20005,745,-66
4320,755.0,155,19263,20005,742,3
4321,755.0167,155,19263,20005,742,0
4322,755.0333,155,19266,20005,739,3
4323,755.05,155,19253,20005,752,-13
4324,755.0667,155,19253,20005,752,0
4325,755.0833,155,19186,20005,819,-67
4326,755.1,155,19189,20005,816,3
4327,755.1167,155,19192,20005,813,3
4328,755.1333,155,19192,20005,813,0
4329,755.15,155,19179,20005,826,-13
4330,755.1667,155,19112,20005,893,-67
4331,755.1833,155,19112,20005,893,0
4332,755.2,155,19116,20005,889,4
4333,755.2167,155,19119,20005,886,3
4334,755.2333,155,19119,20005,886,0
4335,755.25,155,19122,20005,883,3
4336,755.2667,155,19109,20005,896,-13
4337,755.2833,155,19109,20005,896,0
4338,755.3,155,19042,20005,963,-67
4339,755.3167,155,19045,20005,960,3
4340,755.3333,155,19048,20005,957,3
4341,755.35,155,19048,20005,957,0
4342,755.3667,155,19035,20005,970,-13
4343,755.3833,155,18968,20005,1037,-67
4344,755.4,155,18968,20005,1037,0
4345,755.4167,155,18971,20005,1034,3
4346,755.4333,155,18973,20005,1032,2
4347,755.45,155,18960,20005,1045,-13
4348,755.4667,155,18960,20005,1045,0
4349,755.4833,155,18893,20005,1112,-67
4350,755.5,155,18896,20005,1109,3
4351,755.5167,155,18899,20005,1106,3
4352,755.5333,155,18899,20005,1106,0
4353,755.55,155,18902,20005,1103,3
4354,755.5667,155,18889,20005,1116,-13
4355,755.5833,155,18889,20005,1116,0
4356,755.6,155,18822,20005,1183,-67
4357,755.6167,155,18825,20005,1180,3
4358,755.6333,155,18825,20005,1180,0
4359,755.65,155,18828,20005,1177,3
4360,755.6667,155,18814,20005,1191,-14
4361,755.6833,155,18814,20005,1191,0
4362,755.7,155,18747,20005,1258,-67
4363,755.7167,155,18750,20005,1255,3
4364,755.7333,155,18750,20005,1255,0
4365,755.75,155,18753,20005,1252,3
4366,755.7667,155,18756,20005,1249,3
4367,755.7833,155,18689,20005,1316,-67
4368,755.8,155,18689,20005,1316,0
4369,755.8167,155,18692,20005,1313,3
4370,755.8333,155,18695,20005,1310,3
4371,755.85,155,18699,20005,1306,4
4372,755.8667,155,18699,20005,1306,0
4373,755.8833,155,18631,20005,1374,-68
4374,755.9,155,20005,20005,0,1374
4375,755.9167,155,20005,20005,0,0
4376,755.9333,155,20005,20005,0,0
4377,755.95,155,20005,20005,0,0
4378,755.9667,155,20005,20005,0,0
4379,755.9833,155,20005,20005,0,0
4380,756.0,155,20005,20005,0,0
4381,756.0167,155,20005,20005,0,0
4382,756.0333,155,20005,20005,0,0
4383,756.05,155,20005,20005,0,0
4384,756.0667,155,20005,20005,0,0
4385,756.0833,155,20005,20005,0,0
4386,756.1,155,20005,20005,0,0
4387,756.1167,155,20005,20005,0,0
4388,756.1333,155,20005,20005,0,0
4389,756.15,155,20005,20005,0,0
4390,756.1667,155,20005,20005,0,0
4391,756.1833,155,20005,20005,0,0
4392,756.2,155,20005,20005,0,0
4393,756.2167,155,20005,20005,0,0
4394,756.2333,155,20005,20005,0,0
4395,756.25,155,20005,20005,0,0
4396,756.2667,155,20005,20005,0,0
4397,756.2833,155,20005,20005,0,0
4398,756.3,155,20005,20005,0,0
4399,756.3167,155,20005,20005,0,0
4400,756.3333,155,20005,20005,0,0
4401,756.35,155,20005,20005,0,0
4402,756.3667,155,20005,20005,0,0
4403,756.3833,155,20005,20005,0,0
4404,756.4,155,20005,20005,0,0
4405,756.4167,155,20005,20005,0,0
4406,756.4333,155,20005,20005,0,0
4407,756.45,155,20005,20005,0,0
4408,756.4667,155,20005,20005,0,0
4409,756.4833,155,20005,20005,0,0
4410,756.5,155,20005,20005,0,0
4411,756.5167,155,20005,20005,0,0
4412,756.5333,155,20005,20005,0,0
4413,756.55,155,20005,20005,0,0
4414,756.5667,155,20005,20005,0,0
4415,756.5833,155,20005,20005,0,0
4416,756.6,155,20005,20005,0,0
4417,756.6167,155,20005,20005,0,0
4418,756.6333,155,20005,20005,0,0
4419,756.65,155,20005,20005,0,0
4420,756.6667,155,20005,20005,0,0
4421,756.6833,155,20005,20005,0,0
4422,756.7,155,20005,20005,0,0
4423,756.7167,155,20005,20005,0,0
4424,756.7333,155,20005,20005,0,0
4425,756.75,155,20005,20005,0,0
4426,756.7667,155,20005,20005,0,0
4427,756.7833,155,20005,20005,0,0
4428,756.8,155,20005,20005,0,0
4429,756.8167,155,20005,20005,0,0
4430,756.8333,155,20005,20005,0,0
4431,756.85,155,20005,20005,0,0
4432,756.8667,155,20005,20005,0,0
4433,756.8833,155,20005,20005,0,0
4434,756.9,155,20005,20005,0,0
4435,756.9167,155,20005,20005,0,0
4436,756.9333,155,20005,20005,0,0
4437,756.95,155,20005,20005,0,0
4438,756.9667,155,20005,20005,0,0
4439,756.9833,155,20005,20005,0,0
4440,757.0,155,20005,20005,0,0
4441,757.0167,155,20005,20005,0,0
4442,757.0333,155,20005,20005,0,0
4443,757.05,155,20005,20005,0,0
4444,757.0667,155,19625,20005,380,-380
4445,757.0833,155,19627,20005,378,2
4446,757.1,155,19627,20005,378,0
4447,757.1167,155,19630,20005,375,3
4448,757.1333,155,19633,20005,372,3
4449,757.15,155,19581,20005,424,-52
4450,757.1667,155,19581,20005,424,0
4451,757.1833,155,20005,20005,0,424
4452,757.2,155,20005,20005,0,0
4453,757.2167,155,20005,20005,0,0
4454,757.2333,155,20005,20005,0,0
4455,757.25,155,20005,20005,0,0
4456,757.2667,155,19951,20005,54,-54
4457,757.2833,155,20005,20005,0,54
4458,757.3,155,20005,20005,0,0
4459,757.3167,155,20005,20005,0,0
4460,757.3333,155,20005,20005,0,0
4461,757.35,155,20005,20005,0,0
4462,757.3667,155,19951,20005,54,-54
4463,757.3833,155,20005,20005,0,54
4464,757.4,155,20005,20005,0,0
4465,757.4167,155,20005,20005,0,0
4466,757.4333,155,20005,20005,0,0
4467,757.45,155,20005,20005,0,0
4468,757.4667,155,20005,20005,0,0
4469,757.4833,155,19951,20005,54,-54
4470,757.5,155,20005,20005,0,54
4471,757.5167,155,20005,20005,0,0
4472,757.5333,155,20005,20005,0,0
4473,757.55,155,19951,20005,54,-54
4474,757.5667,155,19951,20005,54,0
4475,757.5833,155,19954,20005,51,3
4476,757.6,155,20005,20005,0,51
4477,757.6167,155,20005,20005,0,0
4478,757.6333,155,20005,20005,0,0
4479,757.65,155,19951,20005,54,-54
4480,757.6667,155,19951,20005,54,0
4481,757.6833,155,19954,20005,51,3
4482,757.7,155,20005,20005,0,51
4483,757.7167,155,20005,20005,0,0
4484,757.7333,155,20005,20005,0,0
4485,757.75,155,19951,20005,54,-54
4486,757.7667,155,19951,20005,54,0
4487,757.7833,155,19953,20005,52,2
4488,757.8,155,20005,20005,0,52
4489,757.8167,155,20005,20005,0,0
4490,757.8333,155,20005,20005,0,0
4491,757.85,155,19951,20005,54,-54
4492,757.8667,155,19951,20005,54,0
4493,757.8833,155,19953,20005,52,2
4494,757.9,155,20005,20005,0,52
4495,757.9167,155,20005,20005,0,0
4496,757.9333,155,20005,20005,0,0
4497,757.95,155,20005,20005,0,0
4498,757.9667,155,19951,20005,54,-54
4499,757.9833,155,19951,20005,54,0
4500,758.0,155,20005,20005,0,54
4501,758.0167,155,20005,20005,0,0
4502,758.0333,155,20005,20005,0,0
4503,758.05,155,20005,20005,0,0
4504,758.0667,155,19951,20005,54,-54
4505,758.0833,155,20005,20005,0,54
4506,758.1,155,20005,20005,0,0
4507,758.1167,155,20005,20005,0,0
4508,758.1333,155,20005,20005,0,0
4509,758.15,155,20005,20005,0,0
4510,758.1667,155,19951,20005,54,-54
4511,758.1833,155,20005,20005,0,54
4512,758.2,155,20005,20005,0,0
4513,758.2167,155,20005,20005,0,0
4514,758.2333,155,20005,20005,0,0
4515,758.25,155,20005,20005,0,0
4516,758.2667,155,20005,20005,0,0
4517,758.2833,155,19951,20005,54,-54
4518,758.3,155,19953,20005,52,2
4519,758.3167,155,19956,20005,49,3
4520,758.3333,155,19958,20005,47,2
4521,758.35,155,19961,20005,44,3
4522,758.3667,155,19951,20005,54,-10
4523,758.3833,155,19951,20005,54,0
4524,758.4,155,19953,20005,52,2
4525,758.4167,155,19956,20005,49,3
4526,758.4333,155,19958,20005,47,2
4527,758.45,155,19961,20005,44,3
4528,758.4667,155,19951,20005,54,-10
4529,758.4833,155,19953,20005,52,2
4530,758.5,155,19956,20005,49,3
4531,758.5167,155,19958,20005,47,2
4532,758.5333,155,19958,20005,47,0
4533,758.55,155,19960,20005,45,2
4534,758.5667,155,20005,20005,0,45
4535,758.5833,155,19951,20005,54,-54
4536,758.6,155,19953,20005,52,2
4537,758.6167,155,19956,20005,49,3
4538,758.6333,155,19956,20005,49,0
4539,758.65,155,19958,20005,47,2
4540,758.6667,155,20005,20005,0,47
4541,758.6833,155,19951,20005,54,-54
4542,758.7,155,19953,20005,52,2
4543,758.7167,155,19956,20005,49,3
4544,758.7333,155,19958,20005,47,2
4545,758.75,155,19958,20005,47,0
4546,758.7667,155,20005,20005,0,47
4547,758.7833,155,19951,20005,54,-54
4548,758.8,155,19953,20005,52,2
4549,758.8167,155,19956,20005,49,3
4550,758.8333,155,19958,20005,47,2
4551,758.85,155,19958,20005,47,0
4552,758.8667,155,20005,20005,0,47
4553,758.8833,155,20005,20005,0,0
4554,758.9,155,19951,20005,54,-54
4555,758.9167,155,19953,20005,52,2
4556,758.9333,155,19956,20005,49,3
4557,758.95,155,20005,20005,0,49
4558,758.9667,155,20005,20005,0,0
4559,758.9833,155,19951,20005,54,-54
4560,759.0,155,19951,20005,54,0
4561,759.0167,155,19953,20005,52,2
4562,759.0333,155,19956,20005,49,3
4563,759.05,155,20005,20005,0,49
4564,759.0667,155,20005,20005,0,0
4565,759.0833,155,19951,20005,54,-54
4566,759.1,155,19953,20005,52,2
4567,759.1167,155,19953,20005,52,0
4568,759.1333,155,19956,20005,49,3
4569,759.15,155,20005,20005,0,49
4570,759.1667,155,20005,20005,0,0
4571,759.1833,155,20005,20005,0,0
4572,759.2,155,19951,20005,54,-54
4573,759.2167,155,19954,20005,51,3
4574,759.2333,155,19954,20005,51,0
4575,759.25,155,19956,20005,49,2
4576,759.2667,155,20005,20005,0,49
4577,759.2833,155,20005,20005,0,0
4578,759.3,155,19951,20005,54,-54
4579,759.3167,155,19951,20005,54,0
4580,759.3333,155,19954,20005,51,3
4581,759.35,155,20005,20005,0,51
4582,759.3667,155,20005,20005,0,0
4583,759.3833,155,20005,20005,0,0
4584,759.4,155,20005,20005,0,0
4585,759.4167,155,19951,20005,54,-54
4586,759.4333,155,20005,20005,0,54
4587,759.45,155,20005,20005,0,0
4588,759.4667,155,20005,20005,0,0
4589,759.4833,155,20005,20005,0,0
4590,759.5,155,20005,20005,0,0
4591,759.5167,155,19951,20005,54,-54
4592,759.5333,155,20005,20005,0,54
4593,759.55,155,20005,20005,0,0
4594,759.5667,155,20005,20005,0,0
4595,759.5833,155,20005,20005,0,0
4596,759.6,155,20005,20005,0,0
4597,759.6167,155,19951,20005,54,-54
4598,759.6333,155,19954,20005,51,3
4599,759.65,155,19956,20005,49,2
4600,759.6667,155,19959,20005,46,3
4601,759.6833,155,19961,20005,44,2
4602,759.7,155,19961,20005,44,0
4603,759.7167,155,19910,20005,95,-51
4604,759.7333,155,20005,20005,0,95
4605,759.75,155,20005,20005,0,0
4606,759.7667,155,20005,20005,0,0
4607,759.7833,155,20005,20005,0,0
4608,759.8,155,20005,20005,0,0
4609,759.8167,155,19951,20005,54,-54
4610,759.8333,155,19954,20005,51,3
4611,759.85,155,19930,20005,75,-24
4612,759.8667,155,19930,20005,75,0
4613,759.8833,155,19930,20005,75,0
4614,759.9,155,19930,20005,75,0
4615,759.9167,155,19930,20005,75,0
4616,759.9333,155,19930,20005,75,0
4617,759.95,155,19930,20005,75,0
4618,759.9667,155,19930,20005,75,0
4619,759.9833,155,19932,20005,73,2
4620,760.0,155,19932,20005,73,0
4621,760.0167,155,19932,20005,73,0
4622,760.0333,155,19932,20005,73,0
4623,760.05,155,19932,20005,73,0
4624,760.0667,155,19932,20005,73,0
4625,760.0833,155,19935,20005,70,3
4626,760.1,155,19935,20005,70,0
4627,760.1167,155,19884,20005,121,-51
4628,760.1333,155,19862,20005,143,-22
4629,760.15,155,19862,20005,143,0
4630,760.1667,155,19813,20005,192,-49
4631,760.1833,155,19792,20005,213,-21
4632,760.2,156,19792,20005,213,0
4633,760.2167,156,19798,20005,207,6
4634,760.2333,156,19749,20005,256,-49
4635,760.25,156,19728,20005,277,-21
4636,760.2667,156,19679,20005,326,-49
4637,760.2833,156,19679,20005,326,0
4638,760.3,156,19658,20005,347,-21
4639,760.3167,156,19664,20005,341,6
4640,760.3333,156,19664,20005,341,0
4641,760.35,156,19615,20005,390,-49
4642,760.3667,156,19592,20005,413,-23
4643,760.3833,156,19595,20005,410,3
4644,760.4,156,19597,20005,408,2
4645,760.4167,156,19597,20005,408,0
4646,760.4333,156,19546,20005,459,-51
4647,760.45,156,19549,20005,456,3
4648,760.4667,156,19525,20005,480,-24
4649,760.4833,156,19528,20005,477,3
4650,760.5,156,19528,20005,477,0
4651,760.5167,156,19531,20005,474,3
4652,760.5333,156,19480,20005,525,-51
4653,760.55,156,19482,20005,523,2
4654,760.5667,156,19459,20005,546,-23
4655,760.5833,156,19459,20005,546,0
4656,760.6,156,19461,20005,544,2
4657,760.6167,156,19464,20005,541,3
4658,760.6333,156,19413,20005,592,-51
4659,760.65,156,19389,20005,616,-24
4660,760.6667,156,19389,20005,616,0
4661,760.6833,156,19392,20005,613,3
4662,760.7,156,19394,20005,611,2
4663,760.7167,156,19394,20005,611,0
4664,760.7333,156,18544,20005,1461,-850
4665,760.75,156,18493,20005,1512,-51
4666,760.7667,156,18470,20005,1535,-23
4667,760.7833,156,18470,20005,1535,0
4668,760.8,156,18472,20005,1533,2
4669,760.8167,156,18475,20005,1530,3
4670,760.8333,156,18408,20005,1597,-67
4671,760.85,156,18408,20005,1597,0
4672,760.8667,156,18411,20005,1594,3
4673,760.8833,156,18388,20005,1617,-23
4674,760.9,156,18391,20005,1614,3
4675,760.9167,156,18391,20005,1614,0
4676,760.9333,156,18393,20005,1612,2
4677,760.95,156,18327,20005,1678,-66
4678,760.9667,156,18303,20005,1702,-24
4679,760.9833,156,18303,20005,1702,0
4680,761.0,156,18306,20005,1699,3
4681,761.0167,156,18309,20005,1696,3
4682,761.0333,156,18242,20005,1763,-67
4683,761.05,156,18242,20005,1763,0
4684,761.0667,156,18245,20005,1760,3
4685,761.0833,156,18221,20005,1784,-24
4686,761.1,156,18224,20005,1781,3
4687,761.1167,156,18227,20005,1778,3
4688,761.1333,156,18160,20005,1845,-67
4689,761.15,156,18160,20005,1845,0
4690,761.1667,156,18163,20005,1842,3
4691,761.1833,156,18139,20005,1866,-24
4692,761.2,156,18142,20005,1863,3
4693,761.2167,156,18145,20005,1860,3
4694,761.2333,156,18145,20005,1860,0
4695,761.25,156,18077,20005,1928,-68
4696,761.2667,156,18080,20005,1925,3
4697,761.2833,156,18056,20005,1949,-24
4698,761.3,156,18059,20005,1946,3
4699,761.3167,156,18059,20005,1946,0
4700,761.3333,156,18062,20005,1943,3
4701,761.35,156,17995,20005,2010,-67
4702,761.3667,156,17995,20005,2010,0
4703,761.3833,156,17971,20005,2034,-24
4704,761.4,156,17974,20005,2031,3
4705,761.4167,156,17976,20005,2029,2
4706,761.4333,156,17909,20005,2096,-67
4707,761.45,156,17909,20005,2096,0
4708,761.4667,156,17912,20005,2093,3
4709,761.4833,156,17889,20005,2116,-23
4710,761.5,156,17891,20005,2114,2
4711,761.5167,156,17894,20005,2111,3
4712,761.5333,156,17827,20005,2178,-67
4713,761.55,156,17827,20005,2178,0
4714,761.5667,156,17830,20005,2175,3
4715,761.5833,156,17806,20005,2199,-24
4716,761.6,156,17809,20005,2196,3
4717,761.6167,156,17811,20005,2194,2
4718,761.6333,156,17811,20005,2194,0
4719,761.65,156,17744,20005,2261,-67
4720,761.6667,156,17747,20005,2258,3
4721,761.6833,156,17723,20005,2282,-24
4722,761.7,156,17726,20005,2279,3
4723,761.7167,156,17728,20005,2277,2
4724,761.7333,156,17728,20005,2277,0
4725,761.75,156,17661,20005,2344,-67
4726,761.7667,156,17664,20005,2341,3
4727,761.7833,156,17640,20005,2365,-24
4728,761.8,156,17643,20005,2362,3
4729,761.8167,156,17643,20005,2362,0
4730,761.8333,156,17645,20005,2360,2
4731,761.85,156,17578,20005,2427,-67
4732,761.8667,156,17581,20005,2424,3
4733,761.8833,156,17583,20005,2422,2
4734,761.9,156,17583,20005,2422,0
4735,761.9167,156,17586,20005,2419,3
4736,761.9333,156,17589,20005,2416,3
4737,761.95,156,17522,20005,2483,-67
4738,761.9667,156,17522,20005,2483,0
4739,761.9833,156,17524,20005,2481,2
4740,762.0,156,17527,20005,2478,3
4741,762.0167,156,17529,20005,2476,2
4742,762.0333,156,17529,20005,2476,0
4743,762.05,156,17532,20005,2473,3
4744,762.0667,156,17465,20005,2540,-67
4745,762.0833,156,17468,20005,2537,3
4746,762.1,156,17471,20005,2534,3
4747,762.1167,156,17471,20005,2534,0
4748,762.1333,156,17473,20005,2532,2
4749,762.15,156,17476,20005,2529,3
4750,762.1667,156,17409,20005,2596,-67
4751,762.1833,156,17409,20005,2596,0
4752,762.2,156,17412,20005,2593,3
4753,762.2167,156,17414,20005,2591,2
4754,762.2333,156,17417,20005,2588,3
4755,762.25,156,17417,20005,2588,0
4756,762.2667,156,17420,20005,2585,3
4757,762.2833,156,17407,20005,2598,-13
4758,762.3,156,17410,20005,2595,3
4759,762.3167,156,17412,20005,2593,2
4760,762.3333,156,17412,20005,2593,0
4761,762.35,156,17415,20005,2590,3
4762,762.3667,156,17402,20005,2603,-13
4763,762.3833,156,17405,20005,2600,3
4764,762.4,156,17405,20005,2600,0
4765,762.4167,156,17407,20005,2598,2
4766,762.4333,156,17410,20005,2595,3
4767,762.45,156,17410,20005,2595,0
4768,762.4667,156,17413,20005,2592,3
4769,762.4833,156,17400,20005,2605,-13
4770,762.5,156,17403,20005,2602,3
4771,762.5167,156,17403,20005,2602,0
4772,762.5333,156,17406,20005,2599,3
4773,762.55,156,20005,20005,0,2599
4774,762.5667,156,20005,20005,0,0
4775,762.5833,156,19989,20005,16,-16
4776,762.6,156,19989,20005,16,0
4777,762.6167,156,19992,20005,13,3
4778,762.6333,156,19995,20005,10,3
4779,762.65,156,19995,20005,10,0
4780,762.6667,156,19998,20005,7,3
4781,762.6833,156,19985,20005,20,-13
4782,762.7,156,19985,20005,20,0
4783,762.7167,156,20005,20005,0,20
4784,762.7333,156,20005,20005,0,0
4785,762.75,156,20005,20005,0,0
4786,762.7667,156,20005,20005,0,0
4787,762.7833,156,20005,20005,0,0
4788,762.8,156,20005,20005,0,0
4789,762.8167,156,20005,20005,0,0
4790,762.8333,156,19801,20005,204,-204
4791,762.85,156,19804,20005,201,3
4792,762.8667,156,19804,20005,201,0
4793,762.8833,156,19807,20005,198,3
4794,762.9,156,19810,20005,195,3
4795,762.9167,156,19758,20005,247,-52
4796,762.9333,156,19758,20005,247,0
4797,762.95,156,19761,20005,244,3
4798,762.9667,156,19765,20005,240,4
4799,762.9833,156,19767,20005,238,2
4800,763.0,156,19767,20005,238,0
4801,763.0167,156,19715,20005,290,-52
4802,763.0333,156,19715,20005,290,0
4803,763.05,156,19718,20005,287,3
4804,763.0667,156,20005,20005,0,287
4805,763.0833,156,20005,20005,0,0
4806,763.1,156,19950,20005,55,-55
4807,763.1167,156,19950,20005,55,0
4808,763.1333,156,19953,20005,52,3
4809,763.15,156,19953,20005,52,0
4810,763.1667,156,20005,20005,0,52
4811,763.1833,156,20005,20005,0,0
4812,763.2,156,20005,20005,0,0
4813,763.2167,156,20005,20005,0,0
4814,763.2333,156,19950,20005,55,-55
4815,763.25,156,19950,20005,55,0
4816,763.2667,156,20005,20005,0,55
4817,763.2833,156,20005,20005,0,0
4818,763.3,156,20005,20005,0,0
4819,763.3167,156,20005,20005,0,0
4820,763.3333,156,19950,20005,55,-55
4821,763.35,156,19950,20005,55,0
4822,763.3667,156,17775,20005,2230,-2175
4823,763.3833,156,17778,20005,2227,3
4824,763.4,156,17781,20005,2224,3
4825,763.4167,156,17781,20005,2224,0
4826,763.4333,156,17726,20005,2279,-55
4827,763.45,156,17726,20005,2279,0
4828,763.4667,156,19979,20005,26,2253
4829,763.4833,156,19982,20005,23,3
4830,763.5,156,19985,20005,20,3
4831,763.5167,156,19985,20005,20,0
4832,763.5333,156,19930,20005,75,-55
4833,763.55,156,19930,20005,75,0
4834,763.5667,156,20005,20005,0,75
4835,763.5833,156,19979,20005,26,-26
4836,763.6,156,19982,20005,23,3
4837,763.6167,156,19982,20005,23,0
4838,763.6333,156,19927,20005,78,-55
4839,763.65,156,19927,20005,78,0
4840,763.6667,156,20005,20005,0,78
4841,763.6833,156,19979,20005,26,-26
4842,763.7,156,19982,20005,23,3
4843,763.7167,156,19982,20005,23,0
4844,763.7333,156,19927,20005,78,-55
4845,763.75,156,19927,20005,78,0
4846,763.7667,156,20005,20005,0,78
4847,763.7833,156,19979,20005,26,-26
4848,763.8,156,19979,20005,26,0
4849,763.8167,156,19982,20005,23,3
4850,763.8333,156,19985,20005,20,3
4851,763.85,156,19985,20005,20,0
4852,763.8667,156,19947,20005,58,-38
4853,763.8833,156,19924,20005,81,-23
4854,763.9,156,19927,20005,78,3
4855,763.9167,156,19927,20005,78,0
4856,763.9333,156,19930,20005,75,3
4857,763.95,156,19930,20005,75,0
4858,763.9667,156,18094,20005,1911,-1836
4859,763.9833,156,17218,20005,2787,-876
4860,764.0,156,17218,20005,2787,0
4861,764.0167,156,17221,20005,2784,3
4862,764.0333,156,17221,20005,2784,0
4863,764.05,156,17224,20005,2781,3
4864,764.0667,156,17224,20005,2781,0
4865,764.0833,156,19947,20005,58,2723
4866,764.1,156,19908,20005,97,-39
4867,764.1167,156,19912,20005,93,4
4868,764.1333,156,19912,20005,93,0
4869,764.15,156,19857,20005,148,-55
4870,764.1667,156,20005,20005,0,148
4871,764.1833,156,20005,20005,0,0
4872,764.2,156,19963,20005,42,-42
4873,764.2167,156,19966,20005,39,3
4874,764.2333,156,19966,20005,39,0
4875,764.25,156,19912,20005,93,-54
4876,764.2667,156,20005,20005,0,93
4877,764.2833,156,20005,20005,0,0
4878,764.3,156,19963,20005,42,-42
4879,764.3167,156,19940,20005,65,-23
4880,764.3333,156,19940,20005,65,0
4881,764.35,156,19885,20005,120,-55
4882,764.3667,156,19885,20005,120,0
4883,764.3833,156,20005,20005,0,120
4884,764.4,156,19963,20005,42,-42
4885,764.4167,156,19963,20005,42,0
4886,764.4333,156,19966,20005,39,3
4887,764.45,156,19872,20005,133,-94
4888,764.4667,156,19872,20005,133,0
4889,764.4833,156,20005,20005,0,133
4890,764.5,156,19963,20005,42,-42
4891,764.5167,156,19966,20005,39,3
4892,764.5333,156,19966,20005,39,0
4893,764.55,156,19872,20005,133,-94
4894,764.5667,156,20005,20005,0,133
4895,764.5833,156,20005,20005,0,0
4896,764.6,156,19963,20005,42,-42
4897,764.6167,156,19966,20005,39,3
4898,764.6333,156,19966,20005,39,0
4899,764.65,156,19930,20005,75,-36
4900,764.6667,156,19666,20005,339,-264
4901,764.6833,156,19642,20005,363,-24
4902,764.7,156,19642,20005,363,0
4903,764.7167,156,19630,20005,375,-12
4904,764.7333,156,19630,20005,375,0
4905,764.75,156,19593,20005,412,-37
4906,764.7667,156,19947,20005,58,354
4907,764.7833,156,19911,20005,94,-36
4908,764.8,156,19911,20005,94,0
4909,764.8167,156,19898,20005,107,-13
4910,764.8333,156,19862,20005,143,-36
4911,764.85,156,19947,20005,58,85
4912,764.8667,156,19947,20005,58,0
4913,764.8833,156,19911,20005,94,-36
4914,764.9,156,19899,20005,106,-12
4915,764.9167,156,19899,20005,106,0
4916,764.9333,156,19862,20005,143,-37
4917,764.95,156,19947,20005,58,85
4918,764.9667,156,19937,20005,68,-10
4919,764.9833,156,19937,20005,68,0
4920,765.0,156,19898,20005,107,-39
4921,765.0167,156,19901,20005,104,3
4922,765.0333,156,19901,20005,104,0
4923,765.05,156,19865,20005,140,-36
4924,765.0667,156,19810,20005,195,-55
4925,765.0833,156,19774,20005,231,-36
4926,765.1,156,19774,20005,231,0
4927,765.1167,156,19761,20005,244,-13
4928,765.1333,156,19965,20005,40,204
4929,765.15,156,19910,20005,95,-55
4930,765.1667,156,19910,20005,95,0
4931,765.1833,156,19901,20005,104,-9
4932,765.2,156,19888,20005,117,-13
4933,765.2167,156,19891,20005,114,3
4934,765.2333,156,19854,20005,151,-37
4935,765.25,156,19854,20005,151,0
4936,765.2667,156,19799,20005,206,-55
4937,765.2833,156,19789,20005,216,-10
4938,765.3,156,19776,20005,229,-13
4939,765.3167,156,19776,20005,229,0
4940,765.3333,156,19739,20005,266,-37
4941,765.35,156,19684,20005,321,-55
4942,765.3667,156,19674,20005,331,-10
4943,765.3833,156,19677,20005,328,3
4944,765.4,156,19677,20005,328,0
4945,765.4167,156,19664,20005,341,-13
4946,765.4333,156,19627,20005,378,-37
4947,765.45,156,19571,20005,434,-56
4948,765.4667,156,19571,20005,434,0
4949,765.4833,156,19561,20005,444,-10
4950,765.5,156,19548,20005,457,-13
4951,765.5167,156,19551,20005,454,3
4952,765.5333,156,19514,20005,491,-37
4953,765.55,156,19514,20005,491,0
4954,765.5667,156,19459,20005,546,-55
4955,765.5833,156,19993,20005,12,534
4956,765.6,156,19980,20005,25,-13
4957,765.6167,156,19980,20005,25,0
4958,765.6333,156,19982,20005,23,2
4959,765.65,156,19945,20005,60,-37
4960,765.6667,156,19947,20005,58,2
4961,765.6833,156,19947,20005,58,0
4962,765.7,156,19937,20005,68,-10
4963,765.7167,156,19924,20005,81,-13
4964,765.7333,156,19887,20005,118,-37
4965,765.75,156,19887,20005,118,0
4966,765.7667,156,19947,20005,58,60
4967,765.7833,156,19937,20005,68,-10
4968,765.8,156,19924,20005,81,-13
4969,765.8167,156,19924,20005,81,0
4970,765.8333,156,19927,20005,78,3
4971,765.85,156,19965,20005,40,38
4972,765.8667,156,19965,20005,40,0
4973,765.8833,156,19910,20005,95,-55
4974,765.9,156,20005,20005,0,95
4975,765.9167,156,20005,20005,0,0
4976,765.9333,156,19989,20005,16,-16
4977,765.95,156,20005,20005,0,16
4978,765.9667,156,20005,20005,0,0
4979,765.9833,156,19965,20005,40,-40
4980,766.0,156,19956,20005,49,-9
4981,766.0167,156,19956,20005,49,0
4982,766.0333,156,19917,20005,88,-39
4983,766.05,156,20005,20005,0,88
4984,766.0667,156,20005,20005,0,0
4985,766.0833,156,19965,20005,40,-40
4986,766.1,156,19956,20005,49,-9
4987,766.1167,156,19956,20005,49,0
4988,766.1333,156,19933,20005,72,-23
4989,766.15,156,19933,20005,72,0
4990,766.1667,156,20005,20005,0,72
4991,766.1833,156,20005,20005,0,0
4992,766.2,156,20005,20005,0,0
4993,766.2167,156,19993,20005,12,-12
4994,766.2333,156,19993,20005,12,0
4995,766.25,156,19970,20005,35,-23
4996,766.2667,156,20005,20005,0,35
4997,766.2833,156,20005,20005,0,0
4998,766.3,156,19965,20005,40,-40
4999,766.3167,156,19956,20005,49,-9
5000,766.3333,156,19956,20005,49,0
5001,766.35,156,19933,20005,72,-23
5002,766.3667,156,20005,20005,0,72
5003,766.3833,156,19965,20005,40,-40
5004,766.4,156,19965,20005,40,0
5005,766.4167,156,19956,20005,49,-9
5006,766.4333,156,19933,20005,72,-23
5007,766.45,156,19933,20005,72,0
5008,766.4667,156,20005,20005,0,72
5009,766.4833,156,19965,20005,40,-40
5010,766.5,156,19956,20005,49,-9
5011,766.5167,156,19956,20005,49,0
5012,766.5333,156,19933,20005,72,-23
5013,766.55,156,19933,20005,72,0
5014,766.5667,156,20005,20005,0,72
5015,766.5833,156,19965,20005,40,-40
5016,766.6,156,19956,20005,49,-9
5017,766.6167,156,19956,20005,49,0
5018,766.6333,156,19933,20005,72,-23
5019,766.65,156,20005,20005,0,72
5020,766.6667,156,19965,20005,40,-40
5021,766.6833,156,19965,20005,40,0
5022,766.7,156,19968,20005,37,3
5023,766.7167,156,19933,20005,72,-35
5024,766.7333,156,19933,20005,72,0
5025,766.75,156,20005,20005,0,72
5026,766.7667,156,19965,20005,40,-40
5027,766.7833,156,19965,20005,40,0
5028,766.8,156,19968,20005,37,3
5029,766.8167,156,19968,20005,37,0
5030,766.8333,156,19959,20005,46,-9
5031,766.85,156,19979,20005,26,20
5032,766.8667,156,19979,20005,26,0
5033,766.8833,156,19942,20005,63,-37
5034,766.9,156,19945,20005,60,3
5035,766.9167,156,19945,20005,60,0
5036,766.9333,156,19936,20005,69,-9
5037,766.95,156,19536,20005,469,-400
5038,766.9667,156,19539,20005,466,3
5039,766.9833,156,19539,20005,466,0
5040,767.0,156,19503,20005,502,-36
5041,767.0167,156,19493,20005,512,-10
5042,767.0333,156,19493,20005,512,0
5043,767.05,156,19979,20005,26,486
5044,767.0667,156,19982,20005,23,3
5045,767.0833,156,19982,20005,23,0
5046,767.1,156,20005,20005,0,23
5047,767.1167,156,20005,20005,0,0
5048,767.1333,156,20005,20005,0,0
5049,767.15,156,20005,20005,0,0
5050,767.1667,156,20005,20005,0,0
5051,767.1833,156,20005,20005,0,0
5052,767.2,156,20005,20005,0,0
5053,767.2167,156,20005,20005,0,0
5054,767.2333,156,20005,20005,0,0
5055,767.25,156,20005,20005,0,0
5056,767.2667,156,20005,20005,0,0
5057,767.2833,156,20005,20005,0,0
5058,767.3,156,19968,20005,37,-37
5059,767.3167,156,19971,20005,34,3
5060,767.3333,156,19971,20005,34,0
5061,767.35,156,20005,20005,0,34
5062,767.3667,156,20005,20005,0,0
5063,767.3833,156,19968,20005,37,-37
5064,767.4,156,19968,20005,37,0
5065,767.4167,156,19971,20005,34,3
5066,767.4333,156,20005,20005,0,34
5067,767.45,156,20005,20005,0,0
5068,767.4667,156,20005,20005,0,0
5069,767.4833,156,20005,20005,0,0
5070,767.5,156,20005,20005,0,0
5071,767.5167,156,20005,20005,0,0
5072,767.5333,156,20005,20005,0,0
5073,767.55,156,20005,20005,0,0
5074,767.5667,156,20005,20005,0,0
5075,767.5833,156,20005,20005,0,0
5076,767.6,156,20005,20005,0,0
5077,767.6167,156,20005,20005,0,0
5078,767.6333,156,20005,20005,0,0
5079,767.65,156,20005,20005,0,0
5080,767.6667,156,20005,20005,0,0
5081,767.6833,156,20005,20005,0,0
5082,767.7,156,20005,20005,0,0
5083,767.7167,156,20005,20005,0,0
5084,767.7333,156,20005,20005,0,0
5085,767.75,156,20005,20005,0,0
5086,767.7667,156,20005,20005,0,0
5087,767.7833,156,20005,20005,0,0
5088,767.8,156,20005,20005,0,0
5089,767.8167,156,20005,20005,0,0
5090,767.8333,156,20005,20005,0,0
5091,767.85,156,20005,20005,0,0
5092,767.8667,156,20005,20005,0,0
5093,767.8833,156,20005,20005,0,0
5094,767.9,156,20005,20005,0,0
5095,767.9167,156,19469,20005,536,-536
5096,767.9333,156,19459,20005,546,-10
5097,767.95,156,19459,20005,546,0
5098,767.9667,156,19979,20005,26,520
5099,767.9833,156,19982,20005,23,3
5100,768.0,156,19982,20005,23,0
5101,768.0167,156,19985,20005,20,3
5102,768.0333,156,18612,20005,1393,-1373
5103,768.05,156,18612,20005,1393,0
5104,768.0667,156,20005,20005,0,1393
5105,768.0833,156,20005,20005,0,0
5106,768.1,156,20005,20005,0,0
5107,768.1167,156,20005,20005,0,0
5108,768.1333,156,19993,20005,12,-12
5109,768.15,156,19993,20005,12,0
5110,768.1667,156,20005,20005,0,12
5111,768.1833,156,20005,20005,0,0
5112,768.2,156,20005,20005,0,0
5113,768.2167,156,20005,20005,0,0
5114,768.2333,156,20005,20005,0,0
5115,768.25,156,20005,20005,0,0
5116,768.2667,156,19993,20005,12,-12
5117,768.2833,156,20005,20005,0,12
5118,768.3,156,20005,20005,0,0
5119,768.3167,156,20005,20005,0,0
5120,768.3333,156,20005,20005,0,0
5121,768.35,156,20005,20005,0,0
5122,768.3667,156,19993,20005,12,-12
5123,768.3833,156,19996,20005,9,3
5124,768.4,156,19996,20005,9,0
5125,768.4167,156,20005,20005,0,9
5126,768.4333,156,20005,20005,0,0
5127,768.45,156,19993,20005,12,-12
5128,768.4667,156,19993,20005,12,0
5129,768.4833,156,19996,20005,9,3
5130,768.5,156,19999,20005,6,3
5131,768.5167,156,19999,20005,6,0
5132,768.5333,156,20005,20005,0,6
5133,768.55,156,20005,20005,0,0
5134,768.5667,156,19993,20005,12,-12
5135,768.5833,156,19996,20005,9,3
5136,768.6,156,19996,20005,9,0
5137,768.6167,156,19999,20005,6,3
5138,768.6333,156,20002,20005,3,3
5139,768.65,156,19993,20005,12,-9
5140,768.6667,156,19993,20005,12,0
5141,768.6833,156,19996,20005,9,3
5142,768.7,156,19999,20005,6,3
5143,768.7167,156,19531,20005,474,-468
5144,768.7333,156,19531,20005,474,0
5145,768.75,156,19522,20005,483,-9
5146,768.7667,156,20005,20005,0,483
5147,768.7833,156,20005,20005,0,0
5148,768.8,156,20005,20005,0,0
5149,768.8167,156,20005,20005,0,0
5150,768.8333,156,20005,20005,0,0
5151,768.85,156,20005,20005,0,0
5152,768.8667,156,19993,20005,12,-12
5153,768.8833,156,20005,20005,0,12
5154,768.9,156,20005,20005,0,0
5155,768.9167,156,20005,20005,0,0
5156,768.9333,156,20005,20005,0,0
5157,768.95,156,19993,20005,12,-12
5158,768.9667,156,19993,20005,12,0
5159,768.9833,156,19995,20005,10,2
5160,769.0,156,20005,20005,0,10
5161,769.0167,156,20005,20005,0,0
5162,769.0333,156,20005,20005,0,0
5163,769.05,156,20005,20005,0,0
5164,769.0667,156,19993,20005,12,-12
5165,769.0833,156,19993,20005,12,0
5166,769.1,156,19995,20005,10,2
5167,769.1167,156,20005,20005,0,10
5168,769.1333,156,20005,20005,0,0
5169,769.15,156,20005,20005,0,0
5170,769.1667,156,19993,20005,12,-12
5171,769.1833,156,19995,20005,10,2
5172,769.2,156,19995,20005,10,0
5173,769.2167,156,20005,20005,0,10
5174,769.2333,156,20005,20005,0,0
5175,769.25,156,19993,20005,12,-12
5176,769.2667,156,19995,20005,10,2
5177,769.2833,156,19995,20005,10,0
5178,769.3,156,19998,20005,7,3
5179,769.3167,156,20001,20005,4,3
5180,769.3333,156,20001,20005,4,0
5181,769.35,156,20004,20005,1,3
5182,769.3667,156,19993,20005,12,-11
5183,769.3833,156,19995,20005,10,2
5184,769.4,156,19998,20005,7,3
5185,769.4167,156,19998,20005,7,0
5186,769.4333,156,20001,20005,4,3
5187,769.45,156,19992,20005,13,-9
5188,769.4667,156,19994,20005,11,2
5189,769.4833,156,19997,20005,8,3
5190,769.5,156,19997,20005,8,0
5191,769.5167,156,20000,20005,5,3
5192,769.5333,156,20003,20005,2,3
5193,769.55,156,19993,20005,12,-10
5194,769.5667,156,19995,20005,10,2
5195,769.5833,156,19995,20005,10,0
5196,769.6,156,19998,20005,7,3
5197,769.6167,156,20001,20005,4,3
5198,769.6333,156,20003,20005,2,2
5199,769.65,156,20003,20005,2,0
5200,769.6667,156,19993,20005,12,-10
5201,769.6833,156,20005,20005,0,12
5202,769.7,156,20005,20005,0,0
5203,769.7167,156,19393,20005,612,-612
5204,769.7333,156,19393,20005,612,0
5205,769.75,156,19396,20005,609,3
5206,769.7667,156,19993,20005,12,597
5207,769.7833,156,19986,20005,19,-7
5208,769.8,156,19986,20005,19,0
5209,769.8167,156,19989,20005,16,3
5210,769.8333,156,19991,20005,14,2
5211,769.85,156,19994,20005,11,3
5212,769.8667,156,20005,20005,0,11
5213,769.8833,156,20005,20005,0,0
5214,769.9,156,19996,20005,9,-9
5215,769.9167,156,19781,20005,224,-215
5216,769.9333,156,19783,20005,222,2
5217,769.95,156,19783,20005,222,0
5218,769.9667,156,19786,20005,219,3
5219,769.9833,156,20005,20005,0,219
5220,770.0,156,19989,20005,16,-16
5221,770.0167,156,19992,20005,13,3
5222,770.0333,156,19992,20005,13,0
5223,770.05,156,19994,20005,11,2
5224,770.0667,156,19997,20005,8,3
5225,770.0833,156,20005,20005,0,8
5226,770.1,156,19989,20005,16,-16
5227,770.1167,156,19989,20005,16,0
5228,770.1333,156,19992,20005,13,3
5229,770.15,156,19994,20005,11,2
5230,770.1667,156,19997,20005,8,3
5231,770.1833,156,19997,20005,8,0
5232,770.2,156,20005,20005,0,8
5233,770.2167,156,19989,20005,16,-16
5234,770.2333,156,19992,20005,13,3
5235,770.25,156,19992,20005,13,0
5236,770.2667,156,19994,20005,11,2
5237,770.2833,156,19997,20005,8,3
5238,770.3,156,19989,20005,16,-8
5239,770.3167,156,19989,20005,16,0
5240,770.3333,156,19992,20005,13,3
5241,770.35,156,19994,20005,11,2
5242,770.3667,156,19997,20005,8,3
5243,770.3833,156,19997,20005,8,0
5244,770.4,156,20000,20005,5,3
5245,770.4167,156,19987,20005,18,-13
5246,770.4333,156,19990,20005,15,3
5247,770.45,156,19992,20005,13,2
5248,770.4667,156,19992,20005,13,0
5249,770.4833,156,19995,20005,10,3
5250,770.5,156,19995,20005,10,0
5251,770.5167,156,18926,20005,1079,-1069
5252,770.5333,156,18929,20005,1076,3
5253,770.55,156,18932,20005,1073,3
5254,770.5667,156,18935,20005,1070,3
5255,770.5833,156,18938,20005,1067,3
5256,770.6,156,18938,20005,1067,0
5257,770.6167,156,18906,20005,1099,-32
5258,770.6333,156,18909,20005,1096,3
5259,770.65,156,18912,20005,1093,3
5260,770.6667,156,18914,20005,1091,2
5261,770.6833,156,18917,20005,1088,3
5262,770.7,156,18917,20005,1088,0
5263,770.7167,156,18886,20005,1119,-31
5264,770.7333,156,18889,20005,1116,3
5265,770.75,156,18889,20005,1116,0
5266,770.7667,156,18280,20005,1725,-609
5267,770.7833,156,18282,20005,1723,2
5268,770.8,156,18285,20005,1720,3
5269,770.8167,156,18285,20005,1720,0
5270,770.8333,156,18253,20005,1752,-32
5271,770.85,156,18256,20005,1749,3
5272,770.8667,156,18259,20005,1746,3
5273,770.8833,156,18261,20005,1744,2
5274,770.9,156,18261,20005,1744,0
5275,770.9167,156,18264,20005,1741,3
5276,770.9333,156,18233,20005,1772,-31
5277,770.95,156,19009,20005,996,776
5278,770.9667,156,19012,20005,993,3
5279,770.9833,156,19012,20005,993,0
5280,771.0,156,19015,20005,990,3
5281,771.0167,156,18984,20005,1021,-31
5282,771.0333,156,18986,20005,1019,2
5283,771.05,156,18986,20005,1019,0
5284,771.0667,156,19914,20005,91,928
5285,771.0833,156,19917,20005,88,3
5286,771.1,156,19919,20005,86,2
5287,771.1167,156,19888,20005,117,-31
5288,771.1333,156,19888,20005,117,0
5289,771.15,156,19891,20005,114,3
5290,771.1667,156,20005,20005,0,114
5291,771.1833,156,20005,20005,0,0
5292,771.2,156,20005,20005,0,0
5293,771.2167,156,19971,20005,34,-34
5294,771.2333,156,19974,20005,31,3
5295,771.25,156,19974,20005,31,0
5296,771.2667,156,20005,20005,0,31
5297,771.2833,156,20005,20005,0,0
5298,771.3,156,20005,20005,0,0
5299,771.3167,156,19971,20005,34,-34
5300,771.3333,156,19971,20005,34,0
5301,771.35,156,19973,20005,32,2
5302,771.3667,156,20005,20005,0,32
5303,771.3833,156,20005,20005,0,0
5304,771.4,156,20005,20005,0,0
5305,771.4167,156,20005,20005,0,0
5306,771.4333,156,19971,20005,34,-34
5307,771.45,156,19974,20005,31,3
5308,771.4667,156,20005,20005,0,31
5309,771.4833,156,20005,20005,0,0
5310,771.5,156,20005,20005,0,0
5311,771.5167,156,20005,20005,0,0
5312,771.5333,156,19971,20005,34,-34
5313,771.55,156,19974,20005,31,3
5314,771.5667,156,20005,20005,0,31
5315,771.5833,156,20005,20005,0,0
5316,771.6,156,20005,20005,0,0
5317,771.6167,156,20005,20005,0,0
5318,771.6333,156,19989,20005,16,-16
5319,771.65,156,19991,20005,14,2
5320,771.6667,156,20005,20005,0,14
5321,771.6833,156,20005,20005,0,0
5322,771.7,156,19832,20005,173,-173
5323,771.7167,156,19835,20005,170,3
5324,771.7333,156,19835,20005,170,0
5325,771.75,156,19837,20005,168,2
5326,771.7667,156,20005,20005,0,168
5327,771.7833,156,20005,20005,0,0
5328,771.8,156,20005,20005,0,0
5329,771.8167,156,20005,20005,0,0
5330,771.8333,156,20005,20005,0,0
5331,771.85,156,20005,20005,0,0
5332,771.8667,156,20005,20005,0,0
5333,771.8833,156,20005,20005,0,0
5334,771.9,156,20005,20005,0,0
5335,771.9167,156,20005,20005,0,0
5336,771.9333,156,20005,20005,0,0
5337,771.95,156,20005,20005,0,0
5338,771.9667,156,20005,20005,0,0
5339,771.9833,156,20005,20005,0,0
5340,772.0,156,20005,20005,0,0
5341,772.0167,156,20005,20005,0,0
5342,772.0333,156,20005,20005,0,0
5343,772.05,156,20005,20005,0,0
5344,772.0667,156,20005,20005,0,0
5345,772.0833,156,20005,20005,0,0
5346,772.1,156,20005,20005,0,0
5347,772.1167,156,20005,20005,0,0
5348,772.1333,156,20005,20005,0,0
5349,772.15,156,20005,20005,0,0
5350,772.1667,156,18516,20005,1489,-1489
5351,772.1833,156,18519,20005,1486,3
5352,772.2,156,18521,20005,1484,2
5353,772.2167,156,18521,20005,1484,0
5354,772.2333,156,18524,20005,1481,3
5355,772.25,156,19155,20005,850,631
5356,772.2667,156,19158,20005,847,3
5357,772.2833,156,19158,20005,847,0
5358,772.3,156,19161,20005,844,3
5359,772.3167,156,15791,20005,4214,-3370
5360,772.3333,156,15794,20005,4211,3
5361,772.35,156,15794,20005,4211,0
5362,772.3667,156,16874,20005,3131,1080
5363,772.3833,156,16877,20005,3128,3
5364,772.4,156,16880,20005,3125,3
5365,772.4167,156,16883,20005,3122,3
5366,772.4333,156,16883,20005,3122,0
5367,772.45,156,16869,20005,3136,-14
5368,772.4667,156,17714,20005,2291,845
5369,772.4833,156,17717,20005,2288,3
5370,772.5,156,17719,20005,2286,2
5371,772.5167,156,17719,20005,2286,0
5372,772.5333,156,17722,20005,2283,3
5373,772.55,156,17709,20005,2296,-13
5374,772.5667,156,16063,20005,3942,-1646
5375,772.5833,156,16066,20005,3939,3
5376,772.6,156,16069,20005,3936,3
5377,772.6167,156,16069,20005,3936,0
5378,772.6333,156,16071,20005,3934,2
5379,772.65,156,16058,20005,3947,-13
5380,772.6667,156,16820,20005,3185,762
5381,772.6833,156,16822,20005,3183,2
5382,772.7,156,16825,20005,3180,3
5383,772.7167,156,16827,20005,3178,2
5384,772.7333,156,16827,20005,3178,0
5385,772.75,156,16814,20005,3191,-13
5386,772.7667,156,17732,20005,2273,918
5387,772.7833,156,17734,20005,2271,2
5388,772.8,156,17737,20005,2268,3
5389,772.8167,156,17128,20005,2877,-609
5390,772.8333,156,17114,20005,2891,-14
5391,772.85,156,17114,20005,2891,0
5392,772.8667,156,18221,20005,1784,1107
5393,772.8833,156,15575,20005,4430,-2646
5394,772.9,156,15577,20005,4428,2
5395,772.9167,156,15579,20005,4426,2
5396,772.9333,156,15582,20005,4423,3
5397,772.95,156,16434,20005,3571,852
5398,772.9667,156,16437,20005,3568,3
5399,772.9833,156,16439,20005,3566,2
5400,773.0,156,16439,20005,3566,0
5401,773.0167,156,16224,20005,3781,-215
5402,773.0333,156,16226,20005,3779,2
5403,773.05,156,17264,20005,2741,1038
5404,773.0667,156,17266,20005,2739,2
5405,773.0833,156,17268,20005,2737,2
5406,773.1,156,17271,20005,2734,3
5407,773.1167,156,17273,20005,2732,2
5408,773.1333,156,19514,20005,491,2241
5409,773.15,156,19501,20005,504,-13
5410,773.1667,156,19503,20005,502,2
5411,773.1833,156,19503,20005,502,0
5412,773.2,156,19505,20005,500,2
5413,773.2167,156,19508,20005,497,3
5414,773.2333,156,20005,20005,0,497
5415,773.25,156,19989,20005,16,-16
5416,773.2667,156,19991,20005,14,2
5417,773.2833,156,19994,20005,11,3
5418,773.3,156,19994,20005,11,0
5419,773.3167,156,17268,20005,2737,-2726
5420,773.3333,156,19305,20005,700,2037
5421,773.35,156,19308,20005,697,3
5422,773.3667,156,19294,20005,711,-14
5423,773.3833,156,19296,20005,709,2
5424,773.4,156,19299,20005,706,3
5425,773.4167,156,20005,20005,0,706
5426,773.4333,156,20005,20005,0,0
5427,773.45,156,19989,20005,16,-16
5428,773.4667,156,19989,20005,16,0
5429,773.4833,156,19991,20005,14,2
5430,773.5,156,19994,20005,11,3
5431,773.5167,156,20005,20005,0,11
5432,773.5333,156,20005,20005,0,0
5433,773.55,156,20005,20005,0,0
5434,773.5667,156,19989,20005,16,-16
5435,773.5833,156,19991,20005,14,2
5436,773.6,156,20005,20005,0,14
5437,773.6167,156,20005,20005,0,0
5438,773.6333,156,20005,20005,0,0
5439,773.65,156,20005,20005,0,0
5440,773.6667,156,19989,20005,16,-16
5441,773.6833,156,19991,20005,14,2
5442,773.7,156,19829,20005,176,-162
5443,773.7167,156,19831,20005,174,2
5444,773.7333,156,19832,20005,173,1
5445,773.75,156,19835,20005,170,3
5446,773.7667,156,19835,20005,170,0
5447,773.7833,156,19821,20005,184,-14
5448,773.8,156,20005,20005,0,184
5449,773.8167,156,20005,20005,0,0
5450,773.8333,156,20005,20005,0,0
5451,773.85,156,19393,20005,612,-612
5452,773.8667,156,19380,20005,625,-13
5453,773.8833,156,19382,20005,623,2
5454,773.9,156,19385,20005,620,3
5455,773.9167,156,19385,20005,620,0
5456,773.9333,156,19387,20005,618,2
5457,773.95,156,19390,20005,615,3
5458,773.9667,156,19376,20005,629,-14
5459,773.9833,156,19378,20005,627,2
5460,774.0,156,19381,20005,624,3
5461,774.0167,156,19383,20005,622,2
5462,774.0333,156,19167,20005,838,-216
5463,774.05,156,19170,20005,835,3
5464,774.0667,156,19156,20005,849,-14
5465,774.0833,156,19158,20005,847,2
5466,774.1,156,19160,20005,845,2
5467,774.1167,156,19160,20005,845,0
5468,774.1333,156,19163,20005,842,3
5469,774.15,156,19165,20005,840,2
5470,774.1667,156,19167,20005,838,2
5471,774.1833,156,19153,20005,852,-14
5472,774.2,156,19156,20005,849,3
5473,774.2167,156,19158,20005,847,2
5474,774.2333,156,19160,20005,845,2
5475,774.25,156,19163,20005,842,3
5476,774.2667,156,19149,20005,856,-14
5477,774.2833,156,19151,20005,854,2
5478,774.3,156,19154,20005,851,3
5479,774.3167,156,19156,20005,849,2
5480,774.3333,156,19158,20005,847,2
5481,774.35,156,19160,20005,845,2
5482,774.3667,156,19146,20005,859,-14
5483,774.3833,156,19146,20005,859,0
5484,774.4,156,19148,20005,857,2
5485,774.4167,156,19151,20005,854,3
5486,774.4333,156,19830,20005,175,679
5487,774.45,156,19833,20005,172,3
5488,774.4667,156,19835,20005,170,2
5489,774.4833,156,19821,20005,184,-14
5490,774.5,156,19823,20005,182,2
5491,774.5167,156,20005,20005,0,182
5492,774.5333,156,20005,20005,0,0
5493,774.55,156,20005,20005,0,0
5494,774.5667,156,20005,20005,0,0
5495,774.5833,156,19989,20005,16,-16
5496,774.6,156,20005,20005,0,16
5497,774.6167,156,18817,20005,1188,-1188
5498,774.6333,156,18819,20005,1186,2
5499,774.65,156,18821,20005,1184,2
5500,774.6667,156,18823,20005,1182,2
5501,774.6833,156,19683,20005,322,860
5502,774.7,156,19685,20005,320,2
5503,774.7167,156,19687,20005,318,2
5504,774.7333,156,19689,20005,316,2
5505,774.75,156,19692,20005,313,3
5506,774.7667,156,19694,20005,311,2
5507,774.7833,156,19989,20005,16,295
5508,774.8,156,19991,20005,14,2
5509,774.8167,156,19993,20005,12,2
5510,774.8333,156,19995,20005,10,2
5511,774.85,156,19997,20005,8,2
5512,774.8667,156,19388,20005,617,-609
5513,774.8833,156,19989,20005,16,601
5514,774.9,156,19991,20005,14,2
5515,774.9167,156,19993,20005,12,2
5516,774.9333,156,19995,20005,10,2
5517,774.95,156,19997,20005,8,2
5518,774.9667,156,19997,20005,8,0
5519,774.9833,156,20000,20005,5,3
5520,775.0,156,19989,20005,16,-11
5521,775.0167,156,19991,20005,14,2
5522,775.0333,156,19995,20005,10,4
5523,775.05,156,19998,20005,7,3
5524,775.0667,156,19998,20005,7,0
5525,775.0833,156,20000,20005,5,2
5526,775.1,156,19989,20005,16,-11
5527,775.1167,156,19991,20005,14,2
5528,775.1333,156,19993,20005,12,2
5529,775.15,156,19995,20005,10,2
5530,775.1667,156,19998,20005,7,3
5531,775.1833,156,20000,20005,5,2
5532,775.2,156,19989,20005,16,-11
5533,775.2167,156,19993,20005,12,4
5534,775.2333,156,19995,20005,10,2
5535,775.25,156,19997,20005,8,2
5536,775.2667,156,19997,20005,8,0
5537,775.2833,156,19999,20005,6,2
5538,775.3,156,19989,20005,16,-10
5539,775.3167,156,19991,20005,14,2
5540,775.3333,156,19995,20005,10,4
5541,775.35,156,19997,20005,8,2
5542,775.3667,156,19999,20005,6,2
5543,775.3833,156,20001,20005,4,2
5544,775.4,156,20003,20005,2,2
5545,775.4167,156,20005,20005,0,2
5546,775.4333,156,20005,20005,0,0
5547,775.45,156,20005,20005,0,0
5548,775.4667,156,20005,20005,0,0
5549,775.4833,156,20005,20005,0,0
5550,775.5,156,20005,20005,0,0
5551,775.5167,156,20005,20005,0,0
5552,775.5333,156,20005,20005,0,0
5553,775.55,156,20005,20005,0,0
5554,775.5667,156,20005,20005,0,0
5555,775.5833,156,20005,20005,0,0
5556,775.6,156,20005,20005,0,0
5557,775.6167,156,20005,20005,0,0
5558,775.6333,156,20005,20005,0,0
5559,775.65,156,20005,20005,0,0
5560,775.6667,156,20005,20005,0,0
5561,775.6833,156,20005,20005,0,0
5562,775.7,156,20005,20005,0,0
5563,775.7167,156,20005,20005,0,0
5564,775.7333,156,20005,20005,0,0
5565,775.75,156,20005,20005,0,0
5566,775.7667,156,20005,20005,0,0
5567,775.7833,156,20005,20005,0,0
5568,775.8,156,20005,20005,0,0
5569,775.8167,156,20005,20005,0,0
5570,775.8333,156,20005,20005,0,0
5571,775.85,156,20005,20005,0,0
5572,775.8667,156,20005,20005,0,0
5573,775.8833,156,20005,20005,0,0
5574,775.9,156,20005,20005,0,0
5575,775.9167,156,20005,20005,0,0
5576,775.9333,156,20005,20005,0,0
5577,775.95,156,20005,20005,0,0
5578,775.9667,156,20005,20005,0,0
5579,775.9833,156,20005,20005,0,0
5580,776.0,156,20005,20005,0,0
5581,776.0167,156,20005,20005,0,0
5582,776.0333,156,20005,20005,0,0
5583,776.05,156,20005,20005,0,0
5584,776.0667,156,20005,20005,0,0
5585,776.0833,156,20005,20005,0,0
5586,776.1,156,20005,20005,0,0
5587,776.1167,156,20005,20005,0,0
5588,776.1333,156,20005,20005,0,0
5589,776.15,156,20005,20005,0,0
5590,776.1667,156,20005,20005,0,0
5591,776.1833,156,20005,20005,0,0
5592,776.2,156,20005,20005,0,0
5593,776.2167,156,20005,20005,0,0
5594,776.2333,156,20005,20005,0,0
5595,776.25,156,20005,20005,0,0
5596,776.2667,156,20005,20005,0,0
5597,776.2833,156,20005,20005,0,0
5598,776.3,156,20005,20005,0,0
5599,776.3167,156,20005,20005,0,0
5600,776.3333,156,19770,20005,235,-235
5601,776.35,156,19773,20005,232,3
5602,776.3667,156,19775,20005,230,2
5603,776.3833,156,19777,20005,228,2
5604,776.4,156,19779,20005,226,2
5605,776.4167,156,20005,20005,0,226
5606,776.4333,156,20005,20005,0,0
5607,776.45,156,20005,20005,0,0
5608,776.4667,156,20005,20005,0,0
5609,776.4833,156,20005,20005,0,0
5610,776.5,156,20005,20005,0,0
5611,776.5167,156,20005,20005,0,0
5612,776.5333,156,20005,20005,0,0
5613,776.55,156,20005,20005,0,0
5614,776.5667,156,20005,20005,0,0
5615,776.5833,156,20005,20005,0,0
5616,776.6,156,20005,20005,0,0
5617,776.6167,156,20005,20005,0,0
5618,776.6333,156,20005,20005,0,0
5619,776.65,156,20005,20005,0,0
5620,776.6667,156,20005,20005,0,0
5621,776.6833,156,20005,20005,0,0
5622,776.7,156,20005,20005,0,0
5623,776.7167,156,20005,20005,0,0
5624,776.7333,156,20005,20005,0,0
5625,776.75,156,20005,20005,0,0
5626,776.7667,156,20005,20005,0,0
5627,776.7833,156,20005,20005,0,0
5628,776.8,156,20005,20005,0,0
5629,776.8167,156,20005,20005,0,0
5630,776.8333,156,20005,20005,0,0
5631,776.85,156,20005,20005,0,0
5632,776.8667,156,20005,20005,0,0
5633,776.8833,156,20005,20005,0,0
5634,776.9,156,20005,20005,0,0
5635,776.9167,156,20005,20005,0,0
5636,776.9333,156,20005,20005,0,0
5637,776.95,156,20005,20005,0,0
5638,776.9667,156,20005,20005,0,0
5639,776.9833,156,20005,20005,0,0
5640,777.0,156,20005,20005,0,0
5641,777.0167,156,20005,20005,0,0
5642,777.0333,156,20005,20005,0,0
5643,777.05,156,20005,20005,0,0
5644,777.0667,156,20005,20005,0,0
5645,777.0833,156,20005,20005,0,0
5646,777.1,156,20005,20005,0,0
5647,777.1167,156,20005,20005,0,0
5648,777.1333,156,20005,20005,0,0
5649,777.15,156,20005,20005,0,0
5650,777.1667,156,20005,20005,0,0
5651,777.1833,156,20005,20005,0,0
5652,777.2,156,20005,20005,0,0
5653,777.2167,156,20005,20005,0,0
5654,777.2333,156,20005,20005,0,0
5655,777.25,156,20005,20005,0,0
5656,777.2667,156,20005,20005,0,0
5657,777.2833,156,20005,20005,0,0
5658,777.3,156,20005,20005,0,0
5659,777.3167,156,20005,20005,0,0
5660,777.3333,156,20005,20005,0,0
5661,777.35,156,20005,20005,0,0
5662,777.3667,156,20005,20005,0,0
5663,777.3833,156,20005,20005,0,0
5664,777.4,156,20005,20005,0,0
5665,777.4167,156,20005,20005,0,0
5666,777.4333,156,20005,20005,0,0
5667,777.45,156,20005,20005,0,0
5668,777.4667,156,20005,20005,0,0
5669,777.4833,156,20005,20005,0,0
5670,777.5,156,20005,20005,0,0
5671,777.5167,156,20005,20005,0,0
5672,777.5333,156,20005,20005,0,0
5673,777.55,156,20005,20005,0,0
5674,777.5667,156,20005,20005,0,0
5675,777.5833,156,20005,20005,0,0
5676,777.6,156,20005,20005,0,0
5677,777.6167,156,20005,20005,0,0
5678,777.6333,156,20005,20005,0,0
5679,777.65,156,20005,20005,0,0
5680,777.6667,156,20005,20005,0,0
5681,777.6833,156,20005,20005,0,0
5682,777.7,156,20005,20005,0,0
5683,777.7167,156,20005,20005,0,0
5684,777.7333,156,20005,20005,0,0
5685,777.75,156,20005,20005,0,0
5686,777.7667,156,20005,20005,0,0
5687,777.7833,156,20005,20005,0,0
5688,777.8,156,20005,20005,0,0
5689,777.8167,156,20005,20005,0,0
5690,777.8333,156,20005,20005,0,0
5691,777.85,156,20005,20005,0,0
5692,777.8667,156,20005,20005,0,0
5693,777.8833,156,20005,20005,0,0
5694,777.9,156,20005,20005,0,0
5695,777.9167,156,20005,20005,0,0
5696,777.9333,156,20005,20005,0,0
5697,777.95,156,20005,20005,0,0
5698,777.9667,156,20005,20005,0,0
5699,777.9833,156,20005,20005,0,0
5700,778.0,156,20005,20005,0,0
5701,778.0167,156,20005,20005,0,0
5702,778.0333,156,20005,20005,0,0
5703,778.05,156,20005,20005,0,0
5704,778.0667,156,20005,20005,0,0
5705,778.0833,156,20005,20005,0,0
5706,778.1,156,20005,20005,0,0
5707,778.1167,156,20005,20005,0,0
5708,778.1333,156,20005,20005,0,0
5709,778.15,156,20005,20005,0,0
5710,778.1667,156,20005,20005,0,0
5711,778.1833,156,20005,20005,0,0
5712,778.2,156,20005,20005,0,0
5713,778.2167,156,20005,20005,0,0
5714,778.2333,156,20005,20005,0,0
5715,778.25,156,20005,20005,0,0
5716,778.2667,156,20005,20005,0,0
5717,778.2833,156,20005,20005,0,0
5718,778.3,156,20005,20005,0,0
5719,778.3167,156,20005,20005,0,0
5720,778.3333,156,20005,20005,0,0
5721,778.35,156,20005,20005,0,0
5722,778.3667,156,20005,20005,0,0
5723,778.3833,156,20005,20005,0,0
5724,778.4,156,20005,20005,0,0
5725,778.4167,156,20005,20005,0,0
5726,778.4333,156,20005,20005,0,0
5727,778.45,156,20005,20005,0,0
5728,778.4667,156,20005,20005,0,0
5729,778.4833,156,20005,20005,0,0
5730,778.5,156,20005,20005,0,0
5731,778.5167,156,20005,20005,0,0
5732,778.5333,156,20005,20005,0,0
5733,778.55,156,20005,20005,0,0
5734,778.5667,156,20005,20005,0,0
5735,778.5833,156,20005,20005,0,0
5736,778.6,156,20005,20005,0,0
5737,778.6167,156,20005,20005,0,0
5738,778.6333,156,20005,20005,0,0
5739,778.65,156,20005,20005,0,0
5740,778.6667,156,20005,20005,0,0
5741,778.6833,156,20005,20005,0,0
5742,778.7,156,20005,20005,0,0
5743,778.7167,156,20005,20005,0,0
5744,778.7333,156,20005,20005,0,0
5745,778.75,156,20005,20005,0,0
5746,778.7667,156,20005,20005,0,0
5747,778.7833,156,20005,20005,0,0
5748,778.8,156,20005,20005,0,0
5749,778.8167,156,20005,20005,0,0
5750,778.8333,156,20005,20005,0,0
5751,778.85,156,20005,20005,0,0
5752,778.8667,156,20005,20005,0,0
5753,778.8833,156,20005,20005,0,0
5754,778.9,156,20005,20005,0,0
5755,778.9167,156,20005,20005,0,0
5756,778.9333,156,20005,20005,0,0
5757,778.95,156,20005,20005,0,0
5758,778.9667,156,20005,20005,0,0
5759,778.9833,156,20005,20005,0,0
5760,779.0,156,20005,20005,0,0
5761,779.0167,156,20005,20005,0,0
5762,779.0333,156,20005,20005,0,0
5763,779.05,156,20005,20005,0,0
5764,779.0667,156,20005,20005,0,0
5765,779.0833,156,20005,20005,0,0
5766,779.1,156,20005,20005,0,0
5767,779.1167,156,20005,20005,0,0
5768,779.1333,156,20005,20005,0,0
5769,779.15,156,20005,20005,0,0
5770,779.1667,156,20005,20005,0,0
5771,779.1833,156,20005,20005,0,0
5772,779.2,156,20005,20005,0,0
5773,779.2167,156,20005,20005,0,0
5774,779.2333,156,20005,20005,0,0
5775,779.25,156,20005,20005,0,0
5776,779.2667,156,20005,20005,0,0
5777,779.2833,156,20005,20005,0,0
5778,779.3,156,20005,20005,0,0
5779,779.3167,156,20005,20005,0,0
5780,779.3333,156,20005,20005,0,0
5781,779.35,156,20005,20005,0,0
5782,779.3667,156,20005,20005,0,0
5783,779.3833,156,20005,20005,0,0
5784,779.4,156,20005,20005,0,0
5785,779.4167,156,20005,20005,0,0
5786,779.4333,156,20005,20005,0,0
5787,779.45,156,20005,20005,0,0
5788,779.4667,156,20005,20005,0,0
5789,779.4833,156,20005,20005,0,0
5790,779.5,156,20005,20005,0,0
5791,779.5167,156,20005,20005,0,0
5792,779.5333,156,20005,20005,0,0
5793,779.55,156,20005,20005,0,0
5794,779.5667,156,20005,20005,0,0
5795,779.5833,156,20005,20005,0,0
5796,779.6,156,20005,20005,0,0
5797,779.6167,156,20005,20005,0,0
5798,779.6333,156,20005,20005,0,0
5799,779.65,156,20005,20005,0,0
5800,779.6667,156,20005,20005,0,0
5801,779.6833,156,20005,20005,0,0
5802,779.7,156,20005,20005,0,0
5803,779.7167,156,20005,20005,0,0
5804,779.7333,156,20005,20005,0,0
5805,779.75,156,20005,20005,0,0
5806,779.7667,156,20005,20005,0,0
5807,779.7833,156,20005,20005,0,0
5808,779.8,156,20005,20005,0,0
5809,779.8167,156,20005,20005,0,0
5810,779.8333,156,20005,20005,0,0
5811,779.85,156,20005,20005,0,0
5812,779.8667,156,20005,20005,0,0
5813,779.8833,156,20005,20005,0,0
5814,779.9,156,20005,20005,0,0
5815,779.9167,156,20005,20005,0,0
5816,779.9333,156,20005,20005,0,0
5817,779.95,156,20005,20005,0,0
5818,779.9667,156,20005,20005,0,0
5819,779.9833,156,20005,20005,0,0
5820,780.0,156,20005,20005,0,0
5821,780.0167,156,20005,20005,0,0
5822,780.0333,156,20005,20005,0,0
5823,780.05,156,20005,20005,0,0
5824,780.0667,156,20005,20005,0,0
5825,780.0833,156,20005,20005,0,0
5826,780.1,156,20005,20005,0,0
5827,780.1167,156,20005,20005,0,0
5828,780.1333,156,20005,20005,0,0
5829,780.15,156,20005,20005,0,0
5830,780.1667,156,20005,20005,0,0
5831,780.1833,156,20005,20005,0,0
5832,780.2,156,20005,20005,0,0
5833,780.2167,156,20005,20005,0,0
5834,780.2333,156,20005,20005,0,0
5835,780.25,156,20005,20005,0,0
5836,780.2667,156,20005,20005,0,0
5837,780.2833,156,20005,20005,0,0
5838,780.3,156,20005,20005,0,0
5839,780.3167,156,20005,20005,0,0
5840,780.3333,156,20005,20005,0,0
5841,780.35,156,20005,20005,0,0
5842,780.3667,156,20005,20005,0,0
5843,780.3833,156,20005,20005,0,0
5844,780.4,157,20005,20005,0,0
5845,780.4167,157,20005,20005,0,0
5846,780.4333,157,20005,20005,0,0
5847,780.45,157,20005,20005,0,0
5848,780.4667,157,20005,20005,0,0
5849,780.4833,157,20005,20005,0,0
5850,780.5,157,20005,20005,0,0
5851,780.5167,157,20005,20005,0,0
5852,780.5333,157,20005,20005,0,0
5853,780.55,157,20005,20005,0,0
5854,780.5667,157,20005,20005,0,0
5855,780.5833,157,20005,20005,0,0
5856,780.6,157,20005,20005,0,0
5857,780.6167,157,20005,20005,0,0
5858,780.6333,157,20005,20005,0,0
5859,780.65,157,20005,20005,0,0
5860,780.6667,157,20005,20005,0,0
5861,780.6833,157,20005,20005,0,0
5862,780.7,157,20005,20005,0,0
5863,780.7167,157,20005,20005,0,0
5864,780.7333,157,20005,20005,0,0
5865,780.75,157,20005,20005,0,0
5866,780.7667,157,20005,20005,0,0
5867,780.7833,157,20005,20005,0,0
5868,780.8,157,20005,20005,0,0
5869,780.8167,157,20005,20005,0,0
5870,780.8333,157,20005,20005,0,0
5871,780.85,157,20005,20005,0,0
5872,780.8667,157,20005,20005,0,0
5873,780.8833,157,20005,20005,0,0
5874,780.9,157,20005,20005,0,0
5875,780.9167,157,20005,20005,0,0
5876,780.9333,157,20005,20005,0,0
5877,780.95,157,20005,20005,0,0
5878,780.9667,157,20005,20005,0,0
5879,780.9833,157,20005,20005,0,0
5880,781.0,157,20005,20005,0,0
5881,781.0167,157,20005,20005,0,0
5882,781.0333,157,20005,20005,0,0
5883,781.05,157,20005,20005,0,0
5884,781.0667,157,20005,20005,0,0
5885,781.0833,157,20005,20005,0,0
5886,781.1,157,20005,20005,0,0
5887,781.1167,157,20005,20005,0,0
5888,781.1333,157,20005,20005,0,0
5889,781.15,157,20005,20005,0,0
5890,781.1667,157,20005,20005,0,0
5891,781.1833,157,20005,20005,0,0
5892,781.2,157,20005,20005,0,0
5893,781.2167,157,20005,20005,0,0
5894,781.2333,157,20005,20005,0,0
5895,781.25,157,20005,20005,0,0
5896,781.2667,157,20005,20005,0,0
5897,781.2833,157,20005,20005,0,0
5898,781.3,157,20005,20005,0,0
5899,781.3167,157,20005,20005,0,0
5900,781.3333,157,20005,20005,0,0
5901,781.35,157,20005,20005,0,0
5902,781.3667,157,20005,20005,0,0
5903,781.3833,157,20005,20005,0,0
5904,781.4,157,20005,20005,0,0
5905,781.4167,157,20005,20005,0,0
5906,781.4333,157,20005,20005,0,0
5907,781.45,157,20005,20005,0,0
5908,781.4667,157,20005,20005,0,0
5909,781.4833,157,20005,20005,0,0
5910,781.5,157,20005,20005,0,0
5911,781.5167,157,20005,20005,0,0
5912,781.5333,157,20005,20005,0,0
5913,781.55,157,20005,20005,0,0
5914,781.5667,157,20005,20005,0,0
5915,781.5833,157,20005,20005,0,0
5916,781.6,157,20005,20005,0,0
5917,781.6167,157,20005,20005,0,0
5918,781.6333,157,20005,20005,0,0
5919,781.65,157,20005,20005,0,0
5920,781.6667,157,20005,20005,0,0
5921,781.6833,157,20005,20005,0,0
5922,781.7,157,20005,20005,0,0
5923,781.7167,157,20005,20005,0,0
5924,781.7333,157,20005,20005,0,0
5925,781.75,157,20005,20005,0,0
5926,781.7667,157,20005,20005,0,0
5927,781.7833,157,20005,20005,0,0
5928,781.8,157,20005,20005,0,0
5929,781.8167,157,20005,20005,0,0
5930,781.8333,157,20005,20005,0,0
5931,781.85,157,20005,20005,0,0
5932,781.8667,157,20005,20005,0,0
5933,781.8833,157,20005,20005,0,0
5934,781.9,157,20005,20005,0,0
5935,781.9167,157,20005,20005,0,0
5936,781.9333,157,20005,20005,0,0
5937,781.95,157,20005,20005,0,0
5938,781.9667,157,20005,20005,0,0
5939,781.9833,157,20005,20005,0,0
5940,782.0,157,20005,20005,0,0
5941,782.0167,157,20005,20005,0,0
5942,782.0333,157,20005,20005,0,0
5943,782.05,157,20005,20005,0,0
5944,782.0667,157,20005,20005,0,0
5945,782.0833,157,20005,20005,0,0
5946,782.1,157,20005,20005,0,0
5947,782.1167,157,20005,20005,0,0
5948,782.1333,157,20005,20005,0,0
5949,782.15,157,20005,20005,0,0
5950,782.1667,157,20005,20005,0,0
5951,782.1833,157,20005,20005,0,0
5952,782.2,157,20005,20005,0,0
5953,782.2167,157,20005,20005,0,0
5954,782.2333,157,20005,20005,0,0
5955,782.25,157,20005,20005,0,0
5956,782.2667,157,20005,20005,0,0
5957,782.2833,157,20005,20005,0,0
5958,782.3,157,20005,20005,0,0
5959,782.3167,157,20005,20005,0,0
5960,782.3333,157,20005,20005,0,0
5961,782.35,157,20005,20005,0,0
5962,782.3667,157,20005,20005,0,0
5963,782.3833,157,20005,20005,0,0
5964,782.4,157,20005,20005,0,0
5965,782.4167,157,19815,20005,190,-190
5966,782.4333,157,19817,20005,188,2
5967,782.45,157,19819,20005,186,2
5968,782.4667,157,19821,20005,184,2
5969,782.4833,157,19824,20005,181,3
5970,782.5,157,19826,20005,179,2
5971,782.5167,157,19828,20005,177,2
5972,782.5333,157,19830,20005,175,2
5973,782.55,157,19832,20005,173,2
5974,782.5667,157,19834,20005,171,2
5975,782.5833,157,19836,20005,169,2
5976,782.6,157,19838,20005,167,2
5977,782.6167,157,19840,20005,165,2
5978,782.6333,157,19843,20005,162,3
5979,782.65,157,19845,20005,160,2
5980,782.6667,157,19847,20005,158,2
5981,782.6833,157,19849,20005,156,2
5982,782.7,157,20005,20005,0,156
5983,782.7167,157,20005,20005,0,0
5984,782.7333,157,20005,20005,0,0
5985,782.75,157,20005,20005,0,0
5986,782.7667,157,20005,20005,0,0
5987,782.7833,157,20005,20005,0,0
5988,782.8,157,20005,20005,0,0
5989,782.8167,157,20005,20005,0,0
5990,782.8333,157,20005,20005,0,0
5991,782.85,157,20005,20005,0,0
5992,782.8667,157,20005,20005,0,0
5993,782.8833,157,20005,20005,0,0
5994,782.9,157,20005,20005,0,0
5995,782.9167,157,20005,20005,0,0
5996,782.9333,157,20005,20005,0,0
5997,782.95,157,20005,20005,0,0
5998,782.9667,157,20005,20005,0,0
5999,782.9833,157,20005,20005,0,0
6000,783.0,157,20005,20005,0,0
6001,783.0167,157,20005,20005,0,0
6002,783.0333,157,20005,20005,0,0
6003,783.05,157,20005,20005,0,0
6004,783.0667,157,20005,20005,0,0
6005,783.0833,157,20005,20005,0,0
6006,783.1,157,20005,20005,0,0
6007,783.1167,157,20005,20005,0,0
6008,783.1333,157,20005,20005,0,0
6009,783.15,157,20005,20005,0,0
6010,783.1667,157,20005,20005,0,0
6011,783.1833,157,20005,20005,0,0
6012,783.2,157,20005,20005,0,0
6013,783.2167,157,20005,20005,0,0
6014,783.2333,157,20005,20005,0,0
6015,783.25,157,20005,20005,0,0
6016,783.2667,157,20005,20005,0,0
6017,783.2833,157,20005,20005,0,0
6018,783.3,157,20005,20005,0,0
6019,783.3167,157,20005,20005,0,0
6020,783.3333,157,20005,20005,0,0
6021,783.35,157,20005,20005,0,0
6022,783.3667,157,20005,20005,0,0
6023,783.3833,157,19682,20005,323,-323
6024,783.4,157,20005,20005,0,323
6025,783.4167,157,19580,20005,425,-425
6026,783.4333,157,20005,20005,0,425
6027,783.45,157,20005,20005,0,0
6028,783.4667,157,20005,20005,0,0
6029,783.4833,157,20005,20005,0,0
6030,783.5,157,20005,20005,0,0
6031,783.5167,157,20005,20005,0,0
6032,783.5333,157,18780,20005,1225,-1225
6033,783.55,157,18783,20005,1222,3
6034,783.5667,157,18783,20005,1222,0
6035,783.5833,157,18785,20005,1220,2
6036,783.6,157,18788,20005,1217,3
6037,783.6167,157,18791,20005,1214,3
6038,783.6333,157,20005,20005,0,1214
6039,783.65,157,20005,20005,0,0
6040,783.6667,157,20005,20005,0,0
6041,783.6833,157,20005,20005,0,0
6042,783.7,157,20005,20005,0,0
6043,783.7167,157,20005,20005,0,0
6044,783.7333,157,20005,20005,0,0
6045,783.75,157,20005,20005,0,0
6046,783.7667,157,20005,20005,0,0
6047,783.7833,157,20005,20005,0,0
6048,783.8,157,20005,20005,0,0
6049,783.8167,157,20005,20005,0,0
6050,783.8333,157,18780,20005,1225,-1225
6051,783.85,157,18780,20005,1225,0
6052,783.8667,157,18783,20005,1222,3
6053,783.8833,157,18785,20005,1220,2
6054,783.9,157,18787,20005,1218,2
6055,783.9167,157,18790,20005,1215,3
6056,783.9333,157,18792,20005,1213,2
6057,783.95,157,18792,20005,1213,0
6058,783.9667,157,18795,20005,1210,3
6059,783.9833,157,18797,20005,1208,2
6060,784.0,157,18800,20005,1205,3
6061,784.0167,157,18802,20005,1203,2
6062,784.0333,157,18805,20005,1200,3
6063,784.05,157,18807,20005,1198,2
6064,784.0667,157,18810,20005,1195,3
6065,784.0833,157,18810,20005,1195,0
6066,784.1,157,18812,20005,1193,2
6067,784.1167,157,18812,20005,1193,0
6068,784.1333,157,18815,20005,1190,3
6069,784.15,157,18817,20005,1188,2
6070,784.1667,157,18820,20005,1185,3
6071,784.1833,157,18820,20005,1185,0
6072,784.2,157,18822,20005,1183,2
6073,784.2167,157,20005,20005,0,1183
6074,784.2333,157,20005,20005,0,0
6075,784.25,157,20005,20005,0,0
6076,784.2667,157,20005,20005,0,0
6077,784.2833,157,20005,20005,0,0
6078,784.3,157,20005,20005,0,0
6079,784.3167,157,20005,20005,0,0
6080,784.3333,157,20005,20005,0,0
6081,784.35,157,19560,20005,445,-445
6082,784.3667,157,19563,20005,442,3
6083,784.3833,157,19563,20005,442,0
6084,784.4,157,20005,20005,0,442
6085,784.4167,157,19557,20005,448,-448
6086,784.4333,157,19560,20005,445,3
6087,784.45,157,19536,20005,469,-24
6088,784.4667,157,19536,20005,469,0
6089,784.4833,157,20005,20005,0,469
6090,784.5,157,20005,20005,0,0
6091,784.5167,157,20005,20005,0,0
6092,784.5333,157,20005,20005,0,0
6093,784.55,157,20005,20005,0,0
6094,784.5667,157,19979,20005,26,-26
6095,784.5833,157,19981,20005,24,2
6096,784.6,157,19981,20005,24,0
6097,784.6167,157,19984,20005,21,3
6098,784.6333,157,19987,20005,18,3
6099,784.65,157,19987,20005,18,0
6100,784.6667,157,20005,20005,0,18
6101,784.6833,157,19979,20005,26,-26
6102,784.7,157,19981,20005,24,2
6103,784.7167,157,19984,20005,21,3
6104,784.7333,157,19984,20005,21,0
6105,784.75,157,19987,20005,18,3
6106,784.7667,157,19964,20005,41,-23
6107,784.7833,157,19966,20005,39,2
6108,784.8,157,19969,20005,36,3
6109,784.8167,157,19969,20005,36,0
6110,784.8333,157,19972,20005,33,3
6111,784.85,157,19975,20005,30,3
6112,784.8667,157,19951,20005,54,-24
6113,784.8833,157,19951,20005,54,0
6114,784.9,157,19954,20005,51,3
6115,784.9167,157,19956,20005,49,2
6116,784.9333,157,19959,20005,46,3
6117,784.95,157,19959,20005,46,0
6118,784.9667,157,19962,20005,43,3
6119,784.9833,157,19938,20005,67,-24
6120,785.0,157,19941,20005,64,3
6121,785.0167,157,19941,20005,64,0
6122,785.0333,157,19944,20005,61,3
6123,785.05,157,19946,20005,59,2
6124,785.0667,157,19923,20005,82,-23
6125,785.0833,157,19923,20005,82,0
6126,785.1,157,19926,20005,79,3
6127,785.1167,157,19928,20005,77,2
6128,785.1333,157,19928,20005,77,0
6129,785.15,157,19931,20005,74,3
6130,785.1667,157,19934,20005,71,3
6131,785.1833,157,19911,20005,94,-23
6132,785.2,157,19911,20005,94,0
6133,785.2167,157,19913,20005,92,2
6134,785.2333,157,19916,20005,89,3
6135,785.25,157,19919,20005,86,3
6136,785.2667,157,19895,20005,110,-24
6137,785.2833,157,19895,20005,110,0
6138,785.3,157,19898,20005,107,3
6139,785.3167,157,19901,20005,104,3
6140,785.3333,157,19901,20005,104,0
6141,785.35,157,19904,20005,101,3
6142,785.3667,157,19907,20005,98,3
6143,785.3833,157,19907,20005,98,0
6144,785.4,157,19883,20005,122,-24
6145,785.4167,157,19443,20005,562,-440
6146,785.4333,157,19443,20005,562,0
6147,785.45,157,20005,20005,0,562
6148,785.4667,157,20005,20005,0,0
6149,785.4833,157,20005,20005,0,0
6150,785.5,157,19979,20005,26,-26
6151,785.5167,157,19072,20005,933,-907
6152,785.5333,157,19072,20005,933,0
6153,785.55,157,19075,20005,930,3
6154,785.5667,157,19075,20005,930,0
6155,785.5833,157,20005,20005,0,930
6156,785.6,157,19960,20005,45,-45
6157,785.6167,157,19923,20005,82,-37
6158,785.6333,157,19923,20005,82,0
6159,785.65,157,19926,20005,79,3
6160,785.6667,157,19929,20005,76,3
6161,785.6833,157,19887,20005,118,-42
6162,785.7,157,19887,20005,118,0
6163,785.7167,157,19850,20005,155,-37
6164,785.7333,157,19853,20005,152,3
6165,785.75,157,19853,20005,152,0
6166,785.7667,157,19856,20005,149,3
6167,785.7833,157,19859,20005,146,3
6168,785.8,157,19859,20005,146,0
6169,785.8167,157,18057,20005,1948,-1802
6170,785.8333,157,18060,20005,1945,3
6171,785.85,157,18060,20005,1945,0
6172,785.8667,157,18063,20005,1942,3
6173,785.8833,157,18063,20005,1942,0
6174,785.9,157,18066,20005,1939,3
6175,785.9167,157,18066,20005,1939,0
6176,785.9333,157,17965,20005,2040,-101
6177,785.95,157,17968,20005,2037,3
6178,785.9667,157,17968,20005,2037,0
6179,785.9833,157,17971,20005,2034,3
6180,786.0,157,17971,20005,2034,0
6181,786.0167,157,19092,20005,913,1121
6182,786.0333,157,18991,20005,1014,-101
6183,786.05,157,18991,20005,1014,0
6184,786.0667,157,18995,20005,1010,4
6185,786.0833,157,18995,20005,1010,0
6186,786.1,157,18998,20005,1007,3
6187,786.1167,157,19363,20005,642,365
6188,786.1333,157,19363,20005,642,0
6189,786.15,157,19281,20005,724,-82
6190,786.1667,157,19284,20005,721,3
6191,786.1833,157,19284,20005,721,0
6192,786.2,157,19288,20005,717,4
6193,786.2167,157,19288,20005,717,0
6194,786.2333,157,19794,20005,211,506
6195,786.25,157,19794,20005,211,0
6196,786.2667,157,19757,20005,248,-37
6197,786.2833,157,19760,20005,245,3
6198,786.3,157,19760,20005,245,0
6199,786.3167,157,18887,20005,1118,-873
6200,786.3333,157,18887,20005,1118,0
6201,786.35,157,19901,20005,104,1014
6202,786.3667,157,19901,20005,104,0
6203,786.3833,157,19904,20005,101,3
6204,786.4,157,19904,20005,101,0
6205,786.4167,157,19908,20005,97,4
6206,786.4333,157,19838,20005,167,-70
6207,786.45,157,19838,20005,167,0
6208,786.4667,157,19965,20005,40,127
6209,786.4833,157,19965,20005,40,0
6210,786.5,157,19437,20005,568,-528
6211,786.5167,157,19437,20005,568,0
6212,786.5333,157,18661,20005,1344,-776
6213,786.55,157,18661,20005,1344,0
6214,786.5667,157,20005,20005,0,1344
6215,786.5833,157,20005,20005,0,0
6216,786.6,157,20005,20005,0,0
6217,786.6167,157,20005,20005,0,0
6218,786.6333,157,20005,20005,0,0
6219,786.65,157,20005,20005,0,0
6220,786.6667,157,19931,20005,74,-74
6221,786.6833,157,19931,20005,74,0
6222,786.7,157,19965,20005,40,34
6223,786.7167,157,19969,20005,36,4
6224,786.7333,157,19969,20005,36,0
6225,786.75,157,19899,20005,106,-70
6226,786.7667,157,19899,20005,106,0
6227,786.7833,157,19863,20005,142,-36
6228,786.8,157,19863,20005,142,0
6229,786.8167,157,20005,20005,0,142
6230,786.8333,157,19995,20005,10,-10
6231,786.85,157,19995,20005,10,0
6232,786.8667,157,18674,20005,1331,-1321
6233,786.8833,157,18674,20005,1331,0
6234,786.9,157,18678,20005,1327,4
6235,786.9167,157,20005,20005,0,1327
6236,786.9333,157,20005,20005,0,0
6237,786.95,157,19931,20005,74,-74
6238,786.9667,157,19931,20005,74,0
6239,786.9833,157,19895,20005,110,-36
6240,787.0,157,19898,20005,107,3
6241,787.0167,157,19898,20005,107,0
6242,787.0333,157,19977,20005,28,79
6243,787.05,157,19977,20005,28,0
6244,787.0667,157,19895,20005,110,-82
6245,787.0833,157,19898,20005,107,3
6246,787.1,157,19898,20005,107,0
6247,787.1167,157,19902,20005,103,4
6248,787.1333,157,19902,20005,103,0
6249,787.15,157,19931,20005,74,29
6250,787.1667,157,19895,20005,110,-36
6251,787.1833,157,19895,20005,110,0
6252,787.2,157,19898,20005,107,3
6253,787.2167,157,19898,20005,107,0
6254,787.2333,157,19902,20005,103,4
6255,787.25,157,19891,20005,114,-11
6256,787.2667,157,19891,20005,114,0
6257,787.2833,157,19895,20005,110,4
6258,787.3,157,19895,20005,110,0
6259,787.3167,157,19898,20005,107,3
6260,787.3333,157,19898,20005,107,0
6261,787.35,157,19902,20005,103,4
6262,787.3667,157,19979,20005,26,77
6263,787.3833,157,19979,20005,26,0
6264,787.4,157,19983,20005,22,4
6265,787.4167,157,19983,20005,22,0
6266,787.4333,157,19987,20005,18,4
6267,787.45,157,19975,20005,30,-12
6268,787.4667,157,19975,20005,30,0
6269,787.4833,157,19968,20005,37,-7
6270,787.5,157,19968,20005,37,0
6271,787.5167,157,19559,20005,446,-409
6272,787.5333,157,19559,20005,446,0
6273,787.55,157,19563,20005,442,4
6274,787.5667,157,20005,20005,0,442
6275,787.5833,157,20005,20005,0,0
6276,787.6,157,20005,20005,0,0
6277,787.6167,157,20005,20005,0,0
6278,787.6333,157,20005,20005,0,0
6279,787.65,157,20005,20005,0,0
6280,787.6667,157,20005,20005,0,0
6281,787.6833,157,20005,20005,0,0
6282,787.7,157,20005,20005,0,0
6283,787.7167,157,19371,20005,634,-634
6284,787.7333,157,19371,20005,634,0
6285,787.75,157,18876,20005,1129,-495
6286,787.7667,157,18876,20005,1129,0
6287,787.7833,157,18268,20005,1737,-608
6288,787.8,157,18268,20005,1737,0
6289,787.8167,157,18272,20005,1733,4
6290,787.8333,157,19979,20005,26,1707
6291,787.85,157,19979,20005,26,0
6292,787.8667,157,19967,20005,38,-12
6293,787.8833,157,19967,20005,38,0
6294,787.9,157,17772,20005,2233,-2195
6295,787.9167,157,17750,20005,2255,-22
6296,787.9333,157,17750,20005,2255,0
6297,787.95,157,19591,20005,414,1841
6298,787.9667,157,19591,20005,414,0
6299,787.9833,157,19585,20005,420,-6
6300,788.0,157,19588,20005,417,3
6301,788.0167,157,19588,20005,417,0
6302,788.0333,157,19566,20005,439,-22
6303,788.05,157,19566,20005,439,0
6304,788.0667,157,19990,20005,15,424
6305,788.0833,157,19983,20005,22,-7
6306,788.1,157,19983,20005,22,0
6307,788.1167,157,19960,20005,45,-23
6308,788.1333,157,19960,20005,45,0
6309,788.15,157,19964,20005,41,4
6310,788.1667,157,19979,20005,26,15
6311,788.1833,157,19979,20005,26,0
6312,788.2,157,19983,20005,22,4
6313,788.2167,157,19983,20005,22,0
6314,788.2333,157,19960,20005,45,-23
6315,788.25,157,19960,20005,45,0
6316,788.2667,157,19948,20005,57,-12
6317,788.2833,157,19995,20005,10,47
6318,788.3,157,19995,20005,10,0
6319,788.3167,157,19998,20005,7,3
6320,788.3333,157,19998,20005,7,0
6321,788.35,157,19976,20005,29,-22
6322,788.3667,157,19954,20005,51,-22
6323,788.3833,157,19954,20005,51,0
6324,788.4,157,20005,20005,0,51
6325,788.4167,157,20005,20005,0,0
6326,788.4333,157,19428,20005,577,-577
6327,788.45,157,19428,20005,577,0
6328,788.4667,157,19416,20005,589,-12
6329,788.4833,157,19410,20005,595,-6
6330,788.5,157,19410,20005,595,0
6331,788.5167,157,19410,20005,595,0
6332,788.5333,157,20005,20005,0,595
6333,788.55,157,19566,20005,439,-439
6334,788.5667,157,19566,20005,439,0
6335,788.5833,157,20005,20005,0,439
6336,788.6,157,20005,20005,0,0
6337,788.6167,157,20005,20005,0,0
6338,788.6333,157,20005,20005,0,0
6339,788.65,157,19979,20005,26,-26
6340,788.6667,157,19979,20005,26,0
6341,788.6833,157,19983,20005,22,4
6342,788.7,157,19477,20005,528,-506
6343,788.7167,157,19477,20005,528,0
6344,788.7333,157,19481,20005,524,4
6345,788.75,157,19481,20005,524,0
6346,788.7667,157,20005,20005,0,524
6347,788.7833,157,20005,20005,0,0
6348,788.8,157,19995,20005,10,-10
6349,788.8167,157,19995,20005,10,0
6350,788.8333,157,19366,20005,639,-629
6351,788.85,157,19366,20005,639,0
6352,788.8667,157,19344,20005,661,-22
6353,788.8833,157,20005,20005,0,661
6354,788.9,157,20005,20005,0,0
6355,788.9167,157,18290,20005,1715,-1715
6356,788.9333,157,18290,20005,1715,0
6357,788.95,157,18268,20005,1737,-22
6358,788.9667,157,18268,20005,1737,0
6359,788.9833,157,18272,20005,1733,4
6360,789.0,157,18272,20005,1733,0
6361,789.0167,157,19995,20005,10,1723
6362,789.0333,157,19999,20005,6,4
6363,789.05,157,19999,20005,6,0
6364,789.0667,157,19976,20005,29,-23
6365,789.0833,157,19976,20005,29,0
6366,789.1,157,19970,20005,35,-6
6367,789.1167,157,19970,20005,35,0
6368,789.1333,157,20005,20005,0,35
6369,789.15,157,20005,20005,0,0
6370,789.1667,157,19979,20005,26,-26
6371,789.1833,157,19979,20005,26,0
6372,789.2,157,19982,20005,23,3
6373,789.2167,157,19982,20005,23,0
6374,789.2333,157,19976,20005,29,-6
6375,789.25,157,19976,20005,29,0
6376,789.2667,157,19979,20005,26,3
6377,789.2833,157,19982,20005,23,3
6378,789.3,157,19982,20005,23,0
6379,789.3167,157,19976,20005,29,-6
6380,789.3333,157,19976,20005,29,0
6381,789.35,157,19954,20005,51,-22
6382,789.3667,157,19954,20005,51,0
6383,789.3833,157,20005,20005,0,51
6384,789.4,157,20005,20005,0,0
6385,789.4167,157,19994,20005,11,-11
6386,789.4333,157,19998,20005,7,4
6387,789.45,157,19998,20005,7,0
6388,789.4667,157,19976,20005,29,-22
6389,789.4833,157,19976,20005,29,0
6390,789.5,157,19994,20005,11,18
6391,789.5167,157,19994,20005,11,0
6392,789.5333,157,19998,20005,7,4
6393,789.55,157,19998,20005,7,0
6394,789.5667,157,19976,20005,29,-22
6395,789.5833,157,19976,20005,29,0
6396,789.6,157,19567,20005,438,-409
6397,789.6167,157,19567,20005,438,0
6398,789.6333,157,20005,20005,0,438
6399,789.65,157,20005,20005,0,0
6400,789.6667,157,20005,20005,0,0
6401,789.6833,157,20005,20005,0,0
6402,789.7,157,20005,20005,0,0
6403,789.7167,157,20005,20005,0,0
6404,789.7333,157,19239,20005,766,-766
6405,789.75,157,19239,20005,766,0
6406,789.7667,157,20005,20005,0,766
6407,789.7833,157,20005,20005,0,0
6408,789.8,157,19979,20005,26,-26
6409,789.8167,157,19972,20005,33,-7
6410,789.8333,157,19972,20005,33,0
6411,789.85,157,19977,20005,28,5
6412,789.8667,157,19977,20005,28,0
6413,789.8833,157,19955,20005,50,-22
6414,789.9,157,19955,20005,50,0
6415,789.9167,157,19948,20005,57,-7
6416,789.9333,157,20005,20005,0,57
6417,789.95,157,20005,20005,0,0
6418,789.9667,157,19979,20005,26,-26
6419,789.9833,157,19979,20005,26,0
6420,790.0,157,19982,20005,23,3
6421,790.0167,157,19982,20005,23,0
6422,790.0333,157,19976,20005,29,-6
6423,790.05,157,19954,20005,51,-22
6424,790.0667,157,19954,20005,51,0
6425,790.0833,157,19957,20005,48,3
6426,790.1,157,19957,20005,48,0
6427,790.1167,157,19951,20005,54,-6
6428,790.1333,157,19951,20005,54,0
6429,790.15,157,19954,20005,51,3
6430,790.1667,157,19954,20005,51,0
6431,790.1833,157,19932,20005,73,-22
6432,790.2,157,19316,20005,689,-616
6433,790.2167,157,19316,20005,689,0
6434,790.2333,157,19309,20005,696,-7
6435,790.25,157,19309,20005,696,0
6436,790.2667,157,19287,20005,718,-22
6437,790.2833,157,19287,20005,718,0
6438,790.3,157,19290,20005,715,3
6439,790.3167,157,19290,20005,715,0
6440,790.3333,157,19995,20005,10,705
6441,790.35,157,19995,20005,10,0
6442,790.3667,157,19999,20005,6,4
6443,790.3833,157,19976,20005,29,-23
6444,790.4,157,19976,20005,29,0
6445,790.4167,157,19970,20005,35,-6
6446,790.4333,157,19970,20005,35,0
6447,790.45,157,20005,20005,0,35
6448,790.4667,157,19979,20005,26,-26
6449,790.4833,157,19979,20005,26,0
6450,790.5,157,19982,20005,23,3
6451,790.5167,157,19982,20005,23,0
6452,790.5333,157,19976,20005,29,-6
6453,790.55,157,19976,20005,29,0
6454,790.5667,157,19979,20005,26,3
6455,790.5833,157,19979,20005,26,0
6456,790.6,157,19982,20005,23,3
6457,790.6167,157,19982,20005,23,0
6458,790.6333,157,19976,20005,29,-6
6459,790.65,157,19976,20005,29,0
6460,790.6667,157,20005,20005,0,29
6461,790.6833,157,20005,20005,0,0
6462,790.7,157,20005,20005,0,0
6463,790.7167,157,20005,20005,0,0
6464,790.7333,157,20005,20005,0,0
6465,790.75,157,20005,20005,0,0
6466,790.7667,157,20005,20005,0,0
6467,790.7833,157,19480,20005,525,-525
6468,790.8,157,19480,20005,525,0
6469,790.8167,157,20005,20005,0,525
6470,790.8333,157,19995,20005,10,-10
6471,790.85,157,19995,20005,10,0
6472,790.8667,157,19973,20005,32,-22
6473,790.8833,157,19973,20005,32,0
6474,790.9,157,19976,20005,29,3
6475,790.9167,157,19976,20005,29,0
6476,790.9333,157,19994,20005,11,18
6477,790.95,157,19994,20005,11,0
6478,790.9667,157,20005,20005,0,11
6479,790.9833,157,20005,20005,0,0
6480,791.0,157,20005,20005,0,0
6481,791.0167,157,20005,20005,0,0
6482,791.0333,157,20005,20005,0,0
6483,791.05,157,20005,20005,0,0
6484,791.0667,157,19723,20005,282,-282
6485,791.0833,157,19723,20005,282,0
6486,791.1,157,19727,20005,278,4
6487,791.1167,157,19727,20005,278,0
6488,791.1333,157,20005,20005,0,278
6489,791.15,157,20005,20005,0,0
6490,791.1667,157,20005,20005,0,0
6491,791.1833,157,20005,20005,0,0
6492,791.2,157,20005,20005,0,0
6493,791.2167,157,20005,20005,0,0
6494,791.2333,157,20005,20005,0,0
6495,791.25,157,20005,20005,0,0
6496,791.2667,157,20005,20005,0,0
6497,791.2833,157,20005,20005,0,0
6498,791.3,157,20005,20005,0,0
6499,791.3167,157,20005,20005,0,0
6500,791.3333,157,20005,20005,0,0
6501,791.35,157,20005,20005,0,0
6502,791.3667,157,20005,20005,0,0
6503,791.3833,157,19591,20005,414,-414
6504,791.4,157,19594,20005,411,3
6505,791.4167,157,19594,20005,411,0
6506,791.4333,157,20005,20005,0,411
6507,791.45,157,20005,20005,0,0
6508,791.4667,157,20005,20005,0,0
6509,791.4833,157,19726,20005,279,-279
6510,791.5,157,19726,20005,279,0
6511,791.5167,157,19730,20005,275,4
6512,791.5333,157,19730,20005,275,0
6513,791.55,157,20005,20005,0,275
6514,791.5667,157,20005,20005,0,0
6515,791.5833,157,19979,20005,26,-26
6516,791.6,157,19126,20005,879,-853
6517,791.6167,157,19126,20005,879,0
6518,791.6333,157,19130,20005,875,4
6519,791.65,157,19130,20005,875,0
6520,791.6667,157,20005,20005,0,875
6521,791.6833,157,20005,20005,0,0
6522,791.7,157,19979,20005,26,-26
6523,791.7167,157,20005,20005,0,26
6524,791.7333,157,20005,20005,0,0
6525,791.75,157,20005,20005,0,0
6526,791.7667,157,20005,20005,0,0
6527,791.7833,157,19979,20005,26,-26
6528,791.8,157,19514,20005,491,-465
6529,791.8167,157,19514,20005,491,0
6530,791.8333,157,20005,20005,0,491
6531,791.85,157,20005,20005,0,0
6532,791.8667,157,20005,20005,0,0
6533,791.8833,157,19979,20005,26,-26
6534,791.9,157,19979,20005,26,0
6535,791.9167,157,20005,20005,0,26
6536,791.9333,157,20005,20005,0,0
6537,791.95,157,20005,20005,0,0
6538,791.9667,157,19979,20005,26,-26
6539,791.9833,157,19979,20005,26,0
6540,792.0,157,19457,20005,548,-522
6541,792.0167,157,19457,20005,548,0
6542,792.0333,157,19461,20005,544,4
6543,792.05,157,19464,20005,541,3
6544,792.0667,157,19464,20005,541,0
6545,792.0833,157,19441,20005,564,-23
6546,792.1,157,19441,20005,564,0
6547,792.1167,157,20005,20005,0,564
6548,792.1333,157,19379,20005,626,-626
6549,792.15,157,19379,20005,626,0
6550,792.1667,157,19382,20005,623,3
6551,792.1833,157,19382,20005,623,0
6552,792.2,157,19979,20005,26,597
6553,792.2167,157,19980,20005,25,1
6554,792.2333,157,19980,20005,25,0
6555,792.25,157,19984,20005,21,4
6556,792.2667,157,19984,20005,21,0
6557,792.2833,157,19586,20005,419,-398
6558,792.3,157,19589,20005,416,3
6559,792.3167,157,19589,20005,416,0
6560,792.3333,157,18943,20005,1062,-646
6561,792.35,157,20005,20005,0,1062
6562,792.3667,157,20005,20005,0,0
6563,792.3833,157,19979,20005,26,-26
6564,792.4,157,19979,20005,26,0
6565,792.4167,157,19979,20005,26,0
6566,792.4333,157,19979,20005,26,0
6567,792.45,157,20005,20005,0,26
6568,792.4667,157,20005,20005,0,0
6569,792.4833,157,20005,20005,0,0
6570,792.5,157,19979,20005,26,-26
6571,792.5167,157,19979,20005,26,0
6572,792.5333,157,19979,20005,26,0
6573,792.55,157,19979,20005,26,0
6574,792.5667,157,20005,20005,0,26
6575,792.5833,157,19979,20005,26,-26
6576,792.6,157,19979,20005,26,0
6577,792.6167,157,19982,20005,23,3
6578,792.6333,157,19982,20005,23,0
6579,792.65,157,20002,20005,3,20
6580,792.6667,157,20005,20005,0,3
6581,792.6833,157,20005,20005,0,0
6582,792.7,157,20005,20005,0,0
6583,792.7167,157,20005,20005,0,0
6584,792.7333,157,20002,20005,3,-3
6585,792.75,157,20005,20005,0,3
6586,792.7667,157,20005,20005,0,0
6587,792.7833,157,19979,20005,26,-26
6588,792.8,157,19979,20005,26,0
6589,792.8167,157,20005,20005,0,26
6590,792.8333,157,19401,20005,604,-604
6591,792.85,157,19401,20005,604,0
6592,792.8667,157,19405,20005,600,4
6593,792.8833,157,19979,20005,26,574
6594,792.9,157,19979,20005,26,0
6595,792.9167,157,19979,20005,26,0
6596,792.9333,157,19983,20005,22,4
6597,792.95,157,19983,20005,22,0
6598,792.9667,157,19986,20005,19,3
6599,792.9833,157,18558,20005,1447,-1428
6600,793.0,157,18558,20005,1447,0
6601,793.0167,157,18559,20005,1446,1
6602,793.0333,157,18563,20005,1442,4
6603,793.05,157,18563,20005,1442,0
6604,793.0667,157,18566,20005,1439,3
6605,793.0833,157,18543,20005,1462,-23
6606,793.1,157,18543,20005,1462,0
6607,793.1167,157,18544,20005,1461,1
6608,793.1333,157,18544,20005,1461,0
6609,793.15,157,19147,20005,858,603
6610,793.1667,157,19150,20005,855,3
6611,793.1833,157,19150,20005,855,0
6612,793.2,157,19127,20005,878,-23
6613,793.2167,157,19128,20005,877,1
6614,793.2333,157,19128,20005,877,0
6615,793.25,157,19131,20005,874,3
6616,793.2667,157,19134,20005,871,3
6617,793.2833,157,19111,20005,894,-23
6618,793.3,157,19111,20005,894,0
6619,793.3167,157,19112,20005,893,1
6620,793.3333,157,19116,20005,889,4
6621,793.35,157,19116,20005,889,0
6622,793.3667,157,20005,20005,0,889
6623,793.3833,157,19979,20005,26,-26
6624,793.4,157,19980,20005,25,1
6625,793.4167,157,19980,20005,25,0
6626,793.4333,157,19983,20005,22,3
6627,793.45,157,19983,20005,22,0
6628,793.4667,157,20005,20005,0,22
6629,793.4833,157,19979,20005,26,-26
6630,793.5,157,19980,20005,25,1
6631,793.5167,157,19980,20005,25,0
6632,793.5333,157,19983,20005,22,3
6633,793.55,157,20005,20005,0,22
6634,793.5667,157,20005,20005,0,0
6635,793.5833,157,20005,20005,0,0
6636,793.6,157,20005,20005,0,0
6637,793.6167,157,20005,20005,0,0
6638,793.6333,157,20003,20005,2,-2
6639,793.65,157,20005,20005,0,2
6640,793.6667,157,20005,20005,0,0
6641,793.6833,157,20005,20005,0,0
6642,793.7,157,20005,20005,0,0
6643,793.7167,157,20005,20005,0,0
6644,793.7333,157,20005,20005,0,0
6645,793.75,157,20005,20005,0,0
6646,793.7667,157,20005,20005,0,0
6647,793.7833,157,20005,20005,0,0
6648,793.8,157,20005,20005,0,0
6649,793.8167,157,20003,20005,2,-2
6650,793.8333,157,20003,20005,2,0
6651,793.85,157,19575,20005,430,-428
6652,793.8667,157,19578,20005,427,3
6653,793.8833,157,19578,20005,427,0
6654,793.9,157,19581,20005,424,3
6655,793.9167,157,18483,20005,1522,-1098
6656,793.9333,157,19303,20005,702,820
6657,793.95,157,19303,20005,702,0
6658,793.9667,157,19306,20005,699,3
6659,793.9833,157,19309,20005,696,3
6660,794.0,157,19309,20005,696,0
6661,794.0167,157,19312,20005,693,3
6662,794.0333,157,20004,20005,1,692
6663,794.05,157,20004,20005,1,0
6664,794.0667,157,20005,20005,0,1
6665,794.0833,157,18819,20005,1186,-1186
6666,794.1,157,18822,20005,1183,3
6667,794.1167,157,18824,20005,1181,2
6668,794.1333,157,18824,20005,1181,0
6669,794.15,157,18827,20005,1178,3
6670,794.1667,157,18830,20005,1175,3
6671,794.1833,157,18830,20005,1175,0
6672,794.2,157,18833,20005,1172,3
6673,794.2167,157,18835,20005,1170,2
6674,794.2333,157,18838,20005,1167,3
6675,794.25,157,18841,20005,1164,3
6676,794.2667,157,18841,20005,1164,0
6677,794.2833,157,18843,20005,1162,2
6678,794.3,157,18846,20005,1159,3
6679,794.3167,157,18848,20005,1157,2
6680,794.3333,157,18848,20005,1157,0
6681,794.35,157,18850,20005,1155,2
6682,794.3667,157,17995,20005,2010,-855
6683,794.3833,157,20005,20005,0,2010
6684,794.4,157,20005,20005,0,0
6685,794.4167,157,19115,20005,890,-890
6686,794.4333,157,19117,20005,888,2
6687,794.45,157,19119,20005,886,2
6688,794.4667,157,19122,20005,883,3
6689,794.4833,157,19125,20005,880,3
6690,794.5,157,19125,20005,880,0
6691,794.5167,157,19087,20005,918,-38
6692,794.5333,157,19090,20005,915,3
6693,794.55,157,19093,20005,912,3
6694,794.5667,157,19096,20005,909,3
6695,794.5833,157,19096,20005,909,0
6696,794.6,157,19098,20005,907,2
6697,794.6167,157,19061,20005,944,-37
6698,794.6333,157,20005,20005,0,944
6699,794.65,157,20005,20005,0,0
6700,794.6667,157,20005,20005,0,0
6701,794.6833,157,20005,20005,0,0
6702,794.7,157,20005,20005,0,0
6703,794.7167,157,19965,20005,40,-40
6704,794.7333,157,19965,20005,40,0
6705,794.75,157,20005,20005,0,40
6706,794.7667,157,20005,20005,0,0
6707,794.7833,157,20005,20005,0,0
6708,794.8,157,20005,20005,0,0
6709,794.8167,157,20005,20005,0,0
6710,794.8333,157,19965,20005,40,-40
6711,794.85,157,19537,20005,468,-428
6712,794.8667,157,19540,20005,465,3
6713,794.8833,157,19540,20005,465,0
6714,794.9,157,20005,20005,0,465
6715,794.9167,157,19183,20005,822,-822
6716,794.9333,157,19186,20005,819,3
6717,794.95,157,19186,20005,819,0
6718,794.9667,157,19188,20005,817,2
6719,794.9833,157,20005,20005,0,817
6720,795.0,157,20005,20005,0,0
6721,795.0167,157,20005,20005,0,0
6722,795.0333,157,19998,20005,7,-7
6723,795.05,157,20001,20005,4,3
6724,795.0667,157,20005,20005,0,4
6725,795.0833,157,20005,20005,0,0
6726,795.1,157,20005,20005,0,0
6727,795.1167,157,20005,20005,0,0
6728,795.1333,157,19966,20005,39,-39
6729,795.15,157,20005,20005,0,39
6730,795.1667,157,20005,20005,0,0
6731,795.1833,157,20005,20005,0,0
6732,795.2,157,20005,20005,0,0
6733,795.2167,157,20005,20005,0,0
6734,795.2333,157,19966,20005,39,-39
6735,795.25,157,19969,20005,36,3
6736,795.2667,157,19969,20005,36,0
6737,795.2833,157,19972,20005,33,3
6738,795.3,157,20005,20005,0,33
6739,795.3167,157,20005,20005,0,0
6740,795.3333,157,19966,20005,39,-39
6741,795.35,157,19969,20005,36,3
6742,795.3667,157,19971,20005,34,2
6743,795.3833,157,19971,20005,34,0
6744,795.4,157,19974,20005,31,3
6745,795.4167,157,19977,20005,28,3
6746,795.4333,157,19940,20005,65,-37
6747,795.45,157,19943,20005,62,3
6748,795.4667,157,19945,20005,60,2
6749,795.4833,157,19948,20005,57,3
6750,795.5,157,19950,20005,55,2
6751,795.5167,157,19914,20005,91,-36
6752,795.5333,157,19916,20005,89,2
6753,795.55,157,19918,20005,87,2
6754,795.5667,157,19921,20005,84,3
6755,795.5833,157,19921,20005,84,0
6756,795.6,157,19923,20005,82,2
6757,795.6167,157,19887,20005,118,-36
6758,795.6333,157,19889,20005,116,2
6759,795.65,157,19891,20005,114,2
6760,795.6667,157,19893,20005,112,2
6761,795.6833,157,19896,20005,109,3
6762,795.7,157,19896,20005,109,0
6763,795.7167,157,20005,20005,0,109
6764,795.7333,157,19966,20005,39,-39
6765,795.75,157,19969,20005,36,3
6766,795.7667,157,20005,20005,0,36
6767,795.7833,157,20005,20005,0,0
6768,795.8,157,20005,20005,0,0
6769,795.8167,157,19966,20005,39,-39
6770,795.8333,157,19969,20005,36,3
6771,795.85,157,19969,20005,36,0
6772,795.8667,157,19353,20005,652,-616
6773,795.8833,157,19355,20005,650,2
6774,795.9,157,19358,20005,647,3
6775,795.9167,157,19360,20005,645,2
6776,795.9333,157,19324,20005,681,-36
6777,795.95,157,19326,20005,679,2
6778,795.9667,157,19329,20005,676,3
6779,795.9833,157,19331,20005,674,2
6780,796.0,157,19333,20005,672,2
6781,796.0167,157,19297,20005,708,-36
6782,796.0333,157,19299,20005,706,2
6783,796.05,157,19299,20005,706,0
6784,796.0667,157,19301,20005,704,2
6785,796.0833,157,19304,20005,701,3
6786,796.1,157,19306,20005,699,2
6787,796.1167,157,19308,20005,697,2
6788,796.1333,157,19272,20005,733,-36
6789,796.15,157,19274,20005,731,2
6790,796.1667,157,19276,20005,729,2
6791,796.1833,157,19279,20005,726,3
6792,796.2,157,19281,20005,724,2
6793,796.2167,157,19283,20005,722,2
6794,796.2333,157,19247,20005,758,-36
6795,796.25,157,19249,20005,756,2
6796,796.2667,157,19252,20005,753,3
6797,796.2833,157,19252,20005,753,0
6798,796.3,157,19254,20005,751,2
6799,796.3167,157,19256,20005,749,2
6800,796.3333,157,19220,20005,785,-36
6801,796.35,157,19222,20005,783,2
6802,796.3667,157,19224,20005,781,2
6803,796.3833,157,19227,20005,778,3
6804,796.4,157,19229,20005,776,2
6805,796.4167,157,19231,20005,774,2
6806,796.4333,157,19194,20005,811,-37
6807,796.45,157,19197,20005,808,3
6808,796.4667,157,19199,20005,806,2
6809,796.4833,157,19201,20005,804,2
6810,796.5,157,19203,20005,802,2
6811,796.5167,157,19205,20005,800,2
6812,796.5333,157,19169,20005,836,-36
6813,796.55,157,19171,20005,834,2
6814,796.5667,157,19173,20005,832,2
6815,796.5833,157,19175,20005,830,2
6816,796.6,157,19177,20005,828,2
6817,796.6167,157,19179,20005,826,2
6818,796.6333,157,19143,20005,862,-36
6819,796.65,157,19145,20005,860,2
6820,796.6667,157,19145,20005,860,0
6821,796.6833,157,19147,20005,858,2
6822,796.7,157,19149,20005,856,2
6823,796.7167,157,19151,20005,854,2
6824,796.7333,157,19154,20005,851,3
6825,796.75,157,19117,20005,888,-37
6826,796.7667,157,19120,20005,885,3
6827,796.7833,157,19122,20005,883,2
6828,796.8,157,19122,20005,883,0
6829,796.8167,157,20005,20005,0,883
6830,796.8333,157,20005,20005,0,0
6831,796.85,157,19966,20005,39,-39
6832,796.8667,157,19969,20005,36,3
6833,796.8833,157,20005,20005,0,36
6834,796.9,157,20005,20005,0,0
6835,796.9167,157,20005,20005,0,0
6836,796.9333,157,20005,20005,0,0
6837,796.95,157,20005,20005,0,0
6838,796.9667,157,19966,20005,39,-39
6839,796.9833,157,19187,20005,818,-779
6840,797.0,157,20005,20005,0,818
6841,797.0167,157,20005,20005,0,0
6842,797.0333,157,20005,20005,0,0
6843,797.05,157,19966,20005,39,-39
6844,797.0667,157,19969,20005,36,3
6845,797.0833,157,19971,20005,34,2
6846,797.1,157,19973,20005,32,2
6847,797.1167,157,19973,20005,32,0
6848,797.1333,157,18874,20005,1131,-1099
6849,797.15,157,18876,20005,1129,2
6850,797.1667,157,18839,20005,1166,-37
6851,797.1833,157,18842,20005,1163,3
6852,797.2,157,18844,20005,1161,2
6853,797.2167,157,18846,20005,1159,2
6854,797.2333,157,18849,20005,1156,3
6855,797.25,157,18812,20005,1193,-37
6856,797.2667,157,18814,20005,1191,2
6857,797.2833,157,18817,20005,1188,3
6858,797.3,157,18819,20005,1186,2
6859,797.3167,157,18821,20005,1184,2
6860,797.3333,157,18824,20005,1181,3
6861,797.35,157,18787,20005,1218,-37
6862,797.3667,157,18789,20005,1216,2
6863,797.3833,157,18791,20005,1214,2
6864,797.4,157,18794,20005,1211,3
6865,797.4167,157,18794,20005,1211,0
6866,797.4333,157,18796,20005,1209,2
6867,797.45,157,18798,20005,1207,2
6868,797.4667,157,18731,20005,1274,-67
6869,797.4833,157,18734,20005,1271,3
6870,797.5,157,18736,20005,1269,2
6871,797.5167,157,18738,20005,1267,2
6872,797.5333,157,18740,20005,1265,2
6873,797.55,157,18742,20005,1263,2
6874,797.5667,157,18676,20005,1329,-66
6875,797.5833,157,18678,20005,1327,2
6876,797.6,157,18680,20005,1325,2
6877,797.6167,157,18682,20005,1323,2
6878,797.6333,157,18685,20005,1320,3
6879,797.65,157,18687,20005,1318,2
6880,797.6667,157,18620,20005,1385,-67
6881,797.6833,157,18622,20005,1383,2
6882,797.7,157,18625,20005,1380,3
6883,797.7167,157,18627,20005,1378,2
6884,797.7333,157,18629,20005,1376,2
6885,797.75,157,18563,20005,1442,-66
6886,797.7667,157,18563,20005,1442,0
6887,797.7833,157,18565,20005,1440,2
6888,797.8,157,18569,20005,1436,4
6889,797.8167,157,18569,20005,1436,0
6890,797.8333,157,18571,20005,1434,2
6891,797.85,157,18574,20005,1431,3
6892,797.8667,157,18507,20005,1498,-67
6893,797.8833,157,18509,20005,1496,2
6894,797.9,157,18511,20005,1494,2
6895,797.9167,157,17865,20005,2140,-646
6896,797.9333,157,17870,20005,2135,5
6897,797.95,157,17803,20005,2202,-67
6898,797.9667,157,17805,20005,2200,2
6899,797.9833,157,17805,20005,2200,0
6900,798.0,157,17807,20005,2198,2
6901,798.0167,157,20005,20005,0,2198
6902,798.0333,157,20005,20005,0,0
6903,798.05,157,20005,20005,0,0
6904,798.0667,157,19936,20005,69,-69
6905,798.0833,157,19938,20005,67,2
6906,798.1,157,19941,20005,64,3
6907,798.1167,157,19943,20005,62,2
6908,798.1333,157,19945,20005,60,2
6909,798.15,157,19947,20005,58,2
6910,798.1667,157,19881,20005,124,-66
6911,798.1833,157,19883,20005,122,2
6912,798.2,157,19885,20005,120,2
6913,798.2167,157,19888,20005,117,3
6914,798.2333,157,19890,20005,115,2
6915,798.25,157,19892,20005,113,2
6916,798.2667,157,19825,20005,180,-67
6917,798.2833,157,19828,20005,177,3
6918,798.3,157,19830,20005,175,2
6919,798.3167,157,19832,20005,173,2
6920,798.3333,157,19834,20005,171,2
6921,798.35,157,19836,20005,169,2
6922,798.3667,157,19769,20005,236,-67
6923,798.3833,157,19772,20005,233,3
6924,798.4,157,19774,20005,231,2
6925,798.4167,157,19776,20005,229,2
6926,798.4333,157,20005,20005,0,229
6927,798.45,157,20005,20005,0,0
6928,798.4667,157,19936,20005,69,-69
6929,798.4833,157,19938,20005,67,2
6930,798.5,157,19940,20005,65,2
6931,798.5167,157,19942,20005,63,2
6932,798.5333,157,20005,20005,0,63
6933,798.55,157,20005,20005,0,0
6934,798.5667,157,19936,20005,69,-69
6935,798.5833,157,19938,20005,67,2
6936,798.6,157,19938,20005,67,0
6937,798.6167,157,19941,20005,64,3
6938,798.6333,157,20005,20005,0,64
6939,798.65,157,20005,20005,0,0
6940,798.6667,157,20005,20005,0,0
6941,798.6833,157,19936,20005,69,-69
6942,798.7,157,19938,20005,67,2
6943,798.7167,157,20005,20005,0,67
6944,798.7333,157,20005,20005,0,0
6945,798.75,157,20005,20005,0,0
6946,798.7667,157,20005,20005,0,0
6947,798.7833,157,19936,20005,69,-69
6948,798.8,157,20005,20005,0,69
6949,798.8167,157,20005,20005,0,0
6950,798.8333,157,20005,20005,0,0
6951,798.85,157,20005,20005,0,0
6952,798.8667,157,20005,20005,0,0
6953,798.8833,157,19936,20005,69,-69
6954,798.9,157,19938,20005,67,2
6955,798.9167,157,19940,20005,65,2
6956,798.9333,157,19942,20005,63,2
6957,798.95,157,19296,20005,709,-646
6958,798.9667,157,19298,20005,707,2
6959,798.9833,157,19300,20005,705,2
6960,799.0,157,19302,20005,703,2
6961,799.0167,157,19304,20005,701,2
6962,799.0333,157,19306,20005,699,2
6963,799.05,157,19308,20005,697,2
6964,799.0667,157,19310,20005,695,2
6965,799.0833,157,19312,20005,693,2
6966,799.1,157,19314,20005,691,2
6967,799.1167,157,19316,20005,689,2
6968,799.1333,157,19318,20005,687,2
6969,799.15,157,19320,20005,685,2
6970,799.1667,157,19322,20005,683,2
6971,799.1833,157,19324,20005,681,2
6972,799.2,157,19326,20005,679,2
6973,799.2167,157,19328,20005,677,2
6974,799.2333,157,19330,20005,675,2
6975,799.25,157,19332,20005,673,2
6976,799.2667,157,19335,20005,670,3
6977,799.2833,157,19337,20005,668,2
6978,799.3,157,19337,20005,668,0
6979,799.3167,157,19337,20005,668,0
6980,799.3333,157,19337,20005,668,0
6981,799.35,157,19337,20005,668,0
6982,799.3667,157,19337,20005,668,0
6983,799.3833,157,19337,20005,668,0
6984,799.4,157,19339,20005,666,2
6985,799.4167,157,19339,20005,666,0
6986,799.4333,157,19341,20005,664,2
6987,799.45,157,19341,20005,664,0
6988,799.4667,157,19343,20005,662,2
6989,799.4833,157,19347,20005,658,4
6990,799.5,157,19347,20005,658,0
6991,799.5167,157,19351,20005,654,4
6992,799.5333,157,19355,20005,650,4
6993,799.55,157,19359,20005,646,4
6994,799.5667,157,19363,20005,642,4
6995,799.5833,157,19367,20005,638,4
6996,799.6,157,19367,20005,638,0
6997,799.6167,157,19372,20005,633,5
6998,799.6333,157,19376,20005,629,4
6999,799.65,157,19380,20005,625,4
7000,799.6667,157,19384,20005,621,4
7001,799.6833,157,19387,20005,618,3
7002,799.7,158,19390,20005,615,3
7003,799.7167,158,19392,20005,613,2
7004,799.7333,158,19392,20005,613,0
7005,799.75,158,19395,20005,610,3
7006,799.7667,158,19397,20005,608,2
7007,799.7833,158,19399,20005,606,2
7008,799.8,158,19402,20005,603,3
7009,799.8167,158,19404,20005,601,2
7010,799.8333,158,19407,20005,598,3
7011,799.85,158,19407,20005,598,0
7012,799.8667,158,19409,20005,596,2
7013,799.8833,158,19412,20005,593,3
7014,799.9,158,19414,20005,591,2
7015,799.9167,158,19416,20005,589,2
7016,799.9333,158,19419,20005,586,3
7017,799.95,158,19421,20005,584,2
7018,799.9667,158,19421,20005,584,0
7019,799.9833,158,19424,20005,581,3
7020,800.0,158,20005,20005,0,581
7021,800.0167,158,20005,20005,0,0
7022,800.0333,158,20005,20005,0,0
7023,800.05,158,20005,20005,0,0
7024,800.0667,158,20005,20005,0,0
7025,800.0833,158,20005,20005,0,0
7026,800.1,158,20005,20005,0,0
7027,800.1167,158,20005,20005,0,0
7028,800.1333,158,20005,20005,0,0
7029,800.15,158,20005,20005,0,0
7030,800.1667,158,20005,20005,0,0
7031,800.1833,158,20005,20005,0,0
7032,800.2,158,20005,20005,0,0
7033,800.2167,158,20005,20005,0,0
7034,800.2333,158,20005,20005,0,0
7035,800.25,158,20005,20005,0,0
7036,800.2667,158,20005,20005,0,0
7037,800.2833,158,20005,20005,0,0
7038,800.3,158,20005,20005,0,0
7039,800.3167,158,20005,20005,0,0
7040,800.3333,158,20005,20005,0,0
7041,800.35,158,20005,20005,0,0
7042,800.3667,158,20005,20005,0,0
7043,800.3833,158,20005,20005,0,0
7044,800.4,158,20005,20005,0,0
7045,800.4167,158,20005,20005,0,0
7046,800.4333,158,20005,20005,0,0
7047,800.45,158,20005,20005,0,0
7048,800.4667,158,20005,20005,0,0
7049,800.4833,158,20005,20005,0,0
7050,800.5,158,20005,20005,0,0
7051,800.5167,158,20005,20005,0,0
7052,800.5333,158,20005,20005,0,0
7053,800.55,158,20005,20005,0,0
7054,800.5667,158,20005,20005,0,0
7055,800.5833,158,20005,20005,0,0
7056,800.6,158,20005,20005,0,0
7057,800.6167,158,20005,20005,0,0
7058,800.6333,158,20005,20005,0,0
7059,800.65,158,20005,20005,0,0
7060,800.6667,158,20005,20005,0,0
7061,800.6833,158,20005,20005,0,0
7062,800.7,158,20005,20005,0,0
7063,800.7167,158,20005,20005,0,0
7064,800.7333,158,20005,20005,0,0
7065,800.75,158,20005,20005,0,0
7066,800.7667,158,20005,20005,0,0
7067,800.7833,158,20005,20005,0,0
7068,800.8,158,20005,20005,0,0
7069,800.8167,158,20005,20005,0,0
7070,800.8333,158,20005,20005,0,0
7071,800.85,158,20005,20005,0,0
7072,800.8667,158,20005,20005,0,0
7073,800.8833,158,20005,20005,0,0
7074,800.9,158,20005,20005,0,0
7075,800.9167,158,20005,20005,0,0
7076,800.9333,158,20005,20005,0,0
7077,800.95,158,20005,20005,0,0
7078,800.9667,158,20005,20005,0,0
7079,800.9833,158,20005,20005,0,0
7080,801.0,158,20005,20005,0,0
7081,801.0167,158,20005,20005,0,0
7082,801.0333,158,20005,20005,0,0
7083,801.05,158,20005,20005,0,0
7084,801.0667,158,20005,20005,0,0
7085,801.0833,158,20005,20005,0,0
7086,801.1,158,20005,20005,0,0
7087,801.1167,158,20005,20005,0,0
7088,801.1333,158,20005,20005,0,0
7089,801.15,158,20005,20005,0,0
7090,801.1667,158,20005,20005,0,0
7091,801.1833,158,20005,20005,0,0
7092,801.2,158,20005,20005,0,0
7093,801.2167,158,20005,20005,0,0
7094,801.2333,158,20005,20005,0,0
7095,801.25,158,20005,20005,0,0
7096,801.2667,158,20005,20005,0,0
7097,801.2833,158,20005,20005,0,0
7098,801.3,158,20005,20005,0,0
7099,801.3167,158,20005,20005,0,0
7100,801.3333,158,20005,20005,0,0
7101,801.35,158,20005,20005,0,0
7102,801.3667,158,20005,20005,0,0
7103,801.3833,158,20005,20005,0,0
7104,801.4,158,20005,20005,0,0
7105,801.4167,158,20005,20005,0,0
7106,801.4333,158,20005,20005,0,0
7107,801.45,158,20005,20005,0,0
7108,801.4667,158,20005,20005,0,0
7109,801.4833,158,20005,20005,0,0
7110,801.5,158,20005,20005,0,0
7111,801.5167,158,20005,20005,0,0
7112,801.5333,158,20005,20005,0,0
7113,801.55,158,20005,20005,0,0
7114,801.5667,158,20005,20005,0,0
7115,801.5833,158,20005,20005,0,0
7116,801.6,158,20005,20005,0,0
7117,801.6167,158,20005,20005,0,0
7118,801.6333,158,20005,20005,0,0
7119,801.65,158,20005,20005,0,0
7120,801.6667,158,20005,20005,0,0
7121,801.6833,158,20005,20005,0,0
7122,801.7,158,20005,20005,0,0
7123,801.7167,158,20005,20005,0,0
7124,801.7333,158,20005,20005,0,0
7125,801.75,158,20005,20005,0,0
7126,801.7667,158,20005,20005,0,0
7127,801.7833,158,20005,20005,0,0
7128,801.8,158,20005,20005,0,0
7129,801.8167,158,20005,20005,0,0
7130,801.8333,158,20005,20005,0,0
7131,801.85,158,20005,20005,0,0
7132,801.8667,158,20005,20005,0,0
7133,801.8833,158,20005,20005,0,0
7134,801.9,158,20005,20005,0,0
7135,801.9167,158,20005,20005,0,0
7136,801.9333,158,20005,20005,0,0
7137,801.95,158,20005,20005,0,0
7138,801.9667,158,20005,20005,0,0
7139,801.9833,158,20005,20005,0,0
7140,802.0,158,20005,20005,0,0
7141,802.0167,158,20005,20005,0,0
7142,802.0333,158,20005,20005,0,0
7143,802.05,158,20005,20005,0,0
7144,802.0667,158,20005,20005,0,0
7145,802.0833,158,20005,20005,0,0
7146,802.1,158,20005,20005,0,0
7147,802.1167,158,20005,20005,0,0
7148,802.1333,158,20005,20005,0,0
7149,802.15,158,20005,20005,0,0
7150,802.1667,158,20005,20005,0,0
7151,802.1833,158,20005,20005,0,0
7152,802.2,158,20005,20005,0,0
7153,802.2167,158,20005,20005,0,0
7154,802.2333,158,20005,20005,0,0
7155,802.25,158,20005,20005,0,0
7156,802.2667,158,20005,20005,0,0
7157,802.2833,158,20005,20005,0,0
7158,802.3,158,20005,20005,0,0
7159,802.3167,158,20005,20005,0,0
7160,802.3333,158,20005,20005,0,0
7161,802.35,158,20005,20005,0,0
7162,802.3667,158,20005,20005,0,0
7163,802.3833,158,20005,20005,0,0
7164,802.4,158,20005,20005,0,0
7165,802.4167,158,20005,20005,0,0
7166,802.4333,158,20005,20005,0,0
7167,802.45,158,20005,20005,0,0
7168,802.4667,158,20005,20005,0,0
7169,802.4833,158,20005,20005,0,0
7170,802.5,158,20005,20005,0,0
7171,802.5167,158,20005,20005,0,0
7172,802.5333,158,20005,20005,0,0
7173,802.55,158,20005,20005,0,0
7174,802.5667,158,20005,20005,0,0
7175,802.5833,158,20005,20005,0,0
7176,802.6,158,20005,20005,0,0
7177,802.6167,158,20005,20005,0,0
7178,802.6333,158,20005,20005,0,0
7179,802.65,158,20005,20005,0,0
7180,802.6667,158,20005,20005,0,0
7181,802.6833,158,20005,20005,0,0
7182,802.7,158,20005,20005,0,0
7183,802.7167,158,20005,20005,0,0
7184,802.7333,158,20005,20005,0,0
7185,802.75,158,20005,20005,0,0
7186,802.7667,158,20005,20005,0,0
7187,802.7833,158,20005,20005,0,0
7188,802.8,158,20005,20005,0,0
7189,802.8167,158,20005,20005,0,0
7190,802.8333,158,20005,20005,0,0
7191,802.85,158,20005,20005,0,0
7192,802.8667,158,20005,20005,0,0
7193,802.8833,158,20005,20005,0,0
7194,802.9,158,20005,20005,0,0
7195,802.9167,158,20005,20005,0,0
7196,802.9333,158,20005,20005,0,0
7197,802.95,158,20005,20005,0,0
7198,802.9667,158,20005,20005,0,0
7199,802.9833,158,20005,20005,0,0
7200,803.0,158,20005,20005,0,0
7201,803.0167,158,20005,20005,0,0
7202,803.0333,158,20005,20005,0,0
7203,803.05,158,20005,20005,0,0
7204,803.0667,158,20005,20005,0,0
7205,803.0833,158,20005,20005,0,0
7206,803.1,158,20005,20005,0,0
7207,803.1167,158,20005,20005,0,0
7208,803.1333,158,20005,20005,0,0
7209,803.15,158,20005,20005,0,0
7210,803.1667,158,20005,20005,0,0
7211,803.1833,158,20005,20005,0,0
7212,803.2,158,20005,20005,0,0
7213,803.2167,158,20005,20005,0,0
7214,803.2333,158,20005,20005,0,0
7215,803.25,158,20005,20005,0,0
7216,803.2667,158,20005,20005,0,0
7217,803.2833,158,20005,20005,0,0
7218,803.3,158,20005,20005,0,0
7219,803.3167,158,20005,20005,0,0
7220,803.3333,158,20005,20005,0,0
7221,803.35,158,20005,20005,0,0
7222,803.3667,158,20005,20005,0,0
7223,803.3833,158,20005,20005,0,0
7224,803.4,158,20005,20005,0,0
7225,803.4167,158,20005,20005,0,0
7226,803.4333,158,20005,20005,0,0
7227,803.45,158,20005,20005,0,0
7228,803.4667,158,20005,20005,0,0
7229,803.4833,158,20005,20005,0,0
7230,803.5,158,20005,20005,0,0
7231,803.5167,158,20005,20005,0,0
7232,803.5333,158,20005,20005,0,0
7233,803.55,158,20005,20005,0,0
7234,803.5667,158,20005,20005,0,0
7235,803.5833,158,20005,20005,0,0
7236,803.6,158,20005,20005,0,0
7237,803.6167,158,20005,20005,0,0
7238,803.6333,158,20005,20005,0,0
7239,803.65,158,20005,20005,0,0
7240,803.6667,158,20005,20005,0,0
7241,803.6833,158,20005,20005,0,0
7242,803.7,158,20005,20005,0,0
7243,803.7167,158,20005,20005,0,0
7244,803.7333,158,20005,20005,0,0
7245,803.75,158,20005,20005,0,0
7246,803.7667,158,20005,20005,0,0
7247,803.7833,158,20005,20005,0,0
7248,803.8,158,20005,20005,0,0
7249,803.8167,158,20005,20005,0,0
7250,803.8333,158,20005,20005,0,0
7251,803.85,158,20005,20005,0,0
7252,803.8667,158,20005,20005,0,0
7253,803.8833,158,20005,20005,0,0
7254,803.9,158,20005,20005,0,0
7255,803.9167,158,19351,20005,654,-654
7256,803.9333,158,19351,20005,654,0
7257,803.95,158,19354,20005,651,3
7258,803.9667,158,19357,20005,648,3
7259,803.9833,158,19357,20005,648,0
7260,804.0,158,20005,20005,0,648
7261,804.0167,158,20005,20005,0,0
7262,804.0333,158,20005,20005,0,0
7263,804.05,158,20005,20005,0,0
7264,804.0667,158,20005,20005,0,0
7265,804.0833,158,20005,20005,0,0
7266,804.1,158,20005,20005,0,0
7267,804.1167,158,20005,20005,0,0
7268,804.1333,158,20005,20005,0,0
7269,804.15,158,20005,20005,0,0
7270,804.1667,158,20005,20005,0,0
7271,804.1833,158,20005,20005,0,0
7272,804.2,158,20005,20005,0,0
7273,804.2167,158,20005,20005,0,0
7274,804.2333,158,20005,20005,0,0
7275,804.25,158,20005,20005,0,0
7276,804.2667,158,20005,20005,0,0
7277,804.2833,158,20005,20005,0,0
7278,804.3,158,20005,20005,0,0
7279,804.3167,158,20005,20005,0,0
7280,804.3333,158,20005,20005,0,0
7281,804.35,158,20005,20005,0,0
7282,804.3667,158,20005,20005,0,0
7283,804.3833,158,20005,20005,0,0
7284,804.4,158,20005,20005,0,0
7285,804.4167,158,20005,20005,0,0
7286,804.4333,158,20005,20005,0,0
7287,804.45,158,20005,20005,0,0
7288,804.4667,158,20005,20005,0,0
7289,804.4833,158,20005,20005,0,0
7290,804.5,158,20005,20005,0,0
7291,804.5167,158,20005,20005,0,0
7292,804.5333,158,20005,20005,0,0
7293,804.55,158,20005,20005,0,0
7294,804.5667,158,20005,20005,0,0
7295,804.5833,158,20005,20005,0,0
7296,804.6,158,20005,20005,0,0
7297,804.6167,158,20005,20005,0,0
7298,804.6333,158,20005,20005,0,0
7299,804.65,158,20005,20005,0,0
7300,804.6667,158,20005,20005,0,0
7301,804.6833,158,20005,20005,0,0
7302,804.7,158,20005,20005,0,0
7303,804.7167,158,20005,20005,0,0
7304,804.7333,158,20005,20005,0,0
7305,804.75,158,20005,20005,0,0
7306,804.7667,158,20005,20005,0,0
7307,804.7833,158,20005,20005,0,0
7308,804.8,158,20005,20005,0,0
7309,804.8167,158,20005,20005,0,0
7310,804.8333,158,20005,20005,0,0
7311,804.85,158,20005,20005,0,0
7312,804.8667,158,20005,20005,0,0
7313,804.8833,158,20005,20005,0,0
7314,804.9,158,20005,20005,0,0
7315,804.9167,158,20005,20005,0,0
7316,804.9333,158,20005,20005,0,0
7317,804.95,158,20005,20005,0,0
7318,804.9667,158,20005,20005,0,0
7319,804.9833,158,20005,20005,0,0
7320,805.0,158,20005,20005,0,0
7321,805.0167,158,20005,20005,0,0
7322,805.0333,158,20005,20005,0,0
7323,805.05,158,20005,20005,0,0
7324,805.0667,158,20005,20005,0,0
7325,805.0833,158,20005,20005,0,0
7326,805.1,158,20005,20005,0,0
7327,805.1167,158,20005,20005,0,0
7328,805.1333,158,20005,20005,0,0
7329,805.15,158,20005,20005,0,0
7330,805.1667,158,20005,20005,0,0
7331,805.1833,158,20005,20005,0,0
7332,805.2,158,20005,20005,0,0
7333,805.2167,158,20005,20005,0,0
7334,805.2333,158,20005,20005,0,0
7335,805.25,158,20005,20005,0,0
7336,805.2667,158,20005,20005,0,0
7337,805.2833,158,20005,20005,0,0
7338,805.3,158,20005,20005,0,0
7339,805.3167,158,20005,20005,0,0
7340,805.3333,158,20005,20005,0,0
7341,805.35,158,20005,20005,0,0
7342,805.3667,158,20005,20005,0,0
7343,805.3833,158,20005,20005,0,0
7344,805.4,158,20005,20005,0,0
7345,805.4167,158,20005,20005,0,0
7346,805.4333,158,20005,20005,0,0
7347,805.45,158,20005,20005,0,0
7348,805.4667,158,20005,20005,0,0
7349,805.4833,158,20005,20005,0,0
7350,805.5,158,20005,20005,0,0
7351,805.5167,158,20005,20005,0,0
7352,805.5333,158,20005,20005,0,0
7353,805.55,158,20005,20005,0,0
7354,805.5667,158,20005,20005,0,0
7355,805.5833,158,20005,20005,0,0
7356,805.6,158,20005,20005,0,0
7357,805.6167,158,20005,20005,0,0
7358,805.6333,158,20005,20005,0,0
7359,805.65,158,20005,20005,0,0
7360,805.6667,158,20005,20005,0,0
7361,805.6833,158,20005,20005,0,0
7362,805.7,158,20005,20005,0,0
7363,805.7167,158,20005,20005,0,0
7364,805.7333,158,20005,20005,0,0
7365,805.75,158,20005,20005,0,0
7366,805.7667,158,20005,20005,0,0
7367,805.7833,158,20005,20005,0,0
7368,805.8,158,20005,20005,0,0
7369,805.8167,158,20005,20005,0,0
7370,805.8333,158,20005,20005,0,0
7371,805.85,158,20005,20005,0,0
7372,805.8667,158,20005,20005,0,0
7373,805.8833,158,20005,20005,0,0
7374,805.9,158,20005,20005,0,0
7375,805.9167,158,20005,20005,0,0
7376,805.9333,158,20005,20005,0,0
7377,805.95,158,20005,20005,0,0
7378,805.9667,158,20005,20005,0,0
7379,805.9833,158,20005,20005,0,0
7380,806.0,158,20005,20005,0,0
7381,806.0167,158,20005,20005,0,0
7382,806.0333,158,20005,20005,0,0
7383,806.05,158,20005,20005,0,0
7384,806.0667,158,20005,20005,0,0
7385,806.0833,158,20005,20005,0,0
7386,806.1,158,20005,20005,0,0
7387,806.1167,158,20005,20005,0,0
7388,806.1333,158,20005,20005,0,0
7389,806.15,158,20005,20005,0,0
7390,806.1667,158,20005,20005,0,0
7391,806.1833,158,19861,20005,144,-144
7392,806.2,158,19861,20005,144,0
7393,806.2167,158,19864,20005,141,3
7394,806.2333,158,19864,20005,141,0
7395,806.25,158,19867,20005,138,3
7396,806.2667,158,19870,20005,135,3
7397,806.2833,158,19873,20005,132,3
7398,806.3,158,19873,20005,132,0
7399,806.3167,158,19876,20005,129,3
7400,806.3333,158,19876,20005,129,0
7401,806.35,158,20005,20005,0,129
7402,806.3667,158,20005,20005,0,0
7403,806.3833,158,20005,20005,0,0
7404,806.4,158,20005,20005,0,0
7405,806.4167,158,20005,20005,0,0
7406,806.4333,158,20005,20005,0,0
7407,806.45,158,20005,20005,0,0
7408,806.4667,158,19695,20005,310,-310
7409,806.4833,158,19699,20005,306,4
7410,806.5,158,19699,20005,306,0
7411,806.5167,158,19702,20005,303,3
7412,806.5333,158,19706,20005,299,4
7413,806.55,158,19706,20005,299,0
7414,806.5667,158,20005,20005,0,299
7415,806.5833,158,20005,20005,0,0
7416,806.6,158,20005,20005,0,0
7417,806.6167,158,20005,20005,0,0
7418,806.6333,158,20005,20005,0,0
7419,806.65,158,20005,20005,0,0
7420,806.6667,158,20005,20005,0,0
7421,806.6833,158,20005,20005,0,0
7422,806.7,158,20005,20005,0,0
7423,806.7167,158,20005,20005,0,0
7424,806.7333,158,20005,20005,0,0
7425,806.75,158,20005,20005,0,0
7426,806.7667,158,20005,20005,0,0
7427,806.7833,158,20005,20005,0,0
7428,806.8,158,20005,20005,0,0
7429,806.8167,158,20005,20005,0,0
7430,806.8333,158,20005,20005,0,0
7431,806.85,158,20005,20005,0,0
7432,806.8667,158,20005,20005,0,0
7433,806.8833,158,20005,20005,0,0
7434,806.9,158,20005,20005,0,0
7435,806.9167,158,20005,20005,0,0
7436,806.9333,158,20005,20005,0,0
7437,806.95,158,20005,20005,0,0
7438,806.9667,158,20005,20005,0,0
7439,806.9833,158,20005,20005,0,0
7440,807.0,158,20005,20005,0,0
7441,807.0167,158,20005,20005,0,0
7442,807.0333,158,20005,20005,0,0
7443,807.05,158,20005,20005,0,0
7444,807.0667,158,20005,20005,0,0
7445,807.0833,158,20005,20005,0,0
7446,807.1,158,20005,20005,0,0
7447,807.1167,158,20005,20005,0,0
7448,807.1333,158,20005,20005,0,0
7449,807.15,158,20005,20005,0,0
7450,807.1667,158,20005,20005,0,0
7451,807.1833,158,20005,20005,0,0
7452,807.2,158,20005,20005,0,0
7453,807.2167,158,20005,20005,0,0
7454,807.2333,158,20005,20005,0,0
7455,807.25,158,20005,20005,0,0
7456,807.2667,158,20005,20005,0,0
7457,807.2833,158,20005,20005,0,0
7458,807.3,158,20005,20005,0,0
7459,807.3167,158,20005,20005,0,0
7460,807.3333,158,19326,20005,679,-679
7461,807.35,158,20005,20005,0,679
7462,807.3667,158,20005,20005,0,0
7463,807.3833,158,20005,20005,0,0
7464,807.4,158,20005,20005,0,0
7465,807.4167,158,20005,20005,0,0
7466,807.4333,158,20005,20005,0,0
7467,807.45,158,20005,20005,0,0
7468,807.4667,158,20005,20005,0,0
7469,807.4833,158,19695,20005,310,-310
7470,807.5,158,19699,20005,306,4
7471,807.5167,158,19699,20005,306,0
7472,807.5333,158,19702,20005,303,3
7473,807.55,158,20005,20005,0,303
7474,807.5667,158,20005,20005,0,0
7475,807.5833,158,20005,20005,0,0
7476,807.6,158,20005,20005,0,0
7477,807.6167,158,20005,20005,0,0
7478,807.6333,158,20005,20005,0,0
7479,807.65,158,19681,20005,324,-324
7480,807.6667,158,19684,20005,321,3
7481,807.6833,158,19684,20005,321,0
7482,807.7,158,19687,20005,318,3
7483,807.7167,158,19690,20005,315,3
7484,807.7333,158,19690,20005,315,0
7485,807.75,158,19693,20005,312,3
7486,807.7667,158,19696,20005,309,3
7487,807.7833,158,19700,20005,305,4
7488,807.8,158,19700,20005,305,0
7489,807.8167,158,19703,20005,302,3
7490,807.8333,158,19706,20005,299,3
7491,807.85,158,19706,20005,299,0
7492,807.8667,158,19709,20005,296,3
7493,807.8833,158,19712,20005,293,3
7494,807.9,158,19715,20005,290,3
7495,807.9167,158,19715,20005,290,0
7496,807.9333,158,19718,20005,287,3
7497,807.95,158,19721,20005,284,3
7498,807.9667,158,19724,20005,281,3
7499,807.9833,158,19724,20005,281,0
7500,808.0,158,19727,20005,278,3
7501,808.0167,158,19730,20005,275,3
7502,808.0333,158,19733,20005,272,3
7503,808.05,158,19735,20005,270,2
7504,808.0667,158,19735,20005,270,0
7505,808.0833,158,19738,20005,267,3
7506,808.1,158,19741,20005,264,3
7507,808.1167,158,19744,20005,261,3
7508,808.1333,158,19744,20005,261,0
7509,808.15,158,19747,20005,258,3
7510,808.1667,158,19749,20005,256,2
7511,808.1833,158,19752,20005,253,3
7512,808.2,158,19755,20005,250,3
7513,808.2167,158,19755,20005,250,0
7514,808.2333,158,19758,20005,247,3
7515,808.25,158,19760,20005,245,2
7516,808.2667,158,20005,20005,0,245
7517,808.2833,158,20005,20005,0,0
7518,808.3,158,20005,20005,0,0
7519,808.3167,158,20005,20005,0,0
7520,808.3333,158,20005,20005,0,0
7521,808.35,158,20005,20005,0,0
7522,808.3667,158,20005,20005,0,0
7523,808.3833,158,19681,20005,324,-324
7524,808.4,158,19684,20005,321,3
7525,808.4167,158,19684,20005,321,0
7526,808.4333,158,19686,20005,319,2
7527,808.45,158,19689,20005,316,3
7528,808.4667,158,19692,20005,313,3
7529,808.4833,158,19692,20005,313,0
7530,808.5,158,19695,20005,310,3
7531,808.5167,158,19698,20005,307,3
7532,808.5333,158,19701,20005,304,3
7533,808.55,158,19701,20005,304,0
7534,808.5667,158,19703,20005,302,2
7535,808.5833,158,19706,20005,299,3
7536,808.6,158,19709,20005,296,3
7537,808.6167,158,19709,20005,296,0
7538,808.6333,158,20005,20005,0,296
7539,808.65,158,20005,20005,0,0
7540,808.6667,158,20005,20005,0,0
7541,808.6833,158,20005,20005,0,0
7542,808.7,158,20005,20005,0,0
7543,808.7167,158,20005,20005,0,0
7544,808.7333,158,20005,20005,0,0
7545,808.75,158,20005,20005,0,0
7546,808.7667,158,20005,20005,0,0
7547,808.7833,158,20005,20005,0,0
7548,808.8,158,20005,20005,0,0
7549,808.8167,158,20005,20005,0,0
7550,808.8333,158,20005,20005,0,0
7551,808.85,158,20005,20005,0,0
7552,808.8667,158,20005,20005,0,0
7553,808.8833,158,20005,20005,0,0
7554,808.9,158,20005,20005,0,0
7555,808.9167,158,20005,20005,0,0
7556,808.9333,158,20005,20005,0,0
7557,808.95,158,20005,20005,0,0
7558,808.9667,158,20005,20005,0,0
7559,808.9833,158,20005,20005,0,0
7560,809.0,158,20005,20005,0,0
7561,809.0167,158,20005,20005,0,0
7562,809.0333,158,20005,20005,0,0
7563,809.05,158,20005,20005,0,0
7564,809.0667,158,20005,20005,0,0
7565,809.0833,158,20005,20005,0,0
7566,809.1,158,20005,20005,0,0
7567,809.1167,158,20005,20005,0,0
7568,809.1333,158,20005,20005,0,0
7569,809.15,158,20005,20005,0,0
7570,809.1667,158,20005,20005,0,0
7571,809.1833,158,20005,20005,0,0
7572,809.2,158,20005,20005,0,0
7573,809.2167,158,20005,20005,0,0
7574,809.2333,158,20005,20005,0,0
7575,809.25,158,20005,20005,0,0
7576,809.2667,158,20005,20005,0,0
7577,809.2833,158,20005,20005,0,0
7578,809.3,158,20005,20005,0,0
7579,809.3167,158,20005,20005,0,0
7580,809.3333,158,20005,20005,0,0
7581,809.35,158,20005,20005,0,0
7582,809.3667,158,20005,20005,0,0
7583,809.3833,158,19681,20005,324,-324
7584,809.4,158,19683,20005,322,2
7585,809.4167,158,19683,20005,322,0
7586,809.4333,158,19686,20005,319,3
7587,809.45,158,19688,20005,317,2
7588,809.4667,158,19690,20005,315,2
7589,809.4833,158,19693,20005,312,3
7590,809.5,158,19695,20005,310,2
7591,809.5167,158,20005,20005,0,310
7592,809.5333,158,20005,20005,0,0
7593,809.55,158,20005,20005,0,0
7594,809.5667,158,20005,20005,0,0
7595,809.5833,158,20005,20005,0,0
7596,809.6,158,20005,20005,0,0
7597,809.6167,158,20005,20005,0,0
7598,809.6333,158,20005,20005,0,0
7599,809.65,158,20005,20005,0,0
7600,809.6667,158,20005,20005,0,0
7601,809.6833,158,20005,20005,0,0
7602,809.7,158,20005,20005,0,0
7603,809.7167,158,20005,20005,0,0
7604,809.7333,158,20005,20005,0,0
7605,809.75,158,20005,20005,0,0
7606,809.7667,158,20005,20005,0,0
7607,809.7833,158,20005,20005,0,0
7608,809.8,158,20005,20005,0,0
7609,809.8167,158,20005,20005,0,0
7610,809.8333,158,20005,20005,0,0
7611,809.85,158,20005,20005,0,0
7612,809.8667,158,20005,20005,0,0
7613,809.8833,158,20005,20005,0,0
7614,809.9,158,20005,20005,0,0
7615,809.9167,158,20005,20005,0,0
7616,809.9333,158,20005,20005,0,0
7617,809.95,158,20005,20005,0,0
7618,809.9667,158,20005,20005,0,0
7619,809.9833,158,20005,20005,0,0
7620,810.0,158,19326,20005,679,-679
7621,810.0167,158,19329,20005,676,3
7622,810.0333,158,19331,20005,674,2
7623,810.05,158,20005,20005,0,674
7624,810.0667,158,20005,20005,0,0
7625,810.0833,158,20005,20005,0,0
7626,810.1,158,20005,20005,0,0
7627,810.1167,158,20005,20005,0,0
7628,810.1333,158,20005,20005,0,0
7629,810.15,158,20005,20005,0,0
7630,810.1667,158,20005,20005,0,0
7631,810.1833,158,20005,20005,0,0
7632,810.2,158,20005,20005,0,0
7633,810.2167,158,20005,20005,0,0
7634,810.2333,158,20005,20005,0,0
7635,810.25,158,20005,20005,0,0
7636,810.2667,158,20005,20005,0,0
7637,810.2833,158,20005,20005,0,0
7638,810.3,158,20005,20005,0,0
7639,810.3167,158,20005,20005,0,0
7640,810.3333,158,20005,20005,0,0
7641,810.35,158,20005,20005,0,0
7642,810.3667,158,20005,20005,0,0
7643,810.3833,158,20005,20005,0,0
7644,810.4,158,20005,20005,0,0
7645,810.4167,158,20005,20005,0,0
7646,810.4333,158,20005,20005,0,0
7647,810.45,158,20005,20005,0,0
7648,810.4667,158,20005,20005,0,0
7649,810.4833,158,20005,20005,0,0
7650,810.5,158,20005,20005,0,0
7651,810.5167,158,20005,20005,0,0
7652,810.5333,158,20005,20005,0,0
7653,810.55,158,20005,20005,0,0
7654,810.5667,158,20005,20005,0,0
7655,810.5833,158,20005,20005,0,0
7656,810.6,158,20005,20005,0,0
7657,810.6167,158,20005,20005,0,0
7658,810.6333,158,20005,20005,0,0
7659,810.65,158,20005,20005,0,0
7660,810.6667,158,20005,20005,0,0
7661,810.6833,158,20005,20005,0,0
7662,810.7,158,20005,20005,0,0
7663,810.7167,158,20005,20005,0,0
7664,810.7333,158,20005,20005,0,0
7665,810.75,158,20005,20005,0,0
7666,810.7667,158,20005,20005,0,0
7667,810.7833,158,20005,20005,0,0
7668,810.8,158,20005,20005,0,0
7669,810.8167,158,20005,20005,0,0
7670,810.8333,158,20005,20005,0,0
7671,810.85,158,20005,20005,0,0
7672,810.8667,158,20005,20005,0,0
7673,810.8833,158,20005,20005,0,0
7674,810.9,158,20005,20005,0,0
7675,810.9167,158,20005,20005,0,0
7676,810.9333,158,20005,20005,0,0
7677,810.95,158,20005,20005,0,0
7678,810.9667,158,20005,20005,0,0
7679,810.9833,158,20005,20005,0,0
7680,811.0,158,20005,20005,0,0
7681,811.0167,158,20005,20005,0,0
7682,811.0333,158,20005,20005,0,0
7683,811.05,158,20005,20005,0,0
7684,811.0667,158,20005,20005,0,0
7685,811.0833,158,20005,20005,0,0
7686,811.1,158,20005,20005,0,0
7687,811.1167,158,20005,20005,0,0
7688,811.1333,158,20005,20005,0,0
7689,811.15,158,20005,20005,0,0
7690,811.1667,158,20005,20005,0,0
7691,811.1833,158,20005,20005,0,0
7692,811.2,158,20005,20005,0,0
7693,811.2167,158,20005,20005,0,0
7694,811.2333,158,20005,20005,0,0
7695,811.25,158,20005,20005,0,0
7696,811.2667,158,20005,20005,0,0
7697,811.2833,158,20005,20005,0,0
7698,811.3,158,20005,20005,0,0
7699,811.3167,158,20005,20005,0,0
7700,811.3333,158,20005,20005,0,0
7701,811.35,158,20005,20005,0,0
7702,811.3667,158,20005,20005,0,0
7703,811.3833,158,20005,20005,0,0
7704,811.4,158,20005,20005,0,0
7705,811.4167,158,20005,20005,0,0
7706,811.4333,158,20005,20005,0,0
7707,811.45,158,20005,20005,0,0
7708,811.4667,158,20005,20005,0,0
7709,811.4833,158,20005,20005,0,0
7710,811.5,158,20005,20005,0,0
7711,811.5167,158,20005,20005,0,0
7712,811.5333,158,20005,20005,0,0
7713,811.55,158,20005,20005,0,0
7714,811.5667,158,20005,20005,0,0
7715,811.5833,158,20005,20005,0,0
7716,811.6,158,20005,20005,0,0
7717,811.6167,158,20005,20005,0,0
7718,811.6333,158,20005,20005,0,0
7719,811.65,158,20005,20005,0,0
7720,811.6667,158,20005,20005,0,0
7721,811.6833,158,20005,20005,0,0
7722,811.7,158,20005,20005,0,0
7723,811.7167,158,20005,20005,0,0
7724,811.7333,158,20005,20005,0,0
7725,811.75,158,20005,20005,0,0
7726,811.7667,158,20005,20005,0,0
7727,811.7833,158,20005,20005,0,0
7728,811.8,158,20005,20005,0,0
7729,811.8167,158,20005,20005,0,0
7730,811.8333,158,20005,20005,0,0
7731,811.85,158,20005,20005,0,0
7732,811.8667,158,20005,20005,0,0
7733,811.8833,158,20005,20005,0,0
7734,811.9,158,20005,20005,0,0
7735,811.9167,158,20005,20005,0,0
7736,811.9333,158,20005,20005,0,0
7737,811.95,158,20005,20005,0,0
7738,811.9667,158,20005,20005,0,0
7739,811.9833,158,20005,20005,0,0
7740,812.0,158,20005,20005,0,0
7741,812.0167,158,20005,20005,0,0
7742,812.0333,158,20005,20005,0,0
7743,812.05,158,20005,20005,0,0
7744,812.0667,158,20005,20005,0,0
7745,812.0833,158,20005,20005,0,0
7746,812.1,158,20005,20005,0,0
7747,812.1167,158,20005,20005,0,0
7748,812.1333,158,20005,20005,0,0
7749,812.15,158,20005,20005,0,0
7750,812.1667,158,20005,20005,0,0
7751,812.1833,158,20005,20005,0,0
7752,812.2,158,20005,20005,0,0
7753,812.2167,158,20005,20005,0,0
7754,812.2333,158,20005,20005,0,0
7755,812.25,158,20005,20005,0,0
7756,812.2667,158,20005,20005,0,0
7757,812.2833,158,20005,20005,0,0
7758,812.3,158,20005,20005,0,0
7759,812.3167,158,20005,20005,0,0
7760,812.3333,158,20005,20005,0,0
7761,812.35,158,20005,20005,0,0
7762,812.3667,158,20005,20005,0,0
7763,812.3833,158,20005,20005,0,0
7764,812.4,158,20005,20005,0,0
7765,812.4167,158,20005,20005,0,0
7766,812.4333,158,20005,20005,0,0
7767,812.45,158,20005,20005,0,0
7768,812.4667,158,20005,20005,0,0
7769,812.4833,158,20005,20005,0,0
7770,812.5,158,20005,20005,0,0
7771,812.5167,158,20005,20005,0,0
7772,812.5333,158,20005,20005,0,0
7773,812.55,158,20005,20005,0,0
7774,812.5667,158,20005,20005,0,0
7775,812.5833,158,20005,20005,0,0
7776,812.6,158,20005,20005,0,0
7777,812.6167,158,20005,20005,0,0
7778,812.6333,158,20005,20005,0,0
7779,812.65,158,20005,20005,0,0
7780,812.6667,158,20005,20005,0,0
7781,812.6833,158,20005,20005,0,0
7782,812.7,159,20005,20005,0,0
7783,812.7167,159,20005,20005,0,0
7784,812.7333,159,20005,20005,0,0
7785,812.75,159,20005,20005,0,0
7786,812.7667,159,20005,20005,0,0
7787,812.7833,159,20005,20005,0,0
7788,812.8,159,20005,20005,0,0
7789,812.8167,159,20005,20005,0,0
7790,812.8333,159,20005,20005,0,0
7791,812.85,159,20005,20005,0,0
7792,812.8667,159,20005,20005,0,0
7793,812.8833,159,20005,20005,0,0
7794,812.9,159,20005,20005,0,0
7795,812.9167,159,20005,20005,0,0
7796,812.9333,159,20005,20005,0,0
7797,812.95,159,20005,20005,0,0
7798,812.9667,159,20005,20005,0,0
7799,812.9833,159,20005,20005,0,0
7800,813.0,159,20005,20005,0,0
7801,813.0167,159,20005,20005,0,0
7802,813.0333,159,20005,20005,0,0
7803,813.05,159,20005,20005,0,0
7804,813.0667,159,20005,20005,0,0
7805,813.0833,159,20005,20005,0,0
7806,813.1,159,20005,20005,0,0
7807,813.1167,159,20005,20005,0,0
7808,813.1333,159,20005,20005,0,0
7809,813.15,159,20005,20005,0,0
7810,813.1667,159,20005,20005,0,0
7811,813.1833,159,20005,20005,0,0
7812,813.2,159,20005,20005,0,0
7813,813.2167,159,20005,20005,0,0
7814,813.2333,159,20005,20005,0,0
7815,813.25,159,20005,20005,0,0
7816,813.2667,159,20005,20005,0,0
7817,813.2833,159,20005,20005,0,0
7818,813.3,159,20005,20005,0,0
7819,813.3167,159,20005,20005,0,0
7820,813.3333,159,20005,20005,0,0
7821,813.35,159,20005,20005,0,0
7822,813.3667,159,20005,20005,0,0
7823,813.3833,159,20005,20005,0,0
7824,813.4,159,20005,20005,0,0
7825,813.4167,159,20005,20005,0,0
7826,813.4333,159,20005,20005,0,0
7827,813.45,159,20005,20005,0,0
7828,813.4667,159,20005,20005,0,0
7829,813.4833,159,20005,20005,0,0
7830,813.5,159,20005,20005,0,0
7831,813.5167,159,20005,20005,0,0
7832,813.5333,159,20005,20005,0,0
7833,813.55,159,20005,20005,0,0
7834,813.5667,159,20005,20005,0,0
7835,813.5833,159,20005,20005,0,0
7836,813.6,159,20005,20005,0,0
7837,813.6167,159,20005,20005,0,0
7838,813.6333,159,20005,20005,0,0
7839,813.65,159,20005,20005,0,0
7840,813.6667,159,20005,20005,0,0
7841,813.6833,159,20005,20005,0,0
7842,813.7,159,20005,20005,0,0
7843,813.7167,159,20005,20005,0,0
7844,813.7333,159,20005,20005,0,0
7845,813.75,159,20005,20005,0,0
7846,813.7667,159,20005,20005,0,0
7847,813.7833,159,20005,20005,0,0
7848,813.8,159,20005,20005,0,0
7849,813.8167,159,20005,20005,0,0
7850,813.8333,159,20005,20005,0,0
7851,813.85,159,20005,20005,0,0
7852,813.8667,159,20005,20005,0,0
7853,813.8833,159,20005,20005,0,0
7854,813.9,159,20005,20005,0,0
7855,813.9167,159,20005,20005,0,0
7856,813.9333,159,20005,20005,0,0
7857,813.95,159,20005,20005,0,0
7858,813.9667,159,20005,20005,0,0
7859,813.9833,159,20005,20005,0,0
7860,814.0,159,20005,20005,0,0
7861,814.0167,159,20005,20005,0,0
7862,814.0333,159,20005,20005,0,0
7863,814.05,159,20005,20005,0,0
7864,814.0667,159,20005,20005,0,0
7865,814.0833,159,20005,20005,0,0
7866,814.1,159,20005,20005,0,0
7867,814.1167,159,20005,20005,0,0
7868,814.1333,159,20005,20005,0,0
7869,814.15,159,20005,20005,0,0
7870,814.1667,159,20005,20005,0,0
7871,814.1833,159,20005,20005,0,0
7872,814.2,159,20005,20005,0,0
7873,814.2167,159,20005,20005,0,0
7874,814.2333,159,20005,20005,0,0
7875,814.25,159,20005,20005,0,0
7876,814.2667,159,20005,20005,0,0
7877,814.2833,159,20005,20005,0,0
7878,814.3,159,20005,20005,0,0
7879,814.3167,159,20005,20005,0,0
7880,814.3333,159,20005,20005,0,0
7881,814.35,159,20005,20005,0,0
7882,814.3667,159,20005,20005,0,0
7883,814.3833,159,20005,20005,0,0
7884,814.4,159,20005,20005,0,0
7885,814.4167,159,20005,20005,0,0
7886,814.4333,159,20005,20005,0,0
7887,814.45,159,20005,20005,0,0
7888,814.4667,159,20005,20005,0,0
7889,814.4833,159,20005,20005,0,0
7890,814.5,159,20005,20005,0,0
7891,814.5167,159,20005,20005,0,0
7892,814.5333,159,20005,20005,0,0
7893,814.55,159,20005,20005,0,0
7894,814.5667,159,20005,20005,0,0
7895,814.5833,159,20005,20005,0,0
7896,814.6,159,20005,20005,0,0
7897,814.6167,159,20005,20005,0,0
7898,814.6333,159,20005,20005,0,0
7899,814.65,159,20005,20005,0,0
7900,814.6667,159,20005,20005,0,0
7901,814.6833,159,20005,20005,0,0
7902,814.7,159,20005,20005,0,0
7903,814.7167,159,20005,20005,0,0
7904,814.7333,159,20005,20005,0,0
7905,814.75,159,20005,20005,0,0
7906,814.7667,159,20005,20005,0,0
7907,814.7833,159,20005,20005,0,0
7908,814.8,159,20005,20005,0,0
7909,814.8167,159,20005,20005,0,0
7910,814.8333,159,20005,20005,0,0
7911,814.85,159,20005,20005,0,0
7912,814.8667,159,20005,20005,0,0
7913,814.8833,159,20005,20005,0,0
7914,814.9,159,20005,20005,0,0
7915,814.9167,159,20005,20005,0,0
7916,814.9333,159,20005,20005,0,0
7917,814.95,159,20005,20005,0,0
7918,814.9667,159,20005,20005,0,0
7919,814.9833,159,20005,20005,0,0
7920,815.0,159,20005,20005,0,0
7921,815.0167,159,20005,20005,0,0
7922,815.0333,159,20005,20005,0,0
7923,815.05,159,20005,20005,0,0
7924,815.0667,159,20005,20005,0,0
7925,815.0833,159,20005,20005,0,0
7926,815.1,159,20005,20005,0,0
7927,815.1167,159,20005,20005,0,0
7928,815.1333,159,20005,20005,0,0
7929,815.15,159,20005,20005,0,0
7930,815.1667,159,20005,20005,0,0
7931,815.1833,159,20005,20005,0,0
7932,815.2,159,20005,20005,0,0
7933,815.2167,159,20005,20005,0,0
7934,815.2333,159,20005,20005,0,0
7935,815.25,159,20005,20005,0,0
7936,815.2667,159,20005,20005,0,0
7937,815.2833,159,20005,20005,0,0
7938,815.3,159,20005,20005,0,0
7939,815.3167,159,20005,20005,0,0
7940,815.3333,159,20005,20005,0,0
7941,815.35,159,20005,20005,0,0
7942,815.3667,159,20005,20005,0,0
7943,815.3833,159,20005,20005,0,0
7944,815.4,159,20005,20005,0,0
7945,815.4167,159,20005,20005,0,0
7946,815.4333,159,20005,20005,0,0
7947,815.45,159,20005,20005,0,0
7948,815.4667,159,20005,20005,0,0
7949,815.4833,159,20005,20005,0,0
7950,815.5,159,20005,20005,0,0
7951,815.5167,159,20005,20005,0,0
7952,815.5333,159,20005,20005,0,0
7953,815.55,159,20005,20005,0,0
7954,815.5667,159,20005,20005,0,0
7955,815.5833,159,20005,20005,0,0
7956,815.6,159,20005,20005,0,0
7957,815.6167,159,20005,20005,0,0
7958,815.6333,159,20005,20005,0,0
7959,815.65,159,20005,20005,0,0
7960,815.6667,159,20005,20005,0,0
7961,815.6833,159,20005,20005,0,0
7962,815.7,159,20005,20005,0,0
7963,815.7167,159,20005,20005,0,0
7964,815.7333,159,20005,20005,0,0
7965,815.75,159,20005,20005,0,0
7966,815.7667,159,20005,20005,0,0
7967,815.7833,159,20005,20005,0,0
7968,815.8,159,20005,20005,0,0
7969,815.8167,159,20005,20005,0,0
7970,815.8333,159,20005,20005,0,0
7971,815.85,159,20005,20005,0,0
7972,815.8667,159,20005,20005,0,0
7973,815.8833,159,20005,20005,0,0
7974,815.9,159,20005,20005,0,0
7975,815.9167,159,20005,20005,0,0
7976,815.9333,159,20005,20005,0,0
7977,815.95,159,20005,20005,0,0
7978,815.9667,159,20005,20005,0,0
7979,815.9833,159,20005,20005,0,0
7980,816.0,159,20005,20005,0,0
7981,816.0167,159,20005,20005,0,0
7982,816.0333,159,20005,20005,0,0
7983,816.05,159,20005,20005,0,0
7984,816.0667,159,20005,20005,0,0
7985,816.0833,159,20005,20005,0,0
7986,816.1,159,20005,20005,0,0
7987,816.1167,159,20005,20005,0,0
7988,816.1333,159,20005,20005,0,0
7989,816.15,159,20005,20005,0,0
7990,816.1667,159,20005,20005,0,0
7991,816.1833,159,20005,20005,0,0
7992,816.2,159,20005,20005,0,0
7993,816.2167,159,20005,20005,0,0
7994,816.2333,159,20005,20005,0,0
7995,816.25,159,20005,20005,0,0
7996,816.2667,159,20005,20005,0,0
7997,816.2833,159,20005,20005,0,0
7998,816.3,159,20005,20005,0,0
7999,816.3167,159,20005,20005,0,0
8000,816.3333,159,20005,20005,0,0
8001,816.35,159,20005,20005,0,0
8002,816.3667,159,20005,20005,0,0
8003,816.3833,159,20005,20005,0,0
8004,816.4,159,20005,20005,0,0
8005,816.4167,159,20005,20005,0,0
8006,816.4333,159,20005,20005,0,0
8007,816.45,159,20005,20005,0,0
8008,816.4667,159,20005,20005,0,0
8009,816.4833,159,20005,20005,0,0
8010,816.5,159,20005,20005,0,0
8011,816.5167,159,20005,20005,0,0
8012,816.5333,159,20005,20005,0,0
8013,816.55,159,20005,20005,0,0
8014,816.5667,159,20005,20005,0,0
8015,816.5833,159,20005,20005,0,0
8016,816.6,159,20005,20005,0,0
8017,816.6167,159,20005,20005,0,0
8018,816.6333,159,20005,20005,0,0
8019,816.65,159,20005,20005,0,0
8020,816.6667,159,20005,20005,0,0
8021,816.6833,159,20005,20005,0,0
8022,816.7,159,20005,20005,0,0
8023,816.7167,159,20005,20005,0,0
8024,816.7333,159,20005,20005,0,0
8025,816.75,159,20005,20005,0,0
8026,816.7667,159,19262,20005,743,-743
8027,816.7833,159,19262,20005,743,0
8028,816.8,159,19343,20005,662,81
8029,816.8167,159,19346,20005,659,3
8030,816.8333,159,19349,20005,656,3
8031,816.85,159,19349,20005,656,0
8032,816.8667,159,19351,20005,654,2
8033,816.8833,159,19399,20005,606,48
8034,816.9,159,19402,20005,603,3
8035,816.9167,159,19405,20005,600,3
8036,816.9333,159,19405,20005,600,0
8037,816.95,159,19407,20005,598,2
8038,816.9667,159,19576,20005,429,169
8039,816.9833,159,19214,20005,791,-362
8040,817.0,159,19217,20005,788,3
8041,817.0167,159,19217,20005,788,0
8042,817.0333,159,19219,20005,786,2
8043,817.05,159,19308,20005,697,89
8044,817.0667,159,19218,20005,787,-90
8045,817.0833,159,19221,20005,784,3
8046,817.1,159,19221,20005,784,0
8047,817.1167,159,19224,20005,781,3
8048,817.1333,159,19400,20005,605,176
8049,817.15,159,19403,20005,602,3
8050,817.1667,159,19313,20005,692,-90
8051,817.1833,159,19313,20005,692,0
8052,817.2,159,19316,20005,689,3
8053,817.2167,159,19394,20005,611,78
8054,817.2333,159,19397,20005,608,3
8055,817.25,159,19399,20005,606,2
8056,817.2667,159,19399,20005,606,0
8057,817.2833,159,19309,20005,696,-90
8058,817.3,159,19485,20005,520,176
8059,817.3167,159,19487,20005,518,2
8060,817.3333,159,19490,20005,515,3
8061,817.35,159,19490,20005,515,0
8062,817.3667,159,19493,20005,512,3
8063,817.3833,159,19473,20005,532,-20
8064,817.4,159,19475,20005,530,2
8065,817.4167,159,19478,20005,527,3
8066,817.4333,159,19478,20005,527,0
8067,817.45,159,19480,20005,525,2
8068,817.4667,159,19719,20005,286,239
8069,817.4833,159,19629,20005,376,-90
8070,817.5,159,19629,20005,376,0
8071,817.5167,159,19632,20005,373,3
8072,817.5333,159,19635,20005,370,3
8073,817.55,159,19720,20005,285,85
8074,817.5667,159,19723,20005,282,3
8075,817.5833,159,19723,20005,282,0
8076,817.6,159,19633,20005,372,-90
8077,817.6167,159,19474,20005,531,-159
8078,817.6333,159,19557,20005,448,83
8079,817.65,159,19559,20005,446,2
8080,817.6667,159,19559,20005,446,0
8081,817.6833,159,19472,20005,533,-87
8082,817.7,159,19475,20005,530,3
8083,817.7167,159,19609,20005,396,134
8084,817.7333,159,19612,20005,393,3
8085,817.75,159,19614,20005,391,2
8086,817.7667,159,19614,20005,391,0
8087,817.7833,159,19527,20005,478,-87
8088,817.8,159,19603,20005,402,76
8089,817.8167,159,19605,20005,400,2
8090,817.8333,159,19608,20005,397,3
8091,817.85,159,19608,20005,397,0
8092,817.8667,159,19610,20005,395,2
8093,817.8833,159,19523,20005,482,-87
8094,817.9,159,19578,20005,427,55
8095,817.9167,159,19578,20005,427,0
8096,817.9333,159,19581,20005,424,3
8097,817.95,159,19583,20005,422,2
8098,817.9667,159,19586,20005,419,3
8099,817.9833,159,19195,20005,810,-391
8100,818.0,159,19197,20005,808,2
8101,818.0167,159,19200,20005,805,3
8102,818.0333,159,19203,20005,802,3
8103,818.05,159,19203,20005,802,0
8104,818.0667,159,19259,20005,746,56
8105,818.0833,159,19171,20005,834,-88
8106,818.1,159,19174,20005,831,3
8107,818.1167,159,19177,20005,828,3
8108,818.1333,159,19179,20005,826,2
8109,818.15,159,19300,20005,705,121
8110,818.1667,159,19300,20005,705,0
8111,818.1833,159,19302,20005,703,2
8112,818.2,159,19214,20005,791,-88
8113,818.2167,159,19217,20005,788,3
8114,818.2333,159,19219,20005,786,2
8115,818.25,159,19219,20005,786,0
8116,818.2667,159,19302,20005,703,83
8117,818.2833,159,19305,20005,700,3
8118,818.3,159,19217,20005,788,-88
8119,818.3167,159,19220,20005,785,3
8120,818.3333,159,19220,20005,785,0
8121,818.35,159,19223,20005,782,3
8122,818.3667,159,19427,20005,578,204
8123,818.3833,159,19429,20005,576,2
8124,818.4,159,19342,20005,663,-87
8125,818.4167,159,19345,20005,660,3
8126,818.4333,159,19347,20005,658,2
8127,818.45,159,19347,20005,658,0
8128,818.4667,159,19573,20005,432,226
8129,818.4833,159,19576,20005,429,3
8130,818.5,159,19488,20005,517,-88
8131,818.5167,159,19491,20005,514,3
8132,818.5333,159,19491,20005,514,0
8133,818.55,159,19493,20005,512,2
8134,818.5667,159,19715,20005,290,222
8135,818.5833,159,19718,20005,287,3
8136,818.6,159,19266,20005,739,-452
8137,818.6167,159,19266,20005,739,0
8138,818.6333,159,19268,20005,737,2
8139,818.65,159,19550,20005,455,282
8140,818.6667,159,19699,20005,306,149
8141,818.6833,159,19699,20005,306,0
8142,818.7,159,19701,20005,304,2
8143,818.7167,159,19701,20005,304,0
8144,818.7333,159,19614,20005,391,-87
8145,818.75,159,19614,20005,391,0
8146,818.7667,159,19617,20005,388,3
8147,818.7833,159,19818,20005,187,201
8148,818.8,159,19821,20005,184,3
8149,818.8167,159,19821,20005,184,0
8150,818.8333,159,19764,20005,241,-57
8151,818.85,159,19767,20005,238,3
8152,818.8667,159,19767,20005,238,0
8153,818.8833,159,20005,20005,0,238
8154,818.9,159,20005,20005,0,0
8155,818.9167,159,20005,20005,0,0
8156,818.9333,159,19945,20005,60,-60
8157,818.95,159,16115,20005,3890,-3830
8158,818.9667,159,16115,20005,3890,0
8159,818.9833,159,16472,20005,3533,357
8160,819.0,159,14320,20005,5685,-2152
8161,819.0167,159,14324,20005,5681,4
8162,819.0333,159,14324,20005,5681,0
8163,819.05,159,14217,20005,5788,-107
8164,819.0667,159,14452,20005,5553,235
8165,819.0833,159,14455,20005,5550,3
8166,819.1,159,14455,20005,5550,0
8167,819.1167,159,14458,20005,5547,3
8168,819.1333,159,14351,20005,5654,-107
8169,819.15,159,14588,20005,5417,237
8170,819.1667,159,14588,20005,5417,0
8171,819.1833,159,14591,20005,5414,3
8172,819.2,159,14594,20005,5411,3
8173,819.2167,159,14594,20005,5411,0
8174,819.2333,159,14487,20005,5518,-107
8175,819.25,159,14692,20005,5313,205
8176,819.2667,159,14695,20005,5310,3
8177,819.2833,159,14695,20005,5310,0
8178,819.3,159,14698,20005,5307,3
8179,819.3167,159,14701,20005,5304,3
8180,819.3333,159,14701,20005,5304,0
8181,819.35,159,14807,20005,5198,106
8182,819.3667,159,14810,20005,5195,3
8183,819.3833,159,14813,20005,5192,3
8184,819.4,159,14813,20005,5192,0
8185,819.4167,159,14816,20005,5189,3
8186,819.4333,159,14970,20005,5035,154
8187,819.45,159,14970,20005,5035,0
8188,819.4667,159,14944,20005,5061,-26
8189,819.4833,159,14947,20005,5058,3
8190,819.5,159,14950,20005,5055,3
8191,819.5167,159,14950,20005,5055,0
8192,819.5333,159,15171,20005,4834,221
8193,819.55,159,15064,20005,4941,-107
8194,819.5667,159,15038,20005,4967,-26
8195,819.5833,159,15038,20005,4967,0
8196,819.6,159,15041,20005,4964,3
8197,819.6167,159,14868,20005,5137,-173
8198,819.6333,159,14868,20005,5137,0
8199,819.65,159,14761,20005,5244,-107
8200,819.6667,159,14735,20005,5270,-26
8201,819.6833,159,14735,20005,5270,0
8202,819.7,159,14990,20005,5015,255
8203,819.7167,159,15411,20005,4594,421
8204,819.7333,159,15301,20005,4704,-110
8205,819.75,159,15301,20005,4704,0
8206,819.7667,159,15275,20005,4730,-26
8207,819.7833,159,15278,20005,4727,3
8208,819.8,159,15278,20005,4727,0
8209,819.8167,159,15612,20005,4393,334
8210,819.8333,159,15615,20005,4390,3
8211,819.85,159,15615,20005,4390,0
8212,819.8667,159,15505,20005,4500,-110
8213,819.8833,159,15480,20005,4525,-25
8214,819.9,159,15480,20005,4525,0
8215,819.9167,159,20005,20005,0,4525
8216,819.9333,159,20005,20005,0,0
8217,819.95,159,19892,20005,113,-113
8218,819.9667,159,19892,20005,113,0
8219,819.9833,159,19866,20005,139,-26
8220,820.0,159,20005,20005,0,139
8221,820.0167,159,20005,20005,0,0
8222,820.0333,159,20005,20005,0,0
8223,820.05,159,20005,20005,0,0
8224,820.0667,159,20005,20005,0,0
8225,820.0833,159,19976,20005,29,-29
8226,820.1,159,20005,20005,0,29
8227,820.1167,159,20005,20005,0,0
8228,820.1333,159,20005,20005,0,0
8229,820.15,159,20005,20005,0,0
8230,820.1667,159,20005,20005,0,0
8231,820.1833,159,19976,20005,29,-29
8232,820.2,159,19979,20005,26,3
8233,820.2167,159,19982,20005,23,3
8234,820.2333,159,19982,20005,23,0
8235,820.25,159,19985,20005,20,3
8236,820.2667,159,19959,20005,46,-26
8237,820.2833,159,19961,20005,44,2
8238,820.3,159,19961,20005,44,0
8239,820.3167,159,19964,20005,41,3
8240,820.3333,159,19967,20005,38,3
8241,820.35,159,19970,20005,35,3
8242,820.3667,159,19943,20005,62,-27
8243,820.3833,159,19943,20005,62,0
8244,820.4,159,19946,20005,59,3
8245,820.4167,159,20005,20005,0,59
8246,820.4333,159,20005,20005,0,0
8247,820.45,159,19961,20005,44,-44
8248,820.4667,159,19961,20005,44,0
8249,820.4833,159,19935,20005,70,-26
8250,820.5,159,19937,20005,68,2
8251,820.5167,159,19940,20005,65,3
8252,820.5333,159,19940,20005,65,0
8253,820.55,159,19829,20005,176,-111
8254,820.5667,159,19832,20005,173,3
8255,820.5833,159,19806,20005,199,-26
8256,820.6,159,19809,20005,196,3
8257,820.6167,159,19809,20005,196,0
8258,820.6333,159,19811,20005,194,2
8259,820.65,159,19701,20005,304,-110
8260,820.6667,159,19675,20005,330,-26
8261,820.6833,159,19678,20005,327,3
8262,820.7,159,19678,20005,327,0
8263,820.7167,159,19680,20005,325,2
8264,820.7333,159,19683,20005,322,3
8265,820.75,159,19588,20005,417,-95
8266,820.7667,159,19561,20005,444,-27
8267,820.7833,159,19561,20005,444,0
8268,820.8,159,19564,20005,441,3
8269,820.8167,159,19566,20005,439,2
8270,820.8333,159,19569,20005,436,3
8271,820.85,159,19474,20005,531,-95
8272,820.8667,159,19474,20005,531,0
8273,820.8833,159,19614,20005,391,140
8274,820.9,159,19617,20005,388,3
8275,820.9167,159,19620,20005,385,3
8276,820.9333,159,19620,20005,385,0
8277,820.95,159,19622,20005,383,2
8278,820.9667,159,19907,20005,98,285
8279,820.9833,159,19881,20005,124,-26
8280,821.0,159,19884,20005,121,3
8281,821.0167,159,19886,20005,119,2
8282,821.0333,159,19886,20005,119,0
8283,821.05,159,20005,20005,0,119
8284,821.0667,159,19938,20005,67,-67
8285,821.0833,159,19938,20005,67,0
8286,821.1,159,19941,20005,64,3
8287,821.1167,159,19943,20005,62,2
8288,821.1333,159,19991,20005,14,48
8289,821.15,159,19991,20005,14,0
8290,821.1667,159,19927,20005,78,-64
8291,821.1833,159,19930,20005,75,3
8292,821.2,159,19932,20005,73,2
8293,821.2167,159,19932,20005,73,0
8294,821.2333,159,20005,20005,0,73
8295,821.25,159,20005,20005,0,0
8296,821.2667,159,20005,20005,0,0
8297,821.2833,159,19938,20005,67,-67
8298,821.3,159,20005,20005,0,67
8299,821.3167,159,20005,20005,0,0
8300,821.3333,159,20005,20005,0,0
8301,821.35,159,20005,20005,0,0
8302,821.3667,159,20005,20005,0,0
8303,821.3833,159,20005,20005,0,0
8304,821.4,159,19938,20005,67,-67
8305,821.4167,159,19938,20005,67,0
8306,821.4333,159,20005,20005,0,67
8307,821.45,159,20005,20005,0,0
8308,821.4667,159,20005,20005,0,0
8309,821.4833,159,20005,20005,0,0
8310,821.5,159,19938,20005,67,-67
8311,821.5167,159,20005,20005,0,67
8312,821.5333,159,20005,20005,0,0
8313,821.55,159,20005,20005,0,0
8314,821.5667,159,20005,20005,0,0
8315,821.5833,159,20005,20005,0,0
8316,821.6,159,19938,20005,67,-67
8317,821.6167,159,19941,20005,64,3
8318,821.6333,159,19944,20005,61,3
8319,821.65,159,19944,20005,61,0
8320,821.6667,159,19947,20005,58,3
8321,821.6833,159,16764,20005,3241,-3183
8322,821.7,159,16767,20005,3238,3
8323,821.7167,159,16767,20005,3238,0
8324,821.7333,159,16770,20005,3235,3
8325,821.75,159,16773,20005,3232,3
8326,821.7667,159,16773,20005,3232,0
8327,821.7833,159,16776,20005,3229,3
8328,821.8,159,16726,20005,3279,-50
8329,821.8167,159,16729,20005,3276,3
8330,821.8333,159,16732,20005,3273,3
8331,821.85,159,16732,20005,3273,0
8332,821.8667,159,16734,20005,3271,2
8333,821.8833,159,16685,20005,3320,-49
8334,821.9,159,16687,20005,3318,2
8335,821.9167,159,16687,20005,3318,0
8336,821.9333,159,16690,20005,3315,3
8337,821.95,159,16693,20005,3312,3
8338,821.9667,159,16696,20005,3309,3
8339,821.9833,159,16646,20005,3359,-50
8340,822.0,159,16646,20005,3359,0
8341,822.0167,159,16649,20005,3356,3
8342,822.0333,159,16651,20005,3354,2
8343,822.05,159,16654,20005,3351,3
8344,822.0667,159,16654,20005,3351,0
8345,822.0833,159,14572,20005,5433,-2082
8346,822.1,159,14574,20005,5431,2
8347,822.1167,159,14577,20005,5428,3
8348,822.1333,159,14580,20005,5425,3
8349,822.15,159,14580,20005,5425,0
8350,822.1667,159,14582,20005,5423,2
8351,822.1833,159,14585,20005,5420,3
8352,822.2,159,14588,20005,5417,3
8353,822.2167,159,14588,20005,5417,0
8354,822.2333,159,14591,20005,5414,3
8355,822.25,159,14593,20005,5412,2
8356,822.2667,159,14792,20005,5213,199
8357,822.2833,159,14792,20005,5213,0
8358,822.3,159,14795,20005,5210,3
8359,822.3167,159,15203,20005,4802,408
8360,822.3333,159,15356,20005,4649,153
8361,822.35,159,15356,20005,4649,0
8362,822.3667,159,15358,20005,4647,2
8363,822.3833,159,15358,20005,4647,0
8364,822.4,159,15361,20005,4644,3
8365,822.4167,159,15526,20005,4479,165
8366,822.4333,159,15526,20005,4479,0
8367,822.45,159,17211,20005,2794,1685
8368,822.4667,159,17214,20005,2791,3
8369,822.4833,159,17214,20005,2791,0
8370,822.5,159,17217,20005,2788,3
8371,822.5167,159,17758,20005,2247,541
8372,822.5333,159,17758,20005,2247,0
8373,822.55,159,17761,20005,2244,3
8374,822.5667,159,17764,20005,2241,3
8375,822.5833,159,17764,20005,2241,0
8376,822.6,159,17767,20005,2238,3
8377,822.6167,159,18244,20005,1761,477
8378,822.6333,159,18244,20005,1761,0
8379,822.65,159,18248,20005,1757,4
8380,822.6667,159,18251,20005,1754,3
8381,822.6833,159,18251,20005,1754,0
8382,822.7,159,18254,20005,1751,3
8383,822.7167,159,18254,20005,1751,0
8384,822.7333,159,20005,20005,0,1751
8385,822.75,159,20005,20005,0,0
8386,822.7667,159,20005,20005,0,0
8387,822.7833,159,20005,20005,0,0
8388,822.8,159,20005,20005,0,0
8389,822.8167,159,20005,20005,0,0
8390,822.8333,159,20005,20005,0,0
8391,822.85,159,20005,20005,0,0
8392,822.8667,159,20005,20005,0,0
8393,822.8833,159,20005,20005,0,0
8394,822.9,159,20005,20005,0,0
8395,822.9167,159,20005,20005,0,0
8396,822.9333,159,20005,20005,0,0
8397,822.95,159,20005,20005,0,0
8398,822.9667,159,20005,20005,0,0
8399,822.9833,159,20005,20005,0,0
8400,823.0,159,20005,20005,0,0
8401,823.0167,159,20005,20005,0,0
8402,823.0333,159,20005,20005,0,0
8403,823.05,159,20005,20005,0,0
8404,823.0667,159,20005,20005,0,0
8405,823.0833,159,20005,20005,0,0
8406,823.1,159,20005,20005,0,0
8407,823.1167,159,20005,20005,0,0
8408,823.1333,159,20005,20005,0,0
8409,823.15,159,20005,20005,0,0
8410,823.1667,159,20005,20005,0,0
8411,823.1833,159,20005,20005,0,0
8412,823.2,159,20005,20005,0,0
8413,823.2167,159,20005,20005,0,0
8414,823.2333,159,20005,20005,0,0
8415,823.25,159,20005,20005,0,0
8416,823.2667,159,20005,20005,0,0
8417,823.2833,159,20005,20005,0,0
8418,823.3,159,20005,20005,0,0
8419,823.3167,159,20005,20005,0,0
8420,823.3333,159,20005,20005,0,0
8421,823.35,159,20005,20005,0,0
8422,823.3667,159,18976,20005,1029,-1029
8423,823.3833,159,19232,20005,773,256
8424,823.4,159,19232,20005,773,0
8425,823.4167,159,20005,20005,0,773
8426,823.4333,159,20005,20005,0,0
8427,823.45,159,20005,20005,0,0
8428,823.4667,159,20005,20005,0,0
8429,823.4833,159,20005,20005,0,0
8430,823.5,159,20005,20005,0,0
8431,823.5167,159,20005,20005,0,0
8432,823.5333,159,20005,20005,0,0
8433,823.55,159,20005,20005,0,0
8434,823.5667,159,20005,20005,0,0
8435,823.5833,159,20005,20005,0,0
8436,823.6,159,18629,20005,1376,-1376
8437,823.6167,159,18629,20005,1376,0
8438,823.6333,159,16985,20005,3020,-1644
8439,823.65,159,16988,20005,3017,3
8440,823.6667,159,16988,20005,3017,0
8441,823.6833,159,16991,20005,3014,3
8442,823.7,159,17084,20005,2921,93
8443,823.7167,159,17087,20005,2918,3
8444,823.7333,159,17090,20005,2915,3
8445,823.75,159,17090,20005,2915,0
8446,823.7667,159,17093,20005,2912,3
8447,823.7833,159,17199,20005,2806,106
8448,823.8,159,17202,20005,2803,3
8449,823.8167,159,17202,20005,2803,0
8450,823.8333,159,17205,20005,2800,3
8451,823.85,159,17208,20005,2797,3
8452,823.8667,159,17208,20005,2797,0
8453,823.8833,159,17273,20005,2732,65
8454,823.9,159,17276,20005,2729,3
8455,823.9167,159,17279,20005,2726,3
8456,823.9333,159,17279,20005,2726,0
8457,823.95,159,17282,20005,2723,3
8458,823.9667,159,17393,20005,2612,111
8459,823.9833,159,17396,20005,2609,3
8460,824.0,159,17398,20005,2607,2
8461,824.0167,159,17398,20005,2607,0
8462,824.0333,159,17401,20005,2604,3
8463,824.05,159,17518,20005,2487,117
8464,824.0667,159,17521,20005,2484,3
8465,824.0833,159,17521,20005,2484,0
8466,824.1,159,17524,20005,2481,3
8467,824.1167,159,17527,20005,2478,3
8468,824.1333,159,17594,20005,2411,67
8469,824.15,159,17596,20005,2409,2
8470,824.1667,159,17596,20005,2409,0
8471,824.1833,159,17599,20005,2406,3
8472,824.2,159,17602,20005,2403,3
8473,824.2167,159,17695,20005,2310,93
8474,824.2333,159,17695,20005,2310,0
8475,824.25,159,17670,20005,2335,-25
8476,824.2667,159,17673,20005,2332,3
8477,824.2833,159,17673,20005,2332,0
8478,824.3,159,17675,20005,2330,2
8479,824.3167,159,17980,20005,2025,305
8480,824.3333,159,18017,20005,1988,37
8481,824.35,159,18017,20005,1988,0
8482,824.3667,159,18020,20005,1985,3
8483,824.3833,159,18203,20005,1802,183
8484,824.4,159,18439,20005,1566,236
8485,824.4167,159,18442,20005,1563,3
8486,824.4333,159,18442,20005,1563,0
8487,824.45,159,18417,20005,1588,-25
8488,824.4667,159,18174,20005,1831,-243
8489,824.4833,159,18308,20005,1697,134
8490,824.5,159,18308,20005,1697,0
8491,824.5167,159,18311,20005,1694,3
8492,824.5333,159,18286,20005,1719,-25
8493,824.55,159,18289,20005,1716,3
8494,824.5667,159,18431,20005,1574,142
8495,824.5833,159,18431,20005,1574,0
8496,824.6,159,18434,20005,1571,3
8497,824.6167,159,18436,20005,1569,2
8498,824.6333,159,18411,20005,1594,-25
8499,824.65,159,18411,20005,1594,0
8500,824.6667,159,18616,20005,1389,205
8501,824.6833,159,18618,20005,1387,2
8502,824.7,159,18621,20005,1384,3
8503,824.7167,159,18624,20005,1381,3
8504,824.7333,159,18624,20005,1381,0
8505,824.75,159,18749,20005,1256,125
8506,824.7667,159,18751,20005,1254,2
8507,824.7833,159,18754,20005,1251,3
8508,824.8,159,18757,20005,1248,3
8509,824.8167,159,18757,20005,1248,0
8510,824.8333,159,18976,20005,1029,219
8511,824.85,159,18951,20005,1054,-25
8512,824.8667,159,18953,20005,1052,2
8513,824.8833,159,18953,20005,1052,0
8514,824.9,159,18956,20005,1049,3
8515,824.9167,159,19210,20005,795,254
8516,824.9333,159,19210,20005,795,0
8517,824.95,159,19184,20005,821,-26
8518,824.9667,159,19187,20005,818,3
8519,824.9833,159,16381,20005,3624,-2806
8520,825.0,159,16630,20005,3375,249
8521,825.0167,159,16630,20005,3375,0
8522,825.0333,159,16633,20005,3372,3
8523,825.05,159,16608,20005,3397,-25
8524,825.0667,159,16611,20005,3394,3
8525,825.0833,159,16751,20005,3254,140
8526,825.1,159,16754,20005,3251,3
8527,825.1167,159,16754,20005,3251,0
8528,825.1333,159,16757,20005,3248,3
8529,825.15,159,17187,20005,2818,430
8530,825.1667,159,17187,20005,2818,0
8531,825.1833,159,17434,20005,2571,247
8532,825.2,159,17436,20005,2569,2
8533,825.2167,159,17439,20005,2566,3
8534,825.2333,159,17442,20005,2563,3
8535,825.25,159,17598,20005,2407,156
8536,825.2667,159,17598,20005,2407,0
8537,825.2833,159,17600,20005,2405,2
8538,825.3,159,17226,20005,2779,-374
8539,825.3167,159,17226,20005,2779,0
8540,825.3333,159,17229,20005,2776,3
8541,825.35,159,17524,20005,2481,295
8542,825.3667,159,17687,20005,2318,163
8543,825.3833,159,17687,20005,2318,0
8544,825.4,159,17690,20005,2315,3
8545,825.4167,159,17875,20005,2130,185
8546,825.4333,159,17875,20005,2130,0
8547,825.45,159,18166,20005,1839,291
8548,825.4667,159,16659,20005,3346,-1507
8549,825.4833,159,16659,20005,3346,0
8550,825.5,159,16662,20005,3343,3
8551,825.5167,159,16326,20005,3679,-336
8552,825.5333,159,16508,20005,3497,182
8553,825.55,159,16508,20005,3497,0
8554,825.5667,159,16483,20005,3522,-25
8555,825.5833,159,14189,20005,5816,-2294
8556,825.6,159,14189,20005,5816,0
8557,825.6167,159,14192,20005,5813,3
8558,825.6333,159,14358,20005,5647,166
8559,825.65,159,14358,20005,5647,0
8560,825.6667,159,14361,20005,5644,3
8561,825.6833,159,14336,20005,5669,-25
8562,825.7,159,14336,20005,5669,0
8563,825.7167,159,14339,20005,5666,3
8564,825.7333,159,14727,20005,5278,388
8565,825.75,159,14727,20005,5278,0
8566,825.7667,159,14730,20005,5275,3
8567,825.7833,159,14709,20005,5296,-21
8568,825.8,159,14709,20005,5296,0
8569,825.8167,159,14712,20005,5293,3
8570,825.8333,159,15090,20005,4915,378
8571,825.85,159,15090,20005,4915,0
8572,825.8667,159,15093,20005,4912,3
8573,825.8833,159,15071,20005,4934,-22
8574,825.9,159,15071,20005,4934,0
8575,825.9167,159,15074,20005,4931,3
8576,825.9333,159,15438,20005,4567,364
8577,825.95,159,15438,20005,4567,0
8578,825.9667,159,15441,20005,4564,3
8579,825.9833,159,15441,20005,4564,0
8580,826.0,159,15419,20005,4586,-22
8581,826.0167,159,15423,20005,4582,4
8582,826.0333,159,15423,20005,4582,0
8583,826.05,159,16180,20005,3825,757
8584,826.0667,159,16183,20005,3822,3
8585,826.0833,159,16183,20005,3822,0
8586,826.1,159,16162,20005,3843,-21
8587,826.1167,159,16162,20005,3843,0
8588,826.1333,159,16165,20005,3840,3
8589,826.15,159,16169,20005,3836,4
8590,826.1667,159,16172,20005,3833,3
8591,826.1833,159,16172,20005,3833,0
8592,826.2,159,16150,20005,3855,-22
8593,826.2167,159,16154,20005,3851,4
8594,826.2333,159,16157,20005,3848,3
8595,826.25,159,16157,20005,3848,0
8596,826.2667,159,16160,20005,3845,3
8597,826.2833,159,16138,20005,3867,-22
8598,826.3,159,16142,20005,3863,4
8599,826.3167,159,16142,20005,3863,0
8600,826.3333,159,16144,20005,3861,2
8601,826.35,159,16147,20005,3858,3
8602,826.3667,159,16147,20005,3858,0
8603,826.3833,159,16125,20005,3880,-22
8604,826.4,159,16228,20005,3777,103
8605,826.4167,159,16231,20005,3774,3
8606,826.4333,159,16231,20005,3774,0
8607,826.45,159,16469,20005,3536,238
8608,826.4667,159,16536,20005,3469,67
8609,826.4833,159,16514,20005,3491,-22
8610,826.5,159,16514,20005,3491,0
8611,826.5167,159,16517,20005,3488,3
8612,826.5333,159,17070,20005,2935,553
8613,826.55,159,17070,20005,2935,0
8614,826.5667,159,17073,20005,2932,3
8615,826.5833,159,17051,20005,2954,-22
8616,826.6,159,17054,20005,2951,3
8617,826.6167,159,17054,20005,2951,0
8618,826.6333,159,17057,20005,2948,3
8619,826.65,159,17060,20005,2945,3
8620,826.6667,159,17063,20005,2942,3
8621,826.6833,159,17066,20005,2939,3
8622,826.7,159,17066,20005,2939,0
8623,826.7167,159,17068,20005,2937,2
8624,826.7333,159,17071,20005,2934,3
8625,826.75,159,17071,20005,2934,0
8626,826.7667,159,17074,20005,2931,3
8627,826.7833,159,17077,20005,2928,3
8628,826.8,159,17080,20005,2925,3
8629,826.8167,159,17083,20005,2922,3
8630,826.8333,159,17083,20005,2922,0
8631,826.85,159,17085,20005,2920,2
8632,826.8667,159,17088,20005,2917,3
8633,826.8833,159,17091,20005,2914,3
8634,826.9,159,17091,20005,2914,0
8635,826.9167,159,17094,20005,2911,3
8636,826.9333,159,17096,20005,2909,2
8637,826.95,159,17099,20005,2906,3
8638,826.9667,159,17102,20005,2903,3
8639,826.9833,159,17102,20005,2903,0
8640,827.0,159,17105,20005,2900,3
8641,827.0167,159,17108,20005,2897,3
8642,827.0333,159,20005,20005,0,2897
8643,827.05,159,20005,20005,0,0
8644,827.0667,159,20005,20005,0,0
8645,827.0833,159,20005,20005,0,0
8646,827.1,159,20005,20005,0,0
8647,827.1167,159,20005,20005,0,0
8648,827.1333,159,20005,20005,0,0
8649,827.15,159,20005,20005,0,0
8650,827.1667,159,20005,20005,0,0
8651,827.1833,159,20005,20005,0,0
8652,827.2,159,20005,20005,0,0
8653,827.2167,159,20005,20005,0,0
8654,827.2333,159,20005,20005,0,0
8655,827.25,159,20005,20005,0,0
8656,827.2667,159,20005,20005,0,0
8657,827.2833,159,20005,20005,0,0
8658,827.3,159,20005,20005,0,0
8659,827.3167,159,20005,20005,0,0
8660,827.3333,159,20005,20005,0,0
8661,827.35,159,20005,20005,0,0
8662,827.3667,159,20005,20005,0,0
8663,827.3833,159,20005,20005,0,0
8664,827.4,159,20005,20005,0,0
8665,827.4167,159,20005,20005,0,0
8666,827.4333,159,20005,20005,0,0
8667,827.45,159,20005,20005,0,0
8668,827.4667,159,20005,20005,0,0
8669,827.4833,159,20005,20005,0,0
8670,827.5,159,20005,20005,0,0
8671,827.5167,159,20005,20005,0,0
8672,827.5333,159,20005,20005,0,0
8673,827.55,159,20005,20005,0,0
8674,827.5667,159,20005,20005,0,0
8675,827.5833,159,20005,20005,0,0
8676,827.6,159,20005,20005,0,0
8677,827.6167,159,20005,20005,0,0
8678,827.6333,159,20005,20005,0,0
8679,827.65,159,20005,20005,0,0
8680,827.6667,159,20005,20005,0,0
8681,827.6833,159,20005,20005,0,0
8682,827.7,159,20005,20005,0,0
8683,827.7167,159,20005,20005,0,0
8684,827.7333,159,20005,20005,0,0
8685,827.75,159,20005,20005,0,0
8686,827.7667,159,20005,20005,0,0
8687,827.7833,159,20005,20005,0,0
8688,827.8,159,17104,20005,2901,-2901
8689,827.8167,159,17107,20005,2898,3
8690,827.8333,159,17107,20005,2898,0
8691,827.85,159,17110,20005,2895,3
8692,827.8667,159,17112,20005,2893,2
8693,827.8833,159,17115,20005,2890,3
8694,827.9,159,17115,20005,2890,0
8695,827.9167,159,17105,20005,2900,-10
8696,827.9333,159,17108,20005,2897,3
8697,827.95,159,17111,20005,2894,3
8698,827.9667,159,17113,20005,2892,2
8699,827.9833,159,17104,20005,2901,-9
8700,828.0,159,17104,20005,2901,0
8701,828.0167,159,17106,20005,2899,2
8702,828.0333,159,17109,20005,2896,3
8703,828.05,159,19028,20005,977,1919
8704,828.0667,159,20005,20005,0,977
8705,828.0833,159,19993,20005,12,-12
8706,828.1,159,19993,20005,12,0
8707,828.1167,159,19995,20005,10,2
8708,828.1333,159,18103,20005,1902,-1892
8709,828.15,159,18105,20005,1900,2
8710,828.1667,159,18108,20005,1897,3
8711,828.1833,159,18098,20005,1907,-10
8712,828.2,159,18098,20005,1907,0
8713,828.2167,159,18101,20005,1904,3
8714,828.2333,159,19622,20005,383,1521
8715,828.25,159,19624,20005,381,2
8716,828.2667,159,19627,20005,378,3
8717,828.2833,159,19627,20005,378,0
8718,828.3,159,19581,20005,424,-46
8719,828.3167,159,19584,20005,421,3
8720,828.3333,159,20005,20005,0,421
8721,828.35,159,20005,20005,0,0
8722,828.3667,159,20005,20005,0,0
8723,828.3833,159,20005,20005,0,0
8724,828.4,159,19957,20005,48,-48
8725,828.4167,159,19957,20005,48,0
8726,828.4333,159,19960,20005,45,3
8727,828.45,159,20005,20005,0,45
8728,828.4667,159,20005,20005,0,0
8729,828.4833,159,20005,20005,0,0
8730,828.5,159,20005,20005,0,0
8731,828.5167,159,19957,20005,48,-48
8732,828.5333,159,19960,20005,45,3
8733,828.55,159,20005,20005,0,45
8734,828.5667,159,20005,20005,0,0
8735,828.5833,159,19583,20005,422,-422
8736,828.6,159,19586,20005,419,3
8737,828.6167,159,19540,20005,465,-46
8738,828.6333,159,19540,20005,465,0
8739,828.65,159,19543,20005,462,3
8740,828.6667,159,20005,20005,0,462
8741,828.6833,159,20005,20005,0,0
8742,828.7,159,19957,20005,48,-48
8743,828.7167,159,19957,20005,48,0
8744,828.7333,159,19960,20005,45,3
8745,828.75,159,19962,20005,43,2
8746,828.7667,159,19677,20005,328,-285
8747,828.7833,159,19680,20005,325,3
8748,828.8,159,19680,20005,325,0
8749,828.8167,159,19654,20005,351,-26
8750,828.8333,159,19656,20005,349,2
8751,828.85,159,19656,20005,349,0
8752,828.8667,159,19659,20005,346,3
8753,828.8833,159,20005,20005,0,346
8754,828.9,159,20005,20005,0,0
8755,828.9167,159,20005,20005,0,0
8756,828.9333,159,19976,20005,29,-29
8757,828.95,159,19976,20005,29,0
8758,828.9667,159,19979,20005,26,3
8759,828.9833,159,20005,20005,0,26
8760,829.0,159,20005,20005,0,0
8761,829.0167,159,20005,20005,0,0
8762,829.0333,159,19946,20005,59,-59
8763,829.05,159,19946,20005,59,0
8764,829.0667,159,19949,20005,56,3
8765,829.0833,159,20005,20005,0,56
8766,829.1,159,20005,20005,0,0
8767,829.1167,159,20005,20005,0,0
8768,829.1333,159,20005,20005,0,0
8769,829.15,159,19946,20005,59,-59
8770,829.1667,159,19946,20005,59,0
8771,829.1833,159,20005,20005,0,59
8772,829.2,159,20005,20005,0,0
8773,829.2167,159,20005,20005,0,0
8774,829.2333,159,20005,20005,0,0
8775,829.25,159,19946,20005,59,-59
8776,829.2667,159,20005,20005,0,59
8777,829.2833,159,20005,20005,0,0
8778,829.3,159,20005,20005,0,0
8779,829.3167,159,20005,20005,0,0
8780,829.3333,159,19946,20005,59,-59
8781,829.35,159,19946,20005,59,0
8782,829.3667,159,20005,20005,0,59
8783,829.3833,159,20005,20005,0,0
8784,829.4,159,20005,20005,0,0
8785,829.4167,159,20005,20005,0,0
8786,829.4333,159,19982,20005,23,-23
8787,829.45,159,19982,20005,23,0
8788,829.4667,159,20005,20005,0,23
8789,829.4833,159,20005,20005,0,0
8790,829.5,159,20005,20005,0,0
8791,829.5167,159,20005,20005,0,0
8792,829.5333,159,20005,20005,0,0
8793,829.55,159,20005,20005,0,0
8794,829.5667,159,19982,20005,23,-23
8795,829.5833,159,19982,20005,23,0
8796,829.6,159,19985,20005,20,3
8797,829.6167,159,19988,20005,17,3
8798,829.6333,159,19988,20005,17,0
8799,829.65,159,19655,20005,350,-333
8800,829.6667,159,19982,20005,23,327
8801,829.6833,159,19982,20005,23,0
8802,829.7,159,19985,20005,20,3
8803,829.7167,159,19988,20005,17,3
8804,829.7333,159,19988,20005,17,0
8805,829.75,159,19991,20005,14,3
8806,829.7667,159,19982,20005,23,-9
8807,829.7833,159,19982,20005,23,0
8808,829.8,159,19985,20005,20,3
8809,829.8167,159,18298,20005,1707,-1687
8810,829.8333,159,18298,20005,1707,0
8811,829.85,159,18301,20005,1704,3
8812,829.8667,159,19982,20005,23,1681
8813,829.8833,159,19985,20005,20,3
8814,829.9,159,19985,20005,20,0
8815,829.9167,159,19988,20005,17,3
8816,829.9333,159,19991,20005,14,3
8817,829.95,159,19991,20005,14,0
8818,829.9667,159,19982,20005,23,-9
8819,829.9833,159,19985,20005,20,3
8820,830.0,159,19985,20005,20,0
8821,830.0167,159,19988,20005,17,3
8822,830.0333,159,19991,20005,14,3
8823,830.05,159,19991,20005,14,0
8824,830.0667,159,19971,20005,34,-20
8825,830.0833,159,19974,20005,31,3
8826,830.1,159,19977,20005,28,3
8827,830.1167,159,19977,20005,28,0
8828,830.1333,159,19980,20005,25,3
8829,830.15,159,19960,20005,45,-20
8830,830.1667,159,19960,20005,45,0
8831,830.1833,159,19963,20005,42,3
8832,830.2,159,19966,20005,39,3
8833,830.2167,159,19966,20005,39,0
8834,830.2333,159,19969,20005,36,3
8835,830.25,159,19949,20005,56,-20
8836,830.2667,159,19952,20005,53,3
8837,830.2833,159,19952,20005,53,0
8838,830.3,159,19955,20005,50,3
8839,830.3167,159,19958,20005,47,3
8840,830.3333,159,19958,20005,47,0
8841,830.35,159,20005,20005,0,47
8842,830.3667,159,19943,20005,62,-62
8843,830.3833,159,19943,20005,62,0
8844,830.4,159,19946,20005,59,3
8845,830.4167,159,19949,20005,56,3
8846,830.4333,159,19952,20005,53,3
8847,830.45,159,19952,20005,53,0
8848,830.4667,159,19874,20005,131,-78
8849,830.4833,159,19877,20005,128,3
8850,830.5,159,20005,20005,0,128
8851,830.5167,159,20005,20005,0,0
8852,830.5333,159,20005,20005,0,0
8853,830.55,159,18766,20005,1239,-1239
8854,830.5667,159,18769,20005,1236,3
8855,830.5833,159,18769,20005,1236,0
8856,830.6,159,18772,20005,1233,3
8857,830.6167,159,18775,20005,1230,3
8858,830.6333,159,18775,20005,1230,0
8859,830.65,159,18394,20005,1611,-381
8860,830.6667,159,18310,20005,1695,-84
8861,830.6833,159,18313,20005,1692,3
8862,830.7,159,18313,20005,1692,0
8863,830.7167,159,18316,20005,1689,3
8864,830.7333,159,18318,20005,1687,2
8865,830.75,159,18235,20005,1770,-83
8866,830.7667,159,18235,20005,1770,0
8867,830.7833,159,18238,20005,1767,3
8868,830.8,159,18781,20005,1224,543
8869,830.8167,159,18784,20005,1221,3
8870,830.8333,159,18784,20005,1221,0
8871,830.85,159,18787,20005,1218,3
8872,830.8667,159,18703,20005,1302,-84
8873,830.8833,159,18706,20005,1299,3
8874,830.9,159,18706,20005,1299,0
8875,830.9167,159,18709,20005,1296,3
8876,830.9333,159,18712,20005,1293,3
8877,830.95,159,18690,20005,1315,-22
8878,830.9667,159,18690,20005,1315,0
8879,830.9833,159,18654,20005,1351,-36
8880,831.0,159,18657,20005,1348,3
8881,831.0167,159,18660,20005,1345,3
8882,831.0333,159,18660,20005,1345,0
8883,831.05,159,18662,20005,1343,2
8884,831.0667,159,18602,20005,1403,-60
8885,831.0833,159,18605,20005,1400,3
8886,831.1,159,18608,20005,1397,3
8887,831.1167,159,18608,20005,1397,0
8888,831.1333,159,18610,20005,1395,2
8889,831.15,159,18588,20005,1417,-22
8890,831.1667,159,18552,20005,1453,-36
8891,831.1833,159,18552,20005,1453,0
8892,831.2,159,18555,20005,1450,3
8893,831.2167,159,18558,20005,1447,3
8894,831.2333,159,18560,20005,1445,2
8895,831.25,159,18538,20005,1467,-22
8896,831.2667,159,18538,20005,1467,0
8897,831.2833,159,18502,20005,1503,-36
8898,831.3,159,18505,20005,1500,3
8899,831.3167,159,18508,20005,1497,3
8900,831.3333,159,18511,20005,1494,3
8901,831.35,159,18489,20005,1516,-22
8902,831.3667,159,18489,20005,1516,0
8903,831.3833,159,18491,20005,1514,2
8904,831.4,159,18494,20005,1511,3
8905,831.4167,159,18497,20005,1508,3
8906,831.4333,159,18499,20005,1506,2
8907,831.45,159,18499,20005,1506,0
8908,831.4667,159,18477,20005,1528,-22
8909,831.4833,159,18480,20005,1525,3
8910,831.5,159,18482,20005,1523,2
8911,831.5167,159,18485,20005,1520,3
8912,831.5333,159,18485,20005,1520,0
8913,831.55,159,18487,20005,1518,2
8914,831.5667,159,18465,20005,1540,-22
8915,831.5833,159,18468,20005,1537,3
8916,831.6,159,18468,20005,1537,0
8917,831.6167,159,18471,20005,1534,3
8918,831.6333,159,18473,20005,1532,2
8919,831.65,159,18476,20005,1529,3
8920,831.6667,159,18476,20005,1529,0
8921,831.6833,159,18454,20005,1551,-22
8922,831.7,159,18457,20005,1548,3
8923,831.7167,159,18459,20005,1546,2
8924,831.7333,159,18459,20005,1546,0
8925,831.75,159,18545,20005,1460,86
8926,831.7667,159,18649,20005,1356,104
8927,831.7833,159,18652,20005,1353,3
8928,831.8,159,18652,20005,1353,0
8929,831.8167,159,18655,20005,1350,3
8930,831.8333,159,18658,20005,1347,3
8931,831.85,159,18661,20005,1344,3
8932,831.8667,159,18639,20005,1366,-22
8933,831.8833,159,18639,20005,1366,0
8934,831.9,159,18603,20005,1402,-36
8935,831.9167,159,18606,20005,1399,3
8936,831.9333,159,18609,20005,1396,3
8937,831.95,159,18611,20005,1394,2
8938,831.9667,159,18611,20005,1394,0
8939,831.9833,159,18589,20005,1416,-22
8940,832.0,159,18553,20005,1452,-36
8941,832.0167,159,18556,20005,1449,3
8942,832.0333,159,18559,20005,1446,3
8943,832.05,159,18559,20005,1446,0
8944,832.0667,159,18537,20005,1468,-22
8945,832.0833,159,18539,20005,1466,2
8946,832.1,159,18503,20005,1502,-36
8947,832.1167,159,18503,20005,1502,0
8948,832.1333,159,18506,20005,1499,3
8949,832.15,159,18509,20005,1496,3
8950,832.1667,159,15579,20005,4426,-2930
8951,832.1833,159,15579,20005,4426,0
8952,832.2,159,15571,20005,4434,-8
8953,832.2167,159,15573,20005,4432,2
8954,832.2333,159,15576,20005,4429,3
8955,832.25,159,15576,20005,4429,0
8956,832.2667,159,15579,20005,4426,3
8957,832.2833,159,15636,20005,4369,57
8958,832.3,159,15636,20005,4369,0
8959,832.3167,159,13386,20005,6619,-2250
8960,832.3333,159,13389,20005,6616,3
8961,832.35,159,13392,20005,6613,3
8962,832.3667,159,13392,20005,6613,0
8963,832.3833,159,13423,20005,6582,31
8964,832.4,159,13330,20005,6675,-93
8965,832.4167,159,13330,20005,6675,0
8966,832.4333,159,13333,20005,6672,3
8967,832.45,159,13333,20005,6672,0
8968,832.4667,159,13336,20005,6669,3
8969,832.4833,159,13401,20005,6604,65
8970,832.5,159,13346,20005,6659,-55
8971,832.5167,159,13346,20005,6659,0
8972,832.5333,159,13310,20005,6695,-36
8973,832.55,159,13313,20005,6692,3
8974,832.5667,159,13357,20005,6648,44
8975,832.5833,159,13357,20005,6648,0
8976,832.6,159,13360,20005,6645,3
8977,832.6167,159,11487,20005,8518,-1873
8978,832.6333,159,11487,20005,8518,0
8979,832.65,159,11490,20005,8515,3
8980,832.6667,159,11622,20005,8383,132
8981,832.6833,159,11622,20005,8383,0
8982,832.7,159,11625,20005,8380,3
8983,832.7167,159,11192,20005,8813,-433
8984,832.7333,159,11192,20005,8813,0
8985,832.75,159,11195,20005,8810,3
8986,832.7667,159,11258,20005,8747,63
8987,832.7833,159,11258,20005,8747,0
8988,832.8,159,11261,20005,8744,3
8989,832.8167,159,11478,20005,8527,217
8990,832.8333,159,11478,20005,8527,0
8991,832.85,159,11442,20005,8563,-36
8992,832.8667,159,11442,20005,8563,0
8993,832.8833,159,11520,20005,8485,78
8994,832.9,159,11520,20005,8485,0
8995,832.9167,159,11523,20005,8482,3
8996,832.9333,159,11424,20005,8581,-99
8997,832.95,159,11424,20005,8581,0
8998,832.9667,159,11388,20005,8617,-36
8999,832.9833,159,11502,20005,8503,114
9000,833.0,159,11502,20005,8503,0
9001,833.0167,159,11505,20005,8500,3
9002,833.0333,159,11505,20005,8500,0
9003,833.05,159,11406,20005,8599,-99
9004,833.0667,159,7818,20005,12187,-3588
9005,833.0833,159,7818,20005,12187,0
9006,833.1,159,8007,20005,11998,189
9007,833.1167,159,8007,20005,11998,0
9008,833.1333,159,8011,20005,11994,4
9009,833.15,159,8011,20005,11994,0
9010,833.1667,159,8014,20005,11991,3
9011,833.1833,159,8178,20005,11827,164
9012,833.2,159,8181,20005,11824,3
9013,833.2167,159,8181,20005,11824,0
9014,833.2333,159,8185,20005,11820,4
9015,833.25,159,8185,20005,11820,0
9016,833.2667,159,8335,20005,11670,150
9017,833.2833,159,8338,20005,11667,3
9018,833.3,159,8338,20005,11667,0
9019,833.3167,159,8342,20005,11663,4
9020,833.3333,159,8342,20005,11663,0
9021,833.35,159,8497,20005,11508,155
9022,833.3667,159,8500,20005,11505,3
9023,833.3833,159,8500,20005,11505,0
9024,833.4,159,8504,20005,11501,4
9025,833.4167,159,8507,20005,11498,3
9026,833.4333,159,8507,20005,11498,0
9027,833.45,159,8882,20005,11123,375
9028,833.4667,159,8885,20005,11120,3
9029,833.4833,159,8885,20005,11120,0
9030,833.5,159,8888,20005,11117,3
9031,833.5167,159,8888,20005,11117,0
9032,833.5333,159,8892,20005,11113,4
9033,833.55,159,9723,20005,10282,831
9034,833.5667,159,9723,20005,10282,0
9035,833.5833,159,9727,20005,10278,4
9036,833.6,159,9727,20005,10278,0
9037,833.6167,159,9730,20005,10275,3
9038,833.6333,159,9734,20005,10271,4
9039,833.65,159,9734,20005,10271,0
9040,833.6667,159,9918,20005,10087,184
9041,833.6833,159,9921,20005,10084,3
9042,833.7,159,9921,20005,10084,0
9043,833.7167,159,9925,20005,10080,4
9044,833.7333,159,9928,20005,10077,3
9045,833.75,159,9928,20005,10077,0
9046,833.7667,159,10150,20005,9855,222
9047,833.7833,159,10154,20005,9851,4
9048,833.8,159,10154,20005,9851,0
9049,833.8167,159,10157,20005,9848,3
9050,833.8333,159,10157,20005,9848,0
9051,833.85,159,10161,20005,9844,4
9052,833.8667,159,10706,20005,9299,545
9053,833.8833,159,10706,20005,9299,0
9054,833.9,159,10709,20005,9296,3
9055,833.9167,159,10713,20005,9292,4
9056,833.9333,159,10713,20005,9292,0
9057,833.95,159,10716,20005,9289,3
9058,833.9667,159,11951,20005,8054,1235
9059,833.9833,159,11951,20005,8054,0
9060,834.0,159,11955,20005,8050,4
9061,834.0167,159,11958,20005,8047,3
9062,834.0333,159,11958,20005,8047,0
9063,834.05,159,11961,20005,8044,3
9064,834.0667,159,14223,20005,5782,2262
9065,834.0833,159,14223,20005,5782,0
9066,834.1,159,14226,20005,5779,3
9067,834.1167,159,14229,20005,5776,3
9068,834.1333,159,14229,20005,5776,0
9069,834.15,159,14232,20005,5773,3
9070,834.1667,159,15552,20005,4453,1320
9071,834.1833,159,15552,20005,4453,0
9072,834.2,159,15555,20005,4450,3
9073,834.2167,159,15558,20005,4447,3
9074,834.2333,159,15558,20005,4447,0
9075,834.25,159,15562,20005,4443,4
9076,834.2667,159,16744,20005,3261,1182
9077,834.2833,159,16747,20005,3258,3
9078,834.3,159,16747,20005,3258,0
9079,834.3167,159,16750,20005,3255,3
9080,834.3333,159,16753,20005,3252,3
9081,834.35,159,16753,20005,3252,0
9082,834.3667,159,17874,20005,2131,1121
9083,834.3833,159,17877,20005,2128,3
9084,834.4,159,17880,20005,2125,3
9085,834.4167,159,17880,20005,2125,0
9086,834.4333,159,17883,20005,2122,3
9087,834.45,159,17883,20005,2122,0
9088,834.4667,159,19190,20005,815,1307
9089,834.4833,159,19193,20005,812,3
9090,834.5,159,19196,20005,809,3
9091,834.5167,159,19196,20005,809,0
9092,834.5333,159,19199,20005,806,3
9093,834.55,159,20005,20005,0,806
9094,834.5667,159,20005,20005,0,0
9095,834.5833,159,20005,20005,0,0
9096,834.6,159,20005,20005,0,0
9097,834.6167,159,20005,20005,0,0
9098,834.6333,159,20005,20005,0,0
9099,834.65,159,20005,20005,0,0
9100,834.6667,159,20005,20005,0,0
9101,834.6833,159,20005,20005,0,0
9102,834.7,159,20005,20005,0,0
9103,834.7167,159,20005,20005,0,0
9104,834.7333,159,20005,20005,0,0
9105,834.75,159,20005,20005,0,0
9106,834.7667,159,20005,20005,0,0
9107,834.7833,159,20005,20005,0,0
9108,834.8,159,20005,20005,0,0
9109,834.8167,159,20005,20005,0,0
9110,834.8333,159,20005,20005,0,0
9111,834.85,159,20005,20005,0,0
9112,834.8667,159,20005,20005,0,0
9113,834.8833,159,20005,20005,0,0
9114,834.9,159,20005,20005,0,0
9115,834.9167,159,20005,20005,0,0
9116,834.9333,159,20005,20005,0,0
9117,834.95,159,20005,20005,0,0
9118,834.9667,159,20005,20005,0,0
9119,834.9833,159,20005,20005,0,0
9120,835.0,159,20005,20005,0,0
9121,835.0167,159,20005,20005,0,0
9122,835.0333,159,20005,20005,0,0
9123,835.05,159,20005,20005,0,0
9124,835.0667,159,20005,20005,0,0
9125,835.0833,159,20005,20005,0,0
9126,835.1,159,20005,20005,0,0
9127,835.1167,159,20005,20005,0,0
9128,835.1333,159,20005,20005,0,0
9129,835.15,159,20005,20005,0,0
9130,835.1667,159,20005,20005,0,0
9131,835.1833,159,20005,20005,0,0
9132,835.2,159,20005,20005,0,0
9133,835.2167,159,20005,20005,0,0
9134,835.2333,159,20005,20005,0,0
9135,835.25,159,20005,20005,0,0
9136,835.2667,159,20005,20005,0,0
9137,835.2833,159,19103,20005,902,-902
9138,835.3,159,19106,20005,899,3
9139,835.3167,159,19106,20005,899,0
9140,835.3333,159,19109,20005,896,3
9141,835.35,159,19111,20005,894,2
9142,835.3667,159,19114,20005,891,3
9143,835.3833,159,19117,20005,888,3
9144,835.4,159,19117,20005,888,0
9145,835.4167,159,19120,20005,885,3
9146,835.4333,159,19004,20005,1001,-116
9147,835.45,159,19006,20005,999,2
9148,835.4667,159,19009,20005,996,3
9149,835.4833,159,19012,20005,993,3
9150,835.5,159,19014,20005,991,2
9151,835.5167,159,19014,20005,991,0
9152,835.5333,159,19017,20005,988,3
9153,835.55,159,19020,20005,985,3
9154,835.5667,159,19022,20005,983,2
9155,835.5833,159,19025,20005,980,3
9156,835.6,159,19027,20005,978,2
9157,835.6167,159,19030,20005,975,3
9158,835.6333,159,19032,20005,973,2
9159,835.65,159,19035,20005,970,3
9160,835.6667,159,19037,20005,968,2
9161,835.6833,159,19037,20005,968,0
9162,835.7,159,19039,20005,966,2
9163,835.7167,159,18376,20005,1629,-663
9164,835.7333,159,18378,20005,1627,2
9165,835.75,159,15312,20005,4693,-3066
9166,835.7667,159,15312,20005,4693,0
9167,835.7833,159,15314,20005,4691,2
9168,835.8,159,17041,20005,2964,1727
9169,835.8167,159,17043,20005,2962,2
9170,835.8333,159,17046,20005,2959,3
9171,835.85,159,17048,20005,2957,2
9172,835.8667,159,17051,20005,2954,3
9173,835.8833,159,17051,20005,2954,0
9174,835.9,159,17053,20005,2952,2
9175,835.9167,159,17056,20005,2949,3
9176,835.9333,159,17058,20005,2947,2
9177,835.95,159,17061,20005,2944,3
9178,835.9667,159,17061,20005,2944,0
9179,835.9833,159,17064,20005,2941,3
9180,836.0,159,17066,20005,2939,2
9181,836.0167,159,17069,20005,2936,3
9182,836.0333,159,17071,20005,2934,2
9183,836.05,159,17074,20005,2931,3
9184,836.0667,159,17076,20005,2929,2
9185,836.0833,159,17079,20005,2926,3
9186,836.1,159,17081,20005,2924,2
9187,836.1167,159,17084,20005,2921,3
9188,836.1333,159,17084,20005,2921,0
9189,836.15,159,17086,20005,2919,2
9190,836.1667,159,17089,20005,2916,3
9191,836.1833,159,17091,20005,2914,2
9192,836.2,159,17093,20005,2912,2
9193,836.2167,159,17096,20005,2909,3
9194,836.2333,159,17098,20005,2907,2
9195,836.25,159,17100,20005,2905,2
9196,836.2667,159,17102,20005,2903,2
9197,836.2833,159,17105,20005,2900,3
9198,836.3,159,17107,20005,2898,2
9199,836.3167,159,15636,20005,4369,-1471
9200,836.3333,159,15638,20005,4367,2
9201,836.35,159,15640,20005,4365,2
9202,836.3667,159,15642,20005,4363,2
9203,836.3833,159,15645,20005,4360,3
9204,836.4,159,15645,20005,4360,0
9205,836.4167,159,15647,20005,4358,2
9206,836.4333,159,15649,20005,4356,2
9207,836.45,159,15651,20005,4354,2
9208,836.4667,159,15653,20005,4352,2
9209,836.4833,159,15656,20005,4349,3
9210,836.5,159,15658,20005,4347,2
9211,836.5167,159,15660,20005,4345,2
9212,836.5333,159,15662,20005,4343,2
9213,836.55,159,15664,20005,4341,2
9214,836.5667,159,15667,20005,4338,3
9215,836.5833,159,15669,20005,4336,2
9216,836.6,159,15671,20005,4334,2
9217,836.6167,159,15673,20005,4332,2
9218,836.6333,159,15675,20005,4330,2
9219,836.65,159,15678,20005,4327,3
9220,836.6667,159,15680,20005,4325,2
9221,836.6833,159,15682,20005,4323,2
9222,836.7,159,15684,20005,4321,2
9223,836.7167,159,15686,20005,4319,2
9224,836.7333,159,15688,20005,4317,2
9225,836.75,159,15690,20005,4315,2
9226,836.7667,159,15692,20005,4313,2
9227,836.7833,159,15694,20005,4311,2
9228,836.8,159,15696,20005,4309,2
9229,836.8167,159,17423,20005,2582,1727
9230,836.8333,159,17425,20005,2580,2
9231,836.85,159,17427,20005,2578,2
9232,836.8667,159,17429,20005,2576,2
9233,836.8833,159,17431,20005,2574,2
9234,836.9,159,17433,20005,2572,2
9235,836.9167,159,17435,20005,2570,2
9236,836.9333,159,17438,20005,2567,3
9237,836.95,159,17440,20005,2565,2
9238,836.9667,159,17442,20005,2563,2
9239,836.9833,159,17442,20005,2563,0
9240,837.0,159,17444,20005,2561,2
9241,837.0167,159,17446,20005,2559,2
9242,837.0333,159,17449,20005,2556,3
9243,837.05,159,17451,20005,2554,2
9244,837.0667,159,16463,20005,3542,-988
9245,837.0833,159,16465,20005,3540,2
9246,837.1,159,16467,20005,3538,2
9247,837.1167,159,16470,20005,3535,3
9248,837.1333,159,16472,20005,3533,2
9249,837.15,159,16474,20005,3531,2
9250,837.1667,159,16477,20005,3528,3
9251,837.1833,159,16477,20005,3528,0
9252,837.2,159,16479,20005,3526,2
9253,837.2167,159,16481,20005,3524,2
9254,837.2333,159,16484,20005,3521,3
9255,837.25,159,16486,20005,3519,2
9256,837.2667,159,15497,20005,4508,-989
9257,837.2833,159,15499,20005,4506,2
9258,837.3,159,15502,20005,4503,3
9259,837.3167,159,15504,20005,4501,2
9260,837.3333,159,15506,20005,4499,2
9261,837.35,159,15508,20005,4497,2
9262,837.3667,159,15510,20005,4495,2
9263,837.3833,159,15513,20005,4492,3
9264,837.4,159,15515,20005,4490,2
9265,837.4167,159,15517,20005,4488,2
9266,837.4333,159,20005,20005,0,4488
9267,837.45,159,20005,20005,0,0
9268,837.4667,159,20005,20005,0,0
9269,837.4833,159,20005,20005,0,0
9270,837.5,159,20005,20005,0,0
9271,837.5167,159,20005,20005,0,0
9272,837.5333,159,20005,20005,0,0
9273,837.55,159,20005,20005,0,0
9274,837.5667,159,20005,20005,0,0
9275,837.5833,159,20005,20005,0,0
9276,837.6,159,20005,20005,0,0
9277,837.6167,159,20005,20005,0,0
9278,837.6333,159,20005,20005,0,0
9279,837.65,159,20005,20005,0,0
9280,837.6667,159,20005,20005,0,0
9281,837.6833,159,20005,20005,0,0
9282,837.7,159,20005,20005,0,0
9283,837.7167,159,20005,20005,0,0
9284,837.7333,159,20005,20005,0,0
9285,837.75,159,20005,20005,0,0
9286,837.7667,159,20005,20005,0,0
9287,837.7833,159,20005,20005,0,0
9288,837.8,159,20005,20005,0,0
9289,837.8167,159,20005,20005,0,0
9290,837.8333,159,20005,20005,0,0
9291,837.85,159,20005,20005,0,0
9292,837.8667,159,20005,20005,0,0
9293,837.8833,159,20005,20005,0,0
9294,837.9,159,20005,20005,0,0
9295,837.9167,159,20005,20005,0,0
9296,837.9333,159,20005,20005,0,0
9297,837.95,159,20005,20005,0,0
9298,837.9667,159,20005,20005,0,0
9299,837.9833,159,20005,20005,0,0
9300,838.0,159,20005,20005,0,0
9301,838.0167,159,20005,20005,0,0
9302,838.0333,159,20005,20005,0,0
9303,838.05,159,20005,20005,0,0
9304,838.0667,159,20005,20005,0,0
9305,838.0833,159,20005,20005,0,0
9306,838.1,159,20005,20005,0,0
9307,838.1167,159,20005,20005,0,0
9308,838.1333,159,20005,20005,0,0
9309,838.15,159,20005,20005,0,0
9310,838.1667,159,20005,20005,0,0
9311,838.1833,159,20005,20005,0,0
9312,838.2,159,20005,20005,0,0
9313,838.2167,159,20005,20005,0,0
9314,838.2333,159,20005,20005,0,0
9315,838.25,159,20005,20005,0,0
9316,838.2667,159,20005,20005,0,0
9317,838.2833,159,20005,20005,0,0
9318,838.3,159,20005,20005,0,0
9319,838.3167,159,20005,20005,0,0
9320,838.3333,159,18800,20005,1205,-1205
9321,838.35,159,18802,20005,1203,2
9322,838.3667,159,18805,20005,1200,3
9323,838.3833,159,19193,20005,812,388
9324,838.4,159,19085,20005,920,-108
9325,838.4167,159,19087,20005,918,2
9326,838.4333,159,19089,20005,916,2
9327,838.45,159,19091,20005,914,2
9328,838.4667,159,19094,20005,911,3
9329,838.4833,159,19096,20005,909,2
9330,838.5,159,19098,20005,907,2
9331,838.5167,159,19100,20005,905,2
9332,838.5333,159,19102,20005,903,2
9333,838.55,159,19105,20005,900,3
9334,838.5667,159,19107,20005,898,2
9335,838.5833,159,19109,20005,896,2
9336,838.6,159,19111,20005,894,2
9337,838.6167,159,19113,20005,892,2
9338,838.6333,159,19115,20005,890,2
9339,838.65,159,19117,20005,888,2
9340,838.6667,159,19119,20005,886,2
9341,838.6833,159,19121,20005,884,2
9342,838.7,159,19121,20005,884,0
9343,838.7167,159,19121,20005,884,0
9344,838.7333,159,19121,20005,884,0
9345,838.75,159,19121,20005,884,0
9346,838.7667,159,19121,20005,884,0
9347,838.7833,159,19121,20005,884,0
9348,838.8,159,19121,20005,884,0
9349,838.8167,159,19121,20005,884,0
9350,838.8333,159,19123,20005,882,2
9351,838.85,159,19123,20005,882,0
9352,838.8667,159,19125,20005,880,2
9353,838.8833,159,19125,20005,880,0
9354,838.9,159,19128,20005,877,3
9355,838.9167,159,19132,20005,873,4
9356,838.9333,159,19136,20005,869,4
9357,838.95,159,19140,20005,865,4
9358,838.9667,159,19144,20005,861,4
9359,838.9833,159,19148,20005,857,4
9360,839.0,160,19153,20005,852,5
9361,839.0167,160,19157,20005,848,4
9362,839.0333,160,19161,20005,844,4
9363,839.05,160,19165,20005,840,4
9364,839.0667,160,19170,20005,835,5
9365,839.0833,160,19172,20005,833,2
9366,839.1,160,19174,20005,831,2
9367,839.1167,160,19176,20005,829,2
9368,839.1333,160,19179,20005,826,3
9369,839.15,160,19181,20005,824,2
9370,839.1667,160,19183,20005,822,2
9371,839.1833,160,19185,20005,820,2
9372,839.2,160,19187,20005,818,2
9373,839.2167,160,19190,20005,815,3
9374,839.2333,160,19192,20005,813,2
9375,839.25,160,19194,20005,811,2
9376,839.2667,160,19196,20005,809,2
9377,839.2833,160,19198,20005,807,2
9378,839.3,160,19201,20005,804,3
9379,839.3167,160,19203,20005,802,2
9380,839.3333,160,19205,20005,800,2
9381,839.35,160,18092,20005,1913,-1113
9382,839.3667,160,18094,20005,1911,2
9383,839.3833,160,18094,20005,1911,0
9384,839.4,160,18096,20005,1909,2
9385,839.4167,160,18098,20005,1907,2
9386,839.4333,160,18101,20005,1904,3
9387,839.45,160,18103,20005,1902,2
9388,839.4667,160,18105,20005,1900,2
9389,839.4833,160,18107,20005,1898,2
9390,839.5,160,18109,20005,1896,2
9391,839.5167,160,18112,20005,1893,3
9392,839.5333,160,18114,20005,1891,2
9393,839.55,160,18116,20005,1889,2
9394,839.5667,160,18118,20005,1887,2
9395,839.5833,160,18120,20005,1885,2
9396,839.6,160,18123,20005,1882,3
9397,839.6167,160,18125,20005,1880,2
9398,839.6333,160,18127,20005,1878,2
9399,839.65,160,18129,20005,1876,2
9400,839.6667,160,18131,20005,1874,2
9401,839.6833,160,18134,20005,1871,3
9402,839.7,160,18136,20005,1869,2
9403,839.7167,160,18138,20005,1867,2
9404,839.7333,160,18140,20005,1865,2
9405,839.75,160,18140,20005,1865,0
9406,839.7667,160,18142,20005,1863,2
9407,839.7833,160,18144,20005,1861,2
9408,839.8,160,18146,20005,1859,2
9409,839.8167,160,18148,20005,1857,2
9410,839.8333,160,18150,20005,1855,2
9411,839.85,160,18153,20005,1852,3
9412,839.8667,160,18155,20005,1850,2
9413,839.8833,160,18157,20005,1848,2
9414,839.9,160,18159,20005,1846,2
9415,839.9167,160,18162,20005,1843,3
9416,839.9333,160,18164,20005,1841,2
9417,839.95,160,18166,20005,1839,2
9418,839.9667,160,18168,20005,1837,2
9419,839.9833,160,18170,20005,1835,2
9420,840.0,160,18172,20005,1833,2
9421,840.0167,160,18174,20005,1831,2
9422,840.0333,160,18176,20005,1829,2
9423,840.05,160,18178,20005,1827,2
9424,840.0667,160,18180,20005,1825,2
9425,840.0833,160,18183,20005,1822,3
9426,840.1,160,18185,20005,1820,2
9427,840.1167,160,18187,20005,1818,2
9428,840.1333,160,18187,20005,1818,0
9429,840.15,160,18189,20005,1816,2
9430,840.1667,160,18192,20005,1813,3
9431,840.1833,160,18194,20005,1811,2
9432,840.2,160,18196,20005,1809,2
9433,840.2167,160,18199,20005,1806,3
9434,840.2333,160,18201,20005,1804,2
9435,840.25,160,18203,20005,1802,2
9436,840.2667,160,18206,20005,1799,3
9437,840.2833,160,18208,20005,1797,2
9438,840.3,160,18210,20005,1795,2
9439,840.3167,160,18212,20005,1793,2
9440,840.3333,160,18214,20005,1791,2
9441,840.35,160,18214,20005,1791,0
9442,840.3667,160,18217,20005,1788,3
9443,840.3833,160,18219,20005,1786,2
9444,840.4,160,18221,20005,1784,2
9445,840.4167,160,18223,20005,1782,2
9446,840.4333,160,18226,20005,1779,3
9447,840.45,160,18228,20005,1777,2
9448,840.4667,160,18230,20005,1775,2
9449,840.4833,160,18233,20005,1772,3
9450,840.5,160,18235,20005,1770,2
9451,840.5167,160,18237,20005,1768,2
9452,840.5333,160,18240,20005,1765,3
9453,840.55,160,18242,20005,1763,2
9454,840.5667,160,18244,20005,1761,2
9455,840.5833,160,18247,20005,1758,3
9456,840.6,160,18249,20005,1756,2
9457,840.6167,160,17135,20005,2870,-1114
9458,840.6333,160,17138,20005,2867,3
9459,840.65,160,17140,20005,2865,2
9460,840.6667,160,17142,20005,2863,2
9461,840.6833,160,17144,20005,2861,2
9462,840.7,160,17146,20005,2859,2
9463,840.7167,160,17148,20005,2857,2
9464,840.7333,160,17150,20005,2855,2
9465,840.75,160,17152,20005,2853,2
9466,840.7667,160,17154,20005,2851,2
9467,840.7833,160,17156,20005,2849,2
9468,840.8,160,17158,20005,2847,2
9469,840.8167,160,17160,20005,2845,2
9470,840.8333,160,17162,20005,2843,2
9471,840.85,160,17164,20005,2841,2
9472,840.8667,160,17167,20005,2838,3
9473,840.8833,160,17169,20005,2836,2
9474,840.9,160,17171,20005,2834,2
9475,840.9167,160,17173,20005,2832,2
9476,840.9333,160,17175,20005,2830,2
9477,840.95,160,16061,20005,3944,-1114
9478,840.9667,160,16064,20005,3941,3
9479,840.9833,160,16066,20005,3939,2
9480,841.0,160,16068,20005,3937,2
9481,841.0167,160,16070,20005,3935,2
9482,841.0333,160,16072,20005,3933,2
9483,841.05,160,16074,20005,3931,2
9484,841.0667,160,16076,20005,3929,2
9485,841.0833,160,16078,20005,3927,2
9486,841.1,160,16081,20005,3924,3
9487,841.1167,160,16083,20005,3922,2
9488,841.1333,160,16085,20005,3920,2
9489,841.15,160,16088,20005,3917,3
9490,841.1667,160,16090,20005,3915,2
9491,841.1833,160,16092,20005,3913,2
9492,841.2,160,16094,20005,3911,2
9493,841.2167,160,16097,20005,3908,3
9494,841.2333,160,16058,20005,3947,-39
9495,841.25,160,16028,20005,3977,-30
9496,841.2667,160,16030,20005,3975,2
9497,841.2833,160,16033,20005,3972,3
9498,841.3,160,16035,20005,3970,2
9499,841.3167,160,16037,20005,3968,2
9500,841.3333,160,16039,20005,3966,2
9501,841.35,160,16000,20005,4005,-39
9502,841.3667,160,15970,20005,4035,-30
9503,841.3833,160,15972,20005,4033,2
9504,841.4,160,15975,20005,4030,3
9505,841.4167,160,15976,20005,4029,1
9506,841.4333,160,14733,20005,5272,-1243
9507,841.45,160,15246,20005,4759,513
9508,841.4667,160,15216,20005,4789,-30
9509,841.4833,160,13973,20005,6032,-1243
9510,841.5,160,13975,20005,6030,2
9511,841.5167,160,13977,20005,6028,2
9512,841.5333,160,13979,20005,6026,2
9513,841.55,160,14422,20005,5583,443
9514,841.5667,160,14424,20005,5581,2
9515,841.5833,160,14426,20005,5579,2
9516,841.6,160,14428,20005,5577,2
9517,841.6167,160,14430,20005,5575,2
9518,841.6333,160,14432,20005,5573,2
9519,841.65,160,14864,20005,5141,432
9520,841.6667,160,14866,20005,5139,2
9521,841.6833,160,14868,20005,5137,2
9522,841.7,160,14870,20005,5135,2
9523,841.7167,160,14872,20005,5133,2
9524,841.7333,160,14874,20005,5131,2
9525,841.75,160,15294,20005,4711,420
9526,841.7667,160,15296,20005,4709,2
9527,841.7833,160,15298,20005,4707,2
9528,841.8,160,15300,20005,4705,2
9529,841.8167,160,15302,20005,4703,2
9530,841.8333,160,15304,20005,4701,2
9531,841.85,160,15677,20005,4328,373
9532,841.8667,160,15679,20005,4326,2
9533,841.8833,160,15681,20005,4324,2
9534,841.9,160,15683,20005,4322,2
9535,841.9167,160,15685,20005,4320,2
9536,841.9333,160,15688,20005,4317,3
9537,841.95,160,16511,20005,3494,823
9538,841.9667,160,16513,20005,3492,2
9539,841.9833,160,16515,20005,3490,2
9540,842.0,160,16518,20005,3487,3
9541,842.0167,160,16520,20005,3485,2
9542,842.0333,160,16522,20005,3483,2
9543,842.05,160,17325,20005,2680,803
9544,842.0667,160,17327,20005,2678,2
9545,842.0833,160,20005,20005,0,2678
9546,842.1,160,20005,20005,0,0
9547,842.1167,160,20005,20005,0,0
9548,842.1333,160,20005,20005,0,0
9549,842.15,160,20005,20005,0,0
9550,842.1667,160,20005,20005,0,0
9551,842.1833,160,20005,20005,0,0
9552,842.2,160,20005,20005,0,0
9553,842.2167,160,20005,20005,0,0
9554,842.2333,160,20005,20005,0,0
9555,842.25,160,19608,20005,397,-397
9556,842.2667,160,19610,20005,395,2
9557,842.2833,160,19612,20005,393,2
9558,842.3,160,19614,20005,391,2
9559,842.3167,160,20005,20005,0,391
9560,842.3333,160,20005,20005,0,0
9561,842.35,160,19989,20005,16,-16
9562,842.3667,160,19991,20005,14,2
9563,842.3833,160,19993,20005,12,2
9564,842.4,160,20005,20005,0,12
9565,842.4167,160,20005,20005,0,0
9566,842.4333,160,20005,20005,0,0
9567,842.45,160,19989,20005,16,-16
9568,842.4667,160,19991,20005,14,2
9569,842.4833,160,20005,20005,0,14
9570,842.5,160,20005,20005,0,0
9571,842.5167,160,20005,20005,0,0
9572,842.5333,160,20005,20005,0,0
9573,842.55,160,19989,20005,16,-16
9574,842.5667,160,19991,20005,14,2
9575,842.5833,160,20005,20005,0,14
9576,842.6,160,20005,20005,0,0
9577,842.6167,160,20005,20005,0,0
9578,842.6333,160,20005,20005,0,0
9579,842.65,160,20005,20005,0,0
9580,842.6667,160,19960,20005,45,-45
9581,842.6833,160,20005,20005,0,45
9582,842.7,160,20005,20005,0,0
9583,842.7167,160,20005,20005,0,0
9584,842.7333,160,20005,20005,0,0
9585,842.75,160,20005,20005,0,0
9586,842.7667,160,19960,20005,45,-45
9587,842.7833,160,20005,20005,0,45
9588,842.8,160,20005,20005,0,0
9589,842.8167,160,20005,20005,0,0
9590,842.8333,160,20005,20005,0,0
9591,842.85,160,20005,20005,0,0
9592,842.8667,160,19960,20005,45,-45
9593,842.8833,160,19962,20005,43,2
9594,842.9,160,19964,20005,41,2
9595,842.9167,160,19966,20005,39,2
9596,842.9333,160,19969,20005,36,3
9597,842.95,160,20005,20005,0,36
9598,842.9667,160,19960,20005,45,-45
9599,842.9833,160,19962,20005,43,2
9600,843.0,160,19964,20005,41,2
9601,843.0167,160,19966,20005,39,2
9602,843.0333,160,20005,20005,0,39
9603,843.05,160,20005,20005,0,0
9604,843.0667,160,19960,20005,45,-45
9605,843.0833,160,19962,20005,43,2
9606,843.1,160,19964,20005,41,2
9607,843.1167,160,20005,20005,0,41
9608,843.1333,160,20005,20005,0,0
9609,843.15,160,20005,20005,0,0
9610,843.1667,160,19960,20005,45,-45
9611,843.1833,160,19962,20005,43,2
9612,843.2,160,20005,20005,0,43
9613,843.2167,160,20005,20005,0,0
9614,843.2333,160,20005,20005,0,0
9615,843.25,160,20005,20005,0,0
9616,843.2667,160,19960,20005,45,-45
9617,843.2833,160,20005,20005,0,45
9618,843.3,160,20005,20005,0,0
9619,843.3167,160,20005,20005,0,0
9620,843.3333,160,20005,20005,0,0
9621,843.35,160,20005,20005,0,0
9622,843.3667,160,19960,20005,45,-45
9623,843.3833,160,7443,20005,12562,-12517
9624,843.4,160,7445,20005,12560,2
9625,843.4167,160,7447,20005,12558,2
9626,843.4333,160,7450,20005,12555,3
9627,843.45,160,8062,20005,11943,612
9628,843.4667,160,8064,20005,11941,2
9629,843.4833,160,8066,20005,11939,2
9630,843.5,160,8069,20005,11936,3
9631,843.5167,160,8071,20005,11934,2
9632,843.5333,160,8856,20005,11149,785
9633,843.55,160,8858,20005,11147,2
9634,843.5667,160,8860,20005,11145,2
9635,843.5833,160,8862,20005,11143,2
9636,843.6,160,8864,20005,11141,2
9637,843.6167,160,8866,20005,11139,2
9638,843.6333,160,9615,20005,10390,749
9639,843.65,160,9615,20005,10390,0
9640,843.6667,160,9617,20005,10388,2
9641,843.6833,160,9619,20005,10386,2
9642,843.7,160,9622,20005,10383,3
9643,843.7167,160,9624,20005,10381,2
9644,843.7333,160,10486,20005,9519,862
9645,843.75,160,10488,20005,9517,2
9646,843.7667,160,10491,20005,9514,3
9647,843.7833,160,10493,20005,9512,2
9648,843.8,160,10495,20005,9510,2
9649,843.8167,160,11389,20005,8616,894
9650,843.8333,160,11392,20005,8613,3
9651,843.85,160,11394,20005,8611,2
9652,843.8667,160,11396,20005,8609,2
9653,843.8833,160,11398,20005,8607,2
9654,843.9,160,12582,20005,7423,1184
9655,843.9167,160,12584,20005,7421,2
9656,843.9333,160,11178,20005,8827,-1406
9657,843.95,160,11180,20005,8825,2
9658,843.9667,160,13564,20005,6441,2384
9659,843.9833,160,13474,20005,6531,-90
9660,844.0,160,13476,20005,6529,2
9661,844.0167,160,13354,20005,6651,-122
9662,844.0333,160,13356,20005,6649,2
9663,844.05,160,13358,20005,6647,2
9664,844.0667,160,13360,20005,6645,2
9665,844.0833,160,13269,20005,6736,-91
9666,844.1,160,15733,20005,4272,2464
9667,844.1167,160,15611,20005,4394,-122
9668,844.1333,160,15613,20005,4392,2
9669,844.15,160,15613,20005,4392,0
9670,844.1667,160,15618,20005,4387,5
9671,844.1833,160,15527,20005,4478,-91
9672,844.2,160,12745,20005,7260,-2782
9673,844.2167,160,12623,20005,7382,-122
9674,844.2333,160,12626,20005,7379,3
9675,844.25,160,13428,20005,6577,802
9676,844.2667,160,13430,20005,6575,2
9677,844.2833,160,13339,20005,6666,-91
9678,844.3,160,13341,20005,6664,2
9679,844.3167,160,13186,20005,6819,-155
9680,844.3333,160,13188,20005,6817,2
9681,844.35,160,13190,20005,6815,2
9682,844.3667,160,13192,20005,6813,2
9683,844.3833,160,13118,20005,6887,-74
9684,844.4,160,13120,20005,6885,2
9685,844.4167,160,13120,20005,6885,0
9686,844.4333,160,12965,20005,7040,-155
9687,844.45,160,12967,20005,7038,2
9688,844.4667,160,12969,20005,7036,2
9689,844.4833,160,12971,20005,7034,2
9690,844.5,160,12897,20005,7108,-74
9691,844.5167,160,12899,20005,7106,2
9692,844.5333,160,12744,20005,7261,-155
9693,844.55,160,12746,20005,7259,2
9694,844.5667,160,12748,20005,7257,2
9695,844.5833,160,12751,20005,7254,3
9696,844.6,160,12676,20005,7329,-75
9697,844.6167,160,12678,20005,7327,2
9698,844.6333,160,12523,20005,7482,-155
9699,844.65,160,12526,20005,7479,3
9700,844.6667,160,12528,20005,7477,2
9701,844.6833,160,12530,20005,7475,2
9702,844.7,160,12455,20005,7550,-75
9703,844.7167,160,12457,20005,7548,2
9704,844.7333,160,12302,20005,7703,-155
9705,844.75,160,12304,20005,7701,2
9706,844.7667,160,12306,20005,7699,2
9707,844.7833,160,12309,20005,7696,3
9708,844.8,160,12234,20005,7771,-75
9709,844.8167,160,12236,20005,7769,2
9710,844.8333,160,12081,20005,7924,-155
9711,844.85,160,12083,20005,7922,2
9712,844.8667,160,12085,20005,7920,2
9713,844.8833,160,12087,20005,7918,2
9714,844.9,160,12089,20005,7916,2
9715,844.9167,160,12015,20005,7990,-74
9716,844.9333,160,11860,20005,8145,-155
9717,844.95,160,11862,20005,8143,2
9718,844.9667,160,11864,20005,8141,2
9719,844.9833,160,11867,20005,8138,3
9720,845.0,160,11792,20005,8213,-75
9721,845.0167,160,11794,20005,8211,2
9722,845.0333,160,11639,20005,8366,-155
9723,845.05,160,11639,20005,8366,0
9724,845.0667,160,11644,20005,8361,5
9725,845.0833,160,11646,20005,8359,2
9726,845.1,160,11571,20005,8434,-75
9727,845.1167,160,11574,20005,8431,3
9728,845.1333,160,11574,20005,8431,0
9729,845.15,160,11418,20005,8587,-156
9730,845.1667,160,11421,20005,8584,3
9731,845.1833,160,11423,20005,8582,2
9732,845.2,160,11425,20005,8580,2
9733,845.2167,160,11350,20005,8655,-75
9734,845.2333,160,11353,20005,8652,3
9735,845.25,160,11353,20005,8652,0
9736,845.2667,160,11198,20005,8807,-155
9737,845.2833,160,11200,20005,8805,2
9738,845.3,160,11202,20005,8803,2
9739,845.3167,160,11205,20005,8800,3
9740,845.3333,160,11130,20005,8875,-75
9741,845.35,160,11100,20005,8905,-30
9742,845.3667,160,11100,20005,8905,0
9743,845.3833,160,10978,20005,9027,-122
9744,845.4,160,10981,20005,9024,3
9745,845.4167,160,10983,20005,9022,2
9746,845.4333,160,10909,20005,9096,-74
9747,845.45,160,10878,20005,9127,-31
9748,845.4667,160,10757,20005,9248,-121
9749,845.4833,160,10759,20005,9246,2
9750,845.5,160,10762,20005,9243,3
9751,845.5167,160,10764,20005,9241,2
9752,845.5333,160,10764,20005,9241,0
9753,845.55,160,10721,20005,9284,-43
9754,845.5667,160,12297,20005,7708,1576
9755,845.5833,160,12297,20005,7708,0
9756,845.6,160,12299,20005,7706,2
9757,845.6167,160,12302,20005,7703,3
9758,845.6333,160,12259,20005,7746,-43
9759,845.65,160,12228,20005,7777,-31
9760,845.6667,160,12106,20005,7899,-122
9761,845.6833,160,12108,20005,7897,2
9762,845.7,160,12111,20005,7894,3
9763,845.7167,160,12113,20005,7892,2
9764,845.7333,160,10766,20005,9239,-1347
9765,845.75,160,10668,20005,9337,-98
9766,845.7667,160,5360,20005,14645,-5308
9767,845.7833,160,13904,20005,6101,8544
9768,845.8,160,13909,20005,6096,5
9769,845.8167,160,13915,20005,6090,6
9770,845.8333,160,13875,20005,6130,-40
9771,845.85,160,13781,20005,6224,-94
9772,845.8667,160,13662,20005,6343,-119
9773,845.8833,160,13667,20005,6338,5
9774,845.9,160,13673,20005,6332,6
9775,845.9167,160,13673,20005,6332,0
9776,845.9333,160,13678,20005,6327,5
9777,845.95,160,13639,20005,6366,-39
9778,845.9667,160,13444,20005,6561,-195
9779,845.9833,160,13426,20005,6579,-18
9780,846.0,160,13432,20005,6573,6
9781,846.0167,160,13438,20005,6567,6
9782,846.0333,160,13398,20005,6607,-40
9783,846.05,160,13404,20005,6601,6
9784,846.0667,160,13404,20005,6601,0
9785,846.0833,160,13208,20005,6797,-196
9786,846.1,160,13214,20005,6791,6
9787,846.1167,160,13220,20005,6785,6
9788,846.1333,160,13225,20005,6780,5
9789,846.15,160,13186,20005,6819,-39
9790,846.1667,160,14001,20005,6004,815
9791,846.1833,160,13905,20005,6100,-96
9792,846.2,160,13911,20005,6094,6
9793,846.2167,160,13917,20005,6088,6
9794,846.2333,160,13917,20005,6088,0
9795,846.25,160,13922,20005,6083,5
9796,846.2667,160,15323,20005,4682,1401
9797,846.2833,160,15127,20005,4878,-196
9798,846.3,160,15133,20005,4872,6
9799,846.3167,160,15133,20005,4872,0
9800,846.3333,160,13378,20005,6627,-1755
9801,846.35,160,13384,20005,6621,6
9802,846.3667,160,15498,20005,4507,2114
9803,846.3833,160,15335,20005,4670,-163
9804,846.4,160,15342,20005,4663,7
9805,846.4167,160,15348,20005,4657,6
9806,846.4333,160,15348,20005,4657,0
9807,846.45,160,15354,20005,4651,6
9808,846.4667,160,17355,20005,2650,2001
9809,846.4833,160,17294,20005,2711,-61
9810,846.5,160,20005,20005,0,2711
9811,846.5167,160,20005,20005,0,0
9812,846.5333,160,20005,20005,0,0
9813,846.55,160,20005,20005,0,0
9814,846.5667,160,19960,20005,45,-45
9815,846.5833,160,19899,20005,106,-61
9816,846.6,160,19899,20005,106,0
9817,846.6167,160,19804,20005,201,-95
9818,846.6333,160,19810,20005,195,6
9819,846.65,160,19817,20005,188,7
9820,846.6667,160,19960,20005,45,143
9821,846.6833,160,19960,20005,45,0
9822,846.7,160,19900,20005,105,-60
9823,846.7167,160,19805,20005,200,-95
9824,846.7333,160,19811,20005,194,6
9825,846.75,160,20005,20005,0,194
9826,846.7667,160,19960,20005,45,-45
9827,846.7833,160,19960,20005,45,0
9828,846.8,160,19899,20005,106,-61
9829,846.8167,160,19804,20005,201,-95
9830,846.8333,160,19811,20005,194,7
9831,846.85,160,20005,20005,0,194
9832,846.8667,160,20005,20005,0,0
9833,846.8833,160,20005,20005,0,0
9834,846.9,160,19938,20005,67,-67
9835,846.9167,160,19843,20005,162,-95
9836,846.9333,160,19849,20005,156,6
9837,846.95,160,19849,20005,156,0
9838,846.9667,160,20005,20005,0,156
9839,846.9833,160,19928,20005,77,-77
9840,847.0,160,19868,20005,137,-60
9841,847.0167,160,19773,20005,232,-95
9842,847.0333,160,19773,20005,232,0
9843,847.05,160,19779,20005,226,6
9844,847.0667,160,20005,20005,0,226
9845,847.0833,160,19973,20005,32,-32
9846,847.1,160,19812,20005,193,-161
9847,847.1167,160,19812,20005,193,0
9848,847.1333,160,19818,20005,187,6
9849,847.15,160,20005,20005,0,187
9850,847.1667,160,20005,20005,0,0
9851,847.1833,160,20005,20005,0,0
9852,847.2,160,19973,20005,32,-32
9853,847.2167,160,19812,20005,193,-161
9854,847.2333,160,20005,20005,0,193
9855,847.25,160,20005,20005,0,0
9856,847.2667,160,20005,20005,0,0
9857,847.2833,160,20005,20005,0,0
9858,847.3,160,19973,20005,32,-32
9859,847.3167,160,19837,20005,168,-136
9860,847.3333,160,19843,20005,162,6
9861,847.35,160,19843,20005,162,0
9862,847.3667,160,19850,20005,155,7
9863,847.3833,160,19825,20005,180,-25
9864,847.4,160,19938,20005,67,113
9865,847.4167,160,19843,20005,162,-95
9866,847.4333,160,19849,20005,156,6
9867,847.45,160,19849,20005,156,0
9868,847.4667,160,19856,20005,149,7
9869,847.4833,160,19817,20005,188,-39
9870,847.5,160,19938,20005,67,121
9871,847.5167,160,19938,20005,67,0
9872,847.5333,160,19843,20005,162,-95
9873,847.55,160,20005,20005,0,162
9874,847.5667,160,20005,20005,0,0
9875,847.5833,160,20005,20005,0,0
9876,847.6,160,19960,20005,45,-45
9877,847.6167,160,15944,20005,4061,-4016
9878,847.6333,160,15944,20005,4061,0
9879,847.65,160,11856,20005,8149,-4088
9880,847.6667,160,6392,20005,13613,-5464
9881,847.6833,160,6399,20005,13606,7
9882,847.7,160,6399,20005,13606,0
9883,847.7167,160,6907,20005,13098,508
9884,847.7333,160,6746,20005,13259,-161
9885,847.75,160,6753,20005,13252,7
9886,847.7667,160,6760,20005,13245,7
9887,847.7833,160,6760,20005,13245,0
9888,847.8,160,7370,20005,12635,610
9889,847.8167,160,7310,20005,12695,-60
9890,847.8333,160,7216,20005,12789,-94
9891,847.85,160,7223,20005,12782,7
9892,847.8667,160,7824,20005,12181,601
9893,847.8833,160,7786,20005,12219,-38
9894,847.9,160,7786,20005,12219,0
9895,847.9167,160,7725,20005,12280,-61
9896,847.9333,160,7630,20005,12375,-95
9897,847.95,160,7636,20005,12369,6
9898,847.9667,160,7642,20005,12363,6
9899,847.9833,160,7604,20005,12401,-38
9900,848.0,160,7604,20005,12401,0
9901,848.0167,160,7610,20005,12395,6
9902,848.0333,160,6948,20005,13057,-662
9903,848.05,160,6948,20005,13057,0
9904,848.0667,160,6954,20005,13051,6
9905,848.0833,160,6954,20005,13051,0
9906,848.1,160,8246,20005,11759,1292
9907,848.1167,160,12159,20005,7846,3913
9908,848.1333,160,12159,20005,7846,0
9909,848.15,160,12166,20005,7839,7
9910,848.1667,160,12173,20005,7832,7
9911,848.1833,160,12181,20005,7824,8
9912,848.2,160,12165,20005,7840,-16
9913,848.2167,160,12165,20005,7840,0
9914,848.2333,160,12128,20005,7877,-37
9915,848.25,160,12135,20005,7870,7
9916,848.2667,160,12143,20005,7862,8
9917,848.2833,160,12127,20005,7878,-16
9918,848.3,160,12090,20005,7915,-37
9919,848.3167,160,12090,20005,7915,0
9920,848.3333,160,12097,20005,7908,7
9921,848.35,160,12103,20005,7902,6
9922,848.3667,160,12110,20005,7895,7
9923,848.3833,160,12093,20005,7912,-17
9924,848.4,160,12055,20005,7950,-38
9925,848.4167,160,12055,20005,7950,0
9926,848.4333,160,12061,20005,7944,6
9927,848.45,160,12068,20005,7937,7
9928,848.4667,160,12074,20005,7931,6
9929,848.4833,160,12058,20005,7947,-16
9930,848.5,160,12019,20005,7986,-39
9931,848.5167,160,12019,20005,7986,0
9932,848.5333,160,11736,20005,8269,-283
9933,848.55,160,11742,20005,8263,6
9934,848.5667,160,12678,20005,7327,936
9935,848.5833,160,12678,20005,7327,0
9936,848.6,160,12662,20005,7343,-16
9937,848.6167,160,12623,20005,7382,-39
9938,848.6333,160,12630,20005,7375,7
9939,848.65,160,13239,20005,6766,609
9940,848.6667,160,13245,20005,6760,6
9941,848.6833,160,13229,20005,6776,-16
9942,848.7,160,13229,20005,6776,0
9943,848.7167,160,13190,20005,6815,-39
9944,848.7333,160,13197,20005,6808,7
9945,848.75,160,13539,20005,6466,342
9946,848.7667,160,13545,20005,6460,6
9947,848.7833,160,13529,20005,6476,-16
9948,848.8,160,13490,20005,6515,-39
9949,848.8167,160,13496,20005,6509,6
9950,848.8333,160,13502,20005,6503,6
9951,848.85,160,14141,20005,5864,639
9952,848.8667,160,14146,20005,5859,5
9953,848.8833,160,14129,20005,5876,-17
9954,848.9,160,14090,20005,5915,-39
9955,848.9167,160,14090,20005,5915,0
9956,848.9333,160,14096,20005,5909,6
9957,848.95,160,14101,20005,5904,5
9958,848.9667,160,14500,20005,5505,399
9959,848.9833,160,14505,20005,5500,5
9960,849.0,160,14488,20005,5517,-17
9961,849.0167,160,14494,20005,5511,6
9962,849.0333,160,14500,20005,5505,6
9963,849.05,160,14505,20005,5500,5
9964,849.0667,160,14511,20005,5494,6
9965,849.0833,160,14511,20005,5494,0
9966,849.1,160,19982,20005,23,5471
9967,849.1167,160,20005,20005,0,23
9968,849.1333,160,20005,20005,0,0
9969,849.15,160,20005,20005,0,0
9970,849.1667,160,20005,20005,0,0
9971,849.1833,160,20005,20005,0,0
9972,849.2,160,19990,20005,15,-15
9973,849.2167,160,19990,20005,15,0
9974,849.2333,160,19996,20005,9,6
9975,849.25,160,20002,20005,3,6
9976,849.2667,160,20005,20005,0,3
9977,849.2833,160,20005,20005,0,0
9978,849.3,160,19990,20005,15,-15
9979,849.3167,160,19995,20005,10,5
9980,849.3333,160,20001,20005,4,6
9981,849.35,160,20005,20005,0,4
9982,849.3667,160,20005,20005,0,0
9983,849.3833,160,20005,20005,0,0
9984,849.4,160,20005,20005,0,0
9985,849.4167,160,20005,20005,0,0
9986,849.4333,160,20005,20005,0,0
9987,849.45,160,20005,20005,0,0
9988,849.4667,160,20005,20005,0,0
9989,849.4833,160,20005,20005,0,0
9990,849.5,160,20005,20005,0,0
9991,849.5167,160,20005,20005,0,0
9992,849.5333,160,20005,20005,0,0
9993,849.55,160,20005,20005,0,0
9994,849.5667,160,20005,20005,0,0
9995,849.5833,160,20005,20005,0,0
9996,849.6,160,20005,20005,0,0
9997,849.6167,160,16452,20005,3553,-3553
9998,849.6333,160,16452,20005,3553,0
9999,849.65,160,16458,20005,3547,6
10000,849.6667,160,16464,20005,3541,6
10001,849.6833,160,16471,20005,3534,7
10002,849.7,160,16478,20005,3527,7
10003,849.7167,160,16484,20005,3521,6
10004,849.7333,160,16491,20005,3514,7
10005,849.75,160,16491,20005,3514,0
10006,849.7667,160,16498,20005,3507,7
10007,849.7833,160,16504,20005,3501,6
10008,849.8,160,16510,20005,3495,6
10009,849.8167,160,16517,20005,3488,7
10010,849.8333,160,16523,20005,3482,6
10011,849.85,160,16530,20005,3475,7
10012,849.8667,160,16536,20005,3469,6
10013,849.8833,160,16536,20005,3469,0
10014,849.9,160,16542,20005,3463,6
10015,849.9167,160,16548,20005,3457,6
10016,849.9333,160,16554,20005,3451,6
10017,849.95,160,16560,20005,3445,6
10018,849.9667,160,16566,20005,3439,6
10019,849.9833,160,16572,20005,3433,6
10020,850.0,160,16572,20005,3433,0
10021,850.0167,160,16578,20005,3427,6
10022,850.0333,160,16584,20005,3421,6
10023,850.05,160,16590,20005,3415,6
10024,850.0667,160,16596,20005,3409,6
10025,850.0833,160,16596,20005,3409,0
10026,850.1,160,20005,20005,0,3409
10027,850.1167,160,20005,20005,0,0
10028,850.1333,160,20005,20005,0,0
10029,850.15,160,20005,20005,0,0
10030,850.1667,160,20005,20005,0,0
10031,850.1833,160,20001,20005,4,-4
10032,850.2,160,20005,20005,0,4
10033,850.2167,160,20005,20005,0,0
10034,850.2333,160,20005,20005,0,0
10035,850.25,160,20005,20005,0,0
10036,850.2667,160,20005,20005,0,0
10037,850.2833,160,19934,20005,71,-71
10038,850.3,160,20005,20005,0,71
10039,850.3167,160,20005,20005,0,0
10040,850.3333,160,20005,20005,0,0
10041,850.35,160,20005,20005,0,0
10042,850.3667,160,19934,20005,71,-71
10043,850.3833,160,20005,20005,0,71
10044,850.4,160,19984,20005,21,-21
10045,850.4167,160,19984,20005,21,0
10046,850.4333,160,19990,20005,15,6
10047,850.45,160,19996,20005,9,6
10048,850.4667,160,20002,20005,3,6
10049,850.4833,160,19934,20005,71,-68
10050,850.5,160,20005,20005,0,71
10051,850.5167,160,19984,20005,21,-21
10052,850.5333,160,19990,20005,15,6
10053,850.55,160,19663,20005,342,-327
10054,850.5667,160,19598,20005,407,-65
10055,850.5833,160,11566,20005,8439,-8032
10056,850.6,160,11566,20005,8439,0
10057,850.6167,160,14962,20005,5043,3396
10058,850.6333,160,14968,20005,5037,6
10059,850.65,160,14973,20005,5032,5
10060,850.6667,160,14979,20005,5026,6
10061,850.6833,160,14914,20005,5091,-65
10062,850.7,160,14919,20005,5086,5
10063,850.7167,160,15802,20005,4203,883
10064,850.7333,160,15808,20005,4197,6
10065,850.75,160,15813,20005,4192,5
10066,850.7667,160,15813,20005,4192,0
10067,850.7833,160,15748,20005,4257,-65
10068,850.8,160,15754,20005,4251,6
10069,850.8167,160,15738,20005,4267,-16
10070,850.8333,160,15744,20005,4261,6
10071,850.85,160,15750,20005,4255,6
10072,850.8667,160,15756,20005,4249,6
10073,850.8833,160,15690,20005,4315,-66
10074,850.9,160,15696,20005,4309,6
10075,850.9167,160,15670,20005,4335,-26
10076,850.9333,160,16262,20005,3743,592
10077,850.95,160,16268,20005,3737,6
10078,850.9667,160,16203,20005,3802,-65
10079,850.9833,160,16208,20005,3797,5
10080,851.0,160,16214,20005,3791,6
10081,851.0167,160,16214,20005,3791,0
10082,851.0333,160,16187,20005,3818,-27
10083,851.05,160,16479,20005,3526,292
10084,851.0667,160,16485,20005,3520,6
10085,851.0833,160,16419,20005,3586,-66
10086,851.1,160,16424,20005,3581,5
10087,851.1167,160,16399,20005,3606,-25
10088,851.1333,160,16404,20005,3601,5
10089,851.15,160,16404,20005,3601,0
10090,851.1667,160,17645,20005,2360,1241
10091,851.1833,160,17651,20005,2354,6
10092,851.2,160,17585,20005,2420,-66
10093,851.2167,160,17591,20005,2414,6
10094,851.2333,160,17563,20005,2442,-28
10095,851.25,160,17810,20005,2195,247
10096,851.2667,160,17816,20005,2189,6
10097,851.2833,160,17751,20005,2254,-65
10098,851.3,160,17757,20005,2248,6
10099,851.3167,160,17717,20005,2288,-40
10100,851.3333,160,17717,20005,2288,0
10101,851.35,160,18210,20005,1795,493
10102,851.3667,160,18215,20005,1790,5
10103,851.3833,160,18221,20005,1784,6
10104,851.4,160,18156,20005,1849,-65
10105,851.4167,160,18161,20005,1844,5
10106,851.4333,160,18369,20005,1636,208
10107,851.45,160,18375,20005,1630,6
10108,851.4667,160,18380,20005,1625,5
10109,851.4833,160,18315,20005,1690,-65
10110,851.5,160,18321,20005,1684,6
10111,851.5167,160,18326,20005,1679,5
10112,851.5333,160,18326,20005,1679,0
10113,851.55,160,18286,20005,1719,-40
10114,851.5667,160,18292,20005,1713,6
10115,851.5833,160,18298,20005,1707,6
10116,851.6,160,18232,20005,1773,-66
10117,851.6167,160,18237,20005,1768,5
10118,851.6333,160,19249,20005,756,1012
10119,851.65,160,19255,20005,750,6
10120,851.6667,160,19260,20005,745,5
10121,851.6833,160,19266,20005,739,6
10122,851.7,160,19229,20005,776,-37
10123,851.7167,160,19235,20005,770,6
10124,851.7333,160,19194,20005,811,-41
10125,851.75,160,19200,20005,805,6
10126,851.7667,160,19205,20005,800,5
10127,851.7833,160,19211,20005,794,6
10128,851.8,160,19174,20005,831,-37
10129,851.8167,160,19180,20005,825,6
10130,851.8333,160,19139,20005,866,-41
10131,851.85,160,19145,20005,860,6
10132,851.8667,160,19739,20005,266,594
10133,851.8833,160,19739,20005,266,0
10134,851.9,160,19744,20005,261,5
10135,851.9167,160,19708,20005,297,-36
10136,851.9333,160,19713,20005,292,5
10137,851.95,160,19673,20005,332,-40
10138,851.9667,160,20005,20005,0,332
10139,851.9833,160,20005,20005,0,0
10140,852.0,160,20005,20005,0,0
10141,852.0167,160,19963,20005,42,-42
10142,852.0333,160,19968,20005,37,5
10143,852.05,160,19959,20005,46,-9
10144,852.0667,160,19965,20005,40,6
10145,852.0833,160,19970,20005,35,5
10146,852.1,160,19934,20005,71,-36
10147,852.1167,160,19939,20005,66,5
10148,852.1333,160,19939,20005,66,0
10149,852.15,160,19959,20005,46,20
10150,852.1667,160,19965,20005,40,6
10151,852.1833,160,20005,20005,0,40
10152,852.2,160,20005,20005,0,0
10153,852.2167,160,19963,20005,42,-42
10154,852.2333,160,20005,20005,0,42
10155,852.25,160,20005,20005,0,0
10156,852.2667,160,19959,20005,46,-46
10157,852.2833,160,19965,20005,40,6
10158,852.3,160,19970,20005,35,5
10159,852.3167,160,19963,20005,42,-7
10160,852.3333,160,19968,20005,37,5
10161,852.35,160,19941,20005,64,-27
10162,852.3667,160,19946,20005,59,5
10163,852.3833,160,20005,20005,0,59
10164,852.4,160,20005,20005,0,0
10165,852.4167,160,19963,20005,42,-42
10166,852.4333,160,19968,20005,37,5
10167,852.45,160,19941,20005,64,-27
10168,852.4667,160,19946,20005,59,5
10169,852.4833,160,20005,20005,0,59
10170,852.5,160,20005,20005,0,0
10171,852.5167,160,19963,20005,42,-42
10172,852.5333,160,19968,20005,37,5
10173,852.55,160,19941,20005,64,-27
10174,852.5667,160,20005,20005,0,64
10175,852.5833,160,20005,20005,0,0
10176,852.6,160,20005,20005,0,0
10177,852.6167,160,19963,20005,42,-42
10178,852.6333,160,19968,20005,37,5
10179,852.65,160,20005,20005,0,37
10180,852.6667,160,20005,20005,0,0
10181,852.6833,160,20005,20005,0,0
10182,852.7,160,20005,20005,0,0
10183,852.7167,160,19963,20005,42,-42
10184,852.7333,160,19968,20005,37,5
10185,852.75,160,20005,20005,0,37
10186,852.7667,160,20005,20005,0,0
10187,852.7833,160,20005,20005,0,0
10188,852.8,160,20005,20005,0,0
10189,852.8167,160,19963,20005,42,-42
10190,852.8333,160,20005,20005,0,42
10191,852.85,160,20005,20005,0,0
10192,852.8667,160,20005,20005,0,0
10193,852.8833,160,20005,20005,0,0
10194,852.9,160,20005,20005,0,0
10195,852.9167,160,19230,20005,775,-775
10196,852.9333,160,19193,20005,812,-37
10197,852.95,160,19198,20005,807,5
10198,852.9667,160,19204,20005,801,6
10199,852.9833,160,19209,20005,796,5
10200,853.0,160,19173,20005,832,-36
10201,853.0167,160,19822,20005,183,649
10202,853.0333,160,19785,20005,220,-37
10203,853.05,160,19790,20005,215,5
10204,853.0667,160,19795,20005,210,5
10205,853.0833,160,19800,20005,205,5
10206,853.1,160,19764,20005,241,-36
10207,853.1167,160,20004,20005,1,240
10208,853.1333,160,19963,20005,42,-41
10209,853.15,160,19968,20005,37,5
10210,853.1667,160,19973,20005,32,5
10211,853.1833,160,19978,20005,27,5
10212,853.2,160,19942,20005,63,-36
10213,853.2167,160,20005,20005,0,63
10214,853.2333,160,19963,20005,42,-42
10215,853.25,160,19968,20005,37,5
10216,853.2667,160,19973,20005,32,5
10217,853.2833,160,19978,20005,27,5
10218,853.3,160,19983,20005,22,5
10219,853.3167,160,19948,20005,57,-35
10220,853.3333,160,19953,20005,52,5
10221,853.35,160,19916,20005,89,-37
10222,853.3667,160,19921,20005,84,5
10223,853.3833,160,19926,20005,79,5
10224,853.4,160,19931,20005,74,5
10225,853.4167,160,19895,20005,110,-36
10226,853.4333,160,19900,20005,105,5
10227,853.45,160,19863,20005,142,-37
10228,853.4667,160,16879,20005,3126,-2984
10229,853.4833,160,16884,20005,3121,5
10230,853.5,160,16890,20005,3115,6
10231,853.5167,160,16854,20005,3151,-36
10232,853.5333,160,16859,20005,3146,5
10233,853.55,160,16864,20005,3141,5
10234,853.5667,160,16869,20005,3136,5
10235,853.5833,160,16875,20005,3130,6
10236,853.6,160,16880,20005,3125,5
10237,853.6167,160,15891,20005,4114,-989
10238,853.6333,160,15897,20005,4108,6
10239,853.65,160,15902,20005,4103,5
10240,853.6667,160,15907,20005,4098,5
10241,853.6833,160,15913,20005,4092,6
10242,853.7,160,15918,20005,4087,5
10243,853.7167,160,16252,20005,3753,334
10244,853.7333,160,16258,20005,3747,6
10245,853.75,160,16263,20005,3742,5
10246,853.7667,160,16268,20005,3737,5
10247,853.7833,160,16273,20005,3732,5
10248,853.8,160,16273,20005,3732,0
10249,853.8167,160,16278,20005,3727,5
10250,853.8333,160,18582,20005,1423,2304
10251,853.85,160,19709,20005,296,1127
10252,853.8667,160,19715,20005,290,6
10253,853.8833,160,19721,20005,284,6
10254,853.9,160,19726,20005,279,5
10255,853.9167,160,20005,20005,0,279
10256,853.9333,160,19936,20005,69,-69
10257,853.95,160,19936,20005,69,0
10258,853.9667,160,19942,20005,63,6
10259,853.9833,160,19948,20005,57,6
10260,854.0,160,19954,20005,51,6
10261,854.0167,160,19960,20005,45,6
10262,854.0333,160,19897,20005,108,-63
10263,854.05,160,19903,20005,102,6
10264,854.0667,160,19908,20005,97,5
10265,854.0833,160,19914,20005,91,6
10266,854.1,160,19919,20005,86,5
10267,854.1167,160,19925,20005,80,6
10268,854.1333,160,19862,20005,143,-63
10269,854.15,160,19868,20005,137,6
10270,854.1667,160,19873,20005,132,5
10271,854.1833,160,19873,20005,132,0
10272,854.2,160,19879,20005,126,6
10273,854.2167,160,19885,20005,120,6
10274,854.2333,160,19822,20005,183,-63
10275,854.25,160,20005,20005,0,183
10276,854.2667,160,20005,20005,0,0
10277,854.2833,160,20005,20005,0,0
10278,854.3,160,20005,20005,0,0
10279,854.3167,160,20005,20005,0,0
10280,854.3333,160,19936,20005,69,-69
10281,854.35,160,20005,20005,0,69
10282,854.3667,160,20005,20005,0,0
10283,854.3833,160,20005,20005,0,0
10284,854.4,160,20005,20005,0,0
10285,854.4167,160,20005,20005,0,0
10286,854.4333,160,19936,20005,69,-69
10287,854.45,160,20005,20005,0,69
10288,854.4667,160,20005,20005,0,0
10289,854.4833,160,20005,20005,0,0
10290,854.5,160,20005,20005,0,0
10291,854.5167,160,20005,20005,0,0
10292,854.5333,160,19936,20005,69,-69
10293,854.55,160,20005,20005,0,69
10294,854.5667,160,19965,20005,40,-40
10295,854.5833,160,19971,20005,34,6
10296,854.6,160,19976,20005,29,5
10297,854.6167,160,19981,20005,24,5
10298,854.6333,160,19912,20005,93,-69
10299,854.65,160,20005,20005,0,93
10300,854.6667,160,19918,20005,87,-87
10301,854.6833,160,19923,20005,82,5
10302,854.7,160,19929,20005,76,6
10303,854.7167,160,19934,20005,71,5
10304,854.7333,160,19865,20005,140,-69
10305,854.75,160,20005,20005,0,140
10306,854.7667,160,19918,20005,87,-87
10307,854.7833,160,19923,20005,82,5
10308,854.8,160,19928,20005,77,5
10309,854.8167,160,19933,20005,72,5
10310,854.8333,160,19864,20005,141,-69
10311,854.85,160,20005,20005,0,141
10312,854.8667,160,19918,20005,87,-87
10313,854.8833,160,19923,20005,82,5
10314,854.9,160,19928,20005,77,5
10315,854.9167,160,19933,20005,72,5
10316,854.9333,160,19870,20005,135,-63
10317,854.95,160,20000,20005,5,130
10318,854.9667,160,19918,20005,87,-82
10319,854.9833,160,19923,20005,82,5
10320,855.0,160,19928,20005,77,5
10321,855.0167,160,19933,20005,72,5
10322,855.0333,160,19938,20005,67,5
10323,855.05,160,19869,20005,136,-69
10324,855.0667,160,19874,20005,131,5
10325,855.0833,160,19792,20005,213,-82
10326,855.1,160,19798,20005,207,6
10327,855.1167,160,19803,20005,202,5
10328,855.1333,160,19808,20005,197,5
10329,855.15,160,19739,20005,266,-69
10330,855.1667,160,19744,20005,261,5
10331,855.1833,160,19662,20005,343,-82
10332,855.2,160,19662,20005,343,0
10333,855.2167,160,19667,20005,338,5
10334,855.2333,160,19672,20005,333,5
10335,855.25,160,19609,20005,396,-63
10336,855.2667,160,19614,20005,391,5
10337,855.2833,160,19533,20005,472,-81
10338,855.3,160,19538,20005,467,5
10339,855.3167,160,19543,20005,462,5
10340,855.3333,160,19548,20005,457,5
10341,855.35,160,19479,20005,526,-69
10342,855.3667,160,19484,20005,521,5
10343,855.3833,160,19402,20005,603,-82
10344,855.4,160,19407,20005,598,5
10345,855.4167,160,19412,20005,593,5
10346,855.4333,160,19417,20005,588,5
10347,855.45,160,19421,20005,584,4
10348,855.4667,160,19352,20005,653,-69
10349,855.4833,160,19357,20005,648,5
10350,855.5,160,19274,20005,731,-83
10351,855.5167,160,19279,20005,726,5
10352,855.5333,160,19284,20005,721,5
10353,855.55,160,19289,20005,716,5
10354,855.5667,160,19281,20005,724,-8
10355,855.5833,160,19287,20005,718,6
10356,855.6,160,19205,20005,800,-82
10357,855.6167,160,19210,20005,795,5
10358,855.6333,160,19215,20005,790,5
10359,855.65,160,19220,20005,785,5
10360,855.6667,160,19217,20005,788,-3
10361,855.6833,160,19217,20005,788,0
10362,855.7,160,16995,20005,3010,-2222
10363,855.7167,160,17000,20005,3005,5
10364,855.7333,160,17005,20005,3000,5
10365,855.75,160,17010,20005,2995,5
10366,855.7667,160,14203,20005,5802,-2807
10367,855.7833,160,14208,20005,5797,5
10368,855.8,160,14127,20005,5878,-81
10369,855.8167,160,14132,20005,5873,5
10370,855.8333,160,14138,20005,5867,6
10371,855.85,160,14143,20005,5862,5
10372,855.8667,160,14141,20005,5864,-2
10373,855.8833,160,16330,20005,3675,2189
10374,855.9,160,16330,20005,3675,0
10375,855.9167,160,16249,20005,3756,-81
10376,855.9333,160,15590,20005,4415,-659
10377,855.95,160,15596,20005,4409,6
10378,855.9667,160,11856,20005,8149,-3740
10379,855.9833,160,11854,20005,8151,-2
10380,856.0,160,11859,20005,8146,5
10381,856.0167,160,11778,20005,8227,-81
10382,856.0333,160,11778,20005,8227,0
10383,856.05,160,11784,20005,8221,6
10384,856.0667,160,11786,20005,8219,2
10385,856.0833,160,11788,20005,8217,2
10386,856.1,160,11783,20005,8222,-5
10387,856.1167,160,11698,20005,8307,-85
10388,856.1333,160,11701,20005,8304,3
10389,856.15,160,11703,20005,8302,2
10390,856.1667,160,11705,20005,8300,2
10391,856.1833,160,11700,20005,8305,-5
10392,856.2,160,11700,20005,8305,0
10393,856.2167,160,11702,20005,8303,2
10394,856.2333,160,11617,20005,8388,-85
10395,856.25,160,11620,20005,8385,3
10396,856.2667,160,11622,20005,8383,2
10397,856.2833,160,11624,20005,8381,2
10398,856.3,160,11619,20005,8386,-5
10399,856.3167,160,11621,20005,8384,2
10400,856.3333,160,11537,20005,8468,-84
10401,856.35,160,11539,20005,8466,2
10402,856.3667,160,11541,20005,8464,2
10403,856.3833,160,11536,20005,8469,-5
10404,856.4,160,11538,20005,8467,2
10405,856.4167,160,11454,20005,8551,-84
10406,856.4333,160,11454,20005,8551,0
10407,856.45,160,11456,20005,8549,2
10408,856.4667,160,11458,20005,8547,2
10409,856.4833,160,11460,20005,8545,2
10410,856.5,160,11455,20005,8550,-5
10411,856.5167,160,9511,20005,10494,-1944
10412,856.5333,160,9513,20005,10492,2
10413,856.55,160,9515,20005,10490,2
10414,856.5667,160,9517,20005,10488,2
10415,856.5833,160,9520,20005,10485,3
10416,856.6,160,9522,20005,10483,2
10417,856.6167,160,9524,20005,10481,2
10418,856.6333,160,9526,20005,10479,2
10419,856.65,160,9529,20005,10476,3
10420,856.6667,160,9531,20005,10474,2
10421,856.6833,160,9533,20005,10472,2
10422,856.7,160,9535,20005,10470,2
10423,856.7167,160,9537,20005,10468,2
10424,856.7333,160,9539,20005,10466,2
10425,856.75,160,9541,20005,10464,2
10426,856.7667,160,9543,20005,10462,2
10427,856.7833,160,9545,20005,10460,2
10428,856.8,160,9547,20005,10458,2
10429,856.8167,160,9549,20005,10456,2
10430,856.8333,160,9551,20005,10454,2
10431,856.85,160,9553,20005,10452,2
10432,856.8667,160,9555,20005,10450,2
10433,856.8833,160,9556,20005,10449,1
10434,856.9,160,9558,20005,10447,2
10435,856.9167,160,9560,20005,10445,2
10436,856.9333,160,9562,20005,10443,2
10437,856.95,160,10978,20005,9027,1416
10438,856.9667,160,10980,20005,9025,2
10439,856.9833,160,10982,20005,9023,2
10440,857.0,160,10984,20005,9021,2
10441,857.0167,160,10986,20005,9019,2
10442,857.0333,160,10988,20005,9017,2
10443,857.05,160,10990,20005,9015,2
10444,857.0667,160,10992,20005,9013,2
10445,857.0833,160,10994,20005,9011,2
10446,857.1,160,10996,20005,9009,2
10447,857.1167,160,10998,20005,9007,2
10448,857.1333,160,11000,20005,9005,2
10449,857.15,160,10405,20005,9600,-595
10450,857.1667,160,10320,20005,9685,-85
10451,857.1833,160,10322,20005,9683,2
10452,857.2,160,10324,20005,9681,2
10453,857.2167,160,10326,20005,9679,2
10454,857.2333,160,10321,20005,9684,-5
10455,857.25,160,10323,20005,9682,2
10456,857.2667,160,10238,20005,9767,-85
10457,857.2833,160,10240,20005,9765,2
10458,857.3,160,10242,20005,9763,2
10459,857.3167,160,10244,20005,9761,2
10460,857.3333,160,10239,20005,9766,-5
10461,857.35,160,10241,20005,9764,2
10462,857.3667,160,10156,20005,9849,-85
10463,857.3833,160,10159,20005,9846,3
10464,857.4,160,10161,20005,9844,2
10465,857.4167,160,10163,20005,9842,2
10466,857.4333,160,10157,20005,9848,-6
10467,857.45,160,10159,20005,9846,2
10468,857.4667,160,10075,20005,9930,-84
10469,857.4833,160,10077,20005,9928,2
10470,857.5,160,10079,20005,9926,2
10471,857.5167,160,10080,20005,9925,1
10472,857.5333,160,10083,20005,9922,3
10473,857.55,160,10077,20005,9928,-6
10474,857.5667,160,10079,20005,9926,2
10475,857.5833,160,9994,20005,10011,-85
10476,857.6,160,9996,20005,10009,2
10477,857.6167,160,9998,20005,10007,2
10478,857.6333,160,10000,20005,10005,2
10479,857.65,160,9995,20005,10010,-5
10480,857.6667,160,9997,20005,10008,2
10481,857.6833,160,9912,20005,10093,-85
10482,857.7,160,6965,20005,13040,-2947
10483,857.7167,160,6967,20005,13038,2
10484,857.7333,160,6970,20005,13035,3
10485,857.75,160,6964,20005,13041,-6
10486,857.7667,160,6966,20005,13039,2
10487,857.7833,160,6969,20005,13036,3
10488,857.8,160,6971,20005,13034,2
10489,857.8167,160,6973,20005,13032,2
10490,857.8333,160,6975,20005,13030,2
10491,857.85,160,6970,20005,13035,-5
10492,857.8667,160,6972,20005,13033,2
10493,857.8833,160,6974,20005,13031,2
10494,857.9,160,6976,20005,13029,2
10495,857.9167,160,6979,20005,13026,3
10496,857.9333,160,6981,20005,13024,2
10497,857.95,160,6975,20005,13030,-6
10498,857.9667,160,8196,20005,11809,1221
10499,857.9833,160,8199,20005,11806,3
10500,858.0,160,8160,20005,11845,-39
10501,858.0167,160,8162,20005,11843,2
10502,858.0333,160,8157,20005,11848,-5
10503,858.05,160,8159,20005,11846,2
10504,858.0667,160,8161,20005,11844,2
10505,858.0833,160,8163,20005,11842,2
10506,858.1,160,8165,20005,11840,2
10507,858.1167,160,8168,20005,11837,3
10508,858.1333,160,8170,20005,11835,2
10509,858.15,160,8172,20005,11833,2
10510,858.1667,160,8174,20005,11831,2
10511,858.1833,160,8176,20005,11829,2
10512,858.2,160,8179,20005,11826,3
10513,858.2167,160,8181,20005,11824,2
10514,858.2333,160,8183,20005,11822,2
10515,858.25,160,8185,20005,11820,2
10516,858.2667,160,8187,20005,11818,2
10517,858.2833,160,8190,20005,11815,3
10518,858.3,160,8192,20005,11813,2
10519,858.3167,160,8194,20005,11811,2
10520,858.3333,160,8196,20005,11809,2
10521,858.35,160,8198,20005,11807,2
10522,858.3667,160,8201,20005,11804,3
10523,858.3833,160,8203,20005,11802,2
10524,858.4,160,8205,20005,11800,2
10525,858.4167,160,8207,20005,11798,2
10526,858.4333,160,8209,20005,11796,2
10527,858.45,160,8211,20005,11794,2
10528,858.4667,160,9544,20005,10461,1333
10529,858.4833,160,9546,20005,10459,2
10530,858.5,160,9548,20005,10457,2
10531,858.5167,160,9550,20005,10455,2
10532,858.5333,160,9552,20005,10453,2
10533,858.55,160,9554,20005,10451,2
10534,858.5667,160,9556,20005,10449,2
10535,858.5833,160,9558,20005,10447,2
10536,858.6,160,9561,20005,10444,3
10537,858.6167,160,9563,20005,10442,2
10538,858.6333,160,9565,20005,10440,2
10539,858.65,160,9567,20005,10438,2
10540,858.6667,160,9569,20005,10436,2
10541,858.6833,160,9571,20005,10434,2
10542,858.7,160,9573,20005,10432,2
10543,858.7167,160,9575,20005,10430,2
10544,858.7333,160,9577,20005,10428,2
10545,858.75,160,9579,20005,10426,2
10546,858.7667,160,9581,20005,10424,2
10547,858.7833,160,9583,20005,10422,2
10548,858.8,160,9585,20005,10420,2
10549,858.8167,160,9587,20005,10418,2
10550,858.8333,160,9589,20005,10416,2
10551,858.85,160,9591,20005,10414,2
10552,858.8667,160,9593,20005,10412,2
10553,858.8833,160,10524,20005,9481,931
10554,858.9,160,10526,20005,9479,2
10555,858.9167,160,10528,20005,9477,2
10556,858.9333,160,10530,20005,9475,2
10557,858.95,160,8142,20005,11863,-2388
10558,858.9667,160,8144,20005,11861,2
10559,858.9833,160,9772,20005,10233,1628
10560,859.0,160,9774,20005,10231,2
10561,859.0167,160,10982,20005,9023,1208
10562,859.0333,160,10984,20005,9021,2
10563,859.05,160,10557,20005,9448,-427
10564,859.0667,160,10559,20005,9446,2
10565,859.0833,160,11365,20005,8640,806
10566,859.1,160,11367,20005,8638,2
10567,859.1167,160,11357,20005,8648,-10
10568,859.1333,160,11359,20005,8646,2
10569,859.15,160,11361,20005,8644,2
10570,859.1667,160,8338,20005,11667,-3023
10571,859.1833,160,8958,20005,11047,620
10572,859.2,160,8960,20005,11045,2
10573,859.2167,160,8950,20005,11055,-10
10574,859.2333,160,8952,20005,11053,2
10575,859.25,160,8954,20005,11051,2
10576,859.2667,160,8956,20005,11049,2
10577,859.2833,160,8958,20005,11047,2
10578,859.3,160,8960,20005,11045,2
10579,859.3167,160,8962,20005,11043,2
10580,859.3333,160,5927,20005,14078,-3035
10581,859.35,160,5929,20005,14076,2
10582,859.3667,160,5931,20005,14074,2
10583,859.3833,160,5933,20005,14072,2
10584,859.4,160,5935,20005,14070,2
10585,859.4167,160,5937,20005,14068,2
10586,859.4333,160,5927,20005,14078,-10
10587,859.45,160,5929,20005,14076,2
10588,859.4667,160,5931,20005,14074,2
10589,859.4833,160,5933,20005,14072,2
10590,859.5,160,5935,20005,14070,2
10591,859.5167,160,5937,20005,14068,2
10592,859.5333,160,5927,20005,14078,-10
10593,859.55,160,5929,20005,14076,2
10594,859.5667,160,5931,20005,14074,2
10595,859.5833,160,5933,20005,14072,2
10596,859.6,160,5935,20005,14070,2
10597,859.6167,160,5937,20005,14068,2
10598,859.6333,160,5939,20005,14066,2
10599,859.65,160,5929,20005,14076,-10
10600,859.6667,160,5931,20005,14074,2
10601,859.6833,160,5933,20005,14072,2
10602,859.7,160,5935,20005,14070,2
10603,859.7167,160,5937,20005,14068,2
10604,859.7333,160,5939,20005,14066,2
10605,859.75,160,5899,20005,14106,-40
10606,859.7667,160,5901,20005,14104,2
10607,859.7833,160,5903,20005,14102,2
10608,859.8,160,5905,20005,14100,2
10609,859.8167,160,5907,20005,14098,2
10610,859.8333,160,5909,20005,14096,2
10611,859.85,160,5869,20005,14136,-40
10612,859.8667,160,5871,20005,14134,2
10613,859.8833,160,5873,20005,14132,2
10614,859.9,160,5875,20005,14130,2
10615,859.9167,160,5877,20005,14128,2
10616,859.9333,160,5879,20005,14126,2
10617,859.95,160,5839,20005,14166,-40
10618,859.9667,160,5841,20005,14164,2
10619,859.9833,160,5843,20005,14162,2
10620,860.0,160,5845,20005,14160,2
10621,860.0167,160,5847,20005,14158,2
10622,860.0333,160,5849,20005,14156,2
10623,860.05,160,5851,20005,14154,2
10624,860.0667,160,6985,20005,13020,1134
10625,860.0833,160,6987,20005,13018,2
10626,860.1,160,6536,20005,13469,-451
10627,860.1167,160,6538,20005,13467,2
10628,860.1333,160,6540,20005,13465,2
10629,860.15,160,6542,20005,13463,2
10630,860.1667,160,6502,20005,13503,-40
10631,860.1833,160,6504,20005,13501,2
10632,860.2,160,6506,20005,13499,2
10633,860.2167,160,6508,20005,13497,2
10634,860.2333,160,6510,20005,13495,2
10635,860.25,160,6512,20005,13493,2
10636,860.2667,160,6472,20005,13533,-40
10637,860.2833,160,6474,20005,13531,2
10638,860.3,160,6476,20005,13529,2
10639,860.3167,160,6478,20005,13527,2
10640,860.3333,160,6480,20005,13525,2
10641,860.35,160,6482,20005,13523,2
10642,860.3667,160,6442,20005,13563,-40
10643,860.3833,160,6444,20005,13561,2
10644,860.4,160,6446,20005,13559,2
10645,860.4167,160,6448,20005,13557,2
10646,860.4333,160,6450,20005,13555,2
10647,860.45,160,6452,20005,13553,2
10648,860.4667,160,6454,20005,13551,2
10649,860.4833,160,6414,20005,13591,-40
10650,860.5,160,6416,20005,13589,2
10651,860.5167,160,6418,20005,13587,2
10652,860.5333,160,6420,20005,13585,2
10653,860.55,160,6422,20005,13583,2
10654,860.5667,160,6424,20005,13581,2
10655,860.5833,160,6384,20005,13621,-40
10656,860.6,160,6386,20005,13619,2
10657,860.6167,160,6388,20005,13617,2
10658,860.6333,160,6390,20005,13615,2
10659,860.65,160,6392,20005,13613,2
10660,860.6667,160,6394,20005,13611,2
10661,860.6833,160,6354,20005,13651,-40
10662,860.7,160,6357,20005,13648,3
10663,860.7167,160,6359,20005,13646,2
10664,860.7333,160,6361,20005,13644,2
10665,860.75,160,6363,20005,13642,2
10666,860.7667,160,6365,20005,13640,2
10667,860.7833,160,6324,20005,13681,-41
10668,860.8,160,6326,20005,13679,2
10669,860.8167,160,6328,20005,13677,2
10670,860.8333,160,6330,20005,13675,2
10671,860.85,160,6332,20005,13673,2
10672,860.8667,160,6334,20005,13671,2
10673,860.8833,160,6294,20005,13711,-40
10674,860.9,160,6296,20005,13709,2
10675,860.9167,160,6298,20005,13707,2
10676,860.9333,160,6300,20005,13705,2
10677,860.95,160,6302,20005,13703,2
10678,860.9667,160,6304,20005,13701,2
10679,860.9833,160,6306,20005,13699,2
10680,861.0,160,6308,20005,13697,2
10681,861.0167,160,6311,20005,13694,3
10682,861.0333,160,6313,20005,13692,2
10683,861.05,160,6315,20005,13690,2
10684,861.0667,160,6317,20005,13688,2
10685,861.0833,160,6319,20005,13686,2
10686,861.1,160,6321,20005,13684,2
10687,861.1167,160,9180,20005,10825,2859
10688,861.1333,160,9182,20005,10823,2
10689,861.15,160,9184,20005,10821,2
10690,861.1667,160,9187,20005,10818,3
10691,861.1833,160,9189,20005,10816,2
10692,861.2,160,9191,20005,10814,2
10693,861.2167,160,9193,20005,10812,2
10694,861.2333,160,9195,20005,10810,2
10695,861.25,160,9197,20005,10808,2
10696,861.2667,160,9199,20005,10806,2
10697,861.2833,160,9201,20005,10804,2
10698,861.3,160,9203,20005,10802,2
10699,861.3167,160,9205,20005,10800,2
10700,861.3333,160,9207,20005,10798,2
10701,861.35,160,9209,20005,10796,2
10702,861.3667,160,9211,20005,10794,2
10703,861.3833,160,9214,20005,10791,3
10704,861.4,160,9216,20005,10789,2
10705,861.4167,160,9218,20005,10787,2
10706,861.4333,160,9220,20005,10785,2
10707,861.45,160,9222,20005,10783,2
10708,861.4667,160,9224,20005,10781,2
10709,861.4833,160,9226,20005,10779,2
10710,861.5,160,9228,20005,10777,2
10711,861.5167,160,9230,20005,10775,2
10712,861.5333,160,9232,20005,10773,2
10713,861.55,160,9234,20005,10771,2
10714,861.5667,160,9236,20005,10769,2
10715,861.5833,160,9238,20005,10767,2
10716,861.6,160,9240,20005,10765,2
10717,861.6167,160,9243,20005,10762,3
10718,861.6333,160,9245,20005,10760,2
10719,861.65,160,9247,20005,10758,2
10720,861.6667,160,9249,20005,10756,2
10721,861.6833,160,9251,20005,10754,2
10722,861.7,160,9253,20005,10752,2
10723,861.7167,160,9255,20005,10750,2
10724,861.7333,160,9258,20005,10747,3
10725,861.75,160,9260,20005,10745,2
10726,861.7667,160,9262,20005,10743,2
10727,861.7833,160,9264,20005,10741,2
10728,861.8,160,9266,20005,10739,2
10729,861.8167,160,9268,20005,10737,2
10730,861.8333,160,9270,20005,10735,2
10731,861.85,160,9273,20005,10732,3
10732,861.8667,160,9275,20005,10730,2
10733,861.8833,160,9278,20005,10727,3
10734,861.9,160,9280,20005,10725,2
10735,861.9167,160,9283,20005,10722,3
10736,861.9333,160,9286,20005,10719,3
10737,861.95,160,9288,20005,10717,2
10738,861.9667,160,9291,20005,10714,3
10739,861.9833,160,9293,20005,10712,2
10740,862.0,160,9296,20005,10709,3
10741,862.0167,160,9298,20005,10707,2
10742,862.0333,160,9300,20005,10705,2
10743,862.05,160,9302,20005,10703,2
10744,862.0667,160,9304,20005,10701,2
10745,862.0833,160,9306,20005,10699,2
10746,862.1,160,9308,20005,10697,2
10747,862.1167,160,10721,20005,9284,1413
10748,862.1333,160,10723,20005,9282,2
10749,862.15,160,10725,20005,9280,2
10750,862.1667,160,10311,20005,9694,-414
10751,862.1833,160,12253,20005,7752,1942
10752,862.2,160,12255,20005,7750,2
10753,862.2167,160,12257,20005,7748,2
10754,862.2333,160,12259,20005,7746,2
10755,862.25,160,12261,20005,7744,2
10756,862.2667,160,12263,20005,7742,2
10757,862.2833,160,12266,20005,7739,3
10758,862.3,160,12268,20005,7737,2
10759,862.3167,160,12270,20005,7735,2
10760,862.3333,160,12273,20005,7732,3
10761,862.35,160,12275,20005,7730,2
10762,862.3667,160,12277,20005,7728,2
10763,862.3833,160,12279,20005,7726,2
10764,862.4,160,12281,20005,7724,2
10765,862.4167,160,12283,20005,7722,2
10766,862.4333,160,12285,20005,7720,2
10767,862.45,160,12287,20005,7718,2
10768,862.4667,160,12289,20005,7716,2
10769,862.4833,160,12291,20005,7714,2
10770,862.5,160,12293,20005,7712,2
10771,862.5167,160,12295,20005,7710,2
10772,862.5333,160,12297,20005,7708,2
10773,862.55,160,12298,20005,7707,1
10774,862.5667,160,12300,20005,7705,2
10775,862.5833,160,12302,20005,7703,2
10776,862.6,160,12304,20005,7701,2
10777,862.6167,160,13187,20005,6818,883
10778,862.6333,160,13189,20005,6816,2
10779,862.65,160,13191,20005,6814,2
10780,862.6667,160,13193,20005,6812,2
10781,862.6833,160,13195,20005,6810,2
10782,862.7,160,13197,20005,6808,2
10783,862.7167,160,14595,20005,5410,1398
10784,862.7333,160,14597,20005,5408,2
10785,862.75,160,14599,20005,5406,2
10786,862.7667,160,14601,20005,5404,2
10787,862.7833,160,14603,20005,5402,2
10788,862.8,160,14605,20005,5400,2
10789,862.8167,160,17487,20005,2518,2882
10790,862.8333,160,17489,20005,2516,2
10791,862.85,160,17491,20005,2514,2
10792,862.8667,160,17493,20005,2512,2
10793,862.8833,160,17495,20005,2510,2
10794,862.9,160,17497,20005,2508,2
10795,862.9167,160,17559,20005,2446,62
10796,862.9333,160,17561,20005,2444,2
10797,862.95,160,17563,20005,2442,2
10798,862.9667,160,17566,20005,2439,3
10799,862.9833,160,17568,20005,2437,2
10800,863.0,160,17570,20005,2435,2
10801,863.0167,160,19438,20005,567,1868
10802,863.0333,160,19440,20005,565,2
10803,863.05,160,19442,20005,563,2
10804,863.0667,160,19444,20005,561,2
10805,863.0833,160,19446,20005,559,2
10806,863.1,160,19448,20005,557,2
10807,863.1167,160,20005,20005,0,557
10808,863.1333,160,20005,20005,0,0
10809,863.15,160,20005,20005,0,0
10810,863.1667,160,20005,20005,0,0
10811,863.1833,160,20005,20005,0,0
10812,863.2,160,20005,20005,0,0
10813,863.2167,160,20005,20005,0,0
10814,863.2333,160,19857,20005,148,-148
10815,863.25,160,19859,20005,146,2
10816,863.2667,160,19861,20005,144,2
10817,863.2833,160,19864,20005,141,3
10818,863.3,160,19866,20005,139,2
10819,863.3167,160,20005,20005,0,139
10820,863.3333,160,20005,20005,0,0
10821,863.35,160,20005,20005,0,0
10822,863.3667,160,20005,20005,0,0
10823,863.3833,160,20005,20005,0,0
10824,863.4,160,20005,20005,0,0
10825,863.4167,160,20005,20005,0,0
10826,863.4333,160,20005,20005,0,0
10827,863.45,160,20005,20005,0,0
10828,863.4667,160,20005,20005,0,0
10829,863.4833,160,20005,20005,0,0
10830,863.5,160,20005,20005,0,0
10831,863.5167,160,20005,20005,0,0
10832,863.5333,160,20005,20005,0,0
10833,863.55,160,20005,20005,0,0
10834,863.5667,160,20005,20005,0,0
10835,863.5833,160,20005,20005,0,0
10836,863.6,160,20005,20005,0,0
10837,863.6167,160,20005,20005,0,0
10838,863.6333,160,20005,20005,0,0
10839,863.65,160,20005,20005,0,0
10840,863.6667,160,20005,20005,0,0
10841,863.6833,160,20005,20005,0,0
10842,863.7,160,20005,20005,0,0
10843,863.7167,160,20005,20005,0,0
10844,863.7333,160,20005,20005,0,0
10845,863.75,160,20005,20005,0,0
10846,863.7667,160,20005,20005,0,0
10847,863.7833,160,20005,20005,0,0
10848,863.8,160,20005,20005,0,0
10849,863.8167,160,20005,20005,0,0
10850,863.8333,160,20005,20005,0,0
10851,863.85,160,20005,20005,0,0
10852,863.8667,160,20005,20005,0,0
10853,863.8833,160,20005,20005,0,0
10854,863.9,160,20005,20005,0,0
10855,863.9167,160,20005,20005,0,0
10856,863.9333,160,20005,20005,0,0
10857,863.95,160,20005,20005,0,0
10858,863.9667,160,20005,20005,0,0
10859,863.9833,160,20005,20005,0,0
10860,864.0,,20005,20005,0,0
