record,body_kind,summoner,waves_rolled,n_actors,n_champion_actors,char_level_lo,char_level_hi,level_grade,skill_record,skill_archive,skill_class,depth,via,rank_grade,dot_family,display_name,is_dot,rank_lo,array_index_min_lo,index_state_lo,magnitude_min_lo,magnitude_max_lo,rank_hi,magnitude_min_hi,magnitude_max_hi,duration_min_s,duration_max_s,dps_if_field_is_total_lo,dps_if_field_is_per_second_lo,chance_pct,is_global,is_xor,skill_modifier_pct,skill_duration_modifier_pct,skill_max_level,array_len,magnitude_grade,stacking_rule_grade,basis
records/creatures/enemies/aetherialcorruption_c01.dbr,ROSTER,,155,14,0,103,104,MEASURED-SET,records/skills/nonplayerskillsgdx1/attackmelee/aetherialcorruption_poisonpincer.dbr,gdx1,Skill_WeaponPool_ChargedFinale,0,skillName-slot,MEASURED-RANK,Poison,{^E}Poison Damage,True,26,25,IN-RANGE,192.0,,27,201.0,,2.0,,96.0,192.0,,,,,,60,60,MEASURED,"UNDECODABLE-FROM-SUBSTRATE — the .dbr carries Chance / Global / XOR / DurationModifier but no stack-count or same-source-replacement rule; the semantics live in the engine, not the record",records/skills/nonplayerskillsgdx1/attackmelee/aetherialcorruption_poisonpincer.dbr :: offensiveSlowPoisonMin/Max[25]
records/creatures/enemies/aetherialcorruption_c01.dbr,ROSTER,,155,14,0,103,104,MEASURED-SET,records/skills/nonplayerskillsgdx1/attackmelee/aetherialcorruption_poisonpincer.dbr,gdx1,Skill_WeaponPool_ChargedFinale,0,skillName-slot,MEASURED-RANK,Poison-INSTANT,,False,26,25,IN-RANGE,1090.0,,27,1134.0,,,,,,,,,,,60,60,MEASURED,"UNDECODABLE-FROM-SUBSTRATE — the .dbr carries Chance / Global / XOR / DurationModifier but no stack-count or same-source-replacement rule; the semantics live in the engine, not the record",records/skills/nonplayerskillsgdx1/attackmelee/aetherialcorruption_poisonpincer.dbr :: offensiveSlowPoison-INSTANTMin/Max[25]
records/creatures/enemies/aetherialcorruption_c01.dbr,ROSTER,,155,14,0,103,104,MEASURED-SET,records/skills/nonplayerskillsgdx1/attackprojectilering/aetherialcorruption_poisonprojectilenova.dbr,gdx1,Skill_AttackProjectileRing,0,skillName-slot,MEASURED-RANK,Poison,{^E}Poison Damage,True,26,25,IN-RANGE,141.0,,27,147.0,,5.0,,28.2,141.0,,,,,,60,60,MEASURED,"UNDECODABLE-FROM-SUBSTRATE — the .dbr carries Chance / Global / XOR / DurationModifier but no stack-count or same-source-replacement rule; the semantics live in the engine, not the record",records/skills/nonplayerskillsgdx1/attackprojectilering/aetherialcorruption_poisonprojectilenova.dbr :: offensiveSlowPoisonMin/Max[25]
records/creatures/enemies/aetherialcorruption_c01.dbr,ROSTER,,155,14,0,103,104,MEASURED-SET,records/skills/nonplayerskillsgdx1/attackprojectilering/aetherialcorruption_poisonprojectilenova.dbr,gdx1,Skill_AttackProjectileRing,0,skillName-slot,MEASURED-RANK,Poison-INSTANT,,False,26,25,IN-RANGE,335.0,,27,350.0,,,,,,,,,,,60,60,MEASURED,"UNDECODABLE-FROM-SUBSTRATE — the .dbr carries Chance / Global / XOR / DurationModifier but no stack-count or same-source-replacement rule; the semantics live in the engine, not the record",records/skills/nonplayerskillsgdx1/attackprojectilering/aetherialcorruption_poisonprojectilenova.dbr :: offensiveSlowPoison-INSTANTMin/Max[25]
records/creatures/enemies/aetherialcorruption_c01.dbr,ROSTER,,155,14,0,103,104,MEASURED-SET,records/skills/nonplayerskillsgdx1/buffattackradius/aetherialcorruption_aetherorbitalretaliation.dbr,gdx1,Skill_AttackProjectileOrbiting,1,autoCastSkill,DERIVED-INHERITED-RANK,Fire,{^E}Burn Damage,True,26,25,IN-RANGE,159.0,,27,164.0,,2.0,,79.5,159.0,,,,,,60,60,MEASURED,"UNDECODABLE-FROM-SUBSTRATE — the .dbr carries Chance / Global / XOR / DurationModifier but no stack-count or same-source-replacement rule; the semantics live in the engine, not the record",records/skills/nonplayerskillsgdx1/buffattackradius/aetherialcorruption_aetherorbitalretaliation.dbr :: offensiveSlowFireMin/Max[25]
records/creatures/enemies/aetherialcorruption_c01.dbr,ROSTER,,155,14,0,103,104,MEASURED-SET,records/skills/nonplayerskillsgdx1/buffattackradius/aetherialcorruption_rotskin.dbr,gdx1,Skill_BuffAttackRadiusToggled,0,skillName-slot,MEASURED-RANK,Poison,{^E}Poison Damage,True,26,25,IN-RANGE,192.0,,27,197.0,,2.0,,96.0,192.0,,,,,,60,60,MEASURED,"UNDECODABLE-FROM-SUBSTRATE — the .dbr carries Chance / Global / XOR / DurationModifier but no stack-count or same-source-replacement rule; the semantics live in the engine, not the record",records/skills/nonplayerskillsgdx1/buffattackradius/aetherialcorruption_rotskin.dbr :: offensiveSlowPoisonMin/Max[25]
records/creatures/enemies/aetherialworm_b01_summon.dbr,PET-SUMMON,records/creatures/enemies/boss&quest/aetherialbloater_malmouthdocks_01.dbr,,0,0,106,108,DERIVED-INHERITED,records/skills/nonplayerskillsgdx1/attackmelee/aetherialworm_poisonstrike.dbr,gdx1,Skill_AttackWeapon,0,skillName-slot,MEASURED-RANK,Poison-INSTANT,,False,27,26,IN-RANGE,700.0,,28,728.0,,,,,,,,,,,60,60,MEASURED,"UNDECODABLE-FROM-SUBSTRATE — the .dbr carries Chance / Global / XOR / DurationModifier but no stack-count or same-source-replacement rule; the semantics live in the engine, not the record",records/skills/nonplayerskillsgdx1/attackmelee/aetherialworm_poisonstrike.dbr :: offensiveSlowPoison-INSTANTMin/Max[26]
records/creatures/enemies/aetherialworm_b01_summon.dbr,PET-SUMMON,records/creatures/enemies/boss&quest/aetherialbloater_malmouthdocks_01.dbr,,0,0,106,108,DERIVED-INHERITED,records/skills/nonplayerskillsgdx1/attackprojectile/aetherialworm_poisonburst.dbr,gdx1,Skill_AttackProjectileBurst,0,skillName-slot,MEASURED-RANK,Poison,{^E}Poison Damage,True,27,26,IN-RANGE,201.0,,28,210.0,,3.0,,67.0,201.0,,,,,,60,60,MEASURED,"UNDECODABLE-FROM-SUBSTRATE — the .dbr carries Chance / Global / XOR / DurationModifier but no stack-count or same-source-replacement rule; the semantics live in the engine, not the record",records/skills/nonplayerskillsgdx1/attackprojectile/aetherialworm_poisonburst.dbr :: offensiveSlowPoisonMin/Max[26]
records/creatures/enemies/aetherialworm_b01_summon.dbr,PET-SUMMON,records/creatures/enemies/boss&quest/aetherialbloater_malmouthdocks_01.dbr,,0,0,106,108,DERIVED-INHERITED,records/skills/nonplayerskillsgdx1/attackprojectile/aetherialworm_poisonburst.dbr,gdx1,Skill_AttackProjectileBurst,0,skillName-slot,MEASURED-RANK,Poison-INSTANT,,False,27,26,IN-RANGE,616.0,,28,648.0,,,,,,,,,,,60,60,MEASURED,"UNDECODABLE-FROM-SUBSTRATE — the .dbr carries Chance / Global / XOR / DurationModifier but no stack-count or same-source-replacement rule; the semantics live in the engine, not the record",records/skills/nonplayerskillsgdx1/attackprojectile/aetherialworm_poisonburst.dbr :: offensiveSlowPoison-INSTANTMin/Max[26]
records/creatures/enemies/aetherialworm_b01_summon.dbr,PET-SUMMON,records/creatures/enemies/boss&quest/aetherialbloater_malmouthdocks_01.dbr,,0,0,106,108,DERIVED-INHERITED,records/skills/nonplayerskillsgdx1/attackprojectile/aetherialworm_poisonspit.dbr,gdx1,Skill_AttackProjectile,0,skillName-slot,MEASURED-RANK,Poison,{^E}Poison Damage,True,27,26,IN-RANGE,201.0,,28,210.0,,3.0,,67.0,201.0,,,,,,60,60,MEASURED,"UNDECODABLE-FROM-SUBSTRATE — the .dbr carries Chance / Global / XOR / DurationModifier but no stack-count or same-source-replacement rule; the semantics live in the engine, not the record",records/skills/nonplayerskillsgdx1/attackprojectile/aetherialworm_poisonspit.dbr :: offensiveSlowPoisonMin/Max[26]
records/creatures/enemies/aetherialworm_b01_summon.dbr,PET-SUMMON,records/creatures/enemies/boss&quest/aetherialbloater_malmouthdocks_01.dbr,,0,0,106,108,DERIVED-INHERITED,records/skills/nonplayerskillsgdx1/attackprojectile/aetherialworm_poisonspit.dbr,gdx1,Skill_AttackProjectile,0,skillName-slot,MEASURED-RANK,Poison-INSTANT,,False,27,26,IN-RANGE,616.0,,28,648.0,,,,,,,,,,,60,60,MEASURED,"UNDECODABLE-FROM-SUBSTRATE — the .dbr carries Chance / Global / XOR / DurationModifier but no stack-count or same-source-replacement rule; the semantics live in the engine, not the record",records/skills/nonplayerskillsgdx1/attackprojectile/aetherialworm_poisonspit.dbr :: offensiveSlowPoison-INSTANTMin/Max[26]
records/creatures/enemies/aetherialworm_b01_summon.dbr,PET-SUMMON,records/creatures/enemies/boss&quest/aetherialbloater_malmouthdocks_01.dbr,,0,0,106,108,DERIVED-INHERITED,records/skills/nonplayerskillsgdx1/passive/passiveproperties_aetherialworm_poison.dbr,gdx1,Skill_Passive,0,skillName-slot,MEASURED-RANK,Poison-INSTANT,,False,27,26,IN-RANGE,159.0,,28,166.0,,,,,,,,,,,60,60,MEASURED,"UNDECODABLE-FROM-SUBSTRATE — the .dbr carries Chance / Global / XOR / DurationModifier but no stack-count or same-source-replacement rule; the semantics live in the engine, not the record",records/skills/nonplayerskillsgdx1/passive/passiveproperties_aetherialworm_poison.dbr :: offensiveSlowPoison-INSTANTMin/Max[26]
records/creatures/enemies/aetherialworm_b02_summon.dbr,PET-SUMMON,records/creatures/enemies/boss&quest/aetherialbloater_malmouthdocks_01.dbr,,0,0,106,108,DERIVED-INHERITED,records/skills/nonplayerskillsgdx1/attackprojectile/aetherialworm_fireburst.dbr,gdx1,Skill_AttackProjectileBurst,0,skillName-slot,MEASURED-RANK,Fire,{^E}Burn Damage,True,27,26,IN-RANGE,201.0,,28,210.0,,3.0,,67.0,201.0,,,,,,60,60,MEASURED,"UNDECODABLE-FROM-SUBSTRATE — the .dbr carries Chance / Global / XOR / DurationModifier but no stack-count or same-source-replacement rule; the semantics live in the engine, not the record",records/skills/nonplayerskillsgdx1/attackprojectile/aetherialworm_fireburst.dbr :: offensiveSlowFireMin/Max[26]
records/creatures/enemies/aetherialworm_b02_summon.dbr,PET-SUMMON,records/creatures/enemies/boss&quest/aetherialbloater_malmouthdocks_01.dbr,,0,0,106,108,DERIVED-INHERITED,records/skills/nonplayerskillsgdx1/attackprojectile/aetherialworm_firespit.dbr,gdx1,Skill_AttackProjectile,0,skillName-slot,MEASURED-RANK,Fire,{^E}Burn Damage,True,27,26,IN-RANGE,201.0,,28,210.0,,3.0,,67.0,201.0,,,,,,60,60,MEASURED,"UNDECODABLE-FROM-SUBSTRATE — the .dbr carries Chance / Global / XOR / DurationModifier but no stack-count or same-source-replacement rule; the semantics live in the engine, not the record",records/skills/nonplayerskillsgdx1/attackprojectile/aetherialworm_firespit.dbr :: offensiveSlowFireMin/Max[26]
records/creatures/enemies/aetherialworm_b03_summon.dbr,PET-SUMMON,records/creatures/enemies/boss&quest/aetherialbloater_malmouthdocks_01.dbr,,0,0,106,108,DERIVED-INHERITED,records/skills/nonplayerskillsgdx1/attackprojectile/aetherialworm_iceburst.dbr,gdx1,Skill_AttackProjectileBurst,0,skillName-slot,MEASURED-RANK,Cold,{^E}Frostburn Damage,True,27,26,IN-RANGE,201.0,,28,210.0,,3.0,,67.0,201.0,,,,,,60,60,MEASURED,"UNDECODABLE-FROM-SUBSTRATE — the .dbr carries Chance / Global / XOR / DurationModifier but no stack-count or same-source-replacement rule; the semantics live in the engine, not the record",records/skills/nonplayerskillsgdx1/attackprojectile/aetherialworm_iceburst.dbr :: offensiveSlowColdMin/Max[26]
records/creatures/enemies/aetherialworm_b03_summon.dbr,PET-SUMMON,records/creatures/enemies/boss&quest/aetherialbloater_malmouthdocks_01.dbr,,0,0,106,108,DERIVED-INHERITED,records/skills/nonplayerskillsgdx1/attackprojectile/aetherialworm_icespit.dbr,gdx1,Skill_AttackProjectile,0,skillName-slot,MEASURED-RANK,Cold,{^E}Frostburn Damage,True,27,26,IN-RANGE,201.0,,28,210.0,,3.0,,67.0,201.0,,,,,,60,60,MEASURED,"UNDECODABLE-FROM-SUBSTRATE — the .dbr carries Chance / Global / XOR / DurationModifier but no stack-count or same-source-replacement rule; the semantics live in the engine, not the record",records/skills/nonplayerskillsgdx1/attackprojectile/aetherialworm_icespit.dbr :: offensiveSlowColdMin/Max[26]
records/creatures/enemies/aetherialworm_b04_summon.dbr,PET-SUMMON,records/creatures/enemies/boss&quest/aetherialbloater_malmouthdocks_01.dbr,,0,0,106,108,DERIVED-INHERITED,records/skills/nonplayerskillsgdx1/attackprojectile/aetherialworm_lightningburst.dbr,gdx1,Skill_AttackProjectileBurst,0,skillName-slot,MEASURED-RANK,Lightning,{^E}Electrocute Damage,True,27,26,IN-RANGE,201.0,,28,210.0,,3.0,,67.0,201.0,,,,,,60,60,MEASURED,"UNDECODABLE-FROM-SUBSTRATE — the .dbr carries Chance / Global / XOR / DurationModifier but no stack-count or same-source-replacement rule; the semantics live in the engine, not the record",records/skills/nonplayerskillsgdx1/attackprojectile/aetherialworm_lightningburst.dbr :: offensiveSlowLightningMin/Max[26]
records/creatures/enemies/aetherialworm_b04_summon.dbr,PET-SUMMON,records/creatures/enemies/boss&quest/aetherialbloater_malmouthdocks_01.dbr,,0,0,106,108,DERIVED-INHERITED,records/skills/nonplayerskillsgdx1/attackprojectile/aetherialworm_lightningspit.dbr,gdx1,Skill_AttackProjectile,0,skillName-slot,MEASURED-RANK,Lightning,{^E}Electrocute Damage,True,27,26,IN-RANGE,201.0,,28,210.0,,3.0,,67.0,201.0,,,,,,60,60,MEASURED,"UNDECODABLE-FROM-SUBSTRATE — the .dbr carries Chance / Global / XOR / DurationModifier but no stack-count or same-source-replacement rule; the semantics live in the engine, not the record",records/skills/nonplayerskillsgdx1/attackprojectile/aetherialworm_lightningspit.dbr :: offensiveSlowLightningMin/Max[26]
records/creatures/enemies/bonerat_witchgod_a01_summon.dbr,PET-SUMMON,records/creatures/enemies/boss&quest/witchgod_finalboss.dbr,,0,0,106,108,DERIVED-INHERITED,records/skills/nonplayerskills/passive/passiveproperties_witchgod_bonerat.dbr,base,Skill_Passive,0,skillName-slot,MEASURED-RANK,Poison,{^E}Poison Damage,True,26,25,IN-RANGE,93.0,,27,97.0,,5.0,,18.6,93.0,,,,,,60,63,MEASURED,"UNDECODABLE-FROM-SUBSTRATE — the .dbr carries Chance / Global / XOR / DurationModifier but no stack-count or same-source-replacement rule; the semantics live in the engine, not the record",records/skills/nonplayerskills/passive/passiveproperties_witchgod_bonerat.dbr :: offensiveSlowPoisonMin/Max[25]
records/creatures/enemies/bonerat_witchgod_b01_summon.dbr,PET-SUMMON,records/creatures/enemies/boss&quest/witchgod_finalboss.dbr,,0,0,106,108,DERIVED-INHERITED,records/skills/nonplayerskills/attackprojectile/bonerat_witchgod_venomspines.dbr,base,Skill_AttackProjectileBurst,0,skillName-slot,MEASURED-RANK,Poison,{^E}Poison Damage,True,27,26,IN-RANGE,222.0,,28,234.0,,5.0,,44.4,222.0,,,,,,60,60,MEASURED,"UNDECODABLE-FROM-SUBSTRATE — the .dbr carries Chance / Global / XOR / DurationModifier but no stack-count or same-source-replacement rule; the semantics live in the engine, not the record",records/skills/nonplayerskills/attackprojectile/bonerat_witchgod_venomspines.dbr :: offensiveSlowPoisonMin/Max[26]
records/creatures/enemies/bonerat_witchgod_b01_summon.dbr,PET-SUMMON,records/creatures/enemies/boss&quest/witchgod_finalboss.dbr,,0,0,106,108,DERIVED-INHERITED,records/skills/nonplayerskills/attackprojectile/bonerat_witchgod_venomspines.dbr,base,Skill_AttackProjectileBurst,0,skillName-slot,MEASURED-RANK,Poison-INSTANT,,False,27,26,IN-RANGE,731.0,,28,760.0,,,,,,,,,,,60,60,MEASURED,"UNDECODABLE-FROM-SUBSTRATE — the .dbr carries Chance / Global / XOR / DurationModifier but no stack-count or same-source-replacement rule; the semantics live in the engine, not the record",records/skills/nonplayerskills/attackprojectile/bonerat_witchgod_venomspines.dbr :: offensiveSlowPoison-INSTANTMin/Max[26]
records/creatures/enemies/bonerat_witchgod_b01_summon.dbr,PET-SUMMON,records/creatures/enemies/boss&quest/witchgod_finalboss.dbr,,0,0,106,108,DERIVED-INHERITED,records/skills/nonplayerskills/buff/bonerat_witchgod_poisonaura_buff.dbr,base,SkillBuff_Passive,1,buffSkillName,DERIVED-INHERITED-RANK,Poison,{^E}Poison Damage,True,27,26,IN-RANGE,116.0,,28,122.0,,3.0,,38.6667,116.0,,,,,,60,60,MEASURED,"UNDECODABLE-FROM-SUBSTRATE — the .dbr carries Chance / Global / XOR / DurationModifier but no stack-count or same-source-replacement rule; the semantics live in the engine, not the record",records/skills/nonplayerskills/buff/bonerat_witchgod_poisonaura_buff.dbr :: offensiveSlowPoisonMin/Max[26]
records/creatures/enemies/bonerat_witchgod_b01_summon.dbr,PET-SUMMON,records/creatures/enemies/boss&quest/witchgod_finalboss.dbr,,0,0,106,108,DERIVED-INHERITED,records/skills/nonplayerskills/passive/passiveproperties_witchgod_bonerat_champion.dbr,base,Skill_Passive,0,skillName-slot,MEASURED-RANK,Poison-INSTANT,,False,27,26,IN-RANGE,177.0,,28,185.0,,,,,,,,,,,60,63,MEASURED,"UNDECODABLE-FROM-SUBSTRATE — the .dbr carries Chance / Global / XOR / DurationModifier but no stack-count or same-source-replacement rule; the semantics live in the engine, not the record",records/skills/nonplayerskills/passive/passiveproperties_witchgod_bonerat_champion.dbr :: offensiveSlowPoison-INSTANTMin/Max[26]
records/creatures/enemies/boss&quest/aetherialbloater_malmouthdocks_01.dbr,ROSTER,,157,2,0,106,108,MEASURED-SET,records/skills/nonplayerskillsgdx1/bossskills/avris_bloodorbnova.dbr,gdx1,Skill_AttackProjectileRing,0,skillName-slot,MEASURED-RANK,Bleeding,{^E}Bleeding Damage,True,27,26,IN-RANGE,578.0,,28,602.0,,3.0,,192.6667,578.0,,,,,,60,60,MEASURED,"UNDECODABLE-FROM-SUBSTRATE — the .dbr carries Chance / Global / XOR / DurationModifier but no stack-count or same-source-replacement rule; the semantics live in the engine, not the record",records/skills/nonplayerskillsgdx1/bossskills/avris_bloodorbnova.dbr :: offensiveSlowBleedingMin/Max[26]
records/creatures/enemies/boss&quest/aetherialbloater_malmouthdocks_01.dbr,ROSTER,,157,2,0,106,108,MEASURED-SET,records/skills/nonplayerskillsgdx1/path/aetherialbloater_violentbarf.dbr,gdx1,Skill_AttackProjectileBurst,0,skillName-slot,MEASURED-RANK,Poison,{^E}Poison Damage,True,27,26,IN-RANGE,183.0,,28,191.0,,5.0,,36.6,183.0,,,,,,60,60,MEASURED,"UNDECODABLE-FROM-SUBSTRATE — the .dbr carries Chance / Global / XOR / DurationModifier but no stack-count or same-source-replacement rule; the semantics live in the engine, not the record",records/skills/nonplayerskillsgdx1/path/aetherialbloater_violentbarf.dbr :: offensiveSlowPoisonMin/Max[26]
records/creatures/enemies/boss&quest/aetherialbloater_malmouthdocks_01.dbr,ROSTER,,157,2,0,106,108,MEASURED-SET,records/skills/nonplayerskillsgdx1/path/aetherialbloater_violentbarf.dbr,gdx1,Skill_AttackProjectileBurst,0,skillName-slot,MEASURED-RANK,Poison-INSTANT,,False,27,26,IN-RANGE,347.0,,28,360.0,,,,,,,,,,,60,60,MEASURED,"UNDECODABLE-FROM-SUBSTRATE — the .dbr carries Chance / Global / XOR / DurationModifier but no stack-count or same-source-replacement rule; the semantics live in the engine, not the record",records/skills/nonplayerskillsgdx1/path/aetherialbloater_violentbarf.dbr :: offensiveSlowPoison-INSTANTMin/Max[26]
records/creatures/enemies/boss&quest/aetherialbloater_malmouthdocks_01.dbr,ROSTER,,157,2,0,106,108,MEASURED-SET,records/skills/nonplayerskillsgdx2/bossskills/aetherialbloater_burningfever_buff.dbr,gdx2,SkillBuff_Debuf,1,buffSkillName,DERIVED-INHERITED-RANK,Bleeding,{^E}Bleeding Damage,True,27,26,IN-RANGE,294.0,,28,306.0,,1.0,,294.0,294.0,,,,,,60,60,MEASURED,"UNDECODABLE-FROM-SUBSTRATE — the .dbr carries Chance / Global / XOR / DurationModifier but no stack-count or same-source-replacement rule; the semantics live in the engine, not the record",records/skills/nonplayerskillsgdx2/bossskills/aetherialbloater_burningfever_buff.dbr :: offensiveSlowBleedingMin/Max[26]
records/creatures/enemies/boss&quest/aetherialbloater_malmouthdocks_01.dbr,ROSTER,,157,2,0,106,108,MEASURED-SET,records/skills/nonplayerskillsgdx2/bossskills/aetherialbloater_plaguepresence_buff.dbr,gdx2,SkillBuff_Debuf,1,buffSkillName,DERIVED-INHERITED-RANK,Poison,{^E}Poison Damage,True,27,26,IN-RANGE,225.0,,28,234.0,,2.0,,112.5,225.0,,,,,,60,60,MEASURED,"UNDECODABLE-FROM-SUBSTRATE — the .dbr carries Chance / Global / XOR / DurationModifier but no stack-count or same-source-replacement rule; the semantics live in the engine, not the record",records/skills/nonplayerskillsgdx2/bossskills/aetherialbloater_plaguepresence_buff.dbr :: offensiveSlowPoisonMin/Max[26]
records/creatures/enemies/boss&quest/aetherialbloater_malmouthdocks_01.dbr,ROSTER,,157,2,0,106,108,MEASURED-SET,records/skills/nonplayerskillsgdx2/bossskills/passives/aetherialbloater_malmouthdocks_passiveproperties_01.dbr,gdx2,Skill_Passive,0,skillName-slot,MEASURED-RANK,Bleeding,{^E}Bleeding Damage,True,27,26,IN-RANGE,246.0,,28,256.0,,2.0,,123.0,246.0,,,,,,60,63,MEASURED,"UNDECODABLE-FROM-SUBSTRATE — the .dbr carries Chance / Global / XOR / DurationModifier but no stack-count or same-source-replacement rule; the semantics live in the engine, not the record",records/skills/nonplayerskillsgdx2/bossskills/passives/aetherialbloater_malmouthdocks_passiveproperties_01.dbr :: offensiveSlowBleedingMin/Max[26]
records/creatures/enemies/boss&quest/aetherialcorruption_intro.dbr,ROSTER,,155,2,0,106,108,MEASURED-SET,records/skills/nonplayerskillsgdx1/bossskills/dralgar_aetherbursts.dbr,gdx1,Skill_AttackProjectileFan,0,skillName-slot,MEASURED-RANK,Fire,{^E}Burn Damage,True,27,26,IN-RANGE,100.0,,28,104.0,,2.0,,50.0,100.0,,,,,,60,60,MEASURED,"UNDECODABLE-FROM-SUBSTRATE — the .dbr carries Chance / Global / XOR / DurationModifier but no stack-count or same-source-replacement rule; the semantics live in the engine, not the record",records/skills/nonplayerskillsgdx1/bossskills/dralgar_aetherbursts.dbr :: offensiveSlowFireMin/Max[26]
records/creatures/enemies/boss&quest/aetherialcorruption_intro.dbr,ROSTER,,155,2,0,106,108,MEASURED-SET,records/skills/nonplayerskillsgdx1/bossskills/dralgar_aethernova.dbr,gdx1,Skill_AttackProjectileRing,0,skillName-slot,MEASURED-RANK,Fire,{^E}Burn Damage,True,27,26,IN-RANGE,100.0,,28,104.0,,2.0,,50.0,100.0,,,,,,60,60,MEASURED,"UNDECODABLE-FROM-SUBSTRATE — the .dbr carries Chance / Global / XOR / DurationModifier but no stack-count or same-source-replacement rule; the semantics live in the engine, not the record",records/skills/nonplayerskillsgdx1/bossskills/dralgar_aethernova.dbr :: offensiveSlowFireMin/Max[26]
records/creatures/enemies/boss&quest/aetherialcorruption_intro.dbr,ROSTER,,155,2,0,106,108,MEASURED-SET,records/skills/nonplayerskillsgdx1/bossskills/dralgar_aetherorbitalretaliation.dbr,gdx1,Skill_AttackProjectileOrbiting,0,skillName-slot,MEASURED-RANK,Fire,{^E}Burn Damage,True,27,26,IN-RANGE,218.0,,28,227.0,,2.0,,109.0,218.0,,,,,,60,60,MEASURED,"UNDECODABLE-FROM-SUBSTRATE — the .dbr carries Chance / Global / XOR / DurationModifier but no stack-count or same-source-replacement rule; the semantics live in the engine, not the record",records/skills/nonplayerskillsgdx1/bossskills/dralgar_aetherorbitalretaliation.dbr :: offensiveSlowFireMin/Max[26]
records/creatures/enemies/boss&quest/aetherialcorruption_intro.dbr,ROSTER,,155,2,0,106,108,MEASURED-SET,records/skills/nonplayerskillsgdx1/bossskills/dralgar_rotskin.dbr,gdx1,Skill_BuffAttackRadiusToggled,0,skillName-slot,MEASURED-RANK,Poison,{^E}Poison Damage,True,27,26,IN-RANGE,197.0,,28,205.0,,2.0,,98.5,197.0,,,,,,60,60,MEASURED,"UNDECODABLE-FROM-SUBSTRATE — the .dbr carries Chance / Global / XOR / DurationModifier but no stack-count or same-source-replacement rule; the semantics live in the engine, not the record",records/skills/nonplayerskillsgdx1/bossskills/dralgar_rotskin.dbr :: offensiveSlowPoisonMin/Max[26]
records/creatures/enemies/boss&quest/basilisk_witchritual.dbr,ROSTER,,156,2,0,106,108,MEASURED-SET,records/skills/nonplayerskillsgdx1/bossskills/passive/stonebasilisk_passiveproperties_01.dbr,gdx1,Skill_Passive,0,skillName-slot,MEASURED-RANK,Poison-INSTANT,,False,27,26,IN-RANGE,144.0,,28,150.0,,,,,,,,,,,60,63,MEASURED,"UNDECODABLE-FROM-SUBSTRATE — the .dbr carries Chance / Global / XOR / DurationModifier but no stack-count or same-source-replacement rule; the semantics live in the engine, not the record",records/skills/nonplayerskillsgdx1/bossskills/passive/stonebasilisk_passiveproperties_01.dbr :: offensiveSlowPoison-INSTANTMin/Max[26]
records/creatures/enemies/boss&quest/basilisk_witchritual.dbr,ROSTER,,156,2,0,106,108,MEASURED-SET,records/skills/nonplayerskillsgdx1/bossskills/stonebasilisk_acidbarf.dbr,gdx1,Skill_AttackWave,0,skillName-slot,MEASURED-RANK,Poison-INSTANT,,False,27,26,IN-RANGE,1262.0,,28,1315.0,,,,,,,,,,,60,60,MEASURED,"UNDECODABLE-FROM-SUBSTRATE — the .dbr carries Chance / Global / XOR / DurationModifier but no stack-count or same-source-replacement rule; the semantics live in the engine, not the record",records/skills/nonplayerskillsgdx1/bossskills/stonebasilisk_acidbarf.dbr :: offensiveSlowPoison-INSTANTMin/Max[26]
records/creatures/enemies/boss&quest/basilisk_witchritual.dbr,ROSTER,,156,2,0,106,108,MEASURED-SET,records/skills/nonplayerskillsgdx1/bossskills/stonebasilisk_acidprojectilenova.dbr,gdx1,Skill_AttackProjectileRing,0,skillName-slot,MEASURED-RANK,Poison,{^E}Poison Damage,True,27,26,IN-RANGE,607.0,,28,630.0,,5.0,,121.4,607.0,,,,,,60,60,MEASURED,"UNDECODABLE-FROM-SUBSTRATE — the .dbr carries Chance / Global / XOR / DurationModifier but no stack-count or same-source-replacement rule; the semantics live in the engine, not the record",records/skills/nonplayerskillsgdx1/bossskills/stonebasilisk_acidprojectilenova.dbr :: offensiveSlowPoisonMin/Max[26]
records/creatures/enemies/boss&quest/basilisk_witchritual.dbr,ROSTER,,156,2,0,106,108,MEASURED-SET,records/skills/nonplayerskillsgdx1/bossskills/stonebasilisk_acidprojectilenova.dbr,gdx1,Skill_AttackProjectileRing,0,skillName-slot,MEASURED-RANK,Poison-INSTANT,,False,27,26,IN-RANGE,1496.0,,28,1558.0,,,,,,,,,,,60,60,MEASURED,"UNDECODABLE-FROM-SUBSTRATE — the .dbr carries Chance / Global / XOR / DurationModifier but no stack-count or same-source-replacement rule; the semantics live in the engine, not the record",records/skills/nonplayerskillsgdx1/bossskills/stonebasilisk_acidprojectilenova.dbr :: offensiveSlowPoison-INSTANTMin/Max[26]
records/creatures/enemies/boss&quest/basilisk_witchritual.dbr,ROSTER,,156,2,0,106,108,MEASURED-SET,records/skills/nonplayerskillsgdx1/bossskills/stonebasilisk_homingspit.dbr,gdx1,Skill_AttackProjectile,0,skillName-slot,MEASURED-RANK,Poison-INSTANT,,False,27,26,IN-RANGE,1268.0,,28,1328.0,,,,,,,,,,,60,60,MEASURED,"UNDECODABLE-FROM-SUBSTRATE — the .dbr carries Chance / Global / XOR / DurationModifier but no stack-count or same-source-replacement rule; the semantics live in the engine, not the record",records/skills/nonplayerskillsgdx1/bossskills/stonebasilisk_homingspit.dbr :: offensiveSlowPoison-INSTANTMin/Max[26]
records/creatures/enemies/boss&quest/basilisk_witchritual.dbr,ROSTER,,156,2,0,106,108,MEASURED-SET,records/skills/nonplayerskillsgdx1/bossskills/stonebasilisk_poisoncloudsecondary.dbr,gdx1,Skill_AttackProjectileAreaEffect,0,skillName-slot,MEASURED-RANK,Poison,{^E}Poison Damage,True,27,26,IN-RANGE,1291.0,,28,1340.0,,2.0,,645.5,1291.0,,,,,,60,60,MEASURED,"UNDECODABLE-FROM-SUBSTRATE — the .dbr carries Chance / Global / XOR / DurationModifier but no stack-count or same-source-replacement rule; the semantics live in the engine, not the record",records/skills/nonplayerskillsgdx1/bossskills/stonebasilisk_poisoncloudsecondary.dbr :: offensiveSlowPoisonMin/Max[26]
records/creatures/enemies/boss&quest/basilisk_witchritual.dbr,ROSTER,,156,2,0,106,108,MEASURED-SET,records/skills/nonplayerskillsgdx1/bossskills/stonebasilisk_tailswipe.dbr,gdx1,Skill_AttackRadius,0,skillName-slot,MEASURED-RANK,Poison-INSTANT,,False,27,26,IN-RANGE,1487.0,,28,1547.0,,,,,,,,,,,60,60,MEASURED,"UNDECODABLE-FROM-SUBSTRATE — the .dbr carries Chance / Global / XOR / DurationModifier but no stack-count or same-source-replacement rule; the semantics live in the engine, not the record",records/skills/nonplayerskillsgdx1/bossskills/stonebasilisk_tailswipe.dbr :: offensiveSlowPoison-INSTANTMin/Max[26]
records/creatures/enemies/boss&quest/chthonianrylok_gabalthunn.dbr,ROSTER,,154,2,0,106,108,MEASURED-SET,records/skills/nonplayerskills/aoe/chthonicminion_chaosblast.dbr,base,Skill_AttackRadius,0,skillName-slot,MEASURED-RANK,Life,{^E}Vitality Decay Damage,True,27,26,IN-RANGE,317.0,,28,331.0,,2.0,,158.5,317.0,,,,,,60,60,MEASURED,"UNDECODABLE-FROM-SUBSTRATE — the .dbr carries Chance / Global / XOR / DurationModifier but no stack-count or same-source-replacement rule; the semantics live in the engine, not the record",records/skills/nonplayerskills/aoe/chthonicminion_chaosblast.dbr :: offensiveSlowLifeMin/Max[26]
records/creatures/enemies/boss&quest/chthonianrylok_gabalthunn.dbr,ROSTER,,154,2,0,106,108,MEASURED-SET,records/skills/nonplayerskillsgdx1/bossskills/gabbalthunn_wingclawimpale.dbr,gdx1,Skill_AttackWeapon,0,skillName-slot,MEASURED-RANK,Bleeding,{^E}Bleeding Damage,True,27,26,IN-RANGE,532.0,,28,554.0,,5.0,,106.4,532.0,,,,,,60,60,MEASURED,"UNDECODABLE-FROM-SUBSTRATE — the .dbr carries Chance / Global / XOR / DurationModifier but no stack-count or same-source-replacement rule; the semantics live in the engine, not the record",records/skills/nonplayerskillsgdx1/bossskills/gabbalthunn_wingclawimpale.dbr :: offensiveSlowBleedingMin/Max[26]
records/creatures/enemies/boss&quest/chthonianservitor_lunalvalgoth.dbr,ROSTER,,159,2,0,106,108,MEASURED-SET,records/skills/nonplayerskillsgdx1/bossskills/lunalvalgoth_bloodpool_secondary.dbr,gdx1,Skill_AttackProjectileAreaEffect,0,skillName-slot,MEASURED-RANK,Bleeding,{^E}Bleeding Damage,True,27,26,IN-RANGE,923.0,,28,974.0,,1.0,,923.0,923.0,,,,,,60,60,MEASURED,"UNDECODABLE-FROM-SUBSTRATE — the .dbr carries Chance / Global / XOR / DurationModifier but no stack-count or same-source-replacement rule; the semantics live in the engine, not the record",records/skills/nonplayerskillsgdx1/bossskills/lunalvalgoth_bloodpool_secondary.dbr :: offensiveSlowBleedingMin/Max[26]
records/creatures/enemies/boss&quest/chthonianservitor_lunalvalgoth.dbr,ROSTER,,159,2,0,106,108,MEASURED-SET,records/skills/nonplayerskillsgdx1/bossskills/lunalvalgoth_impale.dbr,gdx1,Skill_AttackWeapon,0,skillName-slot,MEASURED-RANK,Bleeding,{^E}Bleeding Damage,True,27,26,IN-RANGE,596.0,,28,618.0,,5.0,,119.2,596.0,,,,,,60,60,MEASURED,"UNDECODABLE-FROM-SUBSTRATE — the .dbr carries Chance / Global / XOR / DurationModifier but no stack-count or same-source-replacement rule; the semantics live in the engine, not the record",records/skills/nonplayerskillsgdx1/bossskills/lunalvalgoth_impale.dbr :: offensiveSlowBleedingMin/Max[26]
records/creatures/enemies/boss&quest/chthonianservitor_lunalvalgoth.dbr,ROSTER,,159,2,0,106,108,MEASURED-SET,records/skills/nonplayerskillsgdx1/bossskills/lunalvalgoth_spitburst.dbr,gdx1,Skill_AttackProjectile,0,skillName-slot,MEASURED-RANK,Bleeding,{^E}Bleeding Damage,True,27,26,IN-RANGE,599.0,,28,624.0,,3.0,,199.6667,599.0,,,,,,60,60,MEASURED,"UNDECODABLE-FROM-SUBSTRATE — the .dbr carries Chance / Global / XOR / DurationModifier but no stack-count or same-source-replacement rule; the semantics live in the engine, not the record",records/skills/nonplayerskillsgdx1/bossskills/lunalvalgoth_spitburst.dbr :: offensiveSlowBleedingMin/Max[26]
records/creatures/enemies/boss&quest/chthonianservitor_lunalvalgoth.dbr,ROSTER,,159,2,0,106,108,MEASURED-SET,records/skills/nonplayerskillsgdx1/bossskills/passive/lunalvalgoth_passiveproperties_01.dbr,gdx1,Skill_Passive,0,skillName-slot,MEASURED-RANK,Bleeding,{^E}Bleeding Damage,True,27,26,IN-RANGE,117.0,,28,122.0,,5.0,,23.4,117.0,,,,,,60,63,MEASURED,"UNDECODABLE-FROM-SUBSTRATE — the .dbr carries Chance / Global / XOR / DurationModifier but no stack-count or same-source-replacement rule; the semantics live in the engine, not the record",records/skills/nonplayerskillsgdx1/bossskills/passive/lunalvalgoth_passiveproperties_01.dbr :: offensiveSlowBleedingMin/Max[26]
records/creatures/enemies/boss&quest/cultist_cultleader_01.dbr,ROSTER,,154,2,0,106,108,MEASURED-SET,records/skills/nonplayerskills/bossskills/cultistleader_chaoswave.dbr,base,Skill_AttackWave,0,skillName-slot,MEASURED-RANK,Fire,{^E}Burn Damage,True,27,26,IN-RANGE,311.0,,28,323.0,,3.0,,103.6667,311.0,,,,,,60,60,MEASURED,"UNDECODABLE-FROM-SUBSTRATE — the .dbr carries Chance / Global / XOR / DurationModifier but no stack-count or same-source-replacement rule; the semantics live in the engine, not the record",records/skills/nonplayerskills/bossskills/cultistleader_chaoswave.dbr :: offensiveSlowFireMin/Max[26]
records/creatures/enemies/boss&quest/eldritcharmor_dreegmindreaper_01.dbr,ROSTER,,155,2,0,106,108,MEASURED-SET,records/skills/nonplayerskillsgdx2/bossskills/mindreaper_01_confusion_attackradius.dbr,gdx2,Skill_AttackRadius,0,skillName-slot,MEASURED-RANK,Physical,{^E}Internal Trauma,True,27,26,IN-RANGE,566.0,,28,591.0,,3.0,,188.6667,566.0,,,,,,60,60,MEASURED,"UNDECODABLE-FROM-SUBSTRATE — the .dbr carries Chance / Global / XOR / DurationModifier but no stack-count or same-source-replacement rule; the semantics live in the engine, not the record",records/skills/nonplayerskillsgdx2/bossskills/mindreaper_01_confusion_attackradius.dbr :: offensiveSlowPhysicalMin/Max[26]
records/creatures/enemies/boss&quest/eldritcharmor_dreegmindreaper_01.dbr,ROSTER,,155,2,0,106,108,MEASURED-SET,records/skills/nonplayerskillsgdx2/bossskills/mindreaper_01_stunningleap.dbr,gdx2,Skill_AttackRadiusLeap,0,skillName-slot,MEASURED-RANK,Physical,{^E}Internal Trauma,True,27,26,IN-RANGE,554.0,,28,579.0,,3.0,,184.6667,554.0,,,,,,60,60,MEASURED,"UNDECODABLE-FROM-SUBSTRATE — the .dbr carries Chance / Global / XOR / DurationModifier but no stack-count or same-source-replacement rule; the semantics live in the engine, not the record",records/skills/nonplayerskillsgdx2/bossskills/mindreaper_01_stunningleap.dbr :: offensiveSlowPhysicalMin/Max[26]
records/creatures/enemies/boss&quest/eldritcharmor_dreegmindreaper_01.dbr,ROSTER,,155,2,0,106,108,MEASURED-SET,records/skills/nonplayerskillsgdx2/bossskills/mindreaper_02_selfimolation.dbr,gdx2,Skill_AttackRadius,0,skillName-slot,MEASURED-RANK,Fire,{^E}Burn Damage,True,27,26,IN-RANGE,1106.0,,28,1151.0,,3.0,,368.6667,1106.0,,,,,,60,60,MEASURED,"UNDECODABLE-FROM-SUBSTRATE — the .dbr carries Chance / Global / XOR / DurationModifier but no stack-count or same-source-replacement rule; the semantics live in the engine, not the record",records/skills/nonplayerskillsgdx2/bossskills/mindreaper_02_selfimolation.dbr :: offensiveSlowFireMin/Max[26]
records/creatures/enemies/boss&quest/human_chthonickurn_shaman_01.dbr,ROSTER,,156,1,0,106,108,MEASURED-SET,records/skills/nonplayerskillsgdx3/bossskills/yurra_werewolf_claws.dbr,gdx3,Skill_AttackWave,0,skillName-slot,MEASURED-RANK,Bleeding,{^E}Bleeding Damage,True,27,26,IN-RANGE,717.0,,28,746.0,,3.0,,239.0,717.0,,,,,,60,60,MEASURED,"UNDECODABLE-FROM-SUBSTRATE — the .dbr carries Chance / Global / XOR / DurationModifier but no stack-count or same-source-replacement rule; the semantics live in the engine, not the record",records/skills/nonplayerskillsgdx3/bossskills/yurra_werewolf_claws.dbr :: offensiveSlowBleedingMin/Max[26]
records/creatures/enemies/boss&quest/human_chthonickurn_shaman_01.dbr,ROSTER,,156,1,0,106,108,MEASURED-SET,records/skills/nonplayerskillsgdx3/bossskills/yurra_werewolf_leap.dbr,gdx3,Skill_AttackRadiusLeap,0,skillName-slot,MEASURED-RANK,Bleeding,{^E}Bleeding Damage,True,27,26,IN-RANGE,446.0,,28,464.0,,3.0,,148.6667,446.0,,,,,,60,60,MEASURED,"UNDECODABLE-FROM-SUBSTRATE — the .dbr carries Chance / Global / XOR / DurationModifier but no stack-count or same-source-replacement rule; the semantics live in the engine, not the record",records/skills/nonplayerskillsgdx3/bossskills/yurra_werewolf_leap.dbr :: offensiveSlowBleedingMin/Max[26]
records/creatures/enemies/boss&quest/humanwendigo_darkwood_01.dbr,ROSTER,,159,2,0,106,108,MEASURED-SET,records/skills/nonplayerskillsgdx1/bossskills/avris_bloodlink_buff.dbr,gdx1,SkillBuff_Debuf,1,buffSkillName,DERIVED-INHERITED-RANK,Bleeding,{^E}Bleeding Damage,True,27,26,IN-RANGE,217.0,,28,226.0,,1.0,,217.0,217.0,,,,,,60,60,MEASURED,"UNDECODABLE-FROM-SUBSTRATE — the .dbr carries Chance / Global / XOR / DurationModifier but no stack-count or same-source-replacement rule; the semantics live in the engine, not the record",records/skills/nonplayerskillsgdx1/bossskills/avris_bloodlink_buff.dbr :: offensiveSlowBleedingMin/Max[26]
records/creatures/enemies/boss&quest/humanwendigo_darkwood_01.dbr,ROSTER,,159,2,0,106,108,MEASURED-SET,records/skills/nonplayerskillsgdx1/bossskills/avris_bloodlink_tethermod.dbr,gdx1,SkillSecondary_Tether,0,skillName-slot,MEASURED-RANK,Bleeding,{^E}Bleeding Damage,True,27,26,IN-RANGE,578.0,,28,601.0,,1.0,,578.0,578.0,,,,,,60,60,MEASURED,"UNDECODABLE-FROM-SUBSTRATE — the .dbr carries Chance / Global / XOR / DurationModifier but no stack-count or same-source-replacement rule; the semantics live in the engine, not the record",records/skills/nonplayerskillsgdx1/bossskills/avris_bloodlink_tethermod.dbr :: offensiveSlowBleedingMin/Max[26]
records/creatures/enemies/boss&quest/humanwendigo_darkwood_01.dbr,ROSTER,,159,2,0,106,108,MEASURED-SET,records/skills/nonplayerskillsgdx1/bossskills/avris_bloodorbburst.dbr,gdx1,Skill_AttackProjectileFan,0,skillName-slot,MEASURED-RANK,Bleeding,{^E}Bleeding Damage,True,27,26,IN-RANGE,641.0,,28,670.0,,3.0,,213.6667,641.0,,,,,,60,60,MEASURED,"UNDECODABLE-FROM-SUBSTRATE — the .dbr carries Chance / Global / XOR / DurationModifier but no stack-count or same-source-replacement rule; the semantics live in the engine, not the record",records/skills/nonplayerskillsgdx1/bossskills/avris_bloodorbburst.dbr :: offensiveSlowBleedingMin/Max[26]
records/creatures/enemies/boss&quest/humanwendigo_darkwood_01.dbr,ROSTER,,159,2,0,106,108,MEASURED-SET,records/skills/nonplayerskillsgdx1/bossskills/avris_bloodorbnova.dbr,gdx1,Skill_AttackProjectileRing,0,skillName-slot,MEASURED-RANK,Bleeding,{^E}Bleeding Damage,True,27,26,IN-RANGE,578.0,,28,602.0,,3.0,,192.6667,578.0,,,,,,60,60,MEASURED,"UNDECODABLE-FROM-SUBSTRATE — the .dbr carries Chance / Global / XOR / DurationModifier but no stack-count or same-source-replacement rule; the semantics live in the engine, not the record",records/skills/nonplayerskillsgdx1/bossskills/avris_bloodorbnova.dbr :: offensiveSlowBleedingMin/Max[26]
records/creatures/enemies/boss&quest/humanwendigo_darkwood_01.dbr,ROSTER,,159,2,0,106,108,MEASURED-SET,records/skills/nonplayerskillsgdx1/bossskills/avris_reapspirit.dbr,gdx1,Skill_AttackSpellChaosSpawnPet,0,skillName-slot,MEASURED-RANK,Life,{^E}Vitality Decay Damage,True,27,26,IN-RANGE,498.0,,28,524.0,,5.0,,99.6,498.0,,,,,,60,60,MEASURED,"UNDECODABLE-FROM-SUBSTRATE — the .dbr carries Chance / Global / XOR / DurationModifier but no stack-count or same-source-replacement rule; the semantics live in the engine, not the record",records/skills/nonplayerskillsgdx1/bossskills/avris_reapspirit.dbr :: offensiveSlowLifeMin/Max[26]
records/creatures/enemies/boss&quest/korvaakmessenger_02b.dbr,ROSTER,,159,1,0,106,108,MEASURED-SET,records/skills/nonplayerskillsgdx2/bossskills/messenger_02_cleavefire.dbr,gdx2,Skill_AttackWave,0,skillName-slot,MEASURED-RANK,Fire,{^E}Burn Damage,True,27,26,IN-RANGE,658.0,,28,682.0,,4.0,,164.5,658.0,,,,,,60,60,MEASURED,"UNDECODABLE-FROM-SUBSTRATE — the .dbr carries Chance / Global / XOR / DurationModifier but no stack-count or same-source-replacement rule; the semantics live in the engine, not the record",records/skills/nonplayerskillsgdx2/bossskills/messenger_02_cleavefire.dbr :: offensiveSlowFireMin/Max[26]
records/creatures/enemies/boss&quest/korvaakmessenger_02b.dbr,ROSTER,,159,1,0,106,108,MEASURED-SET,records/skills/nonplayerskillsgdx2/bossskills/messenger_02_magmageyser.dbr,gdx2,Skill_CharonGeysers,0,skillName-slot,MEASURED-RANK,Fire,{^E}Burn Damage,True,27,26,IN-RANGE,667.0,,28,694.0,,3.0,,222.3333,667.0,,,,,,60,60,MEASURED,"UNDECODABLE-FROM-SUBSTRATE — the .dbr carries Chance / Global / XOR / DurationModifier but no stack-count or same-source-replacement rule; the semantics live in the engine, not the record",records/skills/nonplayerskillsgdx2/bossskills/messenger_02_magmageyser.dbr :: offensiveSlowFireMin/Max[26]
records/creatures/enemies/boss&quest/skeletalgolem_stepsoftorment_01.dbr,ROSTER,,159,2,0,106,108,MEASURED-SET,records/skills/nonplayerskills/bossskills/ilgorr_doublestrike.dbr,base,Skill_AttackWave,0,skillName-slot,MEASURED-RANK,Life,{^E}Vitality Decay Damage,True,27,26,IN-RANGE,378.0,,28,392.0,,5.0,,75.6,378.0,,,,,,60,60,MEASURED,"UNDECODABLE-FROM-SUBSTRATE — the .dbr carries Chance / Global / XOR / DurationModifier but no stack-count or same-source-replacement rule; the semantics live in the engine, not the record",records/skills/nonplayerskills/bossskills/ilgorr_doublestrike.dbr :: offensiveSlowLifeMin/Max[26]
records/creatures/enemies/boss&quest/statue_korvaaktombguardian.dbr,ROSTER,,160,2,0,106,108,MEASURED-SET,records/skills/nonplayerskillsgdx2/bossskills/tombguardian_celestialbreath.dbr,gdx2,Skill_AttackWave,0,skillName-slot,MEASURED-RANK,Lightning,{^E}Electrocute Damage,True,27,26,IN-RANGE,550.0,,28,572.0,,5.0,,110.0,550.0,,,,,,60,60,MEASURED,"UNDECODABLE-FROM-SUBSTRATE — the .dbr carries Chance / Global / XOR / DurationModifier but no stack-count or same-source-replacement rule; the semantics live in the engine, not the record",records/skills/nonplayerskillsgdx2/bossskills/tombguardian_celestialbreath.dbr :: offensiveSlowLightningMin/Max[26]
records/creatures/enemies/boss&quest/statue_korvaaktombguardian.dbr,ROSTER,,160,2,0,106,108,MEASURED-SET,records/skills/nonplayerskillsgdx2/bossskills/tombguardian_celestialteleport.dbr,gdx2,Skill_AttackRadiusTeleport,0,skillName-slot,MEASURED-RANK,Poison,{^E}Poison Damage,True,27,26,IN-RANGE,316.0,,28,329.0,,2.0,,158.0,316.0,,,,,,60,60,MEASURED,"UNDECODABLE-FROM-SUBSTRATE — the .dbr carries Chance / Global / XOR / DurationModifier but no stack-count or same-source-replacement rule; the semantics live in the engine, not the record",records/skills/nonplayerskillsgdx2/bossskills/tombguardian_celestialteleport.dbr :: offensiveSlowPoisonMin/Max[26]
records/creatures/enemies/boss&quest/statue_korvaaktombguardian.dbr,ROSTER,,160,2,0,106,108,MEASURED-SET,records/skills/nonplayerskillsgdx2/bossskills/tombguardian_celestialteleport.dbr,gdx2,Skill_AttackRadiusTeleport,0,skillName-slot,MEASURED-RANK,Poison-INSTANT,,False,27,26,IN-RANGE,932.0,,28,968.0,,,,,,,,,,,60,60,MEASURED,"UNDECODABLE-FROM-SUBSTRATE — the .dbr carries Chance / Global / XOR / DurationModifier but no stack-count or same-source-replacement rule; the semantics live in the engine, not the record",records/skills/nonplayerskillsgdx2/bossskills/tombguardian_celestialteleport.dbr :: offensiveSlowPoison-INSTANTMin/Max[26]
records/creatures/enemies/boss&quest/statue_korvaaktombguardian.dbr,ROSTER,,160,2,0,106,108,MEASURED-SET,records/skills/nonplayerskillsgdx2/bossskills/tombguardian_massiveswipe.dbr,gdx2,Skill_WeaponPool_ChargedFinale,0,skillName-slot,MEASURED-RANK,Cold,{^E}Frostburn Damage,True,27,26,IN-RANGE,559.0,,28,582.0,,5.0,,111.8,559.0,,,,,,60,60,MEASURED,"UNDECODABLE-FROM-SUBSTRATE — the .dbr carries Chance / Global / XOR / DurationModifier but no stack-count or same-source-replacement rule; the semantics live in the engine, not the record",records/skills/nonplayerskillsgdx2/bossskills/tombguardian_massiveswipe.dbr :: offensiveSlowColdMin/Max[26]
records/creatures/enemies/boss&quest/statue_korvaaktombguardian.dbr,ROSTER,,160,2,0,106,108,MEASURED-SET,records/skills/nonplayerskillsgdx2/bossskills/tombguardian_megapunch.dbr,gdx2,Skill_AttackWeapon,0,skillName-slot,MEASURED-RANK,Poison-INSTANT,,False,27,26,IN-RANGE,609.0,,28,642.0,,,,,,,,,,,60,60,MEASURED,"UNDECODABLE-FROM-SUBSTRATE — the .dbr carries Chance / Global / XOR / DurationModifier but no stack-count or same-source-replacement rule; the semantics live in the engine, not the record",records/skills/nonplayerskillsgdx2/bossskills/tombguardian_megapunch.dbr :: offensiveSlowPoison-INSTANTMin/Max[26]
records/creatures/enemies/boss&quest/statue_korvaaktombguardian.dbr,ROSTER,,160,2,0,106,108,MEASURED-SET,records/skills/nonplayerskillsgdx2/bossskills/tombguardian_shatteringstomp.dbr,gdx2,Skill_AttackRadius,0,skillName-slot,MEASURED-RANK,Poison,{^E}Poison Damage,True,27,26,IN-RANGE,353.0,,28,367.0,,8.0,,44.125,353.0,,,,,,60,60,MEASURED,"UNDECODABLE-FROM-SUBSTRATE — the .dbr carries Chance / Global / XOR / DurationModifier but no stack-count or same-source-replacement rule; the semantics live in the engine, not the record",records/skills/nonplayerskillsgdx2/bossskills/tombguardian_shatteringstomp.dbr :: offensiveSlowPoisonMin/Max[26]
records/creatures/enemies/boss&quest/statue_korvaaktombguardian.dbr,ROSTER,,160,2,0,106,108,MEASURED-SET,records/skills/nonplayerskillsgdx2/bossskills/tombguardian_shatteringstomp.dbr,gdx2,Skill_AttackRadius,0,skillName-slot,MEASURED-RANK,Poison-INSTANT,,False,27,26,IN-RANGE,762.0,,28,796.0,,,,,,,,,,,60,60,MEASURED,"UNDECODABLE-FROM-SUBSTRATE — the .dbr carries Chance / Global / XOR / DurationModifier but no stack-count or same-source-replacement rule; the semantics live in the engine, not the record",records/skills/nonplayerskillsgdx2/bossskills/tombguardian_shatteringstomp.dbr :: offensiveSlowPoison-INSTANTMin/Max[26]
records/creatures/enemies/boss&quest/swampcrab_ugdenbog_01.dbr,ROSTER,,152,2,0,106,108,MEASURED-SET,records/skills/nonplayerskillsgdx1/bossskills/carraxus_acidpoolsecondary.dbr,gdx1,Skill_AttackProjectileAreaEffect,0,skillName-slot,MEASURED-RANK,Poison-INSTANT,,False,27,26,IN-RANGE,835.0,,28,884.0,,,,,,,,,,,60,60,MEASURED,"UNDECODABLE-FROM-SUBSTRATE — the .dbr carries Chance / Global / XOR / DurationModifier but no stack-count or same-source-replacement rule; the semantics live in the engine, not the record",records/skills/nonplayerskillsgdx1/bossskills/carraxus_acidpoolsecondary.dbr :: offensiveSlowPoison-INSTANTMin/Max[26]
records/creatures/enemies/boss&quest/swampcrab_ugdenbog_01.dbr,ROSTER,,152,2,0,106,108,MEASURED-SET,records/skills/nonplayerskillsgdx1/bossskills/carraxus_groundspinessecondary.dbr,gdx1,Skill_AttackProjectile,0,skillName-slot,MEASURED-RANK,Poison-INSTANT,,False,27,26,IN-RANGE,623.0,,28,649.0,,,,,,,,,,,60,60,MEASURED,"UNDECODABLE-FROM-SUBSTRATE — the .dbr carries Chance / Global / XOR / DurationModifier but no stack-count or same-source-replacement rule; the semantics live in the engine, not the record",records/skills/nonplayerskillsgdx1/bossskills/carraxus_groundspinessecondary.dbr :: offensiveSlowPoison-INSTANTMin/Max[26]
records/creatures/enemies/boss&quest/swampcrab_ugdenbog_01.dbr,ROSTER,,152,2,0,106,108,MEASURED-SET,records/skills/nonplayerskillsgdx1/bossskills/carraxus_poisonbreath.dbr,gdx1,Skill_AttackWave,0,skillName-slot,MEASURED-RANK,Poison,{^E}Poison Damage,True,27,26,IN-RANGE,647.0,,28,673.0,,3.0,,215.6667,647.0,,,,,,60,60,MEASURED,"UNDECODABLE-FROM-SUBSTRATE — the .dbr carries Chance / Global / XOR / DurationModifier but no stack-count or same-source-replacement rule; the semantics live in the engine, not the record",records/skills/nonplayerskillsgdx1/bossskills/carraxus_poisonbreath.dbr :: offensiveSlowPoisonMin/Max[26]
records/creatures/enemies/boss&quest/swampcrab_ugdenbog_01.dbr,ROSTER,,152,2,0,106,108,MEASURED-SET,records/skills/nonplayerskillsgdx1/bossskills/carraxus_poisonbreath.dbr,gdx1,Skill_AttackWave,0,skillName-slot,MEASURED-RANK,Poison-INSTANT,,False,27,26,IN-RANGE,1402.0,,28,1466.0,,,,,,,,,,,60,60,MEASURED,"UNDECODABLE-FROM-SUBSTRATE — the .dbr carries Chance / Global / XOR / DurationModifier but no stack-count or same-source-replacement rule; the semantics live in the engine, not the record",records/skills/nonplayerskillsgdx1/bossskills/carraxus_poisonbreath.dbr :: offensiveSlowPoison-INSTANTMin/Max[26]
records/creatures/enemies/boss&quest/swampcrab_ugdenbog_01.dbr,ROSTER,,152,2,0,106,108,MEASURED-SET,records/skills/nonplayerskillsgdx1/bossskills/carraxus_poisonprojectilenova.dbr,gdx1,Skill_AttackProjectileRing,0,skillName-slot,MEASURED-RANK,Poison-INSTANT,,False,27,26,IN-RANGE,1495.0,,28,1554.0,,,,,,,,,,,60,60,MEASURED,"UNDECODABLE-FROM-SUBSTRATE — the .dbr carries Chance / Global / XOR / DurationModifier but no stack-count or same-source-replacement rule; the semantics live in the engine, not the record",records/skills/nonplayerskillsgdx1/bossskills/carraxus_poisonprojectilenova.dbr :: offensiveSlowPoison-INSTANTMin/Max[26]
records/creatures/enemies/boss&quest/swampcrab_ugdenbog_01.dbr,ROSTER,,152,2,0,106,108,MEASURED-SET,records/skills/nonplayerskillsgdx1/bossskills/carraxus_triplespit.dbr,gdx1,Skill_AttackProjectile,0,skillName-slot,MEASURED-RANK,Poison-INSTANT,,False,27,26,IN-RANGE,1331.0,,28,1390.0,,,,,,,,,,,60,60,MEASURED,"UNDECODABLE-FROM-SUBSTRATE — the .dbr carries Chance / Global / XOR / DurationModifier but no stack-count or same-source-replacement rule; the semantics live in the engine, not the record",records/skills/nonplayerskillsgdx1/bossskills/carraxus_triplespit.dbr :: offensiveSlowPoison-INSTANTMin/Max[26]
records/creatures/enemies/boss&quest/swampcrab_ugdenbog_01.dbr,ROSTER,,152,2,0,106,108,MEASURED-SET,records/skills/nonplayerskillsgdx1/bossskills/passive/carraxusfoul_passiveproperties_01.dbr,gdx1,Skill_Passive,0,skillName-slot,MEASURED-RANK,Poison,{^E}Poison Damage,True,27,26,IN-RANGE,175.0,,28,183.0,,3.0,,58.3333,175.0,,,,,,60,63,MEASURED,"UNDECODABLE-FROM-SUBSTRATE — the .dbr carries Chance / Global / XOR / DurationModifier but no stack-count or same-source-replacement rule; the semantics live in the engine, not the record",records/skills/nonplayerskillsgdx1/bossskills/passive/carraxusfoul_passiveproperties_01.dbr :: offensiveSlowPoisonMin/Max[26]
records/creatures/enemies/boss&quest/witch_janaxia.dbr,ROSTER,,156,2,0,106,108,MEASURED-SET,records/skills/nonplayerskillsgdx1/bossskills/witch_goregeyser.dbr,gdx1,Skill_AttackProjectileAreaEffect,0,skillName-slot,MEASURED-RANK,Bleeding,{^E}Bleeding Damage,True,27,26,IN-RANGE,601.0,,28,625.0,,1.0,,601.0,601.0,,,,,,60,60,MEASURED,"UNDECODABLE-FROM-SUBSTRATE — the .dbr carries Chance / Global / XOR / DurationModifier but no stack-count or same-source-replacement rule; the semantics live in the engine, not the record",records/skills/nonplayerskillsgdx1/bossskills/witch_goregeyser.dbr :: offensiveSlowBleedingMin/Max[26]
records/creatures/enemies/boss&quest/witchgod_finalboss.dbr,ROSTER,,159,2,0,106,108,MEASURED-SET,records/skills/nonplayerskills/bossskills/witchgodguardian_sentinel_deatheldritchblast.dbr,base,Skill_AttackRadius,0,skillName-slot,MEASURED-RANK,Poison-INSTANT,,False,27,26,IN-RANGE,288.0,,28,299.0,,,,,,,,,,,60,60,MEASURED,"UNDECODABLE-FROM-SUBSTRATE — the .dbr carries Chance / Global / XOR / DurationModifier but no stack-count or same-source-replacement rule; the semantics live in the engine, not the record",records/skills/nonplayerskills/bossskills/witchgodguardian_sentinel_deatheldritchblast.dbr :: offensiveSlowPoison-INSTANTMin/Max[26]
records/creatures/enemies/boss&quest/witchgod_finalboss.dbr,ROSTER,,159,2,0,106,108,MEASURED-SET,records/skills/nonplayerskills/bossskills/witchgodguardian_sentinel_eldritchblast.dbr,base,Skill_AttackRadius,0,skillName-slot,MEASURED-RANK,Poison,{^E}Poison Damage,True,27,26,IN-RANGE,890.0,,28,924.0,,5.0,,178.0,890.0,,,,,,60,60,MEASURED,"UNDECODABLE-FROM-SUBSTRATE — the .dbr carries Chance / Global / XOR / DurationModifier but no stack-count or same-source-replacement rule; the semantics live in the engine, not the record",records/skills/nonplayerskills/bossskills/witchgodguardian_sentinel_eldritchblast.dbr :: offensiveSlowPoisonMin/Max[26]
records/creatures/enemies/boss&quest/witchgod_finalboss.dbr,ROSTER,,159,2,0,106,108,MEASURED-SET,records/skills/nonplayerskills/bossskills/witchgodguardian_sentinel_eldritchblast.dbr,base,Skill_AttackRadius,0,skillName-slot,MEASURED-RANK,Poison-INSTANT,,False,27,26,IN-RANGE,1975.0,,28,2049.0,,,,,,,,,,,60,60,MEASURED,"UNDECODABLE-FROM-SUBSTRATE — the .dbr carries Chance / Global / XOR / DurationModifier but no stack-count or same-source-replacement rule; the semantics live in the engine, not the record",records/skills/nonplayerskills/bossskills/witchgodguardian_sentinel_eldritchblast.dbr :: offensiveSlowPoison-INSTANTMin/Max[26]
records/creatures/enemies/boss&quest/witchgod_finalboss.dbr,ROSTER,,159,2,0,106,108,MEASURED-SET,records/skills/nonplayerskills/bossskills/witchgodguardian_sentinel_eldritchbreath.dbr,base,Skill_AttackWave,0,skillName-slot,MEASURED-RANK,Poison-INSTANT,,False,27,26,IN-RANGE,844.0,,28,877.0,,,,,,,,,,,60,60,MEASURED,"UNDECODABLE-FROM-SUBSTRATE — the .dbr carries Chance / Global / XOR / DurationModifier but no stack-count or same-source-replacement rule; the semantics live in the engine, not the record",records/skills/nonplayerskills/bossskills/witchgodguardian_sentinel_eldritchbreath.dbr :: offensiveSlowPoison-INSTANTMin/Max[26]
records/creatures/enemies/boss&quest/witchgod_finalboss.dbr,ROSTER,,159,2,0,106,108,MEASURED-SET,records/skills/nonplayerskills/bossskills/witchgodguardian_sentinel_eldritchrain.dbr,base,Skill_BuffAttackRadiusDrop,0,skillName-slot,MEASURED-RANK,Poison-INSTANT,,False,27,26,IN-RANGE,1083.0,1228.0,28,1124.0,1274.0,,,,,,,,,,60,60,MEASURED,"UNDECODABLE-FROM-SUBSTRATE — the .dbr carries Chance / Global / XOR / DurationModifier but no stack-count or same-source-replacement rule; the semantics live in the engine, not the record",records/skills/nonplayerskills/bossskills/witchgodguardian_sentinel_eldritchrain.dbr :: offensiveSlowPoison-INSTANTMin/Max[26]
records/creatures/enemies/bounties/cu_bounty04.dbr,ROSTER,,153,1,1,107,108,MEASURED-SET,records/skills/nonplayerskills/aoe/poisoncloud_zombie.dbr,base,Skill_AttackProjectileAreaEffect,1,autoCastSkill,DERIVED-INHERITED-RANK,Poison,{^E}Poison Damage,True,27,26,IN-RANGE,1263.0,,28,1317.0,,2.0,,631.5,1263.0,,,,,,60,60,MEASURED,"UNDECODABLE-FROM-SUBSTRATE — the .dbr carries Chance / Global / XOR / DurationModifier but no stack-count or same-source-replacement rule; the semantics live in the engine, not the record",records/skills/nonplayerskills/aoe/poisoncloud_zombie.dbr :: offensiveSlowPoisonMin/Max[26]
records/creatures/enemies/bounties/cu_bounty04.dbr,ROSTER,,153,1,1,107,108,MEASURED-SET,records/skills/nonplayerskills/bossskills/ghoul_plagius_venomplague_buff.dbr,base,SkillBuff_Contageous,1,buffSkillName,DERIVED-INHERITED-RANK,Poison,{^E}Poison Damage,True,27,26,IN-RANGE,293.0,,28,306.0,,1.0,,293.0,293.0,,,,,,60,60,MEASURED,"UNDECODABLE-FROM-SUBSTRATE — the .dbr carries Chance / Global / XOR / DurationModifier but no stack-count or same-source-replacement rule; the semantics live in the engine, not the record",records/skills/nonplayerskills/bossskills/ghoul_plagius_venomplague_buff.dbr :: offensiveSlowPoisonMin/Max[26]
records/creatures/enemies/bounties/cu_bounty04.dbr,ROSTER,,153,1,1,107,108,MEASURED-SET,records/skills/nonplayerskills/heroskills/gastris_poisonfumes.dbr,base,Skill_AttackProjectileAreaEffect,0,skillName-slot,MEASURED-RANK,Poison,{^E}Poison Damage,True,27,26,IN-RANGE,786.0,,28,819.0,,2.0,,393.0,786.0,,,,,,60,60,MEASURED,"UNDECODABLE-FROM-SUBSTRATE — the .dbr carries Chance / Global / XOR / DurationModifier but no stack-count or same-source-replacement rule; the semantics live in the engine, not the record",records/skills/nonplayerskills/heroskills/gastris_poisonfumes.dbr :: offensiveSlowPoisonMin/Max[26]
records/creatures/enemies/bounties/cu_bounty04.dbr,ROSTER,,153,1,1,107,108,MEASURED-SET,records/skills/nonplayerskillsgdx1/attackmelee/aetherialbloater_bite.dbr,gdx1,Skill_WeaponPool_ChargedFinale,0,skillName-slot,MEASURED-RANK,Poison,{^E}Poison Damage,True,27,26,IN-RANGE,73.0,,28,76.0,,8.0,,9.125,73.0,,,,,,60,60,MEASURED,"UNDECODABLE-FROM-SUBSTRATE — the .dbr carries Chance / Global / XOR / DurationModifier but no stack-count or same-source-replacement rule; the semantics live in the engine, not the record",records/skills/nonplayerskillsgdx1/attackmelee/aetherialbloater_bite.dbr :: offensiveSlowPoisonMin/Max[26]
records/creatures/enemies/bounties/cu_bounty04.dbr,ROSTER,,153,1,1,107,108,MEASURED-SET,records/skills/nonplayerskillsgdx1/attackmelee/aetherialbloater_bite.dbr,gdx1,Skill_WeaponPool_ChargedFinale,0,skillName-slot,MEASURED-RANK,Poison-INSTANT,,False,27,26,IN-RANGE,1134.0,,28,1182.0,,,,,,,,,,,60,60,MEASURED,"UNDECODABLE-FROM-SUBSTRATE — the .dbr carries Chance / Global / XOR / DurationModifier but no stack-count or same-source-replacement rule; the semantics live in the engine, not the record",records/skills/nonplayerskillsgdx1/attackmelee/aetherialbloater_bite.dbr :: offensiveSlowPoison-INSTANTMin/Max[26]
records/creatures/enemies/bounties/cu_bounty04.dbr,ROSTER,,153,1,1,107,108,MEASURED-SET,records/skills/nonplayerskillsgdx1/buffoffensive/aetherialbloater_chokingpresence_buff.dbr,sm1,SkillBuff_Debuf,1,buffSkillName,DERIVED-INHERITED-RANK,Poison,{^E}Poison Damage,True,27,26,IN-RANGE,113.0,,28,118.0,,2.0,,56.5,113.0,,,,,,60,60,MEASURED,"UNDECODABLE-FROM-SUBSTRATE — the .dbr carries Chance / Global / XOR / DurationModifier but no stack-count or same-source-replacement rule; the semantics live in the engine, not the record",records/skills/nonplayerskillsgdx1/buffoffensive/aetherialbloater_chokingpresence_buff.dbr :: offensiveSlowPoisonMin/Max[26]
records/creatures/enemies/bounties/cu_bounty04.dbr,ROSTER,,153,1,1,107,108,MEASURED-SET,records/skills/nonplayerskillsgdx1/passive/passiveproperties_aetherialbloater.dbr,gdx1,Skill_Passive,0,skillName-slot,MEASURED-RANK,Poison,{^E}Poison Damage,True,27,26,IN-RANGE,135.0,,28,141.0,,5.0,,27.0,135.0,,,,10.0,33.0,60,63,MEASURED,"UNDECODABLE-FROM-SUBSTRATE — the .dbr carries Chance / Global / XOR / DurationModifier but no stack-count or same-source-replacement rule; the semantics live in the engine, not the record",records/skills/nonplayerskillsgdx1/passive/passiveproperties_aetherialbloater.dbr :: offensiveSlowPoisonMin/Max[26]
records/creatures/enemies/bounties/cu_bounty04.dbr,ROSTER,,153,1,1,107,108,MEASURED-SET,records/skills/nonplayerskillsgdx1/path/aetherialbloater_barf.dbr,gdx1,Skill_AttackWave,0,skillName-slot,MEASURED-RANK,Poison,{^E}Poison Damage,True,27,26,IN-RANGE,98.0,,28,102.0,,12.0,,8.1667,98.0,,,,,,60,60,MEASURED,"UNDECODABLE-FROM-SUBSTRATE — the .dbr carries Chance / Global / XOR / DurationModifier but no stack-count or same-source-replacement rule; the semantics live in the engine, not the record",records/skills/nonplayerskillsgdx1/path/aetherialbloater_barf.dbr :: offensiveSlowPoisonMin/Max[26]
records/creatures/enemies/bounties/cu_bounty04.dbr,ROSTER,,153,1,1,107,108,MEASURED-SET,records/skills/nonplayerskillsgdx1/path/aetherialbloater_barf.dbr,gdx1,Skill_AttackWave,0,skillName-slot,MEASURED-RANK,Poison-INSTANT,,False,27,26,IN-RANGE,795.0,,28,832.0,,,,,,,,,,,60,60,MEASURED,"UNDECODABLE-FROM-SUBSTRATE — the .dbr carries Chance / Global / XOR / DurationModifier but no stack-count or same-source-replacement rule; the semantics live in the engine, not the record",records/skills/nonplayerskillsgdx1/path/aetherialbloater_barf.dbr :: offensiveSlowPoison-INSTANTMin/Max[26]
records/creatures/enemies/bounties/cu_bounty04.dbr,ROSTER,,153,1,1,107,108,MEASURED-SET,records/skills/nonplayerskillsgdx1/path/aetherialbloater_violentbarf.dbr,gdx1,Skill_AttackProjectileBurst,0,skillName-slot,MEASURED-RANK,Poison,{^E}Poison Damage,True,27,26,IN-RANGE,183.0,,28,191.0,,5.0,,36.6,183.0,,,,,,60,60,MEASURED,"UNDECODABLE-FROM-SUBSTRATE — the .dbr carries Chance / Global / XOR / DurationModifier but no stack-count or same-source-replacement rule; the semantics live in the engine, not the record",records/skills/nonplayerskillsgdx1/path/aetherialbloater_violentbarf.dbr :: offensiveSlowPoisonMin/Max[26]
records/creatures/enemies/bounties/cu_bounty04.dbr,ROSTER,,153,1,1,107,108,MEASURED-SET,records/skills/nonplayerskillsgdx1/path/aetherialbloater_violentbarf.dbr,gdx1,Skill_AttackProjectileBurst,0,skillName-slot,MEASURED-RANK,Poison-INSTANT,,False,27,26,IN-RANGE,347.0,,28,360.0,,,,,,,,,,,60,60,MEASURED,"UNDECODABLE-FROM-SUBSTRATE — the .dbr carries Chance / Global / XOR / DurationModifier but no stack-count or same-source-replacement rule; the semantics live in the engine, not the record",records/skills/nonplayerskillsgdx1/path/aetherialbloater_violentbarf.dbr :: offensiveSlowPoison-INSTANTMin/Max[26]
records/creatures/enemies/bounties/cu_bounty07.dbr,ROSTER,,153,1,1,107,108,MEASURED-SET,records/skills/nonplayerskills/aoe/poisoncloud_zombie.dbr,base,Skill_AttackProjectileAreaEffect,1,autoCastSkill,DERIVED-INHERITED-RANK,Poison,{^E}Poison Damage,True,27,26,IN-RANGE,1263.0,,28,1317.0,,2.0,,631.5,1263.0,,,,,,60,60,MEASURED,"UNDECODABLE-FROM-SUBSTRATE — the .dbr carries Chance / Global / XOR / DurationModifier but no stack-count or same-source-replacement rule; the semantics live in the engine, not the record",records/skills/nonplayerskills/aoe/poisoncloud_zombie.dbr :: offensiveSlowPoisonMin/Max[26]
records/creatures/enemies/bounties/cu_bounty07.dbr,ROSTER,,153,1,1,107,108,MEASURED-SET,records/skills/nonplayerskills/bossskills/aldritch_orbitingflame.dbr,base,Skill_AttackProjectileOrbiting,0,skillName-slot,MEASURED-RANK,Fire,{^E}Burn Damage,True,27,26,IN-RANGE,241.0,,28,252.0,,5.0,,48.2,241.0,,,,,,60,60,MEASURED,"UNDECODABLE-FROM-SUBSTRATE — the .dbr carries Chance / Global / XOR / DurationModifier but no stack-count or same-source-replacement rule; the semantics live in the engine, not the record",records/skills/nonplayerskills/bossskills/aldritch_orbitingflame.dbr :: offensiveSlowFireMin/Max[26]
records/creatures/enemies/bounties/cu_bounty07.dbr,ROSTER,,153,1,1,107,108,MEASURED-SET,records/skills/nonplayerskillsgdx1/attackradius/basilisk_tailswipe.dbr,gdx1,Skill_AttackRadius,0,skillName-slot,MEASURED-RANK,Physical,{^E}Internal Trauma,True,27,26,IN-RANGE,158.0,,28,165.0,,2.0,,79.0,158.0,,,,,,60,60,MEASURED,"UNDECODABLE-FROM-SUBSTRATE — the .dbr carries Chance / Global / XOR / DurationModifier but no stack-count or same-source-replacement rule; the semantics live in the engine, not the record",records/skills/nonplayerskillsgdx1/attackradius/basilisk_tailswipe.dbr :: offensiveSlowPhysicalMin/Max[26]
records/creatures/enemies/bounties/cu_bounty07.dbr,ROSTER,,153,1,1,107,108,MEASURED-SET,records/skills/nonplayerskillsgdx1/passive/passiveproperties_basiliskchampion.dbr,gdx1,Skill_Passive,0,skillName-slot,MEASURED-RANK,Poison,{^E}Poison Damage,True,27,26,IN-RANGE,128.0,,28,134.0,,5.0,,25.6,128.0,18.0,True,,,,60,63,MEASURED,"UNDECODABLE-FROM-SUBSTRATE — the .dbr carries Chance / Global / XOR / DurationModifier but no stack-count or same-source-replacement rule; the semantics live in the engine, not the record",records/skills/nonplayerskillsgdx1/passive/passiveproperties_basiliskchampion.dbr :: offensiveSlowPoisonMin/Max[26]
records/creatures/enemies/bounties/cu_bounty07.dbr,ROSTER,,153,1,1,107,108,MEASURED-SET,records/skills/nonplayerskillsgdx1/passive/passiveproperties_basiliskchampion.dbr,gdx1,Skill_Passive,0,skillName-slot,MEASURED-RANK,Poison-INSTANT,,False,27,26,IN-RANGE,155.0,,28,162.0,,,,,,,,,,,60,63,MEASURED,"UNDECODABLE-FROM-SUBSTRATE — the .dbr carries Chance / Global / XOR / DurationModifier but no stack-count or same-source-replacement rule; the semantics live in the engine, not the record",records/skills/nonplayerskillsgdx1/passive/passiveproperties_basiliskchampion.dbr :: offensiveSlowPoison-INSTANTMin/Max[26]
records/creatures/enemies/bounties/cu_bounty07.dbr,ROSTER,,153,1,1,107,108,MEASURED-SET,records/skills/nonplayerskillsgdx1/path/basilisk_acidbarf.dbr,gdx1,Skill_AttackWave,0,skillName-slot,MEASURED-RANK,Poison,{^E}Poison Damage,True,27,26,IN-RANGE,175.0,,28,182.0,,5.0,,35.0,175.0,,,,,,60,60,MEASURED,"UNDECODABLE-FROM-SUBSTRATE — the .dbr carries Chance / Global / XOR / DurationModifier but no stack-count or same-source-replacement rule; the semantics live in the engine, not the record",records/skills/nonplayerskillsgdx1/path/basilisk_acidbarf.dbr :: offensiveSlowPoisonMin/Max[26]
records/creatures/enemies/bounties/cu_bounty07.dbr,ROSTER,,153,1,1,107,108,MEASURED-SET,records/skills/nonplayerskillsgdx1/path/basilisk_acidbarf.dbr,gdx1,Skill_AttackWave,0,skillName-slot,MEASURED-RANK,Poison-INSTANT,,False,27,26,IN-RANGE,894.0,,28,935.0,,,,,,,,,,,60,60,MEASURED,"UNDECODABLE-FROM-SUBSTRATE — the .dbr carries Chance / Global / XOR / DurationModifier but no stack-count or same-source-replacement rule; the semantics live in the engine, not the record",records/skills/nonplayerskillsgdx1/path/basilisk_acidbarf.dbr :: offensiveSlowPoison-INSTANTMin/Max[26]
records/creatures/enemies/bounties/cu_bounty08.dbr,ROSTER,,153,1,1,107,108,MEASURED-SET,records/skills/nonplayerskillsgdx1/path/ghostcrab_waterbreath.dbr,gdx1,Skill_AttackWave,0,skillName-slot,MEASURED-RANK,Cold,{^E}Frostburn Damage,True,27,26,IN-RANGE,218.0,,28,227.0,,6.0,,36.3333,218.0,,,,,,60,60,MEASURED,"UNDECODABLE-FROM-SUBSTRATE — the .dbr carries Chance / Global / XOR / DurationModifier but no stack-count or same-source-replacement rule; the semantics live in the engine, not the record",records/skills/nonplayerskillsgdx1/path/ghostcrab_waterbreath.dbr :: offensiveSlowColdMin/Max[26]
records/creatures/enemies/bounties/odv_bounty07.dbr,ROSTER,,153,1,1,107,108,MEASURED-SET,records/skills/nonplayerskills/factionskills/zealot_lightningnova.dbr,base,Skill_AttackRadius,0,skillName-slot,MEASURED-RANK,Lightning,{^E}Electrocute Damage,True,27,26,IN-RANGE,284.0,,28,296.0,,2.0,,142.0,284.0,,,,,,60,60,MEASURED,"UNDECODABLE-FROM-SUBSTRATE — the .dbr carries Chance / Global / XOR / DurationModifier but no stack-count or same-source-replacement rule; the semantics live in the engine, not the record",records/skills/nonplayerskills/factionskills/zealot_lightningnova.dbr :: offensiveSlowLightningMin/Max[26]
records/creatures/enemies/bounties/odv_bounty07.dbr,ROSTER,,153,1,1,107,108,MEASURED-SET,records/skills/nonplayerskills/factionskills/zealot_ringoflightning.dbr,base,Skill_BuffAttackRadiusDuration,0,skillName-slot,MEASURED-RANK,Lightning,{^E}Electrocute Damage,True,27,26,IN-RANGE,324.0,,28,336.0,,2.0,,162.0,324.0,,,,,,60,60,MEASURED,"UNDECODABLE-FROM-SUBSTRATE — the .dbr carries Chance / Global / XOR / DurationModifier but no stack-count or same-source-replacement rule; the semantics live in the engine, not the record",records/skills/nonplayerskills/factionskills/zealot_ringoflightning.dbr :: offensiveSlowLightningMin/Max[26]
records/creatures/enemies/bounties/ro_bounty11.dbr,ROSTER,,153,1,1,107,108,MEASURED-SET,records/skills/nonplayerskills/heroskills/archetypes/diseased_diseasecloud.dbr,base,Skill_BuffAttackRadiusToggled,0,skillName-slot,MEASURED-RANK,Poison,{^E}Poison Damage,True,27,26,IN-RANGE,1155.0,,28,1205.0,,2.0,,577.5,1155.0,,,,,,60,60,MEASURED,"UNDECODABLE-FROM-SUBSTRATE — the .dbr carries Chance / Global / XOR / DurationModifier but no stack-count or same-source-replacement rule; the semantics live in the engine, not the record",records/skills/nonplayerskills/heroskills/archetypes/diseased_diseasecloud.dbr :: offensiveSlowPoisonMin/Max[26]
records/creatures/enemies/bounties/ro_bounty11.dbr,ROSTER,,153,1,1,107,108,MEASURED-SET,records/skills/nonplayerskills/heroskills/gastris_poisonfumes.dbr,base,Skill_AttackProjectileAreaEffect,0,skillName-slot,MEASURED-RANK,Poison,{^E}Poison Damage,True,27,26,IN-RANGE,786.0,,28,819.0,,2.0,,393.0,786.0,,,,,,60,60,MEASURED,"UNDECODABLE-FROM-SUBSTRATE — the .dbr carries Chance / Global / XOR / DurationModifier but no stack-count or same-source-replacement rule; the semantics live in the engine, not the record",records/skills/nonplayerskills/heroskills/gastris_poisonfumes.dbr :: offensiveSlowPoisonMin/Max[26]
records/creatures/enemies/bounties/ro_bounty11.dbr,ROSTER,,153,1,1,107,108,MEASURED-SET,records/skills/nonplayerskills/heroskills/maledictus_poisonprojectilenova.dbr,base,Skill_AttackProjectileRing,0,skillName-slot,MEASURED-RANK,Poison,{^E}Poison Damage,True,27,26,IN-RANGE,1187.0,,28,1233.0,,2.0,,593.5,1187.0,,,,,,60,60,MEASURED,"UNDECODABLE-FROM-SUBSTRATE — the .dbr carries Chance / Global / XOR / DurationModifier but no stack-count or same-source-replacement rule; the semantics live in the engine, not the record",records/skills/nonplayerskills/heroskills/maledictus_poisonprojectilenova.dbr :: offensiveSlowPoisonMin/Max[26]
records/creatures/enemies/bounties/ro_bounty11.dbr,ROSTER,,153,1,1,107,108,MEASURED-SET,records/skills/nonplayerskills/heroskills/raglis_toxicweaponsaura_buff.dbr,base,SkillBuff_Passive,1,buffSkillName,DERIVED-INHERITED-RANK,Poison,{^E}Poison Damage,True,27,26,IN-RANGE,212.0,,28,222.0,,3.0,,70.6667,212.0,15.0,,,,,60,60,MEASURED,"UNDECODABLE-FROM-SUBSTRATE — the .dbr carries Chance / Global / XOR / DurationModifier but no stack-count or same-source-replacement rule; the semantics live in the engine, not the record",records/skills/nonplayerskills/heroskills/raglis_toxicweaponsaura_buff.dbr :: offensiveSlowPoisonMin/Max[26]
records/creatures/enemies/bounties/ro_bounty11.dbr,ROSTER,,153,1,1,107,108,MEASURED-SET,records/skills/nonplayerskills/heroskills/raglis_toxicweaponsaura_buff.dbr,base,SkillBuff_Passive,1,buffSkillName,DERIVED-INHERITED-RANK,Poison-INSTANT,,False,27,26,IN-RANGE,150.0,,28,158.0,,,,,,,,,,,60,60,MEASURED,"UNDECODABLE-FROM-SUBSTRATE — the .dbr carries Chance / Global / XOR / DurationModifier but no stack-count or same-source-replacement rule; the semantics live in the engine, not the record",records/skills/nonplayerskills/heroskills/raglis_toxicweaponsaura_buff.dbr :: offensiveSlowPoison-INSTANTMin/Max[26]
records/creatures/enemies/bounties/ro_bounty11.dbr,ROSTER,,153,1,1,107,108,MEASURED-SET,records/skills/nonplayerskills/passive/passiveproperties_harpychampion.dbr,base,Skill_Passive,0,skillName-slot,MEASURED-RANK,Bleeding,{^E}Bleeding Damage,True,27,26,IN-RANGE,158.0,,28,164.0,,3.0,,52.6667,158.0,25.0,,,,,60,60,MEASURED,"UNDECODABLE-FROM-SUBSTRATE — the .dbr carries Chance / Global / XOR / DurationModifier but no stack-count or same-source-replacement rule; the semantics live in the engine, not the record",records/skills/nonplayerskills/passive/passiveproperties_harpychampion.dbr :: offensiveSlowBleedingMin/Max[26]
records/creatures/enemies/bounties/ro_bounty19.dbr,ROSTER,,153,1,1,107,108,MEASURED-SET,records/skills/nonplayerskills/heroskills/archetypes/diseased_diseasecloud.dbr,base,Skill_BuffAttackRadiusToggled,0,skillName-slot,MEASURED-RANK,Poison,{^E}Poison Damage,True,27,26,IN-RANGE,1155.0,,28,1205.0,,2.0,,577.5,1155.0,,,,,,60,60,MEASURED,"UNDECODABLE-FROM-SUBSTRATE — the .dbr carries Chance / Global / XOR / DurationModifier but no stack-count or same-source-replacement rule; the semantics live in the engine, not the record",records/skills/nonplayerskills/heroskills/archetypes/diseased_diseasecloud.dbr :: offensiveSlowPoisonMin/Max[26]
records/creatures/enemies/bounties/ro_bounty19.dbr,ROSTER,,153,1,1,107,108,MEASURED-SET,records/skills/nonplayerskills/heroskills/archetypes/diseased_gascloud.dbr,base,Skill_AttackProjectileAreaEffect,0,skillName-slot,MEASURED-RANK,Poison,{^E}Poison Damage,True,27,26,IN-RANGE,1560.0,,28,1625.0,,2.0,,780.0,1560.0,,,,,,60,60,MEASURED,"UNDECODABLE-FROM-SUBSTRATE — the .dbr carries Chance / Global / XOR / DurationModifier but no stack-count or same-source-replacement rule; the semantics live in the engine, not the record",records/skills/nonplayerskills/heroskills/archetypes/diseased_gascloud.dbr :: offensiveSlowPoisonMin/Max[26]
records/creatures/enemies/bounties/ro_bounty19.dbr,ROSTER,,153,1,1,107,108,MEASURED-SET,records/skills/nonplayerskills/heroskills/gastris_toxicspittle.dbr,base,Skill_AttackProjectileBurst,0,skillName-slot,MEASURED-RANK,Poison,{^E}Poison Damage,True,27,26,IN-RANGE,279.0,,28,291.0,,5.0,,55.8,279.0,,,,,,60,60,MEASURED,"UNDECODABLE-FROM-SUBSTRATE — the .dbr carries Chance / Global / XOR / DurationModifier but no stack-count or same-source-replacement rule; the semantics live in the engine, not the record",records/skills/nonplayerskills/heroskills/gastris_toxicspittle.dbr :: offensiveSlowPoisonMin/Max[26]
records/creatures/enemies/bounties/ro_bounty19.dbr,ROSTER,,153,1,1,107,108,MEASURED-SET,records/skills/nonplayerskills/heroskills/gastris_toxicspittle.dbr,base,Skill_AttackProjectileBurst,0,skillName-slot,MEASURED-RANK,Poison-INSTANT,,False,27,26,IN-RANGE,700.0,,28,729.0,,,,,,,,,,,60,60,MEASURED,"UNDECODABLE-FROM-SUBSTRATE — the .dbr carries Chance / Global / XOR / DurationModifier but no stack-count or same-source-replacement rule; the semantics live in the engine, not the record",records/skills/nonplayerskills/heroskills/gastris_toxicspittle.dbr :: offensiveSlowPoison-INSTANTMin/Max[26]
records/creatures/enemies/chthoniandevourer_b01.dbr,ROSTER,,157|158,5,0,103,105,MEASURED-SET,records/skills/nonplayerskills/passive/passiveproperties_chthoniandevourer_champion.dbr,base,Skill_Passive,0,skillName-slot,MEASURED-RANK,Poison-INSTANT,,False,26,25,IN-RANGE,161.0,,27,168.0,,,,,,,,,,,60,63,MEASURED,"UNDECODABLE-FROM-SUBSTRATE — the .dbr carries Chance / Global / XOR / DurationModifier but no stack-count or same-source-replacement rule; the semantics live in the engine, not the record",records/skills/nonplayerskills/passive/passiveproperties_chthoniandevourer_champion.dbr :: offensiveSlowPoison-INSTANTMin/Max[25]
records/creatures/enemies/chthoniandevourer_b02.dbr,ROSTER,,158,4,0,103,105,MEASURED-SET,records/skills/nonplayerskills/passive/passiveproperties_chthoniandevourer_champion.dbr,base,Skill_Passive,0,skillName-slot,MEASURED-RANK,Poison-INSTANT,,False,26,25,IN-RANGE,161.0,,27,168.0,,,,,,,,,,,60,63,MEASURED,"UNDECODABLE-FROM-SUBSTRATE — the .dbr carries Chance / Global / XOR / DurationModifier but no stack-count or same-source-replacement rule; the semantics live in the engine, not the record",records/skills/nonplayerskills/passive/passiveproperties_chthoniandevourer_champion.dbr :: offensiveSlowPoison-INSTANTMin/Max[25]
records/creatures/enemies/chthoniandevourer_b02.dbr,ROSTER,,158,4,0,103,105,MEASURED-SET,records/skills/nonplayerskills/path/chthoniandevourer_vomit.dbr,base,Skill_AttackWave,0,skillName-slot,MEASURED-RANK,Poison,{^E}Poison Damage,True,26,25,IN-RANGE,636.0,,27,661.0,,3.0,,212.0,636.0,,,,,,60,60,MEASURED,"UNDECODABLE-FROM-SUBSTRATE — the .dbr carries Chance / Global / XOR / DurationModifier but no stack-count or same-source-replacement rule; the semantics live in the engine, not the record",records/skills/nonplayerskills/path/chthoniandevourer_vomit.dbr :: offensiveSlowPoisonMin/Max[25]
records/creatures/enemies/chthonianminion_b01_summon.dbr,PET-SUMMON,records/creatures/enemies/boss&quest/cultist_cultleader_01.dbr,,0,0,106,108,DERIVED-INHERITED,records/skills/nonplayerskills/aoe/chthonicminion_chaosblast.dbr,base,Skill_AttackRadius,0,skillName-slot,MEASURED-RANK,Life,{^E}Vitality Decay Damage,True,27,26,IN-RANGE,317.0,,28,331.0,,2.0,,158.5,317.0,,,,,,60,60,MEASURED,"UNDECODABLE-FROM-SUBSTRATE — the .dbr carries Chance / Global / XOR / DurationModifier but no stack-count or same-source-replacement rule; the semantics live in the engine, not the record",records/skills/nonplayerskills/aoe/chthonicminion_chaosblast.dbr :: offensiveSlowLifeMin/Max[26]
records/creatures/enemies/chthonianminion_b01_summon.dbr,PET-SUMMON,records/creatures/enemies/boss&quest/cultist_cultleader_01.dbr,,0,0,106,108,DERIVED-INHERITED,records/skills/nonplayerskills/aoe/chthonicminion_novalifedrain01.dbr,base,Skill_AttackRadius,0,skillName-slot,MEASURED-RANK,LifeLeach,{^E}Life Leech,True,27,26,IN-RANGE,209.0,,28,218.0,,2.0,,104.5,209.0,,,,,,60,60,MEASURED,"UNDECODABLE-FROM-SUBSTRATE — the .dbr carries Chance / Global / XOR / DurationModifier but no stack-count or same-source-replacement rule; the semantics live in the engine, not the record",records/skills/nonplayerskills/aoe/chthonicminion_novalifedrain01.dbr :: offensiveSlowLifeLeachMin/Max[26]
records/creatures/enemies/chthonianrylok_b01.dbr,ROSTER,,157,1,0,104,106,MEASURED-SET,records/skills/nonplayerskills/aoe/chthonicminion_chaosblast.dbr,base,Skill_AttackRadius,0,skillName-slot,MEASURED-RANK,Life,{^E}Vitality Decay Damage,True,27,26,IN-RANGE,317.0,,27,317.0,,2.0,,158.5,317.0,,,,,,60,60,MEASURED,"UNDECODABLE-FROM-SUBSTRATE — the .dbr carries Chance / Global / XOR / DurationModifier but no stack-count or same-source-replacement rule; the semantics live in the engine, not the record",records/skills/nonplayerskills/aoe/chthonicminion_chaosblast.dbr :: offensiveSlowLifeMin/Max[26]
records/creatures/enemies/chthonianrylok_b01.dbr,ROSTER,,157,1,0,104,106,MEASURED-SET,records/skills/nonplayerskillsgdx1/attackmelee/chthonianrylok_wingclaws.dbr,gdx1,Skill_AttackWeapon,0,skillName-slot,MEASURED-RANK,Bleeding,{^E}Bleeding Damage,True,27,26,IN-RANGE,163.0,,27,163.0,,5.0,,32.6,163.0,,,,,,60,60,MEASURED,"UNDECODABLE-FROM-SUBSTRATE — the .dbr carries Chance / Global / XOR / DurationModifier but no stack-count or same-source-replacement rule; the semantics live in the engine, not the record",records/skills/nonplayerskillsgdx1/attackmelee/chthonianrylok_wingclaws.dbr :: offensiveSlowBleedingMin/Max[26]
records/creatures/enemies/chthonianrylok_c01.dbr,ROSTER,,157,1,0,105,106,MEASURED-SET,records/skills/nonplayerskills/aoe/chthonicminion_chaosblast.dbr,base,Skill_AttackRadius,0,skillName-slot,MEASURED-RANK,Life,{^E}Vitality Decay Damage,True,27,26,IN-RANGE,317.0,,27,317.0,,2.0,,158.5,317.0,,,,,,60,60,MEASURED,"UNDECODABLE-FROM-SUBSTRATE — the .dbr carries Chance / Global / XOR / DurationModifier but no stack-count or same-source-replacement rule; the semantics live in the engine, not the record",records/skills/nonplayerskills/aoe/chthonicminion_chaosblast.dbr :: offensiveSlowLifeMin/Max[26]
records/creatures/enemies/chthonianrylok_c01.dbr,ROSTER,,157,1,0,105,106,MEASURED-SET,records/skills/nonplayerskillsgdx1/attackmelee/chthonianrylok_wingclaws.dbr,gdx1,Skill_AttackWeapon,0,skillName-slot,MEASURED-RANK,Bleeding,{^E}Bleeding Damage,True,27,26,IN-RANGE,163.0,,27,163.0,,5.0,,32.6,163.0,,,,,,60,60,MEASURED,"UNDECODABLE-FROM-SUBSTRATE — the .dbr carries Chance / Global / XOR / DurationModifier but no stack-count or same-source-replacement rule; the semantics live in the engine, not the record",records/skills/nonplayerskillsgdx1/attackmelee/chthonianrylok_wingclaws.dbr :: offensiveSlowBleedingMin/Max[26]
records/creatures/enemies/chthonianservitor_a01_summon.dbr,PET-SUMMON,records/creatures/enemies/boss&quest/chthonianservitor_lunalvalgoth.dbr,,0,0,106,108,DERIVED-INHERITED,records/skills/nonplayerskillsgdx1/attackmelee/chthonianservitor_impale.dbr,gdx1,Skill_AttackWeapon,0,skillName-slot,MEASURED-RANK,Bleeding,{^E}Bleeding Damage,True,27,26,IN-RANGE,376.0,,28,388.0,,2.0,,188.0,376.0,,,,,,60,60,MEASURED,"UNDECODABLE-FROM-SUBSTRATE — the .dbr carries Chance / Global / XOR / DurationModifier but no stack-count or same-source-replacement rule; the semantics live in the engine, not the record",records/skills/nonplayerskillsgdx1/attackmelee/chthonianservitor_impale.dbr :: offensiveSlowBleedingMin/Max[26]
records/creatures/enemies/chthonianwretch_b01.dbr,ROSTER,,156,3,0,103,104,MEASURED-SET,records/skills/nonplayerskills/aoe/poisoncloud_zombie.dbr,base,Skill_AttackProjectileAreaEffect,1,autoCastSkill,DERIVED-INHERITED-RANK,Poison,{^E}Poison Damage,True,26,25,IN-RANGE,1203.0,,27,1263.0,,2.0,,601.5,1203.0,,,,,,60,60,MEASURED,"UNDECODABLE-FROM-SUBSTRATE — the .dbr carries Chance / Global / XOR / DurationModifier but no stack-count or same-source-replacement rule; the semantics live in the engine, not the record",records/skills/nonplayerskills/aoe/poisoncloud_zombie.dbr :: offensiveSlowPoisonMin/Max[25]
records/creatures/enemies/chthonianwretch_b01.dbr,ROSTER,,156,3,0,103,104,MEASURED-SET,records/skills/nonplayerskillsgdx1/attackprojectile/chthonianwretch_poisonorb.dbr,gdx1,Skill_AttackProjectile,0,skillName-slot,MEASURED-RANK,Poison,{^E}Poison Damage,True,26,25,IN-RANGE,96.0,,27,100.0,,10.0,,9.6,96.0,,,,,,60,60,MEASURED,"UNDECODABLE-FROM-SUBSTRATE — the .dbr carries Chance / Global / XOR / DurationModifier but no stack-count or same-source-replacement rule; the semantics live in the engine, not the record",records/skills/nonplayerskillsgdx1/attackprojectile/chthonianwretch_poisonorb.dbr :: offensiveSlowPoisonMin/Max[25]
records/creatures/enemies/chthonianwretch_b01.dbr,ROSTER,,156,3,0,103,104,MEASURED-SET,records/skills/nonplayerskillsgdx1/attackprojectile/chthonianwretch_poisonorb.dbr,gdx1,Skill_AttackProjectile,0,skillName-slot,MEASURED-RANK,Poison-INSTANT,,False,26,25,IN-RANGE,130.0,,27,135.0,,,,,,,,,,,60,60,MEASURED,"UNDECODABLE-FROM-SUBSTRATE — the .dbr carries Chance / Global / XOR / DurationModifier but no stack-count or same-source-replacement rule; the semantics live in the engine, not the record",records/skills/nonplayerskillsgdx1/attackprojectile/chthonianwretch_poisonorb.dbr :: offensiveSlowPoison-INSTANTMin/Max[25]
records/creatures/enemies/chthonianwretch_b01.dbr,ROSTER,,156,3,0,103,104,MEASURED-SET,records/skills/nonplayerskillsgdx1/attackradius/chthonianwretch_causticeruption.dbr,gdx1,Skill_AttackRadius,0,skillName-slot,MEASURED-RANK,Poison,{^E}Poison Damage,True,26,25,IN-RANGE,157.0,,27,163.0,,3.0,,52.3333,157.0,,,,,,60,60,MEASURED,"UNDECODABLE-FROM-SUBSTRATE — the .dbr carries Chance / Global / XOR / DurationModifier but no stack-count or same-source-replacement rule; the semantics live in the engine, not the record",records/skills/nonplayerskillsgdx1/attackradius/chthonianwretch_causticeruption.dbr :: offensiveSlowPoisonMin/Max[25]
records/creatures/enemies/chthonianwretch_b01.dbr,ROSTER,,156,3,0,103,104,MEASURED-SET,records/skills/nonplayerskillsgdx1/attackradius/chthonianwretch_causticeruption.dbr,gdx1,Skill_AttackRadius,0,skillName-slot,MEASURED-RANK,Poison-INSTANT,,False,26,25,IN-RANGE,343.0,,27,359.0,,,,,,,,,,,60,60,MEASURED,"UNDECODABLE-FROM-SUBSTRATE — the .dbr carries Chance / Global / XOR / DurationModifier but no stack-count or same-source-replacement rule; the semantics live in the engine, not the record",records/skills/nonplayerskillsgdx1/attackradius/chthonianwretch_causticeruption.dbr :: offensiveSlowPoison-INSTANTMin/Max[25]
records/creatures/enemies/chthonianwretch_b01.dbr,ROSTER,,156,3,0,103,104,MEASURED-SET,records/skills/nonplayerskillsgdx1/path/chthonianwretch_acidbreath.dbr,gdx1,Skill_AttackWave,0,skillName-slot,MEASURED-RANK,Poison,{^E}Poison Damage,True,26,25,IN-RANGE,152.0,,27,159.0,,5.0,,30.4,152.0,,,,,,60,60,MEASURED,"UNDECODABLE-FROM-SUBSTRATE — the .dbr carries Chance / Global / XOR / DurationModifier but no stack-count or same-source-replacement rule; the semantics live in the engine, not the record",records/skills/nonplayerskillsgdx1/path/chthonianwretch_acidbreath.dbr :: offensiveSlowPoisonMin/Max[25]
records/creatures/enemies/chthonianwretch_b01.dbr,ROSTER,,156,3,0,103,104,MEASURED-SET,records/skills/nonplayerskillsgdx1/path/chthonianwretch_acidbreath.dbr,gdx1,Skill_AttackWave,0,skillName-slot,MEASURED-RANK,Poison-INSTANT,,False,26,25,IN-RANGE,655.0,,27,691.0,,,,,,,,,,,60,60,MEASURED,"UNDECODABLE-FROM-SUBSTRATE — the .dbr carries Chance / Global / XOR / DurationModifier but no stack-count or same-source-replacement rule; the semantics live in the engine, not the record",records/skills/nonplayerskillsgdx1/path/chthonianwretch_acidbreath.dbr :: offensiveSlowPoison-INSTANTMin/Max[25]
records/creatures/enemies/chthonianwretch_c01.dbr,ROSTER,,156,1,0,103,106,MEASURED-SET,records/skills/nonplayerskills/aoe/poisoncloud_zombie.dbr,base,Skill_AttackProjectileAreaEffect,1,autoCastSkill,DERIVED-INHERITED-RANK,Poison,{^E}Poison Damage,True,26,25,IN-RANGE,1203.0,,27,1263.0,,2.0,,601.5,1203.0,,,,,,60,60,MEASURED,"UNDECODABLE-FROM-SUBSTRATE — the .dbr carries Chance / Global / XOR / DurationModifier but no stack-count or same-source-replacement rule; the semantics live in the engine, not the record",records/skills/nonplayerskills/aoe/poisoncloud_zombie.dbr :: offensiveSlowPoisonMin/Max[25]
records/creatures/enemies/chthonianwretch_c01.dbr,ROSTER,,156,1,0,103,106,MEASURED-SET,records/skills/nonplayerskillsgdx1/attackradius/chthonianwretch_causticeruption.dbr,gdx1,Skill_AttackRadius,0,skillName-slot,MEASURED-RANK,Poison,{^E}Poison Damage,True,26,25,IN-RANGE,157.0,,27,163.0,,3.0,,52.3333,157.0,,,,,,60,60,MEASURED,"UNDECODABLE-FROM-SUBSTRATE — the .dbr carries Chance / Global / XOR / DurationModifier but no stack-count or same-source-replacement rule; the semantics live in the engine, not the record",records/skills/nonplayerskillsgdx1/attackradius/chthonianwretch_causticeruption.dbr :: offensiveSlowPoisonMin/Max[25]
records/creatures/enemies/chthonianwretch_c01.dbr,ROSTER,,156,1,0,103,106,MEASURED-SET,records/skills/nonplayerskillsgdx1/attackradius/chthonianwretch_causticeruption.dbr,gdx1,Skill_AttackRadius,0,skillName-slot,MEASURED-RANK,Poison-INSTANT,,False,26,25,IN-RANGE,343.0,,27,359.0,,,,,,,,,,,60,60,MEASURED,"UNDECODABLE-FROM-SUBSTRATE — the .dbr carries Chance / Global / XOR / DurationModifier but no stack-count or same-source-replacement rule; the semantics live in the engine, not the record",records/skills/nonplayerskillsgdx1/attackradius/chthonianwretch_causticeruption.dbr :: offensiveSlowPoison-INSTANTMin/Max[25]
records/creatures/enemies/chthonianwretch_c01.dbr,ROSTER,,156,1,0,103,106,MEASURED-SET,records/skills/nonplayerskillsgdx1/buffattackradius/chthonianwretch_causticpresence.dbr,gdx1,Skill_BuffAttackRadiusDuration,0,skillName-slot,MEASURED-RANK,Poison-INSTANT,,False,26,25,IN-RANGE,670.0,,27,684.0,,,,,,,,,,,60,60,MEASURED,"UNDECODABLE-FROM-SUBSTRATE — the .dbr carries Chance / Global / XOR / DurationModifier but no stack-count or same-source-replacement rule; the semantics live in the engine, not the record",records/skills/nonplayerskillsgdx1/buffattackradius/chthonianwretch_causticpresence.dbr :: offensiveSlowPoison-INSTANTMin/Max[25]
records/creatures/enemies/chthonianwretch_c01.dbr,ROSTER,,156,1,0,103,106,MEASURED-SET,records/skills/nonplayerskillsgdx1/path/chthonianwretch_acidbreath.dbr,gdx1,Skill_AttackWave,0,skillName-slot,MEASURED-RANK,Poison,{^E}Poison Damage,True,26,25,IN-RANGE,152.0,,27,159.0,,5.0,,30.4,152.0,,,,,,60,60,MEASURED,"UNDECODABLE-FROM-SUBSTRATE — the .dbr carries Chance / Global / XOR / DurationModifier but no stack-count or same-source-replacement rule; the semantics live in the engine, not the record",records/skills/nonplayerskillsgdx1/path/chthonianwretch_acidbreath.dbr :: offensiveSlowPoisonMin/Max[25]
records/creatures/enemies/chthonianwretch_c01.dbr,ROSTER,,156,1,0,103,106,MEASURED-SET,records/skills/nonplayerskillsgdx1/path/chthonianwretch_acidbreath.dbr,gdx1,Skill_AttackWave,0,skillName-slot,MEASURED-RANK,Poison-INSTANT,,False,26,25,IN-RANGE,655.0,,27,691.0,,,,,,,,,,,60,60,MEASURED,"UNDECODABLE-FROM-SUBSTRATE — the .dbr carries Chance / Global / XOR / DurationModifier but no stack-count or same-source-replacement rule; the semantics live in the engine, not the record",records/skills/nonplayerskillsgdx1/path/chthonianwretch_acidbreath.dbr :: offensiveSlowPoison-INSTANTMin/Max[25]
records/creatures/enemies/devotion/dranghoul_h02.dbr,ROSTER,,157,1,1,107,108,MEASURED-SET,records/skills/nonplayerskills/heroskills/gastris_poisonfumes.dbr,base,Skill_AttackProjectileAreaEffect,0,skillName-slot,MEASURED-RANK,Poison,{^E}Poison Damage,True,27,26,IN-RANGE,786.0,,28,819.0,,2.0,,393.0,786.0,,,,,,60,60,MEASURED,"UNDECODABLE-FROM-SUBSTRATE — the .dbr carries Chance / Global / XOR / DurationModifier but no stack-count or same-source-replacement rule; the semantics live in the engine, not the record",records/skills/nonplayerskills/heroskills/gastris_poisonfumes.dbr :: offensiveSlowPoisonMin/Max[26]
records/creatures/enemies/devotion/dranghoul_h02.dbr,ROSTER,,157,1,1,107,108,MEASURED-SET,records/skills/nonplayerskillsgdx3/heroskills/archetypes/bramble_passivestatmodifier.dbr,gdx3,Skill_Passive,0,skillName-slot,MEASURED-RANK,Bleeding,{^E}Bleeding Damage,True,27,26,IN-RANGE,391.0,,28,407.0,,3.0,,130.3333,391.0,,,,,,60,60,MEASURED,"UNDECODABLE-FROM-SUBSTRATE — the .dbr carries Chance / Global / XOR / DurationModifier but no stack-count or same-source-replacement rule; the semantics live in the engine, not the record",records/skills/nonplayerskillsgdx3/heroskills/archetypes/bramble_passivestatmodifier.dbr :: offensiveSlowBleedingMin/Max[26]
records/creatures/enemies/devotion/dranghoul_h02.dbr,ROSTER,,157,1,1,107,108,MEASURED-SET,records/skills/nonplayerskillsgdx3/passive/passiveproperties_dranghoulchampion.dbr,gdx3,Skill_Passive,0,skillName-slot,MEASURED-RANK,Bleeding,{^E}Bleeding Damage,True,27,26,IN-RANGE,169.0,,28,175.0,,3.0,,56.3333,169.0,30.0,,,30.0,15.0,60,63,MEASURED,"UNDECODABLE-FROM-SUBSTRATE — the .dbr carries Chance / Global / XOR / DurationModifier but no stack-count or same-source-replacement rule; the semantics live in the engine, not the record",records/skills/nonplayerskillsgdx3/passive/passiveproperties_dranghoulchampion.dbr :: offensiveSlowBleedingMin/Max[26]
records/creatures/enemies/devotion/rhino_h02.dbr,ROSTER,,157,1,1,107,108,MEASURED-SET,records/skills/nonplayerskillsgdx3/attackmelee/rhino_gore.dbr,gdx3,Skill_AttackWeapon,0,skillName-slot,MEASURED-RANK,Bleeding,{^E}Bleeding Damage,True,27,26,IN-RANGE,652.0,,28,681.0,,3.0,,217.3333,652.0,,,,,,60,60,MEASURED,"UNDECODABLE-FROM-SUBSTRATE — the .dbr carries Chance / Global / XOR / DurationModifier but no stack-count or same-source-replacement rule; the semantics live in the engine, not the record",records/skills/nonplayerskillsgdx3/attackmelee/rhino_gore.dbr :: offensiveSlowBleedingMin/Max[26]
records/creatures/enemies/devotion/rhino_h02.dbr,ROSTER,,157,1,1,107,108,MEASURED-SET,records/skills/nonplayerskillsgdx3/passive/passiveproperties_rhinochampion.dbr,gdx3,Skill_Passive,0,skillName-slot,MEASURED-RANK,Bleeding,{^E}Bleeding Damage,True,27,26,IN-RANGE,169.0,,28,175.0,,3.0,,56.3333,169.0,,,,,,60,63,MEASURED,"UNDECODABLE-FROM-SUBSTRATE — the .dbr carries Chance / Global / XOR / DurationModifier but no stack-count or same-source-replacement rule; the semantics live in the engine, not the record",records/skills/nonplayerskillsgdx3/passive/passiveproperties_rhinochampion.dbr :: offensiveSlowBleedingMin/Max[26]
records/creatures/enemies/devotion/skeleton_h06.dbr,ROSTER,,158,1,1,107,108,MEASURED-SET,records/skills/nonplayerskills/attackmelee/melee_bleeding+33%life.dbr,base,Skill_AttackWeapon,0,skillName-slot,MEASURED-RANK,Bleeding,{^E}Bleeding Damage,True,27,26,IN-RANGE,510.0,,28,530.0,,3.0,,170.0,510.0,,,,,,60,60,MEASURED,"UNDECODABLE-FROM-SUBSTRATE — the .dbr carries Chance / Global / XOR / DurationModifier but no stack-count or same-source-replacement rule; the semantics live in the engine, not the record",records/skills/nonplayerskills/attackmelee/melee_bleeding+33%life.dbr :: offensiveSlowBleedingMin/Max[26]
records/creatures/enemies/devotion/skeleton_h06.dbr,ROSTER,,158,1,1,107,108,MEASURED-SET,records/skills/nonplayerskills/heroskills/archetypes/frozen_passivestatmodifier.dbr,base,Skill_Passive,0,skillName-slot,MEASURED-RANK,Cold,{^E}Frostburn Damage,True,27,26,IN-RANGE,250.0,,28,261.0,,3.0,,83.3333,250.0,,,,,,60,60,MEASURED,"UNDECODABLE-FROM-SUBSTRATE — the .dbr carries Chance / Global / XOR / DurationModifier but no stack-count or same-source-replacement rule; the semantics live in the engine, not the record",records/skills/nonplayerskills/heroskills/archetypes/frozen_passivestatmodifier.dbr :: offensiveSlowColdMin/Max[26]
records/creatures/enemies/devotion/skeleton_h08.dbr,ROSTER,,158,1,1,107,108,MEASURED-SET,records/skills/nonplayerskills/attackprojectilering/skeleton_fireballnova.dbr,base,Skill_AttackProjectileRing,0,skillName-slot,MEASURED-RANK,Fire,{^E}Burn Damage,True,27,26,IN-RANGE,245.0,,28,258.0,,2.0,,122.5,245.0,,,,,,60,60,MEASURED,"UNDECODABLE-FROM-SUBSTRATE — the .dbr carries Chance / Global / XOR / DurationModifier but no stack-count or same-source-replacement rule; the semantics live in the engine, not the record",records/skills/nonplayerskills/attackprojectilering/skeleton_fireballnova.dbr :: offensiveSlowFireMin/Max[26]
records/creatures/enemies/devotion/skeleton_h08.dbr,ROSTER,,158,1,1,107,108,MEASURED-SET,records/skills/nonplayerskills/heroskills/aetherblaze_voidfire.dbr,base,Skill_AttackProjectileAreaEffect,0,skillName-slot,MEASURED-RANK,Fire,{^E}Burn Damage,True,27,26,IN-RANGE,212.0,,28,221.0,,2.0,,106.0,212.0,,,,,,60,60,MEASURED,"UNDECODABLE-FROM-SUBSTRATE — the .dbr carries Chance / Global / XOR / DurationModifier but no stack-count or same-source-replacement rule; the semantics live in the engine, not the record",records/skills/nonplayerskills/heroskills/aetherblaze_voidfire.dbr :: offensiveSlowFireMin/Max[26]
records/creatures/enemies/devotion/skeleton_h08.dbr,ROSTER,,158,1,1,107,108,MEASURED-SET,records/skills/nonplayerskills/heroskills/charnarion_firestorm.dbr,base,Skill_AttackProjectileDrop,0,skillName-slot,MEASURED-RANK,Fire,{^E}Burn Damage,True,27,26,IN-RANGE,284.0,,28,296.0,,3.0,,94.6667,284.0,,,,,,60,60,MEASURED,"UNDECODABLE-FROM-SUBSTRATE — the .dbr carries Chance / Global / XOR / DurationModifier but no stack-count or same-source-replacement rule; the semantics live in the engine, not the record",records/skills/nonplayerskills/heroskills/charnarion_firestorm.dbr :: offensiveSlowFireMin/Max[26]
records/creatures/enemies/devotion/skeleton_h09.dbr,ROSTER,,158,1,1,107,108,MEASURED-SET,records/skills/nonplayerskills/aoe/chthonicminion_novalifedrain01.dbr,base,Skill_AttackRadius,0,skillName-slot,MEASURED-RANK,LifeLeach,{^E}Life Leech,True,27,26,IN-RANGE,209.0,,28,218.0,,2.0,,104.5,209.0,,,,,,60,60,MEASURED,"UNDECODABLE-FROM-SUBSTRATE — the .dbr carries Chance / Global / XOR / DurationModifier but no stack-count or same-source-replacement rule; the semantics live in the engine, not the record",records/skills/nonplayerskills/aoe/chthonicminion_novalifedrain01.dbr :: offensiveSlowLifeLeachMin/Max[26]
records/creatures/enemies/eldritcharmor_b01.dbr,ROSTER,,154,2,0,103,104,MEASURED-SET,records/skills/nonplayerskillsgdx2/attackprojectile/eldritcharmor_lightningorb_strong.dbr,gdx2,Skill_AttackProjectile,0,skillName-slot,MEASURED-RANK,Lightning,{^E}Electrocute Damage,True,26,25,IN-RANGE,227.0,,27,237.0,,3.0,,75.6667,227.0,,,,,,60,60,MEASURED,"UNDECODABLE-FROM-SUBSTRATE — the .dbr carries Chance / Global / XOR / DurationModifier but no stack-count or same-source-replacement rule; the semantics live in the engine, not the record",records/skills/nonplayerskillsgdx2/attackprojectile/eldritcharmor_lightningorb_strong.dbr :: offensiveSlowLightningMin/Max[25]
records/creatures/enemies/eldritcharmor_c01.dbr,ROSTER,,154,4,0,104,106,MEASURED-SET,records/skills/nonplayerskillsgdx2/attackcharge/eldritcharmor_firecharge_burningfield.dbr,gdx2,SkillSecondary_AttackProjectileAreaEffect,0,skillName-slot,MEASURED-RANK,Fire,{^E}Burn Damage,True,27,26,IN-RANGE,309.0,,27,309.0,,2.0,,154.5,309.0,,,,,,60,60,MEASURED,"UNDECODABLE-FROM-SUBSTRATE — the .dbr carries Chance / Global / XOR / DurationModifier but no stack-count or same-source-replacement rule; the semantics live in the engine, not the record",records/skills/nonplayerskillsgdx2/attackcharge/eldritcharmor_firecharge_burningfield.dbr :: offensiveSlowFireMin/Max[26]
records/creatures/enemies/eldritcharmor_c01.dbr,ROSTER,,154,4,0,104,106,MEASURED-SET,records/skills/nonplayerskillsgdx2/buffattackradius/eldritcharmor_firesphere.dbr,gdx2,Skill_BuffAttackRadiusDuration,0,skillName-slot,MEASURED-RANK,Fire,{^E}Burn Damage,True,27,26,IN-RANGE,390.0,,27,390.0,,2.0,,195.0,390.0,,,,,,60,60,MEASURED,"UNDECODABLE-FROM-SUBSTRATE — the .dbr carries Chance / Global / XOR / DurationModifier but no stack-count or same-source-replacement rule; the semantics live in the engine, not the record",records/skills/nonplayerskillsgdx2/buffattackradius/eldritcharmor_firesphere.dbr :: offensiveSlowFireMin/Max[26]
records/creatures/enemies/eldritcharmor_c01.dbr,ROSTER,,154,4,0,104,106,MEASURED-SET,records/skills/nonplayerskillsgdx2/path/eldritcharmor_firebreath.dbr,gdx2,Skill_AttackWave,0,skillName-slot,MEASURED-RANK,Fire,{^E}Burn Damage,True,27,26,IN-RANGE,220.0,,27,220.0,,5.0,,44.0,220.0,,,,,,60,60,MEASURED,"UNDECODABLE-FROM-SUBSTRATE — the .dbr carries Chance / Global / XOR / DurationModifier but no stack-count or same-source-replacement rule; the semantics live in the engine, not the record",records/skills/nonplayerskillsgdx2/path/eldritcharmor_firebreath.dbr :: offensiveSlowFireMin/Max[26]
records/creatures/enemies/giant_b01.dbr,ROSTER,,153,4,0,104,106,MEASURED-SET,records/skills/nonplayerskillsgdx3/attackmelee/giant_cleavingstrikes.dbr,gdx3,Skill_WeaponPool_ChargedScaling,0,skillName-slot,MEASURED-RANK,Physical,{^E}Internal Trauma,True,27,26,IN-RANGE,194.0,,27,194.0,,3.0,,64.6667,194.0,,,,,,60,61,MEASURED,"UNDECODABLE-FROM-SUBSTRATE — the .dbr carries Chance / Global / XOR / DurationModifier but no stack-count or same-source-replacement rule; the semantics live in the engine, not the record",records/skills/nonplayerskillsgdx3/attackmelee/giant_cleavingstrikes.dbr :: offensiveSlowPhysicalMin/Max[26]
records/creatures/enemies/giant_b01.dbr,ROSTER,,153,4,0,104,106,MEASURED-SET,records/skills/nonplayerskillsgdx3/buffoffensive/giant_stench_buff.dbr,gdx3,SkillBuff_Debuf,1,buffSkillName,DERIVED-INHERITED-RANK,Poison,{^E}Poison Damage,True,27,26,IN-RANGE,465.0,,27,465.0,,1.0,,465.0,465.0,,,,,,60,60,MEASURED,"UNDECODABLE-FROM-SUBSTRATE — the .dbr carries Chance / Global / XOR / DurationModifier but no stack-count or same-source-replacement rule; the semantics live in the engine, not the record",records/skills/nonplayerskillsgdx3/buffoffensive/giant_stench_buff.dbr :: offensiveSlowPoisonMin/Max[26]
records/creatures/enemies/giant_b01.dbr,ROSTER,,153,4,0,104,106,MEASURED-SET,records/skills/nonplayerskillsgdx3/passive/passiveproperties_giantchampion.dbr,gdx3,Skill_Passive,0,skillName-slot,MEASURED-RANK,Physical,{^E}Internal Trauma,True,27,26,IN-RANGE,204.0,,27,204.0,,3.0,,68.0,204.0,,,,,,60,60,MEASURED,"UNDECODABLE-FROM-SUBSTRATE — the .dbr carries Chance / Global / XOR / DurationModifier but no stack-count or same-source-replacement rule; the semantics live in the engine, not the record",records/skills/nonplayerskillsgdx3/passive/passiveproperties_giantchampion.dbr :: offensiveSlowPhysicalMin/Max[26]
records/creatures/enemies/giant_b01.dbr,ROSTER,,153,4,0,104,106,MEASURED-SET,records/skills/nonplayerskillsgdx3/path/giant_rottenedge.dbr,gdx3,Skill_AttackWave,0,skillName-slot,MEASURED-RANK,Poison,{^E}Poison Damage,True,27,26,IN-RANGE,724.0,,27,724.0,,5.0,,144.8,724.0,,,,,,60,60,MEASURED,"UNDECODABLE-FROM-SUBSTRATE — the .dbr carries Chance / Global / XOR / DurationModifier but no stack-count or same-source-replacement rule; the semantics live in the engine, not the record",records/skills/nonplayerskillsgdx3/path/giant_rottenedge.dbr :: offensiveSlowPoisonMin/Max[26]
records/creatures/enemies/giant_c01.dbr,ROSTER,,153,1,0,105,106,MEASURED-SET,records/skills/nonplayerskillsgdx3/attackmelee/giant_cleavingstrikes.dbr,gdx3,Skill_WeaponPool_ChargedScaling,0,skillName-slot,MEASURED-RANK,Physical,{^E}Internal Trauma,True,27,26,IN-RANGE,194.0,,27,194.0,,3.0,,64.6667,194.0,,,,,,60,61,MEASURED,"UNDECODABLE-FROM-SUBSTRATE — the .dbr carries Chance / Global / XOR / DurationModifier but no stack-count or same-source-replacement rule; the semantics live in the engine, not the record",records/skills/nonplayerskillsgdx3/attackmelee/giant_cleavingstrikes.dbr :: offensiveSlowPhysicalMin/Max[26]
records/creatures/enemies/giant_c01.dbr,ROSTER,,153,1,0,105,106,MEASURED-SET,records/skills/nonplayerskillsgdx3/passive/passiveproperties_giantchampion.dbr,gdx3,Skill_Passive,0,skillName-slot,MEASURED-RANK,Physical,{^E}Internal Trauma,True,27,26,IN-RANGE,204.0,,27,204.0,,3.0,,68.0,204.0,,,,,,60,60,MEASURED,"UNDECODABLE-FROM-SUBSTRATE — the .dbr carries Chance / Global / XOR / DurationModifier but no stack-count or same-source-replacement rule; the semantics live in the engine, not the record",records/skills/nonplayerskillsgdx3/passive/passiveproperties_giantchampion.dbr :: offensiveSlowPhysicalMin/Max[26]
records/creatures/enemies/groblefrost_a01.dbr,ROSTER,,153,1,0,102,103,MEASURED-SET,records/skills/nonplayerskillsgdx3/passive/passiveproperties_groblefrost.dbr,gdx3,Skill_Passive,0,skillName-slot,MEASURED-RANK,Cold,{^E}Frostburn Damage,True,26,25,IN-RANGE,96.0,,26,96.0,,3.0,,32.0,96.0,25.0,,,,,60,60,MEASURED,"UNDECODABLE-FROM-SUBSTRATE — the .dbr carries Chance / Global / XOR / DurationModifier but no stack-count or same-source-replacement rule; the semantics live in the engine, not the record",records/skills/nonplayerskillsgdx3/passive/passiveproperties_groblefrost.dbr :: offensiveSlowColdMin/Max[25]
records/creatures/enemies/groblefrost_b01.dbr,ROSTER,,153,1,0,103,104,MEASURED-SET,records/skills/nonplayerskillsgdx3/attackmelee/groble_froststrikes.dbr,gdx3,Skill_WeaponPool_ChargedScaling,0,skillName-slot,MEASURED-RANK,Bleeding,{^E}Bleeding Damage,True,26,25,IN-RANGE,154.0,,27,161.0,,3.0,,51.3333,154.0,,,,,,60,61,MEASURED,"UNDECODABLE-FROM-SUBSTRATE — the .dbr carries Chance / Global / XOR / DurationModifier but no stack-count or same-source-replacement rule; the semantics live in the engine, not the record",records/skills/nonplayerskillsgdx3/attackmelee/groble_froststrikes.dbr :: offensiveSlowBleedingMin/Max[25]
records/creatures/enemies/groblefrost_b01.dbr,ROSTER,,153,1,0,103,104,MEASURED-SET,records/skills/nonplayerskillsgdx3/passive/passiveproperties_groblefrostchampion.dbr,gdx3,Skill_Passive,0,skillName-slot,MEASURED-RANK,Cold,{^E}Frostburn Damage,True,26,25,IN-RANGE,159.0,,27,166.0,,3.0,,53.0,159.0,,,,,,60,60,MEASURED,"UNDECODABLE-FROM-SUBSTRATE — the .dbr carries Chance / Global / XOR / DurationModifier but no stack-count or same-source-replacement rule; the semantics live in the engine, not the record",records/skills/nonplayerskillsgdx3/passive/passiveproperties_groblefrostchampion.dbr :: offensiveSlowColdMin/Max[25]
records/creatures/enemies/hero/aetherialcorruption_h01.dbr,ROSTER,,152,3,3,107,108,MEASURED-SET,records/skills/nonplayerskills/heroskills/chillbane_freezewave.dbr,base,Skill_AttackWave,0,skillName-slot,MEASURED-RANK,Cold,{^E}Frostburn Damage,True,27,26,IN-RANGE,312.0,,28,326.0,,2.0,,156.0,312.0,,,,,,60,60,MEASURED,"UNDECODABLE-FROM-SUBSTRATE — the .dbr carries Chance / Global / XOR / DurationModifier but no stack-count or same-source-replacement rule; the semantics live in the engine, not the record",records/skills/nonplayerskills/heroskills/chillbane_freezewave.dbr :: offensiveSlowColdMin/Max[26]
records/creatures/enemies/hero/aetherialcorruption_h01.dbr,ROSTER,,152,3,3,107,108,MEASURED-SET,records/skills/nonplayerskillsgdx1/buffattackradius/aetherialcorruption_aetherorbitalretaliation.dbr,gdx1,Skill_AttackProjectileOrbiting,1,autoCastSkill,DERIVED-INHERITED-RANK,Fire,{^E}Burn Damage,True,27,26,IN-RANGE,164.0,,28,171.0,,2.0,,82.0,164.0,,,,,,60,60,MEASURED,"UNDECODABLE-FROM-SUBSTRATE — the .dbr carries Chance / Global / XOR / DurationModifier but no stack-count or same-source-replacement rule; the semantics live in the engine, not the record",records/skills/nonplayerskillsgdx1/buffattackradius/aetherialcorruption_aetherorbitalretaliation.dbr :: offensiveSlowFireMin/Max[26]
records/creatures/enemies/hero/aetherialcorruption_h01.dbr,ROSTER,,152,3,3,107,108,MEASURED-SET,records/skills/nonplayerskillsgdx1/buffattackradius/aetherialcorruption_rotskin.dbr,gdx1,Skill_BuffAttackRadiusToggled,0,skillName-slot,MEASURED-RANK,Poison,{^E}Poison Damage,True,27,26,IN-RANGE,197.0,,28,205.0,,2.0,,98.5,197.0,,,,,,60,60,MEASURED,"UNDECODABLE-FROM-SUBSTRATE — the .dbr carries Chance / Global / XOR / DurationModifier but no stack-count or same-source-replacement rule; the semantics live in the engine, not the record",records/skills/nonplayerskillsgdx1/buffattackradius/aetherialcorruption_rotskin.dbr :: offensiveSlowPoisonMin/Max[26]
records/creatures/enemies/hero/basilisk_h01.dbr,ROSTER,,152,1,1,107,108,MEASURED-SET,records/skills/nonplayerskillsgdx1/attackradius/basilisk_tailswipe.dbr,gdx1,Skill_AttackRadius,0,skillName-slot,MEASURED-RANK,Physical,{^E}Internal Trauma,True,27,26,IN-RANGE,158.0,,28,165.0,,2.0,,79.0,158.0,,,,,,60,60,MEASURED,"UNDECODABLE-FROM-SUBSTRATE — the .dbr carries Chance / Global / XOR / DurationModifier but no stack-count or same-source-replacement rule; the semantics live in the engine, not the record",records/skills/nonplayerskillsgdx1/attackradius/basilisk_tailswipe.dbr :: offensiveSlowPhysicalMin/Max[26]
records/creatures/enemies/hero/basilisk_h01.dbr,ROSTER,,152,1,1,107,108,MEASURED-SET,records/skills/nonplayerskillsgdx1/passive/passiveproperties_basiliskchampion.dbr,gdx1,Skill_Passive,0,skillName-slot,MEASURED-RANK,Poison,{^E}Poison Damage,True,27,26,IN-RANGE,128.0,,28,134.0,,5.0,,25.6,128.0,18.0,True,,,,60,63,MEASURED,"UNDECODABLE-FROM-SUBSTRATE — the .dbr carries Chance / Global / XOR / DurationModifier but no stack-count or same-source-replacement rule; the semantics live in the engine, not the record",records/skills/nonplayerskillsgdx1/passive/passiveproperties_basiliskchampion.dbr :: offensiveSlowPoisonMin/Max[26]
records/creatures/enemies/hero/basilisk_h01.dbr,ROSTER,,152,1,1,107,108,MEASURED-SET,records/skills/nonplayerskillsgdx1/passive/passiveproperties_basiliskchampion.dbr,gdx1,Skill_Passive,0,skillName-slot,MEASURED-RANK,Poison-INSTANT,,False,27,26,IN-RANGE,155.0,,28,162.0,,,,,,,,,,,60,63,MEASURED,"UNDECODABLE-FROM-SUBSTRATE — the .dbr carries Chance / Global / XOR / DurationModifier but no stack-count or same-source-replacement rule; the semantics live in the engine, not the record",records/skills/nonplayerskillsgdx1/passive/passiveproperties_basiliskchampion.dbr :: offensiveSlowPoison-INSTANTMin/Max[26]
records/creatures/enemies/hero/basilisk_h02.dbr,ROSTER,,152,1,1,107,108,MEASURED-SET,records/skills/nonplayerskills/aoe/poisoncloud_zombie.dbr,base,Skill_AttackProjectileAreaEffect,1,autoCastSkill,DERIVED-INHERITED-RANK,Poison,{^E}Poison Damage,True,27,26,IN-RANGE,1263.0,,28,1317.0,,2.0,,631.5,1263.0,,,,,,60,60,MEASURED,"UNDECODABLE-FROM-SUBSTRATE — the .dbr carries Chance / Global / XOR / DurationModifier but no stack-count or same-source-replacement rule; the semantics live in the engine, not the record",records/skills/nonplayerskills/aoe/poisoncloud_zombie.dbr :: offensiveSlowPoisonMin/Max[26]
records/creatures/enemies/hero/basilisk_h02.dbr,ROSTER,,152,1,1,107,108,MEASURED-SET,records/skills/nonplayerskills/heroskills/gastris_poisonfumes.dbr,base,Skill_AttackProjectileAreaEffect,0,skillName-slot,MEASURED-RANK,Poison,{^E}Poison Damage,True,27,26,IN-RANGE,786.0,,28,819.0,,2.0,,393.0,786.0,,,,,,60,60,MEASURED,"UNDECODABLE-FROM-SUBSTRATE — the .dbr carries Chance / Global / XOR / DurationModifier but no stack-count or same-source-replacement rule; the semantics live in the engine, not the record",records/skills/nonplayerskills/heroskills/gastris_poisonfumes.dbr :: offensiveSlowPoisonMin/Max[26]
records/creatures/enemies/hero/basilisk_h02.dbr,ROSTER,,152,1,1,107,108,MEASURED-SET,records/skills/nonplayerskills/heroskills/maledictus_poisonprojectilenova.dbr,base,Skill_AttackProjectileRing,0,skillName-slot,MEASURED-RANK,Poison,{^E}Poison Damage,True,27,26,IN-RANGE,1187.0,,28,1233.0,,2.0,,593.5,1187.0,,,,,,60,60,MEASURED,"UNDECODABLE-FROM-SUBSTRATE — the .dbr carries Chance / Global / XOR / DurationModifier but no stack-count or same-source-replacement rule; the semantics live in the engine, not the record",records/skills/nonplayerskills/heroskills/maledictus_poisonprojectilenova.dbr :: offensiveSlowPoisonMin/Max[26]
records/creatures/enemies/hero/basilisk_h02.dbr,ROSTER,,152,1,1,107,108,MEASURED-SET,records/skills/nonplayerskillsgdx1/attackradius/basilisk_tailswipe.dbr,gdx1,Skill_AttackRadius,0,skillName-slot,MEASURED-RANK,Physical,{^E}Internal Trauma,True,27,26,IN-RANGE,158.0,,28,165.0,,2.0,,79.0,158.0,,,,,,60,60,MEASURED,"UNDECODABLE-FROM-SUBSTRATE — the .dbr carries Chance / Global / XOR / DurationModifier but no stack-count or same-source-replacement rule; the semantics live in the engine, not the record",records/skills/nonplayerskillsgdx1/attackradius/basilisk_tailswipe.dbr :: offensiveSlowPhysicalMin/Max[26]
records/creatures/enemies/hero/basilisk_h02.dbr,ROSTER,,152,1,1,107,108,MEASURED-SET,records/skills/nonplayerskillsgdx1/passive/passiveproperties_basiliskchampion.dbr,gdx1,Skill_Passive,0,skillName-slot,MEASURED-RANK,Poison,{^E}Poison Damage,True,27,26,IN-RANGE,128.0,,28,134.0,,5.0,,25.6,128.0,18.0,True,,,,60,63,MEASURED,"UNDECODABLE-FROM-SUBSTRATE — the .dbr carries Chance / Global / XOR / DurationModifier but no stack-count or same-source-replacement rule; the semantics live in the engine, not the record",records/skills/nonplayerskillsgdx1/passive/passiveproperties_basiliskchampion.dbr :: offensiveSlowPoisonMin/Max[26]
records/creatures/enemies/hero/basilisk_h02.dbr,ROSTER,,152,1,1,107,108,MEASURED-SET,records/skills/nonplayerskillsgdx1/passive/passiveproperties_basiliskchampion.dbr,gdx1,Skill_Passive,0,skillName-slot,MEASURED-RANK,Poison-INSTANT,,False,27,26,IN-RANGE,155.0,,28,162.0,,,,,,,,,,,60,63,MEASURED,"UNDECODABLE-FROM-SUBSTRATE — the .dbr carries Chance / Global / XOR / DurationModifier but no stack-count or same-source-replacement rule; the semantics live in the engine, not the record",records/skills/nonplayerskillsgdx1/passive/passiveproperties_basiliskchampion.dbr :: offensiveSlowPoison-INSTANTMin/Max[26]
records/creatures/enemies/hero/basilisk_h02.dbr,ROSTER,,152,1,1,107,108,MEASURED-SET,records/skills/nonplayerskillsgdx1/path/basilisk_acidbarf.dbr,gdx1,Skill_AttackWave,0,skillName-slot,MEASURED-RANK,Poison,{^E}Poison Damage,True,27,26,IN-RANGE,175.0,,28,182.0,,5.0,,35.0,175.0,,,,,,60,60,MEASURED,"UNDECODABLE-FROM-SUBSTRATE — the .dbr carries Chance / Global / XOR / DurationModifier but no stack-count or same-source-replacement rule; the semantics live in the engine, not the record",records/skills/nonplayerskillsgdx1/path/basilisk_acidbarf.dbr :: offensiveSlowPoisonMin/Max[26]
records/creatures/enemies/hero/basilisk_h02.dbr,ROSTER,,152,1,1,107,108,MEASURED-SET,records/skills/nonplayerskillsgdx1/path/basilisk_acidbarf.dbr,gdx1,Skill_AttackWave,0,skillName-slot,MEASURED-RANK,Poison-INSTANT,,False,27,26,IN-RANGE,894.0,,28,935.0,,,,,,,,,,,60,60,MEASURED,"UNDECODABLE-FROM-SUBSTRATE — the .dbr carries Chance / Global / XOR / DurationModifier but no stack-count or same-source-replacement rule; the semantics live in the engine, not the record",records/skills/nonplayerskillsgdx1/path/basilisk_acidbarf.dbr :: offensiveSlowPoison-INSTANTMin/Max[26]
records/creatures/enemies/hero/basilisk_h03.dbr,ROSTER,,152,1,1,107,108,MEASURED-SET,records/skills/nonplayerskills/aoe/poisoncloud_zombie.dbr,base,Skill_AttackProjectileAreaEffect,1,autoCastSkill,DERIVED-INHERITED-RANK,Poison,{^E}Poison Damage,True,27,26,IN-RANGE,1263.0,,28,1317.0,,2.0,,631.5,1263.0,,,,,,60,60,MEASURED,"UNDECODABLE-FROM-SUBSTRATE — the .dbr carries Chance / Global / XOR / DurationModifier but no stack-count or same-source-replacement rule; the semantics live in the engine, not the record",records/skills/nonplayerskills/aoe/poisoncloud_zombie.dbr :: offensiveSlowPoisonMin/Max[26]
records/creatures/enemies/hero/basilisk_h03.dbr,ROSTER,,152,1,1,107,108,MEASURED-SET,records/skills/nonplayerskillsgdx1/attackradius/basilisk_tailswipe.dbr,gdx1,Skill_AttackRadius,0,skillName-slot,MEASURED-RANK,Physical,{^E}Internal Trauma,True,27,26,IN-RANGE,158.0,,28,165.0,,2.0,,79.0,158.0,,,,,,60,60,MEASURED,"UNDECODABLE-FROM-SUBSTRATE — the .dbr carries Chance / Global / XOR / DurationModifier but no stack-count or same-source-replacement rule; the semantics live in the engine, not the record",records/skills/nonplayerskillsgdx1/attackradius/basilisk_tailswipe.dbr :: offensiveSlowPhysicalMin/Max[26]
records/creatures/enemies/hero/basilisk_h03.dbr,ROSTER,,152,1,1,107,108,MEASURED-SET,records/skills/nonplayerskillsgdx1/passive/passiveproperties_basiliskchampion.dbr,gdx1,Skill_Passive,0,skillName-slot,MEASURED-RANK,Poison,{^E}Poison Damage,True,27,26,IN-RANGE,128.0,,28,134.0,,5.0,,25.6,128.0,18.0,True,,,,60,63,MEASURED,"UNDECODABLE-FROM-SUBSTRATE — the .dbr carries Chance / Global / XOR / DurationModifier but no stack-count or same-source-replacement rule; the semantics live in the engine, not the record",records/skills/nonplayerskillsgdx1/passive/passiveproperties_basiliskchampion.dbr :: offensiveSlowPoisonMin/Max[26]
records/creatures/enemies/hero/basilisk_h03.dbr,ROSTER,,152,1,1,107,108,MEASURED-SET,records/skills/nonplayerskillsgdx1/passive/passiveproperties_basiliskchampion.dbr,gdx1,Skill_Passive,0,skillName-slot,MEASURED-RANK,Poison-INSTANT,,False,27,26,IN-RANGE,155.0,,28,162.0,,,,,,,,,,,60,63,MEASURED,"UNDECODABLE-FROM-SUBSTRATE — the .dbr carries Chance / Global / XOR / DurationModifier but no stack-count or same-source-replacement rule; the semantics live in the engine, not the record",records/skills/nonplayerskillsgdx1/passive/passiveproperties_basiliskchampion.dbr :: offensiveSlowPoison-INSTANTMin/Max[26]
records/creatures/enemies/hero/basilisk_h03.dbr,ROSTER,,152,1,1,107,108,MEASURED-SET,records/skills/nonplayerskillsgdx1/path/basilisk_acidbarf.dbr,gdx1,Skill_AttackWave,0,skillName-slot,MEASURED-RANK,Poison,{^E}Poison Damage,True,27,26,IN-RANGE,175.0,,28,182.0,,5.0,,35.0,175.0,,,,,,60,60,MEASURED,"UNDECODABLE-FROM-SUBSTRATE — the .dbr carries Chance / Global / XOR / DurationModifier but no stack-count or same-source-replacement rule; the semantics live in the engine, not the record",records/skills/nonplayerskillsgdx1/path/basilisk_acidbarf.dbr :: offensiveSlowPoisonMin/Max[26]
records/creatures/enemies/hero/basilisk_h03.dbr,ROSTER,,152,1,1,107,108,MEASURED-SET,records/skills/nonplayerskillsgdx1/path/basilisk_acidbarf.dbr,gdx1,Skill_AttackWave,0,skillName-slot,MEASURED-RANK,Poison-INSTANT,,False,27,26,IN-RANGE,894.0,,28,935.0,,,,,,,,,,,60,60,MEASURED,"UNDECODABLE-FROM-SUBSTRATE — the .dbr carries Chance / Global / XOR / DurationModifier but no stack-count or same-source-replacement rule; the semantics live in the engine, not the record",records/skills/nonplayerskillsgdx1/path/basilisk_acidbarf.dbr :: offensiveSlowPoison-INSTANTMin/Max[26]
records/creatures/enemies/hero/hypporaven_h01.dbr,ROSTER,,158,2,2,107,108,MEASURED-SET,records/skills/nonplayerskillsgdx3/attackprojectile/hypporaven_darkbreath.dbr,gdx3,Skill_AttackProjectileBurst,0,skillName-slot,MEASURED-RANK,Life,{^E}Vitality Decay Damage,True,27,26,IN-RANGE,499.0,,28,519.0,,3.0,,166.3333,499.0,,,,,,60,60,MEASURED,"UNDECODABLE-FROM-SUBSTRATE — the .dbr carries Chance / Global / XOR / DurationModifier but no stack-count or same-source-replacement rule; the semantics live in the engine, not the record",records/skills/nonplayerskillsgdx3/attackprojectile/hypporaven_darkbreath.dbr :: offensiveSlowLifeMin/Max[26]
records/creatures/enemies/hero/hypporaven_h03.dbr,ROSTER,,158,1,1,107,108,MEASURED-SET,records/skills/nonplayerskillsgdx1/heroskills/archetypes/vampiric_bloodlink_buff.dbr,gdx1,SkillBuff_Debuf,1,buffSkillName,DERIVED-INHERITED-RANK,Bleeding,{^E}Bleeding Damage,True,27,26,IN-RANGE,217.0,,28,226.0,,1.0,,217.0,217.0,,,,,,60,60,MEASURED,"UNDECODABLE-FROM-SUBSTRATE — the .dbr carries Chance / Global / XOR / DurationModifier but no stack-count or same-source-replacement rule; the semantics live in the engine, not the record",records/skills/nonplayerskillsgdx1/heroskills/archetypes/vampiric_bloodlink_buff.dbr :: offensiveSlowBleedingMin/Max[26]
records/creatures/enemies/hero/hypporaven_h03.dbr,ROSTER,,158,1,1,107,108,MEASURED-SET,records/skills/nonplayerskillsgdx1/heroskills/archetypes/vampiric_bloodlink_tethermod.dbr,gdx1,SkillSecondary_Tether,0,skillName-slot,MEASURED-RANK,Bleeding,{^E}Bleeding Damage,True,27,26,IN-RANGE,434.0,,28,452.0,,1.0,,434.0,434.0,,,,,,60,60,MEASURED,"UNDECODABLE-FROM-SUBSTRATE — the .dbr carries Chance / Global / XOR / DurationModifier but no stack-count or same-source-replacement rule; the semantics live in the engine, not the record",records/skills/nonplayerskillsgdx1/heroskills/archetypes/vampiric_bloodlink_tethermod.dbr :: offensiveSlowBleedingMin/Max[26]
records/creatures/enemies/hero/hypporaven_h03.dbr,ROSTER,,158,1,1,107,108,MEASURED-SET,records/skills/nonplayerskillsgdx1/heroskills/archetypes/vampiric_passivestatmodifier.dbr,gdx1,Skill_Passive,0,skillName-slot,MEASURED-RANK,Life,{^E}Vitality Decay Damage,True,27,26,IN-RANGE,204.0,,28,214.0,,5.0,,40.8,204.0,,,,,,60,60,MEASURED,"UNDECODABLE-FROM-SUBSTRATE — the .dbr carries Chance / Global / XOR / DurationModifier but no stack-count or same-source-replacement rule; the semantics live in the engine, not the record",records/skills/nonplayerskillsgdx1/heroskills/archetypes/vampiric_passivestatmodifier.dbr :: offensiveSlowLifeMin/Max[26]
records/creatures/enemies/hero/hypporaven_h03.dbr,ROSTER,,158,1,1,107,108,MEASURED-SET,records/skills/nonplayerskillsgdx3/attackprojectile/hypporaven_darkbreath.dbr,gdx3,Skill_AttackProjectileBurst,0,skillName-slot,MEASURED-RANK,Life,{^E}Vitality Decay Damage,True,27,26,IN-RANGE,499.0,,28,519.0,,3.0,,166.3333,499.0,,,,,,60,60,MEASURED,"UNDECODABLE-FROM-SUBSTRATE — the .dbr carries Chance / Global / XOR / DurationModifier but no stack-count or same-source-replacement rule; the semantics live in the engine, not the record",records/skills/nonplayerskillsgdx3/attackprojectile/hypporaven_darkbreath.dbr :: offensiveSlowLifeMin/Max[26]
records/creatures/enemies/hero/springscrab_h01.dbr,ROSTER,,152,1,1,107,108,MEASURED-SET,records/skills/nonplayerskillsgdx3/attackmelee/springscrab_clawslam.dbr,gdx3,Skill_AttackWeapon,0,skillName-slot,MEASURED-RANK,Poison-INSTANT,,False,27,26,IN-RANGE,598.0,,28,623.0,,,,,,,,,,,60,60,MEASURED,"UNDECODABLE-FROM-SUBSTRATE — the .dbr carries Chance / Global / XOR / DurationModifier but no stack-count or same-source-replacement rule; the semantics live in the engine, not the record",records/skills/nonplayerskillsgdx3/attackmelee/springscrab_clawslam.dbr :: offensiveSlowPoison-INSTANTMin/Max[26]
records/creatures/enemies/hero/springscrab_h01.dbr,ROSTER,,152,1,1,107,108,MEASURED-SET,records/skills/nonplayerskillsgdx3/attackmelee/springscrab_shellspin.dbr,gdx3,Skill_AttackWeapon,0,skillName-slot,MEASURED-RANK,Poison-INSTANT,,False,27,26,IN-RANGE,932.0,,28,969.0,,,,,,,,,,,60,60,MEASURED,"UNDECODABLE-FROM-SUBSTRATE — the .dbr carries Chance / Global / XOR / DurationModifier but no stack-count or same-source-replacement rule; the semantics live in the engine, not the record",records/skills/nonplayerskillsgdx3/attackmelee/springscrab_shellspin.dbr :: offensiveSlowPoison-INSTANTMin/Max[26]
records/creatures/enemies/hero/springscrab_h01.dbr,ROSTER,,152,1,1,107,108,MEASURED-SET,records/skills/nonplayerskillsgdx3/passive/passiveproperties_springscrab.dbr,gdx3,Skill_Passive,0,skillName-slot,MEASURED-RANK,Poison-INSTANT,,False,27,26,IN-RANGE,130.0,,28,135.0,,,,,,,,,,,60,60,MEASURED,"UNDECODABLE-FROM-SUBSTRATE — the .dbr carries Chance / Global / XOR / DurationModifier but no stack-count or same-source-replacement rule; the semantics live in the engine, not the record",records/skills/nonplayerskillsgdx3/passive/passiveproperties_springscrab.dbr :: offensiveSlowPoison-INSTANTMin/Max[26]
records/creatures/enemies/hero/springscrab_h02.dbr,ROSTER,,152,1,1,107,108,MEASURED-SET,records/skills/nonplayerskillsgdx1/heroskills/archetypes/arcane_elementalbolt.dbr,gdx1,Skill_AttackProjectile,0,skillName-slot,MEASURED-RANK,Fire,{^E}Burn Damage,True,27,26,IN-RANGE,223.0,,28,232.0,,5.0,,44.6,223.0,,,,,,60,60,MEASURED,"UNDECODABLE-FROM-SUBSTRATE — the .dbr carries Chance / Global / XOR / DurationModifier but no stack-count or same-source-replacement rule; the semantics live in the engine, not the record",records/skills/nonplayerskillsgdx1/heroskills/archetypes/arcane_elementalbolt.dbr :: offensiveSlowFireMin/Max[26]
records/creatures/enemies/hero/springscrab_h02.dbr,ROSTER,,152,1,1,107,108,MEASURED-SET,records/skills/nonplayerskillsgdx3/attackmelee/springscrab_clawslam.dbr,gdx3,Skill_AttackWeapon,0,skillName-slot,MEASURED-RANK,Poison-INSTANT,,False,27,26,IN-RANGE,598.0,,28,623.0,,,,,,,,,,,60,60,MEASURED,"UNDECODABLE-FROM-SUBSTRATE — the .dbr carries Chance / Global / XOR / DurationModifier but no stack-count or same-source-replacement rule; the semantics live in the engine, not the record",records/skills/nonplayerskillsgdx3/attackmelee/springscrab_clawslam.dbr :: offensiveSlowPoison-INSTANTMin/Max[26]
records/creatures/enemies/hero/springscrab_h02.dbr,ROSTER,,152,1,1,107,108,MEASURED-SET,records/skills/nonplayerskillsgdx3/attackmelee/springscrab_shellspin.dbr,gdx3,Skill_AttackWeapon,0,skillName-slot,MEASURED-RANK,Poison-INSTANT,,False,27,26,IN-RANGE,932.0,,28,969.0,,,,,,,,,,,60,60,MEASURED,"UNDECODABLE-FROM-SUBSTRATE — the .dbr carries Chance / Global / XOR / DurationModifier but no stack-count or same-source-replacement rule; the semantics live in the engine, not the record",records/skills/nonplayerskillsgdx3/attackmelee/springscrab_shellspin.dbr :: offensiveSlowPoison-INSTANTMin/Max[26]
records/creatures/enemies/hero/springscrab_h02.dbr,ROSTER,,152,1,1,107,108,MEASURED-SET,records/skills/nonplayerskillsgdx3/passive/passiveproperties_springscrab.dbr,gdx3,Skill_Passive,0,skillName-slot,MEASURED-RANK,Poison-INSTANT,,False,27,26,IN-RANGE,130.0,,28,135.0,,,,,,,,,,,60,60,MEASURED,"UNDECODABLE-FROM-SUBSTRATE — the .dbr carries Chance / Global / XOR / DurationModifier but no stack-count or same-source-replacement rule; the semantics live in the engine, not the record",records/skills/nonplayerskillsgdx3/passive/passiveproperties_springscrab.dbr :: offensiveSlowPoison-INSTANTMin/Max[26]
records/creatures/enemies/hero/springscrab_h04.dbr,ROSTER,,152,1,1,107,108,MEASURED-SET,records/skills/nonplayerskillsgdx3/attackmelee/springscrab_clawslam.dbr,gdx3,Skill_AttackWeapon,0,skillName-slot,MEASURED-RANK,Poison-INSTANT,,False,27,26,IN-RANGE,598.0,,28,623.0,,,,,,,,,,,60,60,MEASURED,"UNDECODABLE-FROM-SUBSTRATE — the .dbr carries Chance / Global / XOR / DurationModifier but no stack-count or same-source-replacement rule; the semantics live in the engine, not the record",records/skills/nonplayerskillsgdx3/attackmelee/springscrab_clawslam.dbr :: offensiveSlowPoison-INSTANTMin/Max[26]
records/creatures/enemies/hero/springscrab_h04.dbr,ROSTER,,152,1,1,107,108,MEASURED-SET,records/skills/nonplayerskillsgdx3/attackmelee/springscrab_shellspin.dbr,gdx3,Skill_AttackWeapon,0,skillName-slot,MEASURED-RANK,Poison-INSTANT,,False,27,26,IN-RANGE,932.0,,28,969.0,,,,,,,,,,,60,60,MEASURED,"UNDECODABLE-FROM-SUBSTRATE — the .dbr carries Chance / Global / XOR / DurationModifier but no stack-count or same-source-replacement rule; the semantics live in the engine, not the record",records/skills/nonplayerskillsgdx3/attackmelee/springscrab_shellspin.dbr :: offensiveSlowPoison-INSTANTMin/Max[26]
records/creatures/enemies/hero/springscrab_h04.dbr,ROSTER,,152,1,1,107,108,MEASURED-SET,records/skills/nonplayerskillsgdx3/passive/passiveproperties_springscrab.dbr,gdx3,Skill_Passive,0,skillName-slot,MEASURED-RANK,Poison-INSTANT,,False,27,26,IN-RANGE,130.0,,28,135.0,,,,,,,,,,,60,60,MEASURED,"UNDECODABLE-FROM-SUBSTRATE — the .dbr carries Chance / Global / XOR / DurationModifier but no stack-count or same-source-replacement rule; the semantics live in the engine, not the record",records/skills/nonplayerskillsgdx3/passive/passiveproperties_springscrab.dbr :: offensiveSlowPoison-INSTANTMin/Max[26]
records/creatures/enemies/hero/swampgolem_h01.dbr,ROSTER,,151,1,1,107,108,MEASURED-SET,records/skills/nonplayerskillsgdx1/attackprojectilering/swampgolem_vinenova.dbr,gdx1,Skill_AttackProjectileRing,0,skillName-slot,MEASURED-RANK,Poison,{^E}Poison Damage,True,27,26,IN-RANGE,223.0,,28,233.0,,2.0,,111.5,223.0,,,,,,60,60,MEASURED,"UNDECODABLE-FROM-SUBSTRATE — the .dbr carries Chance / Global / XOR / DurationModifier but no stack-count or same-source-replacement rule; the semantics live in the engine, not the record",records/skills/nonplayerskillsgdx1/attackprojectilering/swampgolem_vinenova.dbr :: offensiveSlowPoisonMin/Max[26]
records/creatures/enemies/hero/swampgolem_h01.dbr,ROSTER,,151,1,1,107,108,MEASURED-SET,records/skills/nonplayerskillsgdx1/attackprojectilering/swampgolem_vinenova.dbr,gdx1,Skill_AttackProjectileRing,0,skillName-slot,MEASURED-RANK,Poison-INSTANT,,False,27,26,IN-RANGE,448.0,493.0,28,472.0,518.0,,,,,,,,,,60,60,MEASURED,"UNDECODABLE-FROM-SUBSTRATE — the .dbr carries Chance / Global / XOR / DurationModifier but no stack-count or same-source-replacement rule; the semantics live in the engine, not the record",records/skills/nonplayerskillsgdx1/attackprojectilering/swampgolem_vinenova.dbr :: offensiveSlowPoison-INSTANTMin/Max[26]
records/creatures/enemies/hero/swampgolem_h01.dbr,ROSTER,,151,1,1,107,108,MEASURED-SET,records/skills/nonplayerskillsgdx1/path/swampgolem_doubleswipe.dbr,gdx1,Skill_AttackWave,0,skillName-slot,MEASURED-RANK,Poison,{^E}Poison Damage,True,27,26,IN-RANGE,235.0,,28,245.0,,2.0,,117.5,235.0,,,,,,60,60,MEASURED,"UNDECODABLE-FROM-SUBSTRATE — the .dbr carries Chance / Global / XOR / DurationModifier but no stack-count or same-source-replacement rule; the semantics live in the engine, not the record",records/skills/nonplayerskillsgdx1/path/swampgolem_doubleswipe.dbr :: offensiveSlowPoisonMin/Max[26]
records/creatures/enemies/hero/swampgolem_h01.dbr,ROSTER,,151,1,1,107,108,MEASURED-SET,records/skills/nonplayerskillsgdx1/path/swampgolem_doubleswipe.dbr,gdx1,Skill_AttackWave,0,skillName-slot,MEASURED-RANK,Poison-INSTANT,,False,27,26,IN-RANGE,880.0,,28,912.0,,,,,,,,,,,60,60,MEASURED,"UNDECODABLE-FROM-SUBSTRATE — the .dbr carries Chance / Global / XOR / DurationModifier but no stack-count or same-source-replacement rule; the semantics live in the engine, not the record",records/skills/nonplayerskillsgdx1/path/swampgolem_doubleswipe.dbr :: offensiveSlowPoison-INSTANTMin/Max[26]
records/creatures/enemies/hero/swampgolem_h02.dbr,ROSTER,,151,1,1,107,108,MEASURED-SET,records/skills/nonplayerskillsgdx1/attackprojectilering/swampgolem_vinenova.dbr,gdx1,Skill_AttackProjectileRing,0,skillName-slot,MEASURED-RANK,Poison,{^E}Poison Damage,True,27,26,IN-RANGE,223.0,,28,233.0,,2.0,,111.5,223.0,,,,,,60,60,MEASURED,"UNDECODABLE-FROM-SUBSTRATE — the .dbr carries Chance / Global / XOR / DurationModifier but no stack-count or same-source-replacement rule; the semantics live in the engine, not the record",records/skills/nonplayerskillsgdx1/attackprojectilering/swampgolem_vinenova.dbr :: offensiveSlowPoisonMin/Max[26]
records/creatures/enemies/hero/swampgolem_h02.dbr,ROSTER,,151,1,1,107,108,MEASURED-SET,records/skills/nonplayerskillsgdx1/attackprojectilering/swampgolem_vinenova.dbr,gdx1,Skill_AttackProjectileRing,0,skillName-slot,MEASURED-RANK,Poison-INSTANT,,False,27,26,IN-RANGE,448.0,493.0,28,472.0,518.0,,,,,,,,,,60,60,MEASURED,"UNDECODABLE-FROM-SUBSTRATE — the .dbr carries Chance / Global / XOR / DurationModifier but no stack-count or same-source-replacement rule; the semantics live in the engine, not the record",records/skills/nonplayerskillsgdx1/attackprojectilering/swampgolem_vinenova.dbr :: offensiveSlowPoison-INSTANTMin/Max[26]
records/creatures/enemies/hero/swampgolem_h02.dbr,ROSTER,,151,1,1,107,108,MEASURED-SET,records/skills/nonplayerskillsgdx1/path/swampgolem_doubleswipe.dbr,gdx1,Skill_AttackWave,0,skillName-slot,MEASURED-RANK,Poison,{^E}Poison Damage,True,27,26,IN-RANGE,235.0,,28,245.0,,2.0,,117.5,235.0,,,,,,60,60,MEASURED,"UNDECODABLE-FROM-SUBSTRATE — the .dbr carries Chance / Global / XOR / DurationModifier but no stack-count or same-source-replacement rule; the semantics live in the engine, not the record",records/skills/nonplayerskillsgdx1/path/swampgolem_doubleswipe.dbr :: offensiveSlowPoisonMin/Max[26]
records/creatures/enemies/hero/swampgolem_h02.dbr,ROSTER,,151,1,1,107,108,MEASURED-SET,records/skills/nonplayerskillsgdx1/path/swampgolem_doubleswipe.dbr,gdx1,Skill_AttackWave,0,skillName-slot,MEASURED-RANK,Poison-INSTANT,,False,27,26,IN-RANGE,880.0,,28,912.0,,,,,,,,,,,60,60,MEASURED,"UNDECODABLE-FROM-SUBSTRATE — the .dbr carries Chance / Global / XOR / DurationModifier but no stack-count or same-source-replacement rule; the semantics live in the engine, not the record",records/skills/nonplayerskillsgdx1/path/swampgolem_doubleswipe.dbr :: offensiveSlowPoison-INSTANTMin/Max[26]
records/creatures/enemies/hero/swampgolem_h05.dbr,ROSTER,,151,1,1,107,108,MEASURED-SET,records/skills/nonplayerskillsgdx1/attackprojectilering/swampgolem_vinenova.dbr,gdx1,Skill_AttackProjectileRing,0,skillName-slot,MEASURED-RANK,Poison,{^E}Poison Damage,True,27,26,IN-RANGE,223.0,,28,233.0,,2.0,,111.5,223.0,,,,,,60,60,MEASURED,"UNDECODABLE-FROM-SUBSTRATE — the .dbr carries Chance / Global / XOR / DurationModifier but no stack-count or same-source-replacement rule; the semantics live in the engine, not the record",records/skills/nonplayerskillsgdx1/attackprojectilering/swampgolem_vinenova.dbr :: offensiveSlowPoisonMin/Max[26]
records/creatures/enemies/hero/swampgolem_h05.dbr,ROSTER,,151,1,1,107,108,MEASURED-SET,records/skills/nonplayerskillsgdx1/attackprojectilering/swampgolem_vinenova.dbr,gdx1,Skill_AttackProjectileRing,0,skillName-slot,MEASURED-RANK,Poison-INSTANT,,False,27,26,IN-RANGE,448.0,493.0,28,472.0,518.0,,,,,,,,,,60,60,MEASURED,"UNDECODABLE-FROM-SUBSTRATE — the .dbr carries Chance / Global / XOR / DurationModifier but no stack-count or same-source-replacement rule; the semantics live in the engine, not the record",records/skills/nonplayerskillsgdx1/attackprojectilering/swampgolem_vinenova.dbr :: offensiveSlowPoison-INSTANTMin/Max[26]
records/creatures/enemies/hero/swampgolem_h05.dbr,ROSTER,,151,1,1,107,108,MEASURED-SET,records/skills/nonplayerskillsgdx1/path/swampgolem_doubleswipe.dbr,gdx1,Skill_AttackWave,0,skillName-slot,MEASURED-RANK,Poison,{^E}Poison Damage,True,27,26,IN-RANGE,235.0,,28,245.0,,2.0,,117.5,235.0,,,,,,60,60,MEASURED,"UNDECODABLE-FROM-SUBSTRATE — the .dbr carries Chance / Global / XOR / DurationModifier but no stack-count or same-source-replacement rule; the semantics live in the engine, not the record",records/skills/nonplayerskillsgdx1/path/swampgolem_doubleswipe.dbr :: offensiveSlowPoisonMin/Max[26]
records/creatures/enemies/hero/swampgolem_h05.dbr,ROSTER,,151,1,1,107,108,MEASURED-SET,records/skills/nonplayerskillsgdx1/path/swampgolem_doubleswipe.dbr,gdx1,Skill_AttackWave,0,skillName-slot,MEASURED-RANK,Poison-INSTANT,,False,27,26,IN-RANGE,880.0,,28,912.0,,,,,,,,,,,60,60,MEASURED,"UNDECODABLE-FROM-SUBSTRATE — the .dbr carries Chance / Global / XOR / DurationModifier but no stack-count or same-source-replacement rule; the semantics live in the engine, not the record",records/skills/nonplayerskillsgdx1/path/swampgolem_doubleswipe.dbr :: offensiveSlowPoison-INSTANTMin/Max[26]
records/creatures/enemies/hero/wendigo_h01.dbr,ROSTER,,151,2,2,107,108,MEASURED-SET,records/skills/nonplayerskillsgdx1/aoe/wendigo_crimsonpool.dbr,gdx1,Skill_AttackProjectileAreaEffect,0,skillName-slot,MEASURED-RANK,Bleeding,{^E}Bleeding Damage,True,27,26,IN-RANGE,486.0,,28,516.0,,1.0,,486.0,486.0,,,,,,60,60,MEASURED,"UNDECODABLE-FROM-SUBSTRATE — the .dbr carries Chance / Global / XOR / DurationModifier but no stack-count or same-source-replacement rule; the semantics live in the engine, not the record",records/skills/nonplayerskillsgdx1/aoe/wendigo_crimsonpool.dbr :: offensiveSlowBleedingMin/Max[26]
records/creatures/enemies/hero/wendigo_h01.dbr,ROSTER,,151,2,2,107,108,MEASURED-SET,records/skills/nonplayerskillsgdx1/attackmelee/wendigo_tripleswipe.dbr,gdx1,Skill_AttackWeapon,0,skillName-slot,MEASURED-RANK,Bleeding,{^E}Bleeding Damage,True,27,26,IN-RANGE,366.0,,28,378.0,,2.0,,183.0,366.0,,,,,,60,60,MEASURED,"UNDECODABLE-FROM-SUBSTRATE — the .dbr carries Chance / Global / XOR / DurationModifier but no stack-count or same-source-replacement rule; the semantics live in the engine, not the record",records/skills/nonplayerskillsgdx1/attackmelee/wendigo_tripleswipe.dbr :: offensiveSlowBleedingMin/Max[26]
records/creatures/enemies/hero/wendigo_h01.dbr,ROSTER,,151,2,2,107,108,MEASURED-SET,records/skills/nonplayerskillsgdx1/heroskills/archetypes/arcane_elementalbolt.dbr,gdx1,Skill_AttackProjectile,0,skillName-slot,MEASURED-RANK,Fire,{^E}Burn Damage,True,27,26,IN-RANGE,223.0,,28,232.0,,5.0,,44.6,223.0,,,,,,60,60,MEASURED,"UNDECODABLE-FROM-SUBSTRATE — the .dbr carries Chance / Global / XOR / DurationModifier but no stack-count or same-source-replacement rule; the semantics live in the engine, not the record",records/skills/nonplayerskillsgdx1/heroskills/archetypes/arcane_elementalbolt.dbr :: offensiveSlowFireMin/Max[26]
records/creatures/enemies/hero/wendigo_h01.dbr,ROSTER,,151,2,2,107,108,MEASURED-SET,records/skills/nonplayerskillsgdx1/passive/passiveproperties_wendigo.dbr,gdx1,Skill_Passive,0,skillName-slot,MEASURED-RANK,Life,{^E}Vitality Decay Damage,True,27,26,IN-RANGE,169.0,,28,175.0,,3.0,,56.3333,169.0,25.0,,,,,60,63,MEASURED,"UNDECODABLE-FROM-SUBSTRATE — the .dbr carries Chance / Global / XOR / DurationModifier but no stack-count or same-source-replacement rule; the semantics live in the engine, not the record",records/skills/nonplayerskillsgdx1/passive/passiveproperties_wendigo.dbr :: offensiveSlowLifeMin/Max[26]
records/creatures/enemies/hero/wendigo_h04.dbr,ROSTER,,151,1,1,107,108,MEASURED-SET,records/skills/nonplayerskillsgdx1/aoe/wendigo_crimsonpool.dbr,gdx1,Skill_AttackProjectileAreaEffect,0,skillName-slot,MEASURED-RANK,Bleeding,{^E}Bleeding Damage,True,27,26,IN-RANGE,486.0,,28,516.0,,1.0,,486.0,486.0,,,,,,60,60,MEASURED,"UNDECODABLE-FROM-SUBSTRATE — the .dbr carries Chance / Global / XOR / DurationModifier but no stack-count or same-source-replacement rule; the semantics live in the engine, not the record",records/skills/nonplayerskillsgdx1/aoe/wendigo_crimsonpool.dbr :: offensiveSlowBleedingMin/Max[26]
records/creatures/enemies/hero/wendigo_h04.dbr,ROSTER,,151,1,1,107,108,MEASURED-SET,records/skills/nonplayerskillsgdx1/attackmelee/wendigo_tripleswipe.dbr,gdx1,Skill_AttackWeapon,0,skillName-slot,MEASURED-RANK,Bleeding,{^E}Bleeding Damage,True,27,26,IN-RANGE,366.0,,28,378.0,,2.0,,183.0,366.0,,,,,,60,60,MEASURED,"UNDECODABLE-FROM-SUBSTRATE — the .dbr carries Chance / Global / XOR / DurationModifier but no stack-count or same-source-replacement rule; the semantics live in the engine, not the record",records/skills/nonplayerskillsgdx1/attackmelee/wendigo_tripleswipe.dbr :: offensiveSlowBleedingMin/Max[26]
records/creatures/enemies/hero/wendigo_h04.dbr,ROSTER,,151,1,1,107,108,MEASURED-SET,records/skills/nonplayerskillsgdx1/passive/passiveproperties_wendigo.dbr,gdx1,Skill_Passive,0,skillName-slot,MEASURED-RANK,Life,{^E}Vitality Decay Damage,True,27,26,IN-RANGE,169.0,,28,175.0,,3.0,,56.3333,169.0,25.0,,,,,60,63,MEASURED,"UNDECODABLE-FROM-SUBSTRATE — the .dbr carries Chance / Global / XOR / DurationModifier but no stack-count or same-source-replacement rule; the semantics live in the engine, not the record",records/skills/nonplayerskillsgdx1/passive/passiveproperties_wendigo.dbr :: offensiveSlowLifeMin/Max[26]
records/creatures/enemies/livingplant_a01.dbr,ROSTER,,151|153,5,0,103,104,MEASURED-SET,records/skills/nonplayerskillsgdx1/attackmelee/livingplant_bite.dbr,gdx1,Skill_AttackWeapon,0,skillName-slot,MEASURED-RANK,Bleeding,{^E}Bleeding Damage,True,26,25,IN-RANGE,200.0,,27,213.0,,5.0,,40.0,200.0,,,,,,60,60,MEASURED,"UNDECODABLE-FROM-SUBSTRATE — the .dbr carries Chance / Global / XOR / DurationModifier but no stack-count or same-source-replacement rule; the semantics live in the engine, not the record",records/skills/nonplayerskillsgdx1/attackmelee/livingplant_bite.dbr :: offensiveSlowBleedingMin/Max[25]
records/creatures/enemies/livingplant_a01.dbr,ROSTER,,151|153,5,0,103,104,MEASURED-SET,records/skills/nonplayerskillsgdx1/attackprojectile/livingplant_venomousseed.dbr,gdx1,Skill_AttackProjectileDrop,0,skillName-slot,MEASURED-RANK,Poison,{^E}Poison Damage,True,26,25,IN-RANGE,231.0,,27,241.0,,5.0,,46.2,231.0,,,,,,60,60,MEASURED,"UNDECODABLE-FROM-SUBSTRATE — the .dbr carries Chance / Global / XOR / DurationModifier but no stack-count or same-source-replacement rule; the semantics live in the engine, not the record",records/skills/nonplayerskillsgdx1/attackprojectile/livingplant_venomousseed.dbr :: offensiveSlowPoisonMin/Max[25]
records/creatures/enemies/livingplant_a01.dbr,ROSTER,,151|153,5,0,103,104,MEASURED-SET,records/skills/nonplayerskillsgdx1/attackprojectile/livingplant_venomousseed.dbr,gdx1,Skill_AttackProjectileDrop,0,skillName-slot,MEASURED-RANK,Poison-INSTANT,,False,26,25,IN-RANGE,873.0,,27,911.0,,,,,,,,,,,60,60,MEASURED,"UNDECODABLE-FROM-SUBSTRATE — the .dbr carries Chance / Global / XOR / DurationModifier but no stack-count or same-source-replacement rule; the semantics live in the engine, not the record",records/skills/nonplayerskillsgdx1/attackprojectile/livingplant_venomousseed.dbr :: offensiveSlowPoison-INSTANTMin/Max[25]
records/creatures/enemies/livingplant_a01_summon.dbr,PET-SUMMON,records/creatures/enemies/hero/swampgolem_h01.dbr|records/creatures/enemies/hero/swampgolem_h02.dbr|records/creatures/enemies/hero/swampgolem_h05.dbr,,0,0,107,108,DERIVED-INHERITED,records/skills/nonplayerskillsgdx1/attackmelee/livingplant_bite.dbr,gdx1,Skill_AttackWeapon,0,skillName-slot,MEASURED-RANK,Bleeding,{^E}Bleeding Damage,True,27,26,IN-RANGE,213.0,,28,220.0,,5.0,,42.6,213.0,,,,,,60,60,MEASURED,"UNDECODABLE-FROM-SUBSTRATE — the .dbr carries Chance / Global / XOR / DurationModifier but no stack-count or same-source-replacement rule; the semantics live in the engine, not the record",records/skills/nonplayerskillsgdx1/attackmelee/livingplant_bite.dbr :: offensiveSlowBleedingMin/Max[26]
records/creatures/enemies/livingplant_a01_summon.dbr,PET-SUMMON,records/creatures/enemies/hero/swampgolem_h01.dbr|records/creatures/enemies/hero/swampgolem_h02.dbr|records/creatures/enemies/hero/swampgolem_h05.dbr,,0,0,107,108,DERIVED-INHERITED,records/skills/nonplayerskillsgdx1/attackprojectile/livingplant_venomousseed.dbr,gdx1,Skill_AttackProjectileDrop,0,skillName-slot,MEASURED-RANK,Poison,{^E}Poison Damage,True,27,26,IN-RANGE,241.0,,28,252.0,,5.0,,48.2,241.0,,,,,,60,60,MEASURED,"UNDECODABLE-FROM-SUBSTRATE — the .dbr carries Chance / Global / XOR / DurationModifier but no stack-count or same-source-replacement rule; the semantics live in the engine, not the record",records/skills/nonplayerskillsgdx1/attackprojectile/livingplant_venomousseed.dbr :: offensiveSlowPoisonMin/Max[26]
records/creatures/enemies/livingplant_a01_summon.dbr,PET-SUMMON,records/creatures/enemies/hero/swampgolem_h01.dbr|records/creatures/enemies/hero/swampgolem_h02.dbr|records/creatures/enemies/hero/swampgolem_h05.dbr,,0,0,107,108,DERIVED-INHERITED,records/skills/nonplayerskillsgdx1/attackprojectile/livingplant_venomousseed.dbr,gdx1,Skill_AttackProjectileDrop,0,skillName-slot,MEASURED-RANK,Poison-INSTANT,,False,27,26,IN-RANGE,911.0,,28,952.0,,,,,,,,,,,60,60,MEASURED,"UNDECODABLE-FROM-SUBSTRATE — the .dbr carries Chance / Global / XOR / DurationModifier but no stack-count or same-source-replacement rule; the semantics live in the engine, not the record",records/skills/nonplayerskillsgdx1/attackprojectile/livingplant_venomousseed.dbr :: offensiveSlowPoison-INSTANTMin/Max[26]
records/creatures/enemies/nemesis/nemesis_aetherialvanguard_01.dbr,ROSTER,,160,1,0,109,109,MEASURED-SET,records/skills/nonplayerskillsgdx1/bossskills/nemesis/aetherialvanguard_aetherbreath.dbr,gdx1,Skill_AttackWave,0,skillName-slot,MEASURED-RANK,Fire,{^E}Burn Damage,True,28,27,IN-RANGE,230.0,,28,230.0,,5.0,,46.0,230.0,,,,,,60,60,MEASURED,"UNDECODABLE-FROM-SUBSTRATE — the .dbr carries Chance / Global / XOR / DurationModifier but no stack-count or same-source-replacement rule; the semantics live in the engine, not the record",records/skills/nonplayerskillsgdx1/bossskills/nemesis/aetherialvanguard_aetherbreath.dbr :: offensiveSlowFireMin/Max[27]
records/creatures/enemies/nemesis/nemesis_aetherialvanguard_01.dbr,ROSTER,,160,1,0,109,109,MEASURED-SET,records/skills/nonplayerskillsgdx1/bossskills/nemesis/aetherialvanguard_aethermeteor.dbr,gdx1,Skill_AttackProjectileDrop,0,skillName-slot,MEASURED-RANK,Fire,{^E}Burn Damage,True,28,27,IN-RANGE,550.0,,28,550.0,,8.0,,68.75,550.0,,,,,,60,60,MEASURED,"UNDECODABLE-FROM-SUBSTRATE — the .dbr carries Chance / Global / XOR / DurationModifier but no stack-count or same-source-replacement rule; the semantics live in the engine, not the record",records/skills/nonplayerskillsgdx1/bossskills/nemesis/aetherialvanguard_aethermeteor.dbr :: offensiveSlowFireMin/Max[27]
records/creatures/enemies/nemesis/nemesis_beast_01_p1.dbr,ROSTER,,154,1,0,109,109,MEASURED-SET,records/skills/nonplayerskillsgdx1/bossskills/nemesis/beast_bloodbreath.dbr,gdx1,Skill_AttackWave,0,skillName-slot,MEASURED-RANK,Bleeding,{^E}Bleeding Damage,True,28,27,IN-RANGE,690.0,,28,690.0,,2.0,,345.0,690.0,,,,,,60,60,MEASURED,"UNDECODABLE-FROM-SUBSTRATE — the .dbr carries Chance / Global / XOR / DurationModifier but no stack-count or same-source-replacement rule; the semantics live in the engine, not the record",records/skills/nonplayerskillsgdx1/bossskills/nemesis/beast_bloodbreath.dbr :: offensiveSlowBleedingMin/Max[27]
records/creatures/enemies/nemesis/nemesis_beast_01_p1.dbr,ROSTER,,154,1,0,109,109,MEASURED-SET,records/skills/nonplayerskillsgdx1/bossskills/nemesis/beast_bloodgore.dbr,gdx1,Skill_AttackWeapon,0,skillName-slot,MEASURED-RANK,Bleeding,{^E}Bleeding Damage,True,28,27,IN-RANGE,794.0,,28,794.0,,3.0,,264.6667,794.0,,,,,,60,60,MEASURED,"UNDECODABLE-FROM-SUBSTRATE — the .dbr carries Chance / Global / XOR / DurationModifier but no stack-count or same-source-replacement rule; the semantics live in the engine, not the record",records/skills/nonplayerskillsgdx1/bossskills/nemesis/beast_bloodgore.dbr :: offensiveSlowBleedingMin/Max[27]
records/creatures/enemies/nemesis/nemesis_beast_01_p1.dbr,ROSTER,,154,1,0,109,109,MEASURED-SET,records/skills/nonplayerskillsgdx1/bossskills/nemesis/beast_bonespines.dbr,gdx1,Skill_AttackWave,0,skillName-slot,MEASURED-RANK,Bleeding,{^E}Bleeding Damage,True,28,27,IN-RANGE,706.0,,28,706.0,,3.0,,235.3333,706.0,,,,,,60,60,MEASURED,"UNDECODABLE-FROM-SUBSTRATE — the .dbr carries Chance / Global / XOR / DurationModifier but no stack-count or same-source-replacement rule; the semantics live in the engine, not the record",records/skills/nonplayerskillsgdx1/bossskills/nemesis/beast_bonespines.dbr :: offensiveSlowBleedingMin/Max[27]
records/creatures/enemies/nemesis/nemesis_beast_01_p1.dbr,ROSTER,,154,1,0,109,109,MEASURED-SET,records/skills/nonplayerskillsgdx1/bossskills/nemesis/beast_crimsonpool_hitsecondary.dbr,sm1,Skill_AttackProjectileAreaEffect,0,skillName-slot,MEASURED-RANK,Bleeding,{^E}Bleeding Damage,True,28,27,IN-RANGE,560.0,,28,560.0,,1.0,,560.0,560.0,,,,,,60,60,MEASURED,"UNDECODABLE-FROM-SUBSTRATE — the .dbr carries Chance / Global / XOR / DurationModifier but no stack-count or same-source-replacement rule; the semantics live in the engine, not the record",records/skills/nonplayerskillsgdx1/bossskills/nemesis/beast_crimsonpool_hitsecondary.dbr :: offensiveSlowBleedingMin/Max[27]
records/creatures/enemies/nemesis/nemesis_beast_01_p1.dbr,ROSTER,,154,1,0,109,109,MEASURED-SET,records/skills/nonplayerskillsgdx1/bossskills/nemesis/beast_howl.dbr,gdx1,Skill_AttackRadius,0,skillName-slot,MEASURED-RANK,Bleeding,{^E}Bleeding Damage,True,28,27,IN-RANGE,632.0,,28,632.0,,5.0,,126.4,632.0,,,,,,60,60,MEASURED,"UNDECODABLE-FROM-SUBSTRATE — the .dbr carries Chance / Global / XOR / DurationModifier but no stack-count or same-source-replacement rule; the semantics live in the engine, not the record",records/skills/nonplayerskillsgdx1/bossskills/nemesis/beast_howl.dbr :: offensiveSlowBleedingMin/Max[27]
records/creatures/enemies/nemesis/nemesis_beast_01_p1.dbr,ROSTER,,154,1,0,109,109,MEASURED-SET,records/skills/nonplayerskillsgdx1/bossskills/nemesis/beast_passiveproperties_01.dbr,gdx1,Skill_Passive,0,skillName-slot,MEASURED-RANK,Bleeding,{^E}Bleeding Damage,True,28,27,IN-RANGE,429.0,,28,429.0,,2.0,,214.5,429.0,,,,,,60,60,MEASURED,"UNDECODABLE-FROM-SUBSTRATE — the .dbr carries Chance / Global / XOR / DurationModifier but no stack-count or same-source-replacement rule; the semantics live in the engine, not the record",records/skills/nonplayerskillsgdx1/bossskills/nemesis/beast_passiveproperties_01.dbr :: offensiveSlowBleedingMin/Max[27]
records/creatures/enemies/nemesis/nemesis_kymon_01.dbr,ROSTER,,160,1,0,109,109,MEASURED-SET,records/skills/nonplayerskillsgdx3/bossskills/nemesis/kymon1_hellfirebreath.dbr,gdx3,Skill_AttackWave,0,skillName-slot,MEASURED-RANK,Fire,{^E}Burn Damage,True,28,27,IN-RANGE,428.0,,28,428.0,,5.0,,85.6,428.0,,,,,,60,60,MEASURED,"UNDECODABLE-FROM-SUBSTRATE — the .dbr carries Chance / Global / XOR / DurationModifier but no stack-count or same-source-replacement rule; the semantics live in the engine, not the record",records/skills/nonplayerskillsgdx3/bossskills/nemesis/kymon1_hellfirebreath.dbr :: offensiveSlowFireMin/Max[27]
records/creatures/enemies/nemesis/nemesis_wendigo_01.dbr,ROSTER,,160,1,0,109,109,MEASURED-SET,records/skills/nonplayerskillsgdx1/bossskills/nemesis/wendigo_wpattack03.dbr,gdx1,Skill_WPAttack_BasicAttack,0,skillName-slot,MEASURED-RANK,Bleeding,{^E}Bleeding Damage,True,28,27,IN-RANGE,362.0,,28,362.0,,2.0,,181.0,362.0,,,,,,60,60,MEASURED,"UNDECODABLE-FROM-SUBSTRATE — the .dbr carries Chance / Global / XOR / DurationModifier but no stack-count or same-source-replacement rule; the semantics live in the engine, not the record",records/skills/nonplayerskillsgdx1/bossskills/nemesis/wendigo_wpattack03.dbr :: offensiveSlowBleedingMin/Max[27]
records/creatures/enemies/raptor_witchgod_a01_summon.dbr,PET-SUMMON,records/creatures/enemies/boss&quest/witchgod_finalboss.dbr,,0,0,106,108,DERIVED-INHERITED,records/skills/nonplayerskills/passive/passiveproperties_witchgod_raptor.dbr,base,Skill_Passive,0,skillName-slot,MEASURED-RANK,LifeLeach,{^E}Life Leech,True,26,25,IN-RANGE,157.0,,27,163.0,,2.0,,78.5,157.0,33.0,,,,,60,63,MEASURED,"UNDECODABLE-FROM-SUBSTRATE — the .dbr carries Chance / Global / XOR / DurationModifier but no stack-count or same-source-replacement rule; the semantics live in the engine, not the record",records/skills/nonplayerskills/passive/passiveproperties_witchgod_raptor.dbr :: offensiveSlowLifeLeachMin/Max[25]
records/creatures/enemies/sandlizard_volcanic_b01.dbr,ROSTER,,158,2,0,103,104,MEASURED-SET,records/skills/nonplayerskillsgdx2/attackcharge/sandlizard_leap.dbr,gdx2,Skill_AttackRadiusLeap,0,skillName-slot,MEASURED-RANK,Bleeding,{^E}Bleeding Damage,True,26,25,IN-RANGE,183.0,,27,192.0,,2.0,,91.5,183.0,,,,,,60,60,MEASURED,"UNDECODABLE-FROM-SUBSTRATE — the .dbr carries Chance / Global / XOR / DurationModifier but no stack-count or same-source-replacement rule; the semantics live in the engine, not the record",records/skills/nonplayerskillsgdx2/attackcharge/sandlizard_leap.dbr :: offensiveSlowBleedingMin/Max[25]
records/creatures/enemies/sandlizard_volcanic_b02.dbr,ROSTER,,158,1,0,103,104,MEASURED-SET,records/skills/nonplayerskillsgdx2/attackmelee/volcaniclizard_fireclaw.dbr,gdx2,Skill_AttackWeapon,0,skillName-slot,MEASURED-RANK,Fire,{^E}Burn Damage,True,26,25,IN-RANGE,192.0,,27,202.0,,5.0,,38.4,192.0,,,,,,60,60,MEASURED,"UNDECODABLE-FROM-SUBSTRATE — the .dbr carries Chance / Global / XOR / DurationModifier but no stack-count or same-source-replacement rule; the semantics live in the engine, not the record",records/skills/nonplayerskillsgdx2/attackmelee/volcaniclizard_fireclaw.dbr :: offensiveSlowFireMin/Max[25]
records/creatures/enemies/sandlizard_volcanic_c01.dbr,ROSTER,,158,2,0,105,106,MEASURED-SET,records/skills/nonplayerskillsgdx2/attackcharge/volcaniclizard_charge.dbr,gdx2,Skill_AttackWeaponCharge,0,skillName-slot,MEASURED-RANK,Fire,{^E}Burn Damage,True,27,26,IN-RANGE,192.0,,27,192.0,,2.0,,96.0,192.0,,,,,,60,60,MEASURED,"UNDECODABLE-FROM-SUBSTRATE — the .dbr carries Chance / Global / XOR / DurationModifier but no stack-count or same-source-replacement rule; the semantics live in the engine, not the record",records/skills/nonplayerskillsgdx2/attackcharge/volcaniclizard_charge.dbr :: offensiveSlowFireMin/Max[26]
records/creatures/enemies/sandlizard_volcanic_c01.dbr,ROSTER,,158,2,0,105,106,MEASURED-SET,records/skills/nonplayerskillsgdx2/attackmelee/volcaniclizard_fireclaw.dbr,gdx2,Skill_AttackWeapon,0,skillName-slot,MEASURED-RANK,Fire,{^E}Burn Damage,True,27,26,IN-RANGE,202.0,,27,202.0,,5.0,,40.4,202.0,,,,,,60,60,MEASURED,"UNDECODABLE-FROM-SUBSTRATE — the .dbr carries Chance / Global / XOR / DurationModifier but no stack-count or same-source-replacement rule; the semantics live in the engine, not the record",records/skills/nonplayerskillsgdx2/attackmelee/volcaniclizard_fireclaw.dbr :: offensiveSlowFireMin/Max[26]
records/creatures/enemies/sandlizard_volcanic_c01.dbr,ROSTER,,158,2,0,105,106,MEASURED-SET,records/skills/nonplayerskillsgdx2/path/volcaniclizard_firebreath.dbr,gdx2,Skill_AttackWave,0,skillName-slot,MEASURED-RANK,Fire,{^E}Burn Damage,True,27,26,IN-RANGE,231.0,,27,231.0,,5.0,,46.2,231.0,,,,,,60,60,MEASURED,"UNDECODABLE-FROM-SUBSTRATE — the .dbr carries Chance / Global / XOR / DurationModifier but no stack-count or same-source-replacement rule; the semantics live in the engine, not the record",records/skills/nonplayerskillsgdx2/path/volcaniclizard_firebreath.dbr :: offensiveSlowFireMin/Max[26]
records/creatures/enemies/skeleton_b02_knight_summon.dbr,PET-SUMMON,records/creatures/enemies/devotion/skeleton_h09.dbr,,0,0,107,108,DERIVED-INHERITED,records/skills/nonplayerskills/attackmelee/melee_bleeding+33%life.dbr,base,Skill_AttackWeapon,0,skillName-slot,MEASURED-RANK,Bleeding,{^E}Bleeding Damage,True,107,59,CLAMPED-HIGH,1275.0,,108,1275.0,,3.0,,425.0,1275.0,,,,,,60,60,MEASURED-CLAMPED-HIGH,"UNDECODABLE-FROM-SUBSTRATE — the .dbr carries Chance / Global / XOR / DurationModifier but no stack-count or same-source-replacement rule; the semantics live in the engine, not the record",records/skills/nonplayerskills/attackmelee/melee_bleeding+33%life.dbr :: offensiveSlowBleedingMin/Max[59]
records/creatures/enemies/skeleton_c01_summon.dbr,PET-SUMMON,records/creatures/enemies/boss&quest/skeletalgolem_stepsoftorment_01.dbr,,0,0,106,108,DERIVED-INHERITED,records/skills/nonplayerskills/attackprojectilering/skeleton_fireballnova.dbr,base,Skill_AttackProjectileRing,0,skillName-slot,MEASURED-RANK,Fire,{^E}Burn Damage,True,27,26,IN-RANGE,245.0,,28,258.0,,2.0,,122.5,245.0,,,,,,60,60,MEASURED,"UNDECODABLE-FROM-SUBSTRATE — the .dbr carries Chance / Global / XOR / DurationModifier but no stack-count or same-source-replacement rule; the semantics live in the engine, not the record",records/skills/nonplayerskills/attackprojectilering/skeleton_fireballnova.dbr :: offensiveSlowFireMin/Max[26]
records/creatures/enemies/skeleton_c01_summon.dbr,PET-SUMMON,records/creatures/enemies/boss&quest/skeletalgolem_stepsoftorment_01.dbr,,0,0,106,108,DERIVED-INHERITED,records/skills/nonplayerskills/buffattackradius/skeleton_ringofflame1.dbr,base,Skill_BuffAttackRadiusDuration,0,skillName-slot,MEASURED-RANK,Fire,{^E}Burn Damage,True,27,26,IN-RANGE,396.0,,28,410.0,,2.0,,198.0,396.0,,,,,,60,60,MEASURED,"UNDECODABLE-FROM-SUBSTRATE — the .dbr carries Chance / Global / XOR / DurationModifier but no stack-count or same-source-replacement rule; the semantics live in the engine, not the record",records/skills/nonplayerskills/buffattackradius/skeleton_ringofflame1.dbr :: offensiveSlowFireMin/Max[26]
records/creatures/enemies/skeleton_c01_summon.dbr,PET-SUMMON,records/creatures/enemies/boss&quest/skeletalgolem_stepsoftorment_01.dbr,,0,0,106,108,DERIVED-INHERITED,records/skills/nonplayerskills/passive/passiveproperties_revenant_fire.dbr,base,Skill_Passive,0,skillName-slot,MEASURED-RANK,Fire,{^E}Burn Damage,True,27,26,IN-RANGE,287.0,,28,299.0,,2.0,,143.5,287.0,15.0,,,,,60,60,MEASURED,"UNDECODABLE-FROM-SUBSTRATE — the .dbr carries Chance / Global / XOR / DurationModifier but no stack-count or same-source-replacement rule; the semantics live in the engine, not the record",records/skills/nonplayerskills/passive/passiveproperties_revenant_fire.dbr :: offensiveSlowFireMin/Max[26]
records/creatures/enemies/springscrab_a00_summon.dbr,PET-SUMMON,records/creatures/enemies/hero/springscrab_h01.dbr|records/creatures/enemies/hero/springscrab_h02.dbr|records/creatures/enemies/hero/springscrab_h04.dbr,,0,0,107,108,DERIVED-INHERITED,records/skills/nonplayerskillsgdx3/passive/passiveproperties_springscrab_small.dbr,gdx3,Skill_Passive,0,skillName-slot,MEASURED-RANK,Poison-INSTANT,,False,27,26,IN-RANGE,63.0,,28,67.0,,,,,,,,,,,60,63,MEASURED,"UNDECODABLE-FROM-SUBSTRATE — the .dbr carries Chance / Global / XOR / DurationModifier but no stack-count or same-source-replacement rule; the semantics live in the engine, not the record",records/skills/nonplayerskillsgdx3/passive/passiveproperties_springscrab_small.dbr :: offensiveSlowPoison-INSTANTMin/Max[26]
records/creatures/enemies/swampcrab_b01.dbr,ROSTER,,158,3,0,103,104,MEASURED-SET,records/skills/nonplayerskillsgdx1/path/ghostcrab_waterbreath.dbr,gdx1,Skill_AttackWave,0,skillName-slot,MEASURED-RANK,Cold,{^E}Frostburn Damage,True,26,25,IN-RANGE,209.0,,27,218.0,,6.0,,34.8333,209.0,,,,,,60,60,MEASURED,"UNDECODABLE-FROM-SUBSTRATE — the .dbr carries Chance / Global / XOR / DurationModifier but no stack-count or same-source-replacement rule; the semantics live in the engine, not the record",records/skills/nonplayerskillsgdx1/path/ghostcrab_waterbreath.dbr :: offensiveSlowColdMin/Max[25]
records/creatures/enemies/swampcrab_b01_summon.dbr,PET-SUMMON,records/creatures/enemies/boss&quest/swampcrab_ugdenbog_01.dbr,,0,0,106,108,DERIVED-INHERITED,records/skills/nonplayerskillsgdx1/path/ghostcrab_waterbreath.dbr,gdx1,Skill_AttackWave,0,skillName-slot,MEASURED-RANK,Cold,{^E}Frostburn Damage,True,27,26,IN-RANGE,218.0,,28,227.0,,6.0,,36.3333,218.0,,,,,,60,60,MEASURED,"UNDECODABLE-FROM-SUBSTRATE — the .dbr carries Chance / Global / XOR / DurationModifier but no stack-count or same-source-replacement rule; the semantics live in the engine, not the record",records/skills/nonplayerskillsgdx1/path/ghostcrab_waterbreath.dbr :: offensiveSlowColdMin/Max[26]
records/creatures/enemies/swampgolem_a01.dbr,ROSTER,,151|153,4,0,103,106,MEASURED-SET,records/skills/nonplayerskillsgdx1/path/swampgolem_doubleswipe.dbr,gdx1,Skill_AttackWave,0,skillName-slot,MEASURED-RANK,Poison,{^E}Poison Damage,True,26,25,IN-RANGE,225.0,,27,235.0,,2.0,,112.5,225.0,,,,,,60,60,MEASURED,"UNDECODABLE-FROM-SUBSTRATE — the .dbr carries Chance / Global / XOR / DurationModifier but no stack-count or same-source-replacement rule; the semantics live in the engine, not the record",records/skills/nonplayerskillsgdx1/path/swampgolem_doubleswipe.dbr :: offensiveSlowPoisonMin/Max[25]
records/creatures/enemies/swampgolem_a01.dbr,ROSTER,,151|153,4,0,103,106,MEASURED-SET,records/skills/nonplayerskillsgdx1/path/swampgolem_doubleswipe.dbr,gdx1,Skill_AttackWave,0,skillName-slot,MEASURED-RANK,Poison-INSTANT,,False,26,25,IN-RANGE,844.0,,27,880.0,,,,,,,,,,,60,60,MEASURED,"UNDECODABLE-FROM-SUBSTRATE — the .dbr carries Chance / Global / XOR / DurationModifier but no stack-count or same-source-replacement rule; the semantics live in the engine, not the record",records/skills/nonplayerskillsgdx1/path/swampgolem_doubleswipe.dbr :: offensiveSlowPoison-INSTANTMin/Max[25]
records/creatures/enemies/thornedhorrorfrost_a01.dbr,ROSTER,,152,1,0,102,103,MEASURED-SET,records/skills/nonplayerskillsgdx3/passive/passiveproperties_thornedhorrorfrost.dbr,gdx3,Skill_Passive,0,skillName-slot,MEASURED-RANK,Cold,{^E}Frostburn Damage,True,26,25,IN-RANGE,106.0,,26,106.0,,3.0,,35.3333,106.0,30.0,,,,,60,63,MEASURED,"UNDECODABLE-FROM-SUBSTRATE — the .dbr carries Chance / Global / XOR / DurationModifier but no stack-count or same-source-replacement rule; the semantics live in the engine, not the record",records/skills/nonplayerskillsgdx3/passive/passiveproperties_thornedhorrorfrost.dbr :: offensiveSlowColdMin/Max[25]
records/creatures/enemies/thornedhorrorfrost_b01.dbr,ROSTER,,152,4,0,103,104,MEASURED-SET,records/skills/nonplayerskillsgdx3/passive/passiveproperties_thornedhorrorfrostchampion.dbr,gdx3,Skill_Passive,0,skillName-slot,MEASURED-RANK,Cold,{^E}Frostburn Damage,True,26,25,IN-RANGE,106.0,,27,111.0,,3.0,,35.3333,106.0,,,,,,60,63,MEASURED,"UNDECODABLE-FROM-SUBSTRATE — the .dbr carries Chance / Global / XOR / DurationModifier but no stack-count or same-source-replacement rule; the semantics live in the engine, not the record",records/skills/nonplayerskillsgdx3/passive/passiveproperties_thornedhorrorfrostchampion.dbr :: offensiveSlowColdMin/Max[25]
records/creatures/enemies/thornedhorrorfrost_c01.dbr,ROSTER,,152,2,0,104,106,MEASURED-SET,records/skills/nonplayerskillsgdx3/passive/passiveproperties_thornedhorrorfrostchampion.dbr,gdx3,Skill_Passive,0,skillName-slot,MEASURED-RANK,Cold,{^E}Frostburn Damage,True,27,26,IN-RANGE,111.0,,27,111.0,,3.0,,37.0,111.0,,,,,,60,63,MEASURED,"UNDECODABLE-FROM-SUBSTRATE — the .dbr carries Chance / Global / XOR / DurationModifier but no stack-count or same-source-replacement rule; the semantics live in the engine, not the record",records/skills/nonplayerskillsgdx3/passive/passiveproperties_thornedhorrorfrostchampion.dbr :: offensiveSlowColdMin/Max[26]
records/creatures/enemies/wendigo_a01.dbr,ROSTER,,153,1,0,103,104,MEASURED-SET,records/skills/nonplayerskillsgdx1/aoe/wendigocannibal_bloodpool.dbr,gdx1,Skill_AttackProjectileAreaEffect,0,skillName-slot,MEASURED-RANK,Bleeding,{^E}Bleeding Damage,True,26,25,IN-RANGE,448.0,,27,475.0,,1.0,,448.0,448.0,,,,,,60,60,MEASURED,"UNDECODABLE-FROM-SUBSTRATE — the .dbr carries Chance / Global / XOR / DurationModifier but no stack-count or same-source-replacement rule; the semantics live in the engine, not the record",records/skills/nonplayerskillsgdx1/aoe/wendigocannibal_bloodpool.dbr :: offensiveSlowBleedingMin/Max[25]
records/creatures/enemies/wendigo_a01.dbr,ROSTER,,153,1,0,103,104,MEASURED-SET,records/skills/nonplayerskillsgdx1/attackmelee/wendigo_ram.dbr,gdx1,Skill_AttackWeapon,0,skillName-slot,MEASURED-RANK,Life,{^E}Vitality Decay Damage,True,26,25,IN-RANGE,152.0,,27,160.0,,2.0,,76.0,152.0,,,,,,60,60,MEASURED,"UNDECODABLE-FROM-SUBSTRATE — the .dbr carries Chance / Global / XOR / DurationModifier but no stack-count or same-source-replacement rule; the semantics live in the engine, not the record",records/skills/nonplayerskillsgdx1/attackmelee/wendigo_ram.dbr :: offensiveSlowLifeMin/Max[25]
records/creatures/enemies/wendigo_a01.dbr,ROSTER,,153,1,0,103,104,MEASURED-SET,records/skills/nonplayerskillsgdx1/passive/passiveproperties_wendigo.dbr,gdx1,Skill_Passive,0,skillName-slot,MEASURED-RANK,Life,{^E}Vitality Decay Damage,True,26,25,IN-RANGE,162.0,,27,169.0,,3.0,,54.0,162.0,25.0,,,,,60,63,MEASURED,"UNDECODABLE-FROM-SUBSTRATE — the .dbr carries Chance / Global / XOR / DurationModifier but no stack-count or same-source-replacement rule; the semantics live in the engine, not the record",records/skills/nonplayerskillsgdx1/passive/passiveproperties_wendigo.dbr :: offensiveSlowLifeMin/Max[25]
records/creatures/enemies/wendigo_b02.dbr,ROSTER,,153,1,0,104,106,MEASURED-SET,records/skills/nonplayerskillsgdx1/aoe/wendigocannibal_bloodpool.dbr,gdx1,Skill_AttackProjectileAreaEffect,0,skillName-slot,MEASURED-RANK,Bleeding,{^E}Bleeding Damage,True,27,26,IN-RANGE,475.0,,27,475.0,,1.0,,475.0,475.0,,,,,,60,60,MEASURED,"UNDECODABLE-FROM-SUBSTRATE — the .dbr carries Chance / Global / XOR / DurationModifier but no stack-count or same-source-replacement rule; the semantics live in the engine, not the record",records/skills/nonplayerskillsgdx1/aoe/wendigocannibal_bloodpool.dbr :: offensiveSlowBleedingMin/Max[26]
records/creatures/enemies/wendigo_b02.dbr,ROSTER,,153,1,0,104,106,MEASURED-SET,records/skills/nonplayerskillsgdx1/attackmelee/wendigo_ram.dbr,gdx1,Skill_AttackWeapon,0,skillName-slot,MEASURED-RANK,Life,{^E}Vitality Decay Damage,True,27,26,IN-RANGE,160.0,,27,160.0,,2.0,,80.0,160.0,,,,,,60,60,MEASURED,"UNDECODABLE-FROM-SUBSTRATE — the .dbr carries Chance / Global / XOR / DurationModifier but no stack-count or same-source-replacement rule; the semantics live in the engine, not the record",records/skills/nonplayerskillsgdx1/attackmelee/wendigo_ram.dbr :: offensiveSlowLifeMin/Max[26]
records/creatures/enemies/wendigo_b02.dbr,ROSTER,,153,1,0,104,106,MEASURED-SET,records/skills/nonplayerskillsgdx1/passive/passiveproperties_wendigo.dbr,gdx1,Skill_Passive,0,skillName-slot,MEASURED-RANK,Life,{^E}Vitality Decay Damage,True,27,26,IN-RANGE,169.0,,27,169.0,,3.0,,56.3333,169.0,25.0,,,,,60,63,MEASURED,"UNDECODABLE-FROM-SUBSTRATE — the .dbr carries Chance / Global / XOR / DurationModifier but no stack-count or same-source-replacement rule; the semantics live in the engine, not the record",records/skills/nonplayerskillsgdx1/passive/passiveproperties_wendigo.dbr :: offensiveSlowLifeMin/Max[26]
records/creatures/enemies/wendigo_c01.dbr,ROSTER,,153,1,0,105,106,MEASURED-SET,records/skills/nonplayerskillsgdx1/aoe/wendigo_crimsonpool.dbr,gdx1,Skill_AttackProjectileAreaEffect,0,skillName-slot,MEASURED-RANK,Bleeding,{^E}Bleeding Damage,True,27,26,IN-RANGE,486.0,,27,486.0,,1.0,,486.0,486.0,,,,,,60,60,MEASURED,"UNDECODABLE-FROM-SUBSTRATE — the .dbr carries Chance / Global / XOR / DurationModifier but no stack-count or same-source-replacement rule; the semantics live in the engine, not the record",records/skills/nonplayerskillsgdx1/aoe/wendigo_crimsonpool.dbr :: offensiveSlowBleedingMin/Max[26]
records/creatures/enemies/wendigo_c01.dbr,ROSTER,,153,1,0,105,106,MEASURED-SET,records/skills/nonplayerskillsgdx1/attackmelee/wendigo_tripleswipe.dbr,gdx1,Skill_AttackWeapon,0,skillName-slot,MEASURED-RANK,Bleeding,{^E}Bleeding Damage,True,27,26,IN-RANGE,366.0,,27,366.0,,2.0,,183.0,366.0,,,,,,60,60,MEASURED,"UNDECODABLE-FROM-SUBSTRATE — the .dbr carries Chance / Global / XOR / DurationModifier but no stack-count or same-source-replacement rule; the semantics live in the engine, not the record",records/skills/nonplayerskillsgdx1/attackmelee/wendigo_tripleswipe.dbr :: offensiveSlowBleedingMin/Max[26]
records/creatures/enemies/wendigo_c01.dbr,ROSTER,,153,1,0,105,106,MEASURED-SET,records/skills/nonplayerskillsgdx1/passive/passiveproperties_wendigo.dbr,gdx1,Skill_Passive,0,skillName-slot,MEASURED-RANK,Life,{^E}Vitality Decay Damage,True,27,26,IN-RANGE,169.0,,27,169.0,,3.0,,56.3333,169.0,25.0,,,,,60,63,MEASURED,"UNDECODABLE-FROM-SUBSTRATE — the .dbr carries Chance / Global / XOR / DurationModifier but no stack-count or same-source-replacement rule; the semantics live in the engine, not the record",records/skills/nonplayerskillsgdx1/passive/passiveproperties_wendigo.dbr :: offensiveSlowLifeMin/Max[26]
records/creatures/enemies/wendigocannibal_b01.dbr,ROSTER,,153,3,0,103,104,MEASURED-SET,records/skills/nonplayerskillsgdx1/aoe/wendigocannibal_bloodpool.dbr,gdx1,Skill_AttackProjectileAreaEffect,0,skillName-slot,MEASURED-RANK,Bleeding,{^E}Bleeding Damage,True,26,25,IN-RANGE,448.0,,27,475.0,,1.0,,448.0,448.0,,,,,,60,60,MEASURED,"UNDECODABLE-FROM-SUBSTRATE — the .dbr carries Chance / Global / XOR / DurationModifier but no stack-count or same-source-replacement rule; the semantics live in the engine, not the record",records/skills/nonplayerskillsgdx1/aoe/wendigocannibal_bloodpool.dbr :: offensiveSlowBleedingMin/Max[25]
records/creatures/enemies/wendigocannibal_b01.dbr,ROSTER,,153,3,0,103,104,MEASURED-SET,records/skills/nonplayerskillsgdx1/attackmelee/wendigocannibal_hungeringswipe.dbr,gdx1,Skill_AttackWeapon,0,skillName-slot,MEASURED-RANK,Life,{^E}Vitality Decay Damage,True,26,25,IN-RANGE,154.0,,27,161.0,,5.0,,30.8,154.0,,,,,,60,60,MEASURED,"UNDECODABLE-FROM-SUBSTRATE — the .dbr carries Chance / Global / XOR / DurationModifier but no stack-count or same-source-replacement rule; the semantics live in the engine, not the record",records/skills/nonplayerskillsgdx1/attackmelee/wendigocannibal_hungeringswipe.dbr :: offensiveSlowLifeMin/Max[25]
records/creatures/enemies/wendigocannibal_b01.dbr,ROSTER,,153,3,0,103,104,MEASURED-SET,records/skills/nonplayerskillsgdx1/passive/passiveproperties_wendigocannibalchampion.dbr,gdx1,Skill_Passive,0,skillName-slot,MEASURED-RANK,Bleeding,{^E}Bleeding Damage,True,26,25,IN-RANGE,135.0,,27,141.0,,3.0,,45.0,135.0,,,,,,60,63,MEASURED,"UNDECODABLE-FROM-SUBSTRATE — the .dbr carries Chance / Global / XOR / DurationModifier but no stack-count or same-source-replacement rule; the semantics live in the engine, not the record",records/skills/nonplayerskillsgdx1/passive/passiveproperties_wendigocannibalchampion.dbr :: offensiveSlowBleedingMin/Max[25]
records/creatures/enemies/wraith_b01_summon.dbr,PET-SUMMON,records/creatures/enemies/boss&quest/witch_janaxia.dbr|records/creatures/enemies/nemesis/nemesis_wendigo_01.dbr,,0,0,106,109,DERIVED-INHERITED,records/skills/nonplayerskillsgdx1/attackradius/wraith_leechnova.dbr,gdx1,Skill_AttackRadius,0,skillName-slot,MEASURED-RANK,LifeLeach,{^E}Life Leech,True,27,26,IN-RANGE,418.0,,28,436.0,,2.0,,209.0,418.0,,,,,,60,60,MEASURED,"UNDECODABLE-FROM-SUBSTRATE — the .dbr carries Chance / Global / XOR / DurationModifier but no stack-count or same-source-replacement rule; the semantics live in the engine, not the record",records/skills/nonplayerskillsgdx1/attackradius/wraith_leechnova.dbr :: offensiveSlowLifeLeachMin/Max[26]
records/creatures/enemies/wraith_c01_summon.dbr,PET-SUMMON,records/creatures/enemies/boss&quest/humanwendigo_darkwood_01.dbr|records/creatures/enemies/nemesis/nemesis_wendigo_01.dbr,,0,0,106,109,DERIVED-INHERITED,records/skills/nonplayerskillsgdx1/buffoffensive/wraith_illomen_buff.dbr,gdx1,SkillBuff_Contageous,1,buffSkillName,DERIVED-INHERITED-RANK,LifeLeach,{^E}Life Leech,True,27,26,IN-RANGE,260.0,,28,271.0,,1.0,,260.0,260.0,,,,,,60,60,MEASURED,"UNDECODABLE-FROM-SUBSTRATE — the .dbr carries Chance / Global / XOR / DurationModifier but no stack-count or same-source-replacement rule; the semantics live in the engine, not the record",records/skills/nonplayerskillsgdx1/buffoffensive/wraith_illomen_buff.dbr :: offensiveSlowLifeLeachMin/Max[26]
records/creatures/enemies/yetidire_c01.dbr,ROSTER,,157,1,0,104,106,MEASURED-SET,records/skills/nonplayerskillsgdx3/buffoffensive/yetidire_icehowl_buff.dbr,gdx3,SkillBuff_Debuf,1,buffSkillName,DERIVED-INHERITED-RANK,Cold,{^E}Frostburn Damage,True,27,26,IN-RANGE,348.0,,27,348.0,,2.0,,174.0,348.0,,,,,,60,60,MEASURED,"UNDECODABLE-FROM-SUBSTRATE — the .dbr carries Chance / Global / XOR / DurationModifier but no stack-count or same-source-replacement rule; the semantics live in the engine, not the record",records/skills/nonplayerskillsgdx3/buffoffensive/yetidire_icehowl_buff.dbr :: offensiveSlowColdMin/Max[26]
records/skills/nonplayerskills/bossskills/pets/witchgodguardian_sentinel_crystal.dbr,PET-SUMMON,records/creatures/enemies/boss&quest/witchgod_finalboss.dbr,,0,0,106,108,DERIVED-INHERITED,records/skills/nonplayerskills/bossskills/pets/sentinel_crystal_damageaura.dbr,base,Skill_BuffAttackRadiusToggled,0,skillName-slot,MEASURED-RANK,Poison-INSTANT,,False,27,26,IN-RANGE,165.0,,28,171.0,,,,,,,,,,,60,60,MEASURED,"UNDECODABLE-FROM-SUBSTRATE — the .dbr carries Chance / Global / XOR / DurationModifier but no stack-count or same-source-replacement rule; the semantics live in the engine, not the record",records/skills/nonplayerskills/bossskills/pets/sentinel_crystal_damageaura.dbr :: offensiveSlowPoison-INSTANTMin/Max[26]
records/skills/nonplayerskillsgdx1/bossskills/nemesis/beast_bloodpool.dbr,PET-SUMMON,records/creatures/enemies/nemesis/nemesis_beast_01_p1.dbr,,0,0,109,109,DERIVED-INHERITED,records/skills/nonplayerskillsgdx1/bossskills/nemesis/beast_bloodpool_bloodpresence_buff.dbr,sm1,SkillBuff_Debuf,1,buffSkillName,DERIVED-INHERITED-RANK,Bleeding,{^E}Bleeding Damage,True,28,27,IN-RANGE,546.0,,28,546.0,,1.0,,546.0,546.0,,,,,,60,60,MEASURED,"UNDECODABLE-FROM-SUBSTRATE — the .dbr carries Chance / Global / XOR / DurationModifier but no stack-count or same-source-replacement rule; the semantics live in the engine, not the record",records/skills/nonplayerskillsgdx1/bossskills/nemesis/beast_bloodpool_bloodpresence_buff.dbr :: offensiveSlowBleedingMin/Max[27]
records/skills/nonplayerskillsgdx1/bossskills/pets/gabbalthunn_obsidianshard.dbr,PET-SUMMON,records/creatures/enemies/boss&quest/chthonianrylok_gabalthunn.dbr,,0,0,106,108,DERIVED-INHERITED,records/skills/nonplayerskillsgdx1/bossskills/pets/gabbalthunn_obsidianshard_chaoseruption.dbr,gdx1,Skill_AttackRadius,0,skillName-slot,MEASURED-RANK,Life,{^E}Vitality Decay Damage,True,27,26,IN-RANGE,163.0,,28,170.0,,2.0,,81.5,163.0,,,,,,60,60,MEASURED,"UNDECODABLE-FROM-SUBSTRATE — the .dbr carries Chance / Global / XOR / DurationModifier but no stack-count or same-source-replacement rule; the semantics live in the engine, not the record",records/skills/nonplayerskillsgdx1/bossskills/pets/gabbalthunn_obsidianshard_chaoseruption.dbr :: offensiveSlowLifeMin/Max[26]
