wave,content_tier,record,archive,field,value,grade
151,16,records/game/balancingadjustment_survivalmode_enemies03.dbr,sm_mod,characterAttackSpeedModifier,11.0,MEASURED
151,16,records/game/balancingadjustment_survivalmode_enemies03.dbr,sm_mod,characterDefensiveAbility,61.0,MEASURED
151,16,records/game/balancingadjustment_survivalmode_enemies03.dbr,sm_mod,characterDefensiveAbilityModifier,5.0,MEASURED
151,16,records/game/balancingadjustment_survivalmode_enemies03.dbr,sm_mod,characterLifeModifier,306.0,MEASURED
151,16,records/game/balancingadjustment_survivalmode_enemies03.dbr,sm_mod,characterLifeRegenModifier,66.0,MEASURED
151,16,records/game/balancingadjustment_survivalmode_enemies03.dbr,sm_mod,characterManaRegenModifier,66.0,MEASURED
151,16,records/game/balancingadjustment_survivalmode_enemies03.dbr,sm_mod,characterOffensiveAbility,48.0,MEASURED
151,16,records/game/balancingadjustment_survivalmode_enemies03.dbr,sm_mod,characterOffensiveAbilityModifier,3.5,MEASURED
151,16,records/game/balancingadjustment_survivalmode_enemies03.dbr,sm_mod,characterPercentHealIncreaseModifier,-60.0,MEASURED
151,16,records/game/balancingadjustment_survivalmode_enemies03.dbr,sm_mod,characterSpellCastSpeedModifier,11.0,MEASURED
151,16,records/game/balancingadjustment_survivalmode_enemies03.dbr,sm_mod,defensivePercentCurrentLife,8.0,MEASURED
151,16,records/game/balancingadjustment_survivalmode_enemies03.dbr,sm_mod,offensiveCritDamageModifier,27.0,MEASURED
151,16,records/game/balancingadjustment_survivalmode_enemies03.dbr,sm_mod,offensivePhysicalModifier,-18.0,MEASURED
151,16,records/game/balancingadjustment_survivalmode_enemies03.dbr,sm_mod,offensiveSlowBleedingModifier,-61.0,MEASURED
151,16,records/game/balancingadjustment_survivalmode_enemies03.dbr,sm_mod,offensiveSlowColdModifier,-61.0,MEASURED
151,16,records/game/balancingadjustment_survivalmode_enemies03.dbr,sm_mod,offensiveSlowFireModifier,-61.0,MEASURED
151,16,records/game/balancingadjustment_survivalmode_enemies03.dbr,sm_mod,offensiveSlowLifeModifier,-61.0,MEASURED
151,16,records/game/balancingadjustment_survivalmode_enemies03.dbr,sm_mod,offensiveSlowLightningModifier,-61.0,MEASURED
151,16,records/game/balancingadjustment_survivalmode_enemies03.dbr,sm_mod,offensiveSlowPhysicalModifier,-61.0,MEASURED
151,16,records/game/balancingadjustment_survivalmode_enemies03.dbr,sm_mod,offensiveSlowPoisonModifier,-61.0,MEASURED
151,16,records/game/balancingadjustment_survivalmode_enemies03.dbr,sm_mod,offensiveTotalDamageModifier,42.0,MEASURED
151,16,records/game/balancingadjustment_survivalmode_enemies03.dbr,sm_mod,retaliationTotalDamageModifier,74.0,MEASURED
151,16,records/game/balancingadjustment_survivalmode_enemies03.dbr,sm_mod,skillCooldownReduction,0.0,MEASURED
151,16,records/game/balancingadjustment_survivalmode_enemies03.dbr,sm_mod,spawnChampionMaxAdj,1.0,MEASURED
151,16,records/game/balancingadjustment_survivalmode_enemies03.dbr,sm_mod,spawnChampionMinAdj,1.0,MEASURED
151,16,records/game/balancingadjustment_survivalmode_enemies03.dbr,sm_mod,spawnMaxAdj,0.0,MEASURED
151,16,records/game/balancingadjustment_survivalmode_enemies03.dbr,sm_mod,spawnMinAdj,0.0,MEASURED
152,16,records/game/balancingadjustment_survivalmode_enemies03.dbr,sm_mod,characterAttackSpeedModifier,11.0,MEASURED
152,16,records/game/balancingadjustment_survivalmode_enemies03.dbr,sm_mod,characterDefensiveAbility,61.0,MEASURED
152,16,records/game/balancingadjustment_survivalmode_enemies03.dbr,sm_mod,characterDefensiveAbilityModifier,5.0,MEASURED
152,16,records/game/balancingadjustment_survivalmode_enemies03.dbr,sm_mod,characterLifeModifier,308.0,MEASURED
152,16,records/game/balancingadjustment_survivalmode_enemies03.dbr,sm_mod,characterLifeRegenModifier,67.0,MEASURED
152,16,records/game/balancingadjustment_survivalmode_enemies03.dbr,sm_mod,characterManaRegenModifier,67.0,MEASURED
152,16,records/game/balancingadjustment_survivalmode_enemies03.dbr,sm_mod,characterOffensiveAbility,48.0,MEASURED
152,16,records/game/balancingadjustment_survivalmode_enemies03.dbr,sm_mod,characterOffensiveAbilityModifier,3.5,MEASURED
152,16,records/game/balancingadjustment_survivalmode_enemies03.dbr,sm_mod,characterPercentHealIncreaseModifier,-60.0,MEASURED
152,16,records/game/balancingadjustment_survivalmode_enemies03.dbr,sm_mod,characterSpellCastSpeedModifier,11.0,MEASURED
152,16,records/game/balancingadjustment_survivalmode_enemies03.dbr,sm_mod,defensivePercentCurrentLife,8.0,MEASURED
152,16,records/game/balancingadjustment_survivalmode_enemies03.dbr,sm_mod,offensiveCritDamageModifier,27.0,MEASURED
152,16,records/game/balancingadjustment_survivalmode_enemies03.dbr,sm_mod,offensivePhysicalModifier,-18.0,MEASURED
152,16,records/game/balancingadjustment_survivalmode_enemies03.dbr,sm_mod,offensiveSlowBleedingModifier,-61.0,MEASURED
152,16,records/game/balancingadjustment_survivalmode_enemies03.dbr,sm_mod,offensiveSlowColdModifier,-61.0,MEASURED
152,16,records/game/balancingadjustment_survivalmode_enemies03.dbr,sm_mod,offensiveSlowFireModifier,-61.0,MEASURED
152,16,records/game/balancingadjustment_survivalmode_enemies03.dbr,sm_mod,offensiveSlowLifeModifier,-61.0,MEASURED
152,16,records/game/balancingadjustment_survivalmode_enemies03.dbr,sm_mod,offensiveSlowLightningModifier,-61.0,MEASURED
152,16,records/game/balancingadjustment_survivalmode_enemies03.dbr,sm_mod,offensiveSlowPhysicalModifier,-61.0,MEASURED
152,16,records/game/balancingadjustment_survivalmode_enemies03.dbr,sm_mod,offensiveSlowPoisonModifier,-61.0,MEASURED
152,16,records/game/balancingadjustment_survivalmode_enemies03.dbr,sm_mod,offensiveTotalDamageModifier,42.0,MEASURED
152,16,records/game/balancingadjustment_survivalmode_enemies03.dbr,sm_mod,retaliationTotalDamageModifier,74.0,MEASURED
152,16,records/game/balancingadjustment_survivalmode_enemies03.dbr,sm_mod,skillCooldownReduction,0.0,MEASURED
152,16,records/game/balancingadjustment_survivalmode_enemies03.dbr,sm_mod,spawnChampionMaxAdj,1.0,MEASURED
152,16,records/game/balancingadjustment_survivalmode_enemies03.dbr,sm_mod,spawnChampionMinAdj,1.0,MEASURED
152,16,records/game/balancingadjustment_survivalmode_enemies03.dbr,sm_mod,spawnMaxAdj,0.0,MEASURED
152,16,records/game/balancingadjustment_survivalmode_enemies03.dbr,sm_mod,spawnMinAdj,0.0,MEASURED
153,16,records/game/balancingadjustment_survivalmode_enemies03.dbr,sm_mod,characterAttackSpeedModifier,11.0,MEASURED
153,16,records/game/balancingadjustment_survivalmode_enemies03.dbr,sm_mod,characterDefensiveAbility,62.0,MEASURED
153,16,records/game/balancingadjustment_survivalmode_enemies03.dbr,sm_mod,characterDefensiveAbilityModifier,5.0,MEASURED
153,16,records/game/balancingadjustment_survivalmode_enemies03.dbr,sm_mod,characterLifeModifier,310.0,MEASURED
153,16,records/game/balancingadjustment_survivalmode_enemies03.dbr,sm_mod,characterLifeRegenModifier,67.0,MEASURED
153,16,records/game/balancingadjustment_survivalmode_enemies03.dbr,sm_mod,characterManaRegenModifier,67.0,MEASURED
153,16,records/game/balancingadjustment_survivalmode_enemies03.dbr,sm_mod,characterOffensiveAbility,49.0,MEASURED
153,16,records/game/balancingadjustment_survivalmode_enemies03.dbr,sm_mod,characterOffensiveAbilityModifier,3.5,MEASURED
153,16,records/game/balancingadjustment_survivalmode_enemies03.dbr,sm_mod,characterPercentHealIncreaseModifier,-60.0,MEASURED
153,16,records/game/balancingadjustment_survivalmode_enemies03.dbr,sm_mod,characterSpellCastSpeedModifier,11.0,MEASURED
153,16,records/game/balancingadjustment_survivalmode_enemies03.dbr,sm_mod,defensivePercentCurrentLife,8.0,MEASURED
153,16,records/game/balancingadjustment_survivalmode_enemies03.dbr,sm_mod,offensiveCritDamageModifier,27.0,MEASURED
153,16,records/game/balancingadjustment_survivalmode_enemies03.dbr,sm_mod,offensivePhysicalModifier,-19.0,MEASURED
153,16,records/game/balancingadjustment_survivalmode_enemies03.dbr,sm_mod,offensiveSlowBleedingModifier,-61.0,MEASURED
153,16,records/game/balancingadjustment_survivalmode_enemies03.dbr,sm_mod,offensiveSlowColdModifier,-61.0,MEASURED
153,16,records/game/balancingadjustment_survivalmode_enemies03.dbr,sm_mod,offensiveSlowFireModifier,-61.0,MEASURED
153,16,records/game/balancingadjustment_survivalmode_enemies03.dbr,sm_mod,offensiveSlowLifeModifier,-61.0,MEASURED
153,16,records/game/balancingadjustment_survivalmode_enemies03.dbr,sm_mod,offensiveSlowLightningModifier,-61.0,MEASURED
153,16,records/game/balancingadjustment_survivalmode_enemies03.dbr,sm_mod,offensiveSlowPhysicalModifier,-61.0,MEASURED
153,16,records/game/balancingadjustment_survivalmode_enemies03.dbr,sm_mod,offensiveSlowPoisonModifier,-61.0,MEASURED
153,16,records/game/balancingadjustment_survivalmode_enemies03.dbr,sm_mod,offensiveTotalDamageModifier,42.0,MEASURED
153,16,records/game/balancingadjustment_survivalmode_enemies03.dbr,sm_mod,retaliationTotalDamageModifier,74.0,MEASURED
153,16,records/game/balancingadjustment_survivalmode_enemies03.dbr,sm_mod,skillCooldownReduction,0.0,MEASURED
153,16,records/game/balancingadjustment_survivalmode_enemies03.dbr,sm_mod,spawnChampionMaxAdj,1.0,MEASURED
153,16,records/game/balancingadjustment_survivalmode_enemies03.dbr,sm_mod,spawnChampionMinAdj,1.0,MEASURED
153,16,records/game/balancingadjustment_survivalmode_enemies03.dbr,sm_mod,spawnMaxAdj,0.0,MEASURED
153,16,records/game/balancingadjustment_survivalmode_enemies03.dbr,sm_mod,spawnMinAdj,0.0,MEASURED
154,16,records/game/balancingadjustment_survivalmode_enemies03.dbr,sm_mod,characterAttackSpeedModifier,11.0,MEASURED
154,16,records/game/balancingadjustment_survivalmode_enemies03.dbr,sm_mod,characterDefensiveAbility,63.0,MEASURED
154,16,records/game/balancingadjustment_survivalmode_enemies03.dbr,sm_mod,characterDefensiveAbilityModifier,5.0,MEASURED
154,16,records/game/balancingadjustment_survivalmode_enemies03.dbr,sm_mod,characterLifeModifier,312.0,MEASURED
154,16,records/game/balancingadjustment_survivalmode_enemies03.dbr,sm_mod,characterLifeRegenModifier,68.0,MEASURED
154,16,records/game/balancingadjustment_survivalmode_enemies03.dbr,sm_mod,characterManaRegenModifier,68.0,MEASURED
154,16,records/game/balancingadjustment_survivalmode_enemies03.dbr,sm_mod,characterOffensiveAbility,49.0,MEASURED
154,16,records/game/balancingadjustment_survivalmode_enemies03.dbr,sm_mod,characterOffensiveAbilityModifier,3.5,MEASURED
154,16,records/game/balancingadjustment_survivalmode_enemies03.dbr,sm_mod,characterPercentHealIncreaseModifier,-60.0,MEASURED
154,16,records/game/balancingadjustment_survivalmode_enemies03.dbr,sm_mod,characterSpellCastSpeedModifier,11.0,MEASURED
154,16,records/game/balancingadjustment_survivalmode_enemies03.dbr,sm_mod,defensivePercentCurrentLife,8.0,MEASURED
154,16,records/game/balancingadjustment_survivalmode_enemies03.dbr,sm_mod,offensiveCritDamageModifier,27.0,MEASURED
154,16,records/game/balancingadjustment_survivalmode_enemies03.dbr,sm_mod,offensivePhysicalModifier,-19.0,MEASURED
154,16,records/game/balancingadjustment_survivalmode_enemies03.dbr,sm_mod,offensiveSlowBleedingModifier,-61.0,MEASURED
154,16,records/game/balancingadjustment_survivalmode_enemies03.dbr,sm_mod,offensiveSlowColdModifier,-61.0,MEASURED
154,16,records/game/balancingadjustment_survivalmode_enemies03.dbr,sm_mod,offensiveSlowFireModifier,-61.0,MEASURED
154,16,records/game/balancingadjustment_survivalmode_enemies03.dbr,sm_mod,offensiveSlowLifeModifier,-61.0,MEASURED
154,16,records/game/balancingadjustment_survivalmode_enemies03.dbr,sm_mod,offensiveSlowLightningModifier,-61.0,MEASURED
154,16,records/game/balancingadjustment_survivalmode_enemies03.dbr,sm_mod,offensiveSlowPhysicalModifier,-61.0,MEASURED
154,16,records/game/balancingadjustment_survivalmode_enemies03.dbr,sm_mod,offensiveSlowPoisonModifier,-61.0,MEASURED
154,16,records/game/balancingadjustment_survivalmode_enemies03.dbr,sm_mod,offensiveTotalDamageModifier,42.0,MEASURED
154,16,records/game/balancingadjustment_survivalmode_enemies03.dbr,sm_mod,retaliationTotalDamageModifier,74.0,MEASURED
154,16,records/game/balancingadjustment_survivalmode_enemies03.dbr,sm_mod,skillCooldownReduction,0.0,MEASURED
154,16,records/game/balancingadjustment_survivalmode_enemies03.dbr,sm_mod,spawnChampionMaxAdj,1.0,MEASURED
154,16,records/game/balancingadjustment_survivalmode_enemies03.dbr,sm_mod,spawnChampionMinAdj,1.0,MEASURED
154,16,records/game/balancingadjustment_survivalmode_enemies03.dbr,sm_mod,spawnMaxAdj,0.0,MEASURED
154,16,records/game/balancingadjustment_survivalmode_enemies03.dbr,sm_mod,spawnMinAdj,0.0,MEASURED
155,16,records/game/balancingadjustment_survivalmode_enemies03.dbr,sm_mod,characterAttackSpeedModifier,11.0,MEASURED
155,16,records/game/balancingadjustment_survivalmode_enemies03.dbr,sm_mod,characterDefensiveAbility,63.0,MEASURED
155,16,records/game/balancingadjustment_survivalmode_enemies03.dbr,sm_mod,characterDefensiveAbilityModifier,5.0,MEASURED
155,16,records/game/balancingadjustment_survivalmode_enemies03.dbr,sm_mod,characterLifeModifier,314.0,MEASURED
155,16,records/game/balancingadjustment_survivalmode_enemies03.dbr,sm_mod,characterLifeRegenModifier,68.0,MEASURED
155,16,records/game/balancingadjustment_survivalmode_enemies03.dbr,sm_mod,characterManaRegenModifier,68.0,MEASURED
155,16,records/game/balancingadjustment_survivalmode_enemies03.dbr,sm_mod,characterOffensiveAbility,49.0,MEASURED
155,16,records/game/balancingadjustment_survivalmode_enemies03.dbr,sm_mod,characterOffensiveAbilityModifier,3.5,MEASURED
155,16,records/game/balancingadjustment_survivalmode_enemies03.dbr,sm_mod,characterPercentHealIncreaseModifier,-60.0,MEASURED
155,16,records/game/balancingadjustment_survivalmode_enemies03.dbr,sm_mod,characterSpellCastSpeedModifier,11.0,MEASURED
155,16,records/game/balancingadjustment_survivalmode_enemies03.dbr,sm_mod,defensivePercentCurrentLife,8.0,MEASURED
155,16,records/game/balancingadjustment_survivalmode_enemies03.dbr,sm_mod,offensiveCritDamageModifier,27.0,MEASURED
155,16,records/game/balancingadjustment_survivalmode_enemies03.dbr,sm_mod,offensivePhysicalModifier,-19.0,MEASURED
155,16,records/game/balancingadjustment_survivalmode_enemies03.dbr,sm_mod,offensiveSlowBleedingModifier,-62.0,MEASURED
155,16,records/game/balancingadjustment_survivalmode_enemies03.dbr,sm_mod,offensiveSlowColdModifier,-62.0,MEASURED
155,16,records/game/balancingadjustment_survivalmode_enemies03.dbr,sm_mod,offensiveSlowFireModifier,-62.0,MEASURED
155,16,records/game/balancingadjustment_survivalmode_enemies03.dbr,sm_mod,offensiveSlowLifeModifier,-62.0,MEASURED
155,16,records/game/balancingadjustment_survivalmode_enemies03.dbr,sm_mod,offensiveSlowLightningModifier,-62.0,MEASURED
155,16,records/game/balancingadjustment_survivalmode_enemies03.dbr,sm_mod,offensiveSlowPhysicalModifier,-62.0,MEASURED
155,16,records/game/balancingadjustment_survivalmode_enemies03.dbr,sm_mod,offensiveSlowPoisonModifier,-62.0,MEASURED
155,16,records/game/balancingadjustment_survivalmode_enemies03.dbr,sm_mod,offensiveTotalDamageModifier,42.0,MEASURED
155,16,records/game/balancingadjustment_survivalmode_enemies03.dbr,sm_mod,retaliationTotalDamageModifier,74.0,MEASURED
155,16,records/game/balancingadjustment_survivalmode_enemies03.dbr,sm_mod,skillCooldownReduction,0.0,MEASURED
155,16,records/game/balancingadjustment_survivalmode_enemies03.dbr,sm_mod,spawnChampionMaxAdj,1.0,MEASURED
155,16,records/game/balancingadjustment_survivalmode_enemies03.dbr,sm_mod,spawnChampionMinAdj,1.0,MEASURED
155,16,records/game/balancingadjustment_survivalmode_enemies03.dbr,sm_mod,spawnMaxAdj,0.0,MEASURED
155,16,records/game/balancingadjustment_survivalmode_enemies03.dbr,sm_mod,spawnMinAdj,0.0,MEASURED
156,16,records/game/balancingadjustment_survivalmode_enemies03.dbr,sm_mod,characterAttackSpeedModifier,11.0,MEASURED
156,16,records/game/balancingadjustment_survivalmode_enemies03.dbr,sm_mod,characterDefensiveAbility,64.0,MEASURED
156,16,records/game/balancingadjustment_survivalmode_enemies03.dbr,sm_mod,characterDefensiveAbilityModifier,5.0,MEASURED
156,16,records/game/balancingadjustment_survivalmode_enemies03.dbr,sm_mod,characterLifeModifier,316.0,MEASURED
156,16,records/game/balancingadjustment_survivalmode_enemies03.dbr,sm_mod,characterLifeRegenModifier,69.0,MEASURED
156,16,records/game/balancingadjustment_survivalmode_enemies03.dbr,sm_mod,characterManaRegenModifier,69.0,MEASURED
156,16,records/game/balancingadjustment_survivalmode_enemies03.dbr,sm_mod,characterOffensiveAbility,50.0,MEASURED
156,16,records/game/balancingadjustment_survivalmode_enemies03.dbr,sm_mod,characterOffensiveAbilityModifier,3.5,MEASURED
156,16,records/game/balancingadjustment_survivalmode_enemies03.dbr,sm_mod,characterPercentHealIncreaseModifier,-60.0,MEASURED
156,16,records/game/balancingadjustment_survivalmode_enemies03.dbr,sm_mod,characterSpellCastSpeedModifier,11.0,MEASURED
156,16,records/game/balancingadjustment_survivalmode_enemies03.dbr,sm_mod,defensivePercentCurrentLife,8.0,MEASURED
156,16,records/game/balancingadjustment_survivalmode_enemies03.dbr,sm_mod,offensiveCritDamageModifier,27.0,MEASURED
156,16,records/game/balancingadjustment_survivalmode_enemies03.dbr,sm_mod,offensivePhysicalModifier,-20.0,MEASURED
156,16,records/game/balancingadjustment_survivalmode_enemies03.dbr,sm_mod,offensiveSlowBleedingModifier,-62.0,MEASURED
156,16,records/game/balancingadjustment_survivalmode_enemies03.dbr,sm_mod,offensiveSlowColdModifier,-62.0,MEASURED
156,16,records/game/balancingadjustment_survivalmode_enemies03.dbr,sm_mod,offensiveSlowFireModifier,-62.0,MEASURED
156,16,records/game/balancingadjustment_survivalmode_enemies03.dbr,sm_mod,offensiveSlowLifeModifier,-62.0,MEASURED
156,16,records/game/balancingadjustment_survivalmode_enemies03.dbr,sm_mod,offensiveSlowLightningModifier,-62.0,MEASURED
156,16,records/game/balancingadjustment_survivalmode_enemies03.dbr,sm_mod,offensiveSlowPhysicalModifier,-62.0,MEASURED
156,16,records/game/balancingadjustment_survivalmode_enemies03.dbr,sm_mod,offensiveSlowPoisonModifier,-62.0,MEASURED
156,16,records/game/balancingadjustment_survivalmode_enemies03.dbr,sm_mod,offensiveTotalDamageModifier,43.0,MEASURED
156,16,records/game/balancingadjustment_survivalmode_enemies03.dbr,sm_mod,retaliationTotalDamageModifier,74.0,MEASURED
156,16,records/game/balancingadjustment_survivalmode_enemies03.dbr,sm_mod,skillCooldownReduction,0.0,MEASURED
156,16,records/game/balancingadjustment_survivalmode_enemies03.dbr,sm_mod,spawnChampionMaxAdj,1.0,MEASURED
156,16,records/game/balancingadjustment_survivalmode_enemies03.dbr,sm_mod,spawnChampionMinAdj,1.0,MEASURED
156,16,records/game/balancingadjustment_survivalmode_enemies03.dbr,sm_mod,spawnMaxAdj,0.0,MEASURED
156,16,records/game/balancingadjustment_survivalmode_enemies03.dbr,sm_mod,spawnMinAdj,0.0,MEASURED
157,16,records/game/balancingadjustment_survivalmode_enemies03.dbr,sm_mod,characterAttackSpeedModifier,11.0,MEASURED
157,16,records/game/balancingadjustment_survivalmode_enemies03.dbr,sm_mod,characterDefensiveAbility,65.0,MEASURED
157,16,records/game/balancingadjustment_survivalmode_enemies03.dbr,sm_mod,characterDefensiveAbilityModifier,5.0,MEASURED
157,16,records/game/balancingadjustment_survivalmode_enemies03.dbr,sm_mod,characterLifeModifier,318.0,MEASURED
157,16,records/game/balancingadjustment_survivalmode_enemies03.dbr,sm_mod,characterLifeRegenModifier,69.0,MEASURED
157,16,records/game/balancingadjustment_survivalmode_enemies03.dbr,sm_mod,characterManaRegenModifier,69.0,MEASURED
157,16,records/game/balancingadjustment_survivalmode_enemies03.dbr,sm_mod,characterOffensiveAbility,50.0,MEASURED
157,16,records/game/balancingadjustment_survivalmode_enemies03.dbr,sm_mod,characterOffensiveAbilityModifier,3.5,MEASURED
157,16,records/game/balancingadjustment_survivalmode_enemies03.dbr,sm_mod,characterPercentHealIncreaseModifier,-60.0,MEASURED
157,16,records/game/balancingadjustment_survivalmode_enemies03.dbr,sm_mod,characterSpellCastSpeedModifier,11.0,MEASURED
157,16,records/game/balancingadjustment_survivalmode_enemies03.dbr,sm_mod,defensivePercentCurrentLife,8.0,MEASURED
157,16,records/game/balancingadjustment_survivalmode_enemies03.dbr,sm_mod,offensiveCritDamageModifier,27.0,MEASURED
157,16,records/game/balancingadjustment_survivalmode_enemies03.dbr,sm_mod,offensivePhysicalModifier,-20.0,MEASURED
157,16,records/game/balancingadjustment_survivalmode_enemies03.dbr,sm_mod,offensiveSlowBleedingModifier,-62.0,MEASURED
157,16,records/game/balancingadjustment_survivalmode_enemies03.dbr,sm_mod,offensiveSlowColdModifier,-62.0,MEASURED
157,16,records/game/balancingadjustment_survivalmode_enemies03.dbr,sm_mod,offensiveSlowFireModifier,-62.0,MEASURED
157,16,records/game/balancingadjustment_survivalmode_enemies03.dbr,sm_mod,offensiveSlowLifeModifier,-62.0,MEASURED
157,16,records/game/balancingadjustment_survivalmode_enemies03.dbr,sm_mod,offensiveSlowLightningModifier,-62.0,MEASURED
157,16,records/game/balancingadjustment_survivalmode_enemies03.dbr,sm_mod,offensiveSlowPhysicalModifier,-62.0,MEASURED
157,16,records/game/balancingadjustment_survivalmode_enemies03.dbr,sm_mod,offensiveSlowPoisonModifier,-62.0,MEASURED
157,16,records/game/balancingadjustment_survivalmode_enemies03.dbr,sm_mod,offensiveTotalDamageModifier,43.0,MEASURED
157,16,records/game/balancingadjustment_survivalmode_enemies03.dbr,sm_mod,retaliationTotalDamageModifier,74.0,MEASURED
157,16,records/game/balancingadjustment_survivalmode_enemies03.dbr,sm_mod,skillCooldownReduction,0.0,MEASURED
157,16,records/game/balancingadjustment_survivalmode_enemies03.dbr,sm_mod,spawnChampionMaxAdj,1.0,MEASURED
157,16,records/game/balancingadjustment_survivalmode_enemies03.dbr,sm_mod,spawnChampionMinAdj,1.0,MEASURED
157,16,records/game/balancingadjustment_survivalmode_enemies03.dbr,sm_mod,spawnMaxAdj,0.0,MEASURED
157,16,records/game/balancingadjustment_survivalmode_enemies03.dbr,sm_mod,spawnMinAdj,0.0,MEASURED
158,16,records/game/balancingadjustment_survivalmode_enemies03.dbr,sm_mod,characterAttackSpeedModifier,11.0,MEASURED
158,16,records/game/balancingadjustment_survivalmode_enemies03.dbr,sm_mod,characterDefensiveAbility,65.0,MEASURED
158,16,records/game/balancingadjustment_survivalmode_enemies03.dbr,sm_mod,characterDefensiveAbilityModifier,5.0,MEASURED
158,16,records/game/balancingadjustment_survivalmode_enemies03.dbr,sm_mod,characterLifeModifier,320.0,MEASURED
158,16,records/game/balancingadjustment_survivalmode_enemies03.dbr,sm_mod,characterLifeRegenModifier,69.0,MEASURED
158,16,records/game/balancingadjustment_survivalmode_enemies03.dbr,sm_mod,characterManaRegenModifier,69.0,MEASURED
158,16,records/game/balancingadjustment_survivalmode_enemies03.dbr,sm_mod,characterOffensiveAbility,50.0,MEASURED
158,16,records/game/balancingadjustment_survivalmode_enemies03.dbr,sm_mod,characterOffensiveAbilityModifier,3.5,MEASURED
158,16,records/game/balancingadjustment_survivalmode_enemies03.dbr,sm_mod,characterPercentHealIncreaseModifier,-60.0,MEASURED
158,16,records/game/balancingadjustment_survivalmode_enemies03.dbr,sm_mod,characterSpellCastSpeedModifier,11.0,MEASURED
158,16,records/game/balancingadjustment_survivalmode_enemies03.dbr,sm_mod,defensivePercentCurrentLife,8.0,MEASURED
158,16,records/game/balancingadjustment_survivalmode_enemies03.dbr,sm_mod,offensiveCritDamageModifier,27.0,MEASURED
158,16,records/game/balancingadjustment_survivalmode_enemies03.dbr,sm_mod,offensivePhysicalModifier,-20.0,MEASURED
158,16,records/game/balancingadjustment_survivalmode_enemies03.dbr,sm_mod,offensiveSlowBleedingModifier,-62.0,MEASURED
158,16,records/game/balancingadjustment_survivalmode_enemies03.dbr,sm_mod,offensiveSlowColdModifier,-62.0,MEASURED
158,16,records/game/balancingadjustment_survivalmode_enemies03.dbr,sm_mod,offensiveSlowFireModifier,-62.0,MEASURED
158,16,records/game/balancingadjustment_survivalmode_enemies03.dbr,sm_mod,offensiveSlowLifeModifier,-62.0,MEASURED
158,16,records/game/balancingadjustment_survivalmode_enemies03.dbr,sm_mod,offensiveSlowLightningModifier,-62.0,MEASURED
158,16,records/game/balancingadjustment_survivalmode_enemies03.dbr,sm_mod,offensiveSlowPhysicalModifier,-62.0,MEASURED
158,16,records/game/balancingadjustment_survivalmode_enemies03.dbr,sm_mod,offensiveSlowPoisonModifier,-62.0,MEASURED
158,16,records/game/balancingadjustment_survivalmode_enemies03.dbr,sm_mod,offensiveTotalDamageModifier,43.0,MEASURED
158,16,records/game/balancingadjustment_survivalmode_enemies03.dbr,sm_mod,retaliationTotalDamageModifier,74.0,MEASURED
158,16,records/game/balancingadjustment_survivalmode_enemies03.dbr,sm_mod,skillCooldownReduction,0.0,MEASURED
158,16,records/game/balancingadjustment_survivalmode_enemies03.dbr,sm_mod,spawnChampionMaxAdj,1.0,MEASURED
158,16,records/game/balancingadjustment_survivalmode_enemies03.dbr,sm_mod,spawnChampionMinAdj,1.0,MEASURED
158,16,records/game/balancingadjustment_survivalmode_enemies03.dbr,sm_mod,spawnMaxAdj,0.0,MEASURED
158,16,records/game/balancingadjustment_survivalmode_enemies03.dbr,sm_mod,spawnMinAdj,0.0,MEASURED
159,16,records/game/balancingadjustment_survivalmode_enemies03.dbr,sm_mod,characterAttackSpeedModifier,11.0,MEASURED
159,16,records/game/balancingadjustment_survivalmode_enemies03.dbr,sm_mod,characterDefensiveAbility,66.0,MEASURED
159,16,records/game/balancingadjustment_survivalmode_enemies03.dbr,sm_mod,characterDefensiveAbilityModifier,5.0,MEASURED
159,16,records/game/balancingadjustment_survivalmode_enemies03.dbr,sm_mod,characterLifeModifier,322.0,MEASURED
159,16,records/game/balancingadjustment_survivalmode_enemies03.dbr,sm_mod,characterLifeRegenModifier,70.0,MEASURED
159,16,records/game/balancingadjustment_survivalmode_enemies03.dbr,sm_mod,characterManaRegenModifier,70.0,MEASURED
159,16,records/game/balancingadjustment_survivalmode_enemies03.dbr,sm_mod,characterOffensiveAbility,50.0,MEASURED
159,16,records/game/balancingadjustment_survivalmode_enemies03.dbr,sm_mod,characterOffensiveAbilityModifier,3.5,MEASURED
159,16,records/game/balancingadjustment_survivalmode_enemies03.dbr,sm_mod,characterPercentHealIncreaseModifier,-60.0,MEASURED
159,16,records/game/balancingadjustment_survivalmode_enemies03.dbr,sm_mod,characterSpellCastSpeedModifier,11.0,MEASURED
159,16,records/game/balancingadjustment_survivalmode_enemies03.dbr,sm_mod,defensivePercentCurrentLife,8.0,MEASURED
159,16,records/game/balancingadjustment_survivalmode_enemies03.dbr,sm_mod,offensiveCritDamageModifier,27.0,MEASURED
159,16,records/game/balancingadjustment_survivalmode_enemies03.dbr,sm_mod,offensivePhysicalModifier,-21.0,MEASURED
159,16,records/game/balancingadjustment_survivalmode_enemies03.dbr,sm_mod,offensiveSlowBleedingModifier,-63.0,MEASURED
159,16,records/game/balancingadjustment_survivalmode_enemies03.dbr,sm_mod,offensiveSlowColdModifier,-63.0,MEASURED
159,16,records/game/balancingadjustment_survivalmode_enemies03.dbr,sm_mod,offensiveSlowFireModifier,-63.0,MEASURED
159,16,records/game/balancingadjustment_survivalmode_enemies03.dbr,sm_mod,offensiveSlowLifeModifier,-63.0,MEASURED
159,16,records/game/balancingadjustment_survivalmode_enemies03.dbr,sm_mod,offensiveSlowLightningModifier,-63.0,MEASURED
159,16,records/game/balancingadjustment_survivalmode_enemies03.dbr,sm_mod,offensiveSlowPhysicalModifier,-63.0,MEASURED
159,16,records/game/balancingadjustment_survivalmode_enemies03.dbr,sm_mod,offensiveSlowPoisonModifier,-63.0,MEASURED
159,16,records/game/balancingadjustment_survivalmode_enemies03.dbr,sm_mod,offensiveTotalDamageModifier,43.0,MEASURED
159,16,records/game/balancingadjustment_survivalmode_enemies03.dbr,sm_mod,retaliationTotalDamageModifier,74.0,MEASURED
159,16,records/game/balancingadjustment_survivalmode_enemies03.dbr,sm_mod,skillCooldownReduction,0.0,MEASURED
159,16,records/game/balancingadjustment_survivalmode_enemies03.dbr,sm_mod,spawnChampionMaxAdj,1.0,MEASURED
159,16,records/game/balancingadjustment_survivalmode_enemies03.dbr,sm_mod,spawnChampionMinAdj,1.0,MEASURED
159,16,records/game/balancingadjustment_survivalmode_enemies03.dbr,sm_mod,spawnMaxAdj,0.0,MEASURED
159,16,records/game/balancingadjustment_survivalmode_enemies03.dbr,sm_mod,spawnMinAdj,0.0,MEASURED
160,16,records/game/balancingadjustment_survivalmode_enemies03.dbr,sm_mod,characterAttackSpeedModifier,11.0,MEASURED
160,16,records/game/balancingadjustment_survivalmode_enemies03.dbr,sm_mod,characterDefensiveAbility,67.0,MEASURED
160,16,records/game/balancingadjustment_survivalmode_enemies03.dbr,sm_mod,characterDefensiveAbilityModifier,5.0,MEASURED
160,16,records/game/balancingadjustment_survivalmode_enemies03.dbr,sm_mod,characterLifeModifier,324.0,MEASURED
160,16,records/game/balancingadjustment_survivalmode_enemies03.dbr,sm_mod,characterLifeRegenModifier,70.0,MEASURED
160,16,records/game/balancingadjustment_survivalmode_enemies03.dbr,sm_mod,characterManaRegenModifier,70.0,MEASURED
160,16,records/game/balancingadjustment_survivalmode_enemies03.dbr,sm_mod,characterOffensiveAbility,50.0,MEASURED
160,16,records/game/balancingadjustment_survivalmode_enemies03.dbr,sm_mod,characterOffensiveAbilityModifier,3.5,MEASURED
160,16,records/game/balancingadjustment_survivalmode_enemies03.dbr,sm_mod,characterPercentHealIncreaseModifier,-60.0,MEASURED
160,16,records/game/balancingadjustment_survivalmode_enemies03.dbr,sm_mod,characterSpellCastSpeedModifier,11.0,MEASURED
160,16,records/game/balancingadjustment_survivalmode_enemies03.dbr,sm_mod,defensivePercentCurrentLife,8.0,MEASURED
160,16,records/game/balancingadjustment_survivalmode_enemies03.dbr,sm_mod,offensiveCritDamageModifier,27.0,MEASURED
160,16,records/game/balancingadjustment_survivalmode_enemies03.dbr,sm_mod,offensivePhysicalModifier,-21.0,MEASURED
160,16,records/game/balancingadjustment_survivalmode_enemies03.dbr,sm_mod,offensiveSlowBleedingModifier,-63.0,MEASURED
160,16,records/game/balancingadjustment_survivalmode_enemies03.dbr,sm_mod,offensiveSlowColdModifier,-63.0,MEASURED
160,16,records/game/balancingadjustment_survivalmode_enemies03.dbr,sm_mod,offensiveSlowFireModifier,-63.0,MEASURED
160,16,records/game/balancingadjustment_survivalmode_enemies03.dbr,sm_mod,offensiveSlowLifeModifier,-63.0,MEASURED
160,16,records/game/balancingadjustment_survivalmode_enemies03.dbr,sm_mod,offensiveSlowLightningModifier,-63.0,MEASURED
160,16,records/game/balancingadjustment_survivalmode_enemies03.dbr,sm_mod,offensiveSlowPhysicalModifier,-63.0,MEASURED
160,16,records/game/balancingadjustment_survivalmode_enemies03.dbr,sm_mod,offensiveSlowPoisonModifier,-63.0,MEASURED
160,16,records/game/balancingadjustment_survivalmode_enemies03.dbr,sm_mod,offensiveTotalDamageModifier,43.0,MEASURED
160,16,records/game/balancingadjustment_survivalmode_enemies03.dbr,sm_mod,retaliationTotalDamageModifier,74.0,MEASURED
160,16,records/game/balancingadjustment_survivalmode_enemies03.dbr,sm_mod,skillCooldownReduction,0.0,MEASURED
160,16,records/game/balancingadjustment_survivalmode_enemies03.dbr,sm_mod,spawnChampionMaxAdj,1.0,MEASURED
160,16,records/game/balancingadjustment_survivalmode_enemies03.dbr,sm_mod,spawnChampionMinAdj,1.0,MEASURED
160,16,records/game/balancingadjustment_survivalmode_enemies03.dbr,sm_mod,spawnMaxAdj,0.0,MEASURED
160,16,records/game/balancingadjustment_survivalmode_enemies03.dbr,sm_mod,spawnMinAdj,0.0,MEASURED
161,17,records/game/balancingadjustment_survivalmode_enemies03.dbr,sm_mod,characterAttackSpeedModifier,11.0,MEASURED
161,17,records/game/balancingadjustment_survivalmode_enemies03.dbr,sm_mod,characterDefensiveAbility,67.0,MEASURED
161,17,records/game/balancingadjustment_survivalmode_enemies03.dbr,sm_mod,characterDefensiveAbilityModifier,6.0,MEASURED
161,17,records/game/balancingadjustment_survivalmode_enemies03.dbr,sm_mod,characterLifeModifier,326.0,MEASURED
161,17,records/game/balancingadjustment_survivalmode_enemies03.dbr,sm_mod,characterLifeRegenModifier,70.0,MEASURED
161,17,records/game/balancingadjustment_survivalmode_enemies03.dbr,sm_mod,characterManaRegenModifier,70.0,MEASURED
161,17,records/game/balancingadjustment_survivalmode_enemies03.dbr,sm_mod,characterOffensiveAbility,50.0,MEASURED
161,17,records/game/balancingadjustment_survivalmode_enemies03.dbr,sm_mod,characterOffensiveAbilityModifier,3.5,MEASURED
161,17,records/game/balancingadjustment_survivalmode_enemies03.dbr,sm_mod,characterPercentHealIncreaseModifier,-60.0,MEASURED
161,17,records/game/balancingadjustment_survivalmode_enemies03.dbr,sm_mod,characterSpellCastSpeedModifier,11.0,MEASURED
161,17,records/game/balancingadjustment_survivalmode_enemies03.dbr,sm_mod,defensivePercentCurrentLife,8.0,MEASURED
161,17,records/game/balancingadjustment_survivalmode_enemies03.dbr,sm_mod,offensiveCritDamageModifier,27.0,MEASURED
161,17,records/game/balancingadjustment_survivalmode_enemies03.dbr,sm_mod,offensivePhysicalModifier,-21.0,MEASURED
161,17,records/game/balancingadjustment_survivalmode_enemies03.dbr,sm_mod,offensiveSlowBleedingModifier,-63.0,MEASURED
161,17,records/game/balancingadjustment_survivalmode_enemies03.dbr,sm_mod,offensiveSlowColdModifier,-63.0,MEASURED
161,17,records/game/balancingadjustment_survivalmode_enemies03.dbr,sm_mod,offensiveSlowFireModifier,-63.0,MEASURED
161,17,records/game/balancingadjustment_survivalmode_enemies03.dbr,sm_mod,offensiveSlowLifeModifier,-63.0,MEASURED
161,17,records/game/balancingadjustment_survivalmode_enemies03.dbr,sm_mod,offensiveSlowLightningModifier,-63.0,MEASURED
161,17,records/game/balancingadjustment_survivalmode_enemies03.dbr,sm_mod,offensiveSlowPhysicalModifier,-63.0,MEASURED
161,17,records/game/balancingadjustment_survivalmode_enemies03.dbr,sm_mod,offensiveSlowPoisonModifier,-63.0,MEASURED
161,17,records/game/balancingadjustment_survivalmode_enemies03.dbr,sm_mod,offensiveTotalDamageModifier,44.0,MEASURED
161,17,records/game/balancingadjustment_survivalmode_enemies03.dbr,sm_mod,retaliationTotalDamageModifier,74.0,MEASURED
161,17,records/game/balancingadjustment_survivalmode_enemies03.dbr,sm_mod,skillCooldownReduction,0.0,MEASURED
161,17,records/game/balancingadjustment_survivalmode_enemies03.dbr,sm_mod,spawnChampionMaxAdj,1.0,MEASURED
161,17,records/game/balancingadjustment_survivalmode_enemies03.dbr,sm_mod,spawnChampionMinAdj,1.0,MEASURED
161,17,records/game/balancingadjustment_survivalmode_enemies03.dbr,sm_mod,spawnMaxAdj,0.0,MEASURED
161,17,records/game/balancingadjustment_survivalmode_enemies03.dbr,sm_mod,spawnMinAdj,0.0,MEASURED
162,17,records/game/balancingadjustment_survivalmode_enemies03.dbr,sm_mod,characterAttackSpeedModifier,11.0,MEASURED
162,17,records/game/balancingadjustment_survivalmode_enemies03.dbr,sm_mod,characterDefensiveAbility,68.0,MEASURED
162,17,records/game/balancingadjustment_survivalmode_enemies03.dbr,sm_mod,characterDefensiveAbilityModifier,6.0,MEASURED
162,17,records/game/balancingadjustment_survivalmode_enemies03.dbr,sm_mod,characterLifeModifier,328.0,MEASURED
162,17,records/game/balancingadjustment_survivalmode_enemies03.dbr,sm_mod,characterLifeRegenModifier,71.0,MEASURED
162,17,records/game/balancingadjustment_survivalmode_enemies03.dbr,sm_mod,characterManaRegenModifier,71.0,MEASURED
162,17,records/game/balancingadjustment_survivalmode_enemies03.dbr,sm_mod,characterOffensiveAbility,51.0,MEASURED
162,17,records/game/balancingadjustment_survivalmode_enemies03.dbr,sm_mod,characterOffensiveAbilityModifier,3.5,MEASURED
162,17,records/game/balancingadjustment_survivalmode_enemies03.dbr,sm_mod,characterPercentHealIncreaseModifier,-60.0,MEASURED
162,17,records/game/balancingadjustment_survivalmode_enemies03.dbr,sm_mod,characterSpellCastSpeedModifier,11.0,MEASURED
162,17,records/game/balancingadjustment_survivalmode_enemies03.dbr,sm_mod,defensivePercentCurrentLife,8.0,MEASURED
162,17,records/game/balancingadjustment_survivalmode_enemies03.dbr,sm_mod,offensiveCritDamageModifier,27.0,MEASURED
162,17,records/game/balancingadjustment_survivalmode_enemies03.dbr,sm_mod,offensivePhysicalModifier,-22.0,MEASURED
162,17,records/game/balancingadjustment_survivalmode_enemies03.dbr,sm_mod,offensiveSlowBleedingModifier,-63.0,MEASURED
162,17,records/game/balancingadjustment_survivalmode_enemies03.dbr,sm_mod,offensiveSlowColdModifier,-63.0,MEASURED
162,17,records/game/balancingadjustment_survivalmode_enemies03.dbr,sm_mod,offensiveSlowFireModifier,-63.0,MEASURED
162,17,records/game/balancingadjustment_survivalmode_enemies03.dbr,sm_mod,offensiveSlowLifeModifier,-63.0,MEASURED
162,17,records/game/balancingadjustment_survivalmode_enemies03.dbr,sm_mod,offensiveSlowLightningModifier,-63.0,MEASURED
162,17,records/game/balancingadjustment_survivalmode_enemies03.dbr,sm_mod,offensiveSlowPhysicalModifier,-63.0,MEASURED
162,17,records/game/balancingadjustment_survivalmode_enemies03.dbr,sm_mod,offensiveSlowPoisonModifier,-63.0,MEASURED
162,17,records/game/balancingadjustment_survivalmode_enemies03.dbr,sm_mod,offensiveTotalDamageModifier,44.0,MEASURED
162,17,records/game/balancingadjustment_survivalmode_enemies03.dbr,sm_mod,retaliationTotalDamageModifier,74.0,MEASURED
162,17,records/game/balancingadjustment_survivalmode_enemies03.dbr,sm_mod,skillCooldownReduction,0.0,MEASURED
162,17,records/game/balancingadjustment_survivalmode_enemies03.dbr,sm_mod,spawnChampionMaxAdj,1.0,MEASURED
162,17,records/game/balancingadjustment_survivalmode_enemies03.dbr,sm_mod,spawnChampionMinAdj,1.0,MEASURED
162,17,records/game/balancingadjustment_survivalmode_enemies03.dbr,sm_mod,spawnMaxAdj,0.0,MEASURED
162,17,records/game/balancingadjustment_survivalmode_enemies03.dbr,sm_mod,spawnMinAdj,0.0,MEASURED
163,17,records/game/balancingadjustment_survivalmode_enemies03.dbr,sm_mod,characterAttackSpeedModifier,11.0,MEASURED
163,17,records/game/balancingadjustment_survivalmode_enemies03.dbr,sm_mod,characterDefensiveAbility,69.0,MEASURED
163,17,records/game/balancingadjustment_survivalmode_enemies03.dbr,sm_mod,characterDefensiveAbilityModifier,6.0,MEASURED
163,17,records/game/balancingadjustment_survivalmode_enemies03.dbr,sm_mod,characterLifeModifier,330.0,MEASURED
163,17,records/game/balancingadjustment_survivalmode_enemies03.dbr,sm_mod,characterLifeRegenModifier,71.0,MEASURED
163,17,records/game/balancingadjustment_survivalmode_enemies03.dbr,sm_mod,characterManaRegenModifier,71.0,MEASURED
163,17,records/game/balancingadjustment_survivalmode_enemies03.dbr,sm_mod,characterOffensiveAbility,51.0,MEASURED
163,17,records/game/balancingadjustment_survivalmode_enemies03.dbr,sm_mod,characterOffensiveAbilityModifier,3.5,MEASURED
163,17,records/game/balancingadjustment_survivalmode_enemies03.dbr,sm_mod,characterPercentHealIncreaseModifier,-60.0,MEASURED
163,17,records/game/balancingadjustment_survivalmode_enemies03.dbr,sm_mod,characterSpellCastSpeedModifier,11.0,MEASURED
163,17,records/game/balancingadjustment_survivalmode_enemies03.dbr,sm_mod,defensivePercentCurrentLife,8.0,MEASURED
163,17,records/game/balancingadjustment_survivalmode_enemies03.dbr,sm_mod,offensiveCritDamageModifier,27.0,MEASURED
163,17,records/game/balancingadjustment_survivalmode_enemies03.dbr,sm_mod,offensivePhysicalModifier,-22.0,MEASURED
163,17,records/game/balancingadjustment_survivalmode_enemies03.dbr,sm_mod,offensiveSlowBleedingModifier,-64.0,MEASURED
163,17,records/game/balancingadjustment_survivalmode_enemies03.dbr,sm_mod,offensiveSlowColdModifier,-64.0,MEASURED
163,17,records/game/balancingadjustment_survivalmode_enemies03.dbr,sm_mod,offensiveSlowFireModifier,-64.0,MEASURED
163,17,records/game/balancingadjustment_survivalmode_enemies03.dbr,sm_mod,offensiveSlowLifeModifier,-64.0,MEASURED
163,17,records/game/balancingadjustment_survivalmode_enemies03.dbr,sm_mod,offensiveSlowLightningModifier,-64.0,MEASURED
163,17,records/game/balancingadjustment_survivalmode_enemies03.dbr,sm_mod,offensiveSlowPhysicalModifier,-64.0,MEASURED
163,17,records/game/balancingadjustment_survivalmode_enemies03.dbr,sm_mod,offensiveSlowPoisonModifier,-64.0,MEASURED
163,17,records/game/balancingadjustment_survivalmode_enemies03.dbr,sm_mod,offensiveTotalDamageModifier,44.0,MEASURED
163,17,records/game/balancingadjustment_survivalmode_enemies03.dbr,sm_mod,retaliationTotalDamageModifier,74.0,MEASURED
163,17,records/game/balancingadjustment_survivalmode_enemies03.dbr,sm_mod,skillCooldownReduction,0.0,MEASURED
163,17,records/game/balancingadjustment_survivalmode_enemies03.dbr,sm_mod,spawnChampionMaxAdj,1.0,MEASURED
163,17,records/game/balancingadjustment_survivalmode_enemies03.dbr,sm_mod,spawnChampionMinAdj,1.0,MEASURED
163,17,records/game/balancingadjustment_survivalmode_enemies03.dbr,sm_mod,spawnMaxAdj,0.0,MEASURED
163,17,records/game/balancingadjustment_survivalmode_enemies03.dbr,sm_mod,spawnMinAdj,0.0,MEASURED
164,17,records/game/balancingadjustment_survivalmode_enemies03.dbr,sm_mod,characterAttackSpeedModifier,11.0,MEASURED
164,17,records/game/balancingadjustment_survivalmode_enemies03.dbr,sm_mod,characterDefensiveAbility,69.0,MEASURED
164,17,records/game/balancingadjustment_survivalmode_enemies03.dbr,sm_mod,characterDefensiveAbilityModifier,6.0,MEASURED
164,17,records/game/balancingadjustment_survivalmode_enemies03.dbr,sm_mod,characterLifeModifier,332.0,MEASURED
164,17,records/game/balancingadjustment_survivalmode_enemies03.dbr,sm_mod,characterLifeRegenModifier,71.0,MEASURED
164,17,records/game/balancingadjustment_survivalmode_enemies03.dbr,sm_mod,characterManaRegenModifier,71.0,MEASURED
164,17,records/game/balancingadjustment_survivalmode_enemies03.dbr,sm_mod,characterOffensiveAbility,51.0,MEASURED
164,17,records/game/balancingadjustment_survivalmode_enemies03.dbr,sm_mod,characterOffensiveAbilityModifier,3.5,MEASURED
164,17,records/game/balancingadjustment_survivalmode_enemies03.dbr,sm_mod,characterPercentHealIncreaseModifier,-60.0,MEASURED
164,17,records/game/balancingadjustment_survivalmode_enemies03.dbr,sm_mod,characterSpellCastSpeedModifier,11.0,MEASURED
164,17,records/game/balancingadjustment_survivalmode_enemies03.dbr,sm_mod,defensivePercentCurrentLife,8.0,MEASURED
164,17,records/game/balancingadjustment_survivalmode_enemies03.dbr,sm_mod,offensiveCritDamageModifier,27.0,MEASURED
164,17,records/game/balancingadjustment_survivalmode_enemies03.dbr,sm_mod,offensivePhysicalModifier,-22.0,MEASURED
164,17,records/game/balancingadjustment_survivalmode_enemies03.dbr,sm_mod,offensiveSlowBleedingModifier,-64.0,MEASURED
164,17,records/game/balancingadjustment_survivalmode_enemies03.dbr,sm_mod,offensiveSlowColdModifier,-64.0,MEASURED
164,17,records/game/balancingadjustment_survivalmode_enemies03.dbr,sm_mod,offensiveSlowFireModifier,-64.0,MEASURED
164,17,records/game/balancingadjustment_survivalmode_enemies03.dbr,sm_mod,offensiveSlowLifeModifier,-64.0,MEASURED
164,17,records/game/balancingadjustment_survivalmode_enemies03.dbr,sm_mod,offensiveSlowLightningModifier,-64.0,MEASURED
164,17,records/game/balancingadjustment_survivalmode_enemies03.dbr,sm_mod,offensiveSlowPhysicalModifier,-64.0,MEASURED
164,17,records/game/balancingadjustment_survivalmode_enemies03.dbr,sm_mod,offensiveSlowPoisonModifier,-64.0,MEASURED
164,17,records/game/balancingadjustment_survivalmode_enemies03.dbr,sm_mod,offensiveTotalDamageModifier,44.0,MEASURED
164,17,records/game/balancingadjustment_survivalmode_enemies03.dbr,sm_mod,retaliationTotalDamageModifier,74.0,MEASURED
164,17,records/game/balancingadjustment_survivalmode_enemies03.dbr,sm_mod,skillCooldownReduction,0.0,MEASURED
164,17,records/game/balancingadjustment_survivalmode_enemies03.dbr,sm_mod,spawnChampionMaxAdj,1.0,MEASURED
164,17,records/game/balancingadjustment_survivalmode_enemies03.dbr,sm_mod,spawnChampionMinAdj,1.0,MEASURED
164,17,records/game/balancingadjustment_survivalmode_enemies03.dbr,sm_mod,spawnMaxAdj,0.0,MEASURED
164,17,records/game/balancingadjustment_survivalmode_enemies03.dbr,sm_mod,spawnMinAdj,0.0,MEASURED
165,17,records/game/balancingadjustment_survivalmode_enemies03.dbr,sm_mod,characterAttackSpeedModifier,11.0,MEASURED
165,17,records/game/balancingadjustment_survivalmode_enemies03.dbr,sm_mod,characterDefensiveAbility,70.0,MEASURED
165,17,records/game/balancingadjustment_survivalmode_enemies03.dbr,sm_mod,characterDefensiveAbilityModifier,6.0,MEASURED
165,17,records/game/balancingadjustment_survivalmode_enemies03.dbr,sm_mod,characterLifeModifier,334.0,MEASURED
165,17,records/game/balancingadjustment_survivalmode_enemies03.dbr,sm_mod,characterLifeRegenModifier,72.0,MEASURED
165,17,records/game/balancingadjustment_survivalmode_enemies03.dbr,sm_mod,characterManaRegenModifier,72.0,MEASURED
165,17,records/game/balancingadjustment_survivalmode_enemies03.dbr,sm_mod,characterOffensiveAbility,52.0,MEASURED
165,17,records/game/balancingadjustment_survivalmode_enemies03.dbr,sm_mod,characterOffensiveAbilityModifier,3.5,MEASURED
165,17,records/game/balancingadjustment_survivalmode_enemies03.dbr,sm_mod,characterPercentHealIncreaseModifier,-60.0,MEASURED
165,17,records/game/balancingadjustment_survivalmode_enemies03.dbr,sm_mod,characterSpellCastSpeedModifier,11.0,MEASURED
165,17,records/game/balancingadjustment_survivalmode_enemies03.dbr,sm_mod,defensivePercentCurrentLife,8.0,MEASURED
165,17,records/game/balancingadjustment_survivalmode_enemies03.dbr,sm_mod,offensiveCritDamageModifier,27.0,MEASURED
165,17,records/game/balancingadjustment_survivalmode_enemies03.dbr,sm_mod,offensivePhysicalModifier,-23.0,MEASURED
165,17,records/game/balancingadjustment_survivalmode_enemies03.dbr,sm_mod,offensiveSlowBleedingModifier,-64.0,MEASURED
165,17,records/game/balancingadjustment_survivalmode_enemies03.dbr,sm_mod,offensiveSlowColdModifier,-64.0,MEASURED
165,17,records/game/balancingadjustment_survivalmode_enemies03.dbr,sm_mod,offensiveSlowFireModifier,-64.0,MEASURED
165,17,records/game/balancingadjustment_survivalmode_enemies03.dbr,sm_mod,offensiveSlowLifeModifier,-64.0,MEASURED
165,17,records/game/balancingadjustment_survivalmode_enemies03.dbr,sm_mod,offensiveSlowLightningModifier,-64.0,MEASURED
165,17,records/game/balancingadjustment_survivalmode_enemies03.dbr,sm_mod,offensiveSlowPhysicalModifier,-64.0,MEASURED
165,17,records/game/balancingadjustment_survivalmode_enemies03.dbr,sm_mod,offensiveSlowPoisonModifier,-64.0,MEASURED
165,17,records/game/balancingadjustment_survivalmode_enemies03.dbr,sm_mod,offensiveTotalDamageModifier,44.0,MEASURED
165,17,records/game/balancingadjustment_survivalmode_enemies03.dbr,sm_mod,retaliationTotalDamageModifier,74.0,MEASURED
165,17,records/game/balancingadjustment_survivalmode_enemies03.dbr,sm_mod,skillCooldownReduction,0.0,MEASURED
165,17,records/game/balancingadjustment_survivalmode_enemies03.dbr,sm_mod,spawnChampionMaxAdj,1.0,MEASURED
165,17,records/game/balancingadjustment_survivalmode_enemies03.dbr,sm_mod,spawnChampionMinAdj,1.0,MEASURED
165,17,records/game/balancingadjustment_survivalmode_enemies03.dbr,sm_mod,spawnMaxAdj,0.0,MEASURED
165,17,records/game/balancingadjustment_survivalmode_enemies03.dbr,sm_mod,spawnMinAdj,0.0,MEASURED
166,17,records/game/balancingadjustment_survivalmode_enemies03.dbr,sm_mod,characterAttackSpeedModifier,11.0,MEASURED
166,17,records/game/balancingadjustment_survivalmode_enemies03.dbr,sm_mod,characterDefensiveAbility,71.0,MEASURED
166,17,records/game/balancingadjustment_survivalmode_enemies03.dbr,sm_mod,characterDefensiveAbilityModifier,6.0,MEASURED
166,17,records/game/balancingadjustment_survivalmode_enemies03.dbr,sm_mod,characterLifeModifier,336.0,MEASURED
166,17,records/game/balancingadjustment_survivalmode_enemies03.dbr,sm_mod,characterLifeRegenModifier,72.0,MEASURED
166,17,records/game/balancingadjustment_survivalmode_enemies03.dbr,sm_mod,characterManaRegenModifier,72.0,MEASURED
166,17,records/game/balancingadjustment_survivalmode_enemies03.dbr,sm_mod,characterOffensiveAbility,52.0,MEASURED
166,17,records/game/balancingadjustment_survivalmode_enemies03.dbr,sm_mod,characterOffensiveAbilityModifier,3.5,MEASURED
166,17,records/game/balancingadjustment_survivalmode_enemies03.dbr,sm_mod,characterPercentHealIncreaseModifier,-60.0,MEASURED
166,17,records/game/balancingadjustment_survivalmode_enemies03.dbr,sm_mod,characterSpellCastSpeedModifier,11.0,MEASURED
166,17,records/game/balancingadjustment_survivalmode_enemies03.dbr,sm_mod,defensivePercentCurrentLife,8.0,MEASURED
166,17,records/game/balancingadjustment_survivalmode_enemies03.dbr,sm_mod,offensiveCritDamageModifier,27.0,MEASURED
166,17,records/game/balancingadjustment_survivalmode_enemies03.dbr,sm_mod,offensivePhysicalModifier,-23.0,MEASURED
166,17,records/game/balancingadjustment_survivalmode_enemies03.dbr,sm_mod,offensiveSlowBleedingModifier,-64.0,MEASURED
166,17,records/game/balancingadjustment_survivalmode_enemies03.dbr,sm_mod,offensiveSlowColdModifier,-64.0,MEASURED
166,17,records/game/balancingadjustment_survivalmode_enemies03.dbr,sm_mod,offensiveSlowFireModifier,-64.0,MEASURED
166,17,records/game/balancingadjustment_survivalmode_enemies03.dbr,sm_mod,offensiveSlowLifeModifier,-64.0,MEASURED
166,17,records/game/balancingadjustment_survivalmode_enemies03.dbr,sm_mod,offensiveSlowLightningModifier,-64.0,MEASURED
166,17,records/game/balancingadjustment_survivalmode_enemies03.dbr,sm_mod,offensiveSlowPhysicalModifier,-64.0,MEASURED
166,17,records/game/balancingadjustment_survivalmode_enemies03.dbr,sm_mod,offensiveSlowPoisonModifier,-64.0,MEASURED
166,17,records/game/balancingadjustment_survivalmode_enemies03.dbr,sm_mod,offensiveTotalDamageModifier,45.0,MEASURED
166,17,records/game/balancingadjustment_survivalmode_enemies03.dbr,sm_mod,retaliationTotalDamageModifier,74.0,MEASURED
166,17,records/game/balancingadjustment_survivalmode_enemies03.dbr,sm_mod,skillCooldownReduction,0.0,MEASURED
166,17,records/game/balancingadjustment_survivalmode_enemies03.dbr,sm_mod,spawnChampionMaxAdj,1.0,MEASURED
166,17,records/game/balancingadjustment_survivalmode_enemies03.dbr,sm_mod,spawnChampionMinAdj,1.0,MEASURED
166,17,records/game/balancingadjustment_survivalmode_enemies03.dbr,sm_mod,spawnMaxAdj,0.0,MEASURED
166,17,records/game/balancingadjustment_survivalmode_enemies03.dbr,sm_mod,spawnMinAdj,0.0,MEASURED
167,17,records/game/balancingadjustment_survivalmode_enemies03.dbr,sm_mod,characterAttackSpeedModifier,11.0,MEASURED
167,17,records/game/balancingadjustment_survivalmode_enemies03.dbr,sm_mod,characterDefensiveAbility,71.0,MEASURED
167,17,records/game/balancingadjustment_survivalmode_enemies03.dbr,sm_mod,characterDefensiveAbilityModifier,6.0,MEASURED
167,17,records/game/balancingadjustment_survivalmode_enemies03.dbr,sm_mod,characterLifeModifier,338.0,MEASURED
167,17,records/game/balancingadjustment_survivalmode_enemies03.dbr,sm_mod,characterLifeRegenModifier,72.0,MEASURED
167,17,records/game/balancingadjustment_survivalmode_enemies03.dbr,sm_mod,characterManaRegenModifier,72.0,MEASURED
167,17,records/game/balancingadjustment_survivalmode_enemies03.dbr,sm_mod,characterOffensiveAbility,52.0,MEASURED
167,17,records/game/balancingadjustment_survivalmode_enemies03.dbr,sm_mod,characterOffensiveAbilityModifier,3.5,MEASURED
167,17,records/game/balancingadjustment_survivalmode_enemies03.dbr,sm_mod,characterPercentHealIncreaseModifier,-60.0,MEASURED
167,17,records/game/balancingadjustment_survivalmode_enemies03.dbr,sm_mod,characterSpellCastSpeedModifier,11.0,MEASURED
167,17,records/game/balancingadjustment_survivalmode_enemies03.dbr,sm_mod,defensivePercentCurrentLife,8.0,MEASURED
167,17,records/game/balancingadjustment_survivalmode_enemies03.dbr,sm_mod,offensiveCritDamageModifier,27.0,MEASURED
167,17,records/game/balancingadjustment_survivalmode_enemies03.dbr,sm_mod,offensivePhysicalModifier,-23.0,MEASURED
167,17,records/game/balancingadjustment_survivalmode_enemies03.dbr,sm_mod,offensiveSlowBleedingModifier,-65.0,MEASURED
167,17,records/game/balancingadjustment_survivalmode_enemies03.dbr,sm_mod,offensiveSlowColdModifier,-65.0,MEASURED
167,17,records/game/balancingadjustment_survivalmode_enemies03.dbr,sm_mod,offensiveSlowFireModifier,-65.0,MEASURED
167,17,records/game/balancingadjustment_survivalmode_enemies03.dbr,sm_mod,offensiveSlowLifeModifier,-65.0,MEASURED
167,17,records/game/balancingadjustment_survivalmode_enemies03.dbr,sm_mod,offensiveSlowLightningModifier,-65.0,MEASURED
167,17,records/game/balancingadjustment_survivalmode_enemies03.dbr,sm_mod,offensiveSlowPhysicalModifier,-65.0,MEASURED
167,17,records/game/balancingadjustment_survivalmode_enemies03.dbr,sm_mod,offensiveSlowPoisonModifier,-65.0,MEASURED
167,17,records/game/balancingadjustment_survivalmode_enemies03.dbr,sm_mod,offensiveTotalDamageModifier,45.0,MEASURED
167,17,records/game/balancingadjustment_survivalmode_enemies03.dbr,sm_mod,retaliationTotalDamageModifier,74.0,MEASURED
167,17,records/game/balancingadjustment_survivalmode_enemies03.dbr,sm_mod,skillCooldownReduction,0.0,MEASURED
167,17,records/game/balancingadjustment_survivalmode_enemies03.dbr,sm_mod,spawnChampionMaxAdj,1.0,MEASURED
167,17,records/game/balancingadjustment_survivalmode_enemies03.dbr,sm_mod,spawnChampionMinAdj,1.0,MEASURED
167,17,records/game/balancingadjustment_survivalmode_enemies03.dbr,sm_mod,spawnMaxAdj,0.0,MEASURED
167,17,records/game/balancingadjustment_survivalmode_enemies03.dbr,sm_mod,spawnMinAdj,0.0,MEASURED
168,17,records/game/balancingadjustment_survivalmode_enemies03.dbr,sm_mod,characterAttackSpeedModifier,11.0,MEASURED
168,17,records/game/balancingadjustment_survivalmode_enemies03.dbr,sm_mod,characterDefensiveAbility,72.0,MEASURED
168,17,records/game/balancingadjustment_survivalmode_enemies03.dbr,sm_mod,characterDefensiveAbilityModifier,6.0,MEASURED
168,17,records/game/balancingadjustment_survivalmode_enemies03.dbr,sm_mod,characterLifeModifier,340.0,MEASURED
168,17,records/game/balancingadjustment_survivalmode_enemies03.dbr,sm_mod,characterLifeRegenModifier,73.0,MEASURED
168,17,records/game/balancingadjustment_survivalmode_enemies03.dbr,sm_mod,characterManaRegenModifier,73.0,MEASURED
168,17,records/game/balancingadjustment_survivalmode_enemies03.dbr,sm_mod,characterOffensiveAbility,53.0,MEASURED
168,17,records/game/balancingadjustment_survivalmode_enemies03.dbr,sm_mod,characterOffensiveAbilityModifier,3.5,MEASURED
168,17,records/game/balancingadjustment_survivalmode_enemies03.dbr,sm_mod,characterPercentHealIncreaseModifier,-60.0,MEASURED
168,17,records/game/balancingadjustment_survivalmode_enemies03.dbr,sm_mod,characterSpellCastSpeedModifier,11.0,MEASURED
168,17,records/game/balancingadjustment_survivalmode_enemies03.dbr,sm_mod,defensivePercentCurrentLife,8.0,MEASURED
168,17,records/game/balancingadjustment_survivalmode_enemies03.dbr,sm_mod,offensiveCritDamageModifier,27.0,MEASURED
168,17,records/game/balancingadjustment_survivalmode_enemies03.dbr,sm_mod,offensivePhysicalModifier,-24.0,MEASURED
168,17,records/game/balancingadjustment_survivalmode_enemies03.dbr,sm_mod,offensiveSlowBleedingModifier,-65.0,MEASURED
168,17,records/game/balancingadjustment_survivalmode_enemies03.dbr,sm_mod,offensiveSlowColdModifier,-65.0,MEASURED
168,17,records/game/balancingadjustment_survivalmode_enemies03.dbr,sm_mod,offensiveSlowFireModifier,-65.0,MEASURED
168,17,records/game/balancingadjustment_survivalmode_enemies03.dbr,sm_mod,offensiveSlowLifeModifier,-65.0,MEASURED
168,17,records/game/balancingadjustment_survivalmode_enemies03.dbr,sm_mod,offensiveSlowLightningModifier,-65.0,MEASURED
168,17,records/game/balancingadjustment_survivalmode_enemies03.dbr,sm_mod,offensiveSlowPhysicalModifier,-65.0,MEASURED
168,17,records/game/balancingadjustment_survivalmode_enemies03.dbr,sm_mod,offensiveSlowPoisonModifier,-65.0,MEASURED
168,17,records/game/balancingadjustment_survivalmode_enemies03.dbr,sm_mod,offensiveTotalDamageModifier,45.0,MEASURED
168,17,records/game/balancingadjustment_survivalmode_enemies03.dbr,sm_mod,retaliationTotalDamageModifier,74.0,MEASURED
168,17,records/game/balancingadjustment_survivalmode_enemies03.dbr,sm_mod,skillCooldownReduction,0.0,MEASURED
168,17,records/game/balancingadjustment_survivalmode_enemies03.dbr,sm_mod,spawnChampionMaxAdj,1.0,MEASURED
168,17,records/game/balancingadjustment_survivalmode_enemies03.dbr,sm_mod,spawnChampionMinAdj,1.0,MEASURED
168,17,records/game/balancingadjustment_survivalmode_enemies03.dbr,sm_mod,spawnMaxAdj,0.0,MEASURED
168,17,records/game/balancingadjustment_survivalmode_enemies03.dbr,sm_mod,spawnMinAdj,0.0,MEASURED
169,17,records/game/balancingadjustment_survivalmode_enemies03.dbr,sm_mod,characterAttackSpeedModifier,11.0,MEASURED
169,17,records/game/balancingadjustment_survivalmode_enemies03.dbr,sm_mod,characterDefensiveAbility,73.0,MEASURED
169,17,records/game/balancingadjustment_survivalmode_enemies03.dbr,sm_mod,characterDefensiveAbilityModifier,6.0,MEASURED
169,17,records/game/balancingadjustment_survivalmode_enemies03.dbr,sm_mod,characterLifeModifier,342.0,MEASURED
169,17,records/game/balancingadjustment_survivalmode_enemies03.dbr,sm_mod,characterLifeRegenModifier,74.0,MEASURED
169,17,records/game/balancingadjustment_survivalmode_enemies03.dbr,sm_mod,characterManaRegenModifier,74.0,MEASURED
169,17,records/game/balancingadjustment_survivalmode_enemies03.dbr,sm_mod,characterOffensiveAbility,53.0,MEASURED
169,17,records/game/balancingadjustment_survivalmode_enemies03.dbr,sm_mod,characterOffensiveAbilityModifier,3.5,MEASURED
169,17,records/game/balancingadjustment_survivalmode_enemies03.dbr,sm_mod,characterPercentHealIncreaseModifier,-60.0,MEASURED
169,17,records/game/balancingadjustment_survivalmode_enemies03.dbr,sm_mod,characterSpellCastSpeedModifier,11.0,MEASURED
169,17,records/game/balancingadjustment_survivalmode_enemies03.dbr,sm_mod,defensivePercentCurrentLife,8.0,MEASURED
169,17,records/game/balancingadjustment_survivalmode_enemies03.dbr,sm_mod,offensiveCritDamageModifier,27.0,MEASURED
169,17,records/game/balancingadjustment_survivalmode_enemies03.dbr,sm_mod,offensivePhysicalModifier,-24.0,MEASURED
169,17,records/game/balancingadjustment_survivalmode_enemies03.dbr,sm_mod,offensiveSlowBleedingModifier,-65.0,MEASURED
169,17,records/game/balancingadjustment_survivalmode_enemies03.dbr,sm_mod,offensiveSlowColdModifier,-65.0,MEASURED
169,17,records/game/balancingadjustment_survivalmode_enemies03.dbr,sm_mod,offensiveSlowFireModifier,-65.0,MEASURED
169,17,records/game/balancingadjustment_survivalmode_enemies03.dbr,sm_mod,offensiveSlowLifeModifier,-65.0,MEASURED
169,17,records/game/balancingadjustment_survivalmode_enemies03.dbr,sm_mod,offensiveSlowLightningModifier,-65.0,MEASURED
169,17,records/game/balancingadjustment_survivalmode_enemies03.dbr,sm_mod,offensiveSlowPhysicalModifier,-65.0,MEASURED
169,17,records/game/balancingadjustment_survivalmode_enemies03.dbr,sm_mod,offensiveSlowPoisonModifier,-65.0,MEASURED
169,17,records/game/balancingadjustment_survivalmode_enemies03.dbr,sm_mod,offensiveTotalDamageModifier,45.0,MEASURED
169,17,records/game/balancingadjustment_survivalmode_enemies03.dbr,sm_mod,retaliationTotalDamageModifier,74.0,MEASURED
169,17,records/game/balancingadjustment_survivalmode_enemies03.dbr,sm_mod,skillCooldownReduction,0.0,MEASURED
169,17,records/game/balancingadjustment_survivalmode_enemies03.dbr,sm_mod,spawnChampionMaxAdj,1.0,MEASURED
169,17,records/game/balancingadjustment_survivalmode_enemies03.dbr,sm_mod,spawnChampionMinAdj,1.0,MEASURED
169,17,records/game/balancingadjustment_survivalmode_enemies03.dbr,sm_mod,spawnMaxAdj,0.0,MEASURED
169,17,records/game/balancingadjustment_survivalmode_enemies03.dbr,sm_mod,spawnMinAdj,0.0,MEASURED
170,17,records/game/balancingadjustment_survivalmode_enemies03.dbr,sm_mod,characterAttackSpeedModifier,11.0,MEASURED
170,17,records/game/balancingadjustment_survivalmode_enemies03.dbr,sm_mod,characterDefensiveAbility,74.0,MEASURED
170,17,records/game/balancingadjustment_survivalmode_enemies03.dbr,sm_mod,characterDefensiveAbilityModifier,6.0,MEASURED
170,17,records/game/balancingadjustment_survivalmode_enemies03.dbr,sm_mod,characterLifeModifier,344.0,MEASURED
170,17,records/game/balancingadjustment_survivalmode_enemies03.dbr,sm_mod,characterLifeRegenModifier,75.0,MEASURED
170,17,records/game/balancingadjustment_survivalmode_enemies03.dbr,sm_mod,characterManaRegenModifier,75.0,MEASURED
170,17,records/game/balancingadjustment_survivalmode_enemies03.dbr,sm_mod,characterOffensiveAbility,53.0,MEASURED
170,17,records/game/balancingadjustment_survivalmode_enemies03.dbr,sm_mod,characterOffensiveAbilityModifier,3.5,MEASURED
170,17,records/game/balancingadjustment_survivalmode_enemies03.dbr,sm_mod,characterPercentHealIncreaseModifier,-60.0,MEASURED
170,17,records/game/balancingadjustment_survivalmode_enemies03.dbr,sm_mod,characterSpellCastSpeedModifier,11.0,MEASURED
170,17,records/game/balancingadjustment_survivalmode_enemies03.dbr,sm_mod,defensivePercentCurrentLife,8.0,MEASURED
170,17,records/game/balancingadjustment_survivalmode_enemies03.dbr,sm_mod,offensiveCritDamageModifier,27.0,MEASURED
170,17,records/game/balancingadjustment_survivalmode_enemies03.dbr,sm_mod,offensivePhysicalModifier,-24.0,MEASURED
170,17,records/game/balancingadjustment_survivalmode_enemies03.dbr,sm_mod,offensiveSlowBleedingModifier,-65.0,MEASURED
170,17,records/game/balancingadjustment_survivalmode_enemies03.dbr,sm_mod,offensiveSlowColdModifier,-65.0,MEASURED
170,17,records/game/balancingadjustment_survivalmode_enemies03.dbr,sm_mod,offensiveSlowFireModifier,-65.0,MEASURED
170,17,records/game/balancingadjustment_survivalmode_enemies03.dbr,sm_mod,offensiveSlowLifeModifier,-65.0,MEASURED
170,17,records/game/balancingadjustment_survivalmode_enemies03.dbr,sm_mod,offensiveSlowLightningModifier,-65.0,MEASURED
170,17,records/game/balancingadjustment_survivalmode_enemies03.dbr,sm_mod,offensiveSlowPhysicalModifier,-65.0,MEASURED
170,17,records/game/balancingadjustment_survivalmode_enemies03.dbr,sm_mod,offensiveSlowPoisonModifier,-65.0,MEASURED
170,17,records/game/balancingadjustment_survivalmode_enemies03.dbr,sm_mod,offensiveTotalDamageModifier,45.0,MEASURED
170,17,records/game/balancingadjustment_survivalmode_enemies03.dbr,sm_mod,retaliationTotalDamageModifier,74.0,MEASURED
170,17,records/game/balancingadjustment_survivalmode_enemies03.dbr,sm_mod,skillCooldownReduction,0.0,MEASURED
170,17,records/game/balancingadjustment_survivalmode_enemies03.dbr,sm_mod,spawnChampionMaxAdj,1.0,MEASURED
170,17,records/game/balancingadjustment_survivalmode_enemies03.dbr,sm_mod,spawnChampionMinAdj,1.0,MEASURED
170,17,records/game/balancingadjustment_survivalmode_enemies03.dbr,sm_mod,spawnMaxAdj,0.0,MEASURED
170,17,records/game/balancingadjustment_survivalmode_enemies03.dbr,sm_mod,spawnMinAdj,0.0,MEASURED
171,18,records/game/balancingadjustment_survivalmode_enemies03.dbr,sm_mod,characterAttackSpeedModifier,12.0,MEASURED
171,18,records/game/balancingadjustment_survivalmode_enemies03.dbr,sm_mod,characterDefensiveAbility,75.0,MEASURED
171,18,records/game/balancingadjustment_survivalmode_enemies03.dbr,sm_mod,characterDefensiveAbilityModifier,6.0,MEASURED
171,18,records/game/balancingadjustment_survivalmode_enemies03.dbr,sm_mod,characterLifeModifier,420.0,MEASURED
171,18,records/game/balancingadjustment_survivalmode_enemies03.dbr,sm_mod,characterLifeRegenModifier,80.0,MEASURED
171,18,records/game/balancingadjustment_survivalmode_enemies03.dbr,sm_mod,characterManaRegenModifier,80.0,MEASURED
171,18,records/game/balancingadjustment_survivalmode_enemies03.dbr,sm_mod,characterOffensiveAbility,54.0,MEASURED
171,18,records/game/balancingadjustment_survivalmode_enemies03.dbr,sm_mod,characterOffensiveAbilityModifier,4.199999809265137,MEASURED
171,18,records/game/balancingadjustment_survivalmode_enemies03.dbr,sm_mod,characterPercentHealIncreaseModifier,-60.0,MEASURED
171,18,records/game/balancingadjustment_survivalmode_enemies03.dbr,sm_mod,characterSpellCastSpeedModifier,12.0,MEASURED
171,18,records/game/balancingadjustment_survivalmode_enemies03.dbr,sm_mod,defensivePercentCurrentLife,9.0,MEASURED
171,18,records/game/balancingadjustment_survivalmode_enemies03.dbr,sm_mod,offensiveCritDamageModifier,29.0,MEASURED
171,18,records/game/balancingadjustment_survivalmode_enemies03.dbr,sm_mod,offensivePhysicalModifier,-25.0,MEASURED
171,18,records/game/balancingadjustment_survivalmode_enemies03.dbr,sm_mod,offensiveSlowBleedingModifier,-65.0,MEASURED
171,18,records/game/balancingadjustment_survivalmode_enemies03.dbr,sm_mod,offensiveSlowColdModifier,-65.0,MEASURED
171,18,records/game/balancingadjustment_survivalmode_enemies03.dbr,sm_mod,offensiveSlowFireModifier,-65.0,MEASURED
171,18,records/game/balancingadjustment_survivalmode_enemies03.dbr,sm_mod,offensiveSlowLifeModifier,-65.0,MEASURED
171,18,records/game/balancingadjustment_survivalmode_enemies03.dbr,sm_mod,offensiveSlowLightningModifier,-65.0,MEASURED
171,18,records/game/balancingadjustment_survivalmode_enemies03.dbr,sm_mod,offensiveSlowPhysicalModifier,-65.0,MEASURED
171,18,records/game/balancingadjustment_survivalmode_enemies03.dbr,sm_mod,offensiveSlowPoisonModifier,-65.0,MEASURED
171,18,records/game/balancingadjustment_survivalmode_enemies03.dbr,sm_mod,offensiveTotalDamageModifier,56.0,MEASURED
171,18,records/game/balancingadjustment_survivalmode_enemies03.dbr,sm_mod,retaliationTotalDamageModifier,80.0,MEASURED
171,18,records/game/balancingadjustment_survivalmode_enemies03.dbr,sm_mod,skillCooldownReduction,0.0,MEASURED
171,18,records/game/balancingadjustment_survivalmode_enemies03.dbr,sm_mod,spawnChampionMaxAdj,1.0,MEASURED
171,18,records/game/balancingadjustment_survivalmode_enemies03.dbr,sm_mod,spawnChampionMinAdj,1.0,MEASURED
171,18,records/game/balancingadjustment_survivalmode_enemies03.dbr,sm_mod,spawnMaxAdj,0.0,MEASURED
171,18,records/game/balancingadjustment_survivalmode_enemies03.dbr,sm_mod,spawnMinAdj,0.0,MEASURED
172,18,records/game/balancingadjustment_survivalmode_enemies03.dbr,sm_mod,characterAttackSpeedModifier,12.0,MEASURED
172,18,records/game/balancingadjustment_survivalmode_enemies03.dbr,sm_mod,characterDefensiveAbility,75.0,MEASURED
172,18,records/game/balancingadjustment_survivalmode_enemies03.dbr,sm_mod,characterDefensiveAbilityModifier,6.0,MEASURED
172,18,records/game/balancingadjustment_survivalmode_enemies03.dbr,sm_mod,characterLifeModifier,430.0,MEASURED
172,18,records/game/balancingadjustment_survivalmode_enemies03.dbr,sm_mod,characterLifeRegenModifier,81.0,MEASURED
172,18,records/game/balancingadjustment_survivalmode_enemies03.dbr,sm_mod,characterManaRegenModifier,81.0,MEASURED
172,18,records/game/balancingadjustment_survivalmode_enemies03.dbr,sm_mod,characterOffensiveAbility,55.0,MEASURED
172,18,records/game/balancingadjustment_survivalmode_enemies03.dbr,sm_mod,characterOffensiveAbilityModifier,4.199999809265137,MEASURED
172,18,records/game/balancingadjustment_survivalmode_enemies03.dbr,sm_mod,characterPercentHealIncreaseModifier,-60.0,MEASURED
172,18,records/game/balancingadjustment_survivalmode_enemies03.dbr,sm_mod,characterSpellCastSpeedModifier,12.0,MEASURED
172,18,records/game/balancingadjustment_survivalmode_enemies03.dbr,sm_mod,defensivePercentCurrentLife,9.0,MEASURED
172,18,records/game/balancingadjustment_survivalmode_enemies03.dbr,sm_mod,offensiveCritDamageModifier,29.0,MEASURED
172,18,records/game/balancingadjustment_survivalmode_enemies03.dbr,sm_mod,offensivePhysicalModifier,-25.0,MEASURED
172,18,records/game/balancingadjustment_survivalmode_enemies03.dbr,sm_mod,offensiveSlowBleedingModifier,-65.0,MEASURED
172,18,records/game/balancingadjustment_survivalmode_enemies03.dbr,sm_mod,offensiveSlowColdModifier,-65.0,MEASURED
172,18,records/game/balancingadjustment_survivalmode_enemies03.dbr,sm_mod,offensiveSlowFireModifier,-65.0,MEASURED
172,18,records/game/balancingadjustment_survivalmode_enemies03.dbr,sm_mod,offensiveSlowLifeModifier,-65.0,MEASURED
172,18,records/game/balancingadjustment_survivalmode_enemies03.dbr,sm_mod,offensiveSlowLightningModifier,-65.0,MEASURED
172,18,records/game/balancingadjustment_survivalmode_enemies03.dbr,sm_mod,offensiveSlowPhysicalModifier,-65.0,MEASURED
172,18,records/game/balancingadjustment_survivalmode_enemies03.dbr,sm_mod,offensiveSlowPoisonModifier,-65.0,MEASURED
172,18,records/game/balancingadjustment_survivalmode_enemies03.dbr,sm_mod,offensiveTotalDamageModifier,57.0,MEASURED
172,18,records/game/balancingadjustment_survivalmode_enemies03.dbr,sm_mod,retaliationTotalDamageModifier,80.0,MEASURED
172,18,records/game/balancingadjustment_survivalmode_enemies03.dbr,sm_mod,skillCooldownReduction,0.0,MEASURED
172,18,records/game/balancingadjustment_survivalmode_enemies03.dbr,sm_mod,spawnChampionMaxAdj,1.0,MEASURED
172,18,records/game/balancingadjustment_survivalmode_enemies03.dbr,sm_mod,spawnChampionMinAdj,1.0,MEASURED
172,18,records/game/balancingadjustment_survivalmode_enemies03.dbr,sm_mod,spawnMaxAdj,0.0,MEASURED
172,18,records/game/balancingadjustment_survivalmode_enemies03.dbr,sm_mod,spawnMinAdj,0.0,MEASURED
173,18,records/game/balancingadjustment_survivalmode_enemies03.dbr,sm_mod,characterAttackSpeedModifier,12.0,MEASURED
173,18,records/game/balancingadjustment_survivalmode_enemies03.dbr,sm_mod,characterDefensiveAbility,76.0,MEASURED
173,18,records/game/balancingadjustment_survivalmode_enemies03.dbr,sm_mod,characterDefensiveAbilityModifier,6.0,MEASURED
173,18,records/game/balancingadjustment_survivalmode_enemies03.dbr,sm_mod,characterLifeModifier,440.0,MEASURED
173,18,records/game/balancingadjustment_survivalmode_enemies03.dbr,sm_mod,characterLifeRegenModifier,82.0,MEASURED
173,18,records/game/balancingadjustment_survivalmode_enemies03.dbr,sm_mod,characterManaRegenModifier,82.0,MEASURED
173,18,records/game/balancingadjustment_survivalmode_enemies03.dbr,sm_mod,characterOffensiveAbility,56.0,MEASURED
173,18,records/game/balancingadjustment_survivalmode_enemies03.dbr,sm_mod,characterOffensiveAbilityModifier,4.199999809265137,MEASURED
173,18,records/game/balancingadjustment_survivalmode_enemies03.dbr,sm_mod,characterPercentHealIncreaseModifier,-60.0,MEASURED
173,18,records/game/balancingadjustment_survivalmode_enemies03.dbr,sm_mod,characterSpellCastSpeedModifier,12.0,MEASURED
173,18,records/game/balancingadjustment_survivalmode_enemies03.dbr,sm_mod,defensivePercentCurrentLife,9.0,MEASURED
173,18,records/game/balancingadjustment_survivalmode_enemies03.dbr,sm_mod,offensiveCritDamageModifier,29.0,MEASURED
173,18,records/game/balancingadjustment_survivalmode_enemies03.dbr,sm_mod,offensivePhysicalModifier,-25.0,MEASURED
173,18,records/game/balancingadjustment_survivalmode_enemies03.dbr,sm_mod,offensiveSlowBleedingModifier,-65.0,MEASURED
173,18,records/game/balancingadjustment_survivalmode_enemies03.dbr,sm_mod,offensiveSlowColdModifier,-65.0,MEASURED
173,18,records/game/balancingadjustment_survivalmode_enemies03.dbr,sm_mod,offensiveSlowFireModifier,-65.0,MEASURED
173,18,records/game/balancingadjustment_survivalmode_enemies03.dbr,sm_mod,offensiveSlowLifeModifier,-65.0,MEASURED
173,18,records/game/balancingadjustment_survivalmode_enemies03.dbr,sm_mod,offensiveSlowLightningModifier,-65.0,MEASURED
173,18,records/game/balancingadjustment_survivalmode_enemies03.dbr,sm_mod,offensiveSlowPhysicalModifier,-65.0,MEASURED
173,18,records/game/balancingadjustment_survivalmode_enemies03.dbr,sm_mod,offensiveSlowPoisonModifier,-65.0,MEASURED
173,18,records/game/balancingadjustment_survivalmode_enemies03.dbr,sm_mod,offensiveTotalDamageModifier,58.0,MEASURED
173,18,records/game/balancingadjustment_survivalmode_enemies03.dbr,sm_mod,retaliationTotalDamageModifier,80.0,MEASURED
173,18,records/game/balancingadjustment_survivalmode_enemies03.dbr,sm_mod,skillCooldownReduction,0.0,MEASURED
173,18,records/game/balancingadjustment_survivalmode_enemies03.dbr,sm_mod,spawnChampionMaxAdj,1.0,MEASURED
173,18,records/game/balancingadjustment_survivalmode_enemies03.dbr,sm_mod,spawnChampionMinAdj,1.0,MEASURED
173,18,records/game/balancingadjustment_survivalmode_enemies03.dbr,sm_mod,spawnMaxAdj,0.0,MEASURED
173,18,records/game/balancingadjustment_survivalmode_enemies03.dbr,sm_mod,spawnMinAdj,0.0,MEASURED
174,18,records/game/balancingadjustment_survivalmode_enemies03.dbr,sm_mod,characterAttackSpeedModifier,12.0,MEASURED
174,18,records/game/balancingadjustment_survivalmode_enemies03.dbr,sm_mod,characterDefensiveAbility,77.0,MEASURED
174,18,records/game/balancingadjustment_survivalmode_enemies03.dbr,sm_mod,characterDefensiveAbilityModifier,6.0,MEASURED
174,18,records/game/balancingadjustment_survivalmode_enemies03.dbr,sm_mod,characterLifeModifier,450.0,MEASURED
174,18,records/game/balancingadjustment_survivalmode_enemies03.dbr,sm_mod,characterLifeRegenModifier,83.0,MEASURED
174,18,records/game/balancingadjustment_survivalmode_enemies03.dbr,sm_mod,characterManaRegenModifier,83.0,MEASURED
174,18,records/game/balancingadjustment_survivalmode_enemies03.dbr,sm_mod,characterOffensiveAbility,57.0,MEASURED
174,18,records/game/balancingadjustment_survivalmode_enemies03.dbr,sm_mod,characterOffensiveAbilityModifier,4.199999809265137,MEASURED
174,18,records/game/balancingadjustment_survivalmode_enemies03.dbr,sm_mod,characterPercentHealIncreaseModifier,-60.0,MEASURED
174,18,records/game/balancingadjustment_survivalmode_enemies03.dbr,sm_mod,characterSpellCastSpeedModifier,12.0,MEASURED
174,18,records/game/balancingadjustment_survivalmode_enemies03.dbr,sm_mod,defensivePercentCurrentLife,9.0,MEASURED
174,18,records/game/balancingadjustment_survivalmode_enemies03.dbr,sm_mod,offensiveCritDamageModifier,29.0,MEASURED
174,18,records/game/balancingadjustment_survivalmode_enemies03.dbr,sm_mod,offensivePhysicalModifier,-25.0,MEASURED
174,18,records/game/balancingadjustment_survivalmode_enemies03.dbr,sm_mod,offensiveSlowBleedingModifier,-65.0,MEASURED
174,18,records/game/balancingadjustment_survivalmode_enemies03.dbr,sm_mod,offensiveSlowColdModifier,-65.0,MEASURED
174,18,records/game/balancingadjustment_survivalmode_enemies03.dbr,sm_mod,offensiveSlowFireModifier,-65.0,MEASURED
174,18,records/game/balancingadjustment_survivalmode_enemies03.dbr,sm_mod,offensiveSlowLifeModifier,-65.0,MEASURED
174,18,records/game/balancingadjustment_survivalmode_enemies03.dbr,sm_mod,offensiveSlowLightningModifier,-65.0,MEASURED
174,18,records/game/balancingadjustment_survivalmode_enemies03.dbr,sm_mod,offensiveSlowPhysicalModifier,-65.0,MEASURED
174,18,records/game/balancingadjustment_survivalmode_enemies03.dbr,sm_mod,offensiveSlowPoisonModifier,-65.0,MEASURED
174,18,records/game/balancingadjustment_survivalmode_enemies03.dbr,sm_mod,offensiveTotalDamageModifier,59.0,MEASURED
174,18,records/game/balancingadjustment_survivalmode_enemies03.dbr,sm_mod,retaliationTotalDamageModifier,80.0,MEASURED
174,18,records/game/balancingadjustment_survivalmode_enemies03.dbr,sm_mod,skillCooldownReduction,0.0,MEASURED
174,18,records/game/balancingadjustment_survivalmode_enemies03.dbr,sm_mod,spawnChampionMaxAdj,1.0,MEASURED
174,18,records/game/balancingadjustment_survivalmode_enemies03.dbr,sm_mod,spawnChampionMinAdj,1.0,MEASURED
174,18,records/game/balancingadjustment_survivalmode_enemies03.dbr,sm_mod,spawnMaxAdj,0.0,MEASURED
174,18,records/game/balancingadjustment_survivalmode_enemies03.dbr,sm_mod,spawnMinAdj,0.0,MEASURED
175,18,records/game/balancingadjustment_survivalmode_enemies03.dbr,sm_mod,characterAttackSpeedModifier,12.0,MEASURED
175,18,records/game/balancingadjustment_survivalmode_enemies03.dbr,sm_mod,characterDefensiveAbility,77.0,MEASURED
175,18,records/game/balancingadjustment_survivalmode_enemies03.dbr,sm_mod,characterDefensiveAbilityModifier,6.0,MEASURED
175,18,records/game/balancingadjustment_survivalmode_enemies03.dbr,sm_mod,characterLifeModifier,460.0,MEASURED
175,18,records/game/balancingadjustment_survivalmode_enemies03.dbr,sm_mod,characterLifeRegenModifier,84.0,MEASURED
175,18,records/game/balancingadjustment_survivalmode_enemies03.dbr,sm_mod,characterManaRegenModifier,84.0,MEASURED
175,18,records/game/balancingadjustment_survivalmode_enemies03.dbr,sm_mod,characterOffensiveAbility,58.0,MEASURED
175,18,records/game/balancingadjustment_survivalmode_enemies03.dbr,sm_mod,characterOffensiveAbilityModifier,4.199999809265137,MEASURED
175,18,records/game/balancingadjustment_survivalmode_enemies03.dbr,sm_mod,characterPercentHealIncreaseModifier,-60.0,MEASURED
175,18,records/game/balancingadjustment_survivalmode_enemies03.dbr,sm_mod,characterSpellCastSpeedModifier,12.0,MEASURED
175,18,records/game/balancingadjustment_survivalmode_enemies03.dbr,sm_mod,defensivePercentCurrentLife,9.0,MEASURED
175,18,records/game/balancingadjustment_survivalmode_enemies03.dbr,sm_mod,offensiveCritDamageModifier,29.0,MEASURED
175,18,records/game/balancingadjustment_survivalmode_enemies03.dbr,sm_mod,offensivePhysicalModifier,-25.0,MEASURED
175,18,records/game/balancingadjustment_survivalmode_enemies03.dbr,sm_mod,offensiveSlowBleedingModifier,-65.0,MEASURED
175,18,records/game/balancingadjustment_survivalmode_enemies03.dbr,sm_mod,offensiveSlowColdModifier,-65.0,MEASURED
175,18,records/game/balancingadjustment_survivalmode_enemies03.dbr,sm_mod,offensiveSlowFireModifier,-65.0,MEASURED
175,18,records/game/balancingadjustment_survivalmode_enemies03.dbr,sm_mod,offensiveSlowLifeModifier,-65.0,MEASURED
175,18,records/game/balancingadjustment_survivalmode_enemies03.dbr,sm_mod,offensiveSlowLightningModifier,-65.0,MEASURED
175,18,records/game/balancingadjustment_survivalmode_enemies03.dbr,sm_mod,offensiveSlowPhysicalModifier,-65.0,MEASURED
175,18,records/game/balancingadjustment_survivalmode_enemies03.dbr,sm_mod,offensiveSlowPoisonModifier,-65.0,MEASURED
175,18,records/game/balancingadjustment_survivalmode_enemies03.dbr,sm_mod,offensiveTotalDamageModifier,60.0,MEASURED
175,18,records/game/balancingadjustment_survivalmode_enemies03.dbr,sm_mod,retaliationTotalDamageModifier,85.0,MEASURED
175,18,records/game/balancingadjustment_survivalmode_enemies03.dbr,sm_mod,skillCooldownReduction,0.0,MEASURED
175,18,records/game/balancingadjustment_survivalmode_enemies03.dbr,sm_mod,spawnChampionMaxAdj,1.0,MEASURED
175,18,records/game/balancingadjustment_survivalmode_enemies03.dbr,sm_mod,spawnChampionMinAdj,1.0,MEASURED
175,18,records/game/balancingadjustment_survivalmode_enemies03.dbr,sm_mod,spawnMaxAdj,0.0,MEASURED
175,18,records/game/balancingadjustment_survivalmode_enemies03.dbr,sm_mod,spawnMinAdj,0.0,MEASURED
176,18,records/game/balancingadjustment_survivalmode_enemies03.dbr,sm_mod,characterAttackSpeedModifier,12.0,MEASURED
176,18,records/game/balancingadjustment_survivalmode_enemies03.dbr,sm_mod,characterDefensiveAbility,78.0,MEASURED
176,18,records/game/balancingadjustment_survivalmode_enemies03.dbr,sm_mod,characterDefensiveAbilityModifier,6.0,MEASURED
176,18,records/game/balancingadjustment_survivalmode_enemies03.dbr,sm_mod,characterLifeModifier,470.0,MEASURED
176,18,records/game/balancingadjustment_survivalmode_enemies03.dbr,sm_mod,characterLifeRegenModifier,85.0,MEASURED
176,18,records/game/balancingadjustment_survivalmode_enemies03.dbr,sm_mod,characterManaRegenModifier,85.0,MEASURED
176,18,records/game/balancingadjustment_survivalmode_enemies03.dbr,sm_mod,characterOffensiveAbility,59.0,MEASURED
176,18,records/game/balancingadjustment_survivalmode_enemies03.dbr,sm_mod,characterOffensiveAbilityModifier,4.199999809265137,MEASURED
176,18,records/game/balancingadjustment_survivalmode_enemies03.dbr,sm_mod,characterPercentHealIncreaseModifier,-60.0,MEASURED
176,18,records/game/balancingadjustment_survivalmode_enemies03.dbr,sm_mod,characterSpellCastSpeedModifier,12.0,MEASURED
176,18,records/game/balancingadjustment_survivalmode_enemies03.dbr,sm_mod,defensivePercentCurrentLife,9.0,MEASURED
176,18,records/game/balancingadjustment_survivalmode_enemies03.dbr,sm_mod,offensiveCritDamageModifier,29.0,MEASURED
176,18,records/game/balancingadjustment_survivalmode_enemies03.dbr,sm_mod,offensivePhysicalModifier,-28.0,MEASURED
176,18,records/game/balancingadjustment_survivalmode_enemies03.dbr,sm_mod,offensiveSlowBleedingModifier,-65.0,MEASURED
176,18,records/game/balancingadjustment_survivalmode_enemies03.dbr,sm_mod,offensiveSlowColdModifier,-65.0,MEASURED
176,18,records/game/balancingadjustment_survivalmode_enemies03.dbr,sm_mod,offensiveSlowFireModifier,-65.0,MEASURED
176,18,records/game/balancingadjustment_survivalmode_enemies03.dbr,sm_mod,offensiveSlowLifeModifier,-65.0,MEASURED
176,18,records/game/balancingadjustment_survivalmode_enemies03.dbr,sm_mod,offensiveSlowLightningModifier,-65.0,MEASURED
176,18,records/game/balancingadjustment_survivalmode_enemies03.dbr,sm_mod,offensiveSlowPhysicalModifier,-65.0,MEASURED
176,18,records/game/balancingadjustment_survivalmode_enemies03.dbr,sm_mod,offensiveSlowPoisonModifier,-65.0,MEASURED
176,18,records/game/balancingadjustment_survivalmode_enemies03.dbr,sm_mod,offensiveTotalDamageModifier,71.0,MEASURED
176,18,records/game/balancingadjustment_survivalmode_enemies03.dbr,sm_mod,retaliationTotalDamageModifier,85.0,MEASURED
176,18,records/game/balancingadjustment_survivalmode_enemies03.dbr,sm_mod,skillCooldownReduction,0.0,MEASURED
176,18,records/game/balancingadjustment_survivalmode_enemies03.dbr,sm_mod,spawnChampionMaxAdj,1.0,MEASURED
176,18,records/game/balancingadjustment_survivalmode_enemies03.dbr,sm_mod,spawnChampionMinAdj,1.0,MEASURED
176,18,records/game/balancingadjustment_survivalmode_enemies03.dbr,sm_mod,spawnMaxAdj,0.0,MEASURED
176,18,records/game/balancingadjustment_survivalmode_enemies03.dbr,sm_mod,spawnMinAdj,0.0,MEASURED
177,18,records/game/balancingadjustment_survivalmode_enemies03.dbr,sm_mod,characterAttackSpeedModifier,12.0,MEASURED
177,18,records/game/balancingadjustment_survivalmode_enemies03.dbr,sm_mod,characterDefensiveAbility,79.0,MEASURED
177,18,records/game/balancingadjustment_survivalmode_enemies03.dbr,sm_mod,characterDefensiveAbilityModifier,6.0,MEASURED
177,18,records/game/balancingadjustment_survivalmode_enemies03.dbr,sm_mod,characterLifeModifier,480.0,MEASURED
177,18,records/game/balancingadjustment_survivalmode_enemies03.dbr,sm_mod,characterLifeRegenModifier,86.0,MEASURED
177,18,records/game/balancingadjustment_survivalmode_enemies03.dbr,sm_mod,characterManaRegenModifier,86.0,MEASURED
177,18,records/game/balancingadjustment_survivalmode_enemies03.dbr,sm_mod,characterOffensiveAbility,60.0,MEASURED
177,18,records/game/balancingadjustment_survivalmode_enemies03.dbr,sm_mod,characterOffensiveAbilityModifier,4.199999809265137,MEASURED
177,18,records/game/balancingadjustment_survivalmode_enemies03.dbr,sm_mod,characterPercentHealIncreaseModifier,-60.0,MEASURED
177,18,records/game/balancingadjustment_survivalmode_enemies03.dbr,sm_mod,characterSpellCastSpeedModifier,12.0,MEASURED
177,18,records/game/balancingadjustment_survivalmode_enemies03.dbr,sm_mod,defensivePercentCurrentLife,9.0,MEASURED
177,18,records/game/balancingadjustment_survivalmode_enemies03.dbr,sm_mod,offensiveCritDamageModifier,29.0,MEASURED
177,18,records/game/balancingadjustment_survivalmode_enemies03.dbr,sm_mod,offensivePhysicalModifier,-28.0,MEASURED
177,18,records/game/balancingadjustment_survivalmode_enemies03.dbr,sm_mod,offensiveSlowBleedingModifier,-65.0,MEASURED
177,18,records/game/balancingadjustment_survivalmode_enemies03.dbr,sm_mod,offensiveSlowColdModifier,-65.0,MEASURED
177,18,records/game/balancingadjustment_survivalmode_enemies03.dbr,sm_mod,offensiveSlowFireModifier,-65.0,MEASURED
177,18,records/game/balancingadjustment_survivalmode_enemies03.dbr,sm_mod,offensiveSlowLifeModifier,-65.0,MEASURED
177,18,records/game/balancingadjustment_survivalmode_enemies03.dbr,sm_mod,offensiveSlowLightningModifier,-65.0,MEASURED
177,18,records/game/balancingadjustment_survivalmode_enemies03.dbr,sm_mod,offensiveSlowPhysicalModifier,-65.0,MEASURED
177,18,records/game/balancingadjustment_survivalmode_enemies03.dbr,sm_mod,offensiveSlowPoisonModifier,-65.0,MEASURED
177,18,records/game/balancingadjustment_survivalmode_enemies03.dbr,sm_mod,offensiveTotalDamageModifier,72.0,MEASURED
177,18,records/game/balancingadjustment_survivalmode_enemies03.dbr,sm_mod,retaliationTotalDamageModifier,85.0,MEASURED
177,18,records/game/balancingadjustment_survivalmode_enemies03.dbr,sm_mod,skillCooldownReduction,0.0,MEASURED
177,18,records/game/balancingadjustment_survivalmode_enemies03.dbr,sm_mod,spawnChampionMaxAdj,1.0,MEASURED
177,18,records/game/balancingadjustment_survivalmode_enemies03.dbr,sm_mod,spawnChampionMinAdj,1.0,MEASURED
177,18,records/game/balancingadjustment_survivalmode_enemies03.dbr,sm_mod,spawnMaxAdj,0.0,MEASURED
177,18,records/game/balancingadjustment_survivalmode_enemies03.dbr,sm_mod,spawnMinAdj,0.0,MEASURED
178,18,records/game/balancingadjustment_survivalmode_enemies03.dbr,sm_mod,characterAttackSpeedModifier,12.0,MEASURED
178,18,records/game/balancingadjustment_survivalmode_enemies03.dbr,sm_mod,characterDefensiveAbility,79.0,MEASURED
178,18,records/game/balancingadjustment_survivalmode_enemies03.dbr,sm_mod,characterDefensiveAbilityModifier,6.0,MEASURED
178,18,records/game/balancingadjustment_survivalmode_enemies03.dbr,sm_mod,characterLifeModifier,490.0,MEASURED
178,18,records/game/balancingadjustment_survivalmode_enemies03.dbr,sm_mod,characterLifeRegenModifier,87.0,MEASURED
178,18,records/game/balancingadjustment_survivalmode_enemies03.dbr,sm_mod,characterManaRegenModifier,87.0,MEASURED
178,18,records/game/balancingadjustment_survivalmode_enemies03.dbr,sm_mod,characterOffensiveAbility,61.0,MEASURED
178,18,records/game/balancingadjustment_survivalmode_enemies03.dbr,sm_mod,characterOffensiveAbilityModifier,4.199999809265137,MEASURED
178,18,records/game/balancingadjustment_survivalmode_enemies03.dbr,sm_mod,characterPercentHealIncreaseModifier,-60.0,MEASURED
178,18,records/game/balancingadjustment_survivalmode_enemies03.dbr,sm_mod,characterSpellCastSpeedModifier,12.0,MEASURED
178,18,records/game/balancingadjustment_survivalmode_enemies03.dbr,sm_mod,defensivePercentCurrentLife,9.0,MEASURED
178,18,records/game/balancingadjustment_survivalmode_enemies03.dbr,sm_mod,offensiveCritDamageModifier,29.0,MEASURED
178,18,records/game/balancingadjustment_survivalmode_enemies03.dbr,sm_mod,offensivePhysicalModifier,-28.0,MEASURED
178,18,records/game/balancingadjustment_survivalmode_enemies03.dbr,sm_mod,offensiveSlowBleedingModifier,-65.0,MEASURED
178,18,records/game/balancingadjustment_survivalmode_enemies03.dbr,sm_mod,offensiveSlowColdModifier,-65.0,MEASURED
178,18,records/game/balancingadjustment_survivalmode_enemies03.dbr,sm_mod,offensiveSlowFireModifier,-65.0,MEASURED
178,18,records/game/balancingadjustment_survivalmode_enemies03.dbr,sm_mod,offensiveSlowLifeModifier,-65.0,MEASURED
178,18,records/game/balancingadjustment_survivalmode_enemies03.dbr,sm_mod,offensiveSlowLightningModifier,-65.0,MEASURED
178,18,records/game/balancingadjustment_survivalmode_enemies03.dbr,sm_mod,offensiveSlowPhysicalModifier,-65.0,MEASURED
178,18,records/game/balancingadjustment_survivalmode_enemies03.dbr,sm_mod,offensiveSlowPoisonModifier,-65.0,MEASURED
178,18,records/game/balancingadjustment_survivalmode_enemies03.dbr,sm_mod,offensiveTotalDamageModifier,73.0,MEASURED
178,18,records/game/balancingadjustment_survivalmode_enemies03.dbr,sm_mod,retaliationTotalDamageModifier,85.0,MEASURED
178,18,records/game/balancingadjustment_survivalmode_enemies03.dbr,sm_mod,skillCooldownReduction,0.0,MEASURED
178,18,records/game/balancingadjustment_survivalmode_enemies03.dbr,sm_mod,spawnChampionMaxAdj,1.0,MEASURED
178,18,records/game/balancingadjustment_survivalmode_enemies03.dbr,sm_mod,spawnChampionMinAdj,1.0,MEASURED
178,18,records/game/balancingadjustment_survivalmode_enemies03.dbr,sm_mod,spawnMaxAdj,0.0,MEASURED
178,18,records/game/balancingadjustment_survivalmode_enemies03.dbr,sm_mod,spawnMinAdj,0.0,MEASURED
179,18,records/game/balancingadjustment_survivalmode_enemies03.dbr,sm_mod,characterAttackSpeedModifier,12.0,MEASURED
179,18,records/game/balancingadjustment_survivalmode_enemies03.dbr,sm_mod,characterDefensiveAbility,80.0,MEASURED
179,18,records/game/balancingadjustment_survivalmode_enemies03.dbr,sm_mod,characterDefensiveAbilityModifier,6.0,MEASURED
179,18,records/game/balancingadjustment_survivalmode_enemies03.dbr,sm_mod,characterLifeModifier,500.0,MEASURED
179,18,records/game/balancingadjustment_survivalmode_enemies03.dbr,sm_mod,characterLifeRegenModifier,88.0,MEASURED
179,18,records/game/balancingadjustment_survivalmode_enemies03.dbr,sm_mod,characterManaRegenModifier,88.0,MEASURED
179,18,records/game/balancingadjustment_survivalmode_enemies03.dbr,sm_mod,characterOffensiveAbility,62.0,MEASURED
179,18,records/game/balancingadjustment_survivalmode_enemies03.dbr,sm_mod,characterOffensiveAbilityModifier,4.199999809265137,MEASURED
179,18,records/game/balancingadjustment_survivalmode_enemies03.dbr,sm_mod,characterPercentHealIncreaseModifier,-60.0,MEASURED
179,18,records/game/balancingadjustment_survivalmode_enemies03.dbr,sm_mod,characterSpellCastSpeedModifier,12.0,MEASURED
179,18,records/game/balancingadjustment_survivalmode_enemies03.dbr,sm_mod,defensivePercentCurrentLife,9.0,MEASURED
179,18,records/game/balancingadjustment_survivalmode_enemies03.dbr,sm_mod,offensiveCritDamageModifier,29.0,MEASURED
179,18,records/game/balancingadjustment_survivalmode_enemies03.dbr,sm_mod,offensivePhysicalModifier,-28.0,MEASURED
179,18,records/game/balancingadjustment_survivalmode_enemies03.dbr,sm_mod,offensiveSlowBleedingModifier,-65.0,MEASURED
179,18,records/game/balancingadjustment_survivalmode_enemies03.dbr,sm_mod,offensiveSlowColdModifier,-65.0,MEASURED
179,18,records/game/balancingadjustment_survivalmode_enemies03.dbr,sm_mod,offensiveSlowFireModifier,-65.0,MEASURED
179,18,records/game/balancingadjustment_survivalmode_enemies03.dbr,sm_mod,offensiveSlowLifeModifier,-65.0,MEASURED
179,18,records/game/balancingadjustment_survivalmode_enemies03.dbr,sm_mod,offensiveSlowLightningModifier,-65.0,MEASURED
179,18,records/game/balancingadjustment_survivalmode_enemies03.dbr,sm_mod,offensiveSlowPhysicalModifier,-65.0,MEASURED
179,18,records/game/balancingadjustment_survivalmode_enemies03.dbr,sm_mod,offensiveSlowPoisonModifier,-65.0,MEASURED
179,18,records/game/balancingadjustment_survivalmode_enemies03.dbr,sm_mod,offensiveTotalDamageModifier,74.0,MEASURED
179,18,records/game/balancingadjustment_survivalmode_enemies03.dbr,sm_mod,retaliationTotalDamageModifier,85.0,MEASURED
179,18,records/game/balancingadjustment_survivalmode_enemies03.dbr,sm_mod,skillCooldownReduction,0.0,MEASURED
179,18,records/game/balancingadjustment_survivalmode_enemies03.dbr,sm_mod,spawnChampionMaxAdj,1.0,MEASURED
179,18,records/game/balancingadjustment_survivalmode_enemies03.dbr,sm_mod,spawnChampionMinAdj,1.0,MEASURED
179,18,records/game/balancingadjustment_survivalmode_enemies03.dbr,sm_mod,spawnMaxAdj,0.0,MEASURED
179,18,records/game/balancingadjustment_survivalmode_enemies03.dbr,sm_mod,spawnMinAdj,0.0,MEASURED
180,18,records/game/balancingadjustment_survivalmode_enemies03.dbr,sm_mod,characterAttackSpeedModifier,12.0,MEASURED
180,18,records/game/balancingadjustment_survivalmode_enemies03.dbr,sm_mod,characterDefensiveAbility,81.0,MEASURED
180,18,records/game/balancingadjustment_survivalmode_enemies03.dbr,sm_mod,characterDefensiveAbilityModifier,6.0,MEASURED
180,18,records/game/balancingadjustment_survivalmode_enemies03.dbr,sm_mod,characterLifeModifier,510.0,MEASURED
180,18,records/game/balancingadjustment_survivalmode_enemies03.dbr,sm_mod,characterLifeRegenModifier,89.0,MEASURED
180,18,records/game/balancingadjustment_survivalmode_enemies03.dbr,sm_mod,characterManaRegenModifier,89.0,MEASURED
180,18,records/game/balancingadjustment_survivalmode_enemies03.dbr,sm_mod,characterOffensiveAbility,63.0,MEASURED
180,18,records/game/balancingadjustment_survivalmode_enemies03.dbr,sm_mod,characterOffensiveAbilityModifier,4.199999809265137,MEASURED
180,18,records/game/balancingadjustment_survivalmode_enemies03.dbr,sm_mod,characterPercentHealIncreaseModifier,-60.0,MEASURED
180,18,records/game/balancingadjustment_survivalmode_enemies03.dbr,sm_mod,characterSpellCastSpeedModifier,12.0,MEASURED
180,18,records/game/balancingadjustment_survivalmode_enemies03.dbr,sm_mod,defensivePercentCurrentLife,9.0,MEASURED
180,18,records/game/balancingadjustment_survivalmode_enemies03.dbr,sm_mod,offensiveCritDamageModifier,29.0,MEASURED
180,18,records/game/balancingadjustment_survivalmode_enemies03.dbr,sm_mod,offensivePhysicalModifier,-28.0,MEASURED
180,18,records/game/balancingadjustment_survivalmode_enemies03.dbr,sm_mod,offensiveSlowBleedingModifier,-65.0,MEASURED
180,18,records/game/balancingadjustment_survivalmode_enemies03.dbr,sm_mod,offensiveSlowColdModifier,-65.0,MEASURED
180,18,records/game/balancingadjustment_survivalmode_enemies03.dbr,sm_mod,offensiveSlowFireModifier,-65.0,MEASURED
180,18,records/game/balancingadjustment_survivalmode_enemies03.dbr,sm_mod,offensiveSlowLifeModifier,-65.0,MEASURED
180,18,records/game/balancingadjustment_survivalmode_enemies03.dbr,sm_mod,offensiveSlowLightningModifier,-65.0,MEASURED
180,18,records/game/balancingadjustment_survivalmode_enemies03.dbr,sm_mod,offensiveSlowPhysicalModifier,-65.0,MEASURED
180,18,records/game/balancingadjustment_survivalmode_enemies03.dbr,sm_mod,offensiveSlowPoisonModifier,-65.0,MEASURED
180,18,records/game/balancingadjustment_survivalmode_enemies03.dbr,sm_mod,offensiveTotalDamageModifier,75.0,MEASURED
180,18,records/game/balancingadjustment_survivalmode_enemies03.dbr,sm_mod,retaliationTotalDamageModifier,85.0,MEASURED
180,18,records/game/balancingadjustment_survivalmode_enemies03.dbr,sm_mod,skillCooldownReduction,5.0,MEASURED
180,18,records/game/balancingadjustment_survivalmode_enemies03.dbr,sm_mod,spawnChampionMaxAdj,1.0,MEASURED
180,18,records/game/balancingadjustment_survivalmode_enemies03.dbr,sm_mod,spawnChampionMinAdj,1.0,MEASURED
180,18,records/game/balancingadjustment_survivalmode_enemies03.dbr,sm_mod,spawnMaxAdj,0.0,MEASURED
180,18,records/game/balancingadjustment_survivalmode_enemies03.dbr,sm_mod,spawnMinAdj,0.0,MEASURED
181,19,records/game/balancingadjustment_survivalmode_enemies03.dbr,sm_mod,characterAttackSpeedModifier,12.0,MEASURED
181,19,records/game/balancingadjustment_survivalmode_enemies03.dbr,sm_mod,characterDefensiveAbility,81.0,MEASURED
181,19,records/game/balancingadjustment_survivalmode_enemies03.dbr,sm_mod,characterDefensiveAbilityModifier,6.0,MEASURED
181,19,records/game/balancingadjustment_survivalmode_enemies03.dbr,sm_mod,characterLifeModifier,556.0,MEASURED
181,19,records/game/balancingadjustment_survivalmode_enemies03.dbr,sm_mod,characterLifeRegenModifier,90.0,MEASURED
181,19,records/game/balancingadjustment_survivalmode_enemies03.dbr,sm_mod,characterManaRegenModifier,90.0,MEASURED
181,19,records/game/balancingadjustment_survivalmode_enemies03.dbr,sm_mod,characterOffensiveAbility,64.0,MEASURED
181,19,records/game/balancingadjustment_survivalmode_enemies03.dbr,sm_mod,characterOffensiveAbilityModifier,4.199999809265137,MEASURED
181,19,records/game/balancingadjustment_survivalmode_enemies03.dbr,sm_mod,characterPercentHealIncreaseModifier,-60.0,MEASURED
181,19,records/game/balancingadjustment_survivalmode_enemies03.dbr,sm_mod,characterSpellCastSpeedModifier,12.0,MEASURED
181,19,records/game/balancingadjustment_survivalmode_enemies03.dbr,sm_mod,defensivePercentCurrentLife,9.0,MEASURED
181,19,records/game/balancingadjustment_survivalmode_enemies03.dbr,sm_mod,offensiveCritDamageModifier,31.0,MEASURED
181,19,records/game/balancingadjustment_survivalmode_enemies03.dbr,sm_mod,offensivePhysicalModifier,-32.0,MEASURED
181,19,records/game/balancingadjustment_survivalmode_enemies03.dbr,sm_mod,offensiveSlowBleedingModifier,-65.0,MEASURED
181,19,records/game/balancingadjustment_survivalmode_enemies03.dbr,sm_mod,offensiveSlowColdModifier,-65.0,MEASURED
181,19,records/game/balancingadjustment_survivalmode_enemies03.dbr,sm_mod,offensiveSlowFireModifier,-65.0,MEASURED
181,19,records/game/balancingadjustment_survivalmode_enemies03.dbr,sm_mod,offensiveSlowLifeModifier,-65.0,MEASURED
181,19,records/game/balancingadjustment_survivalmode_enemies03.dbr,sm_mod,offensiveSlowLightningModifier,-65.0,MEASURED
181,19,records/game/balancingadjustment_survivalmode_enemies03.dbr,sm_mod,offensiveSlowPhysicalModifier,-65.0,MEASURED
181,19,records/game/balancingadjustment_survivalmode_enemies03.dbr,sm_mod,offensiveSlowPoisonModifier,-65.0,MEASURED
181,19,records/game/balancingadjustment_survivalmode_enemies03.dbr,sm_mod,offensiveTotalDamageModifier,86.0,MEASURED
181,19,records/game/balancingadjustment_survivalmode_enemies03.dbr,sm_mod,retaliationTotalDamageModifier,90.0,MEASURED
181,19,records/game/balancingadjustment_survivalmode_enemies03.dbr,sm_mod,skillCooldownReduction,5.0,MEASURED
181,19,records/game/balancingadjustment_survivalmode_enemies03.dbr,sm_mod,spawnChampionMaxAdj,1.0,MEASURED
181,19,records/game/balancingadjustment_survivalmode_enemies03.dbr,sm_mod,spawnChampionMinAdj,1.0,MEASURED
181,19,records/game/balancingadjustment_survivalmode_enemies03.dbr,sm_mod,spawnMaxAdj,0.0,MEASURED
181,19,records/game/balancingadjustment_survivalmode_enemies03.dbr,sm_mod,spawnMinAdj,0.0,MEASURED
182,19,records/game/balancingadjustment_survivalmode_enemies03.dbr,sm_mod,characterAttackSpeedModifier,12.0,MEASURED
182,19,records/game/balancingadjustment_survivalmode_enemies03.dbr,sm_mod,characterDefensiveAbility,82.0,MEASURED
182,19,records/game/balancingadjustment_survivalmode_enemies03.dbr,sm_mod,characterDefensiveAbilityModifier,6.0,MEASURED
182,19,records/game/balancingadjustment_survivalmode_enemies03.dbr,sm_mod,characterLifeModifier,572.0,MEASURED
182,19,records/game/balancingadjustment_survivalmode_enemies03.dbr,sm_mod,characterLifeRegenModifier,91.0,MEASURED
182,19,records/game/balancingadjustment_survivalmode_enemies03.dbr,sm_mod,characterManaRegenModifier,91.0,MEASURED
182,19,records/game/balancingadjustment_survivalmode_enemies03.dbr,sm_mod,characterOffensiveAbility,65.0,MEASURED
182,19,records/game/balancingadjustment_survivalmode_enemies03.dbr,sm_mod,characterOffensiveAbilityModifier,4.199999809265137,MEASURED
182,19,records/game/balancingadjustment_survivalmode_enemies03.dbr,sm_mod,characterPercentHealIncreaseModifier,-60.0,MEASURED
182,19,records/game/balancingadjustment_survivalmode_enemies03.dbr,sm_mod,characterSpellCastSpeedModifier,12.0,MEASURED
182,19,records/game/balancingadjustment_survivalmode_enemies03.dbr,sm_mod,defensivePercentCurrentLife,9.0,MEASURED
182,19,records/game/balancingadjustment_survivalmode_enemies03.dbr,sm_mod,offensiveCritDamageModifier,31.0,MEASURED
182,19,records/game/balancingadjustment_survivalmode_enemies03.dbr,sm_mod,offensivePhysicalModifier,-32.0,MEASURED
182,19,records/game/balancingadjustment_survivalmode_enemies03.dbr,sm_mod,offensiveSlowBleedingModifier,-65.0,MEASURED
182,19,records/game/balancingadjustment_survivalmode_enemies03.dbr,sm_mod,offensiveSlowColdModifier,-65.0,MEASURED
182,19,records/game/balancingadjustment_survivalmode_enemies03.dbr,sm_mod,offensiveSlowFireModifier,-65.0,MEASURED
182,19,records/game/balancingadjustment_survivalmode_enemies03.dbr,sm_mod,offensiveSlowLifeModifier,-65.0,MEASURED
182,19,records/game/balancingadjustment_survivalmode_enemies03.dbr,sm_mod,offensiveSlowLightningModifier,-65.0,MEASURED
182,19,records/game/balancingadjustment_survivalmode_enemies03.dbr,sm_mod,offensiveSlowPhysicalModifier,-65.0,MEASURED
182,19,records/game/balancingadjustment_survivalmode_enemies03.dbr,sm_mod,offensiveSlowPoisonModifier,-65.0,MEASURED
182,19,records/game/balancingadjustment_survivalmode_enemies03.dbr,sm_mod,offensiveTotalDamageModifier,87.0,MEASURED
182,19,records/game/balancingadjustment_survivalmode_enemies03.dbr,sm_mod,retaliationTotalDamageModifier,90.0,MEASURED
182,19,records/game/balancingadjustment_survivalmode_enemies03.dbr,sm_mod,skillCooldownReduction,5.0,MEASURED
182,19,records/game/balancingadjustment_survivalmode_enemies03.dbr,sm_mod,spawnChampionMaxAdj,1.0,MEASURED
182,19,records/game/balancingadjustment_survivalmode_enemies03.dbr,sm_mod,spawnChampionMinAdj,1.0,MEASURED
182,19,records/game/balancingadjustment_survivalmode_enemies03.dbr,sm_mod,spawnMaxAdj,0.0,MEASURED
182,19,records/game/balancingadjustment_survivalmode_enemies03.dbr,sm_mod,spawnMinAdj,0.0,MEASURED
183,19,records/game/balancingadjustment_survivalmode_enemies03.dbr,sm_mod,characterAttackSpeedModifier,12.0,MEASURED
183,19,records/game/balancingadjustment_survivalmode_enemies03.dbr,sm_mod,characterDefensiveAbility,83.0,MEASURED
183,19,records/game/balancingadjustment_survivalmode_enemies03.dbr,sm_mod,characterDefensiveAbilityModifier,6.0,MEASURED
183,19,records/game/balancingadjustment_survivalmode_enemies03.dbr,sm_mod,characterLifeModifier,588.0,MEASURED
183,19,records/game/balancingadjustment_survivalmode_enemies03.dbr,sm_mod,characterLifeRegenModifier,92.0,MEASURED
183,19,records/game/balancingadjustment_survivalmode_enemies03.dbr,sm_mod,characterManaRegenModifier,92.0,MEASURED
183,19,records/game/balancingadjustment_survivalmode_enemies03.dbr,sm_mod,characterOffensiveAbility,66.0,MEASURED
183,19,records/game/balancingadjustment_survivalmode_enemies03.dbr,sm_mod,characterOffensiveAbilityModifier,4.199999809265137,MEASURED
183,19,records/game/balancingadjustment_survivalmode_enemies03.dbr,sm_mod,characterPercentHealIncreaseModifier,-60.0,MEASURED
183,19,records/game/balancingadjustment_survivalmode_enemies03.dbr,sm_mod,characterSpellCastSpeedModifier,12.0,MEASURED
183,19,records/game/balancingadjustment_survivalmode_enemies03.dbr,sm_mod,defensivePercentCurrentLife,9.0,MEASURED
183,19,records/game/balancingadjustment_survivalmode_enemies03.dbr,sm_mod,offensiveCritDamageModifier,31.0,MEASURED
183,19,records/game/balancingadjustment_survivalmode_enemies03.dbr,sm_mod,offensivePhysicalModifier,-32.0,MEASURED
183,19,records/game/balancingadjustment_survivalmode_enemies03.dbr,sm_mod,offensiveSlowBleedingModifier,-65.0,MEASURED
183,19,records/game/balancingadjustment_survivalmode_enemies03.dbr,sm_mod,offensiveSlowColdModifier,-65.0,MEASURED
183,19,records/game/balancingadjustment_survivalmode_enemies03.dbr,sm_mod,offensiveSlowFireModifier,-65.0,MEASURED
183,19,records/game/balancingadjustment_survivalmode_enemies03.dbr,sm_mod,offensiveSlowLifeModifier,-65.0,MEASURED
183,19,records/game/balancingadjustment_survivalmode_enemies03.dbr,sm_mod,offensiveSlowLightningModifier,-65.0,MEASURED
183,19,records/game/balancingadjustment_survivalmode_enemies03.dbr,sm_mod,offensiveSlowPhysicalModifier,-65.0,MEASURED
183,19,records/game/balancingadjustment_survivalmode_enemies03.dbr,sm_mod,offensiveSlowPoisonModifier,-65.0,MEASURED
183,19,records/game/balancingadjustment_survivalmode_enemies03.dbr,sm_mod,offensiveTotalDamageModifier,88.0,MEASURED
183,19,records/game/balancingadjustment_survivalmode_enemies03.dbr,sm_mod,retaliationTotalDamageModifier,90.0,MEASURED
183,19,records/game/balancingadjustment_survivalmode_enemies03.dbr,sm_mod,skillCooldownReduction,5.0,MEASURED
183,19,records/game/balancingadjustment_survivalmode_enemies03.dbr,sm_mod,spawnChampionMaxAdj,1.0,MEASURED
183,19,records/game/balancingadjustment_survivalmode_enemies03.dbr,sm_mod,spawnChampionMinAdj,1.0,MEASURED
183,19,records/game/balancingadjustment_survivalmode_enemies03.dbr,sm_mod,spawnMaxAdj,0.0,MEASURED
183,19,records/game/balancingadjustment_survivalmode_enemies03.dbr,sm_mod,spawnMinAdj,0.0,MEASURED
184,19,records/game/balancingadjustment_survivalmode_enemies03.dbr,sm_mod,characterAttackSpeedModifier,12.0,MEASURED
184,19,records/game/balancingadjustment_survivalmode_enemies03.dbr,sm_mod,characterDefensiveAbility,83.0,MEASURED
184,19,records/game/balancingadjustment_survivalmode_enemies03.dbr,sm_mod,characterDefensiveAbilityModifier,6.0,MEASURED
184,19,records/game/balancingadjustment_survivalmode_enemies03.dbr,sm_mod,characterLifeModifier,604.0,MEASURED
184,19,records/game/balancingadjustment_survivalmode_enemies03.dbr,sm_mod,characterLifeRegenModifier,93.0,MEASURED
184,19,records/game/balancingadjustment_survivalmode_enemies03.dbr,sm_mod,characterManaRegenModifier,93.0,MEASURED
184,19,records/game/balancingadjustment_survivalmode_enemies03.dbr,sm_mod,characterOffensiveAbility,67.0,MEASURED
184,19,records/game/balancingadjustment_survivalmode_enemies03.dbr,sm_mod,characterOffensiveAbilityModifier,4.199999809265137,MEASURED
184,19,records/game/balancingadjustment_survivalmode_enemies03.dbr,sm_mod,characterPercentHealIncreaseModifier,-60.0,MEASURED
184,19,records/game/balancingadjustment_survivalmode_enemies03.dbr,sm_mod,characterSpellCastSpeedModifier,12.0,MEASURED
184,19,records/game/balancingadjustment_survivalmode_enemies03.dbr,sm_mod,defensivePercentCurrentLife,9.0,MEASURED
184,19,records/game/balancingadjustment_survivalmode_enemies03.dbr,sm_mod,offensiveCritDamageModifier,31.0,MEASURED
184,19,records/game/balancingadjustment_survivalmode_enemies03.dbr,sm_mod,offensivePhysicalModifier,-32.0,MEASURED
184,19,records/game/balancingadjustment_survivalmode_enemies03.dbr,sm_mod,offensiveSlowBleedingModifier,-65.0,MEASURED
184,19,records/game/balancingadjustment_survivalmode_enemies03.dbr,sm_mod,offensiveSlowColdModifier,-65.0,MEASURED
184,19,records/game/balancingadjustment_survivalmode_enemies03.dbr,sm_mod,offensiveSlowFireModifier,-65.0,MEASURED
184,19,records/game/balancingadjustment_survivalmode_enemies03.dbr,sm_mod,offensiveSlowLifeModifier,-65.0,MEASURED
184,19,records/game/balancingadjustment_survivalmode_enemies03.dbr,sm_mod,offensiveSlowLightningModifier,-65.0,MEASURED
184,19,records/game/balancingadjustment_survivalmode_enemies03.dbr,sm_mod,offensiveSlowPhysicalModifier,-65.0,MEASURED
184,19,records/game/balancingadjustment_survivalmode_enemies03.dbr,sm_mod,offensiveSlowPoisonModifier,-65.0,MEASURED
184,19,records/game/balancingadjustment_survivalmode_enemies03.dbr,sm_mod,offensiveTotalDamageModifier,89.0,MEASURED
184,19,records/game/balancingadjustment_survivalmode_enemies03.dbr,sm_mod,retaliationTotalDamageModifier,90.0,MEASURED
184,19,records/game/balancingadjustment_survivalmode_enemies03.dbr,sm_mod,skillCooldownReduction,5.0,MEASURED
184,19,records/game/balancingadjustment_survivalmode_enemies03.dbr,sm_mod,spawnChampionMaxAdj,1.0,MEASURED
184,19,records/game/balancingadjustment_survivalmode_enemies03.dbr,sm_mod,spawnChampionMinAdj,1.0,MEASURED
184,19,records/game/balancingadjustment_survivalmode_enemies03.dbr,sm_mod,spawnMaxAdj,0.0,MEASURED
184,19,records/game/balancingadjustment_survivalmode_enemies03.dbr,sm_mod,spawnMinAdj,0.0,MEASURED
185,19,records/game/balancingadjustment_survivalmode_enemies03.dbr,sm_mod,characterAttackSpeedModifier,12.0,MEASURED
185,19,records/game/balancingadjustment_survivalmode_enemies03.dbr,sm_mod,characterDefensiveAbility,84.0,MEASURED
185,19,records/game/balancingadjustment_survivalmode_enemies03.dbr,sm_mod,characterDefensiveAbilityModifier,6.0,MEASURED
185,19,records/game/balancingadjustment_survivalmode_enemies03.dbr,sm_mod,characterLifeModifier,620.0,MEASURED
185,19,records/game/balancingadjustment_survivalmode_enemies03.dbr,sm_mod,characterLifeRegenModifier,94.0,MEASURED
185,19,records/game/balancingadjustment_survivalmode_enemies03.dbr,sm_mod,characterManaRegenModifier,94.0,MEASURED
185,19,records/game/balancingadjustment_survivalmode_enemies03.dbr,sm_mod,characterOffensiveAbility,68.0,MEASURED
185,19,records/game/balancingadjustment_survivalmode_enemies03.dbr,sm_mod,characterOffensiveAbilityModifier,4.199999809265137,MEASURED
185,19,records/game/balancingadjustment_survivalmode_enemies03.dbr,sm_mod,characterPercentHealIncreaseModifier,-60.0,MEASURED
185,19,records/game/balancingadjustment_survivalmode_enemies03.dbr,sm_mod,characterSpellCastSpeedModifier,12.0,MEASURED
185,19,records/game/balancingadjustment_survivalmode_enemies03.dbr,sm_mod,defensivePercentCurrentLife,9.0,MEASURED
185,19,records/game/balancingadjustment_survivalmode_enemies03.dbr,sm_mod,offensiveCritDamageModifier,31.0,MEASURED
185,19,records/game/balancingadjustment_survivalmode_enemies03.dbr,sm_mod,offensivePhysicalModifier,-32.0,MEASURED
185,19,records/game/balancingadjustment_survivalmode_enemies03.dbr,sm_mod,offensiveSlowBleedingModifier,-65.0,MEASURED
185,19,records/game/balancingadjustment_survivalmode_enemies03.dbr,sm_mod,offensiveSlowColdModifier,-65.0,MEASURED
185,19,records/game/balancingadjustment_survivalmode_enemies03.dbr,sm_mod,offensiveSlowFireModifier,-65.0,MEASURED
185,19,records/game/balancingadjustment_survivalmode_enemies03.dbr,sm_mod,offensiveSlowLifeModifier,-65.0,MEASURED
185,19,records/game/balancingadjustment_survivalmode_enemies03.dbr,sm_mod,offensiveSlowLightningModifier,-65.0,MEASURED
185,19,records/game/balancingadjustment_survivalmode_enemies03.dbr,sm_mod,offensiveSlowPhysicalModifier,-65.0,MEASURED
185,19,records/game/balancingadjustment_survivalmode_enemies03.dbr,sm_mod,offensiveSlowPoisonModifier,-65.0,MEASURED
185,19,records/game/balancingadjustment_survivalmode_enemies03.dbr,sm_mod,offensiveTotalDamageModifier,90.0,MEASURED
185,19,records/game/balancingadjustment_survivalmode_enemies03.dbr,sm_mod,retaliationTotalDamageModifier,95.0,MEASURED
185,19,records/game/balancingadjustment_survivalmode_enemies03.dbr,sm_mod,skillCooldownReduction,5.0,MEASURED
185,19,records/game/balancingadjustment_survivalmode_enemies03.dbr,sm_mod,spawnChampionMaxAdj,1.0,MEASURED
185,19,records/game/balancingadjustment_survivalmode_enemies03.dbr,sm_mod,spawnChampionMinAdj,1.0,MEASURED
185,19,records/game/balancingadjustment_survivalmode_enemies03.dbr,sm_mod,spawnMaxAdj,0.0,MEASURED
185,19,records/game/balancingadjustment_survivalmode_enemies03.dbr,sm_mod,spawnMinAdj,0.0,MEASURED
186,19,records/game/balancingadjustment_survivalmode_enemies03.dbr,sm_mod,characterAttackSpeedModifier,13.0,MEASURED
186,19,records/game/balancingadjustment_survivalmode_enemies03.dbr,sm_mod,characterDefensiveAbility,85.0,MEASURED
186,19,records/game/balancingadjustment_survivalmode_enemies03.dbr,sm_mod,characterDefensiveAbilityModifier,6.0,MEASURED
186,19,records/game/balancingadjustment_survivalmode_enemies03.dbr,sm_mod,characterLifeModifier,636.0,MEASURED
186,19,records/game/balancingadjustment_survivalmode_enemies03.dbr,sm_mod,characterLifeRegenModifier,95.0,MEASURED
186,19,records/game/balancingadjustment_survivalmode_enemies03.dbr,sm_mod,characterManaRegenModifier,95.0,MEASURED
186,19,records/game/balancingadjustment_survivalmode_enemies03.dbr,sm_mod,characterOffensiveAbility,69.0,MEASURED
186,19,records/game/balancingadjustment_survivalmode_enemies03.dbr,sm_mod,characterOffensiveAbilityModifier,4.199999809265137,MEASURED
186,19,records/game/balancingadjustment_survivalmode_enemies03.dbr,sm_mod,characterPercentHealIncreaseModifier,-60.0,MEASURED
186,19,records/game/balancingadjustment_survivalmode_enemies03.dbr,sm_mod,characterSpellCastSpeedModifier,13.0,MEASURED
186,19,records/game/balancingadjustment_survivalmode_enemies03.dbr,sm_mod,defensivePercentCurrentLife,9.0,MEASURED
186,19,records/game/balancingadjustment_survivalmode_enemies03.dbr,sm_mod,offensiveCritDamageModifier,31.0,MEASURED
186,19,records/game/balancingadjustment_survivalmode_enemies03.dbr,sm_mod,offensivePhysicalModifier,-36.0,MEASURED
186,19,records/game/balancingadjustment_survivalmode_enemies03.dbr,sm_mod,offensiveSlowBleedingModifier,-65.0,MEASURED
186,19,records/game/balancingadjustment_survivalmode_enemies03.dbr,sm_mod,offensiveSlowColdModifier,-65.0,MEASURED
186,19,records/game/balancingadjustment_survivalmode_enemies03.dbr,sm_mod,offensiveSlowFireModifier,-65.0,MEASURED
186,19,records/game/balancingadjustment_survivalmode_enemies03.dbr,sm_mod,offensiveSlowLifeModifier,-65.0,MEASURED
186,19,records/game/balancingadjustment_survivalmode_enemies03.dbr,sm_mod,offensiveSlowLightningModifier,-65.0,MEASURED
186,19,records/game/balancingadjustment_survivalmode_enemies03.dbr,sm_mod,offensiveSlowPhysicalModifier,-65.0,MEASURED
186,19,records/game/balancingadjustment_survivalmode_enemies03.dbr,sm_mod,offensiveSlowPoisonModifier,-65.0,MEASURED
186,19,records/game/balancingadjustment_survivalmode_enemies03.dbr,sm_mod,offensiveTotalDamageModifier,101.0,MEASURED
186,19,records/game/balancingadjustment_survivalmode_enemies03.dbr,sm_mod,retaliationTotalDamageModifier,95.0,MEASURED
186,19,records/game/balancingadjustment_survivalmode_enemies03.dbr,sm_mod,skillCooldownReduction,5.0,MEASURED
186,19,records/game/balancingadjustment_survivalmode_enemies03.dbr,sm_mod,spawnChampionMaxAdj,1.0,MEASURED
186,19,records/game/balancingadjustment_survivalmode_enemies03.dbr,sm_mod,spawnChampionMinAdj,1.0,MEASURED
186,19,records/game/balancingadjustment_survivalmode_enemies03.dbr,sm_mod,spawnMaxAdj,0.0,MEASURED
186,19,records/game/balancingadjustment_survivalmode_enemies03.dbr,sm_mod,spawnMinAdj,0.0,MEASURED
187,19,records/game/balancingadjustment_survivalmode_enemies03.dbr,sm_mod,characterAttackSpeedModifier,13.0,MEASURED
187,19,records/game/balancingadjustment_survivalmode_enemies03.dbr,sm_mod,characterDefensiveAbility,85.0,MEASURED
187,19,records/game/balancingadjustment_survivalmode_enemies03.dbr,sm_mod,characterDefensiveAbilityModifier,6.0,MEASURED
187,19,records/game/balancingadjustment_survivalmode_enemies03.dbr,sm_mod,characterLifeModifier,652.0,MEASURED
187,19,records/game/balancingadjustment_survivalmode_enemies03.dbr,sm_mod,characterLifeRegenModifier,96.0,MEASURED
187,19,records/game/balancingadjustment_survivalmode_enemies03.dbr,sm_mod,characterManaRegenModifier,96.0,MEASURED
187,19,records/game/balancingadjustment_survivalmode_enemies03.dbr,sm_mod,characterOffensiveAbility,70.0,MEASURED
187,19,records/game/balancingadjustment_survivalmode_enemies03.dbr,sm_mod,characterOffensiveAbilityModifier,4.199999809265137,MEASURED
187,19,records/game/balancingadjustment_survivalmode_enemies03.dbr,sm_mod,characterPercentHealIncreaseModifier,-60.0,MEASURED
187,19,records/game/balancingadjustment_survivalmode_enemies03.dbr,sm_mod,characterSpellCastSpeedModifier,13.0,MEASURED
187,19,records/game/balancingadjustment_survivalmode_enemies03.dbr,sm_mod,defensivePercentCurrentLife,9.0,MEASURED
187,19,records/game/balancingadjustment_survivalmode_enemies03.dbr,sm_mod,offensiveCritDamageModifier,31.0,MEASURED
187,19,records/game/balancingadjustment_survivalmode_enemies03.dbr,sm_mod,offensivePhysicalModifier,-36.0,MEASURED
187,19,records/game/balancingadjustment_survivalmode_enemies03.dbr,sm_mod,offensiveSlowBleedingModifier,-65.0,MEASURED
187,19,records/game/balancingadjustment_survivalmode_enemies03.dbr,sm_mod,offensiveSlowColdModifier,-65.0,MEASURED
187,19,records/game/balancingadjustment_survivalmode_enemies03.dbr,sm_mod,offensiveSlowFireModifier,-65.0,MEASURED
187,19,records/game/balancingadjustment_survivalmode_enemies03.dbr,sm_mod,offensiveSlowLifeModifier,-65.0,MEASURED
187,19,records/game/balancingadjustment_survivalmode_enemies03.dbr,sm_mod,offensiveSlowLightningModifier,-65.0,MEASURED
187,19,records/game/balancingadjustment_survivalmode_enemies03.dbr,sm_mod,offensiveSlowPhysicalModifier,-65.0,MEASURED
187,19,records/game/balancingadjustment_survivalmode_enemies03.dbr,sm_mod,offensiveSlowPoisonModifier,-65.0,MEASURED
187,19,records/game/balancingadjustment_survivalmode_enemies03.dbr,sm_mod,offensiveTotalDamageModifier,102.0,MEASURED
187,19,records/game/balancingadjustment_survivalmode_enemies03.dbr,sm_mod,retaliationTotalDamageModifier,95.0,MEASURED
187,19,records/game/balancingadjustment_survivalmode_enemies03.dbr,sm_mod,skillCooldownReduction,5.0,MEASURED
187,19,records/game/balancingadjustment_survivalmode_enemies03.dbr,sm_mod,spawnChampionMaxAdj,1.0,MEASURED
187,19,records/game/balancingadjustment_survivalmode_enemies03.dbr,sm_mod,spawnChampionMinAdj,1.0,MEASURED
187,19,records/game/balancingadjustment_survivalmode_enemies03.dbr,sm_mod,spawnMaxAdj,0.0,MEASURED
187,19,records/game/balancingadjustment_survivalmode_enemies03.dbr,sm_mod,spawnMinAdj,0.0,MEASURED
188,19,records/game/balancingadjustment_survivalmode_enemies03.dbr,sm_mod,characterAttackSpeedModifier,13.0,MEASURED
188,19,records/game/balancingadjustment_survivalmode_enemies03.dbr,sm_mod,characterDefensiveAbility,86.0,MEASURED
188,19,records/game/balancingadjustment_survivalmode_enemies03.dbr,sm_mod,characterDefensiveAbilityModifier,6.0,MEASURED
188,19,records/game/balancingadjustment_survivalmode_enemies03.dbr,sm_mod,characterLifeModifier,668.0,MEASURED
188,19,records/game/balancingadjustment_survivalmode_enemies03.dbr,sm_mod,characterLifeRegenModifier,97.0,MEASURED
188,19,records/game/balancingadjustment_survivalmode_enemies03.dbr,sm_mod,characterManaRegenModifier,97.0,MEASURED
188,19,records/game/balancingadjustment_survivalmode_enemies03.dbr,sm_mod,characterOffensiveAbility,71.0,MEASURED
188,19,records/game/balancingadjustment_survivalmode_enemies03.dbr,sm_mod,characterOffensiveAbilityModifier,4.199999809265137,MEASURED
188,19,records/game/balancingadjustment_survivalmode_enemies03.dbr,sm_mod,characterPercentHealIncreaseModifier,-60.0,MEASURED
188,19,records/game/balancingadjustment_survivalmode_enemies03.dbr,sm_mod,characterSpellCastSpeedModifier,13.0,MEASURED
188,19,records/game/balancingadjustment_survivalmode_enemies03.dbr,sm_mod,defensivePercentCurrentLife,9.0,MEASURED
188,19,records/game/balancingadjustment_survivalmode_enemies03.dbr,sm_mod,offensiveCritDamageModifier,31.0,MEASURED
188,19,records/game/balancingadjustment_survivalmode_enemies03.dbr,sm_mod,offensivePhysicalModifier,-36.0,MEASURED
188,19,records/game/balancingadjustment_survivalmode_enemies03.dbr,sm_mod,offensiveSlowBleedingModifier,-65.0,MEASURED
188,19,records/game/balancingadjustment_survivalmode_enemies03.dbr,sm_mod,offensiveSlowColdModifier,-65.0,MEASURED
188,19,records/game/balancingadjustment_survivalmode_enemies03.dbr,sm_mod,offensiveSlowFireModifier,-65.0,MEASURED
188,19,records/game/balancingadjustment_survivalmode_enemies03.dbr,sm_mod,offensiveSlowLifeModifier,-65.0,MEASURED
188,19,records/game/balancingadjustment_survivalmode_enemies03.dbr,sm_mod,offensiveSlowLightningModifier,-65.0,MEASURED
188,19,records/game/balancingadjustment_survivalmode_enemies03.dbr,sm_mod,offensiveSlowPhysicalModifier,-65.0,MEASURED
188,19,records/game/balancingadjustment_survivalmode_enemies03.dbr,sm_mod,offensiveSlowPoisonModifier,-65.0,MEASURED
188,19,records/game/balancingadjustment_survivalmode_enemies03.dbr,sm_mod,offensiveTotalDamageModifier,103.0,MEASURED
188,19,records/game/balancingadjustment_survivalmode_enemies03.dbr,sm_mod,retaliationTotalDamageModifier,95.0,MEASURED
188,19,records/game/balancingadjustment_survivalmode_enemies03.dbr,sm_mod,skillCooldownReduction,5.0,MEASURED
188,19,records/game/balancingadjustment_survivalmode_enemies03.dbr,sm_mod,spawnChampionMaxAdj,1.0,MEASURED
188,19,records/game/balancingadjustment_survivalmode_enemies03.dbr,sm_mod,spawnChampionMinAdj,1.0,MEASURED
188,19,records/game/balancingadjustment_survivalmode_enemies03.dbr,sm_mod,spawnMaxAdj,0.0,MEASURED
188,19,records/game/balancingadjustment_survivalmode_enemies03.dbr,sm_mod,spawnMinAdj,0.0,MEASURED
189,19,records/game/balancingadjustment_survivalmode_enemies03.dbr,sm_mod,characterAttackSpeedModifier,13.0,MEASURED
189,19,records/game/balancingadjustment_survivalmode_enemies03.dbr,sm_mod,characterDefensiveAbility,87.0,MEASURED
189,19,records/game/balancingadjustment_survivalmode_enemies03.dbr,sm_mod,characterDefensiveAbilityModifier,6.0,MEASURED
189,19,records/game/balancingadjustment_survivalmode_enemies03.dbr,sm_mod,characterLifeModifier,684.0,MEASURED
189,19,records/game/balancingadjustment_survivalmode_enemies03.dbr,sm_mod,characterLifeRegenModifier,98.0,MEASURED
189,19,records/game/balancingadjustment_survivalmode_enemies03.dbr,sm_mod,characterManaRegenModifier,98.0,MEASURED
189,19,records/game/balancingadjustment_survivalmode_enemies03.dbr,sm_mod,characterOffensiveAbility,72.0,MEASURED
189,19,records/game/balancingadjustment_survivalmode_enemies03.dbr,sm_mod,characterOffensiveAbilityModifier,4.199999809265137,MEASURED
189,19,records/game/balancingadjustment_survivalmode_enemies03.dbr,sm_mod,characterPercentHealIncreaseModifier,-60.0,MEASURED
189,19,records/game/balancingadjustment_survivalmode_enemies03.dbr,sm_mod,characterSpellCastSpeedModifier,13.0,MEASURED
189,19,records/game/balancingadjustment_survivalmode_enemies03.dbr,sm_mod,defensivePercentCurrentLife,9.0,MEASURED
189,19,records/game/balancingadjustment_survivalmode_enemies03.dbr,sm_mod,offensiveCritDamageModifier,31.0,MEASURED
189,19,records/game/balancingadjustment_survivalmode_enemies03.dbr,sm_mod,offensivePhysicalModifier,-36.0,MEASURED
189,19,records/game/balancingadjustment_survivalmode_enemies03.dbr,sm_mod,offensiveSlowBleedingModifier,-65.0,MEASURED
189,19,records/game/balancingadjustment_survivalmode_enemies03.dbr,sm_mod,offensiveSlowColdModifier,-65.0,MEASURED
189,19,records/game/balancingadjustment_survivalmode_enemies03.dbr,sm_mod,offensiveSlowFireModifier,-65.0,MEASURED
189,19,records/game/balancingadjustment_survivalmode_enemies03.dbr,sm_mod,offensiveSlowLifeModifier,-65.0,MEASURED
189,19,records/game/balancingadjustment_survivalmode_enemies03.dbr,sm_mod,offensiveSlowLightningModifier,-65.0,MEASURED
189,19,records/game/balancingadjustment_survivalmode_enemies03.dbr,sm_mod,offensiveSlowPhysicalModifier,-65.0,MEASURED
189,19,records/game/balancingadjustment_survivalmode_enemies03.dbr,sm_mod,offensiveSlowPoisonModifier,-65.0,MEASURED
189,19,records/game/balancingadjustment_survivalmode_enemies03.dbr,sm_mod,offensiveTotalDamageModifier,104.0,MEASURED
189,19,records/game/balancingadjustment_survivalmode_enemies03.dbr,sm_mod,retaliationTotalDamageModifier,95.0,MEASURED
189,19,records/game/balancingadjustment_survivalmode_enemies03.dbr,sm_mod,skillCooldownReduction,5.0,MEASURED
189,19,records/game/balancingadjustment_survivalmode_enemies03.dbr,sm_mod,spawnChampionMaxAdj,1.0,MEASURED
189,19,records/game/balancingadjustment_survivalmode_enemies03.dbr,sm_mod,spawnChampionMinAdj,1.0,MEASURED
189,19,records/game/balancingadjustment_survivalmode_enemies03.dbr,sm_mod,spawnMaxAdj,0.0,MEASURED
189,19,records/game/balancingadjustment_survivalmode_enemies03.dbr,sm_mod,spawnMinAdj,0.0,MEASURED
190,19,records/game/balancingadjustment_survivalmode_enemies03.dbr,sm_mod,characterAttackSpeedModifier,13.0,MEASURED
190,19,records/game/balancingadjustment_survivalmode_enemies03.dbr,sm_mod,characterDefensiveAbility,87.0,MEASURED
190,19,records/game/balancingadjustment_survivalmode_enemies03.dbr,sm_mod,characterDefensiveAbilityModifier,6.0,MEASURED
190,19,records/game/balancingadjustment_survivalmode_enemies03.dbr,sm_mod,characterLifeModifier,700.0,MEASURED
190,19,records/game/balancingadjustment_survivalmode_enemies03.dbr,sm_mod,characterLifeRegenModifier,99.0,MEASURED
190,19,records/game/balancingadjustment_survivalmode_enemies03.dbr,sm_mod,characterManaRegenModifier,99.0,MEASURED
190,19,records/game/balancingadjustment_survivalmode_enemies03.dbr,sm_mod,characterOffensiveAbility,73.0,MEASURED
190,19,records/game/balancingadjustment_survivalmode_enemies03.dbr,sm_mod,characterOffensiveAbilityModifier,5.0,MEASURED
190,19,records/game/balancingadjustment_survivalmode_enemies03.dbr,sm_mod,characterPercentHealIncreaseModifier,-60.0,MEASURED
190,19,records/game/balancingadjustment_survivalmode_enemies03.dbr,sm_mod,characterSpellCastSpeedModifier,13.0,MEASURED
190,19,records/game/balancingadjustment_survivalmode_enemies03.dbr,sm_mod,defensivePercentCurrentLife,10.0,MEASURED
190,19,records/game/balancingadjustment_survivalmode_enemies03.dbr,sm_mod,offensiveCritDamageModifier,31.0,MEASURED
190,19,records/game/balancingadjustment_survivalmode_enemies03.dbr,sm_mod,offensivePhysicalModifier,-36.0,MEASURED
190,19,records/game/balancingadjustment_survivalmode_enemies03.dbr,sm_mod,offensiveSlowBleedingModifier,-65.0,MEASURED
190,19,records/game/balancingadjustment_survivalmode_enemies03.dbr,sm_mod,offensiveSlowColdModifier,-65.0,MEASURED
190,19,records/game/balancingadjustment_survivalmode_enemies03.dbr,sm_mod,offensiveSlowFireModifier,-65.0,MEASURED
190,19,records/game/balancingadjustment_survivalmode_enemies03.dbr,sm_mod,offensiveSlowLifeModifier,-65.0,MEASURED
190,19,records/game/balancingadjustment_survivalmode_enemies03.dbr,sm_mod,offensiveSlowLightningModifier,-65.0,MEASURED
190,19,records/game/balancingadjustment_survivalmode_enemies03.dbr,sm_mod,offensiveSlowPhysicalModifier,-65.0,MEASURED
190,19,records/game/balancingadjustment_survivalmode_enemies03.dbr,sm_mod,offensiveSlowPoisonModifier,-65.0,MEASURED
190,19,records/game/balancingadjustment_survivalmode_enemies03.dbr,sm_mod,offensiveTotalDamageModifier,105.0,MEASURED
190,19,records/game/balancingadjustment_survivalmode_enemies03.dbr,sm_mod,retaliationTotalDamageModifier,95.0,MEASURED
190,19,records/game/balancingadjustment_survivalmode_enemies03.dbr,sm_mod,skillCooldownReduction,5.0,MEASURED
190,19,records/game/balancingadjustment_survivalmode_enemies03.dbr,sm_mod,spawnChampionMaxAdj,1.0,MEASURED
190,19,records/game/balancingadjustment_survivalmode_enemies03.dbr,sm_mod,spawnChampionMinAdj,1.0,MEASURED
190,19,records/game/balancingadjustment_survivalmode_enemies03.dbr,sm_mod,spawnMaxAdj,0.0,MEASURED
190,19,records/game/balancingadjustment_survivalmode_enemies03.dbr,sm_mod,spawnMinAdj,0.0,MEASURED
191,20,records/game/balancingadjustment_survivalmode_enemies03.dbr,sm_mod,characterAttackSpeedModifier,13.0,MEASURED
191,20,records/game/balancingadjustment_survivalmode_enemies03.dbr,sm_mod,characterDefensiveAbility,88.0,MEASURED
191,20,records/game/balancingadjustment_survivalmode_enemies03.dbr,sm_mod,characterDefensiveAbilityModifier,6.0,MEASURED
191,20,records/game/balancingadjustment_survivalmode_enemies03.dbr,sm_mod,characterLifeModifier,765.0,MEASURED
191,20,records/game/balancingadjustment_survivalmode_enemies03.dbr,sm_mod,characterLifeRegenModifier,100.0,MEASURED
191,20,records/game/balancingadjustment_survivalmode_enemies03.dbr,sm_mod,characterManaRegenModifier,100.0,MEASURED
191,20,records/game/balancingadjustment_survivalmode_enemies03.dbr,sm_mod,characterOffensiveAbility,74.0,MEASURED
191,20,records/game/balancingadjustment_survivalmode_enemies03.dbr,sm_mod,characterOffensiveAbilityModifier,5.0,MEASURED
191,20,records/game/balancingadjustment_survivalmode_enemies03.dbr,sm_mod,characterPercentHealIncreaseModifier,-60.0,MEASURED
191,20,records/game/balancingadjustment_survivalmode_enemies03.dbr,sm_mod,characterSpellCastSpeedModifier,13.0,MEASURED
191,20,records/game/balancingadjustment_survivalmode_enemies03.dbr,sm_mod,defensivePercentCurrentLife,10.0,MEASURED
191,20,records/game/balancingadjustment_survivalmode_enemies03.dbr,sm_mod,offensiveCritDamageModifier,33.0,MEASURED
191,20,records/game/balancingadjustment_survivalmode_enemies03.dbr,sm_mod,offensivePhysicalModifier,-40.0,MEASURED
191,20,records/game/balancingadjustment_survivalmode_enemies03.dbr,sm_mod,offensiveSlowBleedingModifier,-65.0,MEASURED
191,20,records/game/balancingadjustment_survivalmode_enemies03.dbr,sm_mod,offensiveSlowColdModifier,-65.0,MEASURED
191,20,records/game/balancingadjustment_survivalmode_enemies03.dbr,sm_mod,offensiveSlowFireModifier,-65.0,MEASURED
191,20,records/game/balancingadjustment_survivalmode_enemies03.dbr,sm_mod,offensiveSlowLifeModifier,-65.0,MEASURED
191,20,records/game/balancingadjustment_survivalmode_enemies03.dbr,sm_mod,offensiveSlowLightningModifier,-65.0,MEASURED
191,20,records/game/balancingadjustment_survivalmode_enemies03.dbr,sm_mod,offensiveSlowPhysicalModifier,-65.0,MEASURED
191,20,records/game/balancingadjustment_survivalmode_enemies03.dbr,sm_mod,offensiveSlowPoisonModifier,-65.0,MEASURED
191,20,records/game/balancingadjustment_survivalmode_enemies03.dbr,sm_mod,offensiveTotalDamageModifier,111.0,MEASURED
191,20,records/game/balancingadjustment_survivalmode_enemies03.dbr,sm_mod,retaliationTotalDamageModifier,100.0,MEASURED
191,20,records/game/balancingadjustment_survivalmode_enemies03.dbr,sm_mod,skillCooldownReduction,10.0,MEASURED
191,20,records/game/balancingadjustment_survivalmode_enemies03.dbr,sm_mod,spawnChampionMaxAdj,1.0,MEASURED
191,20,records/game/balancingadjustment_survivalmode_enemies03.dbr,sm_mod,spawnChampionMinAdj,1.0,MEASURED
191,20,records/game/balancingadjustment_survivalmode_enemies03.dbr,sm_mod,spawnMaxAdj,0.0,MEASURED
191,20,records/game/balancingadjustment_survivalmode_enemies03.dbr,sm_mod,spawnMinAdj,0.0,MEASURED
192,20,records/game/balancingadjustment_survivalmode_enemies03.dbr,sm_mod,characterAttackSpeedModifier,13.0,MEASURED
192,20,records/game/balancingadjustment_survivalmode_enemies03.dbr,sm_mod,characterDefensiveAbility,89.0,MEASURED
192,20,records/game/balancingadjustment_survivalmode_enemies03.dbr,sm_mod,characterDefensiveAbilityModifier,6.0,MEASURED
192,20,records/game/balancingadjustment_survivalmode_enemies03.dbr,sm_mod,characterLifeModifier,790.0,MEASURED
192,20,records/game/balancingadjustment_survivalmode_enemies03.dbr,sm_mod,characterLifeRegenModifier,101.0,MEASURED
192,20,records/game/balancingadjustment_survivalmode_enemies03.dbr,sm_mod,characterManaRegenModifier,101.0,MEASURED
192,20,records/game/balancingadjustment_survivalmode_enemies03.dbr,sm_mod,characterOffensiveAbility,75.0,MEASURED
192,20,records/game/balancingadjustment_survivalmode_enemies03.dbr,sm_mod,characterOffensiveAbilityModifier,5.0,MEASURED
192,20,records/game/balancingadjustment_survivalmode_enemies03.dbr,sm_mod,characterPercentHealIncreaseModifier,-60.0,MEASURED
192,20,records/game/balancingadjustment_survivalmode_enemies03.dbr,sm_mod,characterSpellCastSpeedModifier,13.0,MEASURED
192,20,records/game/balancingadjustment_survivalmode_enemies03.dbr,sm_mod,defensivePercentCurrentLife,10.0,MEASURED
192,20,records/game/balancingadjustment_survivalmode_enemies03.dbr,sm_mod,offensiveCritDamageModifier,33.0,MEASURED
192,20,records/game/balancingadjustment_survivalmode_enemies03.dbr,sm_mod,offensivePhysicalModifier,-40.0,MEASURED
192,20,records/game/balancingadjustment_survivalmode_enemies03.dbr,sm_mod,offensiveSlowBleedingModifier,-65.0,MEASURED
192,20,records/game/balancingadjustment_survivalmode_enemies03.dbr,sm_mod,offensiveSlowColdModifier,-65.0,MEASURED
192,20,records/game/balancingadjustment_survivalmode_enemies03.dbr,sm_mod,offensiveSlowFireModifier,-65.0,MEASURED
192,20,records/game/balancingadjustment_survivalmode_enemies03.dbr,sm_mod,offensiveSlowLifeModifier,-65.0,MEASURED
192,20,records/game/balancingadjustment_survivalmode_enemies03.dbr,sm_mod,offensiveSlowLightningModifier,-65.0,MEASURED
192,20,records/game/balancingadjustment_survivalmode_enemies03.dbr,sm_mod,offensiveSlowPhysicalModifier,-65.0,MEASURED
192,20,records/game/balancingadjustment_survivalmode_enemies03.dbr,sm_mod,offensiveSlowPoisonModifier,-65.0,MEASURED
192,20,records/game/balancingadjustment_survivalmode_enemies03.dbr,sm_mod,offensiveTotalDamageModifier,112.0,MEASURED
192,20,records/game/balancingadjustment_survivalmode_enemies03.dbr,sm_mod,retaliationTotalDamageModifier,100.0,MEASURED
192,20,records/game/balancingadjustment_survivalmode_enemies03.dbr,sm_mod,skillCooldownReduction,10.0,MEASURED
192,20,records/game/balancingadjustment_survivalmode_enemies03.dbr,sm_mod,spawnChampionMaxAdj,1.0,MEASURED
192,20,records/game/balancingadjustment_survivalmode_enemies03.dbr,sm_mod,spawnChampionMinAdj,1.0,MEASURED
192,20,records/game/balancingadjustment_survivalmode_enemies03.dbr,sm_mod,spawnMaxAdj,0.0,MEASURED
192,20,records/game/balancingadjustment_survivalmode_enemies03.dbr,sm_mod,spawnMinAdj,0.0,MEASURED
193,20,records/game/balancingadjustment_survivalmode_enemies03.dbr,sm_mod,characterAttackSpeedModifier,13.0,MEASURED
193,20,records/game/balancingadjustment_survivalmode_enemies03.dbr,sm_mod,characterDefensiveAbility,89.0,MEASURED
193,20,records/game/balancingadjustment_survivalmode_enemies03.dbr,sm_mod,characterDefensiveAbilityModifier,6.0,MEASURED
193,20,records/game/balancingadjustment_survivalmode_enemies03.dbr,sm_mod,characterLifeModifier,815.0,MEASURED
193,20,records/game/balancingadjustment_survivalmode_enemies03.dbr,sm_mod,characterLifeRegenModifier,102.0,MEASURED
193,20,records/game/balancingadjustment_survivalmode_enemies03.dbr,sm_mod,characterManaRegenModifier,102.0,MEASURED
193,20,records/game/balancingadjustment_survivalmode_enemies03.dbr,sm_mod,characterOffensiveAbility,76.0,MEASURED
193,20,records/game/balancingadjustment_survivalmode_enemies03.dbr,sm_mod,characterOffensiveAbilityModifier,5.0,MEASURED
193,20,records/game/balancingadjustment_survivalmode_enemies03.dbr,sm_mod,characterPercentHealIncreaseModifier,-60.0,MEASURED
193,20,records/game/balancingadjustment_survivalmode_enemies03.dbr,sm_mod,characterSpellCastSpeedModifier,13.0,MEASURED
193,20,records/game/balancingadjustment_survivalmode_enemies03.dbr,sm_mod,defensivePercentCurrentLife,10.0,MEASURED
193,20,records/game/balancingadjustment_survivalmode_enemies03.dbr,sm_mod,offensiveCritDamageModifier,33.0,MEASURED
193,20,records/game/balancingadjustment_survivalmode_enemies03.dbr,sm_mod,offensivePhysicalModifier,-40.0,MEASURED
193,20,records/game/balancingadjustment_survivalmode_enemies03.dbr,sm_mod,offensiveSlowBleedingModifier,-65.0,MEASURED
193,20,records/game/balancingadjustment_survivalmode_enemies03.dbr,sm_mod,offensiveSlowColdModifier,-65.0,MEASURED
193,20,records/game/balancingadjustment_survivalmode_enemies03.dbr,sm_mod,offensiveSlowFireModifier,-65.0,MEASURED
193,20,records/game/balancingadjustment_survivalmode_enemies03.dbr,sm_mod,offensiveSlowLifeModifier,-65.0,MEASURED
193,20,records/game/balancingadjustment_survivalmode_enemies03.dbr,sm_mod,offensiveSlowLightningModifier,-65.0,MEASURED
193,20,records/game/balancingadjustment_survivalmode_enemies03.dbr,sm_mod,offensiveSlowPhysicalModifier,-65.0,MEASURED
193,20,records/game/balancingadjustment_survivalmode_enemies03.dbr,sm_mod,offensiveSlowPoisonModifier,-65.0,MEASURED
193,20,records/game/balancingadjustment_survivalmode_enemies03.dbr,sm_mod,offensiveTotalDamageModifier,113.0,MEASURED
193,20,records/game/balancingadjustment_survivalmode_enemies03.dbr,sm_mod,retaliationTotalDamageModifier,100.0,MEASURED
193,20,records/game/balancingadjustment_survivalmode_enemies03.dbr,sm_mod,skillCooldownReduction,10.0,MEASURED
193,20,records/game/balancingadjustment_survivalmode_enemies03.dbr,sm_mod,spawnChampionMaxAdj,1.0,MEASURED
193,20,records/game/balancingadjustment_survivalmode_enemies03.dbr,sm_mod,spawnChampionMinAdj,1.0,MEASURED
193,20,records/game/balancingadjustment_survivalmode_enemies03.dbr,sm_mod,spawnMaxAdj,0.0,MEASURED
193,20,records/game/balancingadjustment_survivalmode_enemies03.dbr,sm_mod,spawnMinAdj,0.0,MEASURED
194,20,records/game/balancingadjustment_survivalmode_enemies03.dbr,sm_mod,characterAttackSpeedModifier,13.0,MEASURED
194,20,records/game/balancingadjustment_survivalmode_enemies03.dbr,sm_mod,characterDefensiveAbility,90.0,MEASURED
194,20,records/game/balancingadjustment_survivalmode_enemies03.dbr,sm_mod,characterDefensiveAbilityModifier,6.0,MEASURED
194,20,records/game/balancingadjustment_survivalmode_enemies03.dbr,sm_mod,characterLifeModifier,840.0,MEASURED
194,20,records/game/balancingadjustment_survivalmode_enemies03.dbr,sm_mod,characterLifeRegenModifier,103.0,MEASURED
194,20,records/game/balancingadjustment_survivalmode_enemies03.dbr,sm_mod,characterManaRegenModifier,103.0,MEASURED
194,20,records/game/balancingadjustment_survivalmode_enemies03.dbr,sm_mod,characterOffensiveAbility,77.0,MEASURED
194,20,records/game/balancingadjustment_survivalmode_enemies03.dbr,sm_mod,characterOffensiveAbilityModifier,5.0,MEASURED
194,20,records/game/balancingadjustment_survivalmode_enemies03.dbr,sm_mod,characterPercentHealIncreaseModifier,-60.0,MEASURED
194,20,records/game/balancingadjustment_survivalmode_enemies03.dbr,sm_mod,characterSpellCastSpeedModifier,13.0,MEASURED
194,20,records/game/balancingadjustment_survivalmode_enemies03.dbr,sm_mod,defensivePercentCurrentLife,10.0,MEASURED
194,20,records/game/balancingadjustment_survivalmode_enemies03.dbr,sm_mod,offensiveCritDamageModifier,33.0,MEASURED
194,20,records/game/balancingadjustment_survivalmode_enemies03.dbr,sm_mod,offensivePhysicalModifier,-40.0,MEASURED
194,20,records/game/balancingadjustment_survivalmode_enemies03.dbr,sm_mod,offensiveSlowBleedingModifier,-65.0,MEASURED
194,20,records/game/balancingadjustment_survivalmode_enemies03.dbr,sm_mod,offensiveSlowColdModifier,-65.0,MEASURED
194,20,records/game/balancingadjustment_survivalmode_enemies03.dbr,sm_mod,offensiveSlowFireModifier,-65.0,MEASURED
194,20,records/game/balancingadjustment_survivalmode_enemies03.dbr,sm_mod,offensiveSlowLifeModifier,-65.0,MEASURED
194,20,records/game/balancingadjustment_survivalmode_enemies03.dbr,sm_mod,offensiveSlowLightningModifier,-65.0,MEASURED
194,20,records/game/balancingadjustment_survivalmode_enemies03.dbr,sm_mod,offensiveSlowPhysicalModifier,-65.0,MEASURED
194,20,records/game/balancingadjustment_survivalmode_enemies03.dbr,sm_mod,offensiveSlowPoisonModifier,-65.0,MEASURED
194,20,records/game/balancingadjustment_survivalmode_enemies03.dbr,sm_mod,offensiveTotalDamageModifier,114.0,MEASURED
194,20,records/game/balancingadjustment_survivalmode_enemies03.dbr,sm_mod,retaliationTotalDamageModifier,100.0,MEASURED
194,20,records/game/balancingadjustment_survivalmode_enemies03.dbr,sm_mod,skillCooldownReduction,10.0,MEASURED
194,20,records/game/balancingadjustment_survivalmode_enemies03.dbr,sm_mod,spawnChampionMaxAdj,1.0,MEASURED
194,20,records/game/balancingadjustment_survivalmode_enemies03.dbr,sm_mod,spawnChampionMinAdj,1.0,MEASURED
194,20,records/game/balancingadjustment_survivalmode_enemies03.dbr,sm_mod,spawnMaxAdj,0.0,MEASURED
194,20,records/game/balancingadjustment_survivalmode_enemies03.dbr,sm_mod,spawnMinAdj,0.0,MEASURED
195,20,records/game/balancingadjustment_survivalmode_enemies03.dbr,sm_mod,characterAttackSpeedModifier,13.0,MEASURED
195,20,records/game/balancingadjustment_survivalmode_enemies03.dbr,sm_mod,characterDefensiveAbility,91.0,MEASURED
195,20,records/game/balancingadjustment_survivalmode_enemies03.dbr,sm_mod,characterDefensiveAbilityModifier,6.0,MEASURED
195,20,records/game/balancingadjustment_survivalmode_enemies03.dbr,sm_mod,characterLifeModifier,865.0,MEASURED
195,20,records/game/balancingadjustment_survivalmode_enemies03.dbr,sm_mod,characterLifeRegenModifier,104.0,MEASURED
195,20,records/game/balancingadjustment_survivalmode_enemies03.dbr,sm_mod,characterManaRegenModifier,104.0,MEASURED
195,20,records/game/balancingadjustment_survivalmode_enemies03.dbr,sm_mod,characterOffensiveAbility,78.0,MEASURED
195,20,records/game/balancingadjustment_survivalmode_enemies03.dbr,sm_mod,characterOffensiveAbilityModifier,5.0,MEASURED
195,20,records/game/balancingadjustment_survivalmode_enemies03.dbr,sm_mod,characterPercentHealIncreaseModifier,-60.0,MEASURED
195,20,records/game/balancingadjustment_survivalmode_enemies03.dbr,sm_mod,characterSpellCastSpeedModifier,13.0,MEASURED
195,20,records/game/balancingadjustment_survivalmode_enemies03.dbr,sm_mod,defensivePercentCurrentLife,10.0,MEASURED
195,20,records/game/balancingadjustment_survivalmode_enemies03.dbr,sm_mod,offensiveCritDamageModifier,33.0,MEASURED
195,20,records/game/balancingadjustment_survivalmode_enemies03.dbr,sm_mod,offensivePhysicalModifier,-40.0,MEASURED
195,20,records/game/balancingadjustment_survivalmode_enemies03.dbr,sm_mod,offensiveSlowBleedingModifier,-65.0,MEASURED
195,20,records/game/balancingadjustment_survivalmode_enemies03.dbr,sm_mod,offensiveSlowColdModifier,-65.0,MEASURED
195,20,records/game/balancingadjustment_survivalmode_enemies03.dbr,sm_mod,offensiveSlowFireModifier,-65.0,MEASURED
195,20,records/game/balancingadjustment_survivalmode_enemies03.dbr,sm_mod,offensiveSlowLifeModifier,-65.0,MEASURED
195,20,records/game/balancingadjustment_survivalmode_enemies03.dbr,sm_mod,offensiveSlowLightningModifier,-65.0,MEASURED
195,20,records/game/balancingadjustment_survivalmode_enemies03.dbr,sm_mod,offensiveSlowPhysicalModifier,-65.0,MEASURED
195,20,records/game/balancingadjustment_survivalmode_enemies03.dbr,sm_mod,offensiveSlowPoisonModifier,-65.0,MEASURED
195,20,records/game/balancingadjustment_survivalmode_enemies03.dbr,sm_mod,offensiveTotalDamageModifier,115.0,MEASURED
195,20,records/game/balancingadjustment_survivalmode_enemies03.dbr,sm_mod,retaliationTotalDamageModifier,110.0,MEASURED
195,20,records/game/balancingadjustment_survivalmode_enemies03.dbr,sm_mod,skillCooldownReduction,10.0,MEASURED
195,20,records/game/balancingadjustment_survivalmode_enemies03.dbr,sm_mod,spawnChampionMaxAdj,1.0,MEASURED
195,20,records/game/balancingadjustment_survivalmode_enemies03.dbr,sm_mod,spawnChampionMinAdj,1.0,MEASURED
195,20,records/game/balancingadjustment_survivalmode_enemies03.dbr,sm_mod,spawnMaxAdj,0.0,MEASURED
195,20,records/game/balancingadjustment_survivalmode_enemies03.dbr,sm_mod,spawnMinAdj,0.0,MEASURED
196,20,records/game/balancingadjustment_survivalmode_enemies03.dbr,sm_mod,characterAttackSpeedModifier,13.0,MEASURED
196,20,records/game/balancingadjustment_survivalmode_enemies03.dbr,sm_mod,characterDefensiveAbility,91.0,MEASURED
196,20,records/game/balancingadjustment_survivalmode_enemies03.dbr,sm_mod,characterDefensiveAbilityModifier,6.0,MEASURED
196,20,records/game/balancingadjustment_survivalmode_enemies03.dbr,sm_mod,characterLifeModifier,890.0,MEASURED
196,20,records/game/balancingadjustment_survivalmode_enemies03.dbr,sm_mod,characterLifeRegenModifier,105.0,MEASURED
196,20,records/game/balancingadjustment_survivalmode_enemies03.dbr,sm_mod,characterManaRegenModifier,105.0,MEASURED
196,20,records/game/balancingadjustment_survivalmode_enemies03.dbr,sm_mod,characterOffensiveAbility,79.0,MEASURED
196,20,records/game/balancingadjustment_survivalmode_enemies03.dbr,sm_mod,characterOffensiveAbilityModifier,5.0,MEASURED
196,20,records/game/balancingadjustment_survivalmode_enemies03.dbr,sm_mod,characterPercentHealIncreaseModifier,-60.0,MEASURED
196,20,records/game/balancingadjustment_survivalmode_enemies03.dbr,sm_mod,characterSpellCastSpeedModifier,13.0,MEASURED
196,20,records/game/balancingadjustment_survivalmode_enemies03.dbr,sm_mod,defensivePercentCurrentLife,10.0,MEASURED
196,20,records/game/balancingadjustment_survivalmode_enemies03.dbr,sm_mod,offensiveCritDamageModifier,33.0,MEASURED
196,20,records/game/balancingadjustment_survivalmode_enemies03.dbr,sm_mod,offensivePhysicalModifier,-44.0,MEASURED
196,20,records/game/balancingadjustment_survivalmode_enemies03.dbr,sm_mod,offensiveSlowBleedingModifier,-65.0,MEASURED
196,20,records/game/balancingadjustment_survivalmode_enemies03.dbr,sm_mod,offensiveSlowColdModifier,-65.0,MEASURED
196,20,records/game/balancingadjustment_survivalmode_enemies03.dbr,sm_mod,offensiveSlowFireModifier,-65.0,MEASURED
196,20,records/game/balancingadjustment_survivalmode_enemies03.dbr,sm_mod,offensiveSlowLifeModifier,-65.0,MEASURED
196,20,records/game/balancingadjustment_survivalmode_enemies03.dbr,sm_mod,offensiveSlowLightningModifier,-65.0,MEASURED
196,20,records/game/balancingadjustment_survivalmode_enemies03.dbr,sm_mod,offensiveSlowPhysicalModifier,-65.0,MEASURED
196,20,records/game/balancingadjustment_survivalmode_enemies03.dbr,sm_mod,offensiveSlowPoisonModifier,-65.0,MEASURED
196,20,records/game/balancingadjustment_survivalmode_enemies03.dbr,sm_mod,offensiveTotalDamageModifier,122.0,MEASURED
196,20,records/game/balancingadjustment_survivalmode_enemies03.dbr,sm_mod,retaliationTotalDamageModifier,110.0,MEASURED
196,20,records/game/balancingadjustment_survivalmode_enemies03.dbr,sm_mod,skillCooldownReduction,10.0,MEASURED
196,20,records/game/balancingadjustment_survivalmode_enemies03.dbr,sm_mod,spawnChampionMaxAdj,1.0,MEASURED
196,20,records/game/balancingadjustment_survivalmode_enemies03.dbr,sm_mod,spawnChampionMinAdj,1.0,MEASURED
196,20,records/game/balancingadjustment_survivalmode_enemies03.dbr,sm_mod,spawnMaxAdj,0.0,MEASURED
196,20,records/game/balancingadjustment_survivalmode_enemies03.dbr,sm_mod,spawnMinAdj,0.0,MEASURED
197,20,records/game/balancingadjustment_survivalmode_enemies03.dbr,sm_mod,characterAttackSpeedModifier,13.0,MEASURED
197,20,records/game/balancingadjustment_survivalmode_enemies03.dbr,sm_mod,characterDefensiveAbility,92.0,MEASURED
197,20,records/game/balancingadjustment_survivalmode_enemies03.dbr,sm_mod,characterDefensiveAbilityModifier,6.0,MEASURED
197,20,records/game/balancingadjustment_survivalmode_enemies03.dbr,sm_mod,characterLifeModifier,915.0,MEASURED
197,20,records/game/balancingadjustment_survivalmode_enemies03.dbr,sm_mod,characterLifeRegenModifier,106.0,MEASURED
197,20,records/game/balancingadjustment_survivalmode_enemies03.dbr,sm_mod,characterManaRegenModifier,106.0,MEASURED
197,20,records/game/balancingadjustment_survivalmode_enemies03.dbr,sm_mod,characterOffensiveAbility,80.0,MEASURED
197,20,records/game/balancingadjustment_survivalmode_enemies03.dbr,sm_mod,characterOffensiveAbilityModifier,5.0,MEASURED
197,20,records/game/balancingadjustment_survivalmode_enemies03.dbr,sm_mod,characterPercentHealIncreaseModifier,-60.0,MEASURED
197,20,records/game/balancingadjustment_survivalmode_enemies03.dbr,sm_mod,characterSpellCastSpeedModifier,13.0,MEASURED
197,20,records/game/balancingadjustment_survivalmode_enemies03.dbr,sm_mod,defensivePercentCurrentLife,10.0,MEASURED
197,20,records/game/balancingadjustment_survivalmode_enemies03.dbr,sm_mod,offensiveCritDamageModifier,33.0,MEASURED
197,20,records/game/balancingadjustment_survivalmode_enemies03.dbr,sm_mod,offensivePhysicalModifier,-44.0,MEASURED
197,20,records/game/balancingadjustment_survivalmode_enemies03.dbr,sm_mod,offensiveSlowBleedingModifier,-65.0,MEASURED
197,20,records/game/balancingadjustment_survivalmode_enemies03.dbr,sm_mod,offensiveSlowColdModifier,-65.0,MEASURED
197,20,records/game/balancingadjustment_survivalmode_enemies03.dbr,sm_mod,offensiveSlowFireModifier,-65.0,MEASURED
197,20,records/game/balancingadjustment_survivalmode_enemies03.dbr,sm_mod,offensiveSlowLifeModifier,-65.0,MEASURED
197,20,records/game/balancingadjustment_survivalmode_enemies03.dbr,sm_mod,offensiveSlowLightningModifier,-65.0,MEASURED
197,20,records/game/balancingadjustment_survivalmode_enemies03.dbr,sm_mod,offensiveSlowPhysicalModifier,-65.0,MEASURED
197,20,records/game/balancingadjustment_survivalmode_enemies03.dbr,sm_mod,offensiveSlowPoisonModifier,-65.0,MEASURED
197,20,records/game/balancingadjustment_survivalmode_enemies03.dbr,sm_mod,offensiveTotalDamageModifier,123.0,MEASURED
197,20,records/game/balancingadjustment_survivalmode_enemies03.dbr,sm_mod,retaliationTotalDamageModifier,110.0,MEASURED
197,20,records/game/balancingadjustment_survivalmode_enemies03.dbr,sm_mod,skillCooldownReduction,10.0,MEASURED
197,20,records/game/balancingadjustment_survivalmode_enemies03.dbr,sm_mod,spawnChampionMaxAdj,1.0,MEASURED
197,20,records/game/balancingadjustment_survivalmode_enemies03.dbr,sm_mod,spawnChampionMinAdj,1.0,MEASURED
197,20,records/game/balancingadjustment_survivalmode_enemies03.dbr,sm_mod,spawnMaxAdj,0.0,MEASURED
197,20,records/game/balancingadjustment_survivalmode_enemies03.dbr,sm_mod,spawnMinAdj,0.0,MEASURED
198,20,records/game/balancingadjustment_survivalmode_enemies03.dbr,sm_mod,characterAttackSpeedModifier,13.0,MEASURED
198,20,records/game/balancingadjustment_survivalmode_enemies03.dbr,sm_mod,characterDefensiveAbility,93.0,MEASURED
198,20,records/game/balancingadjustment_survivalmode_enemies03.dbr,sm_mod,characterDefensiveAbilityModifier,6.0,MEASURED
198,20,records/game/balancingadjustment_survivalmode_enemies03.dbr,sm_mod,characterLifeModifier,940.0,MEASURED
198,20,records/game/balancingadjustment_survivalmode_enemies03.dbr,sm_mod,characterLifeRegenModifier,107.0,MEASURED
198,20,records/game/balancingadjustment_survivalmode_enemies03.dbr,sm_mod,characterManaRegenModifier,107.0,MEASURED
198,20,records/game/balancingadjustment_survivalmode_enemies03.dbr,sm_mod,characterOffensiveAbility,81.0,MEASURED
198,20,records/game/balancingadjustment_survivalmode_enemies03.dbr,sm_mod,characterOffensiveAbilityModifier,5.0,MEASURED
198,20,records/game/balancingadjustment_survivalmode_enemies03.dbr,sm_mod,characterPercentHealIncreaseModifier,-60.0,MEASURED
198,20,records/game/balancingadjustment_survivalmode_enemies03.dbr,sm_mod,characterSpellCastSpeedModifier,13.0,MEASURED
198,20,records/game/balancingadjustment_survivalmode_enemies03.dbr,sm_mod,defensivePercentCurrentLife,10.0,MEASURED
198,20,records/game/balancingadjustment_survivalmode_enemies03.dbr,sm_mod,offensiveCritDamageModifier,33.0,MEASURED
198,20,records/game/balancingadjustment_survivalmode_enemies03.dbr,sm_mod,offensivePhysicalModifier,-44.0,MEASURED
198,20,records/game/balancingadjustment_survivalmode_enemies03.dbr,sm_mod,offensiveSlowBleedingModifier,-65.0,MEASURED
198,20,records/game/balancingadjustment_survivalmode_enemies03.dbr,sm_mod,offensiveSlowColdModifier,-65.0,MEASURED
198,20,records/game/balancingadjustment_survivalmode_enemies03.dbr,sm_mod,offensiveSlowFireModifier,-65.0,MEASURED
198,20,records/game/balancingadjustment_survivalmode_enemies03.dbr,sm_mod,offensiveSlowLifeModifier,-65.0,MEASURED
198,20,records/game/balancingadjustment_survivalmode_enemies03.dbr,sm_mod,offensiveSlowLightningModifier,-65.0,MEASURED
198,20,records/game/balancingadjustment_survivalmode_enemies03.dbr,sm_mod,offensiveSlowPhysicalModifier,-65.0,MEASURED
198,20,records/game/balancingadjustment_survivalmode_enemies03.dbr,sm_mod,offensiveSlowPoisonModifier,-65.0,MEASURED
198,20,records/game/balancingadjustment_survivalmode_enemies03.dbr,sm_mod,offensiveTotalDamageModifier,124.0,MEASURED
198,20,records/game/balancingadjustment_survivalmode_enemies03.dbr,sm_mod,retaliationTotalDamageModifier,110.0,MEASURED
198,20,records/game/balancingadjustment_survivalmode_enemies03.dbr,sm_mod,skillCooldownReduction,10.0,MEASURED
198,20,records/game/balancingadjustment_survivalmode_enemies03.dbr,sm_mod,spawnChampionMaxAdj,1.0,MEASURED
198,20,records/game/balancingadjustment_survivalmode_enemies03.dbr,sm_mod,spawnChampionMinAdj,1.0,MEASURED
198,20,records/game/balancingadjustment_survivalmode_enemies03.dbr,sm_mod,spawnMaxAdj,0.0,MEASURED
198,20,records/game/balancingadjustment_survivalmode_enemies03.dbr,sm_mod,spawnMinAdj,0.0,MEASURED
199,20,records/game/balancingadjustment_survivalmode_enemies03.dbr,sm_mod,characterAttackSpeedModifier,13.0,MEASURED
199,20,records/game/balancingadjustment_survivalmode_enemies03.dbr,sm_mod,characterDefensiveAbility,94.0,MEASURED
199,20,records/game/balancingadjustment_survivalmode_enemies03.dbr,sm_mod,characterDefensiveAbilityModifier,6.0,MEASURED
199,20,records/game/balancingadjustment_survivalmode_enemies03.dbr,sm_mod,characterLifeModifier,965.0,MEASURED
199,20,records/game/balancingadjustment_survivalmode_enemies03.dbr,sm_mod,characterLifeRegenModifier,108.0,MEASURED
199,20,records/game/balancingadjustment_survivalmode_enemies03.dbr,sm_mod,characterManaRegenModifier,108.0,MEASURED
199,20,records/game/balancingadjustment_survivalmode_enemies03.dbr,sm_mod,characterOffensiveAbility,82.0,MEASURED
199,20,records/game/balancingadjustment_survivalmode_enemies03.dbr,sm_mod,characterOffensiveAbilityModifier,5.0,MEASURED
199,20,records/game/balancingadjustment_survivalmode_enemies03.dbr,sm_mod,characterPercentHealIncreaseModifier,-60.0,MEASURED
199,20,records/game/balancingadjustment_survivalmode_enemies03.dbr,sm_mod,characterSpellCastSpeedModifier,13.0,MEASURED
199,20,records/game/balancingadjustment_survivalmode_enemies03.dbr,sm_mod,defensivePercentCurrentLife,10.0,MEASURED
199,20,records/game/balancingadjustment_survivalmode_enemies03.dbr,sm_mod,offensiveCritDamageModifier,33.0,MEASURED
199,20,records/game/balancingadjustment_survivalmode_enemies03.dbr,sm_mod,offensivePhysicalModifier,-44.0,MEASURED
199,20,records/game/balancingadjustment_survivalmode_enemies03.dbr,sm_mod,offensiveSlowBleedingModifier,-65.0,MEASURED
199,20,records/game/balancingadjustment_survivalmode_enemies03.dbr,sm_mod,offensiveSlowColdModifier,-65.0,MEASURED
199,20,records/game/balancingadjustment_survivalmode_enemies03.dbr,sm_mod,offensiveSlowFireModifier,-65.0,MEASURED
199,20,records/game/balancingadjustment_survivalmode_enemies03.dbr,sm_mod,offensiveSlowLifeModifier,-65.0,MEASURED
199,20,records/game/balancingadjustment_survivalmode_enemies03.dbr,sm_mod,offensiveSlowLightningModifier,-65.0,MEASURED
199,20,records/game/balancingadjustment_survivalmode_enemies03.dbr,sm_mod,offensiveSlowPhysicalModifier,-65.0,MEASURED
199,20,records/game/balancingadjustment_survivalmode_enemies03.dbr,sm_mod,offensiveSlowPoisonModifier,-65.0,MEASURED
199,20,records/game/balancingadjustment_survivalmode_enemies03.dbr,sm_mod,offensiveTotalDamageModifier,125.0,MEASURED
199,20,records/game/balancingadjustment_survivalmode_enemies03.dbr,sm_mod,retaliationTotalDamageModifier,110.0,MEASURED
199,20,records/game/balancingadjustment_survivalmode_enemies03.dbr,sm_mod,skillCooldownReduction,10.0,MEASURED
199,20,records/game/balancingadjustment_survivalmode_enemies03.dbr,sm_mod,spawnChampionMaxAdj,1.0,MEASURED
199,20,records/game/balancingadjustment_survivalmode_enemies03.dbr,sm_mod,spawnChampionMinAdj,1.0,MEASURED
199,20,records/game/balancingadjustment_survivalmode_enemies03.dbr,sm_mod,spawnMaxAdj,0.0,MEASURED
199,20,records/game/balancingadjustment_survivalmode_enemies03.dbr,sm_mod,spawnMinAdj,0.0,MEASURED
200,20,records/game/balancingadjustment_survivalmode_enemies03.dbr,sm_mod,characterAttackSpeedModifier,13.0,MEASURED
200,20,records/game/balancingadjustment_survivalmode_enemies03.dbr,sm_mod,characterDefensiveAbility,95.0,MEASURED
200,20,records/game/balancingadjustment_survivalmode_enemies03.dbr,sm_mod,characterDefensiveAbilityModifier,6.0,MEASURED
200,20,records/game/balancingadjustment_survivalmode_enemies03.dbr,sm_mod,characterLifeModifier,990.0,MEASURED
200,20,records/game/balancingadjustment_survivalmode_enemies03.dbr,sm_mod,characterLifeRegenModifier,110.0,MEASURED
200,20,records/game/balancingadjustment_survivalmode_enemies03.dbr,sm_mod,characterManaRegenModifier,110.0,MEASURED
200,20,records/game/balancingadjustment_survivalmode_enemies03.dbr,sm_mod,characterOffensiveAbility,83.0,MEASURED
200,20,records/game/balancingadjustment_survivalmode_enemies03.dbr,sm_mod,characterOffensiveAbilityModifier,5.0,MEASURED
200,20,records/game/balancingadjustment_survivalmode_enemies03.dbr,sm_mod,characterPercentHealIncreaseModifier,-60.0,MEASURED
200,20,records/game/balancingadjustment_survivalmode_enemies03.dbr,sm_mod,characterSpellCastSpeedModifier,13.0,MEASURED
200,20,records/game/balancingadjustment_survivalmode_enemies03.dbr,sm_mod,defensivePercentCurrentLife,10.0,MEASURED
200,20,records/game/balancingadjustment_survivalmode_enemies03.dbr,sm_mod,offensiveCritDamageModifier,33.0,MEASURED
200,20,records/game/balancingadjustment_survivalmode_enemies03.dbr,sm_mod,offensivePhysicalModifier,-50.0,MEASURED
200,20,records/game/balancingadjustment_survivalmode_enemies03.dbr,sm_mod,offensiveSlowBleedingModifier,-65.0,MEASURED
200,20,records/game/balancingadjustment_survivalmode_enemies03.dbr,sm_mod,offensiveSlowColdModifier,-65.0,MEASURED
200,20,records/game/balancingadjustment_survivalmode_enemies03.dbr,sm_mod,offensiveSlowFireModifier,-65.0,MEASURED
200,20,records/game/balancingadjustment_survivalmode_enemies03.dbr,sm_mod,offensiveSlowLifeModifier,-65.0,MEASURED
200,20,records/game/balancingadjustment_survivalmode_enemies03.dbr,sm_mod,offensiveSlowLightningModifier,-65.0,MEASURED
200,20,records/game/balancingadjustment_survivalmode_enemies03.dbr,sm_mod,offensiveSlowPhysicalModifier,-65.0,MEASURED
200,20,records/game/balancingadjustment_survivalmode_enemies03.dbr,sm_mod,offensiveSlowPoisonModifier,-65.0,MEASURED
200,20,records/game/balancingadjustment_survivalmode_enemies03.dbr,sm_mod,offensiveTotalDamageModifier,130.0,MEASURED
200,20,records/game/balancingadjustment_survivalmode_enemies03.dbr,sm_mod,retaliationTotalDamageModifier,110.0,MEASURED
200,20,records/game/balancingadjustment_survivalmode_enemies03.dbr,sm_mod,skillCooldownReduction,10.0,MEASURED
200,20,records/game/balancingadjustment_survivalmode_enemies03.dbr,sm_mod,spawnChampionMaxAdj,1.0,MEASURED
200,20,records/game/balancingadjustment_survivalmode_enemies03.dbr,sm_mod,spawnChampionMinAdj,1.0,MEASURED
200,20,records/game/balancingadjustment_survivalmode_enemies03.dbr,sm_mod,spawnMaxAdj,0.0,MEASURED
200,20,records/game/balancingadjustment_survivalmode_enemies03.dbr,sm_mod,spawnMinAdj,0.0,MEASURED
