record,in_pool,is_summon_body,summoner,level_set,level_lo,level_hi,level_grade,bio_record,life_equation,monster_class,winner_archive,base_life_lo,base_life_hi,life_passive_pct_lo,life_passive_pct_hi,own_total_damage_modifier_pct_lo,own_total_damage_modifier_sources_lo,pool_records,pool_kinds,waves_pooled,life_grade,damage_grade
records/creatures/anomalies/aetheranomaly_01_summon.dbr,0,1,records/creatures/enemies/hero/human_ascended_h01.dbr|records/creatures/enemies/hero/human_ascended_h02.dbr|records/creatures/enemies/hero/human_ascended_h03.dbr|records/creatures/enemies/hero/human_ascended_h04.dbr|records/creatures/enemies/hero/human_ascended_h05.dbr,107|108,107,108,DERIVED-INHERITED,records/creatures/enemies/bios/bio_trap_fireflare_01.dbr,((charLevel*10)^1.25)+60,Common,gdx1,6179.6942,6251.2693,0.0,0.0,0.0,,,,,MEASURED,MEASURED
records/creatures/anomalies/eldritchground.dbr,0,1,records/creatures/enemies/devotion/gargoyle_h01.dbr|records/creatures/enemies/devotion/gargoyle_h02.dbr|records/creatures/enemies/devotion/gargoyle_h03.dbr|records/creatures/enemies/devotion/gargoyle_h04.dbr|records/creatures/enemies/hero/gargoyle_h01.dbr|records/creatures/enemies/hero/gargoyle_h02.dbr|records/creatures/enemies/hero/gargoyle_h03.dbr|records/creatures/enemies/hero/gargoyle_h04.dbr|records/creatures/enemies/hero/gargoyle_h05.dbr,107|108,107,108,DERIVED-INHERITED,records/creatures/enemies/bios/bio_trap_fireflare_01.dbr,((charLevel*10)^1.25)+60,Common,gdx2,6179.6942,6251.2693,0.0,0.0,16.0,damage_totaladjuster.dbr[3]=16.0(IN-RANGE),,,,MEASURED,MEASURED
records/creatures/anomalies/sandstorm.dbr,0,1,records/creatures/enemies/boss&quest/scorpion_desertboss.dbr|records/creatures/enemies/boss&quest/scorpion_desertboss_02.dbr,106|107|108,106,108,DERIVED-INHERITED,records/creatures/enemies/bios/bio_trap_fireflare_01.dbr,((charLevel*10)^1.25)+60,Common,gdx2,6108.2862,6251.2693,0.0,0.0,16.0,damage_totaladjuster.dbr[3]=16.0(IN-RANGE),,,,MEASURED,MEASURED
records/creatures/enemies/aetherialbloater_b01_summon.dbr,0,1,records/creatures/enemies/boss&quest/aetherialcolossus_galakros.dbr,106|107|108,106,108,DERIVED-INHERITED,records/creatures/enemies/bios/bio_aetherialbloater_b01.dbr,((charLevel*27)^1.33)+150,Champion,sm1,39720.4152,40716.4871,103.0,121.0,49.0,damage_totaladjuster.dbr[5]=24.0(IN-RANGE) armorbase04.dbr[105]=25.0(IN-RANGE),,,,MEASURED,MEASURED
records/creatures/enemies/aetherialbloater_c01_summon.dbr,0,1,records/creatures/enemies/boss&quest/aetherialcolossus_galakros.dbr,106|107|108,106,108,DERIVED-INHERITED,records/creatures/enemies/bios/bio_aetherialbloater_c01.dbr,((charLevel*31)^1.33)+150,Champion,sm1,47701.8977,48898.8806,103.0,121.0,49.0,damage_totaladjuster.dbr[5]=24.0(IN-RANGE) armorbase04.dbr[105]=25.0(IN-RANGE),,,,MEASURED,MEASURED
records/creatures/enemies/aetherialcorruption_a01.dbr,1,0,,102|103,102,103,MEASURED-SET,records/creatures/enemies/bios/bio_aetherialcorruption_a01.dbr,((charLevel*14)^1.33)+50,Common,sm1,15745.9829,15950.9765,61.0,69.0,46.0,damage_totaladjuster.dbr[3]=16.0(IN-RANGE) armorbase02.dbr[101]=30.0(IN-RANGE),records/proxies/poolsbasicgdx1/aetherialcorruption_t3.dbr,trash,174,MEASURED,MEASURED
records/creatures/enemies/aetherialcorruption_b01.dbr,1,0,,103|104,103,104,MEASURED-SET,records/creatures/enemies/bios/bio_aetherialcorruption_b01.dbr,((charLevel*20)^1.33)+50,Champion,sm1,25603.0887,25933.5735,78.0,86.0,45.0,damage_totaladjuster.dbr[4]=20.0(IN-RANGE) armorbase03.dbr[102]=25.0(IN-RANGE),records/proxies/poolsbasicgdx1/aetherialcorruption_t3.dbr,trash,174,MEASURED,MEASURED
records/creatures/enemies/aetherialcorruption_b02.dbr,1,0,,103|104,103,104,MEASURED-SET,records/creatures/enemies/bios/bio_aetherialcorruption_b01.dbr,((charLevel*20)^1.33)+50,Champion,sm1,25603.0887,25933.5735,78.0,86.0,45.0,damage_totaladjuster.dbr[4]=20.0(IN-RANGE) armorbase03.dbr[102]=25.0(IN-RANGE),records/proxies/poolsbasicgdx1/aetherialcorruption_t3.dbr,trash,174,MEASURED,MEASURED
records/creatures/enemies/aetherialcorruption_b03.dbr,1,0,,103|104,103,104,MEASURED-SET,records/creatures/enemies/bios/bio_aetherialcorruption_b01.dbr,((charLevel*20)^1.33)+50,Champion,sm1,25603.0887,25933.5735,78.0,86.0,45.0,damage_totaladjuster.dbr[4]=20.0(IN-RANGE) armorbase03.dbr[102]=25.0(IN-RANGE),records/proxies/poolsbasicgdx1/aetherialcorruption_t3.dbr,trash,174,MEASURED,MEASURED
records/creatures/enemies/aetherialcorruption_c01.dbr,1,0,,104|105|106,104,106,MEASURED-SET,records/creatures/enemies/bios/bio_aetherialcorruption_c01.dbr,((charLevel*28)^1.33)+50,Champion,sm1,40542.4937,41581.4393,86.0,103.0,45.0,damage_totaladjuster.dbr[4]=20.0(IN-RANGE) armorbase03.dbr[103]=25.0(IN-RANGE),records/proxies/poolsbasicgdx1/aetherialcorruption_t3.dbr,trash,174,MEASURED,MEASURED
records/creatures/enemies/beaverriver_a01.dbr,1,0,,103|104,103,104,MEASURED-SET,records/creatures/enemies/bios/bio_beaver_a01.dbr,((charLevel*6)^1.28)+15,Common,sm3,3751.5023,3797.9994,69.0,74.0,38.0,damage_totaladjuster.dbr[1]=8.0(IN-RANGE) armorbase01.dbr[102]=30.0(IN-RANGE),records/proxies/poolsbasicgdx3/beaver_t3.dbr,trash,178,MEASURED,MEASURED
records/creatures/enemies/beaverriver_b01.dbr,1,0,,104|105|106,104,106,MEASURED-SET,records/creatures/enemies/bios/bio_beaver_b01.dbr,((charLevel*12)^1.28)+30,Champion,sm3,9216.5971,9443.3347,74.0,88.0,38.0,damage_totaladjuster.dbr[1]=8.0(IN-RANGE) armorbase02.dbr[103]=30.0(IN-RANGE),records/proxies/poolsbasicgdx3/beaver_t3.dbr,trash,178,MEASURED,MEASURED
records/creatures/enemies/beetle_a00_summon.dbr,0,1,records/creatures/enemies/beetle_b01.dbr,103|104,103,104,DERIVED-INHERITED,records/creatures/enemies/bios/bio_beetle_a00_summon.dbr,((charLevel*6)^1.28)+25,Common,sm2,3761.5023,3807.9994,69.0,74.0,113.0,damage_totaladjuster.dbr[1]=8.0(IN-RANGE) armorbase02.dbr[102]=30.0(IN-RANGE) genericphysical_charge.dbr[4]=75.0(CLAMPED-HIGH),,,,MEASURED,MEASURED
records/creatures/enemies/beetle_a01.dbr,1,0,,103|104,103,104,MEASURED-SET,records/creatures/enemies/bios/bio_beetle_a01.dbr,((charLevel*9)^1.33)+25,Common,sm2,8860.1931,8974.461,69.0,74.0,113.0,damage_totaladjuster.dbr[1]=8.0(IN-RANGE) armorbase02.dbr[102]=30.0(IN-RANGE) genericphysical_charge.dbr[4]=75.0(CLAMPED-HIGH),records/proxies/poolsbasicgdx2/beetle_t3.dbr,trash,178,MEASURED,MEASURED
records/creatures/enemies/beetle_b01.dbr,1,0,,103|104,103,104,MEASURED-SET,records/creatures/enemies/bios/bio_beetle_b01.dbr,((charLevel*14)^1.33)+45,Champion,sm2,15945.9765,16151.628,78.0,86.0,33.0,damage_totaladjuster.dbr[1]=8.0(IN-RANGE) armorbase04.dbr[102]=25.0(IN-RANGE),records/proxies/poolsbasicgdx2/beetle_t3.dbr,trash,178,MEASURED,MEASURED
records/creatures/enemies/beetle_b02.dbr,1,0,,103|104,103,104,MEASURED-SET,records/creatures/enemies/bios/bio_beetle_b01.dbr,((charLevel*14)^1.33)+45,Champion,sm2,15945.9765,16151.628,78.0,86.0,33.0,damage_totaladjuster.dbr[1]=8.0(IN-RANGE) armorbase04.dbr[102]=25.0(IN-RANGE),records/proxies/poolsbasicgdx2/beetle_t3.dbr,trash,178,MEASURED,MEASURED
records/creatures/enemies/beetle_c01.dbr,1,0,,104|105|106,104,106,MEASURED-SET,records/creatures/enemies/bios/bio_beetle_c01.dbr,((charLevel*20)^1.33)+60,Champion,sm2,25943.5735,26607.6874,86.0,103.0,49.0,damage_totaladjuster.dbr[5]=24.0(IN-RANGE) armorbase04.dbr[103]=25.0(IN-RANGE),records/proxies/poolsbasicgdx2/beetle_t3.dbr,trash,178,MEASURED,MEASURED
records/creatures/enemies/beetlemaggotsmall_generator.dbr,0,1,records/creatures/enemies/mummy_c01.dbr,104|105|106,104,106,DERIVED-INHERITED,records/creatures/enemies/bios/bio_beetle_a00_summon.dbr,((charLevel*6)^1.28)+25,Common,sm2,3807.9994,3901.369,74.0,88.0,38.0,damage_totaladjuster.dbr[1]=8.0(IN-RANGE) armorbase01.dbr[103]=30.0(IN-RANGE),,,,MEASURED,MEASURED
records/creatures/enemies/beetlemaggotsmallfire_generator.dbr,0,1,records/creatures/enemies/mummy_c02.dbr,104|105|106,104,106,DERIVED-INHERITED,records/creatures/enemies/bios/bio_beetle_a00_summon.dbr,((charLevel*6)^1.28)+25,Common,sm2,3807.9994,3901.369,74.0,88.0,38.0,damage_totaladjuster.dbr[1]=8.0(IN-RANGE) armorbase01.dbr[103]=30.0(IN-RANGE),,,,MEASURED,MEASURED
records/creatures/enemies/boss&quest/aetherial_enclave_sideboss01.dbr,1,0,,106|107|108,106,108,MEASURED-SET,records/creatures/enemies/bios/bio_boss_aetherialroguelike_vanaldritch_01.dbr,((charLevel*46)^1.5)+10000,Quest,sm1,350483.0882,360164.7144,103.0,121.0,83.0,damage_totaladjuster.dbr[3]=16.0(IN-RANGE) armorbase05.dbr[105]=25.0(IN-RANGE) malmouthenclave_councilstorm.dbr[26]=42.0(IN-RANGE),records/proxies/poolsbossgdx1/aetherialenclave.dbr,BOSS,177,MEASURED,MEASURED
records/creatures/enemies/boss&quest/aetherial_enclave_sideboss02.dbr,1,0,,106|107|108,106,108,MEASURED-SET,records/creatures/enemies/bios/bio_boss_aetherialroguelike_reanimator_01.dbr,((charLevel*42)^1.5)+5000,Quest,sm1,302052.1729,310498.8423,103.0,121.0,83.0,damage_totaladjuster.dbr[3]=16.0(IN-RANGE) armorbase05.dbr[105]=25.0(IN-RANGE) malmouthenclave_councilstorm.dbr[26]=42.0(IN-RANGE),records/proxies/poolsbossgdx1/aetherialenclave.dbr,BOSS,177,MEASURED,MEASURED
records/creatures/enemies/boss&quest/aetherial_enclave_sideboss03.dbr,1,0,,106|107|108,106,108,MEASURED-SET,records/creatures/enemies/bios/bio_boss_aetherialroguelike_reanimator_02.dbr,((charLevel*42)^1.5)+5000,Quest,sm1,302052.1729,310498.8423,103.0,121.0,83.0,damage_totaladjuster.dbr[3]=16.0(IN-RANGE) armorbase05.dbr[105]=25.0(IN-RANGE) malmouthenclave_councilstorm.dbr[26]=42.0(IN-RANGE),records/proxies/poolsbossgdx1/aetherialenclave.dbr,BOSS,177,MEASURED,MEASURED
records/creatures/enemies/boss&quest/aetherial_final02.dbr,1,0,,106|107|108,106,108,MEASURED-SET,records/creatures/enemies/bios/bio_boss_aetherialfinal_02.dbr,((charLevel*33)^1.5)+500,Quest,sm1,207385.3354,213268.1136,103.0,121.0,45.0,damage_totaladjuster.dbr[4]=20.0(IN-RANGE) armorbase05.dbr[105]=25.0(IN-RANGE),records/proxies/poolsbossgdx1/aetherialfinal.dbr,BOSS,180,MEASURED,MEASURED
records/creatures/enemies/boss&quest/aetherialcolossus_galakros.dbr,1,0,,106|107|108,106,108,MEASURED-SET,records/creatures/enemies/bios/bio_boss_aetherial_colossusgalakros.dbr,((charLevel*33)^1.5)+500,Quest,sm1,207385.3354,213268.1136,103.0,121.0,81.0,damage_totaladjuster.dbr[3]=16.0(IN-RANGE) armorbase05.dbr[105]=25.0(IN-RANGE) galakros_enrage.dbr=40.0,records/proxies/poolsbossgdx1/aetherialcolossus_galakros.dbr,BOSS,173,MEASURED,MEASURED
records/creatures/enemies/boss&quest/avian_worldtear_01.dbr,1,0,,106|107|108,106,108,MEASURED-SET,records/creatures/enemies/bios/bio_boss_avian_worldtear_01.dbr,((charLevel*33)^1.5)+500,Quest,sm3,207385.3354,213268.1136,103.0,121.0,49.0,damage_totaladjuster.dbr[5]=24.0(IN-RANGE) armorbase05.dbr[105]=25.0(IN-RANGE),records/proxies/poolsbossgdx3/avian_worldtear.dbr,BOSS,175,MEASURED,MEASURED
records/creatures/enemies/boss&quest/avian_worldtear_01b.dbr,1,0,,106|107|108,106,108,MEASURED-SET,records/creatures/enemies/bios/bio_boss_avian_worldtear_01.dbr,((charLevel*33)^1.5)+500,Quest,sm3,207385.3354,213268.1136,103.0,121.0,49.0,damage_totaladjuster.dbr[5]=24.0(IN-RANGE) armorbase05.dbr[105]=25.0(IN-RANGE),records/proxies/poolsbossgdx3/avian_worldtear.dbr,BOSS,175,MEASURED,MEASURED
records/creatures/enemies/boss&quest/banditminiboss_arkovianruins_01.dbr,1,0,,106|107|108,106,108,MEASURED-SET,records/creatures/enemies/bios/bio_boss_outlaw_arkovianruins_01.dbr,((charLevel*30)^1.5)+500,Quest,sm2,179824.9341,184924.0331,103.0,121.0,41.0,damage_totaladjuster.dbr[3]=16.0(IN-RANGE) armorbase05.dbr[105]=25.0(IN-RANGE),records/proxies/poolsbossgdx2/outlaw_arkoviandocks.dbr,BOSS,174,MEASURED,MEASURED
records/creatures/enemies/boss&quest/beetle_desert01.dbr,1,0,,106|107|108,106,108,MEASURED-SET,records/creatures/enemies/bios/bio_boss_beetle_01.dbr,((charLevel*30)^1.5)+500,Quest,sm2,179824.9341,184924.0331,103.0,121.0,41.0,damage_totaladjuster.dbr[3]=16.0(IN-RANGE) armorbase05.dbr[105]=25.0(IN-RANGE),records/proxies/poolsbossgdx2/beetle_desert.dbr,BOSS,179,MEASURED,MEASURED
records/creatures/enemies/boss&quest/beronathfinal_01.dbr,1,0,,106|107|108,106,108,MEASURED-SET,records/creatures/enemies/bios/bio_boss_beronathfinal_01.dbr,((charLevel*33)^1.5)+500,Quest,sm3,207385.3354,213268.1136,103.0,121.0,49.0,damage_totaladjuster.dbr[5]=24.0(IN-RANGE) armorbase05.dbr[105]=25.0(IN-RANGE),records/proxies/poolsbossgdx3/beronath.dbr,BOSS,180,MEASURED,MEASURED
records/creatures/enemies/boss&quest/chthonianherald_prodromus_01.dbr,1,0,,106|107|108,106,108,MEASURED-SET,records/creatures/enemies/bios/bio_boss_prodromus_01.dbr,((charLevel*33)^1.5)+500,Quest,sm3,207385.3354,213268.1136,103.0,121.0,49.0,damage_totaladjuster.dbr[5]=24.0(IN-RANGE) armorbase05.dbr[105]=25.0(IN-RANGE),records/proxies/poolsbossgdx3/chthonianherald_prodromus.dbr,BOSS,180,MEASURED,MEASURED
records/creatures/enemies/boss&quest/chthonianherald_prodromus_01b.dbr,1,0,,106|107|108,106,108,MEASURED-SET,records/creatures/enemies/bios/bio_boss_prodromus_01.dbr,((charLevel*33)^1.5)+500,Quest,sm3,207385.3354,213268.1136,103.0,121.0,49.0,damage_totaladjuster.dbr[5]=24.0(IN-RANGE) armorbase05.dbr[105]=25.0(IN-RANGE),records/proxies/poolsbossgdx3/chthonianherald_prodromus.dbr,BOSS,180,MEASURED,MEASURED
records/creatures/enemies/boss&quest/chthonianservitor_lunalvalgoth.dbr,1,0,,106|107|108,106,108,MEASURED-SET,records/creatures/enemies/bios/bio_boss_chthonian_lunalvalgoth.dbr,((charLevel*30)^1.5)+500,Quest,sm1,179824.9341,184924.0331,103.0,121.0,41.0,damage_totaladjuster.dbr[3]=16.0(IN-RANGE) armorbase05.dbr[105]=25.0(IN-RANGE),records/proxies/poolsbossgdx1/chthonianservitor_lunalvalgoth.dbr,BOSS,178,MEASURED,MEASURED
records/creatures/enemies/boss&quest/chthonianservitor_rinnvalgoth.dbr,1,0,,106|107|108,106,108,MEASURED-SET,records/creatures/enemies/bios/bio_boss_chthonian_rinnvalgoth_01.dbr,((charLevel*30)^1.5)+500,Quest,sm3,179824.9341,184924.0331,103.0,121.0,49.0,damage_totaladjuster.dbr[5]=24.0(IN-RANGE) armorbase05.dbr[105]=25.0(IN-RANGE),records/proxies/poolsbossgdx3/chthonianservitor_rinnvalgoth.dbr,BOSS,178,MEASURED,MEASURED
records/creatures/enemies/boss&quest/cultist_burrwitchcathedral_01.dbr,1,0,,106|107|108,106,108,MEASURED-SET,records/creatures/enemies/bios/bio_boss_chthoniancultist_burrwitchcathedral_01.dbr,((charLevel*30)^1.5)+500,Quest,sm2,179824.9341,184924.0331,103.0,121.0,41.0,damage_totaladjuster.dbr[3]=16.0(IN-RANGE) armorbase05.dbr[105]=25.0(IN-RANGE),records/proxies/poolsbossgdx2/cthoniccultist_burrwitchcathedral.dbr,BOSS,173|174,MEASURED,MEASURED
records/creatures/enemies/boss&quest/cultist_captain_01.dbr,1,0,,106|107|108,106,108,MEASURED-SET,records/creatures/enemies/bios/bio_boss_cultistcaptain_01.dbr,((charLevel*28)^1.5)+100,Quest,sm_mod,161794.7223,166392.5068,103.0,121.0,41.0,damage_totaladjuster.dbr[3]=16.0(IN-RANGE) armorbase05.dbr[105]=25.0(IN-RANGE),records/proxies/poolsboss/chthonian_bolvar.dbr,BOSS,174,MEASURED,MEASURED
records/creatures/enemies/boss&quest/cultist_cultleader_01.dbr,1,0,,106|107|108,106,108,MEASURED-SET,records/creatures/enemies/bios/bio_boss_cultistleader_01.dbr,((charLevel*32)^1.5)+100,Quest,sm_mod,197653.062,203270.4772,103.0,121.0,41.0,damage_totaladjuster.dbr[3]=16.0(IN-RANGE) armorbase05.dbr[105]=25.0(IN-RANGE),records/proxies/poolsboss/chthonian_bloodlord.dbr,BOSS,171,MEASURED,MEASURED
records/creatures/enemies/boss&quest/eldritcharmor_roguelike_02a.dbr,1,0,,106|107|108,106,108,MEASURED-SET,records/creatures/enemies/bios/bio_boss_roguelikefinal_01.dbr,((charLevel*33)^1.5)+500,Quest,sm3,207385.3354,213268.1136,103.0,121.0,41.0,damage_totaladjuster.dbr[3]=16.0(IN-RANGE) armorbase05.dbr[105]=25.0(IN-RANGE),records/proxies/poolsbossgdx3/tombheretic_morgoneth.dbr,BOSS,175,MEASURED,MEASURED
records/creatures/enemies/boss&quest/eldritcharmor_roguelike_02b.dbr,1,0,,106|107|108,106,108,MEASURED-SET,records/creatures/enemies/bios/bio_boss_roguelikefinal_01.dbr,((charLevel*33)^1.5)+500,Quest,sm3,207385.3354,213268.1136,103.0,121.0,41.0,damage_totaladjuster.dbr[3]=16.0(IN-RANGE) armorbase05.dbr[105]=25.0(IN-RANGE),records/proxies/poolsbossgdx3/tombheretic_morgoneth.dbr,BOSS,175,MEASURED,MEASURED
records/creatures/enemies/boss&quest/eldritcharmor_roguelikemagi_01.dbr,1,0,,106|107|108,106,108,MEASURED-SET,records/creatures/enemies/bios/bio_boss_roguelikemagi_01.dbr,((charLevel*26)^1.5)+500,Quest,sm3,145183.4379,149297.5071,103.0,121.0,41.0,damage_totaladjuster.dbr[3]=16.0(IN-RANGE) armorbase05.dbr[105]=25.0(IN-RANGE),records/proxies/poolsbossgdx3/tombheretic_magi.dbr,BOSS,177,MEASURED,MEASURED
records/creatures/enemies/boss&quest/eldritcharmor_roguelikemagi_02.dbr,1,0,,106|107|108,106,108,MEASURED-SET,records/creatures/enemies/bios/bio_boss_roguelikemagi_01.dbr,((charLevel*26)^1.5)+500,Quest,sm3,145183.4379,149297.5071,103.0,121.0,41.0,damage_totaladjuster.dbr[3]=16.0(IN-RANGE) armorbase05.dbr[105]=25.0(IN-RANGE),records/proxies/poolsbossgdx3/tombheretic_magi.dbr,BOSS,177,MEASURED,MEASURED
records/creatures/enemies/boss&quest/eldritcharmor_roguelikemagi_03.dbr,1,0,,106|107|108,106,108,MEASURED-SET,records/creatures/enemies/bios/bio_boss_roguelikemagi_01.dbr,((charLevel*26)^1.5)+500,Quest,sm3,145183.4379,149297.5071,103.0,121.0,41.0,damage_totaladjuster.dbr[3]=16.0(IN-RANGE) armorbase05.dbr[105]=25.0(IN-RANGE),records/proxies/poolsbossgdx3/tombheretic_magi.dbr,BOSS,177,MEASURED,MEASURED
records/creatures/enemies/boss&quest/eldritcharmor_roguelikemagi_04.dbr,1,0,,106|107|108,106,108,MEASURED-SET,records/creatures/enemies/bios/bio_boss_roguelikemagi_01.dbr,((charLevel*26)^1.5)+500,Quest,sm3,145183.4379,149297.5071,103.0,121.0,41.0,damage_totaladjuster.dbr[3]=16.0(IN-RANGE) armorbase05.dbr[105]=25.0(IN-RANGE),records/proxies/poolsbossgdx3/tombheretic_magi.dbr,BOSS,177,MEASURED,MEASURED
records/creatures/enemies/boss&quest/eldritcharmor_roguelikemagi_05.dbr,1,0,,106|107|108,106,108,MEASURED-SET,records/creatures/enemies/bios/bio_boss_roguelikemagi_01.dbr,((charLevel*26)^1.5)+500,Quest,sm3,145183.4379,149297.5071,103.0,121.0,41.0,damage_totaladjuster.dbr[3]=16.0(IN-RANGE) armorbase05.dbr[105]=25.0(IN-RANGE),records/proxies/poolsbossgdx3/tombheretic_magi.dbr,BOSS,177,MEASURED,MEASURED
records/creatures/enemies/boss&quest/eldritcharmor_roguelikemagi_06.dbr,1,0,,106|107|108,106,108,MEASURED-SET,records/creatures/enemies/bios/bio_boss_roguelikemagi_01.dbr,((charLevel*26)^1.5)+500,Quest,sm3,145183.4379,149297.5071,103.0,121.0,41.0,damage_totaladjuster.dbr[3]=16.0(IN-RANGE) armorbase05.dbr[105]=25.0(IN-RANGE),records/proxies/poolsbossgdx3/tombheretic_magi.dbr,BOSS,177,MEASURED,MEASURED
records/creatures/enemies/boss&quest/eldritcharmor_roguelikemagi_07.dbr,1,0,,106|107|108,106,108,MEASURED-SET,records/creatures/enemies/bios/bio_boss_roguelikemagi_01.dbr,((charLevel*26)^1.5)+500,Quest,sm3,145183.4379,149297.5071,103.0,121.0,41.0,damage_totaladjuster.dbr[3]=16.0(IN-RANGE) armorbase05.dbr[105]=25.0(IN-RANGE),records/proxies/poolsbossgdx3/tombheretic_magi.dbr,BOSS,177,MEASURED,MEASURED
records/creatures/enemies/boss&quest/eldritchhound_basaltcrags.dbr,1,0,,106|107|108,106,108,MEASURED-SET,records/creatures/enemies/bios/bio_boss_hound_basaltcrags_01.dbr,((charLevel*30)^1.5)+500,Quest,sm2,179824.9341,184924.0331,103.0,121.0,41.0,damage_totaladjuster.dbr[3]=16.0(IN-RANGE) armorbase05.dbr[105]=25.0(IN-RANGE),records/proxies/poolsbossgdx2/eldritchhound_basalt.dbr,BOSS,179,MEASURED,MEASURED
records/creatures/enemies/boss&quest/eldritchhound_gatheringpower.dbr,1,0,,106|107|108,106,108,MEASURED-SET,records/creatures/enemies/bios/bio_boss_hound_gatheringpower_01.dbr,((charLevel*30)^1.5)+500,Quest,sm2,179824.9341,184924.0331,103.0,121.0,41.0,damage_totaladjuster.dbr[3]=16.0(IN-RANGE) armorbase05.dbr[105]=25.0(IN-RANGE),records/proxies/poolsbossgdx2/eldritchhound_gatheringpower.dbr,BOSS,171,MEASURED,MEASURED
records/creatures/enemies/boss&quest/eldritchlizard_heartastribute_01.dbr,1,0,,106|107|108,106,108,MEASURED-SET,records/creatures/enemies/bios/bio_boss_lizard_heartastribute_01.dbr,((charLevel*30)^1.5)+500,Quest,sm2,179824.9341,184924.0331,103.0,121.0,81.0,damage_totaladjuster.dbr[3]=16.0(IN-RANGE) armorbase05.dbr[105]=25.0(IN-RANGE) onarix_enrage.dbr=40.0,records/proxies/poolsbossgdx2/eldritchlizard_heartastribute.dbr,BOSS,171,MEASURED,MEASURED
records/creatures/enemies/boss&quest/ghostcrab_mineboss_01.dbr,1,0,,106|107|108,106,108,MEASURED-SET,records/creatures/enemies/bios/bio_boss_swampcrab_roguelike01.dbr,((charLevel*33)^1.5)+500,Quest,sm1,207385.3354,213268.1136,103.0,121.0,41.0,damage_totaladjuster.dbr[3]=16.0(IN-RANGE) armorbase05.dbr[105]=25.0(IN-RANGE),records/proxies/poolsbossgdx1/ghostcrab_mine.dbr,BOSS,172,MEASURED,MEASURED
records/creatures/enemies/boss&quest/giant_fire_01.dbr,1,0,,106|107|108,106,108,MEASURED-SET,records/creatures/enemies/bios/bio_boss_giantfire_01.dbr,((charLevel*30)^1.5)+500,Quest,sm3,179824.9341,184924.0331,103.0,121.0,49.0,damage_totaladjuster.dbr[5]=24.0(IN-RANGE) armorbase05.dbr[105]=25.0(IN-RANGE),records/proxies/poolsbossgdx3/giant_fire.dbr,BOSS,174,MEASURED,MEASURED
records/creatures/enemies/boss&quest/giant_storm_01.dbr,1,0,,106|107|108,106,108,MEASURED-SET,records/creatures/enemies/bios/bio_boss_giantstorm_01.dbr,((charLevel*30)^1.5)+500,Quest,sm3,179824.9341,184924.0331,103.0,121.0,49.0,damage_totaladjuster.dbr[5]=24.0(IN-RANGE) armorbase05.dbr[105]=25.0(IN-RANGE),records/proxies/poolsbossgdx3/giant_storm.dbr,BOSS,174|179,MEASURED,MEASURED
records/creatures/enemies/boss&quest/gryphon_templeboss.dbr,1,0,,106|107|108,106,108,MEASURED-SET,records/creatures/enemies/bios/bio_boss_gryphontemple_01.dbr,((charLevel*30)^1.5)+500,Quest,sm2,179824.9341,184924.0331,103.0,121.0,41.0,damage_totaladjuster.dbr[3]=16.0(IN-RANGE) armorbase05.dbr[105]=25.0(IN-RANGE),records/proxies/poolsbossgdx2/gryphon_temple.dbr,BOSS,172,MEASURED,MEASURED
records/creatures/enemies/boss&quest/human_chthonickurn_blackheart_01.dbr,1,0,,106|107|108,106,108,MEASURED-SET,records/creatures/enemies/bios/bio_boss_blackheart_01.dbr,((charLevel*30)^1.5)+500,Quest,sm3,179824.9341,184924.0331,103.0,121.0,49.0,damage_totaladjuster.dbr[5]=24.0(IN-RANGE) armorbase05.dbr[105]=25.0(IN-RANGE),records/proxies/poolsbossgdx3/kurnchthonic_blackheart.dbr,BOSS,175,MEASURED,MEASURED
records/creatures/enemies/boss&quest/hypporaven_evernightvalley_01.dbr,1,0,,106|107|108,106,108,MEASURED-SET,records/creatures/enemies/bios/bio_boss_hypporaven_evernight_01.dbr,((charLevel*30)^1.5)+500,Quest,sm3,179824.9341,184924.0331,103.0,121.0,49.0,damage_totaladjuster.dbr[5]=24.0(IN-RANGE) armorbase05.dbr[105]=25.0(IN-RANGE),records/proxies/poolsbossgdx3/hypporaven_evernight.dbr,BOSS,172,MEASURED,MEASURED
records/creatures/enemies/boss&quest/korvaak_lieutenant_02.dbr,1,0,,106|107|108,106,108,MEASURED-SET,records/creatures/enemies/bios/bio_boss_kymonlieutenant_02.dbr,((charLevel*30)^1.5)+500,Quest,sm2,179824.9341,184924.0331,103.0,121.0,41.0,damage_totaladjuster.dbr[3]=16.0(IN-RANGE) armorbase05.dbr[105]=25.0(IN-RANGE),records/proxies/poolsbossgdx2/korvaakfinal.dbr,BOSS,180,MEASURED,MEASURED
records/creatures/enemies/boss&quest/korvaakfinal_02.dbr,1,0,,106|107|108,106,108,MEASURED-SET,records/creatures/enemies/bios/bio_boss_korvaakfinal_02.dbr,((charLevel*33)^1.5)+500,Quest,sm2,207385.3354,213268.1136,103.0,121.0,45.0,damage_totaladjuster.dbr[4]=20.0(IN-RANGE) armorbase05.dbr[105]=25.0(IN-RANGE),records/proxies/poolsbossgdx2/korvaakfinal.dbr,BOSS,180,MEASURED,MEASURED
records/creatures/enemies/boss&quest/lizard_desertboss.dbr,1,0,,106|107|108,106,108,MEASURED-SET,records/creatures/enemies/bios/bio_boss_titanovore_01.dbr,((charLevel*33)^1.5)+500,Quest,sm2,207385.3354,213268.1136,103.0,121.0,41.0,damage_totaladjuster.dbr[3]=16.0(IN-RANGE) armorbase05.dbr[105]=25.0(IN-RANGE),records/proxies/poolsbossgdx2/lizard_desert.dbr,BOSS,172,MEASURED,MEASURED
records/creatures/enemies/boss&quest/manticore_beastroguelike_01.dbr,1,0,,106|107|108,106,108,MEASURED-SET,records/creatures/enemies/bios/bio_boss_manticore_roguelike.dbr,((charLevel*30)^1.5)+500,Quest,sm3,179824.9341,184924.0331,103.0,121.0,41.0,damage_totaladjuster.dbr[3]=16.0(IN-RANGE) armorbase05.dbr[105]=25.0(IN-RANGE),records/proxies/poolsbossgdx3/beastroguelike_manticore.dbr,BOSS,171,MEASURED,MEASURED
records/creatures/enemies/boss&quest/mummy_osyr.dbr,1,0,,106|107|108,106,108,MEASURED-SET,records/creatures/enemies/bios/bio_boss_mummyosyr_01.dbr,((charLevel*30)^1.5)+500,Quest,sm2,179824.9341,184924.0331,103.0,121.0,41.0,damage_totaladjuster.dbr[3]=16.0(IN-RANGE) armorbase05.dbr[105]=25.0(IN-RANGE),records/proxies/poolsbossgdx2/mummy_osyr.dbr,BOSS,179,MEASURED,MEASURED
records/creatures/enemies/boss&quest/rhino_frozenwastes_01.dbr,1,0,,106|107|108,106,108,MEASURED-SET,records/creatures/enemies/bios/bio_boss_rhino_tundra_01.dbr,((charLevel*30)^1.5)+500,Quest,sm3,179824.9341,184924.0331,103.0,121.0,49.0,damage_totaladjuster.dbr[5]=24.0(IN-RANGE) armorbase05.dbr[105]=25.0(IN-RANGE),records/proxies/poolsbossgdx3/rhino_frozenwastes.dbr,BOSS,172,MEASURED,MEASURED
records/creatures/enemies/boss&quest/rokwind_01.dbr,1,0,,106|107|108,106,108,MEASURED-SET,records/creatures/enemies/bios/bio_boss_rok_wind_01.dbr,((charLevel*30)^1.5)+500,Quest,sm3,179824.9341,184924.0331,103.0,121.0,49.0,damage_totaladjuster.dbr[5]=24.0(IN-RANGE) armorbase05.dbr[105]=25.0(IN-RANGE),records/proxies/poolsbossgdx3/rok_wind.dbr,BOSS,179,MEASURED,MEASURED
records/creatures/enemies/boss&quest/scorpion_desertboss.dbr,1,0,,106|107|108,106,108,MEASURED-SET,records/creatures/enemies/bios/bio_boss_scorpion_desert_01.dbr,((charLevel*30)^1.5)+500,Quest,sm2,179824.9341,184924.0331,103.0,121.0,41.0,damage_totaladjuster.dbr[3]=16.0(IN-RANGE) armorbase05.dbr[105]=25.0(IN-RANGE),records/proxies/poolsbossgdx2/scorpion_desert.dbr,BOSS,178,MEASURED,MEASURED
records/creatures/enemies/boss&quest/scorpion_desertboss_02.dbr,1,0,,106|107|108,106,108,MEASURED-SET,records/creatures/enemies/bios/bio_boss_scorpion_desert_01.dbr,((charLevel*30)^1.5)+500,Quest,sm2,179824.9341,184924.0331,103.0,121.0,41.0,damage_totaladjuster.dbr[3]=16.0(IN-RANGE) armorbase05.dbr[105]=25.0(IN-RANGE),records/proxies/poolsbossgdx2/scorpion_desert.dbr,BOSS,178,MEASURED,MEASURED
records/creatures/enemies/boss&quest/skeletalgolem_stepsoftorment_01.dbr,1,0,,106|107|108,106,108,MEASURED-SET,records/creatures/enemies/bios/bio_boss_stepsoftorment_golem_phase01.dbr,((charLevel*21)^1.5)+80,Quest,sm_mod,105103.8029,108090.1515,103.0,121.0,81.0,damage_totaladjuster.dbr[3]=16.0(IN-RANGE) armorbase05.dbr[105]=25.0(IN-RANGE) ilgorr_rally.dbr=40.0,records/proxies/poolsboss/skeletalgolem_ilgorr.dbr,BOSS,179,MEASURED,MEASURED
records/creatures/enemies/boss&quest/statue_korvaaktombguardian.dbr,1,0,,106|107|108,106,108,MEASURED-SET,records/creatures/enemies/bios/bio_boss_tombguardian.dbr,((charLevel*33)^1.5)+500,Quest,sm2,207385.3354,213268.1136,103.0,121.0,49.0,damage_totaladjuster.dbr[5]=24.0(IN-RANGE) armorbase05.dbr[105]=25.0(IN-RANGE),records/proxies/poolsbossgdx2/korvaaktombguardian.dbr,BOSS,176,MEASURED,MEASURED
records/creatures/enemies/boss&quest/statue_roguelike_entranceguardian_01.dbr,1,0,,106|107|108,106,108,MEASURED-SET,records/creatures/enemies/bios/bio_boss_roguelikeguardian_01.dbr,((charLevel*33)^1.5)+500,Quest,sm3,207385.3354,213268.1136,103.0,121.0,49.0,damage_totaladjuster.dbr[5]=24.0(IN-RANGE) armorbase05.dbr[105]=25.0(IN-RANGE),records/proxies/poolsbossgdx3/tombheretic_statue.dbr,BOSS,176,MEASURED,MEASURED
records/creatures/enemies/boss&quest/swampcrab_ugdenbog_01.dbr,1,0,,106|107|108,106,108,MEASURED-SET,records/creatures/enemies/bios/bio_boss_swampcrab_darkwood01.dbr,((charLevel*33)^1.5)+500,Quest,sm1,207385.3354,213268.1136,103.0,121.0,41.0,damage_totaladjuster.dbr[3]=16.0(IN-RANGE) armorbase05.dbr[105]=25.0(IN-RANGE),records/proxies/poolsbossgdx1/swampcrab_carraxus.dbr,BOSS,178,MEASURED,MEASURED
records/creatures/enemies/boss&quest/swampgolem_bargoll.dbr,1,0,,106|107|108,106,108,MEASURED-SET,records/creatures/enemies/bios/bio_boss_swampgolem_bargoll.dbr,((charLevel*33)^1.5)+500,Quest,sm1,207385.3354,213268.1136,103.0,121.0,81.0,damage_totaladjuster.dbr[3]=16.0(IN-RANGE) armorbase05.dbr[105]=25.0(IN-RANGE) bargoll_enrage.dbr=40.0,records/proxies/poolsbossgdx1/swampgolem_bargoll.dbr,BOSS,173,MEASURED,MEASURED
records/creatures/enemies/boss&quest/swampgolem_roguelike_01.dbr,1,0,,106|107|108,106,108,MEASURED-SET,records/creatures/enemies/bios/bio_boss_swampgolem_roguelike01.dbr,((charLevel*30)^1.5)+500,Quest,sm3,179824.9341,184924.0331,103.0,121.0,41.0,damage_totaladjuster.dbr[3]=16.0(IN-RANGE) armorbase05.dbr[105]=25.0(IN-RANGE),records/proxies/poolsbossgdx3/beastroguelike_gargabol.dbr,BOSS,175,MEASURED,MEASURED
records/creatures/enemies/boss&quest/swampgolem_roguelike_01b.dbr,1,0,,106|107|108,106,108,MEASURED-SET,records/creatures/enemies/bios/bio_boss_swampgolem_roguelike01.dbr,((charLevel*30)^1.5)+500,Quest,sm3,179824.9341,184924.0331,103.0,121.0,41.0,damage_totaladjuster.dbr[3]=16.0(IN-RANGE) armorbase05.dbr[105]=25.0(IN-RANGE),records/proxies/poolsbossgdx3/beastroguelike_gargabol.dbr,BOSS,175,MEASURED,MEASURED
records/creatures/enemies/boss&quest/warden01.dbr,1,0,,106|107|108,106,108,MEASURED-SET,records/creatures/enemies/bios/bio_boss_warden_01.dbr,((charLevel*26)^1.5)+50,Quest,sm_mod,144733.4379,148847.5071,103.0,121.0,41.0,damage_totaladjuster.dbr[3]=16.0(IN-RANGE) armorbase05.dbr[105]=25.0(IN-RANGE),records/proxies/poolsboss/aetherial_warden.dbr,BOSS,179,MEASURED,MEASURED
records/creatures/enemies/boss&quest/wight_iceboundpassage_01.dbr,1,0,,106|107|108,106,108,MEASURED-SET,records/creatures/enemies/bios/bio_boss_wight_restlessdead_01.dbr,((charLevel*30)^1.5)+500,Quest,sm3,179824.9341,184924.0331,103.0,121.0,49.0,damage_totaladjuster.dbr[5]=24.0(IN-RANGE) armorbase05.dbr[105]=25.0(IN-RANGE),records/proxies/poolsbossgdx3/wight_iceboundpassage.dbr,BOSS,179,MEASURED,MEASURED
records/creatures/enemies/boss&quest/wight_scarfelldepths_01.dbr,1,0,,106|107|108,106,108,MEASURED-SET,,,,,,,,,,,records/proxies/poolsbossgdx3/wight_hags.dbr,BOSS,177,ABSENT:RECORD-ABSENT,ABSENT
records/creatures/enemies/boss&quest/wight_scarfelldepths_02.dbr,1,0,,106|107|108,106,108,MEASURED-SET,,,,,,,,,,,records/proxies/poolsbossgdx3/wight_hags.dbr,BOSS,177,ABSENT:RECORD-ABSENT,ABSENT
records/creatures/enemies/boss&quest/wight_scarfelldepths_03.dbr,1,0,,106|107|108,106,108,MEASURED-SET,,,,,,,,,,,records/proxies/poolsbossgdx3/wight_hags.dbr,BOSS,177,ABSENT:RECORD-ABSENT,ABSENT
records/creatures/enemies/boss&quest/yeti_bonegrinder_01.dbr,1,0,,106|107|108,106,108,MEASURED-SET,records/creatures/enemies/bios/bio_boss_yeti_bonegrinder_01.dbr,((charLevel*30)^1.5)+500,Quest,sm3,179824.9341,184924.0331,103.0,121.0,49.0,damage_totaladjuster.dbr[5]=24.0(IN-RANGE) armorbase05.dbr[105]=25.0(IN-RANGE),records/proxies/poolsbossgdx3/yeti_bonegrinder.dbr,BOSS,179,MEASURED,MEASURED
records/creatures/enemies/celestialarmor_a01.dbr,1,0,,102|103,102,103,MEASURED-SET,records/creatures/enemies/bios/bio_celestialarmor_a01.dbr,((charLevel*11)^1.35)+30,Common,sm3,13136.6094,13310.3762,61.0,69.0,46.0,damage_totaladjuster.dbr[3]=16.0(IN-RANGE) armorbase01.dbr[101]=30.0(IN-RANGE),records/proxies/poolsbasicgdx3/celestialarmor_t3.dbr,trash,172,MEASURED,MEASURED
records/creatures/enemies/celestialarmor_b01.dbr,1,0,,103|104,103,104,MEASURED-SET,records/creatures/enemies/bios/bio_celestialarmor_b01.dbr,((charLevel*14)^1.35)+50,Champion,sm3,18440.905,18682.3595,69.0,74.0,46.0,damage_totaladjuster.dbr[3]=16.0(IN-RANGE) armorbase02.dbr[102]=30.0(IN-RANGE),records/proxies/poolsbasicgdx3/celestialarmor_t3.dbr,trash,172,MEASURED,MEASURED
records/creatures/enemies/celestialarmor_c01.dbr,1,0,,104|105|106,104,106,MEASURED-SET,records/creatures/enemies/bios/bio_celestialarmor_c01.dbr,((charLevel*18)^1.35)+70,Champion,sm3,26228.5032,26909.8942,86.0,103.0,41.0,damage_totaladjuster.dbr[3]=16.0(IN-RANGE) armorbase03.dbr[103]=25.0(IN-RANGE),records/proxies/poolsbasicgdx3/celestialarmor_t3.dbr,trash,172,MEASURED,MEASURED
records/creatures/enemies/celestialgryphon_a01.dbr,1,0,,104|105|106,104,106,MEASURED-SET,records/creatures/enemies/bios/bio_celestialgryphon_a01.dbr,((charLevel*13)^1.5)+100,Champion,sm3,49812.4351,51253.32,86.0,103.0,116.0,damage_totaladjuster.dbr[3]=16.0(IN-RANGE) armorbase04.dbr[103]=25.0(IN-RANGE) genericphysical_charge.dbr[4]=75.0(CLAMPED-HIGH),records/proxies/poolsbasicgdx3/celestialgryphon_t3.dbr,trash,173,MEASURED,MEASURED
records/creatures/enemies/celestialgryphon_b01.dbr,1,0,,105|106,105,106,MEASURED-SET,records/creatures/enemies/bios/bio_celestialgryphon_b01.dbr,((charLevel*17)^1.5)+100,Champion,sm3,75514.9297,76594.8469,94.0,103.0,45.0,damage_totaladjuster.dbr[4]=20.0(IN-RANGE) armorbase04.dbr[104]=25.0(IN-RANGE),records/proxies/poolsbasicgdx3/celestialgryphon_t3.dbr,trash,173,MEASURED,MEASURED
records/creatures/enemies/celestialgryphon_c01.dbr,1,0,,105|106,105,106,MEASURED-SET,records/creatures/enemies/bios/bio_celestialgryphon_c01.dbr,((charLevel*19)^1.5)+200,Champion,sm3,89307.5186,90583.5092,94.0,103.0,49.0,damage_totaladjuster.dbr[5]=24.0(IN-RANGE) armorbase04.dbr[104]=25.0(IN-RANGE),records/proxies/poolsbasicgdx3/celestialgryphon_t3.dbr,trash,173,MEASURED,MEASURED
records/creatures/enemies/celestialhound_a01.dbr,1,0,,102|103,102,103,MEASURED-SET,records/creatures/enemies/bios/bio_celestialhound_a01.dbr,((charLevel*18)^1.33)+20,Common,sm3,21945.5583,22231.9118,61.0,69.0,121.0,damage_totaladjuster.dbr[3]=16.0(IN-RANGE) armorbase02.dbr[101]=30.0(IN-RANGE) genericphysical_charge.dbr[4]=75.0(CLAMPED-HIGH),records/proxies/poolsbasicgdx3/celestialhound_t3.dbr,trash,173|174,MEASURED,MEASURED
records/creatures/enemies/celestialhound_b01.dbr,1,0,,103|104,103,104,MEASURED-SET,records/creatures/enemies/bios/bio_celestialhound_b01.dbr,((charLevel*23)^1.33)+40,Champion,sm3,30813.12,31211.1168,78.0,86.0,41.0,damage_totaladjuster.dbr[3]=16.0(IN-RANGE) armorbase03.dbr[102]=25.0(IN-RANGE),records/proxies/poolsbasicgdx3/celestialhound_t3.dbr,trash,173|174,MEASURED,MEASURED
records/creatures/enemies/celestialhound_c01.dbr,1,0,,105|106,105,106,MEASURED-SET,records/creatures/enemies/bios/bio_celestialhound_c01.dbr,((charLevel*32)^1.33)+50,Champion,sm3,49031.4051,49652.8091,94.0,103.0,41.0,damage_totaladjuster.dbr[3]=16.0(IN-RANGE) armorbase03.dbr[104]=25.0(IN-RANGE),records/proxies/poolsbasicgdx3/celestialhound_t3.dbr,trash,173|174,MEASURED,MEASURED
records/creatures/enemies/celestiallizard_a01.dbr,1,0,,102|103,102,103,MEASURED-SET,records/creatures/enemies/bios/bio_celestiallizard_a01.dbr,((charLevel*18)^1.33)+20,Common,sm3,21945.5583,22231.9118,61.0,69.0,121.0,damage_totaladjuster.dbr[3]=16.0(IN-RANGE) armorbase02.dbr[101]=30.0(IN-RANGE) genericphysical_charge.dbr[4]=75.0(CLAMPED-HIGH),records/proxies/poolsbasicgdx3/celestiallizard_t3.dbr,trash,173|174,MEASURED,MEASURED
records/creatures/enemies/celestiallizard_b01.dbr,1,0,,103|104,103,104,MEASURED-SET,records/creatures/enemies/bios/bio_celestiallizard_b01.dbr,((charLevel*23)^1.33)+40,Champion,sm3,30813.12,31211.1168,78.0,86.0,116.0,damage_totaladjuster.dbr[3]=16.0(IN-RANGE) armorbase03.dbr[102]=25.0(IN-RANGE) genericphysical_charge.dbr[4]=75.0(CLAMPED-HIGH),records/proxies/poolsbasicgdx3/celestiallizard_t3.dbr,trash,173|174,MEASURED,MEASURED
records/creatures/enemies/celestiallizard_c01.dbr,1,0,,105|106,105,106,MEASURED-SET,records/creatures/enemies/bios/bio_celestiallizard_c01.dbr,((charLevel*32)^1.33)+50,Champion,sm3,49031.4051,49652.8091,94.0,103.0,41.0,damage_totaladjuster.dbr[3]=16.0(IN-RANGE) armorbase03.dbr[104]=25.0(IN-RANGE),records/proxies/poolsbasicgdx3/celestiallizard_t3.dbr,trash,173|174,MEASURED,MEASURED
records/creatures/enemies/celestialstatue_a01.dbr,1,0,,103|104,103,104,MEASURED-SET,records/creatures/enemies/bios/bio_celestialstatue_a01.dbr,((charLevel*13)^1.5)+150,Champion,sm3,49147.1552,49862.4351,78.0,86.0,120.0,damage_totaladjuster.dbr[4]=20.0(IN-RANGE) armorbase03.dbr[102]=25.0(IN-RANGE) genericphysical_charge.dbr[4]=75.0(CLAMPED-HIGH),records/proxies/poolsbasicgdx3/celestialstatue_t3.dbr,trash,173,MEASURED,MEASURED
records/creatures/enemies/celestialstatue_a02.dbr,1,0,,103|104,103,104,MEASURED-SET,records/creatures/enemies/bios/bio_celestialstatue_a01.dbr,((charLevel*13)^1.5)+150,Champion,sm3,49147.1552,49862.4351,78.0,86.0,120.0,damage_totaladjuster.dbr[4]=20.0(IN-RANGE) armorbase03.dbr[102]=25.0(IN-RANGE) genericphysical_charge.dbr[4]=75.0(CLAMPED-HIGH),records/proxies/poolsbasicgdx3/celestialstatue_t3.dbr,trash,173,MEASURED,MEASURED
records/creatures/enemies/celestialstatue_b01.dbr,1,0,,104|105|106,104,106,MEASURED-SET,records/creatures/enemies/bios/bio_celestialstatue_b01.dbr,((charLevel*17)^1.5)+200,Champion,sm3,74540.1428,76694.8469,86.0,103.0,45.0,damage_totaladjuster.dbr[4]=20.0(IN-RANGE) armorbase04.dbr[103]=25.0(IN-RANGE),records/proxies/poolsbasicgdx3/celestialstatue_t3.dbr,trash,173,MEASURED,MEASURED
records/creatures/enemies/celestialstatue_b02.dbr,1,0,,104|105|106,104,106,MEASURED-SET,records/creatures/enemies/bios/bio_celestialstatue_b01.dbr,((charLevel*17)^1.5)+200,Champion,sm3,74540.1428,76694.8469,86.0,103.0,45.0,damage_totaladjuster.dbr[4]=20.0(IN-RANGE) armorbase04.dbr[103]=25.0(IN-RANGE),records/proxies/poolsbasicgdx3/celestialstatue_t3.dbr,trash,173,MEASURED,MEASURED
records/creatures/enemies/celestialstatue_c01.dbr,1,0,,105|106,105,106,MEASURED-SET,records/creatures/enemies/bios/bio_celestialstatue_c01.dbr,((charLevel*20)^1.5)+200,Champion,sm3,96434.0896,97812.1304,94.0,103.0,49.0,damage_totaladjuster.dbr[5]=24.0(IN-RANGE) armorbase04.dbr[104]=25.0(IN-RANGE),records/proxies/poolsbasicgdx3/celestialstatue_t3.dbr,trash,173,MEASURED,MEASURED
records/creatures/enemies/celestialstatue_c02.dbr,1,0,,105|106,105,106,MEASURED-SET,records/creatures/enemies/bios/bio_celestialstatue_c01.dbr,((charLevel*20)^1.5)+200,Champion,sm3,96434.0896,97812.1304,94.0,103.0,49.0,damage_totaladjuster.dbr[5]=24.0(IN-RANGE) armorbase04.dbr[104]=25.0(IN-RANGE),records/proxies/poolsbasicgdx3/celestialstatue_t3.dbr,trash,173,MEASURED,MEASURED
records/creatures/enemies/chthonianabomination_tentacles_a01.dbr,0,1,records/creatures/enemies/chthonianmonstrosity_summon.dbr,,,,ABSENT:NO-LEVEL-SOURCE,records/creatures/enemies/bios/bio_trap_fireflare_01.dbr,((charLevel*10)^1.25)+60,Common,sm_mod,,,,,,,,,,ABSENT:ABSENT:NO-LEVEL-SOURCE,ABSENT
records/creatures/enemies/chthoniandevourer_a00_summon.dbr,0,1,records/creatures/enemies/boss&quest/cultist_burrwitchcathedral_01.dbr,106|107|108,106,108,DERIVED-INHERITED,records/creatures/enemies/bios/bio_chthoniandevourer_a00.dbr,((charLevel*4)^1.28)+15,Common,sm_mod,2321.8975,2377.7577,88.0,102.0,38.0,damage_totaladjuster.dbr[1]=8.0(IN-RANGE) armorbase01.dbr[105]=30.0(IN-RANGE),,,,MEASURED,MEASURED
records/creatures/enemies/chthoniandevourer_a01.dbr,1,0,,103|104,103,104,MEASURED-SET,records/creatures/enemies/bios/bio_chthoniandevourer_a01.dbr,((charLevel*6)^1.28)+15,Common,sm_mod,3751.5023,3797.9994,69.0,74.0,38.0,damage_totaladjuster.dbr[1]=8.0(IN-RANGE) armorbase01.dbr[102]=30.0(IN-RANGE),records/proxies/poolsboss/chthonian_bolvar.dbr,BOSS,174,MEASURED,MEASURED
records/creatures/enemies/chthoniandevourer_b01.dbr,1,0,,104|105,104,105,MEASURED-SET,records/creatures/enemies/bios/bio_chthoniandevourer_b01.dbr,((charLevel*12)^1.28)+30,Champion,sm_mod,9216.5971,9329.8148,74.0,82.0,38.0,damage_totaladjuster.dbr[1]=8.0(IN-RANGE) armorbase02.dbr[103]=30.0(IN-RANGE),records/proxies/poolsboss/chthonian_bolvar.dbr,BOSS,174,MEASURED,MEASURED
records/creatures/enemies/chthoniandevourer_b01_summon.dbr,0,1,records/creatures/enemies/boss&quest/cultist_captain_01.dbr|records/creatures/enemies/boss&quest/human_chthonickurn_blackheart_01.dbr,106|107|108,106,108,DERIVED-INHERITED,records/creatures/enemies/bios/bio_chthoniandevourer_b01.dbr,((charLevel*12)^1.28)+30,Champion,sm_mod,9443.3347,9671.2735,88.0,102.0,38.0,damage_totaladjuster.dbr[1]=8.0(IN-RANGE) armorbase02.dbr[105]=30.0(IN-RANGE),,,,MEASURED,MEASURED
records/creatures/enemies/chthoniandevourer_b02.dbr,1,0,,104|105,104,105,MEASURED-SET,records/creatures/enemies/bios/bio_chthoniandevourer_b01.dbr,((charLevel*12)^1.28)+30,Champion,sm_mod,9216.5971,9329.8148,74.0,82.0,38.0,damage_totaladjuster.dbr[1]=8.0(IN-RANGE) armorbase02.dbr[103]=30.0(IN-RANGE),records/proxies/poolsboss/chthonian_bolvar.dbr,BOSS,174,MEASURED,MEASURED
records/creatures/enemies/chthoniandreadguard_a01_summon.dbr,0,1,records/creatures/enemies/boss&quest/chthonianherald_prodromus_01.dbr|records/creatures/enemies/boss&quest/chthonianherald_prodromus_01b.dbr,106|107|108,106,108,DERIVED-INHERITED,records/creatures/enemies/bios/bio_chthoniandreadguard_a01_summon.dbr,((charLevel*16)^1.33)+100,Common,sm_mod,19830.4222,20327.079,103.0,121.0,59.0,damage_totaladjuster.dbr[3]=16.0(IN-RANGE) armorbase03.dbr[105]=25.0(IN-RANGE) chthonianwarrior_enrage.dbr=18.0,,,,MEASURED,MEASURED
records/creatures/enemies/chthoniandreadguard_b01_summon.dbr,0,1,records/creatures/enemies/boss&quest/chthonianherald_prodromus_01.dbr|records/creatures/enemies/boss&quest/chthonianherald_prodromus_01b.dbr,106|107|108,106,108,DERIVED-INHERITED,records/creatures/enemies/bios/bio_chthoniandreadguard_b01_summon.dbr,((charLevel*21)^1.33)+100,Champion,sm_mod,28427.514,29140.5781,103.0,121.0,63.0,damage_totaladjuster.dbr[4]=20.0(IN-RANGE) armorbase04.dbr[105]=25.0(IN-RANGE) chthonianwarrior_enrage.dbr=18.0,,,,MEASURED,MEASURED
records/creatures/enemies/chthoniandreadguard_c01_summon.dbr,0,1,records/creatures/enemies/boss&quest/chthonianherald_prodromus_01.dbr|records/creatures/enemies/boss&quest/chthonianherald_prodromus_01b.dbr,106|107|108,106,108,DERIVED-INHERITED,records/creatures/enemies/bios/bio_chthoniandreadguard_c01_summon.dbr,((charLevel*25)^1.33)+100,Champion,sm_mod,35820.4575,36719.6177,103.0,121.0,59.0,damage_totaladjuster.dbr[3]=16.0(IN-RANGE) armorbase04.dbr[105]=25.0(IN-RANGE) chthonianwarrior_enrage.dbr=18.0,,,,MEASURED,MEASURED
records/creatures/enemies/chthonianfiend_a01_summon.dbr,0,1,records/creatures/enemies/chthonianminion_b01_summon.dbr,,,,ABSENT:NO-LEVEL-SOURCE,records/creatures/enemies/bios/bio_chthonicvoidfiend_01.dbr,((charLevel*9)^1.33)+50,Common,sm_mod,,,,,,,,,,ABSENT:ABSENT:NO-LEVEL-SOURCE,ABSENT
records/creatures/enemies/chthonianfiend_c01_summon.dbr,0,1,records/creatures/enemies/boss&quest/cultist_captain_01.dbr,106|107|108,106,108,DERIVED-INHERITED,records/creatures/enemies/bios/bio_chthonicvoidfiend_c01.dbr,((charLevel*16)^1.33)+80,Champion,sm_mod,19810.4222,20307.079,88.0,102.0,46.0,damage_totaladjuster.dbr[3]=16.0(IN-RANGE) armorbase02.dbr[105]=30.0(IN-RANGE),,,,MEASURED,MEASURED
records/creatures/enemies/chthonianherald_a01.dbr,1,0,,103|104,103,104,MEASURED-SET,records/creatures/enemies/bios/bio_chthonianherald_a01.dbr,((charLevel*26)^1.33)+100,Common,sm3,36323.3041,36791.7896,78.0,86.0,37.0,damage_totaladjuster.dbr[2]=12.0(IN-RANGE) armorbase03.dbr[102]=25.0(IN-RANGE),records/proxies/poolsbasicgdx3/chthonianherald_t3.dbr,trash,171,MEASURED,MEASURED
records/creatures/enemies/chthonianherald_a01_summon.dbr,0,1,records/creatures/enemies/boss&quest/avian_worldtear_01.dbr|records/creatures/enemies/boss&quest/avian_worldtear_01b.dbr,106|107|108,106,108,DERIVED-INHERITED,records/creatures/enemies/bios/bio_chthonianherald_a01.dbr,((charLevel*26)^1.33)+100,Common,sm3,37733.2178,38680.5263,103.0,121.0,41.0,damage_totaladjuster.dbr[3]=16.0(IN-RANGE) armorbase03.dbr[105]=25.0(IN-RANGE),,,,MEASURED,MEASURED
records/creatures/enemies/chthonianherald_b01.dbr,1,0,,104|105|106,104,106,MEASURED-SET,records/creatures/enemies/bios/bio_chthonianherald_b01.dbr,((charLevel*32)^1.33)+100,Champion,sm3,48461.951,49702.8091,86.0,103.0,45.0,damage_totaladjuster.dbr[4]=20.0(IN-RANGE) armorbase04.dbr[103]=25.0(IN-RANGE),records/proxies/poolsbasicgdx3/chthonianherald_t3.dbr,trash,171,MEASURED,MEASURED
records/creatures/enemies/chthonianherald_b01_summon.dbr,0,1,records/creatures/enemies/boss&quest/avian_worldtear_01.dbr|records/creatures/enemies/boss&quest/avian_worldtear_01b.dbr,106|107|108,106,108,DERIVED-INHERITED,records/creatures/enemies/bios/bio_chthonianherald_b01.dbr,((charLevel*32)^1.33)+100,Champion,sm3,49702.8091,50951.4178,103.0,121.0,45.0,damage_totaladjuster.dbr[4]=20.0(IN-RANGE) armorbase04.dbr[105]=25.0(IN-RANGE),,,,MEASURED,MEASURED
records/creatures/enemies/chthonianherald_c01.dbr,1,0,,105|106,105,106,MEASURED-SET,records/creatures/enemies/bios/bio_chthonianherald_c01.dbr,((charLevel*34)^1.33)+100,Champion,sm3,53194.4012,53867.9849,94.0,103.0,41.0,damage_totaladjuster.dbr[3]=16.0(IN-RANGE) armorbase04.dbr[104]=25.0(IN-RANGE),records/proxies/poolsbasicgdx3/chthonianherald_t3.dbr,trash,171,MEASURED,MEASURED
records/creatures/enemies/chthonianminion_b01_summon.dbr,0,1,records/creatures/enemies/boss&quest/cultist_cultleader_01.dbr,106|107|108,106,108,DERIVED-INHERITED,records/creatures/enemies/bios/bio_chthonian_02.dbr,((charLevel*16)^1.5)+225,Champion,sm_mod,70070.5549,72056.6111,103.0,121.0,45.0,damage_totaladjuster.dbr[4]=20.0(IN-RANGE) armorbase04.dbr[105]=25.0(IN-RANGE),,,,MEASURED,MEASURED
records/creatures/enemies/chthonianmonstrosity_summon.dbr,0,1,records/creatures/enemies/boss&quest/chthonianherald_prodromus_01.dbr|records/creatures/enemies/boss&quest/chthonianherald_prodromus_01b.dbr,106|107|108,106,108,DERIVED-INHERITED,records/creatures/enemies/bios/bio_chthonianabomination_summon01.dbr,((charLevel*36)^1.5)+1000,Champion,sm3,236728.7477,243431.6874,103.0,121.0,53.0,damage_totaladjuster.dbr[6]=28.0(IN-RANGE) armorbase05.dbr[105]=25.0(IN-RANGE),,,,MEASURED,MEASURED
records/creatures/enemies/chthonianrylok_b01_summon.dbr,0,1,records/creatures/enemies/boss&quest/chthonianherald_prodromus_01.dbr|records/creatures/enemies/boss&quest/chthonianherald_prodromus_01b.dbr,106|107|108,106,108,DERIVED-INHERITED,records/creatures/enemies/bios/bio_chthonianrylok_b01.dbr,((charLevel*36)^1.33)+100,Champion,gdx1,58114.8437,59575.2013,103.0,121.0,120.0,damage_totaladjuster.dbr[4]=20.0(IN-RANGE) armorbase04.dbr[105]=25.0(IN-RANGE) genericphysical_charge.dbr[4]=75.0(CLAMPED-HIGH),,,,MEASURED,MEASURED
records/creatures/enemies/chthonianrylok_c01_summon.dbr,0,1,records/creatures/enemies/boss&quest/chthonianherald_prodromus_01.dbr|records/creatures/enemies/boss&quest/chthonianherald_prodromus_01b.dbr,106|107|108,106,108,DERIVED-INHERITED,records/creatures/enemies/bios/bio_chthonianrylok_c01.dbr,((charLevel*38)^1.33)+100,Champion,gdx1,62440.3138,64009.5528,103.0,121.0,41.0,damage_totaladjuster.dbr[3]=16.0(IN-RANGE) armorbase04.dbr[105]=25.0(IN-RANGE),,,,MEASURED,MEASURED
records/creatures/enemies/chthonianservitor_a01_summon.dbr,0,1,records/creatures/enemies/boss&quest/chthonianservitor_lunalvalgoth.dbr,106|107|108,106,108,DERIVED-INHERITED,records/creatures/enemies/bios/bio_chthonianservitor_a01.dbr,((charLevel*17)^1.33)+45,Champion,sm1,21432.1968,21970.5583,103.0,121.0,108.0,damage_totaladjuster.dbr[1]=8.0(IN-RANGE) armorbase03.dbr[105]=25.0(IN-RANGE) genericphysical_charge.dbr[4]=75.0(CLAMPED-HIGH),,,,MEASURED,MEASURED
records/creatures/enemies/chthonianwretch_a01.dbr,1,0,,103|104,103,104,MEASURED-SET,records/creatures/enemies/bios/bio_chthonicvoidfiend_01.dbr,((charLevel*9)^1.33)+50,Common,sm1,8885.1931,8999.461,69.0,74.0,38.0,damage_totaladjuster.dbr[1]=8.0(IN-RANGE) armorbase02.dbr[102]=30.0(IN-RANGE),records/proxies/poolsbasicgdx3/chthonianherald_t3.dbr,trash,171,MEASURED,MEASURED
records/creatures/enemies/chthonianwretch_b01.dbr,1,0,,103|104,103,104,MEASURED-SET,records/creatures/enemies/bios/bio_chthonicvoidfiend_01.dbr,((charLevel*9)^1.33)+50,Champion,sm1,8885.1931,8999.461,69.0,74.0,38.0,damage_totaladjuster.dbr[1]=8.0(IN-RANGE) armorbase02.dbr[102]=30.0(IN-RANGE),records/proxies/poolsbasicgdx3/chthonianherald_t3.dbr,trash,171,MEASURED,MEASURED
records/creatures/enemies/chthonianwretch_b01_summon.dbr,0,1,records/creatures/enemies/boss&quest/manticore_beastroguelike_01.dbr,106|107|108,106,108,DERIVED-INHERITED,records/creatures/enemies/bios/bio_chthonicvoidfiend_01.dbr,((charLevel*9)^1.33)+50,Champion,sm1,9229.0839,9460.141,88.0,102.0,42.0,damage_totaladjuster.dbr[2]=12.0(IN-RANGE) armorbase02.dbr[105]=30.0(IN-RANGE),,,,MEASURED,MEASURED
records/creatures/enemies/chthonianwretch_c01.dbr,1,0,,103|104,103,104,MEASURED-SET,records/creatures/enemies/bios/bio_chthonicvoidfiend_c01.dbr,((charLevel*16)^1.33)+80,Champion,sm1,19071.2297,19316.8482,69.0,74.0,46.0,damage_totaladjuster.dbr[3]=16.0(IN-RANGE) armorbase02.dbr[102]=30.0(IN-RANGE),records/proxies/poolsbasicgdx3/chthonianherald_t3.dbr,trash,171,MEASURED,MEASURED
records/creatures/enemies/chthonianwretch_c01_summon.dbr,0,1,records/creatures/enemies/boss&quest/manticore_beastroguelike_01.dbr,106|107|108,106,108,DERIVED-INHERITED,records/creatures/enemies/bios/bio_chthonicvoidfiend_c01.dbr,((charLevel*16)^1.33)+80,Champion,sm1,19810.4222,20307.079,88.0,102.0,46.0,damage_totaladjuster.dbr[3]=16.0(IN-RANGE) armorbase02.dbr[105]=30.0(IN-RANGE),,,,MEASURED,MEASURED
records/creatures/enemies/devotion/beetle_h01.dbr,1,0,,107|108,107,108,MEASURED-SET,records/creatures/enemies/bios/bio_hero_standard_01.dbr,((charLevel*11)^1.50)-20,Hero,sm2,40359.8493,40927.2425,111.0,121.0,41.0,damage_totaladjuster.dbr[3]=16.0(IN-RANGE) armorbase04.dbr[106]=25.0(IN-RANGE),records/proxies/poolsdevotiongdx2/devotion_heroes01.dbr,DEVOTION,172,MEASURED,MEASURED
records/creatures/enemies/devotion/beetle_h02.dbr,1,0,,107|108,107,108,MEASURED-SET,records/creatures/enemies/bios/bio_hero_standard_01.dbr,((charLevel*11)^1.50)-20,Hero,sm2,40359.8493,40927.2425,111.0,121.0,41.0,damage_totaladjuster.dbr[3]=16.0(IN-RANGE) armorbase04.dbr[106]=25.0(IN-RANGE),records/proxies/poolsdevotiongdx2/devotion_heroes01.dbr,DEVOTION,172,MEASURED,MEASURED
records/creatures/enemies/devotion/beetle_h03.dbr,1,0,,107|108,107,108,MEASURED-SET,records/creatures/enemies/bios/bio_hero_support_01.dbr,((charLevel*8)^1.50)-20,Hero,sm2,25024.4009,25376.3097,111.0,121.0,41.0,damage_totaladjuster.dbr[3]=16.0(IN-RANGE) armorbase04.dbr[106]=25.0(IN-RANGE),records/proxies/poolsdevotiongdx2/devotion_heroes01.dbr,DEVOTION,172,MEASURED,MEASURED
records/creatures/enemies/devotion/beetle_h04.dbr,1,0,,107|108,107,108,MEASURED-SET,records/creatures/enemies/bios/bio_hero_standard_01.dbr,((charLevel*11)^1.50)-20,Hero,sm2,40359.8493,40927.2425,111.0,121.0,41.0,damage_totaladjuster.dbr[3]=16.0(IN-RANGE) armorbase04.dbr[106]=25.0(IN-RANGE),records/proxies/poolsdevotiongdx2/devotion_heroes01.dbr,DEVOTION,172,MEASURED,MEASURED
records/creatures/enemies/devotion/chthonianherald_h01.dbr,1,0,,107|108,107,108,MEASURED-SET,records/creatures/enemies/bios/bio_hero_standard_extrahealth01.dbr,((charLevel*13)^1.50)+20,Hero,sm3,51898.8923,52627.8631,111.0,121.0,41.0,damage_totaladjuster.dbr[3]=16.0(IN-RANGE) armorbase04.dbr[106]=25.0(IN-RANGE),records/proxies/poolsdevotiongdx3/devotion_heroes01.dbr,DEVOTION,172,MEASURED,MEASURED
records/creatures/enemies/devotion/chthonianherald_h02.dbr,1,0,,107|108,107,108,MEASURED-SET,records/creatures/enemies/bios/bio_hero_standard_extrahealth01.dbr,((charLevel*13)^1.50)+20,Hero,sm3,51898.8923,52627.8631,111.0,121.0,41.0,damage_totaladjuster.dbr[3]=16.0(IN-RANGE) armorbase04.dbr[106]=25.0(IN-RANGE),records/proxies/poolsdevotiongdx3/devotion_heroes01.dbr,DEVOTION,172,MEASURED,MEASURED
records/creatures/enemies/devotion/chthonianherald_h03.dbr,1,0,,107|108,107,108,MEASURED-SET,records/creatures/enemies/bios/bio_hero_standard_extrahealth01.dbr,((charLevel*13)^1.50)+20,Hero,sm3,51898.8923,52627.8631,111.0,121.0,41.0,damage_totaladjuster.dbr[3]=16.0(IN-RANGE) armorbase04.dbr[106]=25.0(IN-RANGE),records/proxies/poolsdevotiongdx3/devotion_heroes01.dbr,DEVOTION,172,MEASURED,MEASURED
records/creatures/enemies/devotion/chthonianherald_h04.dbr,1,0,,107|108,107,108,MEASURED-SET,records/creatures/enemies/bios/bio_hero_standard_extrahealth01.dbr,((charLevel*13)^1.50)+20,Hero,sm3,51898.8923,52627.8631,111.0,121.0,41.0,damage_totaladjuster.dbr[3]=16.0(IN-RANGE) armorbase04.dbr[106]=25.0(IN-RANGE),records/proxies/poolsdevotiongdx3/devotion_heroes01.dbr,DEVOTION,172,MEASURED,MEASURED
records/creatures/enemies/devotion/dranghoul_h01.dbr,1,0,,107|108,107,108,MEASURED-SET,records/creatures/enemies/bios/bio_hero_assassin_01.dbr,((charLevel*11)^1.50)-20,Hero,sm3,40359.8493,40927.2425,111.0,121.0,41.0,damage_totaladjuster.dbr[3]=16.0(IN-RANGE) armorbase04.dbr[106]=25.0(IN-RANGE),records/proxies/poolsdevotiongdx3/devotion_heroes01.dbr|records/proxies/poolsdevotiongdx3/devotion_heroes03.dbr,DEVOTION,172,MEASURED,MEASURED
records/creatures/enemies/devotion/dranghoul_h02.dbr,1,0,,107|108,107,108,MEASURED-SET,records/creatures/enemies/bios/bio_hero_standard_01.dbr,((charLevel*11)^1.50)-20,Hero,sm3,40359.8493,40927.2425,111.0,121.0,41.0,damage_totaladjuster.dbr[3]=16.0(IN-RANGE) armorbase04.dbr[106]=25.0(IN-RANGE),records/proxies/poolsdevotiongdx3/devotion_heroes01.dbr|records/proxies/poolsdevotiongdx3/devotion_heroes03.dbr,DEVOTION,172,MEASURED,MEASURED
records/creatures/enemies/devotion/dranghoul_h03.dbr,1,0,,107|108,107,108,MEASURED-SET,records/creatures/enemies/bios/bio_hero_standard_01.dbr,((charLevel*11)^1.50)-20,Hero,sm3,40359.8493,40927.2425,111.0,121.0,41.0,damage_totaladjuster.dbr[3]=16.0(IN-RANGE) armorbase04.dbr[106]=25.0(IN-RANGE),records/proxies/poolsdevotiongdx3/devotion_heroes01.dbr|records/proxies/poolsdevotiongdx3/devotion_heroes03.dbr,DEVOTION,172,MEASURED,MEASURED
records/creatures/enemies/devotion/dranghoul_h04.dbr,1,0,,107|108,107,108,MEASURED-SET,records/creatures/enemies/bios/bio_hero_standard_01.dbr,((charLevel*11)^1.50)-20,Hero,sm3,40359.8493,40927.2425,111.0,121.0,41.0,damage_totaladjuster.dbr[3]=16.0(IN-RANGE) armorbase04.dbr[106]=25.0(IN-RANGE),records/proxies/poolsdevotiongdx3/devotion_heroes01.dbr|records/proxies/poolsdevotiongdx3/devotion_heroes03.dbr,DEVOTION,172,MEASURED,MEASURED
records/creatures/enemies/devotion/eldritcharmor_h01.dbr,1,0,,107|108,107,108,MEASURED-SET,records/creatures/enemies/bios/bio_hero_assassin_01.dbr,((charLevel*11)^1.50)-20,Hero,sm2,40359.8493,40927.2425,111.0,121.0,41.0,damage_totaladjuster.dbr[3]=16.0(IN-RANGE) armorbase03.dbr[106]=25.0(IN-RANGE),records/proxies/poolsdevotiongdx2/devotion_heroes02.dbr,DEVOTION,172,MEASURED,MEASURED
records/creatures/enemies/devotion/eldritcharmor_h02.dbr,1,0,,107|108,107,108,MEASURED-SET,records/creatures/enemies/bios/bio_hero_standard_01.dbr,((charLevel*11)^1.50)-20,Hero,sm2,40359.8493,40927.2425,111.0,121.0,41.0,damage_totaladjuster.dbr[3]=16.0(IN-RANGE) armorbase03.dbr[106]=25.0(IN-RANGE),records/proxies/poolsdevotiongdx2/devotion_heroes02.dbr,DEVOTION,172,MEASURED,MEASURED
records/creatures/enemies/devotion/eldritcharmor_h03.dbr,1,0,,107|108,107,108,MEASURED-SET,records/creatures/enemies/bios/bio_hero_support_01.dbr,((charLevel*8)^1.50)-20,Hero,sm2,25024.4009,25376.3097,111.0,121.0,41.0,damage_totaladjuster.dbr[3]=16.0(IN-RANGE) armorbase03.dbr[106]=25.0(IN-RANGE),records/proxies/poolsdevotiongdx2/devotion_heroes02.dbr,DEVOTION,172,MEASURED,MEASURED
records/creatures/enemies/devotion/eldritcharmor_h04.dbr,1,0,,107|108,107,108,MEASURED-SET,records/creatures/enemies/bios/bio_hero_standard_01.dbr,((charLevel*11)^1.50)-20,Hero,sm2,40359.8493,40927.2425,111.0,121.0,41.0,damage_totaladjuster.dbr[3]=16.0(IN-RANGE) armorbase03.dbr[106]=25.0(IN-RANGE),records/proxies/poolsdevotiongdx2/devotion_heroes02.dbr,DEVOTION,172,MEASURED,MEASURED
records/creatures/enemies/devotion/eldritchhound_h01.dbr,1,0,,107|108,107,108,MEASURED-SET,records/creatures/enemies/bios/bio_hero_standard_01.dbr,((charLevel*11)^1.50)-20,Hero,sm2,40359.8493,40927.2425,111.0,121.0,41.0,damage_totaladjuster.dbr[3]=16.0(IN-RANGE) armorbase03.dbr[106]=25.0(IN-RANGE),records/proxies/poolsdevotiongdx2/devotion_heroes01.dbr,DEVOTION,172,MEASURED,MEASURED
records/creatures/enemies/devotion/eldritchhound_h02.dbr,1,0,,107|108,107,108,MEASURED-SET,records/creatures/enemies/bios/bio_hero_assassin_01.dbr,((charLevel*11)^1.50)-20,Hero,sm2,40359.8493,40927.2425,111.0,121.0,41.0,damage_totaladjuster.dbr[3]=16.0(IN-RANGE) armorbase03.dbr[106]=25.0(IN-RANGE),records/proxies/poolsdevotiongdx2/devotion_heroes01.dbr,DEVOTION,172,MEASURED,MEASURED
records/creatures/enemies/devotion/eldritchhound_h03.dbr,1,0,,107|108,107,108,MEASURED-SET,records/creatures/enemies/bios/bio_hero_assassin_01.dbr,((charLevel*11)^1.50)-20,Hero,sm2,40359.8493,40927.2425,111.0,121.0,41.0,damage_totaladjuster.dbr[3]=16.0(IN-RANGE) armorbase03.dbr[106]=25.0(IN-RANGE),records/proxies/poolsdevotiongdx2/devotion_heroes01.dbr,DEVOTION,172,MEASURED,MEASURED
records/creatures/enemies/devotion/eldritchhound_h04.dbr,1,0,,107|108,107,108,MEASURED-SET,records/creatures/enemies/bios/bio_hero_standard_01.dbr,((charLevel*11)^1.50)-20,Hero,sm2,40359.8493,40927.2425,111.0,121.0,41.0,damage_totaladjuster.dbr[3]=16.0(IN-RANGE) armorbase03.dbr[106]=25.0(IN-RANGE),records/proxies/poolsdevotiongdx2/devotion_heroes01.dbr,DEVOTION,172,MEASURED,MEASURED
records/creatures/enemies/devotion/eldritchwraith_h01.dbr,1,0,,107|108,107,108,MEASURED-SET,records/creatures/enemies/bios/bio_hero_standard_01.dbr,((charLevel*11)^1.50)-20,Hero,sm2,40359.8493,40927.2425,111.0,121.0,41.0,damage_totaladjuster.dbr[3]=16.0(IN-RANGE) armorbase03.dbr[106]=25.0(IN-RANGE),records/proxies/poolsdevotiongdx2/devotion_heroes02.dbr,DEVOTION,172,MEASURED,MEASURED
records/creatures/enemies/devotion/eldritchwraith_h02.dbr,1,0,,107|108,107,108,MEASURED-SET,records/creatures/enemies/bios/bio_hero_standard_01.dbr,((charLevel*11)^1.50)-20,Hero,sm2,40359.8493,40927.2425,111.0,121.0,41.0,damage_totaladjuster.dbr[3]=16.0(IN-RANGE) armorbase03.dbr[106]=25.0(IN-RANGE),records/proxies/poolsdevotiongdx2/devotion_heroes02.dbr,DEVOTION,172,MEASURED,MEASURED
records/creatures/enemies/devotion/eldritchwraith_h03.dbr,1,0,,107|108,107,108,MEASURED-SET,records/creatures/enemies/bios/bio_hero_standard_01.dbr,((charLevel*11)^1.50)-20,Hero,sm2,40359.8493,40927.2425,111.0,121.0,41.0,damage_totaladjuster.dbr[3]=16.0(IN-RANGE) armorbase03.dbr[106]=25.0(IN-RANGE),records/proxies/poolsdevotiongdx2/devotion_heroes02.dbr,DEVOTION,172,MEASURED,MEASURED
records/creatures/enemies/devotion/eldritchwraith_h04.dbr,1,0,,107|108,107,108,MEASURED-SET,records/creatures/enemies/bios/bio_hero_regenerator_01.dbr,((charLevel*9)^1.50)-20,Hero,sm2,29864.0484,30283.9609,111.0,121.0,41.0,damage_totaladjuster.dbr[3]=16.0(IN-RANGE) armorbase03.dbr[106]=25.0(IN-RANGE),records/proxies/poolsdevotiongdx2/devotion_heroes02.dbr,DEVOTION,172,MEASURED,MEASURED
records/creatures/enemies/devotion/gargoyle_h01.dbr,1,0,,107|108,107,108,MEASURED-SET,records/creatures/enemies/bios/bio_hero_standard_extrahealth01.dbr,((charLevel*13)^1.50)+20,Hero,sm2,51898.8923,52627.8631,111.0,121.0,41.0,damage_totaladjuster.dbr[3]=16.0(IN-RANGE) armorbase04.dbr[106]=25.0(IN-RANGE),records/proxies/poolsdevotiongdx2/devotion_heroes01.dbr,DEVOTION,172,MEASURED,MEASURED
records/creatures/enemies/devotion/gargoyle_h02.dbr,1,0,,107|108,107,108,MEASURED-SET,records/creatures/enemies/bios/bio_hero_standard_extrahealth01.dbr,((charLevel*13)^1.50)+20,Hero,sm2,51898.8923,52627.8631,111.0,121.0,41.0,damage_totaladjuster.dbr[3]=16.0(IN-RANGE) armorbase04.dbr[106]=25.0(IN-RANGE),records/proxies/poolsdevotiongdx2/devotion_heroes01.dbr,DEVOTION,172,MEASURED,MEASURED
records/creatures/enemies/devotion/gargoyle_h03.dbr,1,0,,107|108,107,108,MEASURED-SET,records/creatures/enemies/bios/bio_hero_standard_extrahealth01.dbr,((charLevel*13)^1.50)+20,Hero,sm2,51898.8923,52627.8631,111.0,121.0,41.0,damage_totaladjuster.dbr[3]=16.0(IN-RANGE) armorbase04.dbr[106]=25.0(IN-RANGE),records/proxies/poolsdevotiongdx2/devotion_heroes01.dbr,DEVOTION,172,MEASURED,MEASURED
records/creatures/enemies/devotion/gargoyle_h04.dbr,1,0,,107|108,107,108,MEASURED-SET,records/creatures/enemies/bios/bio_hero_standard_extrahealth01.dbr,((charLevel*13)^1.50)+20,Hero,sm2,51898.8923,52627.8631,111.0,121.0,41.0,damage_totaladjuster.dbr[3]=16.0(IN-RANGE) armorbase04.dbr[106]=25.0(IN-RANGE),records/proxies/poolsdevotiongdx2/devotion_heroes01.dbr,DEVOTION,172,MEASURED,MEASURED
records/creatures/enemies/devotion/gryphonstone_h01.dbr,1,0,,107|108,107,108,MEASURED-SET,records/creatures/enemies/bios/bio_hero_assassin_01.dbr,((charLevel*11)^1.50)-20,Hero,sm2,40359.8493,40927.2425,111.0,121.0,41.0,damage_totaladjuster.dbr[3]=16.0(IN-RANGE) armorbase04.dbr[106]=25.0(IN-RANGE),records/proxies/poolsdevotiongdx2/devotion_heroes02.dbr,DEVOTION,172,MEASURED,MEASURED
records/creatures/enemies/devotion/gryphonstone_h02.dbr,1,0,,107|108,107,108,MEASURED-SET,records/creatures/enemies/bios/bio_hero_standard_01.dbr,((charLevel*11)^1.50)-20,Hero,sm2,40359.8493,40927.2425,111.0,121.0,41.0,damage_totaladjuster.dbr[3]=16.0(IN-RANGE) armorbase04.dbr[106]=25.0(IN-RANGE),records/proxies/poolsdevotiongdx2/devotion_heroes02.dbr,DEVOTION,172,MEASURED,MEASURED
records/creatures/enemies/devotion/gryphonstone_h03.dbr,1,0,,107|108,107,108,MEASURED-SET,records/creatures/enemies/bios/bio_hero_standard_01.dbr,((charLevel*11)^1.50)-20,Hero,sm2,40359.8493,40927.2425,111.0,121.0,41.0,damage_totaladjuster.dbr[3]=16.0(IN-RANGE) armorbase04.dbr[106]=25.0(IN-RANGE),records/proxies/poolsdevotiongdx2/devotion_heroes02.dbr,DEVOTION,172,MEASURED,MEASURED
records/creatures/enemies/devotion/gryphonstone_h04.dbr,1,0,,107|108,107,108,MEASURED-SET,records/creatures/enemies/bios/bio_hero_standard_01.dbr,((charLevel*11)^1.50)-20,Hero,sm2,40359.8493,40927.2425,111.0,121.0,41.0,damage_totaladjuster.dbr[3]=16.0(IN-RANGE) armorbase04.dbr[106]=25.0(IN-RANGE),records/proxies/poolsdevotiongdx2/devotion_heroes02.dbr,DEVOTION,172,MEASURED,MEASURED
records/creatures/enemies/devotion/korvaakascended_h01.dbr,1,0,,107|108,107,108,MEASURED-SET,records/creatures/enemies/bios/bio_hero_standard_extrahealth01.dbr,((charLevel*13)^1.50)+20,Hero,sm2,51898.8923,52627.8631,111.0,121.0,41.0,damage_totaladjuster.dbr[3]=16.0(IN-RANGE) armorbase04.dbr[106]=25.0(IN-RANGE),records/proxies/poolsdevotiongdx2/devotion_heroes01.dbr,DEVOTION,172,MEASURED,MEASURED
records/creatures/enemies/devotion/korvaakascended_h02.dbr,1,0,,107|108,107,108,MEASURED-SET,records/creatures/enemies/bios/bio_hero_standard_extrahealth01.dbr,((charLevel*13)^1.50)+20,Hero,sm2,51898.8923,52627.8631,111.0,121.0,41.0,damage_totaladjuster.dbr[3]=16.0(IN-RANGE) armorbase04.dbr[106]=25.0(IN-RANGE),records/proxies/poolsdevotiongdx2/devotion_heroes01.dbr,DEVOTION,172,MEASURED,MEASURED
records/creatures/enemies/devotion/korvaakascended_h03.dbr,1,0,,107|108,107,108,MEASURED-SET,records/creatures/enemies/bios/bio_hero_support_01.dbr,((charLevel*8)^1.50)-20,Hero,sm2,25024.4009,25376.3097,111.0,121.0,41.0,damage_totaladjuster.dbr[3]=16.0(IN-RANGE) armorbase04.dbr[106]=25.0(IN-RANGE),records/proxies/poolsdevotiongdx2/devotion_heroes02.dbr,DEVOTION,172,MEASURED,MEASURED
records/creatures/enemies/devotion/korvaakascended_h04.dbr,1,0,,107|108,107,108,MEASURED-SET,records/creatures/enemies/bios/bio_hero_standard_extrahealth01.dbr,((charLevel*13)^1.50)+20,Hero,sm2,51898.8923,52627.8631,111.0,121.0,41.0,damage_totaladjuster.dbr[3]=16.0(IN-RANGE) armorbase04.dbr[106]=25.0(IN-RANGE),records/proxies/poolsdevotiongdx2/devotion_heroes02.dbr,DEVOTION,172,MEASURED,MEASURED
records/creatures/enemies/devotion/korvaakservant_h01.dbr,1,0,,107|108,107,108,MEASURED-SET,records/creatures/enemies/bios/bio_hero_standard_01.dbr,((charLevel*11)^1.50)-20,Hero,sm2,40359.8493,40927.2425,111.0,121.0,41.0,damage_totaladjuster.dbr[3]=16.0(IN-RANGE) armorbase04.dbr[106]=25.0(IN-RANGE),records/proxies/poolsdevotiongdx2/devotion_heroes03.dbr,DEVOTION,172,MEASURED,MEASURED
records/creatures/enemies/devotion/korvaakservant_h02.dbr,1,0,,107|108,107,108,MEASURED-SET,records/creatures/enemies/bios/bio_hero_standard_01.dbr,((charLevel*11)^1.50)-20,Hero,sm2,40359.8493,40927.2425,111.0,121.0,41.0,damage_totaladjuster.dbr[3]=16.0(IN-RANGE) armorbase04.dbr[106]=25.0(IN-RANGE),records/proxies/poolsdevotiongdx2/devotion_heroes03.dbr,DEVOTION,172,MEASURED,MEASURED
records/creatures/enemies/devotion/korvaakservant_h03.dbr,1,0,,107|108,107,108,MEASURED-SET,records/creatures/enemies/bios/bio_hero_standard_01.dbr,((charLevel*11)^1.50)-20,Hero,sm2,40359.8493,40927.2425,111.0,121.0,41.0,damage_totaladjuster.dbr[3]=16.0(IN-RANGE) armorbase04.dbr[106]=25.0(IN-RANGE),records/proxies/poolsdevotiongdx2/devotion_heroes03.dbr,DEVOTION,172,MEASURED,MEASURED
records/creatures/enemies/devotion/korvaakservant_h04.dbr,1,0,,107|108,107,108,MEASURED-SET,records/creatures/enemies/bios/bio_hero_standard_01.dbr,((charLevel*11)^1.50)-20,Hero,sm2,40359.8493,40927.2425,111.0,121.0,41.0,damage_totaladjuster.dbr[3]=16.0(IN-RANGE) armorbase04.dbr[106]=25.0(IN-RANGE),records/proxies/poolsdevotiongdx2/devotion_heroes03.dbr,DEVOTION,172,MEASURED,MEASURED
records/creatures/enemies/devotion/rhino_h01.dbr,1,0,,107|108,107,108,MEASURED-SET,records/creatures/enemies/bios/bio_hero_standard_01.dbr,((charLevel*11)^1.50)-20,Hero,sm3,40359.8493,40927.2425,111.0,121.0,41.0,damage_totaladjuster.dbr[3]=16.0(IN-RANGE) armorbase04.dbr[106]=25.0(IN-RANGE),records/proxies/poolsdevotiongdx3/devotion_heroes01.dbr|records/proxies/poolsdevotiongdx3/devotion_heroes03.dbr,DEVOTION,172,MEASURED,MEASURED
records/creatures/enemies/devotion/rhino_h02.dbr,1,0,,107|108,107,108,MEASURED-SET,records/creatures/enemies/bios/bio_hero_standard_01.dbr,((charLevel*11)^1.50)-20,Hero,sm3,40359.8493,40927.2425,111.0,121.0,41.0,damage_totaladjuster.dbr[3]=16.0(IN-RANGE) armorbase04.dbr[106]=25.0(IN-RANGE),records/proxies/poolsdevotiongdx3/devotion_heroes01.dbr|records/proxies/poolsdevotiongdx3/devotion_heroes03.dbr,DEVOTION,172,MEASURED,MEASURED
records/creatures/enemies/devotion/rhino_h03.dbr,1,0,,107|108,107,108,MEASURED-SET,records/creatures/enemies/bios/bio_hero_standard_01.dbr,((charLevel*11)^1.50)-20,Hero,sm3,40359.8493,40927.2425,111.0,121.0,41.0,damage_totaladjuster.dbr[3]=16.0(IN-RANGE) armorbase04.dbr[106]=25.0(IN-RANGE),records/proxies/poolsdevotiongdx3/devotion_heroes01.dbr|records/proxies/poolsdevotiongdx3/devotion_heroes03.dbr,DEVOTION,172,MEASURED,MEASURED
records/creatures/enemies/devotion/rhino_h04.dbr,1,0,,107|108,107,108,MEASURED-SET,records/creatures/enemies/bios/bio_hero_standard_01.dbr,((charLevel*11)^1.50)-20,Hero,sm3,40359.8493,40927.2425,111.0,121.0,41.0,damage_totaladjuster.dbr[3]=16.0(IN-RANGE) armorbase04.dbr[106]=25.0(IN-RANGE),records/proxies/poolsdevotiongdx3/devotion_heroes01.dbr|records/proxies/poolsdevotiongdx3/devotion_heroes03.dbr,DEVOTION,172,MEASURED,MEASURED
records/creatures/enemies/devotion/rok_h01.dbr,1,0,,107|108,107,108,MEASURED-SET,records/creatures/enemies/bios/bio_hero_standard_01.dbr,((charLevel*11)^1.50)-20,Hero,sm3,40359.8493,40927.2425,111.0,121.0,49.0,damage_totaladjuster.dbr[5]=24.0(IN-RANGE) armorbase03.dbr[106]=25.0(IN-RANGE),records/proxies/poolsdevotiongdx3/devotion_heroes02.dbr,DEVOTION,172,MEASURED,MEASURED
records/creatures/enemies/devotion/rok_h02.dbr,1,0,,107|108,107,108,MEASURED-SET,records/creatures/enemies/bios/bio_hero_standard_01.dbr,((charLevel*11)^1.50)-20,Hero,sm3,40359.8493,40927.2425,111.0,121.0,49.0,damage_totaladjuster.dbr[5]=24.0(IN-RANGE) armorbase03.dbr[106]=25.0(IN-RANGE),records/proxies/poolsdevotiongdx3/devotion_heroes02.dbr,DEVOTION,172,MEASURED,MEASURED
records/creatures/enemies/devotion/rok_h03.dbr,1,0,,107|108,107,108,MEASURED-SET,records/creatures/enemies/bios/bio_hero_standard_01.dbr,((charLevel*11)^1.50)-20,Hero,sm3,40359.8493,40927.2425,111.0,121.0,49.0,damage_totaladjuster.dbr[5]=24.0(IN-RANGE) armorbase03.dbr[106]=25.0(IN-RANGE),records/proxies/poolsdevotiongdx3/devotion_heroes02.dbr,DEVOTION,172,MEASURED,MEASURED
records/creatures/enemies/devotion/rok_h04.dbr,1,0,,107|108,107,108,MEASURED-SET,records/creatures/enemies/bios/bio_hero_standard_01.dbr,((charLevel*11)^1.50)-20,Hero,sm3,40359.8493,40927.2425,111.0,121.0,49.0,damage_totaladjuster.dbr[5]=24.0(IN-RANGE) armorbase03.dbr[106]=25.0(IN-RANGE),records/proxies/poolsdevotiongdx3/devotion_heroes02.dbr,DEVOTION,172,MEASURED,MEASURED
records/creatures/enemies/devotion/scorpion_h01.dbr,1,0,,107|108,107,108,MEASURED-SET,records/creatures/enemies/bios/bio_hero_standard_01.dbr,((charLevel*11)^1.50)-20,Hero,sm2,40359.8493,40927.2425,111.0,121.0,41.0,damage_totaladjuster.dbr[3]=16.0(IN-RANGE) armorbase04.dbr[106]=25.0(IN-RANGE),records/proxies/poolsdevotiongdx2/devotion_heroes03.dbr,DEVOTION,172,MEASURED,MEASURED
records/creatures/enemies/devotion/scorpion_h02.dbr,1,0,,107|108,107,108,MEASURED-SET,records/creatures/enemies/bios/bio_hero_standard_01.dbr,((charLevel*11)^1.50)-20,Hero,sm2,40359.8493,40927.2425,111.0,121.0,41.0,damage_totaladjuster.dbr[3]=16.0(IN-RANGE) armorbase04.dbr[106]=25.0(IN-RANGE),records/proxies/poolsdevotiongdx2/devotion_heroes03.dbr,DEVOTION,172,MEASURED,MEASURED
records/creatures/enemies/devotion/scorpion_h03.dbr,1,0,,107|108,107,108,MEASURED-SET,records/creatures/enemies/bios/bio_hero_assassin_01.dbr,((charLevel*11)^1.50)-20,Hero,sm2,40359.8493,40927.2425,111.0,121.0,41.0,damage_totaladjuster.dbr[3]=16.0(IN-RANGE) armorbase04.dbr[106]=25.0(IN-RANGE),records/proxies/poolsdevotiongdx2/devotion_heroes03.dbr,DEVOTION,172,MEASURED,MEASURED
records/creatures/enemies/devotion/scorpion_h04.dbr,1,0,,107|108,107,108,MEASURED-SET,records/creatures/enemies/bios/bio_hero_assassin_01.dbr,((charLevel*11)^1.50)-20,Hero,sm2,40359.8493,40927.2425,111.0,121.0,41.0,damage_totaladjuster.dbr[3]=16.0(IN-RANGE) armorbase04.dbr[106]=25.0(IN-RANGE),records/proxies/poolsdevotiongdx2/devotion_heroes03.dbr,DEVOTION,172,MEASURED,MEASURED
records/creatures/enemies/devotion/statue_h01.dbr,1,0,,107|108,107,108,MEASURED-SET,records/creatures/enemies/bios/bio_hero_standard_extrahealth01.dbr,((charLevel*13)^1.50)+20,Hero,sm2,51898.8923,52627.8631,111.0,121.0,41.0,damage_totaladjuster.dbr[3]=16.0(IN-RANGE) armorbase04.dbr[106]=25.0(IN-RANGE),records/proxies/poolsdevotiongdx2/devotion_heroes03.dbr,DEVOTION,172,MEASURED,MEASURED
records/creatures/enemies/devotion/statue_h02.dbr,1,0,,107|108,107,108,MEASURED-SET,records/creatures/enemies/bios/bio_hero_standard_extrahealth01.dbr,((charLevel*13)^1.50)+20,Hero,sm2,51898.8923,52627.8631,111.0,121.0,41.0,damage_totaladjuster.dbr[3]=16.0(IN-RANGE) armorbase04.dbr[106]=25.0(IN-RANGE),records/proxies/poolsdevotiongdx2/devotion_heroes03.dbr,DEVOTION,172,MEASURED,MEASURED
records/creatures/enemies/devotion/statue_h03.dbr,1,0,,107|108,107,108,MEASURED-SET,records/creatures/enemies/bios/bio_hero_standard_extrahealth01.dbr,((charLevel*13)^1.50)+20,Hero,sm2,51898.8923,52627.8631,111.0,121.0,41.0,damage_totaladjuster.dbr[3]=16.0(IN-RANGE) armorbase04.dbr[106]=25.0(IN-RANGE),records/proxies/poolsdevotiongdx2/devotion_heroes03.dbr,DEVOTION,172,MEASURED,MEASURED
records/creatures/enemies/devotion/statue_h04.dbr,1,0,,107|108,107,108,MEASURED-SET,records/creatures/enemies/bios/bio_hero_standard_extrahealth01.dbr,((charLevel*13)^1.50)+20,Hero,sm2,51898.8923,52627.8631,111.0,121.0,41.0,damage_totaladjuster.dbr[3]=16.0(IN-RANGE) armorbase04.dbr[106]=25.0(IN-RANGE),records/proxies/poolsdevotiongdx2/devotion_heroes03.dbr,DEVOTION,172,MEASURED,MEASURED
records/creatures/enemies/devotion/viper_h01.dbr,1,0,,107|108,107,108,MEASURED-SET,records/creatures/enemies/bios/bio_hero_standard_01.dbr,((charLevel*11)^1.50)-20,Hero,sm2,40359.8493,40927.2425,111.0,121.0,41.0,damage_totaladjuster.dbr[3]=16.0(IN-RANGE) armorbase03.dbr[106]=25.0(IN-RANGE),records/proxies/poolsdevotiongdx2/devotion_heroes03.dbr,DEVOTION,172,MEASURED,MEASURED
records/creatures/enemies/devotion/viper_h02.dbr,1,0,,107|108,107,108,MEASURED-SET,records/creatures/enemies/bios/bio_hero_standard_01.dbr,((charLevel*11)^1.50)-20,Hero,sm2,40359.8493,40927.2425,111.0,121.0,41.0,damage_totaladjuster.dbr[3]=16.0(IN-RANGE) armorbase03.dbr[106]=25.0(IN-RANGE),records/proxies/poolsdevotiongdx2/devotion_heroes03.dbr,DEVOTION,172,MEASURED,MEASURED
records/creatures/enemies/devotion/viper_h03.dbr,1,0,,107|108,107,108,MEASURED-SET,records/creatures/enemies/bios/bio_hero_regenerator_01.dbr,((charLevel*9)^1.50)-20,Hero,sm2,29864.0484,30283.9609,111.0,121.0,41.0,damage_totaladjuster.dbr[3]=16.0(IN-RANGE) armorbase03.dbr[106]=25.0(IN-RANGE),records/proxies/poolsdevotiongdx2/devotion_heroes03.dbr,DEVOTION,172,MEASURED,MEASURED
records/creatures/enemies/devotion/viper_h04.dbr,1,0,,107|108,107,108,MEASURED-SET,records/creatures/enemies/bios/bio_hero_standard_01.dbr,((charLevel*11)^1.50)-20,Hero,sm2,40359.8493,40927.2425,111.0,121.0,41.0,damage_totaladjuster.dbr[3]=16.0(IN-RANGE) armorbase03.dbr[106]=25.0(IN-RANGE),records/proxies/poolsdevotiongdx2/devotion_heroes02.dbr,DEVOTION,172,MEASURED,MEASURED
records/creatures/enemies/devotion/wight_h01.dbr,1,0,,107|108,107,108,MEASURED-SET,records/creatures/enemies/bios/bio_hero_support_01.dbr,((charLevel*8)^1.50)-20,Hero,sm3,25024.4009,25376.3097,111.0,121.0,41.0,damage_totaladjuster.dbr[3]=16.0(IN-RANGE) armorbase04.dbr[106]=25.0(IN-RANGE),records/proxies/poolsdevotiongdx3/devotion_heroes02.dbr,DEVOTION,172,MEASURED,MEASURED
records/creatures/enemies/devotion/wight_h02.dbr,1,0,,107|108,107,108,MEASURED-SET,records/creatures/enemies/bios/bio_hero_standard_01.dbr,((charLevel*11)^1.50)-20,Hero,sm3,40359.8493,40927.2425,111.0,121.0,41.0,damage_totaladjuster.dbr[3]=16.0(IN-RANGE) armorbase04.dbr[106]=25.0(IN-RANGE),records/proxies/poolsdevotiongdx3/devotion_heroes02.dbr,DEVOTION,172,MEASURED,MEASURED
records/creatures/enemies/devotion/wight_h03.dbr,1,0,,107|108,107,108,MEASURED-SET,records/creatures/enemies/bios/bio_hero_standard_01.dbr,((charLevel*11)^1.50)-20,Hero,sm3,40359.8493,40927.2425,111.0,121.0,41.0,damage_totaladjuster.dbr[3]=16.0(IN-RANGE) armorbase04.dbr[106]=25.0(IN-RANGE),records/proxies/poolsdevotiongdx3/devotion_heroes02.dbr,DEVOTION,172,MEASURED,MEASURED
records/creatures/enemies/devotion/wight_h04.dbr,1,0,,107|108,107,108,MEASURED-SET,records/creatures/enemies/bios/bio_hero_assassin_01.dbr,((charLevel*11)^1.50)-20,Hero,sm3,40359.8493,40927.2425,111.0,121.0,41.0,damage_totaladjuster.dbr[3]=16.0(IN-RANGE) armorbase04.dbr[106]=25.0(IN-RANGE),records/proxies/poolsdevotiongdx3/devotion_heroes02.dbr,DEVOTION,172,MEASURED,MEASURED
records/creatures/enemies/devotion/yetidire_h01.dbr,1,0,,107|108,107,108,MEASURED-SET,records/creatures/enemies/bios/bio_hero_standard_01.dbr,((charLevel*11)^1.50)-20,Hero,sm3,40359.8493,40927.2425,111.0,121.0,41.0,damage_totaladjuster.dbr[3]=16.0(IN-RANGE) armorbase04.dbr[106]=25.0(IN-RANGE),records/proxies/poolsdevotiongdx3/devotion_heroes02.dbr|records/proxies/poolsdevotiongdx3/devotion_heroes03.dbr,DEVOTION,172,MEASURED,MEASURED
records/creatures/enemies/devotion/yetidire_h02.dbr,1,0,,107|108,107,108,MEASURED-SET,records/creatures/enemies/bios/bio_hero_standard_01.dbr,((charLevel*11)^1.50)-20,Hero,sm3,40359.8493,40927.2425,111.0,121.0,41.0,damage_totaladjuster.dbr[3]=16.0(IN-RANGE) armorbase04.dbr[106]=25.0(IN-RANGE),records/proxies/poolsdevotiongdx3/devotion_heroes02.dbr|records/proxies/poolsdevotiongdx3/devotion_heroes03.dbr,DEVOTION,172,MEASURED,MEASURED
records/creatures/enemies/devotion/yetidire_h03.dbr,1,0,,107|108,107,108,MEASURED-SET,records/creatures/enemies/bios/bio_hero_standard_01.dbr,((charLevel*11)^1.50)-20,Hero,sm3,40359.8493,40927.2425,111.0,121.0,41.0,damage_totaladjuster.dbr[3]=16.0(IN-RANGE) armorbase04.dbr[106]=25.0(IN-RANGE),records/proxies/poolsdevotiongdx3/devotion_heroes02.dbr|records/proxies/poolsdevotiongdx3/devotion_heroes03.dbr,DEVOTION,172,MEASURED,MEASURED
records/creatures/enemies/devotion/yetidire_h04.dbr,1,0,,107|108,107,108,MEASURED-SET,records/creatures/enemies/bios/bio_hero_standard_01.dbr,((charLevel*11)^1.50)-20,Hero,sm3,40359.8493,40927.2425,111.0,121.0,41.0,damage_totaladjuster.dbr[3]=16.0(IN-RANGE) armorbase04.dbr[106]=25.0(IN-RANGE),records/proxies/poolsdevotiongdx3/devotion_heroes02.dbr|records/proxies/poolsdevotiongdx3/devotion_heroes03.dbr,DEVOTION,172,MEASURED,MEASURED
records/creatures/enemies/eldritchwraith_a01.dbr,1,0,,103|104,103,104,MEASURED-SET,records/creatures/enemies/bios/bio_eldritchwraith_a01.dbr,((charLevel*12)^1.33)+30,Common,sm2,12983.4235,13150.9536,69.0,74.0,46.0,damage_totaladjuster.dbr[3]=16.0(IN-RANGE) armorbase02.dbr[102]=30.0(IN-RANGE),records/proxies/poolsbasicgdx2/eldritchwraith_t3.dbr|records/proxies/poolsbasicgdx2/statue_t3.dbr,trash,171|172|173,MEASURED,MEASURED
records/creatures/enemies/eldritchwraith_b01.dbr,1,0,,103|104|105|106,103,106,MEASURED-SET,records/creatures/enemies/bios/bio_eldritchwraith_b01.dbr,((charLevel*17)^1.33)+30,Champion,sm2,20615.9339,21417.1968,69.0,88.0,46.0,damage_totaladjuster.dbr[3]=16.0(IN-RANGE) armorbase02.dbr[102]=30.0(IN-RANGE),records/proxies/poolsbasicgdx2/eldritchwraith_t3.dbr|records/proxies/poolsbasicgdx2/statue_t3.dbr,trash,171|172|173,MEASURED,MEASURED
records/creatures/enemies/eldritchwraith_c01.dbr,1,0,,104|105|106,104,106,MEASURED-SET,records/creatures/enemies/bios/bio_eldritchwraith_c01.dbr,((charLevel*25)^1.33)+30,Champion,sm2,34856.8787,35750.4575,86.0,103.0,41.0,damage_totaladjuster.dbr[3]=16.0(IN-RANGE) armorbase03.dbr[103]=25.0(IN-RANGE),records/proxies/poolsbasicgdx2/eldritchwraith_t3.dbr,trash,172,MEASURED,MEASURED
records/creatures/enemies/ghost_a01_summon.dbr,0,1,records/creatures/enemies/boss&quest/skeletalgolem_stepsoftorment_01.dbr,106|107|108,106,108,DERIVED-INHERITED,records/creatures/enemies/bios/bio_ghost_01.dbr,((charLevel*8)^1.33)+30,Common,sm_mod,7878.1353,8075.6897,88.0,102.0,46.0,damage_totaladjuster.dbr[3]=16.0(IN-RANGE) armorbase01.dbr[105]=30.0(IN-RANGE),,,,MEASURED,MEASURED
records/creatures/enemies/ghost_b01_summon.dbr,0,1,records/creatures/enemies/boss&quest/skeletalgolem_stepsoftorment_01.dbr,106|107|108,106,108,DERIVED-INHERITED,records/creatures/enemies/bios/bio_ghost_02.dbr,((charLevel*14)^1.33)+40,Champion,sm_mod,16559.8876,16975.7285,88.0,102.0,46.0,damage_totaladjuster.dbr[3]=16.0(IN-RANGE) armorbase02.dbr[105]=30.0(IN-RANGE),,,,MEASURED,MEASURED
records/creatures/enemies/ghost_b02_summon.dbr,0,1,records/creatures/enemies/boss&quest/skeletalgolem_stepsoftorment_01.dbr,106|107|108,106,108,DERIVED-INHERITED,records/creatures/enemies/bios/bio_ghost_02.dbr,((charLevel*14)^1.33)+40,Champion,sm_mod,16559.8876,16975.7285,88.0,102.0,46.0,damage_totaladjuster.dbr[3]=16.0(IN-RANGE) armorbase02.dbr[105]=30.0(IN-RANGE),,,,MEASURED,MEASURED
records/creatures/enemies/ghost_b03_summon.dbr,0,1,records/creatures/enemies/boss&quest/skeletalgolem_stepsoftorment_01.dbr,106|107|108,106,108,DERIVED-INHERITED,records/creatures/enemies/bios/bio_ghost_02.dbr,((charLevel*14)^1.33)+40,Champion,sm_mod,16559.8876,16975.7285,103.0,121.0,41.0,damage_totaladjuster.dbr[3]=16.0(IN-RANGE) armorbase03.dbr[105]=25.0(IN-RANGE),,,,MEASURED,MEASURED
records/creatures/enemies/ghost_b04_summon.dbr,0,1,records/creatures/enemies/boss&quest/skeletalgolem_stepsoftorment_01.dbr,106|107|108,106,108,DERIVED-INHERITED,records/creatures/enemies/bios/bio_ghost_02.dbr,((charLevel*14)^1.33)+40,Champion,sm_mod,16559.8876,16975.7285,103.0,121.0,41.0,damage_totaladjuster.dbr[3]=16.0(IN-RANGE) armorbase03.dbr[105]=25.0(IN-RANGE),,,,MEASURED,MEASURED
records/creatures/enemies/gryphon_a01a_summon.dbr,0,1,records/creatures/enemies/boss&quest/gryphon_templeboss.dbr,106|107|108,106,108,DERIVED-INHERITED,records/creatures/enemies/bios/bio_gryphon_a01.dbr,((charLevel*11)^1.5)+100,Champion,sm2,39915.1014,41047.2425,103.0,121.0,116.0,damage_totaladjuster.dbr[3]=16.0(IN-RANGE) armorbase04.dbr[105]=25.0(IN-RANGE) genericphysical_charge.dbr[4]=75.0(CLAMPED-HIGH),,,,MEASURED,MEASURED
records/creatures/enemies/gryphon_b01a_summon.dbr,0,1,records/creatures/enemies/boss&quest/gryphon_templeboss.dbr,106|107|108,106,108,DERIVED-INHERITED,records/creatures/enemies/bios/bio_gryphon_b01.dbr,((charLevel*15)^1.5)+100,Champion,sm2,63500.9385,65303.7422,103.0,121.0,45.0,damage_totaladjuster.dbr[4]=20.0(IN-RANGE) armorbase04.dbr[105]=25.0(IN-RANGE),,,,MEASURED,MEASURED
records/creatures/enemies/gryphonstone_a01.dbr,1,0,,104|105|106,104,106,MEASURED-SET,records/creatures/enemies/bios/bio_gryphon_a01.dbr,((charLevel*11)^1.5)+100,Champion,sm2,38793.591,39915.1014,86.0,103.0,116.0,damage_totaladjuster.dbr[3]=16.0(IN-RANGE) armorbase03.dbr[103]=25.0(IN-RANGE) genericphysical_charge.dbr[4]=75.0(CLAMPED-HIGH),records/proxies/poolsbasicgdx2/gryphonstone_t3.dbr,trash,173|177,MEASURED,MEASURED
records/creatures/enemies/gryphonstone_b01.dbr,1,0,,105|106,105,106,MEASURED-SET,records/creatures/enemies/bios/bio_gryphon_b01.dbr,((charLevel*15)^1.5)+100,Champion,sm2,62605.8747,63500.9385,94.0,103.0,45.0,damage_totaladjuster.dbr[4]=20.0(IN-RANGE) armorbase03.dbr[104]=25.0(IN-RANGE),records/proxies/poolsbasicgdx2/gryphonstone_t3.dbr,trash,173|177,MEASURED,MEASURED
records/creatures/enemies/gryphonstone_c01.dbr,1,0,,105|106,105,106,MEASURED-SET,records/creatures/enemies/bios/bio_gryphon_c01.dbr,((charLevel*17)^1.5)+200,Champion,sm2,75614.9297,76694.8469,94.0,103.0,49.0,damage_totaladjuster.dbr[5]=24.0(IN-RANGE) armorbase04.dbr[104]=25.0(IN-RANGE),records/proxies/poolsbasicgdx2/gryphonstone_t3.dbr,trash,173|177,MEASURED,MEASURED
records/creatures/enemies/hero/aetherialcolossus_h01.dbr,1,0,,107|108,107,108,MEASURED-SET,records/creatures/enemies/bios/bio_hero_standard_extrahealth01.dbr,((charLevel*13)^1.50)+20,Hero,sm1,51898.8923,52627.8631,111.0,121.0,41.0,damage_totaladjuster.dbr[3]=16.0(IN-RANGE) armorbase04.dbr[106]=25.0(IN-RANGE),records/proxies/poolsherogdx1/aetherialcolossus_hero.dbr,HERO,177,MEASURED,MEASURED
records/creatures/enemies/hero/aetherialcolossus_h02.dbr,1,0,,107|108,107,108,MEASURED-SET,records/creatures/enemies/bios/bio_hero_standard_extrahealth01.dbr,((charLevel*13)^1.50)+20,Hero,sm1,51898.8923,52627.8631,111.0,121.0,41.0,damage_totaladjuster.dbr[3]=16.0(IN-RANGE) armorbase04.dbr[106]=25.0(IN-RANGE),records/proxies/poolsherogdx1/aetherialcolossus_hero.dbr,HERO,177,MEASURED,MEASURED
records/creatures/enemies/hero/aetherialcolossus_h03.dbr,1,0,,107|108,107,108,MEASURED-SET,records/creatures/enemies/bios/bio_hero_standard_extrahealth01.dbr,((charLevel*13)^1.50)+20,Hero,sm1,51898.8923,52627.8631,111.0,121.0,41.0,damage_totaladjuster.dbr[3]=16.0(IN-RANGE) armorbase04.dbr[106]=25.0(IN-RANGE),records/proxies/poolsherogdx1/aetherialcolossus_hero.dbr,HERO,177,MEASURED,MEASURED
records/creatures/enemies/hero/aetherialcolossus_h04.dbr,1,0,,107|108,107,108,MEASURED-SET,records/creatures/enemies/bios/bio_hero_standard_extrahealth01.dbr,((charLevel*13)^1.50)+20,Hero,sm1,51898.8923,52627.8631,111.0,121.0,41.0,damage_totaladjuster.dbr[3]=16.0(IN-RANGE) armorbase04.dbr[106]=25.0(IN-RANGE),records/proxies/poolsherogdx1/aetherialcolossus_hero.dbr,HERO,177,MEASURED,MEASURED
records/creatures/enemies/hero/aetherialcolossus_h05.dbr,1,0,,107|108,107,108,MEASURED-SET,records/creatures/enemies/bios/bio_hero_standard_extrahealth01.dbr,((charLevel*13)^1.50)+20,Hero,sm3,51898.8923,52627.8631,111.0,121.0,41.0,damage_totaladjuster.dbr[3]=16.0(IN-RANGE) armorbase04.dbr[106]=25.0(IN-RANGE),records/proxies/poolsherogdx1/aetherialcolossus_hero.dbr,HERO,177,MEASURED,MEASURED
records/creatures/enemies/hero/aetherialcorruption_h01.dbr,1,0,,107|108,107,108,MEASURED-SET,records/creatures/enemies/bios/bio_hero_standard_01.dbr,((charLevel*11)^1.50)-20,Hero,sm1,40359.8493,40927.2425,111.0,121.0,41.0,damage_totaladjuster.dbr[3]=16.0(IN-RANGE) armorbase03.dbr[106]=25.0(IN-RANGE),records/proxies/poolsherogdx1/aetherialcorruption_hero.dbr,HERO,177,MEASURED,MEASURED
records/creatures/enemies/hero/aetherialcorruption_h02.dbr,1,0,,107|108,107,108,MEASURED-SET,records/creatures/enemies/bios/bio_hero_standard_01.dbr,((charLevel*11)^1.50)-20,Hero,sm1,40359.8493,40927.2425,111.0,121.0,41.0,damage_totaladjuster.dbr[3]=16.0(IN-RANGE) armorbase03.dbr[106]=25.0(IN-RANGE),records/proxies/poolsherogdx1/aetherialcorruption_hero.dbr,HERO,177,MEASURED,MEASURED
records/creatures/enemies/hero/aetherialcorruption_h03.dbr,1,0,,107|108,107,108,MEASURED-SET,records/creatures/enemies/bios/bio_hero_standard_01.dbr,((charLevel*11)^1.50)-20,Hero,sm1,40359.8493,40927.2425,111.0,121.0,41.0,damage_totaladjuster.dbr[3]=16.0(IN-RANGE) armorbase03.dbr[106]=25.0(IN-RANGE),records/proxies/poolsherogdx1/aetherialcorruption_hero.dbr,HERO,177,MEASURED,MEASURED
records/creatures/enemies/hero/aetherialcorruption_h04.dbr,1,0,,107|108,107,108,MEASURED-SET,records/creatures/enemies/bios/bio_hero_standard_01.dbr,((charLevel*11)^1.50)-20,Hero,sm1,40359.8493,40927.2425,111.0,121.0,41.0,damage_totaladjuster.dbr[3]=16.0(IN-RANGE) armorbase03.dbr[106]=25.0(IN-RANGE),records/proxies/poolsherogdx1/aetherialcorruption_hero.dbr,HERO,177,MEASURED,MEASURED
records/creatures/enemies/hero/aetherialcorruption_h05.dbr,1,0,,107|108,107,108,MEASURED-SET,records/creatures/enemies/bios/bio_hero_standard_01.dbr,((charLevel*11)^1.50)-20,Hero,sm3,40359.8493,40927.2425,111.0,121.0,41.0,damage_totaladjuster.dbr[3]=16.0(IN-RANGE) armorbase03.dbr[106]=25.0(IN-RANGE),records/proxies/poolsherogdx1/aetherialcorruption_hero.dbr,HERO,177,MEASURED,MEASURED
records/creatures/enemies/hero/beetle_h01.dbr,1,0,,107|108,107,108,MEASURED-SET,records/creatures/enemies/bios/bio_hero_standard_01.dbr,((charLevel*11)^1.50)-20,Hero,sm2,40359.8493,40927.2425,111.0,121.0,41.0,damage_totaladjuster.dbr[3]=16.0(IN-RANGE) armorbase04.dbr[106]=25.0(IN-RANGE),records/proxies/poolsherogdx2/beetle_hero.dbr,HERO,177,MEASURED,MEASURED
records/creatures/enemies/hero/beetle_h02.dbr,1,0,,107|108,107,108,MEASURED-SET,records/creatures/enemies/bios/bio_hero_standard_01.dbr,((charLevel*11)^1.50)-20,Hero,sm2,40359.8493,40927.2425,111.0,121.0,41.0,damage_totaladjuster.dbr[3]=16.0(IN-RANGE) armorbase04.dbr[106]=25.0(IN-RANGE),records/proxies/poolsherogdx2/beetle_hero.dbr,HERO,177,MEASURED,MEASURED
records/creatures/enemies/hero/beetle_h03.dbr,1,0,,107|108,107,108,MEASURED-SET,records/creatures/enemies/bios/bio_hero_support_01.dbr,((charLevel*8)^1.50)-20,Hero,sm2,25024.4009,25376.3097,111.0,121.0,41.0,damage_totaladjuster.dbr[3]=16.0(IN-RANGE) armorbase04.dbr[106]=25.0(IN-RANGE),records/proxies/poolsherogdx2/beetle_hero.dbr,HERO,177,MEASURED,MEASURED
records/creatures/enemies/hero/beetle_h04.dbr,1,0,,107|108,107,108,MEASURED-SET,records/creatures/enemies/bios/bio_hero_standard_01.dbr,((charLevel*11)^1.50)-20,Hero,sm2,40359.8493,40927.2425,111.0,121.0,41.0,damage_totaladjuster.dbr[3]=16.0(IN-RANGE) armorbase04.dbr[106]=25.0(IN-RANGE),records/proxies/poolsherogdx2/beetle_hero.dbr,HERO,177,MEASURED,MEASURED
records/creatures/enemies/hero/beetle_h05.dbr,1,0,,107|108,107,108,MEASURED-SET,records/creatures/enemies/bios/bio_hero_standard_01.dbr,((charLevel*11)^1.50)-20,Hero,sm3,40359.8493,40927.2425,111.0,121.0,41.0,damage_totaladjuster.dbr[3]=16.0(IN-RANGE) armorbase04.dbr[106]=25.0(IN-RANGE),records/proxies/poolsherogdx2/beetle_hero.dbr,HERO,177,MEASURED,MEASURED
records/creatures/enemies/hero/chthonianservitor_h01.dbr,1,0,,107|108,107,108,MEASURED-SET,records/creatures/enemies/bios/bio_hero_standard_01.dbr,((charLevel*11)^1.50)-20,Hero,sm1,40359.8493,40927.2425,111.0,121.0,41.0,damage_totaladjuster.dbr[3]=16.0(IN-RANGE) armorbase04.dbr[106]=25.0(IN-RANGE),records/proxies/poolsherogdx1/chthonianservitor_hero.dbr,HERO,178,MEASURED,MEASURED
records/creatures/enemies/hero/chthonianservitor_h02.dbr,1,0,,107|108,107,108,MEASURED-SET,records/creatures/enemies/bios/bio_hero_standard_01.dbr,((charLevel*11)^1.50)-20,Hero,sm1,40359.8493,40927.2425,111.0,121.0,41.0,damage_totaladjuster.dbr[3]=16.0(IN-RANGE) armorbase04.dbr[106]=25.0(IN-RANGE),records/proxies/poolsherogdx1/chthonianservitor_hero.dbr,HERO,178,MEASURED,MEASURED
records/creatures/enemies/hero/chthonianservitor_h03.dbr,1,0,,107|108,107,108,MEASURED-SET,records/creatures/enemies/bios/bio_hero_standard_01.dbr,((charLevel*11)^1.50)-20,Hero,sm1,40359.8493,40927.2425,111.0,121.0,41.0,damage_totaladjuster.dbr[3]=16.0(IN-RANGE) armorbase04.dbr[106]=25.0(IN-RANGE),records/proxies/poolsherogdx1/chthonianservitor_hero.dbr,HERO,178,MEASURED,MEASURED
records/creatures/enemies/hero/chthonianservitor_h04.dbr,1,0,,107|108,107,108,MEASURED-SET,records/creatures/enemies/bios/bio_hero_standard_01.dbr,((charLevel*11)^1.50)-20,Hero,sm1,40359.8493,40927.2425,111.0,121.0,41.0,damage_totaladjuster.dbr[3]=16.0(IN-RANGE) armorbase04.dbr[106]=25.0(IN-RANGE),records/proxies/poolsherogdx1/chthonianservitor_hero.dbr,HERO,178,MEASURED,MEASURED
records/creatures/enemies/hero/chthonianservitor_h05.dbr,1,0,,107|108,107,108,MEASURED-SET,records/creatures/enemies/bios/bio_hero_standard_01.dbr,((charLevel*11)^1.50)-20,Hero,sm3,40359.8493,40927.2425,111.0,121.0,41.0,damage_totaladjuster.dbr[3]=16.0(IN-RANGE) armorbase04.dbr[106]=25.0(IN-RANGE),records/proxies/poolsherogdx1/chthonianservitor_hero.dbr,HERO,178,MEASURED,MEASURED
records/creatures/enemies/hero/eldritchhound_h01.dbr,1,0,,107|108,107,108,MEASURED-SET,records/creatures/enemies/bios/bio_hero_standard_01.dbr,((charLevel*11)^1.50)-20,Hero,sm2,40359.8493,40927.2425,111.0,121.0,41.0,damage_totaladjuster.dbr[3]=16.0(IN-RANGE) armorbase03.dbr[106]=25.0(IN-RANGE),records/proxies/poolsherogdx2/eldritchhound_hero.dbr,HERO,173,MEASURED,MEASURED
records/creatures/enemies/hero/eldritchhound_h02.dbr,1,0,,107|108,107,108,MEASURED-SET,records/creatures/enemies/bios/bio_hero_assassin_01.dbr,((charLevel*11)^1.50)-20,Hero,sm2,40359.8493,40927.2425,111.0,121.0,41.0,damage_totaladjuster.dbr[3]=16.0(IN-RANGE) armorbase03.dbr[106]=25.0(IN-RANGE),records/proxies/poolsherogdx2/eldritchhound_hero.dbr,HERO,173,MEASURED,MEASURED
records/creatures/enemies/hero/eldritchhound_h03.dbr,1,0,,107|108,107,108,MEASURED-SET,records/creatures/enemies/bios/bio_hero_assassin_01.dbr,((charLevel*11)^1.50)-20,Hero,sm2,40359.8493,40927.2425,111.0,121.0,41.0,damage_totaladjuster.dbr[3]=16.0(IN-RANGE) armorbase03.dbr[106]=25.0(IN-RANGE),records/proxies/poolsherogdx2/eldritchhound_hero.dbr,HERO,173,MEASURED,MEASURED
records/creatures/enemies/hero/eldritchhound_h04.dbr,1,0,,107|108,107,108,MEASURED-SET,records/creatures/enemies/bios/bio_hero_standard_01.dbr,((charLevel*11)^1.50)-20,Hero,sm2,40359.8493,40927.2425,111.0,121.0,41.0,damage_totaladjuster.dbr[3]=16.0(IN-RANGE) armorbase03.dbr[106]=25.0(IN-RANGE),records/proxies/poolsherogdx2/eldritchhound_hero.dbr,HERO,173,MEASURED,MEASURED
records/creatures/enemies/hero/eldritchhound_h05.dbr,1,0,,107|108,107,108,MEASURED-SET,records/creatures/enemies/bios/bio_hero_standard_01.dbr,((charLevel*11)^1.50)-20,Hero,sm3,40359.8493,40927.2425,111.0,121.0,41.0,damage_totaladjuster.dbr[3]=16.0(IN-RANGE) armorbase03.dbr[106]=25.0(IN-RANGE),records/proxies/poolsherogdx2/eldritchhound_hero.dbr,HERO,173,MEASURED,MEASURED
records/creatures/enemies/hero/eldritchwraith_h01.dbr,1,0,,107|108,107,108,MEASURED-SET,records/creatures/enemies/bios/bio_hero_standard_01.dbr,((charLevel*11)^1.50)-20,Hero,sm2,40359.8493,40927.2425,111.0,121.0,41.0,damage_totaladjuster.dbr[3]=16.0(IN-RANGE) armorbase03.dbr[106]=25.0(IN-RANGE),records/proxies/poolsherogdx2/eldritchwraith_hero.dbr,HERO,175,MEASURED,MEASURED
records/creatures/enemies/hero/eldritchwraith_h02.dbr,1,0,,107|108,107,108,MEASURED-SET,records/creatures/enemies/bios/bio_hero_standard_01.dbr,((charLevel*11)^1.50)-20,Hero,sm2,40359.8493,40927.2425,111.0,121.0,41.0,damage_totaladjuster.dbr[3]=16.0(IN-RANGE) armorbase03.dbr[106]=25.0(IN-RANGE),records/proxies/poolsherogdx2/eldritchwraith_hero.dbr,HERO,175,MEASURED,MEASURED
records/creatures/enemies/hero/eldritchwraith_h03.dbr,1,0,,107|108,107,108,MEASURED-SET,records/creatures/enemies/bios/bio_hero_standard_01.dbr,((charLevel*11)^1.50)-20,Hero,sm2,40359.8493,40927.2425,111.0,121.0,41.0,damage_totaladjuster.dbr[3]=16.0(IN-RANGE) armorbase03.dbr[106]=25.0(IN-RANGE),records/proxies/poolsherogdx2/eldritchwraith_hero.dbr,HERO,175,MEASURED,MEASURED
records/creatures/enemies/hero/eldritchwraith_h04.dbr,1,0,,107|108,107,108,MEASURED-SET,records/creatures/enemies/bios/bio_hero_regenerator_01.dbr,((charLevel*9)^1.50)-20,Hero,sm2,29864.0484,30283.9609,111.0,121.0,41.0,damage_totaladjuster.dbr[3]=16.0(IN-RANGE) armorbase03.dbr[106]=25.0(IN-RANGE),records/proxies/poolsherogdx2/eldritchwraith_hero.dbr,HERO,175,MEASURED,MEASURED
records/creatures/enemies/hero/eldritchwraith_h05.dbr,1,0,,107|108,107,108,MEASURED-SET,records/creatures/enemies/bios/bio_hero_regenerator_01.dbr,((charLevel*9)^1.50)-20,Hero,sm3,29864.0484,30283.9609,111.0,121.0,41.0,damage_totaladjuster.dbr[3]=16.0(IN-RANGE) armorbase03.dbr[106]=25.0(IN-RANGE),records/proxies/poolsherogdx2/eldritchwraith_hero.dbr,HERO,175,MEASURED,MEASURED
records/creatures/enemies/hero/gargoyle_h01.dbr,1,0,,107|108,107,108,MEASURED-SET,records/creatures/enemies/bios/bio_hero_standard_extrahealth01.dbr,((charLevel*13)^1.50)+20,Hero,sm2,51898.8923,52627.8631,111.0,121.0,41.0,damage_totaladjuster.dbr[3]=16.0(IN-RANGE) armorbase04.dbr[106]=25.0(IN-RANGE),records/proxies/poolsherogdx2/gargoyle_hero.dbr,HERO,171|175|178,MEASURED,MEASURED
records/creatures/enemies/hero/gargoyle_h02.dbr,1,0,,107|108,107,108,MEASURED-SET,records/creatures/enemies/bios/bio_hero_standard_extrahealth01.dbr,((charLevel*13)^1.50)+20,Hero,sm2,51898.8923,52627.8631,111.0,121.0,41.0,damage_totaladjuster.dbr[3]=16.0(IN-RANGE) armorbase04.dbr[106]=25.0(IN-RANGE),records/proxies/poolsherogdx2/gargoyle_hero.dbr,HERO,171|175|178,MEASURED,MEASURED
records/creatures/enemies/hero/gargoyle_h03.dbr,1,0,,107|108,107,108,MEASURED-SET,records/creatures/enemies/bios/bio_hero_standard_extrahealth01.dbr,((charLevel*13)^1.50)+20,Hero,sm2,51898.8923,52627.8631,111.0,121.0,41.0,damage_totaladjuster.dbr[3]=16.0(IN-RANGE) armorbase04.dbr[106]=25.0(IN-RANGE),records/proxies/poolsherogdx2/gargoyle_hero.dbr,HERO,171|175|178,MEASURED,MEASURED
records/creatures/enemies/hero/gargoyle_h04.dbr,1,0,,107|108,107,108,MEASURED-SET,records/creatures/enemies/bios/bio_hero_standard_extrahealth01.dbr,((charLevel*13)^1.50)+20,Hero,sm2,51898.8923,52627.8631,111.0,121.0,41.0,damage_totaladjuster.dbr[3]=16.0(IN-RANGE) armorbase04.dbr[106]=25.0(IN-RANGE),records/proxies/poolsherogdx2/gargoyle_hero.dbr,HERO,171|175|178,MEASURED,MEASURED
records/creatures/enemies/hero/gargoyle_h05.dbr,1,0,,107|108,107,108,MEASURED-SET,records/creatures/enemies/bios/bio_hero_standard_extrahealth01.dbr,((charLevel*13)^1.50)+20,Hero,sm3,51898.8923,52627.8631,111.0,121.0,41.0,damage_totaladjuster.dbr[3]=16.0(IN-RANGE) armorbase04.dbr[106]=25.0(IN-RANGE),records/proxies/poolsherogdx2/gargoyle_hero.dbr,HERO,171|175|178,MEASURED,MEASURED
records/creatures/enemies/hero/giant_h01.dbr,1,0,,107|108,107,108,MEASURED-SET,records/creatures/enemies/bios/bio_hero_standard_extrahealth01.dbr,((charLevel*13)^1.50)+20,Hero,sm3,51898.8923,52627.8631,111.0,121.0,49.0,damage_totaladjuster.dbr[5]=24.0(IN-RANGE) armorbase04.dbr[106]=25.0(IN-RANGE),records/proxies/poolsherogdx3/giant_hero.dbr,HERO,176,MEASURED,MEASURED
records/creatures/enemies/hero/giant_h02.dbr,1,0,,107|108,107,108,MEASURED-SET,records/creatures/enemies/bios/bio_hero_standard_extrahealth01.dbr,((charLevel*13)^1.50)+20,Hero,sm3,51898.8923,52627.8631,111.0,121.0,49.0,damage_totaladjuster.dbr[5]=24.0(IN-RANGE) armorbase04.dbr[106]=25.0(IN-RANGE),records/proxies/poolsherogdx3/giant_hero.dbr,HERO,176,MEASURED,MEASURED
records/creatures/enemies/hero/giant_h03.dbr,1,0,,107|108,107,108,MEASURED-SET,records/creatures/enemies/bios/bio_hero_standard_extrahealth01.dbr,((charLevel*13)^1.50)+20,Hero,sm3,51898.8923,52627.8631,111.0,121.0,49.0,damage_totaladjuster.dbr[5]=24.0(IN-RANGE) armorbase04.dbr[106]=25.0(IN-RANGE),records/proxies/poolsherogdx3/giant_hero.dbr,HERO,176,MEASURED,MEASURED
records/creatures/enemies/hero/giant_h04.dbr,1,0,,107|108,107,108,MEASURED-SET,records/creatures/enemies/bios/bio_hero_standard_extrahealth01.dbr,((charLevel*13)^1.50)+20,Hero,sm3,51898.8923,52627.8631,111.0,121.0,49.0,damage_totaladjuster.dbr[5]=24.0(IN-RANGE) armorbase04.dbr[106]=25.0(IN-RANGE),records/proxies/poolsherogdx3/giant_hero.dbr,HERO,176,MEASURED,MEASURED
records/creatures/enemies/hero/gryphon_h01.dbr,1,0,,107|108,107,108,MEASURED-SET,records/creatures/enemies/bios/bio_hero_assassin_01.dbr,((charLevel*11)^1.50)-20,Hero,sm3,40359.8493,40927.2425,111.0,121.0,41.0,damage_totaladjuster.dbr[3]=16.0(IN-RANGE) armorbase04.dbr[106]=25.0(IN-RANGE),records/proxies/poolsherogdx2/gryphon_hero.dbr,HERO,178,MEASURED,MEASURED
records/creatures/enemies/hero/gryphon_h02.dbr,1,0,,107|108,107,108,MEASURED-SET,records/creatures/enemies/bios/bio_hero_assassin_01.dbr,((charLevel*11)^1.50)-20,Hero,sm3,40359.8493,40927.2425,111.0,121.0,41.0,damage_totaladjuster.dbr[3]=16.0(IN-RANGE) armorbase04.dbr[106]=25.0(IN-RANGE),records/proxies/poolsherogdx2/gryphon_hero.dbr,HERO,178,MEASURED,MEASURED
records/creatures/enemies/hero/gryphon_h03.dbr,1,0,,107|108,107,108,MEASURED-SET,records/creatures/enemies/bios/bio_hero_support_01.dbr,((charLevel*8)^1.50)-20,Hero,sm3,25024.4009,25376.3097,111.0,121.0,41.0,damage_totaladjuster.dbr[3]=16.0(IN-RANGE) armorbase04.dbr[106]=25.0(IN-RANGE),records/proxies/poolsherogdx2/gryphon_hero.dbr,HERO,178,MEASURED,MEASURED
records/creatures/enemies/hero/gryphon_h04.dbr,1,0,,107|108,107,108,MEASURED-SET,records/creatures/enemies/bios/bio_hero_regenerator_01.dbr,((charLevel*9)^1.50)-20,Hero,sm3,29864.0484,30283.9609,111.0,121.0,41.0,damage_totaladjuster.dbr[3]=16.0(IN-RANGE) armorbase04.dbr[106]=25.0(IN-RANGE),records/proxies/poolsherogdx2/gryphon_hero.dbr,HERO,178,MEASURED,MEASURED
records/creatures/enemies/hero/gryphon_h05.dbr,1,0,,107|108,107,108,MEASURED-SET,records/creatures/enemies/bios/bio_hero_regenerator_01.dbr,((charLevel*9)^1.50)-20,Hero,sm3,29864.0484,30283.9609,111.0,121.0,41.0,damage_totaladjuster.dbr[3]=16.0(IN-RANGE) armorbase04.dbr[106]=25.0(IN-RANGE),records/proxies/poolsherogdx2/gryphon_hero.dbr,HERO,178,MEASURED,MEASURED
records/creatures/enemies/hero/human_ascended_h01.dbr,1,0,,107|108,107,108,MEASURED-SET,records/creatures/enemies/bios/bio_hero_standard_01.dbr,((charLevel*11)^1.50)-20,Hero,sm1,40359.8493,40927.2425,111.0,121.0,41.0,damage_totaladjuster.dbr[3]=16.0(IN-RANGE) armorbase03.dbr[106]=25.0(IN-RANGE),records/proxies/poolsherogdx1/humanascended_hero.dbr,HERO,173,MEASURED,MEASURED
records/creatures/enemies/hero/human_ascended_h02.dbr,1,0,,107|108,107,108,MEASURED-SET,records/creatures/enemies/bios/bio_hero_standard_01.dbr,((charLevel*11)^1.50)-20,Hero,sm1,40359.8493,40927.2425,111.0,121.0,41.0,damage_totaladjuster.dbr[3]=16.0(IN-RANGE) armorbase03.dbr[106]=25.0(IN-RANGE),records/proxies/poolsherogdx1/humanascended_hero.dbr,HERO,173,MEASURED,MEASURED
records/creatures/enemies/hero/human_ascended_h03.dbr,1,0,,107|108,107,108,MEASURED-SET,records/creatures/enemies/bios/bio_hero_standard_01.dbr,((charLevel*11)^1.50)-20,Hero,sm1,40359.8493,40927.2425,111.0,121.0,41.0,damage_totaladjuster.dbr[3]=16.0(IN-RANGE) armorbase03.dbr[106]=25.0(IN-RANGE),records/proxies/poolsherogdx1/humanascended_hero.dbr,HERO,173,MEASURED,MEASURED
records/creatures/enemies/hero/human_ascended_h04.dbr,1,0,,107|108,107,108,MEASURED-SET,records/creatures/enemies/bios/bio_hero_standard_01.dbr,((charLevel*11)^1.50)-20,Hero,sm1,40359.8493,40927.2425,111.0,121.0,41.0,damage_totaladjuster.dbr[3]=16.0(IN-RANGE) armorbase03.dbr[106]=25.0(IN-RANGE),records/proxies/poolsherogdx1/humanascended_hero.dbr,HERO,173,MEASURED,MEASURED
records/creatures/enemies/hero/human_ascended_h05.dbr,1,0,,107|108,107,108,MEASURED-SET,records/creatures/enemies/bios/bio_hero_standard_01.dbr,((charLevel*11)^1.50)-20,Hero,sm3,40359.8493,40927.2425,111.0,121.0,41.0,damage_totaladjuster.dbr[3]=16.0(IN-RANGE) armorbase03.dbr[106]=25.0(IN-RANGE),records/proxies/poolsherogdx1/humanascended_hero.dbr,HERO,173,MEASURED,MEASURED
records/creatures/enemies/hero/human_chthonickurn_h01.dbr,1,0,,107|108,107,108,MEASURED-SET,records/creatures/enemies/bios/bio_hero_support_01.dbr,((charLevel*8)^1.50)-20,Hero,sm3,25024.4009,25376.3097,111.0,121.0,41.0,damage_totaladjuster.dbr[3]=16.0(IN-RANGE) armorbase03.dbr[106]=25.0(IN-RANGE),records/proxies/poolsherogdx3/humankurn_hero.dbr,HERO,172,MEASURED,MEASURED
records/creatures/enemies/hero/human_chthonickurn_h02.dbr,1,0,,107|108,107,108,MEASURED-SET,records/creatures/enemies/bios/bio_hero_support_01.dbr,((charLevel*8)^1.50)-20,Hero,sm3,25024.4009,25376.3097,111.0,121.0,41.0,damage_totaladjuster.dbr[3]=16.0(IN-RANGE) armorbase03.dbr[106]=25.0(IN-RANGE),records/proxies/poolsherogdx3/humankurn_hero.dbr,HERO,172,MEASURED,MEASURED
records/creatures/enemies/hero/human_chthonickurn_h03.dbr,1,0,,107|108,107,108,MEASURED-SET,records/creatures/enemies/bios/bio_hero_standard_01.dbr,((charLevel*11)^1.50)-20,Hero,sm3,40359.8493,40927.2425,111.0,121.0,41.0,damage_totaladjuster.dbr[3]=16.0(IN-RANGE) armorbase03.dbr[106]=25.0(IN-RANGE),records/proxies/poolsherogdx3/humankurn_hero.dbr,HERO,172,MEASURED,MEASURED
records/creatures/enemies/hero/human_chthonickurn_h04.dbr,1,0,,107|108,107,108,MEASURED-SET,records/creatures/enemies/bios/bio_hero_standard_01.dbr,((charLevel*11)^1.50)-20,Hero,sm3,40359.8493,40927.2425,111.0,121.0,41.0,damage_totaladjuster.dbr[3]=16.0(IN-RANGE) armorbase03.dbr[106]=25.0(IN-RANGE),records/proxies/poolsherogdx3/humankurn_hero.dbr,HERO,172,MEASURED,MEASURED
records/creatures/enemies/hero/human_korvaak_h01.dbr,1,0,,107|108,107,108,MEASURED-SET,records/creatures/enemies/bios/bio_hero_standard_01.dbr,((charLevel*11)^1.50)-20,Hero,sm2,40359.8493,40927.2425,111.0,121.0,41.0,damage_totaladjuster.dbr[3]=16.0(IN-RANGE) armorbase03.dbr[106]=25.0(IN-RANGE),records/proxies/poolsherogdx2/human_korvaak.dbr,HERO,172,MEASURED,MEASURED
records/creatures/enemies/hero/human_korvaak_h02.dbr,1,0,,107|108,107,108,MEASURED-SET,records/creatures/enemies/bios/bio_hero_standard_01.dbr,((charLevel*11)^1.50)-20,Hero,sm2,40359.8493,40927.2425,111.0,121.0,41.0,damage_totaladjuster.dbr[3]=16.0(IN-RANGE) armorbase03.dbr[106]=25.0(IN-RANGE),records/proxies/poolsherogdx2/human_korvaak.dbr,HERO,172,MEASURED,MEASURED
records/creatures/enemies/hero/human_korvaak_h03.dbr,1,0,,107|108,107,108,MEASURED-SET,records/creatures/enemies/bios/bio_hero_support_01.dbr,((charLevel*8)^1.50)-20,Hero,sm2,25024.4009,25376.3097,111.0,121.0,41.0,damage_totaladjuster.dbr[3]=16.0(IN-RANGE) armorbase03.dbr[106]=25.0(IN-RANGE),records/proxies/poolsherogdx2/human_korvaak.dbr,HERO,172,MEASURED,MEASURED
records/creatures/enemies/hero/human_korvaak_h04.dbr,1,0,,107|108,107,108,MEASURED-SET,records/creatures/enemies/bios/bio_hero_standard_01.dbr,((charLevel*11)^1.50)-20,Hero,sm2,40359.8493,40927.2425,111.0,121.0,41.0,damage_totaladjuster.dbr[3]=16.0(IN-RANGE) armorbase03.dbr[106]=25.0(IN-RANGE),records/proxies/poolsherogdx2/human_korvaak.dbr,HERO,172,MEASURED,MEASURED
records/creatures/enemies/hero/human_korvaak_h05.dbr,1,0,,107|108,107,108,MEASURED-SET,records/creatures/enemies/bios/bio_hero_standard_01.dbr,((charLevel*11)^1.50)-20,Hero,sm3,40359.8493,40927.2425,111.0,121.0,41.0,damage_totaladjuster.dbr[3]=16.0(IN-RANGE) armorbase03.dbr[106]=25.0(IN-RANGE),records/proxies/poolsherogdx2/human_korvaak.dbr,HERO,172,MEASURED,MEASURED
records/creatures/enemies/hero/hypporaven_h01.dbr,1,0,,107|108,107,108,MEASURED-SET,records/creatures/enemies/bios/bio_hero_assassin_01.dbr,((charLevel*11)^1.50)-20,Hero,sm3,40359.8493,40927.2425,111.0,121.0,41.0,damage_totaladjuster.dbr[3]=16.0(IN-RANGE) armorbase04.dbr[106]=25.0(IN-RANGE),records/proxies/poolsherogdx3/hypporaven_hero.dbr,HERO,176,MEASURED,MEASURED
records/creatures/enemies/hero/hypporaven_h02.dbr,1,0,,107|108,107,108,MEASURED-SET,records/creatures/enemies/bios/bio_hero_standard_01.dbr,((charLevel*11)^1.50)-20,Hero,sm3,40359.8493,40927.2425,111.0,121.0,41.0,damage_totaladjuster.dbr[3]=16.0(IN-RANGE) armorbase04.dbr[106]=25.0(IN-RANGE),records/proxies/poolsherogdx3/hypporaven_hero.dbr,HERO,176,MEASURED,MEASURED
records/creatures/enemies/hero/hypporaven_h03.dbr,1,0,,107|108,107,108,MEASURED-SET,records/creatures/enemies/bios/bio_hero_standard_01.dbr,((charLevel*11)^1.50)-20,Hero,sm3,40359.8493,40927.2425,111.0,121.0,41.0,damage_totaladjuster.dbr[3]=16.0(IN-RANGE) armorbase04.dbr[106]=25.0(IN-RANGE),records/proxies/poolsherogdx3/hypporaven_hero.dbr,HERO,176,MEASURED,MEASURED
records/creatures/enemies/hero/hypporaven_h04.dbr,1,0,,107|108,107,108,MEASURED-SET,records/creatures/enemies/bios/bio_hero_support_01.dbr,((charLevel*8)^1.50)-20,Hero,sm3,25024.4009,25376.3097,111.0,121.0,41.0,damage_totaladjuster.dbr[3]=16.0(IN-RANGE) armorbase04.dbr[106]=25.0(IN-RANGE),records/proxies/poolsherogdx3/hypporaven_hero.dbr,HERO,176,MEASURED,MEASURED
records/creatures/enemies/hero/rhino_h01.dbr,1,0,,107|108,107,108,MEASURED-SET,records/creatures/enemies/bios/bio_hero_standard_01.dbr,((charLevel*11)^1.50)-20,Hero,sm3,40359.8493,40927.2425,111.0,121.0,41.0,damage_totaladjuster.dbr[3]=16.0(IN-RANGE) armorbase04.dbr[106]=25.0(IN-RANGE),records/proxies/poolsherogdx3/rhino_hero.dbr,HERO,176,MEASURED,MEASURED
records/creatures/enemies/hero/rhino_h02.dbr,1,0,,107|108,107,108,MEASURED-SET,records/creatures/enemies/bios/bio_hero_standard_01.dbr,((charLevel*11)^1.50)-20,Hero,sm3,40359.8493,40927.2425,111.0,121.0,41.0,damage_totaladjuster.dbr[3]=16.0(IN-RANGE) armorbase04.dbr[106]=25.0(IN-RANGE),records/proxies/poolsherogdx3/rhino_hero.dbr,HERO,176,MEASURED,MEASURED
records/creatures/enemies/hero/rhino_h03.dbr,1,0,,107|108,107,108,MEASURED-SET,records/creatures/enemies/bios/bio_hero_standard_01.dbr,((charLevel*11)^1.50)-20,Hero,sm3,40359.8493,40927.2425,111.0,121.0,41.0,damage_totaladjuster.dbr[3]=16.0(IN-RANGE) armorbase04.dbr[106]=25.0(IN-RANGE),records/proxies/poolsherogdx3/rhino_hero.dbr,HERO,176,MEASURED,MEASURED
records/creatures/enemies/hero/rhino_h04.dbr,1,0,,107|108,107,108,MEASURED-SET,records/creatures/enemies/bios/bio_hero_standard_01.dbr,((charLevel*11)^1.50)-20,Hero,sm3,40359.8493,40927.2425,111.0,121.0,41.0,damage_totaladjuster.dbr[3]=16.0(IN-RANGE) armorbase04.dbr[106]=25.0(IN-RANGE),records/proxies/poolsherogdx3/rhino_hero.dbr,HERO,176,MEASURED,MEASURED
records/creatures/enemies/hero/rok_h01.dbr,1,0,,107|108,107,108,MEASURED-SET,records/creatures/enemies/bios/bio_hero_standard_01.dbr,((charLevel*11)^1.50)-20,Hero,sm3,40359.8493,40927.2425,111.0,121.0,49.0,damage_totaladjuster.dbr[5]=24.0(IN-RANGE) armorbase04.dbr[106]=25.0(IN-RANGE),records/proxies/poolsherogdx3/rok_hero.dbr,HERO,171|178,MEASURED,MEASURED
records/creatures/enemies/hero/rok_h02.dbr,1,0,,107|108,107,108,MEASURED-SET,records/creatures/enemies/bios/bio_hero_standard_01.dbr,((charLevel*11)^1.50)-20,Hero,sm3,40359.8493,40927.2425,111.0,121.0,49.0,damage_totaladjuster.dbr[5]=24.0(IN-RANGE) armorbase04.dbr[106]=25.0(IN-RANGE),records/proxies/poolsherogdx3/rok_hero.dbr,HERO,171|178,MEASURED,MEASURED
records/creatures/enemies/hero/rok_h03.dbr,1,0,,107|108,107,108,MEASURED-SET,records/creatures/enemies/bios/bio_hero_standard_01.dbr,((charLevel*11)^1.50)-20,Hero,sm3,40359.8493,40927.2425,111.0,121.0,49.0,damage_totaladjuster.dbr[5]=24.0(IN-RANGE) armorbase04.dbr[106]=25.0(IN-RANGE),records/proxies/poolsherogdx3/rok_hero.dbr,HERO,171|178,MEASURED,MEASURED
records/creatures/enemies/hero/rok_h04.dbr,1,0,,107|108,107,108,MEASURED-SET,records/creatures/enemies/bios/bio_hero_standard_01.dbr,((charLevel*11)^1.50)-20,Hero,sm3,40359.8493,40927.2425,111.0,121.0,49.0,damage_totaladjuster.dbr[5]=24.0(IN-RANGE) armorbase04.dbr[106]=25.0(IN-RANGE),records/proxies/poolsherogdx3/rok_hero.dbr,HERO,171|178,MEASURED,MEASURED
records/creatures/enemies/hero/rok_h05.dbr,1,0,,107|108,107,108,MEASURED-SET,records/creatures/enemies/bios/bio_hero_standard_01.dbr,((charLevel*11)^1.50)-20,Hero,sm3,40359.8493,40927.2425,111.0,121.0,49.0,damage_totaladjuster.dbr[5]=24.0(IN-RANGE) armorbase04.dbr[106]=25.0(IN-RANGE),records/proxies/poolsherogdx3/rok_hero.dbr,HERO,171|178,MEASURED,MEASURED
records/creatures/enemies/hero/rok_h06.dbr,1,0,,107|108,107,108,MEASURED-SET,records/creatures/enemies/bios/bio_hero_standard_01.dbr,((charLevel*11)^1.50)-20,Hero,sm3,40359.8493,40927.2425,111.0,121.0,49.0,damage_totaladjuster.dbr[5]=24.0(IN-RANGE) armorbase04.dbr[106]=25.0(IN-RANGE),records/proxies/poolsherogdx3/rok_hero.dbr,HERO,171|178,MEASURED,MEASURED
records/creatures/enemies/hero/sandlizard_eldritch_h01.dbr,1,0,,107|108,107,108,MEASURED-SET,records/creatures/enemies/bios/bio_hero_assassin_01.dbr,((charLevel*11)^1.50)-20,Hero,sm2,40359.8493,40927.2425,111.0,121.0,41.0,damage_totaladjuster.dbr[3]=16.0(IN-RANGE) armorbase03.dbr[106]=25.0(IN-RANGE),records/proxies/poolsherogdx2/sandlizard_hero.dbr,HERO,178,MEASURED,MEASURED
records/creatures/enemies/hero/sandlizard_eldritch_h02.dbr,1,0,,107|108,107,108,MEASURED-SET,records/creatures/enemies/bios/bio_hero_standard_01.dbr,((charLevel*11)^1.50)-20,Hero,sm2,40359.8493,40927.2425,111.0,121.0,41.0,damage_totaladjuster.dbr[3]=16.0(IN-RANGE) armorbase03.dbr[106]=25.0(IN-RANGE),records/proxies/poolsherogdx2/sandlizard_hero.dbr,HERO,178,MEASURED,MEASURED
records/creatures/enemies/hero/sandlizard_eldritch_h04.dbr,1,0,,107|108,107,108,MEASURED-SET,records/creatures/enemies/bios/bio_hero_standard_01.dbr,((charLevel*11)^1.50)-20,Hero,sm2,40359.8493,40927.2425,111.0,121.0,41.0,damage_totaladjuster.dbr[3]=16.0(IN-RANGE) armorbase03.dbr[106]=25.0(IN-RANGE),records/proxies/poolsherogdx2/sandlizard_hero.dbr,HERO,178,MEASURED,MEASURED
records/creatures/enemies/hero/sandlizard_eldritch_h05.dbr,1,0,,107|108,107,108,MEASURED-SET,records/creatures/enemies/bios/bio_hero_standard_01.dbr,((charLevel*11)^1.50)-20,Hero,sm3,40359.8493,40927.2425,111.0,121.0,41.0,damage_totaladjuster.dbr[3]=16.0(IN-RANGE) armorbase03.dbr[106]=25.0(IN-RANGE),records/proxies/poolsherogdx2/sandlizard_hero.dbr,HERO,178,MEASURED,MEASURED
records/creatures/enemies/hero/sandlizard_h01.dbr,1,0,,107|108,107,108,MEASURED-SET,records/creatures/enemies/bios/bio_hero_assassin_01.dbr,((charLevel*11)^1.50)-20,Hero,sm2,40359.8493,40927.2425,111.0,121.0,41.0,damage_totaladjuster.dbr[3]=16.0(IN-RANGE) armorbase03.dbr[106]=25.0(IN-RANGE),records/proxies/poolsherogdx2/sandlizard_hero.dbr,HERO,178,MEASURED,MEASURED
records/creatures/enemies/hero/sandlizard_h02.dbr,1,0,,107|108,107,108,MEASURED-SET,records/creatures/enemies/bios/bio_hero_standard_01.dbr,((charLevel*11)^1.50)-20,Hero,sm2,40359.8493,40927.2425,111.0,121.0,41.0,damage_totaladjuster.dbr[3]=16.0(IN-RANGE) armorbase03.dbr[106]=25.0(IN-RANGE),records/proxies/poolsherogdx2/sandlizard_hero.dbr,HERO,178,MEASURED,MEASURED
records/creatures/enemies/hero/sandlizard_h03.dbr,1,0,,107|108,107,108,MEASURED-SET,records/creatures/enemies/bios/bio_hero_assassin_01.dbr,((charLevel*11)^1.50)-20,Hero,sm2,40359.8493,40927.2425,111.0,121.0,41.0,damage_totaladjuster.dbr[3]=16.0(IN-RANGE) armorbase03.dbr[106]=25.0(IN-RANGE),records/proxies/poolsherogdx2/sandlizard_hero.dbr,HERO,178,MEASURED,MEASURED
records/creatures/enemies/hero/sandlizard_h04.dbr,1,0,,107|108,107,108,MEASURED-SET,records/creatures/enemies/bios/bio_hero_support_01.dbr,((charLevel*8)^1.50)-20,Hero,sm2,25024.4009,25376.3097,111.0,121.0,41.0,damage_totaladjuster.dbr[3]=16.0(IN-RANGE) armorbase03.dbr[106]=25.0(IN-RANGE),records/proxies/poolsherogdx2/sandlizard_hero.dbr,HERO,178,MEASURED,MEASURED
records/creatures/enemies/hero/sandlizard_h05.dbr,1,0,,107|108,107,108,MEASURED-SET,records/creatures/enemies/bios/bio_hero_standard_01.dbr,((charLevel*11)^1.50)-20,Hero,sm2,40359.8493,40927.2425,111.0,121.0,41.0,damage_totaladjuster.dbr[3]=16.0(IN-RANGE) armorbase03.dbr[106]=25.0(IN-RANGE),records/proxies/poolsherogdx2/sandlizard_hero.dbr,HERO,178,MEASURED,MEASURED
records/creatures/enemies/hero/sandlizard_h06.dbr,1,0,,107|108,107,108,MEASURED-SET,records/creatures/enemies/bios/bio_hero_standard_01.dbr,((charLevel*11)^1.50)-20,Hero,sm2,40359.8493,40927.2425,111.0,121.0,41.0,damage_totaladjuster.dbr[3]=16.0(IN-RANGE) armorbase03.dbr[106]=25.0(IN-RANGE),records/proxies/poolsherogdx2/sandlizard_hero.dbr,HERO,178,MEASURED,MEASURED
records/creatures/enemies/hero/sandlizard_h07.dbr,1,0,,107|108,107,108,MEASURED-SET,records/creatures/enemies/bios/bio_hero_standard_01.dbr,((charLevel*11)^1.50)-20,Hero,sm3,40359.8493,40927.2425,111.0,121.0,41.0,damage_totaladjuster.dbr[3]=16.0(IN-RANGE) armorbase03.dbr[106]=25.0(IN-RANGE),records/proxies/poolsherogdx2/sandlizard_hero.dbr,HERO,178,MEASURED,MEASURED
records/creatures/enemies/hero/scorpion_h01.dbr,1,0,,107|108,107,108,MEASURED-SET,records/creatures/enemies/bios/bio_hero_standard_01.dbr,((charLevel*11)^1.50)-20,Hero,sm2,40359.8493,40927.2425,111.0,121.0,41.0,damage_totaladjuster.dbr[3]=16.0(IN-RANGE) armorbase04.dbr[106]=25.0(IN-RANGE),records/proxies/poolsherogdx2/scorpion_hero.dbr,HERO,178,MEASURED,MEASURED
records/creatures/enemies/hero/scorpion_h02.dbr,1,0,,107|108,107,108,MEASURED-SET,records/creatures/enemies/bios/bio_hero_standard_01.dbr,((charLevel*11)^1.50)-20,Hero,sm2,40359.8493,40927.2425,111.0,121.0,41.0,damage_totaladjuster.dbr[3]=16.0(IN-RANGE) armorbase04.dbr[106]=25.0(IN-RANGE),records/proxies/poolsherogdx2/scorpion_hero.dbr,HERO,178,MEASURED,MEASURED
records/creatures/enemies/hero/scorpion_h03.dbr,1,0,,107|108,107,108,MEASURED-SET,records/creatures/enemies/bios/bio_hero_assassin_01.dbr,((charLevel*11)^1.50)-20,Hero,sm2,40359.8493,40927.2425,111.0,121.0,41.0,damage_totaladjuster.dbr[3]=16.0(IN-RANGE) armorbase04.dbr[106]=25.0(IN-RANGE),records/proxies/poolsherogdx2/scorpion_hero.dbr,HERO,178,MEASURED,MEASURED
records/creatures/enemies/hero/scorpion_h04.dbr,1,0,,107|108,107,108,MEASURED-SET,records/creatures/enemies/bios/bio_hero_assassin_01.dbr,((charLevel*11)^1.50)-20,Hero,sm2,40359.8493,40927.2425,111.0,121.0,41.0,damage_totaladjuster.dbr[3]=16.0(IN-RANGE) armorbase04.dbr[106]=25.0(IN-RANGE),records/proxies/poolsherogdx2/scorpion_hero.dbr,HERO,178,MEASURED,MEASURED
records/creatures/enemies/hero/scorpion_h05.dbr,1,0,,107|108,107,108,MEASURED-SET,records/creatures/enemies/bios/bio_hero_assassin_01.dbr,((charLevel*11)^1.50)-20,Hero,sm3,40359.8493,40927.2425,111.0,121.0,41.0,damage_totaladjuster.dbr[3]=16.0(IN-RANGE) armorbase04.dbr[106]=25.0(IN-RANGE),records/proxies/poolsherogdx2/scorpion_hero.dbr,HERO,178,MEASURED,MEASURED
records/creatures/enemies/hero/statue_h01.dbr,1,0,,107|108,107,108,MEASURED-SET,records/creatures/enemies/bios/bio_hero_standard_extrahealth01.dbr,((charLevel*13)^1.50)+20,Hero,sm2,51898.8923,52627.8631,111.0,121.0,41.0,damage_totaladjuster.dbr[3]=16.0(IN-RANGE) armorbase04.dbr[106]=25.0(IN-RANGE),records/proxies/poolsherogdx2/statue_hero.dbr,HERO,177,MEASURED,MEASURED
records/creatures/enemies/hero/statue_h02.dbr,1,0,,107|108,107,108,MEASURED-SET,records/creatures/enemies/bios/bio_hero_standard_extrahealth01.dbr,((charLevel*13)^1.50)+20,Hero,sm2,51898.8923,52627.8631,111.0,121.0,41.0,damage_totaladjuster.dbr[3]=16.0(IN-RANGE) armorbase04.dbr[106]=25.0(IN-RANGE),records/proxies/poolsherogdx2/statue_hero.dbr,HERO,177,MEASURED,MEASURED
records/creatures/enemies/hero/statue_h03.dbr,1,0,,107|108,107,108,MEASURED-SET,records/creatures/enemies/bios/bio_hero_standard_extrahealth01.dbr,((charLevel*13)^1.50)+20,Hero,sm2,51898.8923,52627.8631,111.0,121.0,41.0,damage_totaladjuster.dbr[3]=16.0(IN-RANGE) armorbase04.dbr[106]=25.0(IN-RANGE),records/proxies/poolsherogdx2/statue_hero.dbr,HERO,177,MEASURED,MEASURED
records/creatures/enemies/hero/statue_h04.dbr,1,0,,107|108,107,108,MEASURED-SET,records/creatures/enemies/bios/bio_hero_standard_extrahealth01.dbr,((charLevel*13)^1.50)+20,Hero,sm2,51898.8923,52627.8631,111.0,121.0,41.0,damage_totaladjuster.dbr[3]=16.0(IN-RANGE) armorbase04.dbr[106]=25.0(IN-RANGE),records/proxies/poolsherogdx2/statue_hero.dbr,HERO,177,MEASURED,MEASURED
records/creatures/enemies/hero/statue_h05.dbr,1,0,,107|108,107,108,MEASURED-SET,records/creatures/enemies/bios/bio_hero_standard_extrahealth01.dbr,((charLevel*13)^1.50)+20,Hero,sm3,51898.8923,52627.8631,111.0,121.0,41.0,damage_totaladjuster.dbr[3]=16.0(IN-RANGE) armorbase04.dbr[106]=25.0(IN-RANGE),records/proxies/poolsherogdx2/statue_hero.dbr,HERO,177,MEASURED,MEASURED
records/creatures/enemies/hero/swampgolem_h01.dbr,1,0,,107|108,107,108,MEASURED-SET,records/creatures/enemies/bios/bio_hero_standard_extrahealth01.dbr,((charLevel*13)^1.50)+20,Hero,sm3,51898.8923,52627.8631,111.0,121.0,41.0,damage_totaladjuster.dbr[3]=16.0(IN-RANGE) armorbase04.dbr[106]=25.0(IN-RANGE),records/proxies/poolsherogdx1/swampgolem_hero.dbr,HERO,177,MEASURED,MEASURED
records/creatures/enemies/hero/swampgolem_h02.dbr,1,0,,107|108,107,108,MEASURED-SET,records/creatures/enemies/bios/bio_hero_standard_01.dbr,((charLevel*11)^1.50)-20,Hero,sm3,40359.8493,40927.2425,111.0,121.0,41.0,damage_totaladjuster.dbr[3]=16.0(IN-RANGE) armorbase04.dbr[106]=25.0(IN-RANGE),records/proxies/poolsherogdx1/swampgolem_hero.dbr,HERO,177,MEASURED,MEASURED
records/creatures/enemies/hero/swampgolem_h03.dbr,1,0,,107|108,107,108,MEASURED-SET,records/creatures/enemies/bios/bio_hero_standard_extrahealth01.dbr,((charLevel*13)^1.50)+20,Hero,sm3,51898.8923,52627.8631,111.0,121.0,41.0,damage_totaladjuster.dbr[3]=16.0(IN-RANGE) armorbase04.dbr[106]=25.0(IN-RANGE),records/proxies/poolsherogdx1/swampgolem_hero.dbr,HERO,177,MEASURED,MEASURED
records/creatures/enemies/hero/swampgolem_h04.dbr,1,0,,107|108,107,108,MEASURED-SET,records/creatures/enemies/bios/bio_hero_standard_extrahealth01.dbr,((charLevel*13)^1.50)+20,Hero,sm3,51898.8923,52627.8631,111.0,121.0,41.0,damage_totaladjuster.dbr[3]=16.0(IN-RANGE) armorbase04.dbr[106]=25.0(IN-RANGE),records/proxies/poolsherogdx1/swampgolem_hero.dbr,HERO,177,MEASURED,MEASURED
records/creatures/enemies/hero/swampgolem_h05.dbr,1,0,,107|108,107,108,MEASURED-SET,records/creatures/enemies/bios/bio_hero_standard_extrahealth01.dbr,((charLevel*13)^1.50)+20,Hero,sm3,51898.8923,52627.8631,111.0,121.0,41.0,damage_totaladjuster.dbr[3]=16.0(IN-RANGE) armorbase04.dbr[106]=25.0(IN-RANGE),records/proxies/poolsherogdx1/swampgolem_hero.dbr,HERO,177,MEASURED,MEASURED
records/creatures/enemies/hero/viper_h01.dbr,1,0,,107|108,107,108,MEASURED-SET,records/creatures/enemies/bios/bio_hero_standard_01.dbr,((charLevel*11)^1.50)-20,Hero,sm2,40359.8493,40927.2425,111.0,121.0,41.0,damage_totaladjuster.dbr[3]=16.0(IN-RANGE) armorbase03.dbr[106]=25.0(IN-RANGE),records/proxies/poolsherogdx2/viper_hero.dbr,HERO,175,MEASURED,MEASURED
records/creatures/enemies/hero/viper_h02.dbr,1,0,,107|108,107,108,MEASURED-SET,records/creatures/enemies/bios/bio_hero_standard_01.dbr,((charLevel*11)^1.50)-20,Hero,sm2,40359.8493,40927.2425,111.0,121.0,41.0,damage_totaladjuster.dbr[3]=16.0(IN-RANGE) armorbase03.dbr[106]=25.0(IN-RANGE),records/proxies/poolsherogdx2/viper_hero.dbr,HERO,175,MEASURED,MEASURED
records/creatures/enemies/hero/viper_h03.dbr,1,0,,107|108,107,108,MEASURED-SET,records/creatures/enemies/bios/bio_hero_regenerator_01.dbr,((charLevel*9)^1.50)-20,Hero,sm2,29864.0484,30283.9609,111.0,121.0,41.0,damage_totaladjuster.dbr[3]=16.0(IN-RANGE) armorbase03.dbr[106]=25.0(IN-RANGE),records/proxies/poolsherogdx2/viper_hero.dbr,HERO,175,MEASURED,MEASURED
records/creatures/enemies/hero/viper_h04.dbr,1,0,,107|108,107,108,MEASURED-SET,records/creatures/enemies/bios/bio_hero_standard_01.dbr,((charLevel*11)^1.50)-20,Hero,sm2,40359.8493,40927.2425,111.0,121.0,41.0,damage_totaladjuster.dbr[3]=16.0(IN-RANGE) armorbase03.dbr[106]=25.0(IN-RANGE),records/proxies/poolsherogdx2/viper_hero.dbr,HERO,175,MEASURED,MEASURED
records/creatures/enemies/hero/viper_h05.dbr,1,0,,107|108,107,108,MEASURED-SET,records/creatures/enemies/bios/bio_hero_standard_01.dbr,((charLevel*11)^1.50)-20,Hero,sm3,40359.8493,40927.2425,111.0,121.0,41.0,damage_totaladjuster.dbr[3]=16.0(IN-RANGE) armorbase03.dbr[106]=25.0(IN-RANGE),records/proxies/poolsherogdx2/viper_hero.dbr,HERO,175,MEASURED,MEASURED
records/creatures/enemies/hero/yetidire_h01.dbr,1,0,,107|108,107,108,MEASURED-SET,records/creatures/enemies/bios/bio_hero_standard_01.dbr,((charLevel*11)^1.50)-20,Hero,sm3,40359.8493,40927.2425,111.0,121.0,41.0,damage_totaladjuster.dbr[3]=16.0(IN-RANGE) armorbase04.dbr[106]=25.0(IN-RANGE),records/proxies/poolsherogdx3/yetidire_hero.dbr,HERO,177,MEASURED,MEASURED
records/creatures/enemies/hero/yetidire_h02.dbr,1,0,,107|108,107,108,MEASURED-SET,records/creatures/enemies/bios/bio_hero_standard_01.dbr,((charLevel*11)^1.50)-20,Hero,sm3,40359.8493,40927.2425,111.0,121.0,41.0,damage_totaladjuster.dbr[3]=16.0(IN-RANGE) armorbase04.dbr[106]=25.0(IN-RANGE),records/proxies/poolsherogdx3/yetidire_hero.dbr,HERO,177,MEASURED,MEASURED
records/creatures/enemies/hero/yetidire_h03.dbr,1,0,,107|108,107,108,MEASURED-SET,records/creatures/enemies/bios/bio_hero_standard_01.dbr,((charLevel*11)^1.50)-20,Hero,sm3,40359.8493,40927.2425,111.0,121.0,41.0,damage_totaladjuster.dbr[3]=16.0(IN-RANGE) armorbase04.dbr[106]=25.0(IN-RANGE),records/proxies/poolsherogdx3/yetidire_hero.dbr,HERO,177,MEASURED,MEASURED
records/creatures/enemies/hero/yetidire_h04.dbr,1,0,,107|108,107,108,MEASURED-SET,records/creatures/enemies/bios/bio_hero_standard_01.dbr,((charLevel*11)^1.50)-20,Hero,sm3,40359.8493,40927.2425,111.0,121.0,41.0,damage_totaladjuster.dbr[3]=16.0(IN-RANGE) armorbase04.dbr[106]=25.0(IN-RANGE),records/proxies/poolsherogdx3/yetidire_hero.dbr,HERO,177,MEASURED,MEASURED
records/creatures/enemies/human_chthonickurn_a01.dbr,1,0,,102|103,102,103,MEASURED-SET,records/creatures/enemies/bios/bio_human_kurn_a01.dbr,((charLevel*10)^1.35)+30,Common,sm3,11554.1853,11706.9724,61.0,69.0,121.0,damage_totaladjuster.dbr[3]=16.0(IN-RANGE) armorbase02.dbr[101]=30.0(IN-RANGE) genericphysical_charge.dbr[4]=75.0(CLAMPED-HIGH),records/proxies/poolsbasicgdx3/humankurn_t3.dbr,trash,176,MEASURED,MEASURED
records/creatures/enemies/human_chthonickurn_a02.dbr,1,0,,102|103,102,103,MEASURED-SET,records/creatures/enemies/bios/bio_human_kurn_a01.dbr,((charLevel*10)^1.35)+30,Common,sm3,11554.1853,11706.9724,61.0,69.0,46.0,damage_totaladjuster.dbr[3]=16.0(IN-RANGE) armorbase02.dbr[101]=30.0(IN-RANGE),records/proxies/poolsbasicgdx3/humankurn_t3.dbr,trash,176,MEASURED,MEASURED
records/creatures/enemies/human_chthonickurn_b01.dbr,1,0,,103|104,103,104,MEASURED-SET,records/creatures/enemies/bios/bio_human_kurn_b01.dbr,((charLevel*14)^1.35)+50,Champion,sm3,18440.905,18682.3595,78.0,86.0,41.0,damage_totaladjuster.dbr[3]=16.0(IN-RANGE) armorbase03.dbr[102]=25.0(IN-RANGE),records/proxies/poolsbasicgdx3/humankurn_t3.dbr,trash,176,MEASURED,MEASURED
records/creatures/enemies/human_chthonickurn_c01.dbr,1,0,,104|105|106,104,106,MEASURED-SET,records/creatures/enemies/bios/bio_human_kurn_c01.dbr,((charLevel*18)^1.35)+70,Champion,sm3,26228.5032,26909.8942,86.0,103.0,49.0,damage_totaladjuster.dbr[5]=24.0(IN-RANGE) armorbase03.dbr[103]=25.0(IN-RANGE),records/proxies/poolsbasicgdx3/humankurn_t3.dbr,trash,176,MEASURED,MEASURED
records/creatures/enemies/human_korvaak_a01.dbr,1,0,,102|103,102,103,MEASURED-SET,records/creatures/enemies/bios/bio_human_korvaak_a01.dbr,((charLevel*11)^1.35)+30,Common,sm2,13136.6094,13310.3762,61.0,69.0,121.0,damage_totaladjuster.dbr[3]=16.0(IN-RANGE) armorbase02.dbr[101]=30.0(IN-RANGE) genericphysical_charge.dbr[4]=75.0(CLAMPED-HIGH),records/proxies/poolsbasicgdx2/humankorvaak_t3.dbr,trash,176,MEASURED,MEASURED
records/creatures/enemies/human_korvaak_a02.dbr,1,0,,102|103,102,103,MEASURED-SET,records/creatures/enemies/bios/bio_human_korvaak_a01.dbr,((charLevel*11)^1.35)+30,Common,sm2,13136.6094,13310.3762,61.0,69.0,46.0,damage_totaladjuster.dbr[3]=16.0(IN-RANGE) armorbase02.dbr[101]=30.0(IN-RANGE),records/proxies/poolsbasicgdx2/humankorvaak_t3.dbr,trash,176,MEASURED,MEASURED
records/creatures/enemies/human_korvaak_b01.dbr,1,0,,103|104,103,104,MEASURED-SET,records/creatures/enemies/bios/bio_human_korvaak_b01.dbr,((charLevel*14)^1.35)+50,Champion,sm2,18440.905,18682.3595,78.0,86.0,41.0,damage_totaladjuster.dbr[3]=16.0(IN-RANGE) armorbase03.dbr[102]=25.0(IN-RANGE),records/proxies/poolsbasicgdx2/humankorvaak_t3.dbr,trash,176,MEASURED,MEASURED
records/creatures/enemies/human_korvaak_c01.dbr,1,0,,105|106,105,106,MEASURED-SET,records/creatures/enemies/bios/bio_human_korvaak_c01.dbr,((charLevel*18)^1.35)+70,Champion,sm2,26568.6309,26909.8942,94.0,103.0,49.0,damage_totaladjuster.dbr[5]=24.0(IN-RANGE) armorbase03.dbr[104]=25.0(IN-RANGE),records/proxies/poolsbasicgdx2/humankorvaak_t3.dbr,trash,176,MEASURED,MEASURED
records/creatures/enemies/human_wendigo_a01.dbr,1,0,,103|104,103,104,MEASURED-SET,records/creatures/enemies/bios/bio_human_wendigo_a01.dbr,((charLevel*11)^1.35)+30,Common,sm1,13310.3762,13484.7345,69.0,74.0,46.0,damage_totaladjuster.dbr[3]=16.0(IN-RANGE) armorbase02.dbr[102]=30.0(IN-RANGE),records/proxies/poolsbasicgdx1/humanwendigo_t3.dbr,trash,176,MEASURED,MEASURED
records/creatures/enemies/human_wendigo_a02.dbr,1,0,,104|105|106,104,106,MEASURED-SET,records/creatures/enemies/bios/bio_human_wendigo_a01.dbr,((charLevel*11)^1.35)+30,Common,sm1,13484.7345,13835.2108,74.0,88.0,46.0,damage_totaladjuster.dbr[3]=16.0(IN-RANGE) armorbase02.dbr[103]=30.0(IN-RANGE),records/proxies/poolsbasicgdx1/humanwendigo_t3.dbr,trash,176,MEASURED,MEASURED
records/creatures/enemies/human_wendigo_b01.dbr,1,0,,104|105|106,104,106,MEASURED-SET,records/creatures/enemies/bios/bio_human_wendigo_b01.dbr,((charLevel*14)^1.35)+50,Champion,sm1,18682.3595,19167.7055,86.0,103.0,41.0,damage_totaladjuster.dbr[3]=16.0(IN-RANGE) armorbase03.dbr[103]=25.0(IN-RANGE),records/proxies/poolsbasicgdx1/humanwendigo_t3.dbr,trash,176,MEASURED,MEASURED
records/creatures/enemies/human_wendigo_c01.dbr,1,0,,103|104,103,104,MEASURED-SET,records/creatures/enemies/bios/bio_human_wendigo_c01.dbr,((charLevel*18)^1.35)+70,Champion,sm1,25889.5183,26228.5032,78.0,86.0,49.0,damage_totaladjuster.dbr[5]=24.0(IN-RANGE) armorbase03.dbr[102]=25.0(IN-RANGE),records/proxies/poolsbasicgdx1/humanwendigo_t3.dbr,trash,176,MEASURED,MEASURED
records/creatures/enemies/insectswarm_a01_summon.dbr,0,1,records/creatures/enemies/mummy_b01.dbr,103|104,103,104,DERIVED-INHERITED,records/creatures/enemies/bios/bio_insectswarm_01.dbr,((charLevel*1)^1.27)+3,Champion,base,363.0006,367.4453,69.0,74.0,46.0,damage_totaladjuster.dbr[3]=16.0(IN-RANGE) armorbase01.dbr[102]=30.0(IN-RANGE),,,,MEASURED,MEASURED
records/creatures/enemies/korvaakservant_a01.dbr,1,0,,102|103,102,103,MEASURED-SET,records/creatures/enemies/bios/bio_korvaakservant_a01.dbr,((charLevel*11)^1.33)+50,Common,sm2,11439.1287,11587.8737,61.0,69.0,50.0,damage_totaladjuster.dbr[4]=20.0(IN-RANGE) armorbase01.dbr[101]=30.0(IN-RANGE),records/proxies/poolsbasicgdx2/korvaakservant_t3.dbr,trash,174,MEASURED,MEASURED
records/creatures/enemies/korvaakservant_a01_summon.dbr,0,1,records/creatures/enemies/devotion/korvaakascended_h01.dbr|records/creatures/enemies/devotion/korvaakascended_h02.dbr|records/creatures/enemies/devotion/korvaakascended_h03.dbr|records/creatures/enemies/devotion/korvaakascended_h04.dbr|records/skills/nonplayerskillsgdx2/bossskills/final/pet_eldritchrift.dbr|records/skills/nonplayerskillsgdx2/bossskills/final/pet_eldritchrift_02.dbr,107|108,107,108,DERIVED-INHERITED,records/creatures/enemies/bios/bio_korvaakservant_a01.dbr,((charLevel*11)^1.33)+50,Common,sm2,12187.5965,12338.6978,96.0,102.0,50.0,damage_totaladjuster.dbr[4]=20.0(IN-RANGE) armorbase01.dbr[106]=30.0(IN-RANGE),,,,MEASURED,MEASURED
records/creatures/enemies/korvaakservant_a02.dbr,1,0,,102|103,102,103,MEASURED-SET,records/creatures/enemies/bios/bio_korvaakservant_a01.dbr,((charLevel*11)^1.33)+50,Common,sm2,11439.1287,11587.8737,61.0,69.0,50.0,damage_totaladjuster.dbr[4]=20.0(IN-RANGE) armorbase01.dbr[101]=30.0(IN-RANGE),records/proxies/poolsbasicgdx2/korvaakservant_t3.dbr,trash,174,MEASURED,MEASURED
records/creatures/enemies/korvaakservant_a02_summon.dbr,0,1,records/creatures/enemies/devotion/korvaakascended_h01.dbr|records/creatures/enemies/devotion/korvaakascended_h02.dbr|records/creatures/enemies/devotion/korvaakascended_h03.dbr|records/creatures/enemies/devotion/korvaakascended_h04.dbr|records/skills/nonplayerskillsgdx2/bossskills/final/pet_eldritchrift.dbr|records/skills/nonplayerskillsgdx2/bossskills/final/pet_eldritchrift_02.dbr,107|108,107,108,DERIVED-INHERITED,records/creatures/enemies/bios/bio_korvaakservant_a01.dbr,((charLevel*11)^1.33)+50,Common,sm2,12187.5965,12338.6978,96.0,102.0,50.0,damage_totaladjuster.dbr[4]=20.0(IN-RANGE) armorbase01.dbr[106]=30.0(IN-RANGE),,,,MEASURED,MEASURED
records/creatures/enemies/korvaakservant_b01.dbr,1,0,,104|105|106,104,106,MEASURED-SET,records/creatures/enemies/bios/bio_korvaakservant_b01.dbr,((charLevel*18)^1.33)+80,Champion,sm2,22579.1843,23156.4624,74.0,88.0,54.0,damage_totaladjuster.dbr[5]=24.0(IN-RANGE) armorbase02.dbr[103]=30.0(IN-RANGE),records/proxies/poolsbasicgdx2/korvaakservant_t3.dbr,trash,174,MEASURED,MEASURED
records/creatures/enemies/korvaakservant_b01_korvaaksummon.dbr,0,1,records/skills/nonplayerskillsgdx2/bossskills/final/pet_eldritchrift_02.dbr,,,,ABSENT:NO-LEVEL-SOURCE,records/creatures/enemies/bios/bio_korvaakservant_b01.dbr,((charLevel*18)^1.33)+80,Champion,gdx2,,,,,,,,,,ABSENT:ABSENT:NO-LEVEL-SOURCE,ABSENT
records/creatures/enemies/korvaakservant_b02.dbr,1,0,,104|105|106,104,106,MEASURED-SET,records/creatures/enemies/bios/bio_korvaakservant_b01.dbr,((charLevel*18)^1.33)+80,Champion,sm2,22579.1843,23156.4624,74.0,88.0,54.0,damage_totaladjuster.dbr[5]=24.0(IN-RANGE) armorbase02.dbr[103]=30.0(IN-RANGE),records/proxies/poolsbasicgdx2/korvaakservant_t3.dbr,trash,174,MEASURED,MEASURED
records/creatures/enemies/korvaakservant_b02_korvaaksummon.dbr,0,1,records/skills/nonplayerskillsgdx2/bossskills/final/pet_eldritchrift_02.dbr,,,,ABSENT:NO-LEVEL-SOURCE,records/creatures/enemies/bios/bio_korvaakservant_b01.dbr,((charLevel*18)^1.33)+80,Champion,gdx2,,,,,,,,,,ABSENT:ABSENT:NO-LEVEL-SOURCE,ABSENT
records/creatures/enemies/korvaakservant_c01.dbr,1,0,,104|105|106,104,106,MEASURED-SET,records/creatures/enemies/bios/bio_korvaakservant_c01.dbr,((charLevel*24)^1.33)+100,Champion,sm2,33086.4282,33932.7853,86.0,103.0,49.0,damage_totaladjuster.dbr[5]=24.0(IN-RANGE) armorbase03.dbr[103]=25.0(IN-RANGE),records/proxies/poolsbasicgdx2/korvaakservant_t3.dbr,trash,174,MEASURED,MEASURED
records/creatures/enemies/livingplant_a01.dbr,1,0,,103|104,103,104,MEASURED-SET,records/creatures/enemies/bios/bio_livingplant_a01.dbr,((charLevel*20)^1.33)+100,Common,sm1,25653.0887,25983.5735,78.0,86.0,45.0,damage_totaladjuster.dbr[4]=20.0(IN-RANGE) armorbase03.dbr[102]=25.0(IN-RANGE),records/proxies/poolsbasicgdx1/livingplant_t3.dbr,trash,172,MEASURED,MEASURED
records/creatures/enemies/livingplant_a01_summon.dbr,0,1,records/creatures/enemies/boss&quest/swampgolem_bargoll.dbr|records/creatures/enemies/hero/swampgolem_h01.dbr|records/creatures/enemies/hero/swampgolem_h02.dbr|records/creatures/enemies/hero/swampgolem_h03.dbr|records/creatures/enemies/hero/swampgolem_h04.dbr|records/creatures/enemies/hero/swampgolem_h05.dbr,106|107|108,106,108,DERIVED-INHERITED,records/creatures/enemies/bios/bio_livingplant_a01.dbr,((charLevel*20)^1.33)+100,Common,sm1,26647.6874,27315.9494,103.0,121.0,45.0,damage_totaladjuster.dbr[4]=20.0(IN-RANGE) armorbase03.dbr[105]=25.0(IN-RANGE),,,,MEASURED,MEASURED
records/creatures/enemies/maggotcelestial_a01_summon.dbr,0,1,records/creatures/enemies/celestialhound_c01.dbr,105|106,105,106,DERIVED-INHERITED,records/creatures/enemies/bios/bio_maggot_a01.dbr,((charLevel*9)^1.28)+25,Common,gdx2,6460.0617,6538.6125,82.0,88.0,38.0,damage_totaladjuster.dbr[1]=8.0(IN-RANGE) armorbase02.dbr[104]=30.0(IN-RANGE),,,,MEASURED,MEASURED
records/creatures/enemies/mummy_a01.dbr,1,0,,102|103,102,103,MEASURED-SET,records/creatures/enemies/bios/bio_mummy_a01.dbr,((charLevel*5.6)^1.28)+24,Common,sm2,3402.2275,3444.679,61.0,69.0,46.0,damage_totaladjuster.dbr[3]=16.0(IN-RANGE) armorbase02.dbr[101]=30.0(IN-RANGE),records/proxies/poolsbasicgdx2/mummy_t3.dbr,trash,171,MEASURED,MEASURED
records/creatures/enemies/mummy_b01.dbr,1,0,,103|104,103,104,MEASURED-SET,records/creatures/enemies/bios/bio_mummy_b01.dbr,((charLevel*16)^1.33)+45,Champion,sm2,19036.2297,19281.8482,69.0,74.0,46.0,damage_totaladjuster.dbr[3]=16.0(IN-RANGE) armorbase02.dbr[102]=30.0(IN-RANGE),records/proxies/poolsbasicgdx2/mummy_t3.dbr,trash,171,MEASURED,MEASURED
records/creatures/enemies/mummy_c01.dbr,1,0,,104|105|106,104,106,MEASURED-SET,records/creatures/enemies/bios/bio_mummy_c01.dbr,((charLevel*19)^1.33)+60,Champion,sm2,24236.6782,24856.997,86.0,103.0,41.0,damage_totaladjuster.dbr[3]=16.0(IN-RANGE) armorbase03.dbr[103]=25.0(IN-RANGE),records/proxies/poolsbasicgdx2/mummy_t3.dbr,trash,171,MEASURED,MEASURED
records/creatures/enemies/mummy_c02.dbr,1,0,,104|105|106,104,106,MEASURED-SET,records/creatures/enemies/bios/bio_mummy_c01.dbr,((charLevel*19)^1.33)+60,Champion,sm2,24236.6782,24856.997,86.0,103.0,41.0,damage_totaladjuster.dbr[3]=16.0(IN-RANGE) armorbase03.dbr[103]=25.0(IN-RANGE),records/proxies/poolsbasicgdx2/mummy_t3.dbr,trash,171,MEASURED,MEASURED
records/creatures/enemies/nemesis/nemesis_aetherial_01.dbr,1,0,,109,109,109,MEASURED-SET,records/creatures/enemies/bios/bio_boss_nemesis_01.dbr,((charLevel*42)^1.5)+20000,Boss,sm_mod,329751.6885,329751.6885,125.0,125.0,69.0,damage_totaladjuster.dbr[10]=44.0(IN-RANGE) armorbase05.dbr[108]=25.0(IN-RANGE),records/proxies/poolsboss/nemesis_aetherial.dbr,BOSS,175,MEASURED,MEASURED
records/creatures/enemies/nemesis/nemesis_aetherialvanguard_01.dbr,1,0,,109,109,109,MEASURED-SET,records/creatures/enemies/bios/bio_boss_nemesis_01.dbr,((charLevel*42)^1.5)+20000,Boss,sm1,329751.6885,329751.6885,125.0,125.0,69.0,damage_totaladjuster.dbr[10]=44.0(IN-RANGE) armorbase05.dbr[108]=25.0(IN-RANGE),records/proxies/poolsbossgdx1/nemesis_aetherialvanguard.dbr|records/proxies/poolsbossgdx1/nemesis_all_nobeast.dbr,BOSS,175|176,MEASURED,MEASURED
records/creatures/enemies/nemesis/nemesis_beast_01_p1.dbr,1,0,,109,109,109,MEASURED-SET,records/creatures/enemies/bios/bio_boss_nemesis3phase_01.dbr,((charLevel*36)^1.5)+16000,Boss,sm1,261806.5764,261806.5764,125.0,125.0,109.0,damage_totaladjuster.dbr[10]=44.0(IN-RANGE) armorbase05.dbr[108]=25.0(IN-RANGE) beast_enrage.dbr=40.0,records/proxies/poolsbossgdx1/nemesis_beast.dbr,BOSS,175,MEASURED,MEASURED
records/creatures/enemies/nemesis/nemesis_beast_02.dbr,1,0,,109,109,109,MEASURED-SET,records/creatures/enemies/bios/bio_boss_nemesis_01.dbr,((charLevel*42)^1.5)+20000,Boss,sm3,329751.6885,329751.6885,125.0,125.0,69.0,damage_totaladjuster.dbr[10]=44.0(IN-RANGE) armorbase05.dbr[108]=25.0(IN-RANGE),records/proxies/poolsbossgdx1/nemesis_beast.dbr|records/proxies/poolsbossgdx3/nemesis_all.dbr,BOSS,171|175|180,MEASURED,MEASURED
records/creatures/enemies/nemesis/nemesis_chthonian_02.dbr,1,0,,109,109,109,MEASURED-SET,records/creatures/enemies/bios/bio_boss_nemesis_01.dbr,((charLevel*42)^1.5)+20000,Boss,sm_mod,329751.6885,329751.6885,125.0,125.0,69.0,damage_totaladjuster.dbr[10]=44.0(IN-RANGE) armorbase05.dbr[108]=25.0(IN-RANGE),records/proxies/poolsboss/nemesis_chthonian.dbr,BOSS,180,MEASURED,MEASURED
records/creatures/enemies/nemesis/nemesis_chthonian_02_clustersummon.dbr,0,1,records/creatures/enemies/nemesis/nemesis_chthonian_02.dbr|records/creatures/enemies/nemesis/nemesis_chthonickurn_01.dbr,109,109,109,DERIVED-INHERITED,records/creatures/enemies/bios/bio_boss_nemesis_clustersummon.dbr,((charLevel*4)^1.5)+100,Common,sm_mod,9203.9473,9203.9473,125.0,125.0,25.0,armorbase04.dbr[108]=25.0(IN-RANGE),,,,MEASURED,MEASURED
records/creatures/enemies/nemesis/nemesis_chthonianvoidborn_01.dbr,1,0,,109,109,109,MEASURED-SET,records/creatures/enemies/bios/bio_boss_nemesis_01.dbr,((charLevel*42)^1.5)+20000,Boss,sm1,329751.6885,329751.6885,125.0,125.0,69.0,damage_totaladjuster.dbr[10]=44.0(IN-RANGE) armorbase05.dbr[108]=25.0(IN-RANGE),records/proxies/poolsbossgdx1/nemesis_all_nobeast.dbr|records/proxies/poolsbossgdx1/nemesis_voidborn.dbr,BOSS,176|180,MEASURED,MEASURED
records/creatures/enemies/nemesis/nemesis_chthonickurn_01.dbr,1,0,,109,109,109,MEASURED-SET,records/creatures/enemies/bios/bio_boss_nemesis_01.dbr,((charLevel*42)^1.5)+20000,Boss,sm3,329751.6885,329751.6885,125.0,125.0,69.0,damage_totaladjuster.dbr[10]=44.0(IN-RANGE) armorbase05.dbr[108]=25.0(IN-RANGE),records/proxies/poolsbossgdx3/nemesis_all.dbr|records/proxies/poolsbossgdx3/nemesis_kurn.dbr,BOSS,171|179|180,MEASURED,MEASURED
records/creatures/enemies/nemesis/nemesis_eldritch_02a.dbr,1,0,,109,109,109,MEASURED-SET,records/creatures/enemies/bios/bio_boss_nemesis2phase_01.dbr,((charLevel*26)^1.5)+15000,Boss,sm3,165868.9156,165868.9156,125.0,125.0,69.0,damage_totaladjuster.dbr[10]=44.0(IN-RANGE) armorbase05.dbr[108]=25.0(IN-RANGE),records/proxies/poolsbossgdx3/nemesis_all.dbr,BOSS,171|180,MEASURED,MEASURED
records/creatures/enemies/nemesis/nemesis_kymon_01.dbr,1,0,,109,109,109,MEASURED-SET,records/creatures/enemies/bios/bio_boss_nemesis_01.dbr,((charLevel*42)^1.5)+20000,Boss,sm3,329751.6885,329751.6885,125.0,125.0,69.0,damage_totaladjuster.dbr[10]=44.0(IN-RANGE) armorbase05.dbr[108]=25.0(IN-RANGE),records/proxies/poolsbossgdx3/nemesis_all.dbr,BOSS,171|180,MEASURED,MEASURED
records/creatures/enemies/nemesis/nemesis_orderdeathsvigil_02.dbr,1,0,,109,109,109,MEASURED-SET,records/creatures/enemies/bios/bio_boss_nemesis_01.dbr,((charLevel*42)^1.5)+20000,Boss,sm3,329751.6885,329751.6885,125.0,125.0,69.0,damage_totaladjuster.dbr[10]=44.0(IN-RANGE) armorbase05.dbr[108]=25.0(IN-RANGE),records/proxies/poolsbossgdx3/nemesis_all.dbr,BOSS,171|180,MEASURED,MEASURED
records/creatures/enemies/nemesis/nemesis_outlaw_02.dbr,1,0,,109,109,109,MEASURED-SET,records/creatures/enemies/bios/bio_boss_nemesis_01.dbr,((charLevel*42)^1.5)+20000,Boss,sm3,329751.6885,329751.6885,125.0,125.0,69.0,damage_totaladjuster.dbr[10]=44.0(IN-RANGE) armorbase05.dbr[108]=25.0(IN-RANGE),records/proxies/poolsbossgdx3/nemesis_all.dbr,BOSS,171|180,MEASURED,MEASURED
records/creatures/enemies/nemesis/nemesis_undead_01.dbr,1,0,,109,109,109,MEASURED-SET,records/creatures/enemies/bios/bio_boss_nemesis_01.dbr,((charLevel*42)^1.5)+20000,Boss,sm3,329751.6885,329751.6885,125.0,125.0,69.0,damage_totaladjuster.dbr[10]=44.0(IN-RANGE) armorbase05.dbr[108]=25.0(IN-RANGE),records/proxies/poolsbossgdx3/nemesis_all.dbr,BOSS,171|180,MEASURED,MEASURED
records/creatures/enemies/nemesis/nemesis_wendigo_01.dbr,1,0,,109,109,109,MEASURED-SET,records/creatures/enemies/bios/bio_boss_nemesis_01.dbr,((charLevel*42)^1.5)+20000,Boss,sm1,329751.6885,329751.6885,125.0,125.0,109.0,damage_totaladjuster.dbr[10]=44.0(IN-RANGE) armorbase05.dbr[108]=25.0(IN-RANGE) wendigo_enrage.dbr=40.0,records/proxies/poolsbossgdx1/nemesis_all_nobeast.dbr,BOSS,176,MEASURED,MEASURED
records/creatures/enemies/nemesis/nemesis_wendigo_02.dbr,1,0,,109,109,109,MEASURED-SET,records/creatures/enemies/bios/bio_boss_nemesis_01.dbr,((charLevel*42)^1.5)+20000,Boss,sm3,329751.6885,329751.6885,125.0,125.0,69.0,damage_totaladjuster.dbr[10]=44.0(IN-RANGE) armorbase05.dbr[108]=25.0(IN-RANGE),records/proxies/poolsbossgdx1/nemesis_all_nobeast.dbr|records/proxies/poolsbossgdx3/nemesis_all.dbr,BOSS,171|176|180,MEASURED,MEASURED
records/creatures/enemies/rokstorm_a01.dbr,1,0,,103|104,103,104,MEASURED-SET,records/creatures/enemies/bios/bio_rok_a01.dbr,((charLevel*11)^1.5)+100,Common,sm3,38236.8541,38793.591,78.0,86.0,41.0,damage_totaladjuster.dbr[3]=16.0(IN-RANGE) armorbase03.dbr[102]=25.0(IN-RANGE),records/proxies/poolsbasicgdx3/rokstorm_t3.dbr,trash,177,MEASURED,MEASURED
records/creatures/enemies/rokstorm_b01.dbr,1,0,,104|105|106,104,106,MEASURED-SET,records/creatures/enemies/bios/bio_rok_b01.dbr,((charLevel*15)^1.5)+100,Champion,sm3,61715.0631,63500.9385,86.0,103.0,45.0,damage_totaladjuster.dbr[4]=20.0(IN-RANGE) armorbase04.dbr[103]=25.0(IN-RANGE),records/proxies/poolsbasicgdx3/rokstorm_t3.dbr,trash,177,MEASURED,MEASURED
records/creatures/enemies/rokstorm_c01.dbr,1,0,,104|105|106,104,106,MEASURED-SET,records/creatures/enemies/bios/bio_rok_c01.dbr,((charLevel*17)^1.5)+200,Champion,sm3,74540.1428,76694.8469,86.0,103.0,49.0,damage_totaladjuster.dbr[5]=24.0(IN-RANGE) armorbase04.dbr[103]=25.0(IN-RANGE),records/proxies/poolsbasicgdx3/rokstorm_t3.dbr,trash,177,MEASURED,MEASURED
records/creatures/enemies/skeleton_c01_summon.dbr,0,1,records/creatures/enemies/boss&quest/skeletalgolem_stepsoftorment_01.dbr,106|107|108,106,108,DERIVED-INHERITED,records/creatures/enemies/bios/bio_skeletonrevenant_01.dbr,((charLevel*19)^1.33)+60,Champion,sm_mod,24856.997,25481.1904,103.0,121.0,37.0,damage_totaladjuster.dbr[2]=12.0(IN-RANGE) armorbase03.dbr[105]=25.0(IN-RANGE),,,,MEASURED,MEASURED
records/creatures/enemies/skeletonfrost_b04_evoker_summon.dbr,0,1,records/creatures/enemies/nemesis/nemesis_orderdeathsvigil_02.dbr,109,109,109,DERIVED-INHERITED,records/creatures/enemies/bios/bio_skeletonmagi_01.dbr,((charLevel*12)^1.28)+20,Champion,sm3,9775.6882,9775.6882,110.0,110.0,42.0,damage_totaladjuster.dbr[2]=12.0(IN-RANGE) armorbase01.dbr[108]=30.0(IN-RANGE),,,,MEASURED,MEASURED
records/creatures/enemies/skeletonfrost_c01.dbr,1,0,,104|105|106,104,106,MEASURED-SET,records/creatures/enemies/bios/bio_skeletonrevenant_01.dbr,((charLevel*19)^1.33)+60,Champion,sm3,24236.6782,24856.997,86.0,103.0,37.0,damage_totaladjuster.dbr[2]=12.0(IN-RANGE) armorbase03.dbr[103]=25.0(IN-RANGE),records/proxies/poolsbasicgdx3/skeletonfrostrevenant_t3.dbr,trash,171,MEASURED,MEASURED
records/creatures/enemies/skeletonfrost_c02.dbr,1,0,,104|105|106,104,106,MEASURED-SET,records/creatures/enemies/bios/bio_skeletonrevenant_01.dbr,((charLevel*19)^1.33)+60,Champion,sm3,24236.6782,24856.997,86.0,103.0,37.0,damage_totaladjuster.dbr[2]=12.0(IN-RANGE) armorbase03.dbr[103]=25.0(IN-RANGE),records/proxies/poolsbasicgdx3/skeletonfrostrevenant_t3.dbr,trash,171,MEASURED,MEASURED
records/creatures/enemies/skeletonfrost_c02_summon.dbr,0,1,records/creatures/enemies/nemesis/nemesis_orderdeathsvigil_02.dbr,109,109,109,DERIVED-INHERITED,records/creatures/enemies/bios/bio_skeletonrevenant_01.dbr,((charLevel*19)^1.33)+60,Champion,sm3,25794.725,25794.725,125.0,125.0,37.0,damage_totaladjuster.dbr[2]=12.0(IN-RANGE) armorbase03.dbr[108]=25.0(IN-RANGE),,,,MEASURED,MEASURED
records/creatures/enemies/skeletonfrost_c03.dbr,1,0,,104|105|106,104,106,MEASURED-SET,records/creatures/enemies/bios/bio_skeletonrevenant_01.dbr,((charLevel*19)^1.33)+60,Champion,sm3,24236.6782,24856.997,86.0,103.0,37.0,damage_totaladjuster.dbr[2]=12.0(IN-RANGE) armorbase03.dbr[103]=25.0(IN-RANGE),records/proxies/poolsbasicgdx3/skeletonfrostrevenant_t3.dbr,trash,171,MEASURED,MEASURED
records/creatures/enemies/spore_a01.dbr,0,1,records/creatures/enemies/boss&quest/eldritchhound_gatheringpower.dbr,106|107|108,106,108,DERIVED-INHERITED,records/creatures/enemies/bios/bio_spore_a01.dbr,((charLevel*4)^1.27)+10,Champion,sm2,2181.474,2233.6394,88.0,102.0,46.0,damage_totaladjuster.dbr[3]=16.0(IN-RANGE) armorbase01.dbr[105]=30.0(IN-RANGE),,,,MEASURED,MEASURED
records/creatures/enemies/spore_b01.dbr,0,1,records/creatures/enemies/boss&quest/eldritchhound_gatheringpower.dbr,106|107|108,106,108,DERIVED-INHERITED,records/creatures/enemies/bios/bio_spore_b01.dbr,((charLevel*11)^1.28)+15,Champion,sm2,8436.2032,8640.118,88.0,102.0,46.0,damage_totaladjuster.dbr[3]=16.0(IN-RANGE) armorbase01.dbr[105]=30.0(IN-RANGE),,,,MEASURED,MEASURED
records/creatures/enemies/statue_a01.dbr,1,0,,104|105|106,104,106,MEASURED-SET,records/creatures/enemies/bios/bio_statue_a01.dbr,((charLevel*11)^1.5)+150,Champion,sm2,38843.591,39965.1014,86.0,103.0,120.0,damage_totaladjuster.dbr[4]=20.0(IN-RANGE) armorbase03.dbr[103]=25.0(IN-RANGE) genericphysical_charge.dbr[4]=75.0(CLAMPED-HIGH),records/proxies/poolsbasicgdx2/statue_t3.dbr,trash,171|173,MEASURED,MEASURED
records/creatures/enemies/statue_a02.dbr,1,0,,104|105,104,105,MEASURED-SET,records/creatures/enemies/bios/bio_statue_a01.dbr,((charLevel*11)^1.5)+150,Champion,sm2,38843.591,39403.011,86.0,94.0,120.0,damage_totaladjuster.dbr[4]=20.0(IN-RANGE) armorbase03.dbr[103]=25.0(IN-RANGE) genericphysical_charge.dbr[4]=75.0(CLAMPED-HIGH),records/proxies/poolsbasicgdx2/statue_t3.dbr,trash,171|173,MEASURED,MEASURED
records/creatures/enemies/statue_b01.dbr,1,0,,104|105,104,105,MEASURED-SET,records/creatures/enemies/bios/bio_statue_b01.dbr,((charLevel*15.5)^1.5)+200,Champion,sm2,64921.3483,65857.0697,86.0,94.0,45.0,damage_totaladjuster.dbr[4]=20.0(IN-RANGE) armorbase04.dbr[103]=25.0(IN-RANGE),records/proxies/poolsbasicgdx2/statue_t3.dbr,trash,171|173,MEASURED,MEASURED
records/creatures/enemies/statue_b02.dbr,1,0,,104|105,104,105,MEASURED-SET,records/creatures/enemies/bios/bio_statue_b01.dbr,((charLevel*15.5)^1.5)+200,Champion,sm2,64921.3483,65857.0697,86.0,94.0,45.0,damage_totaladjuster.dbr[4]=20.0(IN-RANGE) armorbase04.dbr[103]=25.0(IN-RANGE),records/proxies/poolsbasicgdx2/statue_t3.dbr,trash,171|173,MEASURED,MEASURED
records/creatures/enemies/statue_c01.dbr,1,0,,105|106,105,106,MEASURED-SET,records/creatures/enemies/bios/bio_statue_c01.dbr,((charLevel*17)^1.5)+200,Champion,sm2,75614.9297,76694.8469,94.0,103.0,49.0,damage_totaladjuster.dbr[5]=24.0(IN-RANGE) armorbase04.dbr[104]=25.0(IN-RANGE),records/proxies/poolsbasicgdx2/statue_t3.dbr,trash,171|173,MEASURED,MEASURED
records/creatures/enemies/statue_c02.dbr,1,0,,105|106,105,106,MEASURED-SET,records/creatures/enemies/bios/bio_statue_c01.dbr,((charLevel*17)^1.5)+200,Champion,sm2,75614.9297,76694.8469,94.0,103.0,49.0,damage_totaladjuster.dbr[5]=24.0(IN-RANGE) armorbase04.dbr[104]=25.0(IN-RANGE),records/proxies/poolsbasicgdx2/statue_t3.dbr,trash,171|173,MEASURED,MEASURED
records/creatures/enemies/swampcrab_a00_summon.dbr,0,1,records/creatures/enemies/swampcrab_c01_summon.dbr,,,,ABSENT:NO-LEVEL-SOURCE,records/creatures/enemies/bios/bio_swampcrab_a00_summon.dbr,((charLevel*6)^1.28)+25,Common,sm1,,,,,,,,,,ABSENT:ABSENT:NO-LEVEL-SOURCE,ABSENT
records/creatures/enemies/swampcrab_b01_summon.dbr,0,1,records/creatures/enemies/boss&quest/swampcrab_ugdenbog_01.dbr,106|107|108,106,108,DERIVED-INHERITED,records/creatures/enemies/bios/bio_swampcrab_b01.dbr,((charLevel*14)^1.33)+45,Common,sm1,16564.8876,16980.7285,103.0,121.0,33.0,damage_totaladjuster.dbr[1]=8.0(IN-RANGE) armorbase04.dbr[105]=25.0(IN-RANGE),,,,MEASURED,MEASURED
records/creatures/enemies/swampcrab_c01_summon.dbr,0,1,records/creatures/enemies/boss&quest/swampcrab_ugdenbog_01.dbr,106|107|108,106,108,DERIVED-INHERITED,records/creatures/enemies/bios/bio_swampcrab_c01.dbr,((charLevel*20)^1.33)+60,Champion,sm1,26607.6874,27275.9494,103.0,121.0,49.0,damage_totaladjuster.dbr[5]=24.0(IN-RANGE) armorbase04.dbr[105]=25.0(IN-RANGE),,,,MEASURED,MEASURED
records/creatures/enemies/swampgolem_a01.dbr,1,0,,104|105|106,104,106,MEASURED-SET,records/creatures/enemies/bios/bio_swampgolem_a01.dbr,((charLevel*11)^1.5)+150,Champion,sm1,38843.591,39965.1014,86.0,103.0,45.0,damage_totaladjuster.dbr[4]=20.0(IN-RANGE) armorbase03.dbr[103]=25.0(IN-RANGE),records/proxies/poolsbasicgdx1/livingplant_t3.dbr,trash,172,MEASURED,MEASURED
records/creatures/enemies/thornedhorrorfrost_a01.dbr,1,0,,102|103,102,103,MEASURED-SET,records/creatures/enemies/bios/bio_thornedhorrorfrost_a01.dbr,((charLevel*12)^1.33)+60,Champion,sm3,12846.4294,13013.4235,61.0,69.0,76.0,damage_totaladjuster.dbr[3]=16.0(IN-RANGE) armorbase02.dbr[101]=30.0(IN-RANGE) genericphysical_charge.dbr[1]=30.0(IN-RANGE),records/proxies/poolsbasicgdx3/thornedhorrorfrost_t3.dbr,trash,174,MEASURED,MEASURED
records/creatures/enemies/thornedhorrorfrost_b01.dbr,1,0,,103|104,103,104,MEASURED-SET,records/creatures/enemies/bios/bio_thornedhorrorfrost_b01.dbr,((charLevel*22)^1.33)+80,Champion,sm3,29086.5231,29461.672,78.0,86.0,41.0,damage_totaladjuster.dbr[3]=16.0(IN-RANGE) armorbase03.dbr[102]=25.0(IN-RANGE),records/proxies/poolsbasicgdx3/thornedhorrorfrost_t3.dbr,trash,174,MEASURED,MEASURED
records/creatures/enemies/thornedhorrorfrost_c01.dbr,1,0,,104|105|106,104,106,MEASURED-SET,records/creatures/enemies/bios/bio_thornedhorrorfrost_c01.dbr,((charLevel*26)^1.33)+110,Champion,sm3,36801.7896,37743.2178,86.0,103.0,41.0,damage_totaladjuster.dbr[3]=16.0(IN-RANGE) armorbase03.dbr[103]=25.0(IN-RANGE),records/proxies/poolsbasicgdx3/thornedhorrorfrost_t3.dbr,trash,174,MEASURED,MEASURED
records/creatures/enemies/trap_brambletrap_a01.dbr,0,1,records/creatures/enemies/devotion/dranghoul_h02.dbr|records/creatures/enemies/devotion/rhino_h01.dbr|records/creatures/enemies/hero/eldritchhound_h05.dbr|records/creatures/enemies/hero/rhino_h01.dbr|records/creatures/enemies/hero/sandlizard_h07.dbr|records/creatures/enemies/hero/scorpion_h05.dbr,107|108,107,108,DERIVED-INHERITED,records/creatures/enemies/bios/bio_familycrisistarget_01.dbr,15,Common,sm3,15,15,0.0,0.0,0.0,,,,,MEASURED,MEASURED
records/creatures/enemies/trap_icespike_hero_a01.dbr,0,1,records/creatures/enemies/devotion/rhino_h04.dbr|records/creatures/enemies/hero/aetherialcorruption_h05.dbr|records/creatures/enemies/hero/eldritchwraith_h05.dbr|records/creatures/enemies/hero/giant_h03.dbr|records/creatures/enemies/hero/human_korvaak_h05.dbr|records/creatures/enemies/hero/rhino_h04.dbr|records/creatures/enemies/hero/sandlizard_eldritch_h05.dbr,107|108,107,108,DERIVED-INHERITED,records/creatures/enemies/bios/bio_trap_fireflare_01.dbr,((charLevel*10)^1.25)+60,Common,sm3,6179.6942,6251.2693,0.0,0.0,0.0,,,,,MEASURED,MEASURED
records/creatures/enemies/trap_lightningspike_hero_a01.dbr,0,1,records/creatures/enemies/devotion/chthonianherald_h04.dbr|records/creatures/enemies/hero/gargoyle_h05.dbr|records/creatures/enemies/hero/human_ascended_h05.dbr|records/creatures/enemies/hero/human_chthonickurn_h04.dbr|records/creatures/enemies/hero/statue_h05.dbr,107|108,107,108,DERIVED-INHERITED,records/creatures/enemies/bios/bio_trap_fireflare_01.dbr,((charLevel*10)^1.25)+60,Common,sm3,6179.6942,6251.2693,0.0,0.0,0.0,,,,,MEASURED,MEASURED
records/creatures/enemies/wendigocannibal_a01.dbr,1,0,,102|103,102,103,MEASURED-SET,records/creatures/enemies/bios/bio_wendigocannibal_a01.dbr,((charLevel*9)^1.33)+30,Common,sm1,8751.2908,8865.1931,61.0,69.0,38.0,damage_totaladjuster.dbr[1]=8.0(IN-RANGE) armorbase01.dbr[101]=30.0(IN-RANGE),records/proxies/poolsbasicgdx1/wendigocannibal_t3.dbr,trash,171,MEASURED,MEASURED
records/creatures/enemies/wendigocannibal_b01.dbr,1,0,,103|104,103,104,MEASURED-SET,records/creatures/enemies/bios/bio_wendigocannibal_b01.dbr,((charLevel*16)^1.33)+50,Common,sm1,19041.2297,19286.8482,69.0,74.0,42.0,damage_totaladjuster.dbr[2]=12.0(IN-RANGE) armorbase02.dbr[102]=30.0(IN-RANGE),records/proxies/poolsbasicgdx1/wendigocannibal_t3.dbr,trash,171,MEASURED,MEASURED
records/creatures/enemies/wendigocannibal_c01.dbr,1,0,,104|105|106,104,106,MEASURED-SET,records/creatures/enemies/bios/bio_wendigocannibal_c01.dbr,((charLevel*20)^1.33)+70,Champion,sm1,25953.5735,26617.6874,86.0,103.0,37.0,damage_totaladjuster.dbr[2]=12.0(IN-RANGE) armorbase03.dbr[103]=25.0(IN-RANGE),records/proxies/poolsbasicgdx1/wendigocannibal_t3.dbr,trash,171,MEASURED,MEASURED
records/creatures/enemies/wraith_a01_summon.dbr,0,1,records/creatures/enemies/human_wendigo_c01.dbr,103|104,103,104,DERIVED-INHERITED,records/creatures/enemies/bios/bio_wraith_a01.dbr,((charLevel*12)^1.33)+30,Common,sm1,12983.4235,13150.9536,69.0,74.0,46.0,damage_totaladjuster.dbr[3]=16.0(IN-RANGE) armorbase02.dbr[102]=30.0(IN-RANGE),,,,MEASURED,MEASURED
records/creatures/enemies/wraith_b01_summon.dbr,0,1,records/creatures/enemies/nemesis/nemesis_wendigo_01.dbr,109,109,109,DERIVED-INHERITED,records/creatures/enemies/bios/bio_wraith_b01.dbr,((charLevel*17)^1.33)+30,Champion,sm1,22225.9791,22225.9791,110.0,110.0,46.0,damage_totaladjuster.dbr[3]=16.0(IN-RANGE) armorbase02.dbr[108]=30.0(IN-RANGE),,,,MEASURED,MEASURED
records/creatures/enemies/wraith_c01_summon.dbr,0,1,records/creatures/enemies/nemesis/nemesis_wendigo_01.dbr,109,109,109,DERIVED-INHERITED,records/creatures/enemies/bios/bio_wraith_c01.dbr,((charLevel*25)^1.33)+30,Champion,sm1,37101.2691,37101.2691,125.0,125.0,41.0,damage_totaladjuster.dbr[3]=16.0(IN-RANGE) armorbase03.dbr[108]=25.0(IN-RANGE),,,,MEASURED,MEASURED
records/skills/nonplayerskills/bossskills/pets/chthonicshard_zap_b01_summon.dbr,0,1,records/creatures/enemies/boss&quest/cultist_cultleader_01.dbr,106|107|108,106,108,DERIVED-INHERITED,records/creatures/enemies/bios/bio_trap_chthonicshard_02.dbr,((charLevel*9)^1.30)+25,Common,sm_mod,7496.5875,7680.3693,0.0,0.0,0.0,,,,,MEASURED,MEASURED
records/skills/nonplayerskills/bossskills/pets/loghorrean_void.dbr,0,1,records/creatures/enemies/boss&quest/cultist_burrwitchcathedral_01.dbr|records/creatures/enemies/boss&quest/cultist_cultleader_01.dbr,106|107|108,106,108,DERIVED-INHERITED,records/creatures/enemies/bios/bio_trap_fireflare_01.dbr,((charLevel*10)^1.25)+60,Common,sm_mod,6108.2862,6251.2693,0.0,0.0,16.0,damage_totaladjuster.dbr[3]=16.0(IN-RANGE),,,,MEASURED,MEASURED
records/skills/nonplayerskills/summoning/warden_aethertrap01.dbr,0,1,records/creatures/enemies/boss&quest/warden01.dbr,106|107|108,106,108,DERIVED-INHERITED,,,Common,sm_mod,,,,,,,,,,ABSENT:NO-characterAttributeEquations,ABSENT
records/skills/nonplayerskillsgdx1/bossskills/ancientgrove/manticore_void.dbr,0,1,records/creatures/enemies/boss&quest/manticore_beastroguelike_01.dbr,106|107|108,106,108,DERIVED-INHERITED,records/creatures/enemies/bios/bio_trap_fireflare_01.dbr,((charLevel*10)^1.25)+60,Common,gdx1,6108.2862,6251.2693,0.0,0.0,16.0,damage_totaladjuster.dbr[3]=16.0(IN-RANGE),,,,MEASURED,MEASURED
records/skills/nonplayerskillsgdx1/bossskills/final/aetheranomaly_01.dbr,0,1,records/creatures/enemies/boss&quest/aetherial_final02.dbr,106|107|108,106,108,DERIVED-INHERITED,records/creatures/enemies/bios/bio_trap_fireflare_01.dbr,((charLevel*10)^1.25)+60,Common,gdx1,6108.2862,6251.2693,0.0,0.0,0.0,,,,,MEASURED,MEASURED
records/skills/nonplayerskillsgdx1/bossskills/nemesis/aetherialvanguard_crystal.dbr,0,1,records/creatures/enemies/nemesis/nemesis_aetherialvanguard_01.dbr,109,109,109,DERIVED-INHERITED,records/creatures/enemies/bios/bio_boss_nemesis_clustersummon.dbr,((charLevel*4)^1.5)+100,Champion,gdx1,9203.9473,9203.9473,125.0,125.0,25.0,armorbase04.dbr[108]=25.0(IN-RANGE),,,,MEASURED,MEASURED
records/skills/nonplayerskillsgdx1/bossskills/nemesis/beast_bloodpool.dbr,0,1,records/creatures/enemies/nemesis/nemesis_beast_01_p1.dbr,109,109,109,DERIVED-INHERITED,records/creatures/enemies/bios/bio_boss_nemesis_clustersummon.dbr,((charLevel*4)^1.5)+100,Common,gdx1,9203.9473,9203.9473,0.0,0.0,0.0,,,,,MEASURED,MEASURED
records/skills/nonplayerskillsgdx1/bossskills/nemesis/chthonian02_void.dbr,0,1,records/creatures/enemies/nemesis/nemesis_chthonianvoidborn_01.dbr,109,109,109,DERIVED-INHERITED,records/creatures/enemies/bios/bio_boss_nemesis_clustersummon.dbr,((charLevel*4)^1.5)+100,Common,gdx1,9203.9473,9203.9473,0.0,0.0,16.0,damage_totaladjuster.dbr[3]=16.0(IN-RANGE),,,,MEASURED,MEASURED
records/skills/nonplayerskillsgdx1/bossskills/pets/gabbalthunn_obsidianshard.dbr,0,1,records/creatures/enemies/boss&quest/cultist_burrwitchcathedral_01.dbr,106|107|108,106,108,DERIVED-INHERITED,records/creatures/enemies/bios/bio_trap_chthonicshard_01.dbr,((charLevel*6)^1.20)+25,Common,sm1,2337.8557,2390.3206,0.0,0.0,0.0,,,,,MEASURED,MEASURED
records/skills/nonplayerskillsgdx2/bossskills/final/pet_celestialeffigy.dbr,0,1,records/creatures/enemies/boss&quest/korvaakfinal_02.dbr,106|107|108,106,108,DERIVED-INHERITED,records/creatures/enemies/bios/bio_boss_korvaak_celestialeffigy_01.dbr,((charLevel*20)^1.5)+100,Common,sm2,97712.1304,100487.7283,0.0,0.0,0.0,,,,,MEASURED,MEASURED
records/skills/nonplayerskillsgdx2/bossskills/final/pet_celestialeffigy_02.dbr,0,1,records/creatures/enemies/boss&quest/korvaakfinal_02.dbr,106|107|108,106,108,DERIVED-INHERITED,records/creatures/enemies/bios/bio_boss_korvaak_celestialeffigy_02.dbr,((charLevel*19)^1.5)+100,Common,sm2,90483.5092,93053.5616,0.0,0.0,0.0,,,,,MEASURED,MEASURED
records/skills/nonplayerskillsgdx2/bossskills/final/pet_eldritchrift.dbr,0,1,records/creatures/enemies/boss&quest/korvaakfinal_02.dbr,106|107|108,106,108,DERIVED-INHERITED,records/creatures/enemies/bios/bio_boss_korvaak_eldritchrift_01.dbr,((charLevel*20)^1.5)+100,Common,sm2,97712.1304,100487.7283,0.0,0.0,0.0,,,,,MEASURED,MEASURED
records/skills/nonplayerskillsgdx2/bossskills/final/pet_eldritchrift_02.dbr,0,1,records/creatures/enemies/boss&quest/korvaakfinal_02.dbr,106|107|108,106,108,DERIVED-INHERITED,records/creatures/enemies/bios/bio_boss_korvaak_eldritchrift_02.dbr,((charLevel*16)^1.5)+100,Common,sm2,69945.5549,71931.6111,0.0,0.0,0.0,,,,,MEASURED,MEASURED
records/skills/nonplayerskillsgdx2/bossskills/nemesis/eldritchshard_01.dbr,0,1,records/creatures/enemies/nemesis/nemesis_eldritch_02a.dbr,109,109,109,DERIVED-INHERITED,records/creatures/enemies/bios/bio_boss_nemesis_eldritchshard_01.dbr,((charLevel*19)^1.5)+100,Champion,gdx2,94347.5671,94347.5671,0.0,0.0,0.0,,,,,MEASURED,MEASURED
records/skills/nonplayerskillsgdx2/bossskills/pets/azaelon_winddevil_01.dbr,0,1,records/creatures/enemies/boss&quest/gryphon_templeboss.dbr,106|107|108,106,108,DERIVED-INHERITED,records/skills/playerclass06/pets/bio_winddevil_01.dbr,((charLevel*10)^1.29)+35,Common,sm2,8026.7993,8221.8464,0.0,0.0,16.0,damage_totaladjuster.dbr[3]=16.0(IN-RANGE),,,,MEASURED,MEASURED
records/skills/nonplayerskillsgdx2/bossskills/pets/korvaak_lieutenant_02_trapsummon_01.dbr,0,1,records/creatures/enemies/boss&quest/korvaak_lieutenant_02.dbr,106|107|108,106,108,DERIVED-INHERITED,records/creatures/enemies/bios/bio_trap_fireflare_01.dbr,((charLevel*10)^1.25)+60,Common,sm2,6108.2862,6251.2693,0.0,0.0,0.0,,,,,MEASURED,MEASURED
records/skills/nonplayerskillsgdx2/bossskills/pets/korvaak_lieutenant_02_trapsummon_02.dbr,0,1,records/creatures/enemies/boss&quest/korvaak_lieutenant_02.dbr,106|107|108,106,108,DERIVED-INHERITED,records/creatures/enemies/bios/bio_trap_fireflare_01.dbr,((charLevel*10)^1.25)+60,Common,sm2,6108.2862,6251.2693,0.0,0.0,0.0,,,,,MEASURED,MEASURED
records/skills/nonplayerskillsgdx2/bossskills/roguelike/magi_houndsummon.dbr,0,1,records/creatures/enemies/boss&quest/eldritcharmor_roguelikemagi_07.dbr,106|107|108,106,108,DERIVED-INHERITED,records/creatures/enemies/bios/bio_eldritchhound_b01.dbr,((charLevel*21)^1.33)+40,Champion,gdx2,28367.514,29080.5781,103.0,121.0,41.0,damage_totaladjuster.dbr[3]=16.0(IN-RANGE) armorbase03.dbr[105]=25.0(IN-RANGE),,,,MEASURED,MEASURED
records/skills/nonplayerskillsgdx2/bossskills/roguelike/yugoltentacle01.dbr,0,1,records/creatures/enemies/boss&quest/eldritcharmor_roguelike_02a.dbr|records/creatures/enemies/boss&quest/eldritcharmor_roguelike_02b.dbr,106|107|108,106,108,DERIVED-INHERITED,records/creatures/enemies/bios/bio_boss_loghorreantentacle_02.dbr,((charLevel*9)^1.5)+100,Champion,gdx2,29566.0935,30403.9609,103.0,121.0,45.0,damage_totaladjuster.dbr[4]=20.0(IN-RANGE) armorbase04.dbr[105]=25.0(IN-RANGE),,,,MEASURED,MEASURED
records/skills/nonplayerskillsgdx2/bossskills/roguelike/yugoltentacle02.dbr,0,1,records/creatures/enemies/boss&quest/eldritcharmor_roguelike_02a.dbr|records/creatures/enemies/boss&quest/eldritcharmor_roguelike_02b.dbr,106|107|108,106,108,DERIVED-INHERITED,records/creatures/enemies/bios/bio_boss_loghorreantentacle_02.dbr,((charLevel*9)^1.5)+100,Champion,gdx2,29566.0935,30403.9609,103.0,121.0,45.0,damage_totaladjuster.dbr[4]=20.0(IN-RANGE) armorbase04.dbr[105]=25.0(IN-RANGE),,,,MEASURED,MEASURED
records/skills/nonplayerskillsgdx3/bossskills/nemesis/necro2_nulltotem.dbr,0,1,records/creatures/enemies/nemesis/nemesis_orderdeathsvigil_02.dbr,109,109,109,DERIVED-INHERITED,records/creatures/enemies/bios/bio_boss_wendigo_ravager_wraith.dbr,((charLevel*25)^1.28)+30,Champion,sm3,24991.4108,24991.4108,0.0,0.0,16.0,damage_totaladjuster.dbr[3]=16.0(IN-RANGE),,,,MEASURED,MEASURED
records/skills/nonplayerskillsgdx3/bossskills/nemesis/outlaw2_aethershard.dbr,0,1,records/creatures/enemies/nemesis/nemesis_outlaw_02.dbr,109,109,109,DERIVED-INHERITED,records/creatures/enemies/bios/bio_boss_nemesis_aethershard_01.dbr,((charLevel*19)^1.54)+100,Champion,sm3,128013.7857,128013.7857,0.0,0.0,16.0,damage_totaladjuster.dbr[3]=16.0(IN-RANGE),,,,MEASURED,MEASURED
records/skills/nonplayerskillsgdx3/bossskills/pets/evernight_shadowdevil_01.dbr,0,1,records/creatures/enemies/boss&quest/hypporaven_evernightvalley_01.dbr,106|107|108,106,108,DERIVED-INHERITED,records/skills/playerclass06/pets/bio_winddevil_01.dbr,((charLevel*10)^1.29)+35,Common,sm3,8026.7993,8221.8464,0.0,0.0,16.0,damage_totaladjuster.dbr[3]=16.0(IN-RANGE),,,,MEASURED,MEASURED
records/skills/nonplayerskillsgdx3/bossskills/pets/giantfire_moltenpool.dbr,0,1,records/creatures/enemies/boss&quest/giant_fire_01.dbr,106|107|108,106,108,DERIVED-INHERITED,records/creatures/enemies/bios/bio_trap_fireflare_01.dbr,((charLevel*10)^1.25)+60,Common,sm3,6108.2862,6251.2693,0.0,0.0,16.0,damage_totaladjuster.dbr[3]=16.0(IN-RANGE),,,,MEASURED,MEASURED
records/skills/nonplayerskillsgdx3/bossskills/pets/giantstorm_lightningrune.dbr,0,1,records/creatures/enemies/boss&quest/giant_storm_01.dbr,106|107|108,106,108,DERIVED-INHERITED,records/creatures/enemies/bios/bio_trap_fireflare_01.dbr,((charLevel*10)^1.25)+60,Common,sm3,6108.2862,6251.2693,0.0,0.0,16.0,damage_totaladjuster.dbr[3]=16.0(IN-RANGE),,,,MEASURED,MEASURED
