
==========================================================================================
=== records/creatures/enemies/boss&quest/slith_wightmirecave01.dbr  [database.arz] type=Monster
==========================================================================================
  Class                                        'Monster'
  FileDescription                              'Primorian the Forgotten One'
  LowerHealthDisplayPercentage                 0.0
  MonsterMusicRadius                           0.0
  UpperHealthDisplayPercentage                 100.0
  actorHeight                                  2.0
  actorRadius                                  0.44999998807907104
  alertAnimChance                              100
  alertSound                                   'records/sounds/enemies/vocalizations/spak_slithalert.dbr'
  alertSoundChance                             100.0
  allowTransparency                            False
  ambientPeriodMax                             0.0
  ambientPeriodMin                             0.0
  ambushDissolveTexture                        'system/textures/cloud.tex'
  ambushDissolveTime                           0
  angerMultiplier                              1.0
  attackSound                                  'records/sounds/enemies/combatbasic/spak_bite_organic.dbr'
  avoidForce                                   0.5
  baseTexture                                  'creatures/enemies/slith/slithd01_dif.tex'
  bodyFallSound                                'records/sounds/enemies/combatbasic/spak_bodyfall_generic01.dbr'
  bodyFallSoundChance                          100.0
  buffSelfSkillName                            'records/skills/nonplayerskills/bossskills/primordian_icearmor.dbr'
  castsShadows                                 True
  causesAnger                                  True
  chanceToEquipFinger1                         0.0
  chanceToEquipFinger1Item1                    0
  chanceToEquipFinger1Item2                    0
  chanceToEquipFinger1Item3                    0
  chanceToEquipFinger1Item4                    0
  chanceToEquipFinger1Item5                    0
  chanceToEquipFinger1Item6                    0
  chanceToEquipFinger2                         0.0
  chanceToEquipFinger2Item1                    0
  chanceToEquipFinger2Item2                    0
  chanceToEquipFinger2Item3                    0
  chanceToEquipFinger2Item4                    0
  chanceToEquipFinger2Item5                    0
  chanceToEquipFinger2Item6                    0
  chanceToEquipHead                            0.0
  chanceToEquipHeadItem1                       0
  chanceToEquipHeadItem2                       0
  chanceToEquipHeadItem3                       0
  chanceToEquipHeadItem4                       0
  chanceToEquipHeadItem5                       0
  chanceToEquipHeadItem6                       0
  chanceToEquipLeftHand                        0.0
  chanceToEquipLeftHandItem1                   0
  chanceToEquipLeftHandItem2                   0
  chanceToEquipLeftHandItem3                   0
  chanceToEquipLeftHandItem4                   0
  chanceToEquipLeftHandItem5                   0
  chanceToEquipLeftHandItem6                   0
  chanceToEquipLegs                            0.0
  chanceToEquipLegsItem1                       0
  chanceToEquipLegsItem2                       0
  chanceToEquipLegsItem3                       0
  chanceToEquipLegsItem4                       0
  chanceToEquipLegsItem5                       0
  chanceToEquipLegsItem6                       0
  chanceToEquipMisc1                           45.0
  chanceToEquipMisc1Item1                      5
  chanceToEquipMisc1Item2                      27
  chanceToEquipMisc1Item3                      20
  chanceToEquipMisc1Item4                      15
  chanceToEquipMisc1Item5                      33
  chanceToEquipMisc1Item6                      0
  chanceToEquipMisc2                           100.0
  chanceToEquipMisc2Item1                      100
  chanceToEquipMisc2Item2                      0
  chanceToEquipMisc2Item3                      0
  chanceToEquipMisc2Item4                      0
  chanceToEquipMisc2Item5                      0
  chanceToEquipMisc2Item6                      0
  chanceToEquipMisc3                           100.0
  chanceToEquipMisc3Item1                      100
  chanceToEquipMisc3Item2                      0
  chanceToEquipMisc3Item3                      0
  chanceToEquipMisc3Item4                      0
  chanceToEquipMisc3Item5                      0
  chanceToEquipMisc3Item6                      0
  chanceToEquipRightHand                       0.0
  chanceToEquipRightHandItem1                  0
  chanceToEquipRightHandItem2                  0
  chanceToEquipRightHandItem3                  0
  chanceToEquipRightHandItem4                  0
  chanceToEquipRightHandItem5                  0
  chanceToEquipRightHandItem6                  0
  chanceToEquipShoulders                       0.0
  chanceToEquipShouldersItem1                  0
  chanceToEquipShouldersItem2                  0
  chanceToEquipShouldersItem3                  0
  chanceToEquipShouldersItem4                  0
  chanceToEquipShouldersItem5                  0
  chanceToEquipShouldersItem6                  0
  charAnimationTableName                       'records/creatures/enemies/anm/anm_slith.dbr'
  charLevel                                    'charLevel*1+3'
  characterAttackSpeed                         1.0
  characterAttackSpeedModifier                 0.0
  characterAttributeEquations                  'records/creatures/enemies/bios/bio_boss_standard_01.dbr'
  characterBaseAttackSpeedTag                  'CharacterAttackSpeedAverage'
  characterDefensiveAbility                    0.0
  characterDefensiveAbilityModifier            0.0
  characterDexterity                           0.0
  characterDexterityModifier                   0.0
  characterIntelligence                        0.0
  characterIntelligenceModifier                0.0
  characterLife                                0.0
  characterLifeRegen                           0.0
  characterLifeRegenModifier                   0.0
  characterLightRadius                         0.0
  characterMana                                0.0
  characterManaLimitReserve                    0.0
  characterManaLimitReserveModifier            0.0
  characterManaLimitReserveReduction           0.0
  characterManaLimitReserveReductionModifier   0.0
  characterManaModifier                        0.0
  characterManaRegen                           0.0
  characterManaRegenModifier                   0.0
  characterOffensiveAbility                    0.0
  characterOffensiveAbilityModifier            0.0
  characterRacialProfile                       'Race002'
  characterRunSpeed                            0.8500000238418579
  characterRunSpeedModifier                    0.0
  characterSpellCastSpeed                      1.0
  characterSpellCastSpeedModifier              0.0
  characterStrength                            0.0
  characterStrengthModifier                    0.0
  controller                                   'records/controllers/enemy/controller_boss_viloth.dbr'
  criticalHitSound                             'records/sounds/enemies/vocalizations/spak_slithcrit.dbr'
  dHandedAlertAnimSpeed1                       1.0
  dHandedAlertAnimSpeed2                       1.0
  dHandedAlertAnimSpeed3                       1.0
  dHandedAlertAnimWeight1                      100.0
  dHandedAlertAnimWeight2                      100.0
  dHandedAlertAnimWeight3                      100.0
  dHandedAttackAnimSpeed1                      1.0
  dHandedAttackAnimSpeed2                      1.0
  dHandedAttackAnimSpeed3                      1.0
  dHandedAttackAnimWeight1                     100.0
  dHandedAttackAnimWeight2                     100.0
  dHandedAttackAnimWeight3                     100.0
  dHandedAttackIdleAnimSpeed                   1.0
  dHandedBuffOtherAnimSpeed1                   1.0
  dHandedBuffOtherAnimWeight1                  100.0
  dHandedBuffSelfAnimSpeed1                    1.0
  dHandedBuffSelfAnimWeight1                   100.0
  dHandedChannelAnimSpeed                      1.0
  dHandedChannelEndAnimSpeed                   1.0
  dHandedChannelStartAnimSpeed                 1.0
  dHandedChatAnimSpeed                         1.0
  dHandedCriticalHitAnimSpeed                  1.0
  dHandedDieAnimSpeed1                         1.0
  dHandedDieAnimSpeed2                         1.0
  dHandedDieAnimSpeed3                         1.0
  dHandedDieAnimWeight1                        100.0
  dHandedDieAnimWeight2                        100.0
  dHandedDieAnimWeight3                        100.0
  dHandedEmoteAnimSpeed1                       1.0
  dHandedEmoteAnimSpeed2                       1.0
  dHandedEmoteAnimSpeed3                       1.0
  dHandedEmoteAnimWeight1                      100.0
  dHandedEmoteAnimWeight2                      100.0
  dHandedEmoteAnimWeight3                      100.0
  dHandedFidgetAnimSpeed1                      1.0
  dHandedFidgetAnimSpeed2                      1.0
  dHandedFidgetAnimSpeed3                      1.0
  dHandedFidgetAnimWeight1                     100.0
  dHandedFidgetAnimWeight2                     100.0
  dHandedFidgetAnimWeight3                     100.0
  dHandedFleeAnimSpeed1                        1.0
  dHandedFleeAnimSpeed2                        1.0
  dHandedFleeAnimSpeed3                        1.0
  dHandedFleeAnimWeight1                       100.0
  dHandedFleeAnimWeight2                       100.0
  dHandedFleeAnimWeight3                       100.0
  dHandedGetUpFaceDownAnimSpeed                1.0
  dHandedGetUpFaceUpAnimSpeed                  1.0
  dHandedIdleTranAnimSpeed                     1.0
  dHandedLongIdleAnimSpeed                     1.0
  dHandedPassItemAnimSpeed                     1.0
  dHandedPickupAnimSpeed                       1.0
  dHandedRallyAnimSpeed1                       1.0
  dHandedRallyAnimSpeed2                       1.0
  dHandedRallyAnimSpeed3                       1.0
  dHandedRallyAnimWeight1                      100.0
  dHandedRallyAnimWeight2                      100.0
  dHandedRallyAnimWeight3                      100.0
  dHandedRespawnAnimSpeed                      1.0
  dHandedRunAnimSpeed                          1.0
  dHandedSpawnAnimSpeed                        1.0
  dHandedSpecialAnimSpeed1                     1.0
  dHandedSpecialAnimSpeed10                    1.0
  dHandedSpecialAnimSpeed11                    1.0
  dHandedSpecialAnimSpeed12                    1.0
  dHandedSpecialAnimSpeed13                    1.0
  dHandedSpecialAnimSpeed14                    1.0
  dHandedSpecialAnimSpeed15                    1.0
  dHandedSpecialAnimSpeed2                     1.0
  dHandedSpecialAnimSpeed3                     1.0
  dHandedSpecialAnimSpeed4                     1.0
  dHandedSpecialAnimSpeed5                     1.0
  dHandedSpecialAnimSpeed6                     1.0
  dHandedSpecialAnimSpeed7                     1.0
  dHandedSpecialAnimSpeed8                     1.0
  dHandedSpecialAnimSpeed9                     1.0
  dHandedSpellAttackAnimSpeed                  1.0
  dHandedStunAnimSpeed                         1.0
  dHandedTakeHitAnimSpeed                      1.0
  dHandedWaitingAnimSpeed1                     1.0
  dHandedWaitingAnimSpeed2                     1.0
  dHandedWaitingAnimSpeed3                     1.0
  dHandedWaitingAnimWeight1                    100.0
  dHandedWaitingAnimWeight2                    100.0
  dHandedWaitingAnimWeight3                    100.0
  dHandedWalkAnimSpeed                         1.0
  dbIgnoreWhenPathing                          False
  deathAnimBlendTime                           250.0
  deathEffect                                  'records/fx/creatures/death_bloodexplosionmedium_fx01.dbr'
  deathFromEnemyRange                          0.0
  deathSound1                                  'records/sounds/enemies/vocalizations/spak_slithdeath.dbr'
  defaultChestPiece                            'records/items/enemygear/gear_slithwarriorb01.dbr'
  defaultTeamMajor                             'TeamMajor_Monster'
  defaultTeamMinor                             'TeamMinorMonster_Red'
  defensiveCold                                35.0
  defensiveFreeze                              500.0
  defensiveKnockdown                           500.0
  defensivePoison                              25.0
  deleteBehavior                               'Dissolve'
  description                                  'tagSlithBossB02'
  disallowRotation                             False
  dissolveTexture                              'fx/textures/dissolve32_01.tex'
  dissolveTime                                 10.0
  distressCall                                 True
  distressCallGroup                            'Slith'
  distressCallRange                            15.0
  distressCallTime                             5000
  dropItems                                    True
  dualRangedAlertAnimSpeed1                    1.0
  dualRangedAlertAnimSpeed2                    1.0
  dualRangedAlertAnimSpeed3                    1.0
  dualRangedAlertAnimWeight1                   100.0
  dualRangedAlertAnimWeight2                   100.0
  dualRangedAlertAnimWeight3                   100.0
  dualRangedAttTurnRight90AnimSpeed            1.0
  dualRangedAttackAnimSpeed1                   1.0
  dualRangedAttackAnimSpeed2                   1.0
  dualRangedAttackAnimSpeed3                   1.0
  dualRangedAttackAnimWeight1                  100.0
  dualRangedAttackAnimWeight2                  100.0
  dualRangedAttackAnimWeight3                  100.0
  dualRangedAttackIdleAnimSpeed                1.0
  dualRangedAttackIdleAnimSpeed2               1.0
  dualRangedAttackIdleAnimSpeed3               1.0
  dualRangedAttackIdleAnimSpeed4               1.0
  dualRangedAttackIdleAnimSpeed5               1.0
  dualRangedAttackIdleAnimWeight2              100.0
  dualRangedAttackIdleAnimWeight3              100.0
  dualRangedAttackIdleAnimWeight4              100.0
  dualRangedAttackIdleAnimWeight5              100.0
  dualRangedBuffOtherAnimSpeed1                1.0
  dualRangedBuffOtherAnimSpeed2                1.0
  dualRangedBuffOtherAnimSpeed3                1.0
  dualRangedBuffOtherAnimWeight1               100.0
  dualRangedBuffOtherAnimWeight2               100.0
  dualRangedBuffOtherAnimWeight3               100.0
  dualRangedBuffSelfAnimSpeed1                 1.0
  dualRangedBuffSelfAnimSpeed2                 1.0
  dualRangedBuffSelfAnimSpeed3                 1.0
  dualRangedBuffSelfAnimWeight1                100.0
  dualRangedBuffSelfAnimWeight2                100.0
  dualRangedBuffSelfAnimWeight3                100.0
  dualRangedChatAnimSpeed                      1.0
  dualRangedCriticalHitAnimSpeed               1.0
  dualRangedDieAnimSpeed1                      1.0
  dualRangedDieAnimSpeed2                      1.0
  dualRangedDieAnimSpeed3                      1.0
  dualRangedDieAnimWeight1                     100.0
  dualRangedDieAnimWeight2                     100.0
  dualRangedDieAnimWeight3                     100.0
  dualRangedEmoteAnimSpeed1                    1.0
  dualRangedEmoteAnimSpeed2                    1.0
  dualRangedEmoteAnimSpeed3                    1.0
  dualRangedEmoteAnimWeight1                   100.0
  dualRangedEmoteAnimWeight2                   100.0
  dualRangedEmoteAnimWeight3                   100.0
  dualRangedFidgetAnimSpeed1                   1.0
  dualRangedFidgetAnimSpeed2                   1.0
  dualRangedFidgetAnimSpeed3                   1.0
  dualRangedFidgetAnimWeight1                  100.0
  dualRangedFidgetAnimWeight2                  100.0
  dualRangedFidgetAnimWeight3                  100.0
  dualRangedFleeAnimSpeed1                     1.0
  dualRangedFleeAnimSpeed2                     1.0
  dualRangedFleeAnimSpeed3                     1.0
  dualRangedFleeAnimWeight1                    100.0
  dualRangedFleeAnimWeight2                    100.0
  dualRangedFleeAnimWeight3                    100.0
  dualRangedIdleTranAnimSpeed                  1.0
  dualRangedLongIdleAnimSpeed                  1.0
  dualRangedPassItemAnimSpeed                  1.0
  dualRangedPickupAnimSpeed                    1.0
  dualRangedRallyAnimSpeed1                    1.0
  dualRangedRallyAnimSpeed2                    1.0
  dualRangedRallyAnimSpeed3                    1.0
  dualRangedRallyAnimWeight1                   100.0
  dualRangedRallyAnimWeight2                   100.0
  dualRangedRallyAnimWeight3                   100.0
  dualRangedRespawnAnimSpeed                   1.0
  dualRangedRunAnimSpeed                       1.0
  dualRangedSpawnAnimSpeed                     1.0
  dualRangedSpecialAnimSpeed1                  1.0
  dualRangedSpecialAnimSpeed10                 1.0
  dualRangedSpecialAnimSpeed2                  1.0
  dualRangedSpecialAnimSpeed3                  1.0
  dualRangedSpecialAnimSpeed4                  1.0
  dualRangedSpecialAnimSpeed5                  1.0
  dualRangedSpecialAnimSpeed6                  1.0
  dualRangedSpecialAnimSpeed7                  1.0
  dualRangedSpecialAnimSpeed8                  1.0
  dualRangedSpecialAnimSpeed9                  1.0
  dualRangedSpellAttackAnimSpeed               1.0
  dualRangedStunAnimSpeed                      1.0
  dualRangedWaitingAnimSpeed1                  1.0
  dualRangedWaitingAnimSpeed2                  1.0
  dualRangedWaitingAnimSpeed3                  1.0
  dualRangedWaitingAnimWeight1                 100.0
  dualRangedWaitingAnimWeight2                 100.0
  dualRangedWaitingAnimWeight3                 100.0
  dualRangedWalkAnimSpeed                      1.0
  experiencePoints                             800
  factions                                     'records/controllers/factions/faction_beast.dbr'
  fleeAnimChance                               100
  fleeSoundChance                              100
  forcedUpdates                                False
  genericSound1Chance                          100.0
  genericSound2Chance                          100.0
  genericSound3Chance                          100.0
  genericSound4Chance                          100.0
  gibEffect                                    'records/fx/creatures/death_meatexplosiondefault_gibfx01.dbr'
  gibThreshold                                 175
  giveXP                                       True
  healthGainOnKillDifficulty                   1
  healthGainOnKillPct                          20
  hiddenFromCombat                             False
  hitThreshold                                 100
  impactSoundChance                            100.0
  invincible                                   False
  lifeTime                                     0
  lightRig                                     'records/fx/lightrigs/enemylightrig.dbr'
  longRangeMax                                 12.0
  longRangeMin                                 0.0
  loopingRunningSoundFadeTime                  1000
  lootMisc1Item1                               'records/items/loottables/mastertables/mt_comp_rare_a01.dbr'
  lootMisc1Item2                               'records/items/loottables/mastertables/mt_comp_beastscales_a01.dbr'
  lootMisc1Item3                               'records/items/loottables/mastertables/mt_comp_beastmutant_a01.dbr'
  lootMisc1Item4                               'records/items/loottables/materia/tdyn_comp_bonusslith_a01.dbr'
  lootMisc1Item5                               'records/items/loottables/mastertables/mt_crafting_ancientheart_a01.dbr'
  lootMisc2Item1                               'records/items/loottables/gearaccessories/tdyn_necklace_b01_slithnecklace.dbr'
  lootMisc3Item1                               'records/items/loottables/misc/tdyn_constitution_a01.dbr'
  maxDistressCalls                             1
  maxLevel                                     250
  maxRotationSpeed                             12.0
  maxTransparency                              0.5
  mediumRangeMax                               10.0
  mediumRangeMin                               0.0
  mesh                                         'creatures/enemies/slith/slith01.msh'
  minLevel                                     1
  minRotationSpeed                             9.0
  monsterClassification                        'Quest'
  monsterIconHeight                            3.0
  numAttackSlots                               8
  numDefenseSlots                              8
  outlineThickness                             0.03500000014901161
  pathMass                                     1.0
  pathingSize                                  'Medium'
  perPartyMemberDropChance                     30
  perPartyMemberDropItemName                   'records/items/questitems/quest_slithnecklace.dbr'
  physicsFriction                              10.0
  physicsMass                                  5.0
  physicsRestitution                           0.0
  quest                                        False
  ragdollDecal                                 'records/fx/decals/fxdecal_defaultbodyimpact.dbr'
  rallyAnimChance                              100
  rallySound                                   'records/sounds/enemies/vocalizations/spak_slithvox.dbr'
  rallySoundChance                             0.0
  rampageSoundChance                           0.0
  rampageSoundDelay                            0.0
  ranged1hAlertAnimSpeed1                      1.0
  ranged1hAlertAnimSpeed2                      1.0
  ranged1hAlertAnimSpeed3                      1.0
  ranged1hAlertAnimWeight1                     100.0
  ranged1hAlertAnimWeight2                     100.0
  ranged1hAlertAnimWeight3                     100.0
  ranged1hAttTurnRight90AnimSpeed              1.0
  ranged1hAttackAnimSpeed1                     1.0
  ranged1hAttackAnimSpeed2                     1.0
  ranged1hAttackAnimSpeed3                     1.0
  ranged1hAttackAnimWeight1                    100.0
  ranged1hAttackAnimWeight2                    100.0
  ranged1hAttackAnimWeight3                    100.0
  ranged1hAttackIdleAnimSpeed                  1.0
  ranged1hBuffOtherAnimSpeed1                  1.0
  ranged1hBuffOtherAnimWeight1                 100.0
  ranged1hBuffSelfAnimSpeed1                   1.0
  ranged1hBuffSelfAnimWeight1                  100.0
  ranged1hChannelAnimSpeed                     1.0
  ranged1hChannelEndAnimSpeed                  1.0
  ranged1hChannelStartAnimSpeed                1.0
  ranged1hChatAnimSpeed                        1.0
  ranged1hCriticalHitAnimSpeed                 1.0
  ranged1hDieAnimSpeed1                        1.0
  ranged1hDieAnimSpeed2                        1.0
  ranged1hDieAnimSpeed3                        1.0
  ranged1hDieAnimWeight1                       100.0
  ranged1hDieAnimWeight2                       100.0
  ranged1hDieAnimWeight3                       100.0
  ranged1hEmoteAnimSpeed1                      1.0
  ranged1hEmoteAnimSpeed2                      1.0
  ranged1hEmoteAnimSpeed3                      1.0
  ranged1hEmoteAnimWeight1                     100.0
  ranged1hEmoteAnimWeight2                     100.0
  ranged1hEmoteAnimWeight3                     100.0
  ranged1hFidgetAnimSpeed1                     1.0
  ranged1hFidgetAnimSpeed2                     1.0
  ranged1hFidgetAnimSpeed3                     1.0
  ranged1hFidgetAnimWeight1                    100.0
  ranged1hFidgetAnimWeight2                    100.0
  ranged1hFidgetAnimWeight3                    100.0
  ranged1hFleeAnimSpeed1                       1.0
  ranged1hFleeAnimSpeed2                       1.0
  ranged1hFleeAnimSpeed3                       1.0
  ranged1hFleeAnimWeight1                      100.0
  ranged1hFleeAnimWeight2                      100.0
  ranged1hFleeAnimWeight3                      100.0
  ranged1hGetUpFaceDownAnimSpeed               1.0
  ranged1hGetUpFaceUpAnimSpeed                 1.0
  ranged1hIdleTranAnimSpeed                    1.0
  ranged1hLongIdleAnimSpeed                    1.0
  ranged1hPassItemAnimSpeed                    1.0
  ranged1hPickupAnimSpeed                      1.0
  ranged1hRallyAnimSpeed1                      1.0
  ranged1hRallyAnimSpeed2                      1.0
  ranged1hRallyAnimSpeed3                      1.0
  ranged1hRallyAnimWeight1                     100.0
  ranged1hRallyAnimWeight2                     100.0
  ranged1hRallyAnimWeight3                     100.0
  ranged1hRespawnAnimSpeed                     1.0
  ranged1hRunAnimSpeed                         1.0
  ranged1hSpawnAnimSpeed                       1.0
  ranged1hSpecialAnimSpeed1                    1.0
  ranged1hSpecialAnimSpeed10                   1.0
  ranged1hSpecialAnimSpeed2                    1.0
  ranged1hSpecialAnimSpeed3                    1.0
  ranged1hSpecialAnimSpeed4                    1.0
  ranged1hSpecialAnimSpeed5                    1.0
  ranged1hSpecialAnimSpeed6                    1.0
  ranged1hSpecialAnimSpeed7                    1.0
  ranged1hSpecialAnimSpeed8                    1.0
  ranged1hSpecialAnimSpeed9                    1.0
  ranged1hSpellAttackAnimSpeed                 1.0
  ranged1hStunAnimSpeed                        1.0
  ranged1hTakeHitAnimSpeed                     1.0
  ranged1hWaitingAnimSpeed1                    1.0
  ranged1hWaitingAnimSpeed2                    1.0
  ranged1hWaitingAnimSpeed3                    1.0
  ranged1hWaitingAnimWeight1                   100.0
  ranged1hWaitingAnimWeight2                   100.0
  ranged1hWaitingAnimWeight3                   100.0
  ranged1hWalkAnimSpeed                        1.0
  ranged2hAlertAnimSpeed1                      1.0
  ranged2hAlertAnimSpeed2                      1.0
  ranged2hAlertAnimSpeed3                      1.0
  ranged2hAlertAnimWeight1                     100.0
  ranged2hAlertAnimWeight2                     100.0
  ranged2hAlertAnimWeight3                     100.0
  ranged2hAttackAnimSpeed1                     1.0
  ranged2hAttackAnimSpeed2                     1.0
  ranged2hAttackAnimSpeed3                     1.0
  ranged2hAttackAnimWeight1                    100.0
  ranged2hAttackAnimWeight2                    100.0
  ranged2hAttackAnimWeight3                    100.0
  ranged2hAttackIdleAnimSpeed                  1.0
  ranged2hBuffOtherAnimSpeed1                  1.0
  ranged2hBuffOtherAnimWeight1                 100.0
  ranged2hBuffSelfAnimSpeed1                   1.0
  ranged2hBuffSelfAnimWeight1                  100.0
  ranged2hChannelAnimSpeed                     1.0
  ranged2hChannelEndAnimSpeed                  1.0
  ranged2hChannelStartAnimSpeed                1.0
  ranged2hChatAnimSpeed                        1.0
  ranged2hCriticalHitAnimSpeed                 1.0
  ranged2hDieAnimSpeed1                        1.0
  ranged2hDieAnimSpeed2                        1.0
  ranged2hDieAnimSpeed3                        1.0
  ranged2hDieAnimWeight1                       100.0
  ranged2hDieAnimWeight2                       100.0
  ranged2hDieAnimWeight3                       100.0
  ranged2hEmoteAnimSpeed1                      1.0
  ranged2hEmoteAnimSpeed2                      1.0
  ranged2hEmoteAnimSpeed3                      1.0
  ranged2hEmoteAnimWeight1                     100.0
  ranged2hEmoteAnimWeight2                     100.0
  ranged2hEmoteAnimWeight3                     100.0
  ranged2hFidgetAnimSpeed1                     1.0
  ranged2hFidgetAnimSpeed2                     1.0
  ranged2hFidgetAnimSpeed3                     1.0
  ranged2hFidgetAnimWeight1                    100.0
  ranged2hFidgetAnimWeight2                    100.0
  ranged2hFidgetAnimWeight3                    100.0
  ranged2hFleeAnimSpeed1                       1.0
  ranged2hFleeAnimSpeed2                       1.0
  ranged2hFleeAnimSpeed3                       1.0
  ranged2hFleeAnimWeight1                      100.0
  ranged2hFleeAnimWeight2                      100.0
  ranged2hFleeAnimWeight3                      100.0
  ranged2hGetUpFaceDownAnimSpeed               1.0
  ranged2hGetUpFaceUpAnimSpeed                 1.0
  ranged2hIdleTranAnimSpeed                    1.0
  ranged2hLongIdleAnimSpeed                    1.0
  ranged2hPassItemAnimSpeed                    1.0
  ranged2hPickupAnimSpeed                      1.0
  ranged2hRallyAnimSpeed1                      1.0
  ranged2hRallyAnimSpeed2                      1.0
  ranged2hRallyAnimSpeed3                      1.0
  ranged2hRallyAnimWeight1                     100.0
  ranged2hRallyAnimWeight2                     100.0
  ranged2hRallyAnimWeight3                     100.0
  ranged2hRespawnAnimSpeed                     1.0
  ranged2hRunAnimSpeed                         1.0
  ranged2hSpawnAnimSpeed                       1.0
  ranged2hSpecialAnimSpeed1                    1.0
  ranged2hSpecialAnimSpeed10                   1.0
  ranged2hSpecialAnimSpeed2                    1.0
  ranged2hSpecialAnimSpeed3                    1.0
  ranged2hSpecialAnimSpeed4                    1.0
  ranged2hSpecialAnimSpeed5                    1.0
  ranged2hSpecialAnimSpeed6                    1.0
  ranged2hSpecialAnimSpeed7                    1.0
  ranged2hSpecialAnimSpeed8                    1.0
  ranged2hSpecialAnimSpeed9                    1.0
  ranged2hSpellAttackAnimSpeed                 1.0
  ranged2hStunAnimSpeed                        1.0
  ranged2hTakeHitAnimSpeed                     1.0
  ranged2hWaitingAnimSpeed1                    1.0
  ranged2hWaitingAnimSpeed2                    1.0
  ranged2hWaitingAnimSpeed3                    1.0
  ranged2hWaitingAnimWeight1                   100.0
  ranged2hWaitingAnimWeight2                   100.0
  ranged2hWaitingAnimWeight3                   100.0
  ranged2hWalkAnimSpeed                        1.0
  rotateWhenChatting                           True
  sHandedAlertAnimSpeed1                       1.0
  sHandedAlertAnimSpeed2                       1.0
  sHandedAlertAnimSpeed3                       1.0
  sHandedAlertAnimWeight1                      100.0
  sHandedAlertAnimWeight2                      100.0
  sHandedAlertAnimWeight3                      100.0
  sHandedAttackAnimSpeed1                      1.0
  sHandedAttackAnimSpeed2                      1.0
  sHandedAttackAnimSpeed3                      1.0
  sHandedAttackAnimWeight1                     100.0
  sHandedAttackAnimWeight2                     100.0
  sHandedAttackAnimWeight3                     100.0
  sHandedAttackIdleAnimSpeed                   1.0
  sHandedBuffOtherAnimSpeed1                   1.0
  sHandedBuffOtherAnimWeight1                  100.0
  sHandedBuffSelfAnimSpeed1                    1.0
  sHandedBuffSelfAnimWeight1                   100.0
  sHandedChannelAnimSpeed                      1.0
  sHandedChannelEndAnimSpeed                   1.0
  sHandedChannelStartAnimSpeed                 1.0
  sHandedChatAnimSpeed                         1.0
  sHandedCriticalHitAnimSpeed                  1.0
  sHandedDieAnimSpeed1                         1.0
  sHandedDieAnimSpeed2                         1.0
  sHandedDieAnimSpeed3                         1.0
  sHandedDieAnimWeight1                        100.0
  sHandedDieAnimWeight2                        100.0
  sHandedDieAnimWeight3                        100.0
  sHandedEmoteAnimSpeed1                       1.0
  sHandedEmoteAnimSpeed2                       1.0
  sHandedEmoteAnimSpeed3                       1.0
  sHandedEmoteAnimWeight1                      100.0
  sHandedEmoteAnimWeight2                      100.0
  sHandedEmoteAnimWeight3                      100.0
  sHandedFidgetAnimSpeed1                      1.0
  sHandedFidgetAnimSpeed2                      1.0
  sHandedFidgetAnimSpeed3                      1.0
  sHandedFidgetAnimWeight1                     100.0
  sHandedFidgetAnimWeight2                     100.0
  sHandedFidgetAnimWeight3                     100.0
  sHandedFleeAnimSpeed1                        1.0
  sHandedFleeAnimSpeed2                        1.0
  sHandedFleeAnimSpeed3                        1.0
  sHandedFleeAnimWeight1                       100.0
  sHandedFleeAnimWeight2                       100.0
  sHandedFleeAnimWeight3                       100.0
  sHandedGetUpFaceDownAnimSpeed                1.0
  sHandedGetUpFaceUpAnimSpeed                  1.0
  sHandedIdleTranAnimSpeed                     1.0
  sHandedLongIdleAnimSpeed                     1.0
  sHandedPassItemAnimSpeed                     1.0
  sHandedPickupAnimSpeed                       1.0
  sHandedRallyAnimSpeed1                       1.0
  sHandedRallyAnimSpeed2                       1.0
  sHandedRallyAnimSpeed3                       1.0
  sHandedRallyAnimWeight1                      100.0
  sHandedRallyAnimWeight2                      100.0
  sHandedRallyAnimWeight3                      100.0
  sHandedRespawnAnimSpeed                      1.0
  sHandedRunAnimSpeed                          1.0
  sHandedSpawnAnimSpeed                        1.0
  sHandedSpecialAnimSpeed1                     1.0
  sHandedSpecialAnimSpeed10                    1.0
  sHandedSpecialAnimSpeed11                    1.0
  sHandedSpecialAnimSpeed12                    1.0
  sHandedSpecialAnimSpeed13                    1.0
  sHandedSpecialAnimSpeed14                    1.0
  sHandedSpecialAnimSpeed15                    1.0
  sHandedSpecialAnimSpeed2                     1.0
  sHandedSpecialAnimSpeed3                     1.0
  sHandedSpecialAnimSpeed4                     1.0
  sHandedSpecialAnimSpeed5                     1.0
  sHandedSpecialAnimSpeed6                     1.0
  sHandedSpecialAnimSpeed7                     1.0
  sHandedSpecialAnimSpeed8                     1.0
  sHandedSpecialAnimSpeed9                     1.0
  sHandedSpellAttackAnimSpeed                  1.0
  sHandedStunAnimSpeed                         1.0
  sHandedTakeHitAnimSpeed                      1.0
  sHandedWaitingAnimSpeed1                     1.0
  sHandedWaitingAnimSpeed2                     1.0
  sHandedWaitingAnimSpeed3                     1.0
  sHandedWaitingAnimWeight1                    100.0
  sHandedWaitingAnimWeight2                    100.0
  sHandedWaitingAnimWeight3                    100.0
  sHandedWalkAnimSpeed                         1.0
  scale                                        1.2000000476837158
  shadowBias                                   0.0
  shortRangeMax                                4.0
  shortRangeMin                                0.0
  showStatusWidgetWhenPet                      False
  skillLevel1                                  '(charLevel/25)+2'
  skillLevel10                                 'charLevel/4+1'
  skillLevel2                                  'charLevel*1'
  skillLevel3                                  'charLevel*1'
  skillLevel4                                  '3'
  skillLevel5                                  '1'
  skillLevel6                                  'charLevel/4+1'
  skillLevel7                                  'charLevel/4+1'
  skillLevel8                                  'charLevel/4+1'
  skillLevel9                                  'charLevel/4+1'
  skillName1                                   'records/skills/nonplayerskills/passive/damage_totaladjuster.dbr'
  skillName10                                  'records/skills/nonplayerskills/bossskills/primordian_passive.dbr'
  skillName2                                   'records/skills/nonplayerskills/passive/damagebase_physical04.dbr'
  skillName3                                   'records/skills/nonplayerskills/passive/armorbase05.dbr'
  skillName4                                   'records/skills/nonplayerskills/passive/resists_heroboss.dbr'
  skillName5                                   'records/skills/nonplayerskills/bossskills/boss_chest_01.dbr'
  skillName6                                   'records/skills/nonplayerskills/heroskills/chillbane_blizzard.dbr'
  skillName7                                   'records/skills/nonplayerskills/bossskills/primordian_frigidring.dbr'
  skillName8                                   'records/skills/nonplayerskills/bossskills/primordian_wave.dbr'
  skillName9                                   'records/skills/nonplayerskills/bossskills/primordian_icearmor.dbr'
  spearAlertAnimSpeed1                         1.0
  spearAlertAnimSpeed2                         1.0
  spearAlertAnimSpeed3                         1.0
  spearAlertAnimWeight1                        100.0
  spearAlertAnimWeight2                        100.0
  spearAlertAnimWeight3                        100.0
  spearAttackAnimSpeed1                        1.0
  spearAttackAnimSpeed2                        1.0
  spearAttackAnimSpeed3                        1.0
  spearAttackAnimWeight1                       100.0
  spearAttackAnimWeight2                       100.0
  spearAttackAnimWeight3                       100.0
  spearAttackIdleAnimSpeed                     1.0
  spearAttackIdleAnimSpeed2                    1.0
  spearAttackIdleAnimSpeed3                    1.0
  spearAttackIdleAnimSpeed4                    1.0
  spearAttackIdleAnimSpeed5                    1.0
  spearAttackIdleAnimWeight2                   100.0
  spearAttackIdleAnimWeight3                   100.0
  spearAttackIdleAnimWeight4                   100.0
  spearAttackIdleAnimWeight5                   100.0
  spearBuffOtherAnimSpeed1                     1.0
  spearBuffOtherAnimSpeed2                     1.0
  spearBuffOtherAnimSpeed3                     1.0
  spearBuffOtherAnimWeight1                    100.0
  spearBuffOtherAnimWeight2                    100.0
  spearBuffOtherAnimWeight3                    100.0
  spearBuffSelfAnimSpeed1                      1.0
  spearBuffSelfAnimSpeed2                      1.0
  spearBuffSelfAnimSpeed3                      1.0
  spearBuffSelfAnimWeight1                     100.0
  spearBuffSelfAnimWeight2                     100.0
  spearBuffSelfAnimWeight3                     100.0
  spearChatAnimSpeed                           1.0
  spearCriticalHitAnimSpeed                    1.0
  spearDieAnimSpeed1                           1.0
  spearDieAnimSpeed2                           1.0
  spearDieAnimSpeed3                           1.0
  spearDieAnimWeight1                          100.0
  spearDieAnimWeight2                          100.0
  spearDieAnimWeight3                          100.0
  spearEmoteAnimSpeed1                         1.0
  spearEmoteAnimSpeed2                         1.0
  spearEmoteAnimSpeed3                         1.0
  spearEmoteAnimWeight1                        100.0
  spearEmoteAnimWeight2                        100.0
  spearEmoteAnimWeight3                        100.0
  spearFidgetAnimSpeed1                        1.0
  spearFidgetAnimSpeed2                        1.0
  spearFidgetAnimSpeed3                        1.0
  spearFidgetAnimWeight1                       100.0
  spearFidgetAnimWeight2                       100.0
  spearFidgetAnimWeight3                       100.0
  spearFleeAnimSpeed1                          1.0
  spearFleeAnimSpeed2                          1.0
  spearFleeAnimSpeed3                          1.0
  spearFleeAnimWeight1                         100.0
  spearFleeAnimWeight2                         100.0
  spearFleeAnimWeight3                         100.0
  spearIdleTranAnimSpeed                       1.0
  spearLongIdleAnimSpeed                       1.0
  spearPassItemAnimSpeed                       1.0
  spearPickupAnimSpeed                         1.0
  spearRallyAnimSpeed1                         1.0
  spearRallyAnimSpeed2                         1.0
  spearRallyAnimSpeed3                         1.0
  spearRallyAnimWeight1                        100.0
  spearRallyAnimWeight2                        100.0
  spearRallyAnimWeight3                        100.0
  spearRespawnAnimSpeed                        1.0
  spearRunAnimSpeed                            1.0
  spearSpawnAnimSpeed                          1.0
  spearSpecialAnimSpeed1                       1.0
  spearSpecialAnimSpeed10                      1.0
  spearSpecialAnimSpeed11                      1.0
  spearSpecialAnimSpeed12                      1.0
  spearSpecialAnimSpeed13                      1.0
  spearSpecialAnimSpeed14                      1.0
  spearSpecialAnimSpeed15                      1.0
  spearSpecialAnimSpeed2                       1.0
  spearSpecialAnimSpeed3                       1.0
  spearSpecialAnimSpeed4                       1.0
  spearSpecialAnimSpeed5                       1.0
  spearSpecialAnimSpeed6                       1.0
  spearSpecialAnimSpeed7                       1.0
  spearSpecialAnimSpeed8                       1.0
  spearSpecialAnimSpeed9                       1.0
  spearSpellAttackAnimSpeed                    1.0
  spearStunAnimSpeed                           1.0
  spearWaitingAnimSpeed1                       1.0
  spearWaitingAnimSpeed2                       1.0
  spearWaitingAnimSpeed3                       1.0
  spearWaitingAnimWeight1                      100.0
  spearWaitingAnimWeight2                      100.0
  spearWaitingAnimWeight3                      100.0
  spearWalkAnimSpeed                           1.0
  specialAttack2Chance                         80.0
  specialAttack2Delay                          6.0
  specialAttack2Range                          'MediumRange'
  specialAttack2SkillName                      'records/skills/nonplayerskills/bossskills/primordian_frigidring.dbr'
  specialAttack2Timeout                        3.0
  specialAttack3Chance                         100.0
  specialAttack3Delay                          10.0
  specialAttack3Range                          'LongRange'
  specialAttack3SkillName                      'records/skills/nonplayerskills/heroskills/chillbane_blizzard.dbr'
  specialAttack3Timeout                        8.0
  specialAttackChance                          100.0
  specialAttackDelay                           5.0
  specialAttackRange                           'MediumRange'
  specialAttackSkillName                       'records/skills/nonplayerskills/bossskills/primordian_wave.dbr'
  specialAttackSound1Chance                    100.0
  specialAttackSound2Chance                    100.0
  specialAttackSound3Chance                    100.0
  specialAttackSound4Chance                    100.0
  specialAttackTimeout                         5.0
  staffAlertAnimSpeed1                         1.0
  staffAlertAnimSpeed2                         1.0
  staffAlertAnimSpeed3                         1.0
  staffAlertAnimWeight1                        100.0
  staffAlertAnimWeight2                        100.0
  staffAlertAnimWeight3                        100.0
  staffAttackAnimSpeed1                        1.0
  staffAttackAnimSpeed2                        1.0
  staffAttackAnimSpeed3                        1.0
  staffAttackAnimWeight1                       100.0
  staffAttackAnimWeight2                       100.0
  staffAttackAnimWeight3                       100.0
  staffAttackIdleAnimSpeed                     1.0
  staffAttackIdleAnimSpeed2                    1.0
  staffAttackIdleAnimSpeed3                    1.0
  staffAttackIdleAnimSpeed4                    1.0
  staffAttackIdleAnimSpeed5                    1.0
  staffAttackIdleAnimWeight2                   100.0
  staffAttackIdleAnimWeight3                   100.0
  staffAttackIdleAnimWeight4                   100.0
  staffAttackIdleAnimWeight5                   100.0
  staffBuffOtherAnimSpeed1                     1.0
  staffBuffOtherAnimSpeed2                     1.0
  staffBuffOtherAnimSpeed3                     1.0
  staffBuffOtherAnimWeight1                    100.0
  staffBuffOtherAnimWeight2                    100.0
  staffBuffOtherAnimWeight3                    100.0
  staffBuffSelfAnimSpeed1                      1.0
  staffBuffSelfAnimSpeed2                      1.0
  staffBuffSelfAnimSpeed3                      1.0
  staffBuffSelfAnimWeight1                     100.0
  staffBuffSelfAnimWeight2                     100.0
  staffBuffSelfAnimWeight3                     100.0
  staffChatAnimSpeed                           1.0
  staffCriticalHitAnimSpeed                    1.0
  staffDieAnimSpeed1                           1.0
  staffDieAnimSpeed2                           1.0
  staffDieAnimSpeed3                           1.0
  staffDieAnimWeight1                          100.0
  staffDieAnimWeight2                          100.0
  staffDieAnimWeight3                          100.0
  staffEmoteAnimSpeed1                         1.0
  staffEmoteAnimSpeed2                         1.0
  staffEmoteAnimSpeed3                         1.0
  staffEmoteAnimWeight1                        100.0
  staffEmoteAnimWeight2                        100.0
  staffEmoteAnimWeight3                        100.0
  staffFidgetAnimSpeed1                        1.0
  staffFidgetAnimSpeed2                        1.0
  staffFidgetAnimSpeed3                        1.0
  staffFidgetAnimWeight1                       100.0
  staffFidgetAnimWeight2                       100.0
  staffFidgetAnimWeight3                       100.0
  staffFleeAnimSpeed1                          1.0
  staffFleeAnimSpeed2                          1.0
  staffFleeAnimSpeed3                          1.0
  staffFleeAnimWeight1                         100.0
  staffFleeAnimWeight2                         100.0
  staffFleeAnimWeight3                         100.0
  staffIdleTranAnimSpeed                       1.0
  staffLongIdleAnimSpeed                       1.0
  staffPassItemAnimSpeed                       1.0
  staffPickupAnimSpeed                         1.0
  staffRallyAnimSpeed1                         1.0
  staffRallyAnimSpeed2                         1.0
  staffRallyAnimSpeed3                         1.0
  staffRallyAnimWeight1                        100.0
  staffRallyAnimWeight2                        100.0
  staffRallyAnimWeight3                        100.0
  staffRespawnAnimSpeed                        1.0
  staffRunAnimSpeed                            1.0
  staffSpawnAnimSpeed                          1.0
  staffSpecialAnimSpeed1                       1.0
  staffSpecialAnimSpeed10                      1.0
  staffSpecialAnimSpeed2                       1.0
  staffSpecialAnimSpeed3                       1.0
  staffSpecialAnimSpeed4                       1.0
  staffSpecialAnimSpeed5                       1.0
  staffSpecialAnimSpeed6                       1.0
  staffSpecialAnimSpeed7                       1.0
  staffSpecialAnimSpeed8                       1.0
  staffSpecialAnimSpeed9                       1.0
  staffSpellAttackAnimSpeed                    1.0
  staffStunAnimSpeed                           1.0
  staffWaitingAnimSpeed1                       1.0
  staffWaitingAnimSpeed2                       1.0
  staffWaitingAnimSpeed3                       1.0
  staffWaitingAnimWeight1                      100.0
  staffWaitingAnimWeight2                      100.0
  staffWaitingAnimWeight3                      100.0
  staffWalkAnimSpeed                           1.0
  startVisible                                 True
  stunResistanceInc                            0.0
  stunSound                                    'records/sounds/enemies/vocalizations/spak_slithstun.dbr'
  swipeSound                                   'records/sounds/enemies/combatbasic/spak_swipe_generic01.dbr'
  templateName                                 'database/templates/monster.tpl'
  triggerBoundingVolumes                       False
  unarmedAlertAnimSpeed1                       1.0
  unarmedAlertAnimSpeed2                       1.0
  unarmedAlertAnimSpeed3                       1.0
  unarmedAlertAnimWeight1                      100.0
  unarmedAlertAnimWeight2                      100.0
  unarmedAlertAnimWeight3                      100.0
  unarmedAttTurnRight90AnimSpeed               1.0
  unarmedAttackAnimSpeed1                      1.0
  unarmedAttackAnimSpeed2                      1.0
  unarmedAttackAnimSpeed3                      1.0
  unarmedAttackAnimWeight1                     100.0
  unarmedAttackAnimWeight2                     100.0
  unarmedAttackAnimWeight3                     100.0
  unarmedAttackIdleAnimSpeed                   1.0
  unarmedBuffOtherAnimSpeed1                   1.0
  unarmedBuffOtherAnimWeight1                  100.0
  unarmedBuffSelfAnimSpeed1                    1.0
  unarmedBuffSelfAnimWeight1                   100.0
  unarmedChannelAnimSpeed                      1.0
  unarmedChannelEndAnimSpeed                   1.0
  unarmedChannelStartAnimSpeed                 1.0
  unarmedChatAnimSpeed                         1.0
  unarmedCriticalHitAnimSpeed                  1.0
  unarmedDieAnimSpeed1                         1.0
  unarmedDieAnimSpeed2                         1.0
  unarmedDieAnimSpeed3                         1.0
  unarmedDieAnimWeight1                        100.0
  unarmedDieAnimWeight2                        100.0
  unarmedDieAnimWeight3                        100.0
  unarmedEmoteAnimSpeed1                       1.0
  unarmedEmoteAnimSpeed2                       1.0
  unarmedEmoteAnimSpeed3                       1.0
  unarmedEmoteAnimWeight1                      100.0
  unarmedEmoteAnimWeight2                      100.0
  unarmedEmoteAnimWeight3                      100.0
  unarmedFidgetAnimSpeed1                      1.0
  unarmedFidgetAnimSpeed2                      1.0
  unarmedFidgetAnimSpeed3                      1.0
  unarmedFidgetAnimWeight1                     100.0
  unarmedFidgetAnimWeight2                     100.0
  unarmedFidgetAnimWeight3                     100.0
  unarmedFleeAnimSpeed1                        1.0
  unarmedFleeAnimSpeed2                        1.0
  unarmedFleeAnimSpeed3                        1.0
  unarmedFleeAnimWeight1                       100.0
  unarmedFleeAnimWeight2                       100.0
  unarmedFleeAnimWeight3                       100.0
  unarmedGetUpFaceDownAnimSpeed                1.0
  unarmedGetUpFaceUpAnimSpeed                  1.0
  unarmedIdleTranAnimSpeed                     1.0
  unarmedLongIdleAnimSpeed                     1.0
  unarmedPassItemAnimSpeed                     1.0
  unarmedPickupAnimSpeed                       1.0
  unarmedRallyAnimSpeed1                       1.0
  unarmedRallyAnimSpeed2                       1.0
  unarmedRallyAnimSpeed3                       1.0
  unarmedRallyAnimWeight1                      100.0
  unarmedRallyAnimWeight2                      100.0
  unarmedRallyAnimWeight3                      100.0
  unarmedRespawnAnimSpeed                      1.0
  unarmedRunAnimSpeed                          1.0
  unarmedSpawnAnimSpeed                        1.0
  unarmedSpecialAnimSpeed1                     1.0
  unarmedSpecialAnimSpeed10                    1.0
  unarmedSpecialAnimSpeed2                     1.0
  unarmedSpecialAnimSpeed3                     1.0
  unarmedSpecialAnimSpeed4                     1.0
  unarmedSpecialAnimSpeed5                     1.0
  unarmedSpecialAnimSpeed6                     1.0
  unarmedSpecialAnimSpeed7                     1.0
  unarmedSpecialAnimSpeed8                     1.0
  unarmedSpecialAnimSpeed9                     1.0
  unarmedSpellAttackAnimSpeed                  1.0
  unarmedStunAnimSpeed                         1.0
  unarmedTakeHitAnimSpeed                      1.0
  unarmedWaitingAnimSpeed1                     1.0
  unarmedWaitingAnimSpeed2                     1.0
  unarmedWaitingAnimSpeed3                     1.0
  unarmedWaitingAnimWeight1                    100.0
  unarmedWaitingAnimWeight2                    100.0
  unarmedWaitingAnimWeight3                    100.0
  unarmedWalkAnimSpeed                         1.0
  unloadedBoundingBoxExtents                   0.0
  voiceSound1Chance                            100.0
  voiceSound2Chance                            100.0
  voiceSound3Chance                            100.0
  voxSound                                     'records/sounds/enemies/vocalizations/spak_slithvox.dbr'
  voxSoundChance                               50.0
  waitForCallbackToSpawn                       False
  waitingAnimDelay                             5000

==========================================================================================
=== records/skills/nonplayerskills/bossskills/primordian_frigidring.dbr  [database.arz] type=Skill_AttackProjectileRing
==========================================================================================
  Axe                                          False
  Class                                        'Skill_AttackProjectileRing'
  FileDescription                              'Freeze projectile ring'
  Mace                                         False
  Magical                                      False
  Shield                                       False
  Spear                                        False
  Staff                                        False
  Sword                                        False
  cameraShakeAmplitude                         0.11999999731779099
  distanceProfile                              'Long'
  dualWieldOnly                                False
  excludeRacialDamage                          False
  exclusiveSkill                               False
  isPetDisplayable                             False
  offensiveAetherChance                        0.0
  offensiveAetherGlobal                        False
  offensiveAetherMax                           0.0
  offensiveAetherMin                           0.0
  offensiveAetherModifier                      0.0
  offensiveAetherModifierChance                0.0
  offensiveAetherXOR                           False
  offensiveChaosChance                         0.0
  offensiveChaosGlobal                         False
  offensiveChaosMax                            0.0
  offensiveChaosMin                            0.0
  offensiveChaosModifier                       0.0
  offensiveChaosModifierChance                 0.0
  offensiveChaosXOR                            False
  offensiveColdChance                          0.0
  offensiveColdGlobal                          False
  offensiveColdMax                             0.0
  offensiveColdMin                             [n=60] [68.0, 111.0, 155.0, 200.0, 247.0, 294.0, 341.0, 388.0, 435.0, 482.0, 531.0, 581.0, 628.0, 677.0, 726.0, 778.0, 827.0, 876.0, 928.0, 977.0, 1029.0, 1078.0, 1130.0, 1181.0, 1233.0, 1285.0, 1336.0, 1388.0, 1439.0, 1491.0, 1545.0, 1596.0, 1648.0, 1702.0, 1754.0, 1808.0, 1859.0, 1913.0, 1967.0, 2021.0, 2072.0, 2126.0, 2180.0, 2234.0, 2288.0, 2342.0, 2396.0, 2450.0, 2504.0, 2560.0, 2614.0, 2668.0, 2722.0, 2778.0, 2832.0, 2886.0, 2942.0, 2996.0, 3052.0, 3106.0]
  offensiveColdModifier                        0.0
  offensiveColdModifierChance                  0.0
  offensiveColdXOR                             False
  offensiveConfusionChance                     0.0
  offensiveConfusionGlobal                     False
  offensiveConfusionMax                        0.0
  offensiveConfusionMin                        0.0
  offensiveConfusionXOR                        False
  offensiveConvertChance                       0.0
  offensiveConvertGlobal                       False
  offensiveConvertMax                          0.0
  offensiveConvertMin                          0.0
  offensiveConvertXOR                          False
  offensiveFearChance                          0.0
  offensiveFearGlobal                          False
  offensiveFearMax                             0.0
  offensiveFearMin                             0.0
  offensiveFearXOR                             False
  offensiveFireChance                          0.0
  offensiveFireGlobal                          False
  offensiveFireMax                             0.0
  offensiveFireMin                             0.0
  offensiveFireModifier                        0.0
  offensiveFireModifierChance                  0.0
  offensiveFireXOR                             False
  offensiveFreezeMax                           [n=60] [1.600000023841858, 1.7000000476837158, 1.7999999523162842, 1.7999999523162842, 1.7999999523162842, 1.899999976158142, 1.899999976158142, 2.0, 2.0999999046325684, 2.0999999046325684, 2.0999999046325684, 2.200000047683716, 2.299999952316284, 2.299999952316284, 2.4000000953674316, 2.4000000953674316, 2.4000000953674316, 2.5, 2.5999999046325684, 2.5999999046325684, 2.700000047683716, 2.700000047683716, 2.799999952316284, 2.799999952316284, 2.799999952316284, 2.9000000953674316, 2.9000000953674316, 3.0, 3.0, 3.0999999046325684, 3.200000047683716, 3.200000047683716, 3.299999952316284, 3.299999952316284, 3.4000000953674316, 3.4000000953674316, 3.4000000953674316, 3.5, 3.5, 3.5999999046325684, 3.700000047683716, 3.700000047683716, 3.799999952316284, 3.799999952316284, 3.799999952316284, 3.9000000953674316, 3.9000000953674316, 4.0, 4.0, 4.099999904632568, 4.199999809265137, 4.199999809265137, 4.300000190734863, 4.300000190734863, 4.400000095367432, 4.400000095367432, 4.400000095367432, 4.5, 4.5, 4.599999904632568]
  offensiveFreezeMin                           [n=60] [1.2000000476837158, 1.2999999523162842, 1.2999999523162842, 1.2999999523162842, 1.2999999523162842, 1.399999976158142, 1.399999976158142, 1.399999976158142, 1.5, 1.5, 1.5, 1.600000023841858, 1.600000023841858, 1.600000023841858, 1.7000000476837158, 1.7000000476837158, 1.7000000476837158, 1.7000000476837158, 1.7999999523162842, 1.7999999523162842, 1.7999999523162842, 1.899999976158142, 1.899999976158142, 1.899999976158142, 1.899999976158142, 2.0, 2.0, 2.0, 2.0999999046325684, 2.0999999046325684, 2.0999999046325684, 2.200000047683716, 2.200000047683716, 2.200000047683716, 2.200000047683716, 2.299999952316284, 2.299999952316284, 2.299999952316284, 2.4000000953674316, 2.4000000953674316, 2.4000000953674316, 2.5, 2.5, 2.5, 2.5, 2.5999999046325684, 2.5999999046325684, 2.5999999046325684, 2.700000047683716, 2.700000047683716, 2.700000047683716, 2.799999952316284, 2.799999952316284, 2.799999952316284, 2.9000000953674316, 2.9000000953674316, 2.9000000953674316, 2.9000000953674316, 3.0, 3.0]
  offensiveGlobalChance                        0.0
  offensiveKnockdownChance                     0.0
  offensiveKnockdownGlobal                     False
  offensiveKnockdownMax                        0.0
  offensiveKnockdownMin                        0.0
  offensiveKnockdownModifier                   0.0
  offensiveKnockdownModifierChance             0.0
  offensiveKnockdownXOR                        False
  offensiveLifeChance                          0.0
  offensiveLifeGlobal                          False
  offensiveLifeMax                             0.0
  offensiveLifeMin                             0.0
  offensiveLifeModifier                        0.0
  offensiveLifeModifierChance                  0.0
  offensiveLifeXOR                             False
  offensiveLightningChance                     0.0
  offensiveLightningGlobal                     False
  offensiveLightningMax                        0.0
  offensiveLightningMin                        0.0
  offensiveLightningModifier                   0.0
  offensiveLightningModifierChance             0.0
  offensiveLightningXOR                        False
  offensivePercentCurrentLifeChance            0.0
  offensivePercentCurrentLifeGlobal            False
  offensivePercentCurrentLifeMax               0.0
  offensivePercentCurrentLifeMin               0.0
  offensivePercentCurrentLifeXOR               False
  offensivePhysicalChance                      0.0
  offensivePhysicalGlobal                      False
  offensivePhysicalMax                         0.0
  offensivePhysicalMin                         [n=60] [34.0, 60.0, 88.0, 118.0, 148.0, 179.0, 211.0, 244.0, 277.0, 312.0, 346.0, 381.0, 416.0, 451.0, 487.0, 524.0, 562.0, 599.0, 636.0, 675.0, 712.0, 750.0, 789.0, 829.0, 868.0, 907.0, 947.0, 987.0, 1027.0, 1068.0, 1110.0, 1149.0, 1191.0, 1232.0, 1274.0, 1316.0, 1357.0, 1399.0, 1442.0, 1484.0, 1527.0, 1570.0, 1612.0, 1656.0, 1699.0, 1742.0, 1785.0, 1829.0, 1873.0, 1917.0, 1962.0, 2006.0, 2050.0, 2095.0, 2139.0, 2184.0, 2229.0, 2274.0, 2320.0, 2365.0]
  offensivePhysicalModifier                    0.0
  offensivePhysicalModifierChance              0.0
  offensivePhysicalXOR                         False
  offensivePierceChance                        0.0
  offensivePierceGlobal                        False
  offensivePierceMax                           0.0
  offensivePierceMin                           0.0
  offensivePierceModifier                      0.0
  offensivePierceModifierChance                0.0
  offensivePierceRatioChance                   0.0
  offensivePierceRatioGlobal                   False
  offensivePierceRatioMax                      0.0
  offensivePierceRatioMin                      0.0
  offensivePierceRatioModifier                 0.0
  offensivePierceRatioModifierChance           0.0
  offensivePierceRatioXOR                      False
  offensivePierceXOR                           False
  offensivePoisonChance                        0.0
  offensivePoisonGlobal                        False
  offensivePoisonMax                           0.0
  offensivePoisonMin                           0.0
  offensivePoisonModifier                      0.0
  offensivePoisonModifierChance                0.0
  offensivePoisonXOR                           False
  offensiveSlowAttackSpeedChance               0.0
  offensiveSlowAttackSpeedDurationMax          0.0
  offensiveSlowAttackSpeedDurationMin          0.0
  offensiveSlowAttackSpeedDurationModifier     0.0
  offensiveSlowAttackSpeedGlobal               False
  offensiveSlowAttackSpeedMax                  0.0
  offensiveSlowAttackSpeedMin                  0.0
  offensiveSlowAttackSpeedModifier             0.0
  offensiveSlowAttackSpeedModifierChance       0.0
  offensiveSlowAttackSpeedXOR                  False
  offensiveSlowBleedingChance                  0.0
  offensiveSlowBleedingDurationMax             0.0
  offensiveSlowBleedingDurationMin             0.0
  offensiveSlowBleedingDurationModifier        0.0
  offensiveSlowBleedingGlobal                  False
  offensiveSlowBleedingMax                     0.0
  offensiveSlowBleedingMin                     0.0
  offensiveSlowBleedingModifier                0.0
  offensiveSlowBleedingModifierChance          0.0
  offensiveSlowBleedingXOR                     False
  offensiveSlowColdChance                      0.0
  offensiveSlowColdDurationMax                 0.0
  offensiveSlowColdDurationMin                 2.0
  offensiveSlowColdDurationModifier            0.0
  offensiveSlowColdGlobal                      False
  offensiveSlowColdMax                         0.0
  offensiveSlowColdMin                         [n=60] [17.0, 30.0, 45.0, 60.0, 77.0, 92.0, 109.0, 124.0, 141.0, 158.0, 175.0, 192.0, 209.0, 226.0, 243.0, 260.0, 277.0, 294.0, 313.0, 330.0, 349.0, 366.0, 385.0, 402.0, 421.0, 440.0, 457.0, 476.0, 495.0, 514.0, 531.0, 550.0, 569.0, 588.0, 607.0, 626.0, 645.0, 664.0, 683.0, 702.0, 721.0, 740.0, 761.0, 780.0, 799.0, 818.0, 839.0, 858.0, 877.0, 896.0, 917.0, 936.0, 957.0, 976.0, 995.0, 1016.0, 1035.0, 1056.0, 1075.0, 1096.0]
  offensiveSlowColdModifier                    0.0
  offensiveSlowColdModifierChance              0.0
  offensiveSlowColdXOR                         False
  offensiveSlowDefensiveAbilityChance          0.0
  offensiveSlowDefensiveAbilityDurationMax     0.0
  offensiveSlowDefensiveAbilityDurationMin     0.0
  offensiveSlowDefensiveAbilityDurationModifier 0.0
  offensiveSlowDefensiveAbilityGlobal          False
  offensiveSlowDefensiveAbilityMax             0.0
  offensiveSlowDefensiveAbilityMin             0.0
  offensiveSlowDefensiveAbilityModifier        0.0
  offensiveSlowDefensiveAbilityModifierChance  0.0
  offensiveSlowDefensiveAbilityXOR             False
  offensiveSlowDefensiveReductionChance        0.0
  offensiveSlowDefensiveReductionDurationMax   0.0
  offensiveSlowDefensiveReductionDurationMin   0.0
  offensiveSlowDefensiveReductionDurationModifier 0.0
  offensiveSlowDefensiveReductionGlobal        False
  offensiveSlowDefensiveReductionMax           0.0
  offensiveSlowDefensiveReductionMin           0.0
  offensiveSlowDefensiveReductionModifier      0.0
  offensiveSlowDefensiveReductionModifierChance 0.0
  offensiveSlowDefensiveReductionXOR           False
  offensiveSlowFireChance                      0.0
  offensiveSlowFireDurationMax                 0.0
  offensiveSlowFireDurationMin                 0.0
  offensiveSlowFireDurationModifier            0.0
  offensiveSlowFireGlobal                      False
  offensiveSlowFireMax                         0.0
  offensiveSlowFireMin                         0.0
  offensiveSlowFireModifier                    0.0
  offensiveSlowFireModifierChance              0.0
  offensiveSlowFireXOR                         False
  offensiveSlowLifeChance                      0.0
  offensiveSlowLifeDurationMax                 0.0
  offensiveSlowLifeDurationMin                 0.0
  offensiveSlowLifeDurationModifier            0.0
  offensiveSlowLifeGlobal                      False
  offensiveSlowLifeLeachChance                 0.0
  offensiveSlowLifeLeachDurationMax            0.0
  offensiveSlowLifeLeachDurationMin            0.0
  offensiveSlowLifeLeachDurationModifier       0.0
  offensiveSlowLifeLeachGlobal                 False
  offensiveSlowLifeLeachMax                    0.0
  offensiveSlowLifeLeachMin                    0.0
  offensiveSlowLifeLeachModifier               0.0
  offensiveSlowLifeLeachModifierChance         0.0
  offensiveSlowLifeLeachXOR                    False
  offensiveSlowLifeMax                         0.0
  offensiveSlowLifeMin                         0.0
  offensiveSlowLifeModifier                    0.0
  offensiveSlowLifeModifierChance              0.0
  offensiveSlowLifeXOR                         False
  offensiveSlowLightningChance                 0.0
  offensiveSlowLightningDurationMax            0.0
  offensiveSlowLightningDurationMin            0.0
  offensiveSlowLightningDurationModifier       0.0
  offensiveSlowLightningGlobal                 False
  offensiveSlowLightningMax                    0.0
  offensiveSlowLightningMin                    0.0
  offensiveSlowLightningModifier               0.0
  offensiveSlowLightningModifierChance         0.0
  offensiveSlowLightningXOR                    False
  offensiveSlowManaLeachChance                 0.0
  offensiveSlowManaLeachDurationMax            0.0
  offensiveSlowManaLeachDurationMin            0.0
  offensiveSlowManaLeachDurationModifier       0.0
  offensiveSlowManaLeachGlobal                 False
  offensiveSlowManaLeachMax                    0.0
  offensiveSlowManaLeachMin                    0.0
  offensiveSlowManaLeachModifier               0.0
  offensiveSlowManaLeachModifierChance         0.0
  offensiveSlowManaLeachXOR                    False
  offensiveSlowOffensiveAbilityChance          0.0
  offensiveSlowOffensiveAbilityDurationMax     0.0
  offensiveSlowOffensiveAbilityDurationMin     0.0
  offensiveSlowOffensiveAbilityDurationModifier 0.0
  offensiveSlowOffensiveAbilityGlobal          False
  offensiveSlowOffensiveAbilityMax             0.0
  offensiveSlowOffensiveAbilityMin             0.0
  offensiveSlowOffensiveAbilityModifier        0.0
  offensiveSlowOffensiveAbilityModifierChance  0.0
  offensiveSlowOffensiveAbilityXOR             False
  offensiveSlowOffensiveReductionChance        0.0
  offensiveSlowOffensiveReductionDurationMax   0.0
  offensiveSlowOffensiveReductionDurationMin   0.0
  offensiveSlowOffensiveReductionDurationModifier 0.0
  offensiveSlowOffensiveReductionGlobal        False
  offensiveSlowOffensiveReductionMax           0.0
  offensiveSlowOffensiveReductionMin           0.0
  offensiveSlowOffensiveReductionModifier      0.0
  offensiveSlowOffensiveReductionModifierChance 0.0
  offensiveSlowOffensiveReductionXOR           False
  offensiveSlowPhysicalChance                  0.0
  offensiveSlowPhysicalDurationMax             0.0
  offensiveSlowPhysicalDurationMin             0.0
  offensiveSlowPhysicalDurationModifier        0.0
  offensiveSlowPhysicalGlobal                  False
  offensiveSlowPhysicalMax                     0.0
  offensiveSlowPhysicalMin                     0.0
  offensiveSlowPhysicalModifier                0.0
  offensiveSlowPhysicalModifierChance          0.0
  offensiveSlowPhysicalXOR                     False
  offensiveSlowPoisonChance                    0.0
  offensiveSlowPoisonDurationMax               0.0
  offensiveSlowPoisonDurationMin               0.0
  offensiveSlowPoisonDurationModifier          0.0
  offensiveSlowPoisonGlobal                    False
  offensiveSlowPoisonMax                       0.0
  offensiveSlowPoisonMin                       0.0
  offensiveSlowPoisonModifier                  0.0
  offensiveSlowPoisonModifierChance            0.0
  offensiveSlowPoisonXOR                       False
  offensiveSlowRunSpeedChance                  0.0
  offensiveSlowRunSpeedDurationMax             0.0
  offensiveSlowRunSpeedDurationMin             0.0
  offensiveSlowRunSpeedDurationModifier        0.0
  offensiveSlowRunSpeedGlobal                  False
  offensiveSlowRunSpeedMax                     0.0
  offensiveSlowRunSpeedMin                     0.0
  offensiveSlowRunSpeedModifier                0.0
  offensiveSlowRunSpeedModifierChance          0.0
  offensiveSlowRunSpeedXOR                     False
  offensiveStunChance                          0.0
  offensiveStunGlobal                          False
  offensiveStunMax                             0.0
  offensiveStunMin                             0.0
  offensiveStunModifier                        0.0
  offensiveStunModifierChance                  0.0
  offensiveStunXOR                             False
  offensiveTauntChance                         0.0
  offensiveTauntGlobal                         False
  offensiveTauntMax                            0.0
  offensiveTauntMin                            0.0
  offensiveTauntXOR                            False
  projectileDamageRange1Max                    2.5
  projectileDamageRange1Min                    0.0
  projectileDamageRange1Scale                  50
  projectileDamageRange2Max                    9.0
  projectileDamageRange2Min                    2.5
  projectileDamageRange2Scale                  100
  projectileDamageRange3Max                    20.0
  projectileDamageRange3Min                    9.0
  projectileDamageRange3Scale                  140
  projectileExplosionRadius                    1.5
  projectileLaunchNumber                       16
  projectileLaunchRotation                     360.0
  projectileUsesAllDamage                      True
  ragDollDirection                             'Push'
  ragDollEffect                                'TakeHit'
  ragDollElevation                             'Downward'
  ragDollPush                                  'None'
  skillCooldownReduction                       0.0
  skillCooldownReductionModifier               0.0
  skillManaCost                                [n=60] [22.0, 26.0, 30.0, 34.0, 38.0, 42.0, 46.0, 50.0, 54.0, 58.0, 62.0, 66.0, 70.0, 74.0, 78.0, 82.0, 86.0, 90.0, 94.0, 98.0, 102.0, 106.0, 110.0, 114.0, 118.0, 122.0, 126.0, 130.0, 134.0, 138.0, 142.0, 146.0, 150.0, 154.0, 158.0, 162.0, 166.0, 170.0, 174.0, 178.0, 182.0, 186.0, 190.0, 194.0, 198.0, 202.0, 206.0, 210.0, 214.0, 218.0, 222.0, 226.0, 230.0, 234.0, 238.0, 242.0, 246.0, 250.0, 254.0, 258.0]
  skillManaCostReduction                       0.0
  skillManaCostReductionModifier               0.0
  skillMaxLevel                                60
  skillProjectileName                          'records/fx/skillsother/projectile/icebolt_nova_fxprojectile.dbr'
  skillSpecialAnimationName                    'Roar'
  templateName                                 'database/templates/skill_attackprojectilering.tpl'
  unarmedOnly                                  False

==========================================================================================
=== records/skills/nonplayerskills/bossskills/primordian_wave.dbr  [database.arz] type=Skill_AttackWave
==========================================================================================
  Axe                                          False
  Class                                        'Skill_AttackWave'
  FileDescription                              'large cone wave with cold and poison dot'
  Mace                                         False
  Magical                                      False
  Shield                                       False
  Spear                                        False
  Staff                                        False
  Sword                                        False
  cameraShakeAmplitude                         0.11999999731779099
  cameraShakeDurationSecs                      1.0
  distanceProfile                              'Moderate'
  dualWieldOnly                                False
  excludeRacialDamage                          False
  exclusiveSkill                               False
  fxPakExtents                                 1.5
  fxPakName                                    'records/fx/skillsother/path/tidalwavepoison_fxpak01.dbr'
  fxPakRandAngle                               15.0
  fxPakRandOffsetX                             1.0
  fxPakSpawnDistance                           0.800000011920929
  isPetDisplayable                             False
  offensiveColdChance                          0.0
  offensiveColdGlobal                          False
  offensiveColdMax                             0.0
  offensiveColdMin                             [n=60] [76.0, 100.0, 152.0, 210.0, 272.0, 330.0, 386.0, 440.0, 498.0, 554.0, 612.0, 668.0, 726.0, 786.0, 844.0, 904.0, 962.0, 1024.0, 1082.0, 1144.0, 1204.0, 1266.0, 1328.0, 1390.0, 1452.0, 1514.0, 1576.0, 1638.0, 1702.0, 1764.0, 1828.0, 1892.0, 1954.0, 2020.0, 2084.0, 2148.0, 2212.0, 2278.0, 2342.0, 2408.0, 2472.0, 2538.0, 2604.0, 2670.0, 2736.0, 2802.0, 2868.0, 2934.0, 3000.0, 3068.0, 3134.0, 3202.0, 3270.0, 3336.0, 3404.0, 3470.0, 3538.0, 3606.0, 3674.0, 3742.0]
  offensiveColdModifier                        0.0
  offensiveColdModifierChance                  0.0
  offensiveColdXOR                             False
  offensiveConfusionChance                     0.0
  offensiveConfusionGlobal                     False
  offensiveConfusionMax                        0.0
  offensiveConfusionMin                        0.0
  offensiveConfusionXOR                        False
  offensiveConvertChance                       0.0
  offensiveConvertGlobal                       False
  offensiveConvertMax                          0.0
  offensiveConvertMin                          0.0
  offensiveConvertXOR                          False
  offensiveFearChance                          0.0
  offensiveFearGlobal                          False
  offensiveFearMax                             0.0
  offensiveFearMin                             0.0
  offensiveFearXOR                             False
  offensiveFireChance                          0.0
  offensiveFireGlobal                          False
  offensiveFireMax                             0.0
  offensiveFireMin                             0.0
  offensiveFireModifier                        0.0
  offensiveFireModifierChance                  0.0
  offensiveFireXOR                             False
  offensiveGlobalChance                        0.0
  offensiveLifeChance                          0.0
  offensiveLifeGlobal                          False
  offensiveLifeMax                             0.0
  offensiveLifeMin                             0.0
  offensiveLifeModifier                        0.0
  offensiveLifeModifierChance                  0.0
  offensiveLifeXOR                             False
  offensiveLightningChance                     0.0
  offensiveLightningGlobal                     False
  offensiveLightningMax                        0.0
  offensiveLightningMin                        0.0
  offensiveLightningModifier                   0.0
  offensiveLightningModifierChance             0.0
  offensiveLightningXOR                        False
  offensivePercentCurrentLifeChance            0.0
  offensivePercentCurrentLifeGlobal            False
  offensivePercentCurrentLifeMax               0.0
  offensivePercentCurrentLifeMin               0.0
  offensivePercentCurrentLifeXOR               False
  offensivePhysicalChance                      0.0
  offensivePhysicalGlobal                      False
  offensivePhysicalMax                         0.0
  offensivePhysicalMin                         [n=60] [35.0, 62.0, 91.0, 122.0, 153.0, 185.0, 218.0, 252.0, 286.0, 322.0, 357.0, 393.0, 429.0, 465.0, 502.0, 540.0, 579.0, 617.0, 655.0, 695.0, 733.0, 772.0, 812.0, 853.0, 893.0, 933.0, 974.0, 1015.0, 1056.0, 1098.0, 1141.0, 1181.0, 1224.0, 1266.0, 1309.0, 1352.0, 1394.0, 1437.0, 1481.0, 1524.0, 1568.0, 1612.0, 1655.0, 1700.0, 1744.0, 1788.0, 1832.0, 1877.0, 1922.0, 1967.0, 2013.0, 2058.0, 2103.0, 2149.0, 2194.0, 2240.0, 2286.0, 2332.0, 2379.0, 2425.0]
  offensivePhysicalModifier                    0.0
  offensivePhysicalModifierChance              0.0
  offensivePhysicalXOR                         False
  offensivePierceChance                        0.0
  offensivePierceGlobal                        False
  offensivePierceMax                           0.0
  offensivePierceMin                           0.0
  offensivePierceModifier                      0.0
  offensivePierceModifierChance                0.0
  offensivePierceRatioChance                   0.0
  offensivePierceRatioGlobal                   False
  offensivePierceRatioMax                      0.0
  offensivePierceRatioMin                      0.0
  offensivePierceRatioModifier                 0.0
  offensivePierceRatioModifierChance           0.0
  offensivePierceRatioXOR                      False
  offensivePierceXOR                           False
  offensivePoisonChance                        0.0
  offensivePoisonGlobal                        False
  offensivePoisonMax                           0.0
  offensivePoisonMin                           0.0
  offensivePoisonModifier                      0.0
  offensivePoisonModifierChance                0.0
  offensivePoisonXOR                           False
  offensiveSlowAttackSpeedChance               0.0
  offensiveSlowAttackSpeedDurationMax          0.0
  offensiveSlowAttackSpeedDurationMin          0.0
  offensiveSlowAttackSpeedDurationModifier     0.0
  offensiveSlowAttackSpeedGlobal               False
  offensiveSlowAttackSpeedMax                  0.0
  offensiveSlowAttackSpeedMin                  0.0
  offensiveSlowAttackSpeedModifier             0.0
  offensiveSlowAttackSpeedModifierChance       0.0
  offensiveSlowAttackSpeedXOR                  False
  offensiveSlowBleedingChance                  0.0
  offensiveSlowBleedingDurationMax             0.0
  offensiveSlowBleedingDurationMin             0.0
  offensiveSlowBleedingDurationModifier        0.0
  offensiveSlowBleedingGlobal                  False
  offensiveSlowBleedingMax                     0.0
  offensiveSlowBleedingMin                     0.0
  offensiveSlowBleedingModifier                0.0
  offensiveSlowBleedingModifierChance          0.0
  offensiveSlowBleedingXOR                     False
  offensiveSlowColdChance                      0.0
  offensiveSlowColdDurationMax                 0.0
  offensiveSlowColdDurationMin                 3.0
  offensiveSlowColdDurationModifier            0.0
  offensiveSlowColdGlobal                      False
  offensiveSlowColdMax                         0.0
  offensiveSlowColdMin                         [n=60] [13.0, 30.0, 49.0, 70.0, 91.0, 113.0, 136.0, 160.0, 184.0, 210.0, 235.0, 261.0, 287.0, 313.0, 340.0, 368.0, 397.0, 425.0, 453.0, 483.0, 511.0, 540.0, 570.0, 601.0, 631.0, 661.0, 692.0, 723.0, 754.0, 786.0, 819.0, 849.0, 882.0, 914.0, 947.0, 980.0, 1012.0, 1045.0, 1079.0, 1112.0, 1146.0, 1180.0, 1213.0, 1248.0, 1282.0, 1316.0, 1350.0, 1385.0, 1420.0, 1455.0, 1491.0, 1526.0, 1561.0, 1597.0, 1632.0, 1668.0, 1704.0, 1740.0, 1777.0, 1813.0]
  offensiveSlowColdModifier                    0.0
  offensiveSlowColdModifierChance              0.0
  offensiveSlowColdXOR                         False
  offensiveSlowDamageMultDurationMin           3.0
  offensiveSlowDamageMultMin                   30.0
  offensiveSlowDefensiveAbilityChance          0.0
  offensiveSlowDefensiveAbilityDurationMax     0.0
  offensiveSlowDefensiveAbilityDurationMin     0.0
  offensiveSlowDefensiveAbilityDurationModifier 0.0
  offensiveSlowDefensiveAbilityGlobal          False
  offensiveSlowDefensiveAbilityMax             0.0
  offensiveSlowDefensiveAbilityMin             0.0
  offensiveSlowDefensiveAbilityModifier        0.0
  offensiveSlowDefensiveAbilityModifierChance  0.0
  offensiveSlowDefensiveAbilityXOR             False
  offensiveSlowDefensiveReductionChance        0.0
  offensiveSlowDefensiveReductionDurationMax   0.0
  offensiveSlowDefensiveReductionDurationMin   0.0
  offensiveSlowDefensiveReductionDurationModifier 0.0
  offensiveSlowDefensiveReductionGlobal        False
  offensiveSlowDefensiveReductionMax           0.0
  offensiveSlowDefensiveReductionMin           0.0
  offensiveSlowDefensiveReductionModifier      0.0
  offensiveSlowDefensiveReductionModifierChance 0.0
  offensiveSlowDefensiveReductionXOR           False
  offensiveSlowFireChance                      0.0
  offensiveSlowFireDurationMax                 0.0
  offensiveSlowFireDurationMin                 0.0
  offensiveSlowFireDurationModifier            0.0
  offensiveSlowFireGlobal                      False
  offensiveSlowFireMax                         0.0
  offensiveSlowFireMin                         0.0
  offensiveSlowFireModifier                    0.0
  offensiveSlowFireModifierChance              0.0
  offensiveSlowFireXOR                         False
  offensiveSlowLifeChance                      0.0
  offensiveSlowLifeDurationMax                 0.0
  offensiveSlowLifeDurationMin                 0.0
  offensiveSlowLifeDurationModifier            0.0
  offensiveSlowLifeGlobal                      False
  offensiveSlowLifeLeachChance                 0.0
  offensiveSlowLifeLeachDurationMax            0.0
  offensiveSlowLifeLeachDurationMin            0.0
  offensiveSlowLifeLeachDurationModifier       0.0
  offensiveSlowLifeLeachGlobal                 False
  offensiveSlowLifeLeachMax                    0.0
  offensiveSlowLifeLeachMin                    0.0
  offensiveSlowLifeLeachModifier               0.0
  offensiveSlowLifeLeachModifierChance         0.0
  offensiveSlowLifeLeachXOR                    False
  offensiveSlowLifeMax                         0.0
  offensiveSlowLifeMin                         0.0
  offensiveSlowLifeModifier                    0.0
  offensiveSlowLifeModifierChance              0.0
  offensiveSlowLifeXOR                         False
  offensiveSlowLightningChance                 0.0
  offensiveSlowLightningDurationMax            0.0
  offensiveSlowLightningDurationMin            0.0
  offensiveSlowLightningDurationModifier       0.0
  offensiveSlowLightningGlobal                 False
  offensiveSlowLightningMax                    0.0
  offensiveSlowLightningMin                    0.0
  offensiveSlowLightningModifier               0.0
  offensiveSlowLightningModifierChance         0.0
  offensiveSlowLightningXOR                    False
  offensiveSlowManaLeachChance                 0.0
  offensiveSlowManaLeachDurationMax            0.0
  offensiveSlowManaLeachDurationMin            0.0
  offensiveSlowManaLeachDurationModifier       0.0
  offensiveSlowManaLeachGlobal                 False
  offensiveSlowManaLeachMax                    0.0
  offensiveSlowManaLeachMin                    0.0
  offensiveSlowManaLeachModifier               0.0
  offensiveSlowManaLeachModifierChance         0.0
  offensiveSlowManaLeachXOR                    False
  offensiveSlowOffensiveAbilityChance          0.0
  offensiveSlowOffensiveAbilityDurationMax     0.0
  offensiveSlowOffensiveAbilityDurationMin     0.0
  offensiveSlowOffensiveAbilityDurationModifier 0.0
  offensiveSlowOffensiveAbilityGlobal          False
  offensiveSlowOffensiveAbilityMax             0.0
  offensiveSlowOffensiveAbilityMin             0.0
  offensiveSlowOffensiveAbilityModifier        0.0
  offensiveSlowOffensiveAbilityModifierChance  0.0
  offensiveSlowOffensiveAbilityXOR             False
  offensiveSlowOffensiveReductionChance        0.0
  offensiveSlowOffensiveReductionDurationMax   0.0
  offensiveSlowOffensiveReductionDurationMin   0.0
  offensiveSlowOffensiveReductionDurationModifier 0.0
  offensiveSlowOffensiveReductionGlobal        False
  offensiveSlowOffensiveReductionMax           0.0
  offensiveSlowOffensiveReductionMin           0.0
  offensiveSlowOffensiveReductionModifier      0.0
  offensiveSlowOffensiveReductionModifierChance 0.0
  offensiveSlowOffensiveReductionXOR           False
  offensiveSlowPhysicalChance                  0.0
  offensiveSlowPhysicalDurationMax             0.0
  offensiveSlowPhysicalDurationMin             0.0
  offensiveSlowPhysicalDurationModifier        0.0
  offensiveSlowPhysicalGlobal                  False
  offensiveSlowPhysicalMax                     0.0
  offensiveSlowPhysicalMin                     0.0
  offensiveSlowPhysicalModifier                0.0
  offensiveSlowPhysicalModifierChance          0.0
  offensiveSlowPhysicalXOR                     False
  offensiveSlowPoisonChance                    0.0
  offensiveSlowPoisonDurationMax               0.0
  offensiveSlowPoisonDurationModifier          0.0
  offensiveSlowPoisonGlobal                    False
  offensiveSlowPoisonMax                       0.0
  offensiveSlowPoisonModifier                  0.0
  offensiveSlowPoisonModifierChance            0.0
  offensiveSlowPoisonXOR                       False
  offensiveSlowRunSpeedChance                  0.0
  offensiveSlowRunSpeedDurationMax             0.0
  offensiveSlowRunSpeedDurationMin             0.0
  offensiveSlowRunSpeedDurationModifier        0.0
  offensiveSlowRunSpeedGlobal                  False
  offensiveSlowRunSpeedMax                     0.0
  offensiveSlowRunSpeedMin                     0.0
  offensiveSlowRunSpeedModifier                0.0
  offensiveSlowRunSpeedModifierChance          0.0
  offensiveSlowRunSpeedXOR                     False
  offensiveStunChance                          0.0
  offensiveStunGlobal                          False
  offensiveStunMax                             0.0
  offensiveStunMin                             0.0
  offensiveStunModifier                        0.0
  offensiveStunModifierChance                  0.0
  offensiveStunXOR                             False
  offensiveTauntChance                         0.0
  offensiveTauntGlobal                         False
  offensiveTauntMax                            0.0
  offensiveTauntMin                            0.0
  offensiveTauntXOR                            False
  ragDollAmplification                         1.0
  ragDollDirection                             'Push'
  ragDollEffect                                'TakeHit'
  ragDollElevation                             'None'
  ragDollPush                                  'None'
  skillCooldownReduction                       0.0
  skillCooldownReductionModifier               0.0
  skillHitSound                                'records/sounds/skillsounds/nonplayer/spak_tidalwave_hit.dbr'
  skillManaCost                                60.0
  skillManaCostReduction                       0.0
  skillManaCostReductionModifier               0.0
  skillMaxLevel                                60
  skillSpecialAnimationName                    'TailLashSunder'
  templateName                                 'database/templates/skill_attackwave.tpl'
  waveDepth                                    1.0
  waveDistance                                 16.0
  waveEndWidth                                 6.0
  waveLoopSound                                'records/sounds/skillsounds/nonplayer/spak_tidalwave_loop.dbr'
  waveStartSound                               'records/sounds/skillsounds/nonplayer/spak_tidalwave_cast.dbr'
  waveStartWidth                               3.0
  waveTime                                     1.399999976158142

==========================================================================================
=== records/skills/nonplayerskills/bossskills/primordian_icearmor.dbr  [database.arz] type=Skill_BuffSelfDuration
==========================================================================================
  Axe                                          False
  Class                                        'Skill_BuffSelfDuration'
  Mace                                         False
  Magical                                      False
  Ranged1h                                     False
  Ranged2h                                     False
  Shield                                       False
  Spear                                        False
  Staff                                        False
  Sword                                        False
  bleedingDamageQualifier                      False
  charFxPakSelfNames                           'records/fx/skillsother/buff/icearmor_chfxpak01.dbr'
  characterAttackSpeed                         0.0
  characterAttackSpeedModifier                 35.0
  characterBaseAttackSpeedTag                  'CharacterAttackSpeedAverage'
  characterDefensiveAbility                    0.0
  characterDefensiveAbilityModifier            0.0
  characterDexterity                           0.0
  characterDexterityModifier                   0.0
  characterIntelligence                        0.0
  characterIntelligenceModifier                0.0
  characterLife                                0.0
  characterLifeModifier                        0.0
  characterLifeRegen                           0.0
  characterLifeRegenModifier                   0.0
  characterLightRadius                         0.0
  characterMana                                0.0
  characterManaLimitReserve                    0.0
  characterManaLimitReserveModifier            0.0
  characterManaLimitReserveReduction           0.0
  characterManaLimitReserveReductionModifier   0.0
  characterManaModifier                        0.0
  characterManaRegen                           0.0
  characterOffensiveAbility                    0.0
  characterOffensiveAbilityModifier            0.0
  characterRunSpeed                            0.0
  characterRunSpeedJitter                      0.0
  characterRunSpeedModifier                    0.0
  characterSpellCastSpeed                      0.0
  characterSpellCastSpeedModifier              0.0
  characterStrength                            0.0
  characterStrengthModifier                    0.0
  characterTotalSpeedModifier                  0.0
  coldDamageQualifier                          False
  damageAbsorptionPercent                      25.0
  defensiveAbsorption                          0.0
  defensiveAbsorptionChance                    0.0
  defensiveAbsorptionModifier                  0.0
  defensiveAbsorptionModifierChance            0.0
  defensiveAether                              0.0
  defensiveAetherChance                        0.0
  defensiveAetherDuration                      0.0
  defensiveAetherDurationChance                0.0
  defensiveAetherDurationModifier              0.0
  defensiveAetherDurationModifierChance        0.0
  defensiveAetherModifier                      0.0
  defensiveAetherModifierChance                0.0
  defensiveChaos                               0.0
  defensiveChaosChance                         0.0
  defensiveChaosDuration                       0.0
  defensiveChaosDurationChance                 0.0
  defensiveChaosDurationModifier               0.0
  defensiveChaosDurationModifierChance         0.0
  defensiveChaosModifier                       0.0
  defensiveChaosModifierChance                 0.0
  defensiveCold                                0.0
  defensiveColdChance                          0.0
  defensiveColdDuration                        0.0
  defensiveColdDurationChance                  0.0
  defensiveColdDurationModifier                0.0
  defensiveColdDurationModifierChance          0.0
  defensiveColdModifier                        0.0
  defensiveColdModifierChance                  0.0
  defensiveFire                                0.0
  defensiveFireChance                          0.0
  defensiveFireDuration                        0.0
  defensiveFireDurationChance                  0.0
  defensiveFireDurationModifier                0.0
  defensiveFireDurationModifierChance          0.0
  defensiveFireModifier                        0.0
  defensiveFireModifierChance                  0.0
  defensiveKnockdown                           0.0
  defensiveKnockdownChance                     0.0
  defensiveKnockdownModifier                   0.0
  defensiveKnockdownModifierChance             0.0
  defensiveLife                                0.0
  defensiveLifeChance                          0.0
  defensiveLifeDuration                        0.0
  defensiveLifeDurationChance                  0.0
  defensiveLifeDurationModifier                0.0
  defensiveLifeDurationModifierChance          0.0
  defensiveLifeModifier                        0.0
  defensiveLifeModifierChance                  0.0
  defensiveLightning                           0.0
  defensiveLightningChance                     0.0
  defensiveLightningDuration                   0.0
  defensiveLightningDurationChance             0.0
  defensiveLightningDurationModifier           0.0
  defensiveLightningDurationModifierChance     0.0
  defensiveLightningModifier                   0.0
  defensiveLightningModifierChance             0.0
  defensivePhysical                            0.0
  defensivePhysicalChance                      0.0
  defensivePhysicalDuration                    0.0
  defensivePhysicalDurationChance              0.0
  defensivePhysicalDurationChanceModifier      0.0
  defensivePhysicalDurationModifier            0.0
  defensivePhysicalModifier                    0.0
  defensivePhysicalModifierChance              0.0
  defensivePierce                              0.0
  defensivePierceChance                        0.0
  defensivePierceDuration                      0.0
  defensivePierceDurationChance                0.0
  defensivePierceDurationModifier              0.0
  defensivePierceDurationModifierChance        0.0
  defensivePierceModifier                      0.0
  defensivePierceModifierChance                0.0
  defensivePoison                              0.0
  defensivePoisonChance                        0.0
  defensivePoisonDuration                      0.0
  defensivePoisonDurationChance                0.0
  defensivePoisonDurationModifier              0.0
  defensivePoisonDurationModifierChance        0.0
  defensivePoisonModifier                      0.0
  defensivePoisonModifierChance                0.0
  defensiveProtection                          0.0
  defensiveProtectionChance                    0.0
  defensiveProtectionModifier                  0.0
  defensiveProtectionModifierChance            0.0
  defensiveSlowLifeLeach                       0.0
  defensiveSlowLifeLeachChance                 0.0
  defensiveSlowLifeLeachDuration               0.0
  defensiveSlowLifeLeachDurationChance         0.0
  defensiveSlowLifeLeachDurationModifier       0.0
  defensiveSlowLifeLeachDurationModifierChance 0.0
  defensiveSlowLifeLeachModifier               0.0
  defensiveSlowLifeLeachModifierChance         0.0
  defensiveSlowManaLeach                       0.0
  defensiveSlowManaLeachChance                 0.0
  defensiveSlowManaLeachDuration               0.0
  defensiveSlowManaLeachDurationChance         0.0
  defensiveSlowManaLeachDurationModifier       0.0
  defensiveSlowManaLeachDurationModifierChance 0.0
  defensiveSlowManaLeachModifier               0.0
  defensiveSlowManaLeachModifierChance         0.0
  defensiveStun                                0.0
  defensiveStunChance                          0.0
  defensiveStunModifier                        0.0
  defensiveStunModifierChance                  0.0
  defensiveTotalSpeedResistance                500.0
  dualWieldOnly                                False
  elementalDamageQualifier                     False
  fireDamageQualifier                          False
  instantCast                                  True
  isPetDisplayable                             False
  lifeDamageQualifier                          False
  lightningDamageQualifier                     False
  notDispelable                                False
  offensiveAetherChance                        0.0
  offensiveAetherGlobal                        False
  offensiveAetherMax                           0.0
  offensiveAetherModifier                      0.0
  offensiveAetherModifierChance                0.0
  offensiveAetherXOR                           False
  offensiveChaosChance                         0.0
  offensiveChaosGlobal                         False
  offensiveChaosMax                            0.0
  offensiveChaosMin                            0.0
  offensiveChaosModifierChance                 0.0
  offensiveChaosXOR                            False
  offensiveColdChance                          0.0
  offensiveColdGlobal                          False
  offensiveColdMax                             0.0
  offensiveColdModifier                        [n=60] [20.0, 22.0, 24.0, 26.0, 28.0, 30.0, 32.0, 34.0, 36.0, 38.0, 40.0, 42.0, 44.0, 46.0, 48.0, 50.0, 52.0, 54.0, 56.0, 58.0, 60.0, 62.0, 64.0, 66.0, 68.0, 70.0, 72.0, 74.0, 76.0, 78.0, 80.0, 82.0, 84.0, 86.0, 88.0, 90.0, 92.0, 94.0, 96.0, 98.0, 100.0, 102.0, 104.0, 106.0, 108.0, 110.0, 112.0, 114.0, 116.0, 118.0, 120.0, 122.0, 124.0, 126.0, 128.0, 130.0, 132.0, 134.0, 136.0, 138.0]
  offensiveColdModifierChance                  0.0
  offensiveColdXOR                             False
  offensiveConfusionChance                     0.0
  offensiveConfusionGlobal                     False
  offensiveConfusionMax                        0.0
  offensiveConfusionMin                        0.0
  offensiveConfusionXOR                        False
  offensiveConvertChance                       0.0
  offensiveConvertGlobal                       False
  offensiveConvertMax                          0.0
  offensiveConvertMin                          0.0
  offensiveConvertXOR                          False
  offensiveFearGlobal                          False
  offensiveFearXOR                             False
  offensiveFireChance                          0.0
  offensiveFireGlobal                          False
  offensiveFireMax                             0.0
  offensiveFireMin                             0.0
  offensiveFireModifier                        0.0
  offensiveFireModifierChance                  0.0
  offensiveFireXOR                             False
  offensiveGlobalChance                        0.0
  offensiveKnockdownGlobal                     False
  offensiveKnockdownModifier                   0.0
  offensiveKnockdownModifierChance             0.0
  offensiveKnockdownXOR                        False
  offensiveLifeChance                          0.0
  offensiveLifeGlobal                          False
  offensiveLifeMax                             0.0
  offensiveLifeMin                             0.0
  offensiveLifeModifierChance                  0.0
  offensiveLifeXOR                             False
  offensiveLightningChance                     0.0
  offensiveLightningGlobal                     False
  offensiveLightningMax                        0.0
  offensiveLightningMin                        0.0
  offensiveLightningModifier                   0.0
  offensiveLightningModifierChance             0.0
  offensiveLightningXOR                        False
  offensivePercentCurrentLifeChance            0.0
  offensivePercentCurrentLifeGlobal            False
  offensivePercentCurrentLifeMax               0.0
  offensivePercentCurrentLifeXOR               False
  offensivePhysicalChance                      0.0
  offensivePhysicalGlobal                      False
  offensivePhysicalMax                         0.0
  offensivePhysicalMin                         0.0
  offensivePhysicalModifierChance              0.0
  offensivePhysicalXOR                         False
  offensivePierceChance                        0.0
  offensivePierceGlobal                        False
  offensivePierceMax                           0.0
  offensivePierceMin                           0.0
  offensivePierceModifier                      0.0
  offensivePierceModifierChance                0.0
  offensivePierceRatioChance                   0.0
  offensivePierceRatioGlobal                   False
  offensivePierceRatioMax                      0.0
  offensivePierceRatioMin                      0.0
  offensivePierceRatioModifier                 0.0
  offensivePierceRatioModifierChance           0.0
  offensivePierceRatioXOR                      False
  offensivePierceXOR                           False
  offensivePoisonChance                        0.0
  offensivePoisonGlobal                        False
  offensivePoisonMax                           0.0
  offensivePoisonMin                           0.0
  offensivePoisonModifierChance                0.0
  offensivePoisonXOR                           False
  offensiveSlowAttackSpeedChance               0.0
  offensiveSlowAttackSpeedDurationMax          0.0
  offensiveSlowAttackSpeedDurationMin          0.0
  offensiveSlowAttackSpeedDurationModifier     0.0
  offensiveSlowAttackSpeedGlobal               False
  offensiveSlowAttackSpeedMax                  0.0
  offensiveSlowAttackSpeedMin                  0.0
  offensiveSlowAttackSpeedModifier             0.0
  offensiveSlowAttackSpeedModifierChance       0.0
  offensiveSlowAttackSpeedXOR                  False
  offensiveSlowBleedingChance                  0.0
  offensiveSlowBleedingDurationMax             0.0
  offensiveSlowBleedingDurationMin             0.0
  offensiveSlowBleedingDurationModifier        0.0
  offensiveSlowBleedingGlobal                  False
  offensiveSlowBleedingMax                     0.0
  offensiveSlowBleedingMin                     0.0
  offensiveSlowBleedingModifier                0.0
  offensiveSlowBleedingModifierChance          0.0
  offensiveSlowBleedingXOR                     False
  offensiveSlowColdChance                      0.0
  offensiveSlowColdDurationMax                 0.0
  offensiveSlowColdDurationMin                 0.0
  offensiveSlowColdDurationModifier            0.0
  offensiveSlowColdGlobal                      False
  offensiveSlowColdMax                         0.0
  offensiveSlowColdMin                         0.0
  offensiveSlowColdModifier                    0.0
  offensiveSlowColdModifierChance              0.0
  offensiveSlowColdXOR                         False
  offensiveSlowDefensiveAbilityChance          0.0
  offensiveSlowDefensiveAbilityDurationMax     0.0
  offensiveSlowDefensiveAbilityDurationMin     0.0
  offensiveSlowDefensiveAbilityDurationModifier 0.0
  offensiveSlowDefensiveAbilityGlobal          False
  offensiveSlowDefensiveAbilityMax             0.0
  offensiveSlowDefensiveAbilityMin             0.0
  offensiveSlowDefensiveAbilityModifier        0.0
  offensiveSlowDefensiveAbilityModifierChance  0.0
  offensiveSlowDefensiveAbilityXOR             False
  offensiveSlowDefensiveReductionChance        0.0
  offensiveSlowDefensiveReductionDurationMax   0.0
  offensiveSlowDefensiveReductionDurationMin   0.0
  offensiveSlowDefensiveReductionDurationModifier 0.0
  offensiveSlowDefensiveReductionGlobal        False
  offensiveSlowDefensiveReductionMax           0.0
  offensiveSlowDefensiveReductionMin           0.0
  offensiveSlowDefensiveReductionModifier      0.0
  offensiveSlowDefensiveReductionModifierChance 0.0
  offensiveSlowDefensiveReductionXOR           False
  offensiveSlowFireChance                      0.0
  offensiveSlowFireDurationMax                 0.0
  offensiveSlowFireDurationMin                 0.0
  offensiveSlowFireDurationModifier            0.0
  offensiveSlowFireGlobal                      False
  offensiveSlowFireMax                         0.0
  offensiveSlowFireMin                         0.0
  offensiveSlowFireModifier                    0.0
  offensiveSlowFireModifierChance              0.0
  offensiveSlowFireXOR                         False
  offensiveSlowLifeChance                      0.0
  offensiveSlowLifeDurationMax                 0.0
  offensiveSlowLifeDurationMin                 0.0
  offensiveSlowLifeDurationModifier            0.0
  offensiveSlowLifeGlobal                      False
  offensiveSlowLifeLeachChance                 0.0
  offensiveSlowLifeLeachDurationMax            0.0
  offensiveSlowLifeLeachDurationMin            0.0
  offensiveSlowLifeLeachDurationModifier       0.0
  offensiveSlowLifeLeachGlobal                 False
  offensiveSlowLifeLeachMax                    0.0
  offensiveSlowLifeLeachMin                    0.0
  offensiveSlowLifeLeachModifier               0.0
  offensiveSlowLifeLeachModifierChance         0.0
  offensiveSlowLifeLeachXOR                    False
  offensiveSlowLifeMax                         0.0
  offensiveSlowLifeMin                         0.0
  offensiveSlowLifeModifier                    0.0
  offensiveSlowLifeModifierChance              0.0
  offensiveSlowLifeXOR                         False
  offensiveSlowLightningChance                 0.0
  offensiveSlowLightningDurationMax            0.0
  offensiveSlowLightningDurationMin            0.0
  offensiveSlowLightningDurationModifier       0.0
  offensiveSlowLightningGlobal                 False
  offensiveSlowLightningMax                    0.0
  offensiveSlowLightningMin                    0.0
  offensiveSlowLightningModifier               0.0
  offensiveSlowLightningModifierChance         0.0
  offensiveSlowLightningXOR                    False
  offensiveSlowManaLeachChance                 0.0
  offensiveSlowManaLeachDurationMax            0.0
  offensiveSlowManaLeachDurationMin            0.0
  offensiveSlowManaLeachDurationModifier       0.0
  offensiveSlowManaLeachGlobal                 False
  offensiveSlowManaLeachMax                    0.0
  offensiveSlowManaLeachMin                    0.0
  offensiveSlowManaLeachModifier               0.0
  offensiveSlowManaLeachModifierChance         0.0
  offensiveSlowManaLeachXOR                    False
  offensiveSlowOffensiveAbilityChance          0.0
  offensiveSlowOffensiveAbilityDurationMax     0.0
  offensiveSlowOffensiveAbilityDurationMin     0.0
  offensiveSlowOffensiveAbilityDurationModifier 0.0
  offensiveSlowOffensiveAbilityGlobal          False
  offensiveSlowOffensiveAbilityMax             0.0
  offensiveSlowOffensiveAbilityMin             0.0
  offensiveSlowOffensiveAbilityModifier        0.0
  offensiveSlowOffensiveAbilityModifierChance  0.0
  offensiveSlowOffensiveAbilityXOR             False
  offensiveSlowOffensiveReductionChance        0.0
  offensiveSlowOffensiveReductionDurationMax   0.0
  offensiveSlowOffensiveReductionDurationMin   0.0
  offensiveSlowOffensiveReductionDurationModifier 0.0
  offensiveSlowOffensiveReductionGlobal        False
  offensiveSlowOffensiveReductionMax           0.0
  offensiveSlowOffensiveReductionMin           0.0
  offensiveSlowOffensiveReductionModifier      0.0
  offensiveSlowOffensiveReductionModifierChance 0.0
  offensiveSlowOffensiveReductionXOR           False
  offensiveSlowPhysicalChance                  0.0
  offensiveSlowPhysicalDurationMax             0.0
  offensiveSlowPhysicalDurationMin             0.0
  offensiveSlowPhysicalDurationModifier        0.0
  offensiveSlowPhysicalGlobal                  False
  offensiveSlowPhysicalMax                     0.0
  offensiveSlowPhysicalMin                     0.0
  offensiveSlowPhysicalModifier                0.0
  offensiveSlowPhysicalModifierChance          0.0
  offensiveSlowPhysicalXOR                     False
  offensiveSlowPoisonChance                    0.0
  offensiveSlowPoisonDurationMax               0.0
  offensiveSlowPoisonDurationMin               0.0
  offensiveSlowPoisonDurationModifier          0.0
  offensiveSlowPoisonGlobal                    False
  offensiveSlowPoisonMax                       0.0
  offensiveSlowPoisonMin                       0.0
  offensiveSlowPoisonModifierChance            0.0
  offensiveSlowPoisonXOR                       False
  offensiveSlowRunSpeedChance                  0.0
  offensiveSlowRunSpeedDurationMax             0.0
  offensiveSlowRunSpeedDurationMin             0.0
  offensiveSlowRunSpeedDurationModifier        0.0
  offensiveSlowRunSpeedGlobal                  False
  offensiveSlowRunSpeedMax                     0.0
  offensiveSlowRunSpeedMin                     0.0
  offensiveSlowRunSpeedModifier                0.0
  offensiveSlowRunSpeedModifierChance          0.0
  offensiveSlowRunSpeedXOR                     False
  offensiveStunChance                          0.0
  offensiveStunGlobal                          False
  offensiveStunMax                             0.0
  offensiveStunMin                             0.0
  offensiveStunModifier                        0.0
  offensiveStunModifierChance                  0.0
  offensiveStunXOR                             False
  offensiveTauntChance                         0.0
  offensiveTauntGlobal                         False
  offensiveTauntMax                            0.0
  offensiveTauntMin                            0.0
  offensiveTauntXOR                            False
  physicalDamageQualifier                      False
  pierceDamageQualifier                        False
  poisonDamageQualifier                        False
  retaliationColdChance                        0.0
  retaliationColdGlobal                        False
  retaliationColdMax                           0.0
  retaliationColdMin                           0.0
  retaliationColdModifier                      0.0
  retaliationColdModifierChance                0.0
  retaliationColdXOR                           False
  retaliationFireChance                        0.0
  retaliationFireGlobal                        False
  retaliationFireMax                           0.0
  retaliationFireMin                           0.0
  retaliationFireModifier                      0.0
  retaliationFireModifierChance                0.0
  retaliationFireXOR                           False
  retaliationGlobalChance                      0.0
  retaliationLifeChance                        0.0
  retaliationLifeGlobal                        False
  retaliationLifeMax                           0.0
  retaliationLifeMin                           0.0
  retaliationLifeModifier                      0.0
  retaliationLifeModifierChance                0.0
  retaliationLifeXOR                           False
  retaliationLightningChance                   0.0
  retaliationLightningGlobal                   False
  retaliationLightningMax                      0.0
  retaliationLightningMin                      0.0
  retaliationLightningModifier                 0.0
  retaliationLightningModifierChance           0.0
  retaliationLightningXOR                      False
  retaliationPercentCurrentLifeChance          0.0
  retaliationPercentCurrentLifeMax             0.0
  retaliationPercentCurrentLifeMin             0.0
  retaliationPercentCurrentLifeXOR             False
  retaliationPercentcurrentLifeGlobal          False
  retaliationPhysicalChance                    0.0
  retaliationPhysicalGlobal                    False
  retaliationPhysicalMax                       0.0
  retaliationPhysicalMin                       0.0
  retaliationPhysicalModifier                  0.0
  retaliationPhysicalModifierChance            0.0
  retaliationPhysicalXOR                       False
  retaliationPierceChance                      0.0
  retaliationPierceGlobal                      False
  retaliationPierceMax                         0.0
  retaliationPierceMin                         0.0
  retaliationPierceModifier                    0.0
  retaliationPierceModifierChance              0.0
  retaliationPierceRatioChance                 0.0
  retaliationPierceRatioGlobal                 False
  retaliationPierceRatioMax                    0.0
  retaliationPierceRatioMin                    0.0
  retaliationPierceRatioModifier               0.0
  retaliationPierceRatioModifierChance         0.0
  retaliationPierceRatioXOR                    False
  retaliationPierceXOR                         False
  retaliationPoisonChance                      0.0
  retaliationPoisonGlobal                      False
  retaliationPoisonMax                         0.0
  retaliationPoisonMin                         0.0
  retaliationPoisonModifier                    0.0
  retaliationPoisonModifierChance              0.0
  retaliationPoisonXOR                         False
  retaliationSlowAttackSpeedChance             0.0
  retaliationSlowAttackSpeedDurationMax        0.0
  retaliationSlowAttackSpeedDurationMin        0.0
  retaliationSlowAttackSpeedDurationModifier   0.0
  retaliationSlowAttackSpeedDurationModifierChance 0.0
  retaliationSlowAttackSpeedGlobal             False
  retaliationSlowAttackSpeedMax                0.0
  retaliationSlowAttackSpeedMin                0.0
  retaliationSlowAttackSpeedModifier           0.0
  retaliationSlowAttackSpeedModifierChance     0.0
  retaliationSlowAttackSpeedXOR                False
  retaliationSlowBleedingChance                0.0
  retaliationSlowBleedingDurationMax           0.0
  retaliationSlowBleedingDurationMin           0.0
  retaliationSlowBleedingDurationModifier      0.0
  retaliationSlowBleedingDurationModifierChance 0.0
  retaliationSlowBleedingGlobal                False
  retaliationSlowBleedingMax                   0.0
  retaliationSlowBleedingMin                   0.0
  retaliationSlowBleedingModifier              0.0
  retaliationSlowBleedingModifierChance        0.0
  retaliationSlowBleedingXOR                   False
  retaliationSlowColdChance                    0.0
  retaliationSlowColdDurationMax               0.0
  retaliationSlowColdDurationMin               2.0
  retaliationSlowColdDurationModifier          0.0
  retaliationSlowColdDurationModifierChance    0.0
  retaliationSlowColdGlobal                    False
  retaliationSlowColdMax                       0.0
  retaliationSlowColdMin                       [n=60] [12.0, 18.0, 25.0, 32.0, 39.0, 46.0, 54.0, 62.0, 70.0, 78.0, 86.0, 94.0, 102.0, 111.0, 119.0, 128.0, 136.0, 145.0, 154.0, 163.0, 172.0, 181.0, 190.0, 199.0, 208.0, 217.0, 227.0, 236.0, 245.0, 255.0, 264.0, 274.0, 283.0, 293.0, 303.0, 312.0, 322.0, 332.0, 342.0, 352.0, 361.0, 371.0, 381.0, 391.0, 401.0, 411.0, 421.0, 432.0, 442.0, 452.0, 462.0, 472.0, 483.0, 493.0, 503.0, 514.0, 524.0, 534.0, 545.0, 555.0]
  retaliationSlowColdModifier                  0.0
  retaliationSlowColdModifierChance            0.0
  retaliationSlowColdXOR                       False
  retaliationSlowDefensiveAbilityChance        0.0
  retaliationSlowDefensiveAbilityDurationMax   0.0
  retaliationSlowDefensiveAbilityDurationMin   0.0
  retaliationSlowDefensiveAbilityDurationModifier 0.0
  retaliationSlowDefensiveAbilityDurationModifierChance 0.0
  retaliationSlowDefensiveAbilityGlobal        False
  retaliationSlowDefensiveAbilityMax           0.0
  retaliationSlowDefensiveAbilityMin           0.0
  retaliationSlowDefensiveAbilityModifier      0.0
  retaliationSlowDefensiveAbilityModifierChance 0.0
  retaliationSlowDefensiveAbilityXOR           False
  retaliationSlowFireChance                    0.0
  retaliationSlowFireDurationMax               0.0
  retaliationSlowFireDurationMin               0.0
  retaliationSlowFireDurationModifier          0.0
  retaliationSlowFireDurationModifierChance    0.0
  retaliationSlowFireGlobal                    False
  retaliationSlowFireMax                       0.0
  retaliationSlowFireMin                       0.0
  retaliationSlowFireModifier                  0.0
  retaliationSlowFireModifierChance            0.0
  retaliationSlowFireXOR                       False
  retaliationSlowLifeChance                    0.0
  retaliationSlowLifeDurationMax               0.0
  retaliationSlowLifeDurationMin               0.0
  retaliationSlowLifeDurationModifier          0.0
  retaliationSlowLifeDurationModifierChance    0.0
  retaliationSlowLifeGlobal                    False
  retaliationSlowLifeLeachChance               0.0
  retaliationSlowLifeLeachDurationMax          0.0
  retaliationSlowLifeLeachDurationMin          0.0
  retaliationSlowLifeLeachDurationModifier     0.0
  retaliationSlowLifeLeachDurationModifierChance 0.0
  retaliationSlowLifeLeachGlobal               False
  retaliationSlowLifeLeachMax                  0.0
  retaliationSlowLifeLeachMin                  0.0
  retaliationSlowLifeLeachModifier             0.0
  retaliationSlowLifeLeachModifierChance       0.0
  retaliationSlowLifeLeachXOR                  False
  retaliationSlowLifeMax                       0.0
  retaliationSlowLifeMin                       0.0
  retaliationSlowLifeModifier                  0.0
  retaliationSlowLifeModifierChance            0.0
  retaliationSlowLifeXOR                       False
  retaliationSlowLightningChance               0.0
  retaliationSlowLightningDurationMax          0.0
  retaliationSlowLightningDurationMin          0.0
  retaliationSlowLightningDurationModifier     0.0
  retaliationSlowLightningDurationModifierChance 0.0
  retaliationSlowLightningGlobal               False
  retaliationSlowLightningMax                  0.0
  retaliationSlowLightningMin                  0.0
  retaliationSlowLightningModifier             0.0
  retaliationSlowLightningModifierChance       0.0
  retaliationSlowLightningXOR                  False
  retaliationSlowManaLeachChance               0.0
  retaliationSlowManaLeachDurationMax          0.0
  retaliationSlowManaLeachDurationMin          0.0
  retaliationSlowManaLeachDurationModifier     0.0
  retaliationSlowManaLeachDurationModifierChance 0.0
  retaliationSlowManaLeachGlobal               False
  retaliationSlowManaLeachMax                  0.0
  retaliationSlowManaLeachMin                  0.0
  retaliationSlowManaLeachModifier             0.0
  retaliationSlowManaLeachModifierChance       0.0
  retaliationSlowManaLeachXOR                  False
  retaliationSlowOffensiveAbilityChance        0.0
  retaliationSlowOffensiveAbilityDurationMax   0.0
  retaliationSlowOffensiveAbilityDurationMin   0.0
  retaliationSlowOffensiveAbilityDurationModifier 0.0
  retaliationSlowOffensiveAbilityDurationModifierChance 0.0
  retaliationSlowOffensiveAbilityGlobal        False
  retaliationSlowOffensiveAbilityMax           0.0
  retaliationSlowOffensiveAbilityMin           0.0
  retaliationSlowOffensiveAbilityModifier      0.0
  retaliationSlowOffensiveAbilityModifierChance 0.0
  retaliationSlowOffensiveAbilityXOR           False
  retaliationSlowOffensiveReductionChance      0.0
  retaliationSlowOffensiveReductionDurationMax 0.0
  retaliationSlowOffensiveReductionDurationMin 0.0
  retaliationSlowOffensiveReductionDurationModifier 0.0
  retaliationSlowOffensiveReductionDurationModifierChance 0.0
  retaliationSlowOffensiveReductionGlobal      False
  retaliationSlowOffensiveReductionMax         0.0
  retaliationSlowOffensiveReductionMin         0.0
  retaliationSlowOffensiveReductionModifier    0.0
  retaliationSlowOffensiveReductionModifierChance 0.0
  retaliationSlowOffensiveReductionXOR         False
  retaliationSlowPhysicalChance                0.0
  retaliationSlowPhysicalDurationMax           0.0
  retaliationSlowPhysicalDurationMin           0.0
  retaliationSlowPhysicalDurationModifier      0.0
  retaliationSlowPhysicalDurationModifierChance 0.0
  retaliationSlowPhysicalGlobal                False
  retaliationSlowPhysicalMax                   0.0
  retaliationSlowPhysicalMin                   0.0
  retaliationSlowPhysicalModifier              0.0
  retaliationSlowPhysicalModifierChance        0.0
  retaliationSlowPhysicalXOR                   False
  retaliationSlowPoisonChance                  0.0
  retaliationSlowPoisonDurationMax             0.0
  retaliationSlowPoisonDurationMin             0.0
  retaliationSlowPoisonDurationModifier        0.0
  retaliationSlowPoisonDurationModifierChance  0.0
  retaliationSlowPoisonGlobal                  False
  retaliationSlowPoisonMax                     0.0
  retaliationSlowPoisonMin                     0.0
  retaliationSlowPoisonModifier                0.0
  retaliationSlowPoisonModifierChance          0.0
  retaliationSlowPoisonXOR                     False
  retaliationSlowRunSpeedChance                0.0
  retaliationSlowRunSpeedDurationMax           0.0
  retaliationSlowRunSpeedDurationMin           0.0
  retaliationSlowRunSpeedDurationModifier      0.0
  retaliationSlowRunSpeedDurationModifierChance 0.0
  retaliationSlowRunSpeedGlobal                False
  retaliationSlowRunSpeedMax                   0.0
  retaliationSlowRunSpeedMin                   0.0
  retaliationSlowRunSpeedModifier              0.0
  retaliationSlowRunSpeedModifierChance        0.0
  retaliationSlowRunSpeedXOR                   False
  retaliationStunChance                        0.0
  retaliationStunGlobal                        False
  retaliationStunMax                           0.0
  retaliationStunMin                           0.0
  retaliationStunModifier                      0.0
  retaliationStunModifierChance                0.0
  retaliationStunXOR                           False
  skillActivatedSound                          'records/sounds/combatshared/spak_damage_freeze_freeze.dbr'
  skillActiveDuration                          12.0
  skillCooldownReduction                       0.0
  skillCooldownReductionModifier               0.0
  skillCooldownTime                            32.0
  skillManaCostReduction                       0.0
  skillManaCostReductionModifier               0.0
  skillMaxLevel                                60
  skillSpecialAnimationName                    'BuffQuick'
  templateName                                 'database/templates/skill_buffselfduration.tpl'
  unarmedOnly                                  False

==========================================================================================
=== records/skills/nonplayerskills/bossskills/primordian_passive.dbr  [database.arz] type=Skill_Passive
==========================================================================================
  Axe                                          False
  Class                                        'Skill_Passive'
  Mace                                         False
  Magical                                      False
  Shield                                       False
  Spear                                        False
  Staff                                        False
  Sword                                        False
  characterAttackSpeed                         0.0
  characterAttackSpeedModifier                 0.0
  characterBaseAttackSpeedTag                  'CharacterAttackSpeedAverage'
  characterDefensiveAbility                    0.0
  characterDefensiveAbilityModifier            0.0
  characterDexterity                           0.0
  characterDexterityModifier                   0.0
  characterIntelligence                        0.0
  characterIntelligenceModifier                0.0
  characterLife                                0.0
  characterLifeModifier                        0.0
  characterLifeRegen                           0.0
  characterLifeRegenModifier                   0.0
  characterMana                                0.0
  characterManaLimitReserve                    0.0
  characterManaLimitReserveModifier            0.0
  characterManaLimitReserveReduction           0.0
  characterManaLimitReserveReductionModifier   0.0
  characterManaModifier                        0.0
  characterManaRegen                           0.0
  characterManaRegenModifier                   0.0
  characterOffensiveAbility                    0.0
  characterOffensiveAbilityModifier            0.0
  characterRunSpeed                            0.0
  characterRunSpeedModifier                    0.0
  characterSpellCastSpeed                      0.0
  characterSpellCastSpeedModifier              0.0
  characterStrength                            0.0
  characterStrengthModifier                    0.0
  defensiveAbsorption                          0.0
  defensiveAbsorptionChance                    0.0
  defensiveAbsorptionModifier                  0.0
  defensiveAbsorptionModifierChance            0.0
  defensiveCold                                0.0
  defensiveColdChance                          0.0
  defensiveColdDuration                        0.0
  defensiveColdDurationChance                  0.0
  defensiveColdDurationModifier                0.0
  defensiveColdDurationModifierChance          0.0
  defensiveColdModifier                        0.0
  defensiveColdModifierChance                  0.0
  defensiveFireChance                          0.0
  defensiveFireDuration                        0.0
  defensiveFireDurationChance                  0.0
  defensiveFireDurationModifier                0.0
  defensiveFireDurationModifierChance          0.0
  defensiveFireModifier                        0.0
  defensiveFireModifierChance                  0.0
  defensiveLife                                0.0
  defensiveLifeChance                          0.0
  defensiveLifeDuration                        0.0
  defensiveLifeDurationChance                  0.0
  defensiveLifeDurationModifier                0.0
  defensiveLifeDurationModifierChance          0.0
  defensiveLifeModifier                        0.0
  defensiveLifeModifierChance                  0.0
  defensiveLightning                           0.0
  defensiveLightningChance                     0.0
  defensiveLightningDuration                   0.0
  defensiveLightningDurationChance             0.0
  defensiveLightningDurationModifier           0.0
  defensiveLightningDurationModifierChance     0.0
  defensiveLightningModifier                   0.0
  defensiveLightningModifierChance             0.0
  defensivePhysical                            0.0
  defensivePhysicalChance                      0.0
  defensivePhysicalDuration                    0.0
  defensivePhysicalDurationChance              0.0
  defensivePhysicalDurationChanceModifier      0.0
  defensivePhysicalDurationModifier            0.0
  defensivePhysicalModifier                    0.0
  defensivePhysicalModifierChance              0.0
  defensivePierce                              0.0
  defensivePierceChance                        0.0
  defensivePierceDuration                      0.0
  defensivePierceDurationChance                0.0
  defensivePierceDurationModifier              0.0
  defensivePierceDurationModifierChance        0.0
  defensivePierceModifier                      0.0
  defensivePierceModifierChance                0.0
  defensivePoison                              0.0
  defensivePoisonChance                        0.0
  defensivePoisonDuration                      0.0
  defensivePoisonDurationChance                0.0
  defensivePoisonDurationModifier              0.0
  defensivePoisonDurationModifierChance        0.0
  defensivePoisonModifier                      0.0
  defensivePoisonModifierChance                0.0
  defensiveProtection                          0.0
  defensiveProtectionChance                    0.0
  defensiveProtectionModifier                  0.0
  defensiveProtectionModifierChance            0.0
  defensiveSlowLifeLeach                       0.0
  defensiveSlowLifeLeachChance                 0.0
  defensiveSlowLifeLeachDuration               0.0
  defensiveSlowLifeLeachDurationChance         0.0
  defensiveSlowLifeLeachDurationModifier       0.0
  defensiveSlowLifeLeachDurationModifierChance 0.0
  defensiveSlowLifeLeachModifier               0.0
  defensiveSlowLifeLeachModifierChance         0.0
  defensiveSlowManaLeach                       0.0
  defensiveSlowManaLeachChance                 0.0
  defensiveSlowManaLeachDuration               0.0
  defensiveSlowManaLeachDurationChance         0.0
  defensiveSlowManaLeachDurationModifier       0.0
  defensiveSlowManaLeachDurationModifierChance 0.0
  defensiveSlowManaLeachModifier               0.0
  defensiveSlowManaLeachModifierChance         0.0
  defensiveStun                                0.0
  defensiveStunChance                          0.0
  defensiveStunModifier                        0.0
  defensiveStunModifierChance                  0.0
  defensiveTotalSpeedResistance                500.0
  defensiveTrap                                500.0
  dualWieldOnly                                False
  excludeRacialDamage                          False
  isPetDisplayable                             False
  offensiveColdChance                          0.0
  offensiveColdGlobal                          False
  offensiveColdMax                             [n=60] [11.0, 20.0, 28.0, 38.0, 46.0, 55.0, 65.0, 75.0, 85.0, 95.0, 105.0, 115.0, 125.0, 136.0, 146.0, 158.0, 169.0, 179.0, 190.0, 201.0, 212.0, 224.0, 235.0, 246.0, 258.0, 270.0, 281.0, 292.0, 305.0, 316.0, 329.0, 340.0, 352.0, 364.0, 376.0, 389.0, 400.0, 412.0, 425.0, 438.0, 450.0, 462.0, 475.0, 488.0, 500.0, 512.0, 525.0, 538.0, 550.0, 562.0, 576.0, 589.0, 601.0, 615.0, 628.0, 640.0, 654.0, 666.0, 679.0, 692.0]
  offensiveColdMin                             [n=60] [6.0, 9.0, 13.0, 16.0, 20.0, 24.0, 28.0, 32.0, 36.0, 40.0, 45.0, 48.0, 53.0, 58.0, 62.0, 67.0, 71.0, 76.0, 80.0, 85.0, 90.0, 94.0, 99.0, 104.0, 108.0, 113.0, 117.0, 123.0, 128.0, 132.0, 137.0, 143.0, 147.0, 152.0, 158.0, 162.0, 168.0, 172.0, 177.0, 183.0, 187.0, 193.0, 198.0, 204.0, 208.0, 214.0, 218.0, 224.0, 230.0, 235.0, 240.0, 245.0, 251.0, 256.0, 261.0, 267.0, 272.0, 277.0, 283.0, 289.0]
  offensiveColdModifier                        0.0
  offensiveColdModifierChance                  0.0
  offensiveColdXOR                             False
  offensiveConfusionChance                     0.0
  offensiveConfusionGlobal                     False
  offensiveConfusionMax                        0.0
  offensiveConfusionMin                        0.0
  offensiveConfusionXOR                        False
  offensiveConvertChance                       0.0
  offensiveConvertGlobal                       False
  offensiveConvertMax                          0.0
  offensiveConvertMin                          0.0
  offensiveConvertXOR                          False
  offensiveFearChance                          0.0
  offensiveFearGlobal                          False
  offensiveFearMax                             0.0
  offensiveFearMin                             0.0
  offensiveFearXOR                             False
  offensiveFireChance                          0.0
  offensiveFireGlobal                          False
  offensiveFireMax                             0.0
  offensiveFireMin                             0.0
  offensiveFireModifier                        0.0
  offensiveFireModifierChance                  0.0
  offensiveFireXOR                             False
  offensiveGlobalChance                        0.0
  offensiveLifeChance                          0.0
  offensiveLifeGlobal                          False
  offensiveLifeMax                             0.0
  offensiveLifeMin                             0.0
  offensiveLifeModifier                        0.0
  offensiveLifeModifierChance                  0.0
  offensiveLifeXOR                             False
  offensiveLightningChance                     0.0
  offensiveLightningGlobal                     False
  offensiveLightningMax                        0.0
  offensiveLightningMin                        0.0
  offensiveLightningModifier                   0.0
  offensiveLightningModifierChance             0.0
  offensiveLightningXOR                        False
  offensivePercentCurrentLifeChance            0.0
  offensivePercentCurrentLifeGlobal            False
  offensivePercentCurrentLifeMax               0.0
  offensivePercentCurrentLifeMin               0.0
  offensivePercentCurrentLifeXOR               False
  offensivePhysicalChance                      0.0
  offensivePhysicalGlobal                      False
  offensivePhysicalMax                         0.0
  offensivePhysicalMin                         0.0
  offensivePhysicalModifier                    0.0
  offensivePhysicalModifierChance              0.0
  offensivePhysicalXOR                         False
  offensivePierceChance                        0.0
  offensivePierceGlobal                        False
  offensivePierceMax                           0.0
  offensivePierceMin                           0.0
  offensivePierceModifier                      0.0
  offensivePierceModifierChance                0.0
  offensivePierceRatioChance                   0.0
  offensivePierceRatioGlobal                   False
  offensivePierceRatioMax                      0.0
  offensivePierceRatioModifier                 0.0
  offensivePierceRatioModifierChance           0.0
  offensivePierceRatioXOR                      False
  offensivePierceXOR                           False
  offensivePoisonChance                        0.0
  offensivePoisonGlobal                        False
  offensivePoisonMax                           0.0
  offensivePoisonMin                           0.0
  offensivePoisonModifier                      0.0
  offensivePoisonModifierChance                0.0
  offensivePoisonXOR                           False
  offensiveSlowAttackSpeedChance               0.0
  offensiveSlowAttackSpeedDurationMax          0.0
  offensiveSlowAttackSpeedDurationMin          0.0
  offensiveSlowAttackSpeedDurationModifier     0.0
  offensiveSlowAttackSpeedGlobal               False
  offensiveSlowAttackSpeedMax                  0.0
  offensiveSlowAttackSpeedMin                  0.0
  offensiveSlowAttackSpeedModifier             0.0
  offensiveSlowAttackSpeedModifierChance       0.0
  offensiveSlowAttackSpeedXOR                  False
  offensiveSlowBleedingChance                  0.0
  offensiveSlowBleedingDurationMax             0.0
  offensiveSlowBleedingDurationMin             0.0
  offensiveSlowBleedingDurationModifier        0.0
  offensiveSlowBleedingGlobal                  False
  offensiveSlowBleedingMax                     0.0
  offensiveSlowBleedingMin                     0.0
  offensiveSlowBleedingModifier                0.0
  offensiveSlowBleedingModifierChance          0.0
  offensiveSlowBleedingXOR                     False
  offensiveSlowColdChance                      0.0
  offensiveSlowColdDurationMax                 0.0
  offensiveSlowColdDurationMin                 0.0
  offensiveSlowColdDurationModifier            0.0
  offensiveSlowColdGlobal                      False
  offensiveSlowColdMax                         0.0
  offensiveSlowColdMin                         0.0
  offensiveSlowColdModifier                    0.0
  offensiveSlowColdModifierChance              0.0
  offensiveSlowColdXOR                         False
  offensiveSlowDefensiveAbilityChance          0.0
  offensiveSlowDefensiveAbilityDurationMax     0.0
  offensiveSlowDefensiveAbilityDurationMin     0.0
  offensiveSlowDefensiveAbilityDurationModifier 0.0
  offensiveSlowDefensiveAbilityGlobal          False
  offensiveSlowDefensiveAbilityMax             0.0
  offensiveSlowDefensiveAbilityMin             0.0
  offensiveSlowDefensiveAbilityModifier        0.0
  offensiveSlowDefensiveAbilityModifierChance  0.0
  offensiveSlowDefensiveAbilityXOR             False
  offensiveSlowDefensiveReductionChance        0.0
  offensiveSlowDefensiveReductionDurationMax   0.0
  offensiveSlowDefensiveReductionDurationMin   0.0
  offensiveSlowDefensiveReductionDurationModifier 0.0
  offensiveSlowDefensiveReductionGlobal        False
  offensiveSlowDefensiveReductionMax           0.0
  offensiveSlowDefensiveReductionMin           0.0
  offensiveSlowDefensiveReductionModifier      0.0
  offensiveSlowDefensiveReductionModifierChance 0.0
  offensiveSlowDefensiveReductionXOR           False
  offensiveSlowFireChance                      0.0
  offensiveSlowFireDurationMax                 0.0
  offensiveSlowFireDurationMin                 0.0
  offensiveSlowFireDurationModifier            0.0
  offensiveSlowFireGlobal                      False
  offensiveSlowFireMax                         0.0
  offensiveSlowFireMin                         0.0
  offensiveSlowFireModifier                    0.0
  offensiveSlowFireModifierChance              0.0
  offensiveSlowFireXOR                         False
  offensiveSlowLifeChance                      0.0
  offensiveSlowLifeDurationMax                 0.0
  offensiveSlowLifeDurationMin                 0.0
  offensiveSlowLifeDurationModifier            0.0
  offensiveSlowLifeGlobal                      False
  offensiveSlowLifeLeachChance                 0.0
  offensiveSlowLifeLeachDurationMax            0.0
  offensiveSlowLifeLeachDurationMin            0.0
  offensiveSlowLifeLeachDurationModifier       0.0
  offensiveSlowLifeLeachGlobal                 False
  offensiveSlowLifeLeachMax                    0.0
  offensiveSlowLifeLeachMin                    0.0
  offensiveSlowLifeLeachModifier               0.0
  offensiveSlowLifeLeachModifierChance         0.0
  offensiveSlowLifeLeachXOR                    False
  offensiveSlowLifeMax                         0.0
  offensiveSlowLifeMin                         0.0
  offensiveSlowLifeModifier                    0.0
  offensiveSlowLifeModifierChance              0.0
  offensiveSlowLifeXOR                         False
  offensiveSlowLightningChance                 0.0
  offensiveSlowLightningDurationMax            0.0
  offensiveSlowLightningDurationMin            0.0
  offensiveSlowLightningDurationModifier       0.0
  offensiveSlowLightningGlobal                 False
  offensiveSlowLightningMax                    0.0
  offensiveSlowLightningMin                    0.0
  offensiveSlowLightningModifier               0.0
  offensiveSlowLightningModifierChance         0.0
  offensiveSlowLightningXOR                    False
  offensiveSlowManaLeachChance                 0.0
  offensiveSlowManaLeachDurationMax            0.0
  offensiveSlowManaLeachDurationMin            0.0
  offensiveSlowManaLeachDurationModifier       0.0
  offensiveSlowManaLeachGlobal                 False
  offensiveSlowManaLeachMax                    0.0
  offensiveSlowManaLeachMin                    0.0
  offensiveSlowManaLeachModifier               0.0
  offensiveSlowManaLeachModifierChance         0.0
  offensiveSlowManaLeachXOR                    False
  offensiveSlowOffensiveAbilityChance          0.0
  offensiveSlowOffensiveAbilityDurationMax     0.0
  offensiveSlowOffensiveAbilityDurationMin     0.0
  offensiveSlowOffensiveAbilityDurationModifier 0.0
  offensiveSlowOffensiveAbilityGlobal          False
  offensiveSlowOffensiveAbilityMax             0.0
  offensiveSlowOffensiveAbilityMin             0.0
  offensiveSlowOffensiveAbilityModifier        0.0
  offensiveSlowOffensiveAbilityModifierChance  0.0
  offensiveSlowOffensiveAbilityXOR             False
  offensiveSlowOffensiveReductionChance        0.0
  offensiveSlowOffensiveReductionDurationMax   0.0
  offensiveSlowOffensiveReductionDurationMin   0.0
  offensiveSlowOffensiveReductionDurationModifier 0.0
  offensiveSlowOffensiveReductionGlobal        False
  offensiveSlowOffensiveReductionMax           0.0
  offensiveSlowOffensiveReductionMin           0.0
  offensiveSlowOffensiveReductionModifier      0.0
  offensiveSlowOffensiveReductionModifierChance 0.0
  offensiveSlowOffensiveReductionXOR           False
  offensiveSlowPhysicalChance                  0.0
  offensiveSlowPhysicalDurationMax             0.0
  offensiveSlowPhysicalDurationMin             0.0
  offensiveSlowPhysicalDurationModifier        0.0
  offensiveSlowPhysicalGlobal                  False
  offensiveSlowPhysicalMax                     0.0
  offensiveSlowPhysicalMin                     0.0
  offensiveSlowPhysicalModifier                0.0
  offensiveSlowPhysicalModifierChance          0.0
  offensiveSlowPhysicalXOR                     False
  offensiveSlowPoisonDurationMax               0.0
  offensiveSlowPoisonDurationMin               0.0
  offensiveSlowPoisonDurationModifier          0.0
  offensiveSlowPoisonGlobal                    False
  offensiveSlowPoisonMax                       0.0
  offensiveSlowPoisonMin                       0.0
  offensiveSlowPoisonModifier                  0.0
  offensiveSlowPoisonModifierChance            0.0
  offensiveSlowPoisonXOR                       False
  offensiveSlowRunSpeedChance                  0.0
  offensiveSlowRunSpeedDurationMax             0.0
  offensiveSlowRunSpeedDurationMin             0.0
  offensiveSlowRunSpeedDurationModifier        0.0
  offensiveSlowRunSpeedGlobal                  False
  offensiveSlowRunSpeedMax                     0.0
  offensiveSlowRunSpeedMin                     0.0
  offensiveSlowRunSpeedModifier                0.0
  offensiveSlowRunSpeedModifierChance          0.0
  offensiveSlowRunSpeedXOR                     False
  offensiveStunChance                          0.0
  offensiveStunGlobal                          False
  offensiveStunMax                             0.0
  offensiveStunMin                             0.0
  offensiveStunModifier                        0.0
  offensiveStunModifierChance                  0.0
  offensiveStunXOR                             False
  offensiveTauntChance                         0.0
  offensiveTauntGlobal                         False
  offensiveTauntMax                            0.0
  offensiveTauntMin                            0.0
  offensiveTauntXOR                            False
  retaliationColdChance                        0.0
  retaliationColdGlobal                        False
  retaliationColdMax                           0.0
  retaliationColdMin                           0.0
  retaliationColdModifier                      0.0
  retaliationColdModifierChance                0.0
  retaliationColdXOR                           False
  retaliationFireChance                        0.0
  retaliationFireGlobal                        False
  retaliationFireMax                           0.0
  retaliationFireMin                           0.0
  retaliationFireModifier                      0.0
  retaliationFireModifierChance                0.0
  retaliationFireXOR                           False
  retaliationGlobalChance                      0.0
  retaliationLifeChance                        0.0
  retaliationLifeGlobal                        False
  retaliationLifeMax                           0.0
  retaliationLifeMin                           0.0
  retaliationLifeModifier                      0.0
  retaliationLifeModifierChance                0.0
  retaliationLifeXOR                           False
  retaliationLightningChance                   0.0
  retaliationLightningGlobal                   False
  retaliationLightningMax                      0.0
  retaliationLightningMin                      0.0
  retaliationLightningModifier                 0.0
  retaliationLightningModifierChance           0.0
  retaliationLightningXOR                      False
  retaliationPercentCurrentLifeChance          0.0
  retaliationPercentCurrentLifeMax             0.0
  retaliationPercentCurrentLifeMin             0.0
  retaliationPercentCurrentLifeXOR             False
  retaliationPercentcurrentLifeGlobal          False
  retaliationPhysicalChance                    0.0
  retaliationPhysicalGlobal                    False
  retaliationPhysicalMax                       0.0
  retaliationPhysicalMin                       0.0
  retaliationPhysicalModifier                  0.0
  retaliationPhysicalModifierChance            0.0
  retaliationPhysicalXOR                       False
  retaliationPierceChance                      0.0
  retaliationPierceGlobal                      False
  retaliationPierceMax                         0.0
  retaliationPierceMin                         0.0
  retaliationPierceModifier                    0.0
  retaliationPierceModifierChance              0.0
  retaliationPierceRatioChance                 0.0
  retaliationPierceRatioGlobal                 False
  retaliationPierceRatioMax                    0.0
  retaliationPierceRatioMin                    0.0
  retaliationPierceRatioModifier               0.0
  retaliationPierceRatioModifierChance         0.0
  retaliationPierceRatioXOR                    False
  retaliationPierceXOR                         False
  retaliationPoisonChance                      0.0
  retaliationPoisonGlobal                      False
  retaliationPoisonMax                         0.0
  retaliationPoisonMin                         0.0
  retaliationPoisonModifier                    0.0
  retaliationPoisonModifierChance              0.0
  retaliationPoisonXOR                         False
  retaliationSlowAttackSpeedChance             0.0
  retaliationSlowAttackSpeedDurationMax        0.0
  retaliationSlowAttackSpeedDurationMin        0.0
  retaliationSlowAttackSpeedDurationModifier   0.0
  retaliationSlowAttackSpeedDurationModifierChance 0.0
  retaliationSlowAttackSpeedGlobal             False
  retaliationSlowAttackSpeedMax                0.0
  retaliationSlowAttackSpeedMin                0.0
  retaliationSlowAttackSpeedModifier           0.0
  retaliationSlowAttackSpeedModifierChance     0.0
  retaliationSlowAttackSpeedXOR                False
  retaliationSlowBleedingChance                0.0
  retaliationSlowBleedingDurationMax           0.0
  retaliationSlowBleedingDurationMin           0.0
  retaliationSlowBleedingDurationModifier      0.0
  retaliationSlowBleedingDurationModifierChance 0.0
  retaliationSlowBleedingGlobal                False
  retaliationSlowBleedingMax                   0.0
  retaliationSlowBleedingMin                   0.0
  retaliationSlowBleedingModifier              0.0
  retaliationSlowBleedingModifierChance        0.0
  retaliationSlowBleedingXOR                   False
  retaliationSlowColdChance                    0.0
  retaliationSlowColdDurationMax               0.0
  retaliationSlowColdDurationMin               0.0
  retaliationSlowColdDurationModifier          0.0
  retaliationSlowColdDurationModifierChance    0.0
  retaliationSlowColdGlobal                    False
  retaliationSlowColdMax                       0.0
  retaliationSlowColdMin                       0.0
  retaliationSlowColdModifier                  0.0
  retaliationSlowColdModifierChance            0.0
  retaliationSlowColdXOR                       False
  retaliationSlowDefensiveAbilityChance        0.0
  retaliationSlowDefensiveAbilityDurationMax   0.0
  retaliationSlowDefensiveAbilityDurationMin   0.0
  retaliationSlowDefensiveAbilityDurationModifier 0.0
  retaliationSlowDefensiveAbilityDurationModifierChance 0.0
  retaliationSlowDefensiveAbilityGlobal        False
  retaliationSlowDefensiveAbilityMax           0.0
  retaliationSlowDefensiveAbilityMin           0.0
  retaliationSlowDefensiveAbilityModifier      0.0
  retaliationSlowDefensiveAbilityModifierChance 0.0
  retaliationSlowDefensiveAbilityXOR           False
  retaliationSlowFireChance                    0.0
  retaliationSlowFireDurationMax               0.0
  retaliationSlowFireDurationMin               0.0
  retaliationSlowFireDurationModifier          0.0
  retaliationSlowFireDurationModifierChance    0.0
  retaliationSlowFireGlobal                    False
  retaliationSlowFireMax                       0.0
  retaliationSlowFireMin                       0.0
  retaliationSlowFireModifier                  0.0
  retaliationSlowFireModifierChance            0.0
  retaliationSlowFireXOR                       False
  retaliationSlowLifeChance                    0.0
  retaliationSlowLifeDurationMax               0.0
  retaliationSlowLifeDurationMin               0.0
  retaliationSlowLifeDurationModifier          0.0
  retaliationSlowLifeDurationModifierChance    0.0
  retaliationSlowLifeGlobal                    False
  retaliationSlowLifeLeachChance               0.0
  retaliationSlowLifeLeachDurationMax          0.0
  retaliationSlowLifeLeachDurationMin          0.0
  retaliationSlowLifeLeachDurationModifier     0.0
  retaliationSlowLifeLeachDurationModifierChance 0.0
  retaliationSlowLifeLeachGlobal               False
  retaliationSlowLifeLeachMax                  0.0
  retaliationSlowLifeLeachMin                  0.0
  retaliationSlowLifeLeachModifier             0.0
  retaliationSlowLifeLeachModifierChance       0.0
  retaliationSlowLifeLeachXOR                  False
  retaliationSlowLifeMax                       0.0
  retaliationSlowLifeMin                       0.0
  retaliationSlowLifeModifier                  0.0
  retaliationSlowLifeModifierChance            0.0
  retaliationSlowLifeXOR                       False
  retaliationSlowLightningChance               0.0
  retaliationSlowLightningDurationMax          0.0
  retaliationSlowLightningDurationMin          0.0
  retaliationSlowLightningDurationModifier     0.0
  retaliationSlowLightningDurationModifierChance 0.0
  retaliationSlowLightningGlobal               False
  retaliationSlowLightningMax                  0.0
  retaliationSlowLightningMin                  0.0
  retaliationSlowLightningModifier             0.0
  retaliationSlowLightningModifierChance       0.0
  retaliationSlowLightningXOR                  False
  retaliationSlowManaLeachChance               0.0
  retaliationSlowManaLeachDurationMax          0.0
  retaliationSlowManaLeachDurationMin          0.0
  retaliationSlowManaLeachDurationModifier     0.0
  retaliationSlowManaLeachDurationModifierChance 0.0
  retaliationSlowManaLeachGlobal               False
  retaliationSlowManaLeachMax                  0.0
  retaliationSlowManaLeachMin                  0.0
  retaliationSlowManaLeachModifier             0.0
  retaliationSlowManaLeachModifierChance       0.0
  retaliationSlowManaLeachXOR                  False
  retaliationSlowOffensiveAbilityChance        0.0
  retaliationSlowOffensiveAbilityDurationMax   0.0
  retaliationSlowOffensiveAbilityDurationMin   0.0
  retaliationSlowOffensiveAbilityDurationModifier 0.0
  retaliationSlowOffensiveAbilityDurationModifierChance 0.0
  retaliationSlowOffensiveAbilityGlobal        False
  retaliationSlowOffensiveAbilityMax           0.0
  retaliationSlowOffensiveAbilityMin           0.0
  retaliationSlowOffensiveAbilityModifier      0.0
  retaliationSlowOffensiveAbilityModifierChance 0.0
  retaliationSlowOffensiveAbilityXOR           False
  retaliationSlowOffensiveReductionChance      0.0
  retaliationSlowOffensiveReductionDurationMax 0.0
  retaliationSlowOffensiveReductionDurationMin 0.0
  retaliationSlowOffensiveReductionDurationModifier 0.0
  retaliationSlowOffensiveReductionDurationModifierChance 0.0
  retaliationSlowOffensiveReductionGlobal      False
  retaliationSlowOffensiveReductionMax         0.0
  retaliationSlowOffensiveReductionMin         0.0
  retaliationSlowOffensiveReductionModifier    0.0
  retaliationSlowOffensiveReductionModifierChance 0.0
  retaliationSlowOffensiveReductionXOR         False
  retaliationSlowPhysicalChance                0.0
  retaliationSlowPhysicalDurationMax           0.0
  retaliationSlowPhysicalDurationMin           0.0
  retaliationSlowPhysicalDurationModifier      0.0
  retaliationSlowPhysicalDurationModifierChance 0.0
  retaliationSlowPhysicalGlobal                False
  retaliationSlowPhysicalMax                   0.0
  retaliationSlowPhysicalMin                   0.0
  retaliationSlowPhysicalModifier              0.0
  retaliationSlowPhysicalModifierChance        0.0
  retaliationSlowPhysicalXOR                   False
  retaliationSlowPoisonChance                  0.0
  retaliationSlowPoisonDurationMax             0.0
  retaliationSlowPoisonDurationMin             0.0
  retaliationSlowPoisonDurationModifier        0.0
  retaliationSlowPoisonDurationModifierChance  0.0
  retaliationSlowPoisonGlobal                  False
  retaliationSlowPoisonMax                     0.0
  retaliationSlowPoisonMin                     0.0
  retaliationSlowPoisonModifier                0.0
  retaliationSlowPoisonModifierChance          0.0
  retaliationSlowPoisonXOR                     False
  retaliationSlowRunSpeedChance                0.0
  retaliationSlowRunSpeedDurationMax           0.0
  retaliationSlowRunSpeedDurationMin           0.0
  retaliationSlowRunSpeedDurationModifier      0.0
  retaliationSlowRunSpeedDurationModifierChance 0.0
  retaliationSlowRunSpeedGlobal                False
  retaliationSlowRunSpeedMax                   0.0
  retaliationSlowRunSpeedMin                   0.0
  retaliationSlowRunSpeedModifier              0.0
  retaliationSlowRunSpeedModifierChance        0.0
  retaliationSlowRunSpeedXOR                   False
  retaliationStunChance                        0.0
  retaliationStunGlobal                        False
  retaliationStunMax                           0.0
  retaliationStunMin                           0.0
  retaliationStunModifier                      0.0
  retaliationStunModifierChance                0.0
  retaliationStunXOR                           False
  skillCooldownReduction                       0.0
  skillCooldownReductionModifier               0.0
  skillManaCostReduction                       0.0
  skillManaCostReductionModifier               0.0
  skillMaxLevel                                60
  templateName                                 'database/templates/skill_passive.tpl'

==========================================================================================
=== records/skills/nonplayerskills/bossskills/primordian_arcticblast.dbr  [database.arz] type=Skill_AttackProjectileAreaEffect
==========================================================================================
  Axe                                          False
  Class                                        'Skill_AttackProjectileAreaEffect'
  FileDescription                              'Fires an exploding ice projectile that freezes'
  Mace                                         False
  Magical                                      False
  Ranged1h                                     False
  Ranged2h                                     False
  Shield                                       False
  Spear                                        False
  Staff                                        False
  Sword                                        False
  cameraShakeAmplitude                         0.11999999731779099
  distanceProfile                              'Long'
  dualWieldOnly                                False
  excludeRacialDamage                          False
  isPetDisplayable                             False
  offensiveColdChance                          0.0
  offensiveColdGlobal                          False
  offensiveColdMax                             [n=60] [73.0, 115.0, 159.0, 203.0, 246.0, 292.0, 338.0, 386.0, 431.0, 480.0, 529.0, 576.0, 627.0, 676.0, 725.0, 775.0, 826.0, 877.0, 926.0, 978.0, 1030.0, 1081.0, 1136.0, 1187.0, 1240.0, 1292.0, 1345.0, 1399.0, 1451.0, 1507.0, 1560.0, 1614.0, 1668.0, 1723.0, 1777.0, 1832.0, 1888.0, 1942.0, 1997.0, 2054.0, 2108.0, 2165.0, 2219.0, 2278.0, 2333.0, 2389.0, 2447.0, 2502.0, 2560.0, 2618.0, 2672.0, 2731.0, 2789.0, 2846.0, 2903.0, 2961.0, 3020.0, 3076.0, 3134.0, 3193.0]
  offensiveColdMin                             [n=60] [58.0, 93.0, 129.0, 165.0, 201.0, 238.0, 276.0, 315.0, 352.0, 392.0, 432.0, 471.0, 512.0, 552.0, 592.0, 633.0, 674.0, 716.0, 756.0, 798.0, 840.0, 882.0, 926.0, 968.0, 1011.0, 1053.0, 1096.0, 1140.0, 1182.0, 1227.0, 1270.0, 1314.0, 1358.0, 1402.0, 1446.0, 1491.0, 1536.0, 1580.0, 1624.0, 1670.0, 1714.0, 1760.0, 1804.0, 1851.0, 1896.0, 1941.0, 1988.0, 2032.0, 2079.0, 2126.0, 2170.0, 2217.0, 2264.0, 2310.0, 2356.0, 2403.0, 2450.0, 2496.0, 2542.0, 2590.0]
  offensiveColdModifier                        0.0
  offensiveColdModifierChance                  0.0
  offensiveColdXOR                             False
  offensiveConfusionChance                     0.0
  offensiveConfusionGlobal                     False
  offensiveConfusionMax                        0.0
  offensiveConfusionMin                        0.0
  offensiveConfusionXOR                        False
  offensiveConvertChance                       0.0
  offensiveConvertGlobal                       False
  offensiveConvertMax                          0.0
  offensiveConvertMin                          0.0
  offensiveConvertXOR                          False
  offensiveFearChance                          0.0
  offensiveFearGlobal                          False
  offensiveFearMax                             0.0
  offensiveFearMin                             0.0
  offensiveFearXOR                             False
  offensiveFireChance                          0.0
  offensiveFireGlobal                          False
  offensiveFireMax                             0.0
  offensiveFireMin                             0.0
  offensiveFireModifier                        0.0
  offensiveFireModifierChance                  0.0
  offensiveFireXOR                             False
  offensiveFreezeMax                           [n=60] [2.0, 2.0999999046325684, 2.0999999046325684, 2.0999999046325684, 2.200000047683716, 2.200000047683716, 2.200000047683716, 2.200000047683716, 2.299999952316284, 2.299999952316284, 2.299999952316284, 2.4000000953674316, 2.4000000953674316, 2.4000000953674316, 2.5, 2.5, 2.5, 2.5, 2.5999999046325684, 2.5999999046325684, 2.5999999046325684, 2.700000047683716, 2.700000047683716, 2.700000047683716, 2.799999952316284, 2.799999952316284, 2.799999952316284, 2.799999952316284, 2.9000000953674316, 2.9000000953674316, 2.9000000953674316, 3.0, 3.0, 3.0, 3.0, 3.0999999046325684, 3.0999999046325684, 3.0999999046325684, 3.200000047683716, 3.200000047683716, 3.200000047683716, 3.299999952316284, 3.299999952316284, 3.299999952316284, 3.299999952316284, 3.4000000953674316, 3.4000000953674316, 3.4000000953674316, 3.5, 3.5, 3.5, 3.5999999046325684, 3.5999999046325684, 3.5999999046325684, 3.700000047683716, 3.700000047683716, 3.700000047683716, 3.700000047683716, 3.799999952316284, 3.799999952316284]
  offensiveFreezeMin                           [n=60] [1.5, 1.5, 1.600000023841858, 1.600000023841858, 1.600000023841858, 1.600000023841858, 1.600000023841858, 1.7000000476837158, 1.7000000476837158, 1.7000000476837158, 1.7000000476837158, 1.7000000476837158, 1.7999999523162842, 1.7999999523162842, 1.7999999523162842, 1.7999999523162842, 1.7999999523162842, 1.899999976158142, 1.899999976158142, 1.899999976158142, 1.899999976158142, 1.899999976158142, 2.0, 2.0, 2.0, 2.0, 2.0, 2.0999999046325684, 2.0999999046325684, 2.0999999046325684, 2.0999999046325684, 2.0999999046325684, 2.200000047683716, 2.200000047683716, 2.200000047683716, 2.200000047683716, 2.200000047683716, 2.299999952316284, 2.299999952316284, 2.299999952316284, 2.299999952316284, 2.299999952316284, 2.4000000953674316, 2.4000000953674316, 2.4000000953674316, 2.4000000953674316, 2.4000000953674316, 2.5, 2.5, 2.5, 2.5, 2.5, 2.5999999046325684, 2.5999999046325684, 2.5999999046325684, 2.5999999046325684, 2.5999999046325684, 2.700000047683716, 2.700000047683716, 2.700000047683716]
  offensiveGlobalChance                        0.0
  offensiveLifeChance                          0.0
  offensiveLifeGlobal                          False
  offensiveLifeMax                             0.0
  offensiveLifeMin                             0.0
  offensiveLifeModifier                        0.0
  offensiveLifeModifierChance                  0.0
  offensiveLifeXOR                             False
  offensiveLightningChance                     0.0
  offensiveLightningGlobal                     False
  offensiveLightningMax                        0.0
  offensiveLightningMin                        0.0
  offensiveLightningModifier                   0.0
  offensiveLightningModifierChance             0.0
  offensiveLightningXOR                        False
  offensivePercentCurrentLifeChance            0.0
  offensivePercentCurrentLifeGlobal            False
  offensivePercentCurrentLifeMax               0.0
  offensivePercentCurrentLifeMin               0.0
  offensivePercentCurrentLifeXOR               False
  offensivePhysicalChance                      0.0
  offensivePhysicalGlobal                      False
  offensivePhysicalMin                         [n=60] [27.0, 47.0, 68.0, 92.0, 115.0, 140.0, 165.0, 191.0, 217.0, 245.0, 272.0, 300.0, 328.0, 356.0, 384.0, 414.0, 445.0, 474.0, 504.0, 536.0, 565.0, 596.0, 627.0, 660.0, 691.0, 723.0, 755.0, 788.0, 820.0, 853.0, 887.0, 919.0, 953.0, 986.0, 1021.0, 1055.0, 1088.0, 1122.0, 1157.0, 1192.0, 1227.0, 1262.0, 1296.0, 1332.0, 1367.0, 1402.0, 1437.0, 1473.0, 1509.0, 1545.0, 1582.0, 1618.0, 1654.0, 1691.0, 1727.0, 1764.0, 1801.0, 1838.0, 1876.0, 1912.0]
  offensivePhysicalModifier                    0.0
  offensivePhysicalModifierChance              0.0
  offensivePhysicalXOR                         False
  offensivePierceChance                        0.0
  offensivePierceGlobal                        False
  offensivePierceMax                           0.0
  offensivePierceMin                           0.0
  offensivePierceModifier                      0.0
  offensivePierceModifierChance                0.0
  offensivePierceRatioChance                   0.0
  offensivePierceRatioGlobal                   False
  offensivePierceRatioMax                      0.0
  offensivePierceRatioMin                      0.0
  offensivePierceRatioModifier                 0.0
  offensivePierceRatioModifierChance           0.0
  offensivePierceRatioXOR                      False
  offensivePierceXOR                           False
  offensivePoisonChance                        0.0
  offensivePoisonGlobal                        False
  offensivePoisonMax                           0.0
  offensivePoisonMin                           0.0
  offensivePoisonModifier                      0.0
  offensivePoisonModifierChance                0.0
  offensivePoisonXOR                           False
  offensiveSlowAttackSpeedChance               0.0
  offensiveSlowAttackSpeedDurationMax          0.0
  offensiveSlowAttackSpeedDurationMin          0.0
  offensiveSlowAttackSpeedDurationModifier     0.0
  offensiveSlowAttackSpeedGlobal               False
  offensiveSlowAttackSpeedMax                  0.0
  offensiveSlowAttackSpeedMin                  0.0
  offensiveSlowAttackSpeedModifier             0.0
  offensiveSlowAttackSpeedModifierChance       0.0
  offensiveSlowAttackSpeedXOR                  False
  offensiveSlowBleedingChance                  0.0
  offensiveSlowBleedingDurationMax             0.0
  offensiveSlowBleedingDurationMin             0.0
  offensiveSlowBleedingDurationModifier        0.0
  offensiveSlowBleedingGlobal                  False
  offensiveSlowBleedingMax                     0.0
  offensiveSlowBleedingMin                     0.0
  offensiveSlowBleedingModifier                0.0
  offensiveSlowBleedingModifierChance          0.0
  offensiveSlowBleedingXOR                     False
  offensiveSlowColdChance                      0.0
  offensiveSlowColdDurationMax                 0.0
  offensiveSlowColdDurationMin                 0.0
  offensiveSlowColdDurationModifier            0.0
  offensiveSlowColdGlobal                      False
  offensiveSlowColdMax                         0.0
  offensiveSlowColdMin                         0.0
  offensiveSlowColdModifier                    0.0
  offensiveSlowColdModifierChance              0.0
  offensiveSlowColdXOR                         False
  offensiveSlowDefensiveAbilityChance          0.0
  offensiveSlowDefensiveAbilityDurationMax     0.0
  offensiveSlowDefensiveAbilityDurationMin     0.0
  offensiveSlowDefensiveAbilityDurationModifier 0.0
  offensiveSlowDefensiveAbilityGlobal          False
  offensiveSlowDefensiveAbilityMax             0.0
  offensiveSlowDefensiveAbilityMin             0.0
  offensiveSlowDefensiveAbilityModifier        0.0
  offensiveSlowDefensiveAbilityModifierChance  0.0
  offensiveSlowDefensiveAbilityXOR             False
  offensiveSlowDefensiveReductionChance        0.0
  offensiveSlowDefensiveReductionDurationMax   0.0
  offensiveSlowDefensiveReductionDurationMin   0.0
  offensiveSlowDefensiveReductionDurationModifier 0.0
  offensiveSlowDefensiveReductionGlobal        False
  offensiveSlowDefensiveReductionMax           0.0
  offensiveSlowDefensiveReductionMin           0.0
  offensiveSlowDefensiveReductionModifier      0.0
  offensiveSlowDefensiveReductionModifierChance 0.0
  offensiveSlowDefensiveReductionXOR           False
  offensiveSlowFireChance                      0.0
  offensiveSlowFireDurationMax                 0.0
  offensiveSlowFireDurationMin                 0.0
  offensiveSlowFireDurationModifier            0.0
  offensiveSlowFireGlobal                      False
  offensiveSlowFireMax                         0.0
  offensiveSlowFireMin                         0.0
  offensiveSlowFireModifier                    0.0
  offensiveSlowFireModifierChance              0.0
  offensiveSlowFireXOR                         False
  offensiveSlowLifeChance                      0.0
  offensiveSlowLifeDurationMax                 0.0
  offensiveSlowLifeDurationMin                 0.0
  offensiveSlowLifeDurationModifier            0.0
  offensiveSlowLifeGlobal                      False
  offensiveSlowLifeLeachChance                 0.0
  offensiveSlowLifeLeachDurationMax            0.0
  offensiveSlowLifeLeachDurationMin            0.0
  offensiveSlowLifeLeachDurationModifier       0.0
  offensiveSlowLifeLeachGlobal                 False
  offensiveSlowLifeLeachMax                    0.0
  offensiveSlowLifeLeachMin                    0.0
  offensiveSlowLifeLeachModifier               0.0
  offensiveSlowLifeLeachModifierChance         0.0
  offensiveSlowLifeLeachXOR                    False
  offensiveSlowLifeMax                         0.0
  offensiveSlowLifeMin                         0.0
  offensiveSlowLifeModifier                    0.0
  offensiveSlowLifeModifierChance              0.0
  offensiveSlowLifeXOR                         False
  offensiveSlowLightningChance                 0.0
  offensiveSlowLightningDurationMax            0.0
  offensiveSlowLightningDurationMin            0.0
  offensiveSlowLightningDurationModifier       0.0
  offensiveSlowLightningGlobal                 False
  offensiveSlowLightningMax                    0.0
  offensiveSlowLightningMin                    0.0
  offensiveSlowLightningModifier               0.0
  offensiveSlowLightningModifierChance         0.0
  offensiveSlowLightningXOR                    False
  offensiveSlowManaLeachChance                 0.0
  offensiveSlowManaLeachDurationMax            0.0
  offensiveSlowManaLeachDurationMin            0.0
  offensiveSlowManaLeachDurationModifier       0.0
  offensiveSlowManaLeachGlobal                 False
  offensiveSlowManaLeachMax                    0.0
  offensiveSlowManaLeachMin                    0.0
  offensiveSlowManaLeachModifier               0.0
  offensiveSlowManaLeachModifierChance         0.0
  offensiveSlowManaLeachXOR                    False
  offensiveSlowOffensiveAbilityChance          0.0
  offensiveSlowOffensiveAbilityDurationMax     0.0
  offensiveSlowOffensiveAbilityDurationMin     0.0
  offensiveSlowOffensiveAbilityDurationModifier 0.0
  offensiveSlowOffensiveAbilityGlobal          False
  offensiveSlowOffensiveAbilityMax             0.0
  offensiveSlowOffensiveAbilityMin             0.0
  offensiveSlowOffensiveAbilityModifier        0.0
  offensiveSlowOffensiveAbilityModifierChance  0.0
  offensiveSlowOffensiveAbilityXOR             False
  offensiveSlowOffensiveReductionChance        0.0
  offensiveSlowOffensiveReductionDurationMax   0.0
  offensiveSlowOffensiveReductionDurationMin   0.0
  offensiveSlowOffensiveReductionDurationModifier 0.0
  offensiveSlowOffensiveReductionGlobal        False
  offensiveSlowOffensiveReductionMax           0.0
  offensiveSlowOffensiveReductionMin           0.0
  offensiveSlowOffensiveReductionModifier      0.0
  offensiveSlowOffensiveReductionModifierChance 0.0
  offensiveSlowOffensiveReductionXOR           False
  offensiveSlowPhysicalChance                  0.0
  offensiveSlowPhysicalDurationMax             0.0
  offensiveSlowPhysicalDurationMin             0.0
  offensiveSlowPhysicalDurationModifier        0.0
  offensiveSlowPhysicalGlobal                  False
  offensiveSlowPhysicalMax                     0.0
  offensiveSlowPhysicalMin                     0.0
  offensiveSlowPhysicalModifier                0.0
  offensiveSlowPhysicalModifierChance          0.0
  offensiveSlowPhysicalXOR                     False
  offensiveSlowPoisonChance                    0.0
  offensiveSlowPoisonDurationMax               0.0
  offensiveSlowPoisonDurationMin               0.0
  offensiveSlowPoisonDurationModifier          0.0
  offensiveSlowPoisonGlobal                    False
  offensiveSlowPoisonMax                       0.0
  offensiveSlowPoisonMin                       0.0
  offensiveSlowPoisonModifier                  0.0
  offensiveSlowPoisonModifierChance            0.0
  offensiveSlowPoisonXOR                       False
  offensiveSlowRunSpeedChance                  0.0
  offensiveSlowRunSpeedDurationMax             0.0
  offensiveSlowRunSpeedDurationMin             0.0
  offensiveSlowRunSpeedDurationModifier        0.0
  offensiveSlowRunSpeedGlobal                  False
  offensiveSlowRunSpeedMax                     0.0
  offensiveSlowRunSpeedMin                     0.0
  offensiveSlowRunSpeedModifier                0.0
  offensiveSlowRunSpeedModifierChance          0.0
  offensiveSlowRunSpeedXOR                     False
  offensiveStunChance                          0.0
  offensiveStunGlobal                          False
  offensiveStunMax                             0.0
  offensiveStunMin                             0.0
  offensiveStunModifier                        0.0
  offensiveStunModifierChance                  0.0
  offensiveStunXOR                             False
  offensiveTauntChance                         0.0
  offensiveTauntGlobal                         False
  offensiveTauntMax                            0.0
  offensiveTauntMin                            0.0
  offensiveTauntXOR                            False
  projectileExplosionRadius                    2.0
  projectileUsesAllDamage                      False
  skillCooldownReduction                       0.0
  skillCooldownReductionModifier               0.0
  skillManaCost                                [n=60] [24.0, 26.0, 28.0, 30.0, 32.0, 34.0, 36.0, 38.0, 40.0, 42.0, 44.0, 46.0, 48.0, 50.0, 52.0, 54.0, 56.0, 58.0, 60.0, 62.0, 64.0, 66.0, 68.0, 70.0, 72.0, 74.0, 76.0, 78.0, 80.0, 82.0, 84.0, 86.0, 88.0, 90.0, 92.0, 94.0, 96.0, 98.0, 100.0, 102.0, 104.0, 106.0, 108.0, 110.0, 112.0, 114.0, 116.0, 118.0, 120.0, 122.0, 124.0, 126.0, 128.0, 130.0, 132.0, 134.0, 136.0, 138.0, 140.0, 142.0]
  skillManaCostReduction                       0.0
  skillManaCostReductionModifier               0.0
  skillMaxLevel                                60
  skillProjectileName                          'records/fx/skillsother/projectile/icebolt_fxprojectile.dbr'
  skillSpecialAnimationName                    'Throw'
  skillSwipeSound                              'records/sounds/human/vocals/spak_malevocalthrow.dbr'
  templateName                                 'database/templates/skill_attackprojectileareaeffect.tpl'

==========================================================================================
=== records/skills/nonplayerskills/heroskills/chillbane_blizzard.dbr  [database.arz] type=Skill_BuffAttackRadiusDrop
==========================================================================================
  Axe                                          False
  Class                                        'Skill_BuffAttackRadiusDrop'
  FileDescription                              'ice projectiles from air doing cold and slow'
  Mace                                         False
  Magical                                      False
  Shield                                       False
  Spear                                        False
  Staff                                        False
  Sword                                        False
  aetherDamageQualifier                        False
  bleedingDamageQualifier                      False
  cameraShakeAmplitude                         0.11999999731779099
  chaosDamageQualifier                         False
  charBuffFxType                               'None;Fire;Poison;'
  characterAttackSpeed                         0.0
  characterAttackSpeedModifier                 0.0
  characterBaseAttackSpeedTag                  'CharacterAttackSpeedAverage'
  characterConstitution                        0.0
  characterConstitutionModifier                0.0
  characterDefensiveAbility                    0.0
  characterDefensiveAbilityModifier            0.0
  characterDexterity                           0.0
  characterDexterityModifier                   0.0
  characterIntelligence                        0.0
  characterIntelligenceModifier                0.0
  characterLife                                0.0
  characterLifeModifier                        0.0
  characterLifeRegen                           0.0
  characterLifeRegenModifier                   0.0
  characterLightRadius                         0.0
  characterMana                                0.0
  characterManaLimitReserve                    0.0
  characterManaLimitReserveModifier            0.0
  characterManaLimitReserveReduction           0.0
  characterManaLimitReserveReductionModifier   0.0
  characterManaModifier                        0.0
  characterManaRegen                           0.0
  characterManaRegenModifier                   0.0
  characterOffensiveAbility                    0.0
  characterOffensiveAbilityModifier            0.0
  characterRunSpeed                            0.0
  characterRunSpeedJitter                      0.0
  characterRunSpeedModifier                    0.0
  characterSpellCastSpeed                      0.0
  characterSpellCastSpeedModifier              0.0
  characterStrength                            0.0
  characterStrengthModifier                    0.0
  coldDamageQualifier                          False
  conversionInType                             'Physical;Pierce;Elemental;Cold;Fire;Poison;Lightning;Life;Chaos;Aether;Stun'
  conversionOutType                            'Physical;Pierce;Elemental;Cold;Fire;Poison;Lightning;Life;Chaos;Aether;Stun'
  defensiveAbsorption                          0.0
  defensiveAbsorptionChance                    0.0
  defensiveAbsorptionModifier                  0.0
  defensiveAbsorptionModifierChance            0.0
  defensiveAether                              0.0
  defensiveAetherChance                        0.0
  defensiveAetherDuration                      0.0
  defensiveAetherDurationChance                0.0
  defensiveAetherDurationModifier              0.0
  defensiveAetherDurationModifierChance        0.0
  defensiveAetherMaxResist                     0.0
  defensiveAetherModifier                      0.0
  defensiveAetherModifierChance                0.0
  defensiveAllMaxResist                        0.0
  defensiveBonusProtection                     0.0
  defensiveChaos                               0.0
  defensiveChaosChance                         0.0
  defensiveChaosDuration                       0.0
  defensiveChaosDurationChance                 0.0
  defensiveChaosDurationModifier               0.0
  defensiveChaosDurationModifierChance         0.0
  defensiveChaosMaxResist                      0.0
  defensiveChaosModifier                       0.0
  defensiveChaosModifierChance                 0.0
  defensiveCold                                0.0
  defensiveColdChance                          0.0
  defensiveColdDuration                        0.0
  defensiveColdDurationChance                  0.0
  defensiveColdDurationModifier                0.0
  defensiveColdDurationModifierChance          0.0
  defensiveColdMaxResist                       0.0
  defensiveColdModifier                        0.0
  defensiveColdModifierChance                  0.0
  defensiveElementalModifier                   0.0
  defensiveElementalResistance                 0.0
  defensiveElementalResistanceChance           0.0
  defensiveFire                                0.0
  defensiveFireChance                          0.0
  defensiveFireDuration                        0.0
  defensiveFireDurationChance                  0.0
  defensiveFireDurationModifier                0.0
  defensiveFireDurationModifierChance          0.0
  defensiveFireMaxResist                       0.0
  defensiveFireModifier                        0.0
  defensiveFireModifierChance                  0.0
  defensiveKnockdown                           0.0
  defensiveKnockdownChance                     0.0
  defensiveKnockdownModifier                   0.0
  defensiveKnockdownModifierChance             0.0
  defensiveLife                                0.0
  defensiveLifeChance                          0.0
  defensiveLifeDuration                        0.0
  defensiveLifeDurationChance                  0.0
  defensiveLifeDurationModifier                0.0
  defensiveLifeDurationModifierChance          0.0
  defensiveLifeMaxResist                       0.0
  defensiveLifeModifier                        0.0
  defensiveLifeModifierChance                  0.0
  defensiveLightning                           0.0
  defensiveLightningChance                     0.0
  defensiveLightningDuration                   0.0
  defensiveLightningDurationChance             0.0
  defensiveLightningDurationModifier           0.0
  defensiveLightningDurationModifierChance     0.0
  defensiveLightningMaxResist                  0.0
  defensiveLightningModifier                   0.0
  defensiveLightningModifierChance             0.0
  defensivePhysical                            0.0
  defensivePhysicalChance                      0.0
  defensivePhysicalDuration                    0.0
  defensivePhysicalDurationChance              0.0
  defensivePhysicalDurationChanceModifier      0.0
  defensivePhysicalDurationModifier            0.0
  defensivePhysicalMaxResist                   0.0
  defensivePhysicalModifier                    0.0
  defensivePhysicalModifierChance              0.0
  defensivePierce                              0.0
  defensivePierceChance                        0.0
  defensivePierceDuration                      0.0
  defensivePierceDurationChance                0.0
  defensivePierceDurationModifier              0.0
  defensivePierceDurationModifierChance        0.0
  defensivePierceMaxResist                     0.0
  defensivePierceModifier                      0.0
  defensivePierceModifierChance                0.0
  defensivePoison                              0.0
  defensivePoisonChance                        0.0
  defensivePoisonDuration                      0.0
  defensivePoisonDurationChance                0.0
  defensivePoisonDurationModifier              0.0
  defensivePoisonDurationModifierChance        0.0
  defensivePoisonMaxResist                     0.0
  defensivePoisonModifier                      0.0
  defensivePoisonModifierChance                0.0
  defensiveProtection                          0.0
  defensiveProtectionChance                    0.0
  defensiveProtectionModifier                  0.0
  defensiveProtectionModifierChance            0.0
  defensiveSlowLifeLeach                       0.0
  defensiveSlowLifeLeachChance                 0.0
  defensiveSlowLifeLeachDuration               0.0
  defensiveSlowLifeLeachDurationChance         0.0
  defensiveSlowLifeLeachDurationModifier       0.0
  defensiveSlowLifeLeachDurationModifierChance 0.0
  defensiveSlowLifeLeachMaxResist              0.0
  defensiveSlowLifeLeachModifier               0.0
  defensiveSlowLifeLeachModifierChance         0.0
  defensiveSlowManaLeach                       0.0
  defensiveSlowManaLeachChance                 0.0
  defensiveSlowManaLeachDuration               0.0
  defensiveSlowManaLeachDurationChance         0.0
  defensiveSlowManaLeachDurationModifier       0.0
  defensiveSlowManaLeachDurationModifierChance 0.0
  defensiveSlowManaLeachMaxResist              0.0
  defensiveSlowManaLeachModifier               0.0
  defensiveSlowManaLeachModifierChance         0.0
  defensiveStun                                0.0
  defensiveStunChance                          0.0
  defensiveStunMaxResist                       0.0
  defensiveStunModifier                        0.0
  defensiveStunModifierChance                  0.0
  distanceProfile                              'Maximum'
  dropHeight                                   20.0
  dropRadius                                   15.0
  dropVariation                                3.0
  dualWieldOnly                                False
  elementalDamageQualifier                     False
  excludeRacialDamage                          False
  exclusiveSkill                               False
  fireDamageQualifier                          False
  isPetDisplayable                             False
  lifeDamageQualifier                          False
  lightningDamageQualifier                     False
  notDispelable                                False
  offensiveColdChance                          0.0
  offensiveColdGlobal                          False
  offensiveColdMax                             0.0
  offensiveColdMin                             [n=60] [39.0, 62.0, 86.0, 111.0, 137.0, 163.0, 190.0, 218.0, 246.0, 275.0, 304.0, 333.0, 362.0, 392.0, 422.0, 453.0, 484.0, 515.0, 546.0, 578.0, 609.0, 641.0, 673.0, 706.0, 738.0, 771.0, 804.0, 837.0, 870.0, 904.0, 938.0, 971.0, 1005.0, 1039.0, 1074.0, 1108.0, 1142.0, 1177.0, 1212.0, 1247.0, 1282.0, 1317.0, 1352.0, 1388.0, 1423.0, 1459.0, 1494.0, 1530.0, 1566.0, 1602.0, 1639.0, 1675.0, 1711.0, 1748.0, 1784.0, 1821.0, 1858.0, 1895.0, 1932.0, 1969.0]
  offensiveColdModifier                        0.0
  offensiveColdModifierChance                  0.0
  offensiveColdXOR                             False
  offensiveConfusionChance                     0.0
  offensiveConfusionGlobal                     False
  offensiveConfusionMax                        0.0
  offensiveConfusionMin                        0.0
  offensiveConfusionXOR                        False
  offensiveConvertChance                       0.0
  offensiveConvertGlobal                       False
  offensiveConvertMax                          0.0
  offensiveConvertMin                          0.0
  offensiveConvertXOR                          False
  offensiveFearChance                          0.0
  offensiveFearGlobal                          False
  offensiveFearMax                             0.0
  offensiveFearMin                             0.0
  offensiveFearXOR                             False
  offensiveFireChance                          0.0
  offensiveFireGlobal                          False
  offensiveFireMax                             0.0
  offensiveFireMin                             0.0
  offensiveFireModifier                        0.0
  offensiveFireModifierChance                  0.0
  offensiveFireXOR                             False
  offensiveGlobalChance                        0.0
  offensiveLifeChance                          0.0
  offensiveLifeGlobal                          False
  offensiveLifeModifier                        0.0
  offensiveLifeModifierChance                  0.0
  offensiveLifeXOR                             False
  offensiveLightningChance                     0.0
  offensiveLightningGlobal                     False
  offensiveLightningMax                        0.0
  offensiveLightningMin                        0.0
  offensiveLightningModifier                   0.0
  offensiveLightningModifierChance             0.0
  offensiveLightningXOR                        False
  offensivePercentCurrentLifeChance            0.0
  offensivePercentCurrentLifeGlobal            False
  offensivePercentCurrentLifeMax               0.0
  offensivePercentCurrentLifeMin               0.0
  offensivePercentCurrentLifeXOR               False
  offensivePhysicalChance                      0.0
  offensivePhysicalGlobal                      False
  offensivePhysicalMax                         0.0
  offensivePhysicalMin                         [n=60] [10.0, 26.0, 42.0, 58.0, 76.0, 93.0, 111.0, 130.0, 149.0, 168.0, 188.0, 207.0, 226.0, 247.0, 267.0, 288.0, 308.0, 329.0, 350.0, 371.0, 392.0, 414.0, 435.0, 457.0, 478.0, 501.0, 523.0, 545.0, 567.0, 590.0, 612.0, 635.0, 657.0, 680.0, 704.0, 726.0, 749.0, 773.0, 796.0, 820.0, 843.0, 866.0, 890.0, 914.0, 937.0, 962.0, 985.0, 1009.0, 1033.0, 1057.0, 1082.0, 1106.0, 1130.0, 1155.0, 1179.0, 1204.0, 1229.0, 1254.0, 1278.0, 1303.0]
  offensivePhysicalModifier                    0.0
  offensivePhysicalModifierChance              0.0
  offensivePhysicalXOR                         False
  offensivePierceChance                        0.0
  offensivePierceGlobal                        False
  offensivePierceMax                           0.0
  offensivePierceMin                           0.0
  offensivePierceModifier                      0.0
  offensivePierceModifierChance                0.0
  offensivePierceRatioChance                   0.0
  offensivePierceRatioGlobal                   False
  offensivePierceRatioMax                      0.0
  offensivePierceRatioMin                      0.0
  offensivePierceRatioModifier                 0.0
  offensivePierceRatioModifierChance           0.0
  offensivePierceRatioXOR                      False
  offensivePierceXOR                           False
  offensivePoisonChance                        0.0
  offensivePoisonGlobal                        False
  offensivePoisonMax                           0.0
  offensivePoisonMin                           0.0
  offensivePoisonModifier                      0.0
  offensivePoisonModifierChance                0.0
  offensivePoisonXOR                           False
  offensiveSlowAttackSpeedChance               0.0
  offensiveSlowAttackSpeedDurationMax          0.0
  offensiveSlowAttackSpeedDurationMin          0.0
  offensiveSlowAttackSpeedDurationModifier     0.0
  offensiveSlowAttackSpeedGlobal               False
  offensiveSlowAttackSpeedMax                  0.0
  offensiveSlowAttackSpeedMin                  0.0
  offensiveSlowAttackSpeedModifier             0.0
  offensiveSlowAttackSpeedModifierChance       0.0
  offensiveSlowAttackSpeedXOR                  False
  offensiveSlowBleedingChance                  0.0
  offensiveSlowBleedingDurationMax             0.0
  offensiveSlowBleedingDurationMin             0.0
  offensiveSlowBleedingDurationModifier        0.0
  offensiveSlowBleedingGlobal                  False
  offensiveSlowBleedingMax                     0.0
  offensiveSlowBleedingMin                     0.0
  offensiveSlowBleedingModifier                0.0
  offensiveSlowBleedingModifierChance          0.0
  offensiveSlowBleedingXOR                     False
  offensiveSlowColdChance                      0.0
  offensiveSlowColdDurationMax                 0.0
  offensiveSlowColdDurationMin                 0.0
  offensiveSlowColdDurationModifier            0.0
  offensiveSlowColdGlobal                      False
  offensiveSlowColdMax                         0.0
  offensiveSlowColdMin                         0.0
  offensiveSlowColdModifier                    0.0
  offensiveSlowColdModifierChance              0.0
  offensiveSlowColdXOR                         False
  offensiveSlowDefensiveAbilityChance          0.0
  offensiveSlowDefensiveAbilityDurationMax     0.0
  offensiveSlowDefensiveAbilityDurationMin     0.0
  offensiveSlowDefensiveAbilityDurationModifier 0.0
  offensiveSlowDefensiveAbilityGlobal          False
  offensiveSlowDefensiveAbilityMax             0.0
  offensiveSlowDefensiveAbilityMin             0.0
  offensiveSlowDefensiveAbilityModifier        0.0
  offensiveSlowDefensiveAbilityModifierChance  0.0
  offensiveSlowDefensiveAbilityXOR             False
  offensiveSlowDefensiveReductionChance        0.0
  offensiveSlowDefensiveReductionDurationMax   0.0
  offensiveSlowDefensiveReductionDurationMin   0.0
  offensiveSlowDefensiveReductionDurationModifier 0.0
  offensiveSlowDefensiveReductionGlobal        False
  offensiveSlowDefensiveReductionMax           0.0
  offensiveSlowDefensiveReductionMin           0.0
  offensiveSlowDefensiveReductionModifier      0.0
  offensiveSlowDefensiveReductionModifierChance 0.0
  offensiveSlowDefensiveReductionXOR           False
  offensiveSlowFireChance                      0.0
  offensiveSlowFireDurationMax                 0.0
  offensiveSlowFireDurationMin                 0.0
  offensiveSlowFireDurationModifier            0.0
  offensiveSlowFireGlobal                      False
  offensiveSlowFireMax                         0.0
  offensiveSlowFireMin                         0.0
  offensiveSlowFireModifier                    0.0
  offensiveSlowFireModifierChance              0.0
  offensiveSlowFireXOR                         False
  offensiveSlowLifeChance                      0.0
  offensiveSlowLifeDurationMax                 0.0
  offensiveSlowLifeDurationModifier            0.0
  offensiveSlowLifeGlobal                      False
  offensiveSlowLifeLeachChance                 0.0
  offensiveSlowLifeLeachDurationMax            0.0
  offensiveSlowLifeLeachDurationMin            0.0
  offensiveSlowLifeLeachDurationModifier       0.0
  offensiveSlowLifeLeachGlobal                 False
  offensiveSlowLifeLeachMax                    0.0
  offensiveSlowLifeLeachMin                    0.0
  offensiveSlowLifeLeachModifier               0.0
  offensiveSlowLifeLeachModifierChance         0.0
  offensiveSlowLifeLeachXOR                    False
  offensiveSlowLifeMax                         0.0
  offensiveSlowLifeModifier                    0.0
  offensiveSlowLifeModifierChance              0.0
  offensiveSlowLifeXOR                         False
  offensiveSlowLightningChance                 0.0
  offensiveSlowLightningDurationMax            0.0
  offensiveSlowLightningDurationMin            0.0
  offensiveSlowLightningDurationModifier       0.0
  offensiveSlowLightningGlobal                 False
  offensiveSlowLightningMax                    0.0
  offensiveSlowLightningMin                    0.0
  offensiveSlowLightningModifier               0.0
  offensiveSlowLightningModifierChance         0.0
  offensiveSlowLightningXOR                    False
  offensiveSlowManaLeachChance                 0.0
  offensiveSlowManaLeachDurationMax            0.0
  offensiveSlowManaLeachDurationMin            0.0
  offensiveSlowManaLeachDurationModifier       0.0
  offensiveSlowManaLeachGlobal                 False
  offensiveSlowManaLeachMax                    0.0
  offensiveSlowManaLeachMin                    0.0
  offensiveSlowManaLeachModifier               0.0
  offensiveSlowManaLeachModifierChance         0.0
  offensiveSlowManaLeachXOR                    False
  offensiveSlowOffensiveAbilityChance          0.0
  offensiveSlowOffensiveAbilityDurationMax     0.0
  offensiveSlowOffensiveAbilityDurationMin     0.0
  offensiveSlowOffensiveAbilityDurationModifier 0.0
  offensiveSlowOffensiveAbilityGlobal          False
  offensiveSlowOffensiveAbilityMax             0.0
  offensiveSlowOffensiveAbilityMin             0.0
  offensiveSlowOffensiveAbilityModifier        0.0
  offensiveSlowOffensiveAbilityModifierChance  0.0
  offensiveSlowOffensiveAbilityXOR             False
  offensiveSlowOffensiveReductionChance        0.0
  offensiveSlowOffensiveReductionDurationMax   0.0
  offensiveSlowOffensiveReductionDurationMin   0.0
  offensiveSlowOffensiveReductionDurationModifier 0.0
  offensiveSlowOffensiveReductionGlobal        False
  offensiveSlowOffensiveReductionMax           0.0
  offensiveSlowOffensiveReductionMin           0.0
  offensiveSlowOffensiveReductionModifier      0.0
  offensiveSlowOffensiveReductionModifierChance 0.0
  offensiveSlowOffensiveReductionXOR           False
  offensiveSlowPhysicalChance                  0.0
  offensiveSlowPhysicalDurationMax             0.0
  offensiveSlowPhysicalDurationMin             0.0
  offensiveSlowPhysicalDurationModifier        0.0
  offensiveSlowPhysicalGlobal                  False
  offensiveSlowPhysicalMax                     0.0
  offensiveSlowPhysicalMin                     0.0
  offensiveSlowPhysicalModifier                0.0
  offensiveSlowPhysicalModifierChance          0.0
  offensiveSlowPhysicalXOR                     False
  offensiveSlowPoisonChance                    0.0
  offensiveSlowPoisonDurationMax               0.0
  offensiveSlowPoisonDurationMin               0.0
  offensiveSlowPoisonDurationModifier          0.0
  offensiveSlowPoisonGlobal                    False
  offensiveSlowPoisonMax                       0.0
  offensiveSlowPoisonMin                       0.0
  offensiveSlowPoisonModifier                  0.0
  offensiveSlowPoisonModifierChance            0.0
  offensiveSlowPoisonXOR                       False
  offensiveSlowRunSpeedChance                  0.0
  offensiveSlowRunSpeedDurationMax             0.0
  offensiveSlowRunSpeedDurationMin             0.0
  offensiveSlowRunSpeedDurationModifier        0.0
  offensiveSlowRunSpeedGlobal                  False
  offensiveSlowRunSpeedMax                     0.0
  offensiveSlowRunSpeedMin                     0.0
  offensiveSlowRunSpeedModifier                0.0
  offensiveSlowRunSpeedModifierChance          0.0
  offensiveSlowRunSpeedXOR                     False
  offensiveSlowTotalSpeedDurationMin           5.0
  offensiveSlowTotalSpeedMin                   30.0
  offensiveStunChance                          0.0
  offensiveStunGlobal                          False
  offensiveStunMax                             0.0
  offensiveStunMin                             0.0
  offensiveStunModifier                        0.0
  offensiveStunModifierChance                  0.0
  offensiveStunXOR                             False
  offensiveTauntChance                         0.0
  offensiveTauntGlobal                         False
  offensiveTauntMax                            0.0
  offensiveTauntMin                            0.0
  offensiveTauntXOR                            False
  physicalDamageQualifier                      False
  pierceDamageQualifier                        False
  poisonDamageQualifier                        False
  projectileExplosionRadius                    1.0
  projectileLaunchNumber                       6
  projectileUsesAllDamage                      False
  retaliationAetherChance                      0.0
  retaliationAetherGlobal                      False
  retaliationAetherMax                         0.0
  retaliationAetherMin                         0.0
  retaliationAetherModifier                    0.0
  retaliationAetherModifierChance              0.0
  retaliationAetherXOR                         False
  retaliationChaosChance                       0.0
  retaliationChaosGlobal                       False
  retaliationChaosMax                          0.0
  retaliationChaosMin                          0.0
  retaliationChaosModifier                     0.0
  retaliationChaosModifierChance               0.0
  retaliationChaosXOR                          False
  retaliationColdChance                        0.0
  retaliationColdGlobal                        False
  retaliationColdMax                           0.0
  retaliationColdMin                           0.0
  retaliationColdModifier                      0.0
  retaliationColdModifierChance                0.0
  retaliationColdXOR                           False
  retaliationConfusionChance                   0.0
  retaliationConfusionGlobal                   False
  retaliationConfusionMax                      0.0
  retaliationConfusionMin                      0.0
  retaliationConfusionXOR                      False
  retaliationConvertChance                     0.0
  retaliationConvertGlobal                     False
  retaliationConvertMax                        0.0
  retaliationConvertMin                        0.0
  retaliationConvertXOR                        False
  retaliationElementalChance                   0.0
  retaliationElementalGlobal                   False
  retaliationElementalMax                      0.0
  retaliationElementalMin                      0.0
  retaliationElementalModifier                 0.0
  retaliationElementalModifierChance           0.0
  retaliationElementalXOR                      False
  retaliationFearChance                        0.0
  retaliationFearGlobal                        False
  retaliationFearMax                           0.0
  retaliationFearMin                           0.0
  retaliationFearXOR                           False
  retaliationFireChance                        0.0
  retaliationFireGlobal                        False
  retaliationFireMax                           0.0
  retaliationFireMin                           0.0
  retaliationFireModifier                      0.0
  retaliationFireModifierChance                0.0
  retaliationFireXOR                           False
  retaliationFreezeChance                      0.0
  retaliationFreezeGlobal                      False
  retaliationFreezeMax                         0.0
  retaliationFreezeMin                         0.0
  retaliationFreezeXOR                         False
  retaliationGlobalChance                      0.0
  retaliationLifeChance                        0.0
  retaliationLifeGlobal                        False
  retaliationLifeMax                           0.0
  retaliationLifeMin                           0.0
  retaliationLifeModifier                      0.0
  retaliationLifeModifierChance                0.0
  retaliationLifeXOR                           False
  retaliationLightningChance                   0.0
  retaliationLightningGlobal                   False
  retaliationLightningMax                      0.0
  retaliationLightningMin                      0.0
  retaliationLightningModifier                 0.0
  retaliationLightningModifierChance           0.0
  retaliationLightningXOR                      False
  retaliationPercentCurrentLifeChance          0.0
  retaliationPercentCurrentLifeMax             0.0
  retaliationPercentCurrentLifeMin             0.0
  retaliationPercentCurrentLifeXOR             False
  retaliationPercentcurrentLifeGlobal          False
  retaliationPetrifyChance                     0.0
  retaliationPetrifyGlobal                     False
  retaliationPetrifyMax                        0.0
  retaliationPetrifyMin                        0.0
  retaliationPetrifyXOR                        False
  retaliationPhysicalChance                    0.0
  retaliationPhysicalGlobal                    False
  retaliationPhysicalMax                       0.0
  retaliationPhysicalMin                       0.0
  retaliationPhysicalModifier                  0.0
  retaliationPhysicalModifierChance            0.0
  retaliationPhysicalXOR                       False
  retaliationPierceChance                      0.0
  retaliationPierceGlobal                      False
  retaliationPierceMax                         0.0
  retaliationPierceMin                         0.0
  retaliationPierceModifier                    0.0
  retaliationPierceModifierChance              0.0
  retaliationPierceRatioChance                 0.0
  retaliationPierceRatioGlobal                 False
  retaliationPierceRatioMax                    0.0
  retaliationPierceRatioMin                    0.0
  retaliationPierceRatioModifier               0.0
  retaliationPierceRatioModifierChance         0.0
  retaliationPierceRatioXOR                    False
  retaliationPierceXOR                         False
  retaliationPoisonChance                      0.0
  retaliationPoisonGlobal                      False
  retaliationPoisonMax                         0.0
  retaliationPoisonMin                         0.0
  retaliationPoisonModifier                    0.0
  retaliationPoisonModifierChance              0.0
  retaliationPoisonXOR                         False
  retaliationSleepChance                       0.0
  retaliationSleepGlobal                       False
  retaliationSleepMax                          0.0
  retaliationSleepMin                          0.0
  retaliationSleepModifier                     0.0
  retaliationSleepModifierChance               0.0
  retaliationSleepXOR                          False
  retaliationSlowAttackSpeedChance             0.0
  retaliationSlowAttackSpeedDurationMax        0.0
  retaliationSlowAttackSpeedDurationMin        0.0
  retaliationSlowAttackSpeedDurationModifier   0.0
  retaliationSlowAttackSpeedDurationModifierChance 0.0
  retaliationSlowAttackSpeedGlobal             False
  retaliationSlowAttackSpeedMax                0.0
  retaliationSlowAttackSpeedMin                0.0
  retaliationSlowAttackSpeedModifier           0.0
  retaliationSlowAttackSpeedModifierChance     0.0
  retaliationSlowAttackSpeedXOR                False
  retaliationSlowBleedingChance                0.0
  retaliationSlowBleedingDurationMax           0.0
  retaliationSlowBleedingDurationMin           0.0
  retaliationSlowBleedingDurationModifier      0.0
  retaliationSlowBleedingDurationModifierChance 0.0
  retaliationSlowBleedingGlobal                False
  retaliationSlowBleedingMax                   0.0
  retaliationSlowBleedingMin                   0.0
  retaliationSlowBleedingModifier              0.0
  retaliationSlowBleedingModifierChance        0.0
  retaliationSlowBleedingXOR                   False
  retaliationSlowColdChance                    0.0
  retaliationSlowColdDurationMax               0.0
  retaliationSlowColdDurationMin               0.0
  retaliationSlowColdDurationModifier          0.0
  retaliationSlowColdDurationModifierChance    0.0
  retaliationSlowColdGlobal                    False
  retaliationSlowColdMax                       0.0
  retaliationSlowColdMin                       0.0
  retaliationSlowColdModifier                  0.0
  retaliationSlowColdModifierChance            0.0
  retaliationSlowColdXOR                       False
  retaliationSlowDefensiveAbilityChance        0.0
  retaliationSlowDefensiveAbilityDurationMax   0.0
  retaliationSlowDefensiveAbilityDurationMin   0.0
  retaliationSlowDefensiveAbilityDurationModifier 0.0
  retaliationSlowDefensiveAbilityDurationModifierChance 0.0
  retaliationSlowDefensiveAbilityGlobal        False
  retaliationSlowDefensiveAbilityMax           0.0
  retaliationSlowDefensiveAbilityMin           0.0
  retaliationSlowDefensiveAbilityModifier      0.0
  retaliationSlowDefensiveAbilityModifierChance 0.0
  retaliationSlowDefensiveAbilityXOR           False
  retaliationSlowFireChance                    0.0
  retaliationSlowFireDurationMax               0.0
  retaliationSlowFireDurationMin               0.0
  retaliationSlowFireDurationModifier          0.0
  retaliationSlowFireDurationModifierChance    0.0
  retaliationSlowFireGlobal                    False
  retaliationSlowFireMax                       0.0
  retaliationSlowFireMin                       0.0
  retaliationSlowFireModifier                  0.0
  retaliationSlowFireModifierChance            0.0
  retaliationSlowFireXOR                       False
  retaliationSlowLifeChance                    0.0
  retaliationSlowLifeDurationMax               0.0
  retaliationSlowLifeDurationMin               0.0
  retaliationSlowLifeDurationModifier          0.0
  retaliationSlowLifeDurationModifierChance    0.0
  retaliationSlowLifeGlobal                    False
  retaliationSlowLifeLeachChance               0.0
  retaliationSlowLifeLeachDurationMax          0.0
  retaliationSlowLifeLeachDurationMin          0.0
  retaliationSlowLifeLeachDurationModifier     0.0
  retaliationSlowLifeLeachDurationModifierChance 0.0
  retaliationSlowLifeLeachGlobal               False
  retaliationSlowLifeLeachMax                  0.0
  retaliationSlowLifeLeachMin                  0.0
  retaliationSlowLifeLeachModifier             0.0
  retaliationSlowLifeLeachModifierChance       0.0
  retaliationSlowLifeLeachXOR                  False
  retaliationSlowLifeMax                       0.0
  retaliationSlowLifeMin                       0.0
  retaliationSlowLifeModifier                  0.0
  retaliationSlowLifeModifierChance            0.0
  retaliationSlowLifeXOR                       False
  retaliationSlowLightningChance               0.0
  retaliationSlowLightningDurationMax          0.0
  retaliationSlowLightningDurationMin          0.0
  retaliationSlowLightningDurationModifier     0.0
  retaliationSlowLightningDurationModifierChance 0.0
  retaliationSlowLightningGlobal               False
  retaliationSlowLightningMax                  0.0
  retaliationSlowLightningMin                  0.0
  retaliationSlowLightningModifier             0.0
  retaliationSlowLightningModifierChance       0.0
  retaliationSlowLightningXOR                  False
  retaliationSlowManaLeachChance               0.0
  retaliationSlowManaLeachDurationMax          0.0
  retaliationSlowManaLeachDurationMin          0.0
  retaliationSlowManaLeachDurationModifier     0.0
  retaliationSlowManaLeachDurationModifierChance 0.0
  retaliationSlowManaLeachGlobal               False
  retaliationSlowManaLeachMax                  0.0
  retaliationSlowManaLeachMin                  0.0
  retaliationSlowManaLeachModifier             0.0
  retaliationSlowManaLeachModifierChance       0.0
  retaliationSlowManaLeachXOR                  False
  retaliationSlowOffensiveAbilityChance        0.0
  retaliationSlowOffensiveAbilityDurationMax   0.0
  retaliationSlowOffensiveAbilityDurationMin   0.0
  retaliationSlowOffensiveAbilityDurationModifier 0.0
  retaliationSlowOffensiveAbilityDurationModifierChance 0.0
  retaliationSlowOffensiveAbilityGlobal        False
  retaliationSlowOffensiveAbilityMax           0.0
  retaliationSlowOffensiveAbilityMin           0.0
  retaliationSlowOffensiveAbilityModifier      0.0
  retaliationSlowOffensiveAbilityModifierChance 0.0
  retaliationSlowOffensiveAbilityXOR           False
  retaliationSlowOffensiveReductionChance      0.0
  retaliationSlowOffensiveReductionDurationMax 0.0
  retaliationSlowOffensiveReductionDurationMin 0.0
  retaliationSlowOffensiveReductionDurationModifier 0.0
  retaliationSlowOffensiveReductionDurationModifierChance 0.0
  retaliationSlowOffensiveReductionGlobal      False
  retaliationSlowOffensiveReductionMax         0.0
  retaliationSlowOffensiveReductionMin         0.0
  retaliationSlowOffensiveReductionModifier    0.0
  retaliationSlowOffensiveReductionModifierChance 0.0
  retaliationSlowOffensiveReductionXOR         False
  retaliationSlowPhysicalChance                0.0
  retaliationSlowPhysicalDurationMax           0.0
  retaliationSlowPhysicalDurationMin           0.0
  retaliationSlowPhysicalDurationModifier      0.0
  retaliationSlowPhysicalDurationModifierChance 0.0
  retaliationSlowPhysicalGlobal                False
  retaliationSlowPhysicalMax                   0.0
  retaliationSlowPhysicalMin                   0.0
  retaliationSlowPhysicalModifier              0.0
  retaliationSlowPhysicalModifierChance        0.0
  retaliationSlowPhysicalXOR                   False
  retaliationSlowPoisonChance                  0.0
  retaliationSlowPoisonDurationMax             0.0
  retaliationSlowPoisonDurationMin             0.0
  retaliationSlowPoisonDurationModifier        0.0
  retaliationSlowPoisonDurationModifierChance  0.0
  retaliationSlowPoisonGlobal                  False
  retaliationSlowPoisonMax                     0.0
  retaliationSlowPoisonMin                     0.0
  retaliationSlowPoisonModifier                0.0
  retaliationSlowPoisonModifierChance          0.0
  retaliationSlowPoisonXOR                     False
  retaliationSlowRunSpeedChance                0.0
  retaliationSlowRunSpeedDurationMax           0.0
  retaliationSlowRunSpeedDurationMin           0.0
  retaliationSlowRunSpeedDurationModifier      0.0
  retaliationSlowRunSpeedDurationModifierChance 0.0
  retaliationSlowRunSpeedGlobal                False
  retaliationSlowRunSpeedMax                   0.0
  retaliationSlowRunSpeedMin                   0.0
  retaliationSlowRunSpeedModifier              0.0
  retaliationSlowRunSpeedModifierChance        0.0
  retaliationSlowRunSpeedXOR                   False
  retaliationStunChance                        0.0
  retaliationStunGlobal                        False
  retaliationStunMax                           0.0
  retaliationStunMin                           0.0
  retaliationStunModifier                      0.0
  retaliationStunModifierChance                0.0
  retaliationStunXOR                           False
  retaliationTotalDamageGlobal                 False
  retaliationTotalDamageModifier               0.0
  retaliationTotalDamageModifierChance         0.0
  retaliationTotalDamageXOR                    False
  retaliationTrapChance                        0.0
  retaliationTrapGlobal                        False
  retaliationTrapMax                           0.0
  retaliationTrapMin                           0.0
  retaliationTrapXOR                           False
  skillActiveDuration                          8.0
  skillCooldownReduction                       0.0
  skillCooldownReductionModifier               0.0
  skillManaCost                                [n=60] [45.0, 50.0, 55.0, 60.0, 65.0, 70.0, 75.0, 80.0, 85.0, 90.0, 95.0, 100.0, 105.0, 110.0, 115.0, 120.0, 125.0, 130.0, 135.0, 140.0, 145.0, 150.0, 155.0, 160.0, 165.0, 170.0, 175.0, 180.0, 185.0, 190.0, 195.0, 200.0, 205.0, 210.0, 215.0, 220.0, 225.0, 230.0, 235.0, 240.0, 245.0, 250.0, 255.0, 260.0, 265.0, 270.0, 275.0, 280.0, 285.0, 290.0, 295.0, 300.0, 305.0, 310.0, 315.0, 320.0, 325.0, 330.0, 335.0, 340.0]
  skillManaCostReduction                       0.0
  skillManaCostReductionModifier               0.0
  skillMaxLevel                                60
  skillProjectileName                          'records/fx/skillsother/projectile/blizzard_projectilefx.dbr'
  skillProjectileTargetGroundOnly              True
  skillSwipeSound                              'records/sounds/skillsounds/nonplayer/hero/spak_chillbane_blizzard_loop.dbr'
  skillTargetInterval                          2.0
  skillTargetRadius                            8.0
  targetingMode                                'Point'
  templateName                                 'database/templates/skill_buffattackradiusdrop.tpl'
