chain_depth,parent_pet_record,owner_record,owner_display_name,owner_stratum,owner_level,spawn_surface,spawn_slot_or_tree_index,spawn_skill,spawn_skill_class,spawn_field,spawn_target,target_class,is_threat_actor,status,spawn_skill_arz_owners,spawn_skill_level_equation,spawn_skill_rank_used,spawn_skill_n_ranks,spawn_skill_rank_grade,spawn_weight,pet_record,pet_arz_owners,pet_limit,pet_burst_spawn,pet_period_s,spawn_ttl_s,spawn_radius,spawn_max_pet_count,skill_cooldown_s,skill_charge_duration_s,skill_active_duration_s,pet_bio_record,pet_char_level_equation,pet_base_life,pet_life_own_mod_pct,pet_life_tree_mod_pct,pet_life_at_owner_level,pet_offensive_ability,pet_defensive_ability,pet_run_speed,pet_attack_speed,pet_spellcast_speed,pet_dodge_pct,pet_basic_swing_period_s,pet_anim_table,pet_controller,pet_mesh,pet_scale,pet_monster_classification,pet_n_attack_slots,pet_n_tree_skills,pet_n_damage_bearing_skills,pet_spawns_nested_monsters,life_grade,oada_grade,swing_grade
1,,records/creatures/enemies/boss&quest/aetherial_guardian02.dbr,"Rodalgar, the Flesh Collector",boss&quest,109,tree,6,records/skills/nonplayerskills/bossskills/boss_chest_02.dbr,Skill_OnDeathSpawnActor,spawnObjects,records/items/lootchests/d03_bosschest_dropped.dbr,Destructible,False,NON-MONSTER-SPAWN (loot/destructible; not threat),,,,,,,,,,,,,,,,,,,,,,,,,,,,,,,,,,,,,,,,,,
1,,records/creatures/enemies/boss&quest/aetherial_guardian02.dbr,"Rodalgar, the Flesh Collector",boss&quest,109,tree,13,records/skills/nonplayerskillsgdx1/bossskills/factoryguardian_flamecorruptiongenerator.dbr,Skill_MonsterGenerator,spawnObjects,,Monster,True,OK,gdx1,charLevel/4+1,28,0,MEASURED,,records/creatures/enemies/aetherialcorruption_b03_summon.dbr,gdx1|sm1,8,2,10.0,40.0,,,,,,records/creatures/enemies/bios/bio_aetherialcorruption_b01.dbr,charLevel*1+1,27602,0.0,169.0,74248,715.8,493.7,1.149999976158142,1.149999976158142,1.0,,1.0976,records/creatures/enemies/anm/anm_aetherialcorruption.dbr,records/controllers/enemy/controller_aetherialcorruption.dbr,creatures/enemies/aetherialcorruption/aetherialcorruption01a.msh,1.4800000190734863,Champion,2,6,4,,MEASURED,MEASURED,MEASURED
1,,records/creatures/enemies/boss&quest/aetherialbloater_malmouthdocks_01.dbr,Blugrug the Living Plague,boss&quest,109,tree,6,records/skills/nonplayerskills/bossskills/boss_chest_01.dbr,Skill_OnDeathSpawnActor,spawnObjects,records/items/lootchests/d02_bosschest_dropped.dbr,Destructible,False,NON-MONSTER-SPAWN (loot/destructible; not threat),,,,,,,,,,,,,,,,,,,,,,,,,,,,,,,,,,,,,,,,,,
1,,records/creatures/enemies/boss&quest/aetherialbloater_malmouthdocks_01.dbr,Blugrug the Living Plague,boss&quest,109,tree,12,records/skills/nonplayerskillsgdx2/bossskills/aetherialbloater_wormgenerator.dbr,Skill_MonsterGenerator,spawnObjects,,Monster,True,OK,gdx2,charLevel/4+1,28,0,MEASURED,100,records/creatures/enemies/aetherialworm_b01_summon.dbr,gdx1|sm1,,,,30.0,,,,,,records/creatures/enemies/bios/bio_aetherialworm_b01.dbr,charLevel*1-1,27592,0.0,169.0,74221,714.0,451.0,1.0,1.0,1.0,,2.0,records/creatures/enemies/anm/anm_aetherialworm.dbr,records/controllers/enemy/controller_aetherialworm.dbr,creatures/enemies/aetherialworm/aetherialworm01a_poison.msh,1.2000000476837158,Champion,3,7,5,,MEASURED,MEASURED,MEASURED
1,,records/creatures/enemies/boss&quest/aetherialbloater_malmouthdocks_01.dbr,Blugrug the Living Plague,boss&quest,109,tree,12,records/skills/nonplayerskillsgdx2/bossskills/aetherialbloater_wormgenerator.dbr,Skill_MonsterGenerator,spawnObjects,,Monster,True,OK,gdx2,charLevel/4+1,28,0,MEASURED,100,records/creatures/enemies/aetherialworm_b02_summon.dbr,gdx1|sm1,,,,30.0,,,,,,records/creatures/enemies/bios/bio_aetherialworm_b01.dbr,charLevel*1-1,27592,0.0,169.0,74221,714.0,451.0,1.0,1.0,1.0,,2.0,records/creatures/enemies/anm/anm_aetherialworm.dbr,records/controllers/enemy/controller_aetherialworm.dbr,creatures/enemies/aetherialworm/aetherialworm01a_fire.msh,1.2000000476837158,Champion,3,7,5,,MEASURED,MEASURED,MEASURED
1,,records/creatures/enemies/boss&quest/aetherialbloater_malmouthdocks_01.dbr,Blugrug the Living Plague,boss&quest,109,tree,12,records/skills/nonplayerskillsgdx2/bossskills/aetherialbloater_wormgenerator.dbr,Skill_MonsterGenerator,spawnObjects,,Monster,True,OK,gdx2,charLevel/4+1,28,0,MEASURED,100,records/creatures/enemies/aetherialworm_b03_summon.dbr,gdx1|sm1,,,,30.0,,,,,,records/creatures/enemies/bios/bio_aetherialworm_b01.dbr,charLevel*1-1,27592,0.0,169.0,74221,714.0,451.0,1.0,1.0,1.0,,2.0,records/creatures/enemies/anm/anm_aetherialworm.dbr,records/controllers/enemy/controller_aetherialworm.dbr,creatures/enemies/aetherialworm/aetherialworm01a_cold.msh,1.2000000476837158,Champion,3,7,5,,MEASURED,MEASURED,MEASURED
1,,records/creatures/enemies/boss&quest/aetherialbloater_malmouthdocks_01.dbr,Blugrug the Living Plague,boss&quest,109,tree,12,records/skills/nonplayerskillsgdx2/bossskills/aetherialbloater_wormgenerator.dbr,Skill_MonsterGenerator,spawnObjects,,Monster,True,OK,gdx2,charLevel/4+1,28,0,MEASURED,100,records/creatures/enemies/aetherialworm_b04_summon.dbr,gdx1|sm1,,,,30.0,,,,,,records/creatures/enemies/bios/bio_aetherialworm_b01.dbr,charLevel*1-1,27592,0.0,169.0,74221,714.0,451.0,1.0,1.0,1.0,,2.0,records/creatures/enemies/anm/anm_aetherialworm.dbr,records/controllers/enemy/controller_aetherialworm.dbr,creatures/enemies/aetherialworm/aetherialworm01a_lightning.msh,1.2000000476837158,Champion,3,7,5,,MEASURED,MEASURED,MEASURED
1,,records/creatures/enemies/boss&quest/aetherialcommander_01.dbr,Commander Lucius,boss&quest,106,tree,5,records/skills/nonplayerskills/bossskills/boss_chest_02.dbr,Skill_OnDeathSpawnActor,spawnObjects,records/items/lootchests/d03_bosschest_dropped.dbr,Destructible,False,NON-MONSTER-SPAWN (loot/destructible; not threat),,,,,,,,,,,,,,,,,,,,,,,,,,,,,,,,,,,,,,,,,,
1,,records/creatures/enemies/boss&quest/aetherialcorruption_intro.dbr,"Dralgar, the Keeper of Burrwitch",boss&quest,109,tree,6,records/skills/nonplayerskills/bossskills/boss_chest_01.dbr,Skill_OnDeathSpawnActor,spawnObjects,records/items/lootchests/d02_bosschest_dropped.dbr,Destructible,False,NON-MONSTER-SPAWN (loot/destructible; not threat),,,,,,,,,,,,,,,,,,,,,,,,,,,,,,,,,,,,,,,,,,
1,,records/creatures/enemies/boss&quest/basilisk_witchritual.dbr,Stone Basilisk,boss&quest,109,tree,6,records/skills/nonplayerskills/bossskills/boss_chest_02.dbr,Skill_OnDeathSpawnActor,spawnObjects,records/items/lootchests/d03_bosschest_dropped.dbr,Destructible,False,NON-MONSTER-SPAWN (loot/destructible; not threat),,,,,,,,,,,,,,,,,,,,,,,,,,,,,,,,,,,,,,,,,,
1,,records/creatures/enemies/boss&quest/chthonian_chthonicroguelike_02.dbr,"Shar'Zul, Harbinger of Chaos",boss&quest,106,slot,special4,records/skills/nonplayerskills/bossskills/sharzul_summonfiredevil.dbr,Skill_TargetedSpawnPet,spawnObjects,,Monster,True,OK,base,(charLevel/4)+1,27,0,MEASURED,,records/skills/nonplayerskills/bossskills/pets/firedevil_01.dbr,base|sm_mod,4,1,,20.0,,,3.0,,,records/creatures/enemies/bios/bio_trap_fireflare_01.dbr,charLevel*1,6108,0.0,0.0,6108,842.0,370.4,0.3499999940395355,0.800000011920929,1.0,25.0,0.8667,records/creatures/anomalies/anm/anm_winddevil_a01.dbr,records/controllers/pets/controller_winddevil.dbr,creatures/anomalies/anomalya01.msh,1.0,Common,2,4,2,,MEASURED,MEASURED,MEASURED
1,,records/creatures/enemies/boss&quest/chthonian_chthonicroguelike_02.dbr,"Shar'Zul, Harbinger of Chaos",boss&quest,106,tree,10,records/skills/nonplayerskills/bossskills/sharzul_summonfiredevil.dbr,Skill_TargetedSpawnPet,spawnObjects,,Monster,True,OK,base,(charLevel/4)+1,27,0,MEASURED,,records/skills/nonplayerskills/bossskills/pets/firedevil_01.dbr,base|sm_mod,4,1,,20.0,,,3.0,,,records/creatures/enemies/bios/bio_trap_fireflare_01.dbr,charLevel*1,6108,0.0,0.0,6108,842.0,370.4,0.3499999940395355,0.800000011920929,1.0,25.0,0.8667,records/creatures/anomalies/anm/anm_winddevil_a01.dbr,records/controllers/pets/controller_winddevil.dbr,creatures/anomalies/anomalya01.msh,1.0,Common,2,4,2,,MEASURED,MEASURED,MEASURED
1,,records/creatures/enemies/boss&quest/chthonianrylok_gabalthunn.dbr,"Gabal'Thunn, the Visage of Madness",boss&quest,106,tree,6,records/skills/nonplayerskills/bossskills/boss_chest_02.dbr,Skill_OnDeathSpawnActor,spawnObjects,records/items/lootchests/d03_bosschest_dropped.dbr,Destructible,False,NON-MONSTER-SPAWN (loot/destructible; not threat),,,,,,,,,,,,,,,,,,,,,,,,,,,,,,,,,,,,,,,,,,
1,,records/creatures/enemies/boss&quest/chthonianrylok_gabalthunn.dbr,"Gabal'Thunn, the Visage of Madness",boss&quest,106,slot,special4,records/skills/nonplayerskillsgdx1/bossskills/gabbalthunn_summonobsidianshard.dbr,Skill_SpawnPetMonster,spawnObjects,,Monster,True,OK,gdx1,charLevel/4+1,27,0,MEASURED,,records/skills/nonplayerskillsgdx1/bossskills/pets/gabbalthunn_obsidianshard.dbr,gdx1|sm1,5,1,,30.0,,,,,,records/creatures/enemies/bios/bio_trap_chthonicshard_01.dbr,charLevel*1,2338,0.0,0.0,2338,842.0,370.4,0.0,0.0,1.0,,,,records/controllers/enemy/controller_trapzaplongdelay.dbr,fx/meshfx/trap_obsidiansentry01a.msh,1.600000023841858,Common,2,4,3,,MEASURED,MEASURED,ANIM-NOT-RESOLVED
1,,records/creatures/enemies/boss&quest/chthonianrylok_gabalthunn.dbr,"Gabal'Thunn, the Visage of Madness",boss&quest,106,tree,12,records/skills/nonplayerskillsgdx1/bossskills/gabbalthunn_summonobsidianshard.dbr,Skill_SpawnPetMonster,spawnObjects,,Monster,True,OK,gdx1,charLevel/4+1,27,0,MEASURED,,records/skills/nonplayerskillsgdx1/bossskills/pets/gabbalthunn_obsidianshard.dbr,gdx1|sm1,5,1,,30.0,,,,,,records/creatures/enemies/bios/bio_trap_chthonicshard_01.dbr,charLevel*1,2338,0.0,0.0,2338,842.0,370.4,0.0,0.0,1.0,,,,records/controllers/enemy/controller_trapzaplongdelay.dbr,fx/meshfx/trap_obsidiansentry01a.msh,1.600000023841858,Common,2,4,3,,MEASURED,MEASURED,ANIM-NOT-RESOLVED
1,,records/creatures/enemies/boss&quest/chthonianservitor_lunalvalgoth.dbr,"Lunal'Valgoth, Steward of Darkness",boss&quest,106,tree,6,records/skills/nonplayerskills/bossskills/boss_chest_02.dbr,Skill_OnDeathSpawnActor,spawnObjects,records/items/lootchests/d03_bosschest_dropped.dbr,Destructible,False,NON-MONSTER-SPAWN (loot/destructible; not threat),,,,,,,,,,,,,,,,,,,,,,,,,,,,,,,,,,,,,,,,,,
1,,records/creatures/enemies/boss&quest/chthonianservitor_lunalvalgoth.dbr,"Lunal'Valgoth, Steward of Darkness",boss&quest,106,slot,special4,records/skills/nonplayerskillsgdx1/bossskills/lunalvalgoth_summonservitors.dbr,Skill_SpawnPet,spawnObjects,,Monster,True,OK,gdx1,charLevel/4+1,27,0,MEASURED,,records/creatures/enemies/chthonianservitor_a01_summon.dbr,gdx1|sm1,12,3,,30.0,,,,,,records/creatures/enemies/bios/bio_chthonianservitor_a01.dbr,charLevel*1+1,21432,0.0,169.0,57653,676.0,507.0,1.1799999475479126,1.100000023841858,1.0,,1.1212,records/creatures/enemies/anm/anm_chthonian_servitor_small.dbr,records/controllers/enemy/controller_chthonianservitor.dbr,creatures/enemies/chthonianservitor/chthonianservitor01a.msh,0.5,Champion,2,5,2,,MEASURED,MEASURED,MEASURED
1,,records/creatures/enemies/boss&quest/chthonianservitor_lunalvalgoth.dbr,"Lunal'Valgoth, Steward of Darkness",boss&quest,106,tree,10,records/skills/nonplayerskillsgdx1/bossskills/lunalvalgoth_summonservitors.dbr,Skill_SpawnPet,spawnObjects,,Monster,True,OK,gdx1,charLevel/4+1,27,0,MEASURED,,records/creatures/enemies/chthonianservitor_a01_summon.dbr,gdx1|sm1,12,3,,30.0,,,,,,records/creatures/enemies/bios/bio_chthonianservitor_a01.dbr,charLevel*1+1,21432,0.0,169.0,57653,676.0,507.0,1.1799999475479126,1.100000023841858,1.0,,1.1212,records/creatures/enemies/anm/anm_chthonian_servitor_small.dbr,records/controllers/enemy/controller_chthonianservitor.dbr,creatures/enemies/chthonianservitor/chthonianservitor01a.msh,0.5,Champion,2,5,2,,MEASURED,MEASURED,MEASURED
1,,records/creatures/enemies/boss&quest/cultist_cultleader_01.dbr,Bloodlord Thalonis,boss&quest,106,tree,5,records/skills/nonplayerskills/bossskills/boss_chest_01.dbr,Skill_OnDeathSpawnActor,spawnObjects,records/items/lootchests/d02_bosschest_dropped.dbr,Destructible,False,NON-MONSTER-SPAWN (loot/destructible; not threat),,,,,,,,,,,,,,,,,,,,,,,,,,,,,,,,,,,,,,,,,,
1,,records/creatures/enemies/boss&quest/cultist_cultleader_01.dbr,Bloodlord Thalonis,boss&quest,106,slot,special5,records/skills/nonplayerskills/bossskills/cultist_summonchthonicshard_a01.dbr,Skill_SpawnPet,spawnObjects,,Monster,True,OK,base,(charLevel/4)+1,27,0,MEASURED,,records/skills/nonplayerskills/bossskills/pets/chthonicshard_zap_b01_summon.dbr,base|sm_mod,4,,,30.0,,,8.0,,,records/creatures/enemies/bios/bio_trap_chthonicshard_02.dbr,charLevel*1,7497,0.0,0.0,7497,842.0,370.4,0.0,1.0,1.0,,,,records/controllers/enemy/controller_trapzaplongdelay.dbr,fx/meshfx/trap_obsidiansentry01b.msh,1.0,Common,1,2,1,,MEASURED,MEASURED,ANIM-NOT-RESOLVED
1,,records/creatures/enemies/boss&quest/cultist_cultleader_01.dbr,Bloodlord Thalonis,boss&quest,106,tree,13,records/skills/nonplayerskills/bossskills/cultist_summonchthonicshard_a01.dbr,Skill_SpawnPet,spawnObjects,,Monster,True,OK,base,(charLevel/4)+1,27,0,MEASURED,,records/skills/nonplayerskills/bossskills/pets/chthonicshard_zap_b01_summon.dbr,base|sm_mod,4,,,30.0,,,8.0,,,records/creatures/enemies/bios/bio_trap_chthonicshard_02.dbr,charLevel*1,7497,0.0,0.0,7497,842.0,370.4,0.0,1.0,1.0,,,,records/controllers/enemy/controller_trapzaplongdelay.dbr,fx/meshfx/trap_obsidiansentry01b.msh,1.0,Common,1,2,1,,MEASURED,MEASURED,ANIM-NOT-RESOLVED
1,,records/creatures/enemies/boss&quest/cultist_cultleader_01.dbr,Bloodlord Thalonis,boss&quest,106,tree,11,records/skills/nonplayerskills/bossskills/cultistleader_harbingergenerator.dbr,Skill_MonsterGenerator,spawnObjects,,Monster,True,OK,base,(charLevel/4)+1,27,0,MEASURED,,records/creatures/enemies/chthonianminion_b01_summon.dbr,base|sm_mod,,,,60.0,,,,,,records/creatures/enemies/bios/bio_chthonian_02.dbr,charLevel*1+3,70071,0.0,169.0,188490,817.0,581.2,1.5499999523162842,1.100000023841858,1.2000000476837158,,1.1152,records/creatures/enemies/anm/anm_chthonianminion.dbr,records/controllers/enemy/controller_chthonicminiona01.dbr,creatures/enemies/chthonian/chthonianminion01.msh,1.0,Champion,6,11,6,records/creatures/enemies/chthonianfiend_a01_summon.dbr,MEASURED,MEASURED,MEASURED
1,,records/creatures/enemies/boss&quest/cultist_cultleader_01.dbr,Bloodlord Thalonis,boss&quest,106,slot,special3,records/skills/nonplayerskills/bossskills/loghorrean_summonvoid.dbr,Skill_TargetedSpawnPet,spawnObjects,,Monster,True,OK,base,(charLevel/4)+1,27,0,MEASURED,,records/skills/nonplayerskills/bossskills/pets/loghorrean_void.dbr,base|sm_mod,6,1,,,,,5.0,,,records/creatures/enemies/bios/bio_trap_fireflare_01.dbr,charLevel*1,6108,0.0,0.0,6108,842.0,370.4,0.27000001072883606,0.800000011920929,1.0,25.0,0.8667,records/creatures/anomalies/anm/anm_winddevil_a01.dbr,records/controllers/pets/controller_winddevil.dbr,creatures/anomalies/anomalya01.msh,1.0,Common,1,3,1,,MEASURED,MEASURED,MEASURED
1,,records/creatures/enemies/boss&quest/cultist_cultleader_01.dbr,Bloodlord Thalonis,boss&quest,106,tree,9,records/skills/nonplayerskills/bossskills/loghorrean_summonvoid.dbr,Skill_TargetedSpawnPet,spawnObjects,,Monster,True,OK,base,(charLevel/4)+1,27,0,MEASURED,,records/skills/nonplayerskills/bossskills/pets/loghorrean_void.dbr,base|sm_mod,6,1,,,,,5.0,,,records/creatures/enemies/bios/bio_trap_fireflare_01.dbr,charLevel*1,6108,0.0,0.0,6108,842.0,370.4,0.27000001072883606,0.800000011920929,1.0,25.0,0.8667,records/creatures/anomalies/anm/anm_winddevil_a01.dbr,records/controllers/pets/controller_winddevil.dbr,creatures/anomalies/anomalya01.msh,1.0,Common,1,3,1,,MEASURED,MEASURED,MEASURED
1,,records/creatures/enemies/boss&quest/cultist_summoner_01.dbr,"Karroz, Sigil of Ch'thon",boss&quest,106,slot,special4,records/skills/nonplayerskills/bossskills/chthonianabomination_summondevourers_a01.dbr,Skill_SpawnPet,spawnObjects,,Monster,True,OK,base,charLevel/4+1,27,0,MEASURED,,records/creatures/enemies/chthoniandevourer_a01_summon.dbr,base|sm_mod,8,4,,30.0,,,8.0,,,records/creatures/enemies/bios/bio_chthoniandevourer_a00.dbr,charLevel*1,2322,0.0,154.0,5898,687.8,328.0,1.2000000476837158,1.4500000476837158,1.0,,0.5632,records/creatures/enemies/anm/anm_chthonian_devourer.dbr,records/controllers/enemy/controller_chthoniandevourer.dbr,creatures/enemies/chthonian/chthoniandevourer01a.msh,0.8999999761581421,Common,1,4,2,,MEASURED,MEASURED,MEASURED
1,,records/creatures/enemies/boss&quest/cultist_summoner_01.dbr,"Karroz, Sigil of Ch'thon",boss&quest,106,tree,6,records/skills/nonplayerskills/bossskills/chthonianabomination_summondevourers_a01.dbr,Skill_SpawnPet,spawnObjects,,Monster,True,OK,base,charLevel/4+1,27,0,MEASURED,,records/creatures/enemies/chthoniandevourer_a01_summon.dbr,base|sm_mod,8,4,,30.0,,,8.0,,,records/creatures/enemies/bios/bio_chthoniandevourer_a00.dbr,charLevel*1,2322,0.0,154.0,5898,687.8,328.0,1.2000000476837158,1.4500000476837158,1.0,,0.5632,records/creatures/enemies/anm/anm_chthonian_devourer.dbr,records/controllers/enemy/controller_chthoniandevourer.dbr,creatures/enemies/chthonian/chthoniandevourer01a.msh,0.8999999761581421,Common,1,4,2,,MEASURED,MEASURED,MEASURED
1,,records/creatures/enemies/boss&quest/cultist_summoner_01.dbr,"Karroz, Sigil of Ch'thon",boss&quest,106,slot,chain_next,records/skills/nonplayerskills/bossskills/chthonianabomination_summondevourers_b01.dbr,Skill_SpawnPet,spawnObjects,,Monster,True,OK,base,(charLevel/4)+1,27,0,MEASURED,,records/creatures/enemies/chthoniandevourer_b01_summon.dbr,base|sm_mod,4,2,,30.0,,,8.0,,,records/creatures/enemies/bios/bio_chthoniandevourer_b01.dbr,charLevel*1,9443,0.0,154.0,23986,795.8,439.0,1.149999976158142,1.350000023841858,1.0,,0.6049,records/creatures/enemies/anm/anm_chthonian_devourer.dbr,records/controllers/enemy/controller_chthoniandevourer.dbr,creatures/enemies/chthonian/chthoniandevourer01a.msh,1.2000000476837158,Champion,1,5,3,,MEASURED,MEASURED,MEASURED
1,,records/creatures/enemies/boss&quest/cultist_summoner_01.dbr,"Karroz, Sigil of Ch'thon",boss&quest,106,tree,7,records/skills/nonplayerskills/bossskills/chthonianabomination_summondevourers_b01.dbr,Skill_SpawnPet,spawnObjects,,Monster,True,OK,base,(charLevel/4)+1,27,0,MEASURED,,records/creatures/enemies/chthoniandevourer_b01_summon.dbr,base|sm_mod,4,2,,30.0,,,8.0,,,records/creatures/enemies/bios/bio_chthoniandevourer_b01.dbr,charLevel*1,9443,0.0,154.0,23986,795.8,439.0,1.149999976158142,1.350000023841858,1.0,,0.6049,records/creatures/enemies/anm/anm_chthonian_devourer.dbr,records/controllers/enemy/controller_chthoniandevourer.dbr,creatures/enemies/chthonian/chthoniandevourer01a.msh,1.2000000476837158,Champion,1,5,3,,MEASURED,MEASURED,MEASURED
1,,records/creatures/enemies/boss&quest/cultist_summoner_01.dbr,"Karroz, Sigil of Ch'thon",boss&quest,106,slot,chain_next,records/skills/nonplayerskills/bossskills/chthonianabomination_summondevourers_b01.dbr,Skill_SpawnPet,spawnObjects,,Monster,True,OK,base,(charLevel/4)+1,27,0,MEASURED,,records/creatures/enemies/chthonianleech_a01_summon.dbr,base|sm_mod,4,2,,30.0,,,8.0,,,records/creatures/enemies/bios/bio_chthonianleech_a01.dbr,charLevel*1+3,22199,0.0,238.0,75032,686.0,489.0,1.0,1.2000000476837158,1.1200000047683716,,0.6333,records/creatures/enemies/anm/anm_chthonian_leech.dbr,records/controllers/enemy/controller_chthonicleech_melee.dbr,creatures/enemies/chthonian/leech01a.msh,0.8999999761581421,Common,1,5,3,,MEASURED,MEASURED,MEASURED
1,,records/creatures/enemies/boss&quest/cultist_summoner_01.dbr,"Karroz, Sigil of Ch'thon",boss&quest,106,tree,7,records/skills/nonplayerskills/bossskills/chthonianabomination_summondevourers_b01.dbr,Skill_SpawnPet,spawnObjects,,Monster,True,OK,base,(charLevel/4)+1,27,0,MEASURED,,records/creatures/enemies/chthonianleech_a01_summon.dbr,base|sm_mod,4,2,,30.0,,,8.0,,,records/creatures/enemies/bios/bio_chthonianleech_a01.dbr,charLevel*1+3,22199,0.0,238.0,75032,686.0,489.0,1.0,1.2000000476837158,1.1200000047683716,,0.6333,records/creatures/enemies/anm/anm_chthonian_leech.dbr,records/controllers/enemy/controller_chthonicleech_melee.dbr,creatures/enemies/chthonian/leech01a.msh,0.8999999761581421,Common,1,5,3,,MEASURED,MEASURED,MEASURED
1,,records/creatures/enemies/boss&quest/cultist_summoner_01.dbr,"Karroz, Sigil of Ch'thon",boss&quest,106,tree,8,records/skills/nonplayerskills/bossskills/chthonianabomination_summondevourers_b02.dbr,Skill_SpawnPet,spawnObjects,,Monster,True,OK,base,(charLevel/4)+1,27,0,MEASURED,,records/creatures/enemies/chthoniandevourer_b02_summon.dbr,base|sm_mod,,,,30.0,,,8.0,,,records/creatures/enemies/bios/bio_chthoniandevourer_b01.dbr,charLevel*1,9443,0.0,154.0,23986,795.8,439.0,1.149999976158142,1.350000023841858,1.0,,0.6049,records/creatures/enemies/anm/anm_chthonian_devourer.dbr,records/controllers/enemy/controller_chthoniandevourer.dbr,creatures/enemies/chthonian/chthoniandevourer01a.msh,1.2000000476837158,Champion,1,5,3,,MEASURED,MEASURED,MEASURED
1,,records/creatures/enemies/boss&quest/cultist_summoner_01.dbr,"Karroz, Sigil of Ch'thon",boss&quest,106,slot,special3,records/skills/nonplayerskills/bossskills/cultist_summonvoidfiendsa01.dbr,Skill_SpawnPet,spawnObjects,,Monster,True,OK,base,charLevel/4+1,27,0,MEASURED,,records/creatures/enemies/chthonianfiend_a01_summon.dbr,base|sm_mod,,,,45.0,,,8.0,,,records/creatures/enemies/bios/bio_chthonicvoidfiend_01.dbr,charLevel*1,9229,0.0,154.0,23442,676.0,454.0,0.800000011920929,1.0,1.0,,1.4333,records/creatures/enemies/anm/anm_chthonianvoidfiend.dbr,records/controllers/enemy/controller_zombiemutanta01.dbr,creatures/enemies/voidfiend/voidfiend01.msh,1.100000023841858,Common,0,4,2,,MEASURED,MEASURED,MEASURED
1,,records/creatures/enemies/boss&quest/cultist_summoner_01.dbr,"Karroz, Sigil of Ch'thon",boss&quest,106,slot,chain_initial,records/skills/nonplayerskills/bossskills/cultist_summonvoidfiendsa01.dbr,Skill_SpawnPet,spawnObjects,,Monster,True,OK,base,charLevel/4+1,27,0,MEASURED,,records/creatures/enemies/chthonianfiend_a01_summon.dbr,base|sm_mod,,,,45.0,,,8.0,,,records/creatures/enemies/bios/bio_chthonicvoidfiend_01.dbr,charLevel*1,9229,0.0,154.0,23442,676.0,454.0,0.800000011920929,1.0,1.0,,1.4333,records/creatures/enemies/anm/anm_chthonianvoidfiend.dbr,records/controllers/enemy/controller_zombiemutanta01.dbr,creatures/enemies/voidfiend/voidfiend01.msh,1.100000023841858,Common,0,4,2,,MEASURED,MEASURED,MEASURED
1,,records/creatures/enemies/boss&quest/cultist_summoner_01.dbr,"Karroz, Sigil of Ch'thon",boss&quest,106,tree,13,records/skills/nonplayerskills/bossskills/cultist_summonvoidfiendsa01.dbr,Skill_SpawnPet,spawnObjects,,Monster,True,OK,base,charLevel/4+1,27,0,MEASURED,,records/creatures/enemies/chthonianfiend_a01_summon.dbr,base|sm_mod,,,,45.0,,,8.0,,,records/creatures/enemies/bios/bio_chthonicvoidfiend_01.dbr,charLevel*1,9229,0.0,154.0,23442,676.0,454.0,0.800000011920929,1.0,1.0,,1.4333,records/creatures/enemies/anm/anm_chthonianvoidfiend.dbr,records/controllers/enemy/controller_zombiemutanta01.dbr,creatures/enemies/voidfiend/voidfiend01.msh,1.100000023841858,Common,0,4,2,,MEASURED,MEASURED,MEASURED
1,,records/creatures/enemies/boss&quest/cultist_summoner_01.dbr,"Karroz, Sigil of Ch'thon",boss&quest,106,slot,special3,records/skills/nonplayerskills/bossskills/cultist_summonvoidfiendsa01.dbr,Skill_SpawnPet,spawnObjects,,Monster,True,OK,base,charLevel/4+1,27,0,MEASURED,,records/creatures/enemies/chthonianfiend_a02_summon.dbr,base|sm_mod,,,,45.0,,,8.0,,,records/creatures/enemies/bios/bio_chthonicvoidfiend_01.dbr,charLevel*1,9229,0.0,154.0,23442,676.0,454.0,0.800000011920929,1.0,1.0,,1.4333,records/creatures/enemies/anm/anm_chthonianvoidfiend.dbr,records/controllers/enemy/controller_humanchthonic_rangedcaster.dbr,creatures/enemies/voidfiend/voidfiend01.msh,1.100000023841858,Champion,1,4,2,,MEASURED,MEASURED,MEASURED
1,,records/creatures/enemies/boss&quest/cultist_summoner_01.dbr,"Karroz, Sigil of Ch'thon",boss&quest,106,slot,chain_initial,records/skills/nonplayerskills/bossskills/cultist_summonvoidfiendsa01.dbr,Skill_SpawnPet,spawnObjects,,Monster,True,OK,base,charLevel/4+1,27,0,MEASURED,,records/creatures/enemies/chthonianfiend_a02_summon.dbr,base|sm_mod,,,,45.0,,,8.0,,,records/creatures/enemies/bios/bio_chthonicvoidfiend_01.dbr,charLevel*1,9229,0.0,154.0,23442,676.0,454.0,0.800000011920929,1.0,1.0,,1.4333,records/creatures/enemies/anm/anm_chthonianvoidfiend.dbr,records/controllers/enemy/controller_humanchthonic_rangedcaster.dbr,creatures/enemies/voidfiend/voidfiend01.msh,1.100000023841858,Champion,1,4,2,,MEASURED,MEASURED,MEASURED
1,,records/creatures/enemies/boss&quest/cultist_summoner_01.dbr,"Karroz, Sigil of Ch'thon",boss&quest,106,tree,13,records/skills/nonplayerskills/bossskills/cultist_summonvoidfiendsa01.dbr,Skill_SpawnPet,spawnObjects,,Monster,True,OK,base,charLevel/4+1,27,0,MEASURED,,records/creatures/enemies/chthonianfiend_a02_summon.dbr,base|sm_mod,,,,45.0,,,8.0,,,records/creatures/enemies/bios/bio_chthonicvoidfiend_01.dbr,charLevel*1,9229,0.0,154.0,23442,676.0,454.0,0.800000011920929,1.0,1.0,,1.4333,records/creatures/enemies/anm/anm_chthonianvoidfiend.dbr,records/controllers/enemy/controller_humanchthonic_rangedcaster.dbr,creatures/enemies/voidfiend/voidfiend01.msh,1.100000023841858,Champion,1,4,2,,MEASURED,MEASURED,MEASURED
1,,records/creatures/enemies/boss&quest/dermapteran_madqueen.dbr,"Rashalga, the Mad Queen",boss&quest,109,tree,5,records/skills/nonplayerskills/bossskills/boss_chest_02.dbr,Skill_OnDeathSpawnActor,spawnObjects,records/items/lootchests/d03_bosschest_dropped.dbr,Destructible,False,NON-MONSTER-SPAWN (loot/destructible; not threat),,,,,,,,,,,,,,,,,,,,,,,,,,,,,,,,,,,,,,,,,,
1,,records/creatures/enemies/boss&quest/dermapteran_madqueen.dbr,"Rashalga, the Mad Queen",boss&quest,109,slot,special4,records/skills/nonplayerskills/bossskills/dermapteran_madqueen_summonworms.dbr,Skill_SpawnPetMonster,spawnObjects,,Monster,True,OK,base,1,1,0,MEASURED,,records/creatures/enemies/wormworldrot_a01_summon.dbr,base,6,3,,60.0,,,8.0,,,records/creatures/enemies/bios/bio_worm_b01.dbr,charLevel*1-1,17185,0.0,169.0,46227,714.0,451.0,1.0,1.0,1.0,,2.0,records/creatures/enemies/anm/anm_worm.dbr,records/controllers/enemy/controller_worm.dbr,creatures/enemies/insects/wormgianta06.msh,0.8500000238418579,Champion,4,8,6,,MEASURED,MEASURED,MEASURED
1,,records/creatures/enemies/boss&quest/dermapteran_madqueen.dbr,"Rashalga, the Mad Queen",boss&quest,109,tree,10,records/skills/nonplayerskills/bossskills/dermapteran_madqueen_summonworms.dbr,Skill_SpawnPetMonster,spawnObjects,,Monster,True,OK,base,1,1,0,MEASURED,,records/creatures/enemies/wormworldrot_a01_summon.dbr,base,6,3,,60.0,,,8.0,,,records/creatures/enemies/bios/bio_worm_b01.dbr,charLevel*1-1,17185,0.0,169.0,46227,714.0,451.0,1.0,1.0,1.0,,2.0,records/creatures/enemies/anm/anm_worm.dbr,records/controllers/enemy/controller_worm.dbr,creatures/enemies/insects/wormgianta06.msh,0.8500000238418579,Champion,4,8,6,,MEASURED,MEASURED,MEASURED
1,,records/creatures/enemies/boss&quest/dravis.dbr,"Dravis, Son of Uroboruuk",boss&quest,109,tree,6,records/skills/nonplayerskills/bossskills/boss_chest_02.dbr,Skill_OnDeathSpawnActor,spawnObjects,records/items/lootchests/d03_bosschest_dropped.dbr,Destructible,False,NON-MONSTER-SPAWN (loot/destructible; not threat),,,,,,,,,,,,,,,,,,,,,,,,,,,,,,,,,,,,,,,,,,
1,,records/creatures/enemies/boss&quest/dravis.dbr,"Dravis, Son of Uroboruuk",boss&quest,109,tree,11,records/skills/nonplayerskillsgdx2/bossskills/dravis_skeletongenerator.dbr,Skill_MonsterGenerator,spawnObjects3,,Monster,True,OK,gdx2,charLevel/4+1,28,0,MEASURED,15,records/creatures/enemies/skeleton_a01_summon.dbr,base|sm_mod,,,,60.0,,,,,,records/creatures/enemies/bios/bio_skeletonfodder_01.dbr,charLevel*1,3702,0.0,154.0,9403,662.2,401.5,1.100000023841858,1.100000023841858,1.0,,1.0343,records/creatures/enemies/anm/anm_skeleton_fast.dbr,records/controllers/enemy/controller_zombiea01.dbr,creatures/enemies/skeleton/skeleton_01a.msh,1.0,Common,0,4,1,,MEASURED,MEASURED,MEASURED
1,,records/creatures/enemies/boss&quest/dravis.dbr,"Dravis, Son of Uroboruuk",boss&quest,109,tree,11,records/skills/nonplayerskillsgdx2/bossskills/dravis_skeletongenerator.dbr,Skill_MonsterGenerator,spawnObjects,,Monster,True,OK,gdx2,charLevel/4+1,28,0,MEASURED,60,records/creatures/enemies/skeleton_a02_summon.dbr,base|sm_mod,,,,60.0,,,,,,records/creatures/enemies/bios/bio_skeletonfodder_01.dbr,charLevel*1,3702,0.0,154.0,9403,662.2,401.5,1.100000023841858,1.100000023841858,1.0,,1.0343,records/creatures/enemies/anm/anm_skeleton_fast.dbr,records/controllers/enemy/controller_skeleton_rangedbasic.dbr,creatures/enemies/skeleton/skeleton_basedefault_01a.msh,1.0,Common,0,4,1,,MEASURED,MEASURED,MEASURED
1,,records/creatures/enemies/boss&quest/dravis.dbr,"Dravis, Son of Uroboruuk",boss&quest,109,tree,11,records/skills/nonplayerskillsgdx2/bossskills/dravis_skeletongenerator.dbr,Skill_MonsterGenerator,spawnObjects2,,Monster,True,OK,gdx2,charLevel/4+1,28,0,MEASURED,25,records/creatures/enemies/skeleton_b02_knight_summon.dbr,base|sm_mod,,,,60.0,,,,,,records/creatures/enemies/bios/bio_skeletonknight_01.dbr,charLevel*1+2,20522,0.0,169.0,55203,699.0,548.2,1.100000023841858,1.0,1.0,,1.1378,records/creatures/enemies/anm/anm_skeleton_fast.dbr,records/controllers/enemy/controller_herotank01.dbr,creatures/enemies/skeleton/skeleton_baseheavy_01a.msh,1.1200000047683716,Champion,1,6,3,,MEASURED,MEASURED,MEASURED
1,,records/creatures/enemies/boss&quest/dravis.dbr,"Dravis, Son of Uroboruuk",boss&quest,109,slot,special3,records/skills/nonplayerskillsgdx2/bossskills/dravis_summonthrall.dbr,Skill_SpawnPet,spawnObjects,,Monster,True,OK,gdx2,charLevel/4+1,28,0,MEASURED,,records/skills/nonplayerskillsgdx2/bossskills/pets/dravis_thrall_01.dbr,gdx2|sm2,,,,45.0,,,,,,records/creatures/enemies/bios/bio_boss_dravis_thrallsummon_01.dbr,(charLevel*1.1)+2,94748,0.0,169.0,254871,808.5,704.0,1.350000023841858,1.25,1.100000023841858,,1.088,records/creatures/enemies/anm/anm_golembone_phase02.dbr,records/controllers/enemy/controller_meleetank.dbr,creatures/enemies/golem/golembonea01_phase02.msh,1.5,Champion,3,9,6,,MEASURED,MEASURED,MEASURED
1,,records/creatures/enemies/boss&quest/dravis.dbr,"Dravis, Son of Uroboruuk",boss&quest,109,tree,12,records/skills/nonplayerskillsgdx2/bossskills/dravis_summonthrall.dbr,Skill_SpawnPet,spawnObjects,,Monster,True,OK,gdx2,charLevel/4+1,28,0,MEASURED,,records/skills/nonplayerskillsgdx2/bossskills/pets/dravis_thrall_01.dbr,gdx2|sm2,,,,45.0,,,,,,records/creatures/enemies/bios/bio_boss_dravis_thrallsummon_01.dbr,(charLevel*1.1)+2,94748,0.0,169.0,254871,808.5,704.0,1.350000023841858,1.25,1.100000023841858,,1.088,records/creatures/enemies/anm/anm_golembone_phase02.dbr,records/controllers/enemy/controller_meleetank.dbr,creatures/enemies/golem/golembonea01_phase02.msh,1.5,Champion,3,9,6,,MEASURED,MEASURED,MEASURED
1,,records/creatures/enemies/boss&quest/dravis.dbr,"Dravis, Son of Uroboruuk",boss&quest,109,slot,special3,records/skills/nonplayerskillsgdx2/bossskills/dravis_summonthrall.dbr,Skill_SpawnPet,spawnObjects,,Monster,True,OK,gdx2,charLevel/4+1,28,0,MEASURED,,records/skills/nonplayerskillsgdx2/bossskills/pets/dravis_thrall_01b.dbr,gdx2|sm2,,,,45.0,,,,,,records/creatures/enemies/bios/bio_boss_dravis_thrallsummon_01.dbr,(charLevel*1.1)+2,94748,0.0,169.0,254871,808.5,704.0,1.350000023841858,1.25,1.100000023841858,,1.088,records/creatures/enemies/anm/anm_golembone_phase02.dbr,records/controllers/enemy/controller_meleetank.dbr,creatures/enemies/golem/golembonea01_phase02.msh,1.5,Champion,4,9,6,,MEASURED,MEASURED,MEASURED
1,,records/creatures/enemies/boss&quest/dravis.dbr,"Dravis, Son of Uroboruuk",boss&quest,109,tree,12,records/skills/nonplayerskillsgdx2/bossskills/dravis_summonthrall.dbr,Skill_SpawnPet,spawnObjects,,Monster,True,OK,gdx2,charLevel/4+1,28,0,MEASURED,,records/skills/nonplayerskillsgdx2/bossskills/pets/dravis_thrall_01b.dbr,gdx2|sm2,,,,45.0,,,,,,records/creatures/enemies/bios/bio_boss_dravis_thrallsummon_01.dbr,(charLevel*1.1)+2,94748,0.0,169.0,254871,808.5,704.0,1.350000023841858,1.25,1.100000023841858,,1.088,records/creatures/enemies/anm/anm_golembone_phase02.dbr,records/controllers/enemy/controller_meleetank.dbr,creatures/enemies/golem/golembonea01_phase02.msh,1.5,Champion,4,9,6,,MEASURED,MEASURED,MEASURED
1,,records/creatures/enemies/boss&quest/eldritcharmor_dreegmindreaper_01.dbr,"Ishtal, the Mind Reaper",boss&quest,109,tree,7,records/skills/nonplayerskillsgdx2/bossskills/mindreaper_01_mirage.dbr,Skill_AktaiosMirage,spawnObjects,,Monster,True,OK,gdx2,charLevel/4+1,28,0,MEASURED,,records/skills/nonplayerskillsgdx2/bossskills/pets/mindreaper_summon.dbr,gdx2|sm2,,,,,,,3.0,,,records/creatures/enemies/bios/bio_boss_mindreapermirror_01.dbr,charLevel*1,66611,0.0,154.0,169193,863.0,736.7,1.0,1.0,1.0,,0.5067,records/creatures/enemies/anm/anm_eldritcharmor.dbr,records/controllers/enemy/controller_boss_mindreaper_01.dbr,creatures/enemies/eldritcharmor/eldritcharmor02a_fireboss.msh,1.899999976158142,Quest,2,6,4,,MEASURED,MEASURED,MEASURED
1,,records/creatures/enemies/boss&quest/giant_tempesttotem_02.dbr,Tempest Spawn,boss&quest,109,tree,6,records/skills/nonplayerskills/bossskills/boss_chest_01.dbr,Skill_OnDeathSpawnActor,spawnObjects,records/items/lootchests/d02_bosschest_dropped.dbr,Destructible,False,NON-MONSTER-SPAWN (loot/destructible; not threat),,,,,,,,,,,,,,,,,,,,,,,,,,,,,,,,,,,,,,,,,,
1,,records/creatures/enemies/boss&quest/giant_tempesttotem_02.dbr,Tempest Spawn,boss&quest,109,tree,9,records/skills/nonplayerskillsgdx3/bossskills/giantfire_moltenlavasecondarysummon.dbr,Skill_TargetedSpawnPet,spawnObjects,,Monster,True,OK,gdx3,charLevel/4+1,28,0,MEASURED,,records/skills/nonplayerskillsgdx3/bossskills/pets/giantfire_moltenpool.dbr,gdx3|sm3,3,1,,,,,2.0,,,records/creatures/enemies/bios/bio_trap_fireflare_01.dbr,charLevel*1,6323,0.0,0.0,6323,863.0,380.6,0.0,0.800000011920929,1.0,25.0,0.8667,records/creatures/anomalies/anm/anm_anomaly_a01.dbr,records/controllers/enemy/controller_immobiledamagefield.dbr,creatures/anomalies/anomalya01.msh,1.0,Common,1,3,1,,MEASURED,MEASURED,MEASURED
1,,records/creatures/enemies/boss&quest/giant_tempesttotem_06.dbr,Tempest Spawn,boss&quest,109,tree,6,records/skills/nonplayerskills/bossskills/boss_chest_01.dbr,Skill_OnDeathSpawnActor,spawnObjects,records/items/lootchests/d02_bosschest_dropped.dbr,Destructible,False,NON-MONSTER-SPAWN (loot/destructible; not threat),,,,,,,,,,,,,,,,,,,,,,,,,,,,,,,,,,,,,,,,,,
1,,records/creatures/enemies/boss&quest/giant_tempesttotem_06.dbr,Tempest Spawn,boss&quest,109,tree,7,records/skills/nonplayerskillsgdx3/bossskills/gianttempesttotem_icespikegenerator.dbr,Skill_MonsterGenerator,spawnObjects,,Monster,True,OK,gdx3,charLevel/4+1,28,0,MEASURED,100,records/creatures/enemies/trap_icespike_hero_a01.dbr,gdx3|sm3,6,1,,30.0,,,,,,records/creatures/enemies/bios/bio_trap_fireflare_01.dbr,charLevel*1,6323,0.0,0.0,6323,863.0,380.6,0.0,1.0,1.0,,,records/creatures/anomalies/anm/anm_icecrystals_a01.dbr,records/controllers/enemy/controller_trapzaplongdelay.dbr,fx/meshfx/spikesice03a.msh,1.0,Common,3,4,1,,MEASURED,MEASURED,ANIM-NOT-RESOLVED
1,,records/creatures/enemies/boss&quest/human_chthonickurn_shaman_01.dbr,Yurra Voideye,boss&quest,109,tree,6,records/skills/nonplayerskills/bossskills/boss_chest_02.dbr,Skill_OnDeathSpawnActor,spawnObjects,records/items/lootchests/d03_bosschest_dropped.dbr,Destructible,False,NON-MONSTER-SPAWN (loot/destructible; not threat),,,,,,,,,,,,,,,,,,,,,,,,,,,,,,,,,,,,,,,,,,
1,,records/creatures/enemies/boss&quest/humanascendant_terrnox.dbr,Terrnox,boss&quest,106,tree,6,records/skills/nonplayerskills/bossskills/boss_chest_01.dbr,Skill_OnDeathSpawnActor,spawnObjects,records/items/lootchests/d02_bosschest_dropped.dbr,Destructible,False,NON-MONSTER-SPAWN (loot/destructible; not threat),,,,,,,,,,,,,,,,,,,,,,,,,,,,,,,,,,,,,,,,,,
1,,records/creatures/enemies/boss&quest/humanwendigo_darkwood_01.dbr,Avris Marrowill,boss&quest,109,tree,6,records/skills/nonplayerskills/bossskills/boss_chest_01.dbr,Skill_OnDeathSpawnActor,spawnObjects,records/items/lootchests/d02_bosschest_dropped.dbr,Destructible,False,NON-MONSTER-SPAWN (loot/destructible; not threat),,,,,,,,,,,,,,,,,,,,,,,,,,,,,,,,,,,,,,,,,,
1,,records/creatures/enemies/boss&quest/humanwendigo_darkwood_01.dbr,Avris Marrowill,boss&quest,109,slot,special2,records/skills/nonplayerskillsgdx1/bossskills/avris_reapspirit.dbr,Skill_AttackSpellChaosSpawnPet,spawnObjects,,Monster,True,OK,gdx1,charLevel/4+1,28,60,MEASURED,,records/creatures/enemies/wraith_c01_summon.dbr,gdx1|sm1,3,,,16.0,,,,,,records/creatures/enemies/bios/bio_wraith_c01.dbr,charLevel*1,37101,0.0,169.0,99802,704.0,342.0,0.699999988079071,1.0,1.0,,1.1467,records/creatures/enemies/anm/anm_wraith.dbr,records/controllers/enemy/controller_wraith_ranged.dbr,creatures/enemies/wraith/wraith01b.msh,1.25,Champion,6,10,8,,MEASURED,MEASURED,MEASURED
1,,records/creatures/enemies/boss&quest/humanwendigo_darkwood_01.dbr,Avris Marrowill,boss&quest,109,tree,7,records/skills/nonplayerskillsgdx1/bossskills/avris_reapspirit.dbr,Skill_AttackSpellChaosSpawnPet,spawnObjects,,Monster,True,OK,gdx1,charLevel/4+1,28,60,MEASURED,,records/creatures/enemies/wraith_c01_summon.dbr,gdx1|sm1,3,,,16.0,,,,,,records/creatures/enemies/bios/bio_wraith_c01.dbr,charLevel*1,37101,0.0,169.0,99802,704.0,342.0,0.699999988079071,1.0,1.0,,1.1467,records/creatures/enemies/anm/anm_wraith.dbr,records/controllers/enemy/controller_wraith_ranged.dbr,creatures/enemies/wraith/wraith01b.msh,1.25,Champion,6,10,8,,MEASURED,MEASURED,MEASURED
1,,records/creatures/enemies/boss&quest/korvaak_lieutenant_03.dbr,Astros the Sunherald,boss&quest,109,tree,6,records/skills/nonplayerskills/bossskills/boss_chest_01.dbr,Skill_OnDeathSpawnActor,spawnObjects,records/items/lootchests/d02_bosschest_dropped.dbr,Destructible,False,NON-MONSTER-SPAWN (loot/destructible; not threat),,,,,,,,,,,,,,,,,,,,,,,,,,,,,,,,,,,,,,,,,,
1,,records/creatures/enemies/boss&quest/korvaakfinal_02.dbr,"Manifestation of Korvaak, the Eldritch Sun",boss&quest,109,slot,special4,records/skills/nonplayerskillsgdx2/bossskills/final/p2_celestialeffigysummon.dbr,Skill_SpawnPet,spawnObjects,,Monster,True,OK,gdx2,charLevel/4+1,28,0,MEASURED,,records/skills/nonplayerskillsgdx2/bossskills/final/pet_celestialeffigy.dbr,gdx2|sm2,,1,,45.0,,,,,,records/creatures/enemies/bios/bio_boss_korvaak_celestialeffigy_01.dbr,charLevel*1,101885,0.0,0.0,101885,863.0,704.0,0.0,0.0,1.0,,,,records/controllers/enemy/controller_trapzaplongdelay.dbr,level art/structures/sandstone ruins/sandtemple_bossareakorvaak_totem01a.msh,1.0,Common,4,6,2,,MEASURED,MEASURED,ANIM-NOT-RESOLVED
1,,records/creatures/enemies/boss&quest/korvaakfinal_02.dbr,"Manifestation of Korvaak, the Eldritch Sun",boss&quest,109,tree,10,records/skills/nonplayerskillsgdx2/bossskills/final/p2_celestialeffigysummon.dbr,Skill_SpawnPet,spawnObjects,,Monster,True,OK,gdx2,charLevel/4+1,28,0,MEASURED,,records/skills/nonplayerskillsgdx2/bossskills/final/pet_celestialeffigy.dbr,gdx2|sm2,,1,,45.0,,,,,,records/creatures/enemies/bios/bio_boss_korvaak_celestialeffigy_01.dbr,charLevel*1,101885,0.0,0.0,101885,863.0,704.0,0.0,0.0,1.0,,,,records/controllers/enemy/controller_trapzaplongdelay.dbr,level art/structures/sandstone ruins/sandtemple_bossareakorvaak_totem01a.msh,1.0,Common,4,6,2,,MEASURED,MEASURED,ANIM-NOT-RESOLVED
1,,records/creatures/enemies/boss&quest/korvaakfinal_02.dbr,"Manifestation of Korvaak, the Eldritch Sun",boss&quest,109,slot,special4,records/skills/nonplayerskillsgdx2/bossskills/final/p2_celestialeffigysummon.dbr,Skill_SpawnPet,spawnObjects,,Monster,True,OK,gdx2,charLevel/4+1,28,0,MEASURED,,records/skills/nonplayerskillsgdx2/bossskills/final/pet_celestialeffigy_02.dbr,gdx2|sm2,,1,,45.0,,,,,,records/creatures/enemies/bios/bio_boss_korvaak_celestialeffigy_02.dbr,charLevel*1,94348,0.0,0.0,94348,863.0,704.0,0.0,0.0,1.0,,,,records/controllers/enemy/controller_trapzaplongdelay.dbr,level art/structures/sandstone ruins/sandtemple_bossareakorvaak_totem01a.msh,1.0,Common,4,6,2,,MEASURED,MEASURED,ANIM-NOT-RESOLVED
1,,records/creatures/enemies/boss&quest/korvaakfinal_02.dbr,"Manifestation of Korvaak, the Eldritch Sun",boss&quest,109,tree,10,records/skills/nonplayerskillsgdx2/bossskills/final/p2_celestialeffigysummon.dbr,Skill_SpawnPet,spawnObjects,,Monster,True,OK,gdx2,charLevel/4+1,28,0,MEASURED,,records/skills/nonplayerskillsgdx2/bossskills/final/pet_celestialeffigy_02.dbr,gdx2|sm2,,1,,45.0,,,,,,records/creatures/enemies/bios/bio_boss_korvaak_celestialeffigy_02.dbr,charLevel*1,94348,0.0,0.0,94348,863.0,704.0,0.0,0.0,1.0,,,,records/controllers/enemy/controller_trapzaplongdelay.dbr,level art/structures/sandstone ruins/sandtemple_bossareakorvaak_totem01a.msh,1.0,Common,4,6,2,,MEASURED,MEASURED,ANIM-NOT-RESOLVED
1,,records/creatures/enemies/boss&quest/korvaakfinal_02.dbr,"Manifestation of Korvaak, the Eldritch Sun",boss&quest,109,slot,special5,records/skills/nonplayerskillsgdx2/bossskills/final/p2_eldritchriftssummon.dbr,Skill_TargetedSpawnPet,spawnObjects,,Monster,True,OK,gdx2,charLevel/4+1,28,0,MEASURED,,records/skills/nonplayerskillsgdx2/bossskills/final/pet_eldritchrift.dbr,gdx2|sm2,,1,,,,,,,,records/creatures/enemies/bios/bio_boss_korvaak_eldritchrift_01.dbr,charLevel*1,101885,0.0,0.0,101885,863.0,704.0,0.0,0.0,1.0,,,,records/controllers/enemy/controller_trapzaplongdelay.dbr,level art/doors/portal_burningstarfield01a.msh,0.6000000238418579,Common,1,3,0,records/creatures/enemies/korvaakservant_a01_summon.dbr|records/creatures/enemies/korvaakservant_a02_summon.dbr,MEASURED,MEASURED,ANIM-NOT-RESOLVED
1,,records/creatures/enemies/boss&quest/korvaakfinal_02.dbr,"Manifestation of Korvaak, the Eldritch Sun",boss&quest,109,tree,11,records/skills/nonplayerskillsgdx2/bossskills/final/p2_eldritchriftssummon.dbr,Skill_TargetedSpawnPet,spawnObjects,,Monster,True,OK,gdx2,charLevel/4+1,28,0,MEASURED,,records/skills/nonplayerskillsgdx2/bossskills/final/pet_eldritchrift.dbr,gdx2|sm2,,1,,,,,,,,records/creatures/enemies/bios/bio_boss_korvaak_eldritchrift_01.dbr,charLevel*1,101885,0.0,0.0,101885,863.0,704.0,0.0,0.0,1.0,,,,records/controllers/enemy/controller_trapzaplongdelay.dbr,level art/doors/portal_burningstarfield01a.msh,0.6000000238418579,Common,1,3,0,records/creatures/enemies/korvaakservant_a01_summon.dbr|records/creatures/enemies/korvaakservant_a02_summon.dbr,MEASURED,MEASURED,ANIM-NOT-RESOLVED
1,,records/creatures/enemies/boss&quest/korvaakfinal_02.dbr,"Manifestation of Korvaak, the Eldritch Sun",boss&quest,109,slot,special5,records/skills/nonplayerskillsgdx2/bossskills/final/p2_eldritchriftssummon.dbr,Skill_TargetedSpawnPet,spawnObjects,,Monster,True,OK,gdx2,charLevel/4+1,28,0,MEASURED,,records/skills/nonplayerskillsgdx2/bossskills/final/pet_eldritchrift_02.dbr,gdx2|sm2,,1,,,,,,,,records/creatures/enemies/bios/bio_boss_korvaak_eldritchrift_02.dbr,charLevel*1,72932,0.0,0.0,72932,863.0,704.0,0.0,0.0,1.0,,,,records/controllers/enemy/controller_trapzaplongdelay.dbr,level art/doors/portal_burningstarfield01a.msh,0.6000000238418579,Common,1,3,0,records/creatures/enemies/korvaakservant_a01_summon.dbr|records/creatures/enemies/korvaakservant_a02_summon.dbr|records/creatures/enemies/korvaakservant_b01_korvaaksummon.dbr|records/creatures/enemies/korvaakservant_b02_korvaaksummon.dbr,MEASURED,MEASURED,ANIM-NOT-RESOLVED
1,,records/creatures/enemies/boss&quest/korvaakfinal_02.dbr,"Manifestation of Korvaak, the Eldritch Sun",boss&quest,109,tree,11,records/skills/nonplayerskillsgdx2/bossskills/final/p2_eldritchriftssummon.dbr,Skill_TargetedSpawnPet,spawnObjects,,Monster,True,OK,gdx2,charLevel/4+1,28,0,MEASURED,,records/skills/nonplayerskillsgdx2/bossskills/final/pet_eldritchrift_02.dbr,gdx2|sm2,,1,,,,,,,,records/creatures/enemies/bios/bio_boss_korvaak_eldritchrift_02.dbr,charLevel*1,72932,0.0,0.0,72932,863.0,704.0,0.0,0.0,1.0,,,,records/controllers/enemy/controller_trapzaplongdelay.dbr,level art/doors/portal_burningstarfield01a.msh,0.6000000238418579,Common,1,3,0,records/creatures/enemies/korvaakservant_a01_summon.dbr|records/creatures/enemies/korvaakservant_a02_summon.dbr|records/creatures/enemies/korvaakservant_b01_korvaaksummon.dbr|records/creatures/enemies/korvaakservant_b02_korvaaksummon.dbr,MEASURED,MEASURED,ANIM-NOT-RESOLVED
1,,records/creatures/enemies/boss&quest/korvaakmessenger_02b.dbr,"Okaloth ~ ""The Messenger""",boss&quest,109,tree,6,records/skills/nonplayerskills/bossskills/boss_chest_02.dbr,Skill_OnDeathSpawnActor,spawnObjects,records/items/lootchests/d03_bosschest_dropped.dbr,Destructible,False,NON-MONSTER-SPAWN (loot/destructible; not threat),,,,,,,,,,,,,,,,,,,,,,,,,,,,,,,,,,,,,,,,,,
1,,records/creatures/enemies/boss&quest/skeletalgolem_stepsoftorment_01.dbr,"Ilgorr, the Eternal",boss&quest,106,tree,10,records/skills/nonplayerskills/bossskills/ilgorr_ghostgenerator.dbr,Skill_MonsterGenerator,spawnObjects,,Monster,True,OK,base,1,1,0,MEASURED,,records/creatures/enemies/ghost_a01_summon.dbr,base|sm_mod,12,3,8.0,30.0,,,8.0,,,records/creatures/enemies/bios/bio_ghost_01.dbr,charLevel*1,7878,0.0,154.0,20010,666.0,389.0,0.6000000238418579,0.8500000238418579,0.8999999761581421,,0.5961,records/creatures/enemies/anm/anm_ghost_female.dbr,records/controllers/enemy/controller_ghost_meleebasic.dbr,creatures/enemies/ghost/ghost_f_a01.msh,1.0,Common,0,4,2,,MEASURED,MEASURED,MEASURED
1,,records/creatures/enemies/boss&quest/skeletalgolem_stepsoftorment_01.dbr,"Ilgorr, the Eternal",boss&quest,106,tree,10,records/skills/nonplayerskills/bossskills/ilgorr_ghostgenerator.dbr,Skill_MonsterGenerator,spawnObjects,,Monster,True,OK,base,1,1,0,MEASURED,,records/creatures/enemies/ghost_b01_summon.dbr,base|sm_mod,12,3,8.0,30.0,,,8.0,,,records/creatures/enemies/bios/bio_ghost_02.dbr,charLevel*1,16560,0.0,154.0,42062,696.0,497.0,0.6000000238418579,0.8500000238418579,0.8999999761581421,,0.5961,records/creatures/enemies/anm/anm_ghost_female.dbr,records/controllers/enemy/controller_ghost_rangedbasic.dbr,creatures/enemies/ghost/ghost_f_a01.msh,1.0,Champion,1,5,3,,MEASURED,MEASURED,MEASURED
1,,records/creatures/enemies/boss&quest/skeletalgolem_stepsoftorment_01.dbr,"Ilgorr, the Eternal",boss&quest,106,tree,10,records/skills/nonplayerskills/bossskills/ilgorr_ghostgenerator.dbr,Skill_MonsterGenerator,spawnObjects,,Monster,True,OK,base,1,1,0,MEASURED,,records/creatures/enemies/ghost_b02_summon.dbr,base|sm_mod,12,3,8.0,30.0,,,8.0,,,records/creatures/enemies/bios/bio_ghost_02.dbr,charLevel*1,16560,0.0,154.0,42062,696.0,497.0,0.6000000238418579,0.8500000238418579,0.8999999761581421,,0.5961,records/creatures/enemies/anm/anm_ghost_female.dbr,records/controllers/enemy/controller_ghost_meleechampion.dbr,creatures/enemies/ghost/ghost_f_a01.msh,1.0,Champion,1,5,3,,MEASURED,MEASURED,MEASURED
1,,records/creatures/enemies/boss&quest/skeletalgolem_stepsoftorment_01.dbr,"Ilgorr, the Eternal",boss&quest,106,tree,10,records/skills/nonplayerskills/bossskills/ilgorr_ghostgenerator.dbr,Skill_MonsterGenerator,spawnObjects,,Monster,True,OK,base,1,1,0,MEASURED,,records/creatures/enemies/ghost_b03_summon.dbr,base|sm_mod,12,3,8.0,30.0,,,8.0,,,records/creatures/enemies/bios/bio_ghost_02.dbr,charLevel*1,16560,0.0,169.0,44546,696.0,497.0,0.6000000238418579,0.8500000238418579,0.8999999761581421,,0.5961,records/creatures/enemies/anm/anm_ghost_male.dbr,records/controllers/enemy/controller_ghost_meleechampion.dbr,creatures/enemies/ghost/ghost_m_a01.msh,1.0,Champion,2,6,4,,MEASURED,MEASURED,MEASURED
1,,records/creatures/enemies/boss&quest/skeletalgolem_stepsoftorment_01.dbr,"Ilgorr, the Eternal",boss&quest,106,tree,10,records/skills/nonplayerskills/bossskills/ilgorr_ghostgenerator.dbr,Skill_MonsterGenerator,spawnObjects,,Monster,True,OK,base,1,1,0,MEASURED,,records/creatures/enemies/ghost_b04_summon.dbr,base|sm_mod,12,3,8.0,30.0,,,8.0,,,records/creatures/enemies/bios/bio_ghost_02.dbr,charLevel*1,16560,0.0,169.0,44546,696.0,497.0,0.6000000238418579,0.8500000238418579,0.8999999761581421,,0.5961,records/creatures/enemies/anm/anm_ghost_male.dbr,records/controllers/enemy/controller_ghost_meleechampion.dbr,creatures/enemies/ghost/ghost_m_a01.msh,1.0,Champion,2,6,4,,MEASURED,MEASURED,MEASURED
1,,records/creatures/enemies/boss&quest/skeletalgolem_stepsoftorment_01.dbr,"Ilgorr, the Eternal",boss&quest,106,slot,special3,records/skills/nonplayerskills/bossskills/ilgorr_summonrevenant01.dbr,Skill_SpawnPetMonster,spawnObjects,,Monster,True,OK,base,1,1,0,MEASURED,,records/creatures/enemies/skeleton_c01_summon.dbr,base|sm_mod,8,4,,60.0,,,,,,records/creatures/enemies/bios/bio_skeletonrevenant_01.dbr,charLevel*1+2,24857,0.0,169.0,66865,739.0,538.8,1.100000023841858,1.0,1.0,,1.1378,records/creatures/enemies/anm/anm_skeleton_fast.dbr,records/controllers/enemy/controller_herotank01.dbr,creatures/enemies/skeleton/skeleton_baseheavy_fire_01a.msh,1.159999966621399,Champion,2,6,4,,MEASURED,MEASURED,MEASURED
1,,records/creatures/enemies/boss&quest/skeletalgolem_stepsoftorment_01.dbr,"Ilgorr, the Eternal",boss&quest,106,tree,11,records/skills/nonplayerskills/bossskills/ilgorr_summonrevenant01.dbr,Skill_SpawnPetMonster,spawnObjects,,Monster,True,OK,base,1,1,0,MEASURED,,records/creatures/enemies/skeleton_c01_summon.dbr,base|sm_mod,8,4,,60.0,,,,,,records/creatures/enemies/bios/bio_skeletonrevenant_01.dbr,charLevel*1+2,24857,0.0,169.0,66865,739.0,538.8,1.100000023841858,1.0,1.0,,1.1378,records/creatures/enemies/anm/anm_skeleton_fast.dbr,records/controllers/enemy/controller_herotank01.dbr,creatures/enemies/skeleton/skeleton_baseheavy_fire_01a.msh,1.159999966621399,Champion,2,6,4,,MEASURED,MEASURED,MEASURED
1,,records/creatures/enemies/boss&quest/statue_korvaaktombguardian.dbr,The Steward,boss&quest,108,tree,6,records/skills/nonplayerskills/bossskills/boss_chest_02.dbr,Skill_OnDeathSpawnActor,spawnObjects,records/items/lootchests/d03_bosschest_dropped.dbr,Destructible,False,NON-MONSTER-SPAWN (loot/destructible; not threat),,,,,,,,,,,,,,,,,,,,,,,,,,,,,,,,,,,,,,,,,,
1,,records/creatures/enemies/boss&quest/swampcrab_ugdenbog_01.dbr,Carraxus Foul,boss&quest,106,tree,6,records/skills/nonplayerskills/bossskills/boss_chest_01.dbr,Skill_OnDeathSpawnActor,spawnObjects,records/items/lootchests/d02_bosschest_dropped.dbr,Destructible,False,NON-MONSTER-SPAWN (loot/destructible; not threat),,,,,,,,,,,,,,,,,,,,,,,,,,,,,,,,,,,,,,,,,,
1,,records/creatures/enemies/boss&quest/swampcrab_ugdenbog_01.dbr,Carraxus Foul,boss&quest,106,slot,special3,records/skills/nonplayerskillsgdx1/bossskills/carraxus_summonswampcrabc.dbr,Skill_SpawnPet,spawnObjects,,Monster,True,OK,gdx1,charLevel/4+1,27,0,MEASURED,,records/creatures/enemies/swampcrab_b01_summon.dbr,gdx1|sm1,4,,,25.0,,,,,,records/creatures/enemies/bios/bio_swampcrab_b01.dbr,charLevel*1,16565,0.0,169.0,44560,597.4,548.8,1.0,1.0,1.0,,0.9333,records/creatures/enemies/anm/anm_swampcrab.dbr,records/controllers/enemy/controller_swampcrab_melee.dbr,creatures/enemies/crabmonstrosity/crabmonstrosity01a.msh,1.2000000476837158,Common,3,9,6,,MEASURED,MEASURED,MEASURED
1,,records/creatures/enemies/boss&quest/swampcrab_ugdenbog_01.dbr,Carraxus Foul,boss&quest,106,tree,7,records/skills/nonplayerskillsgdx1/bossskills/carraxus_summonswampcrabc.dbr,Skill_SpawnPet,spawnObjects,,Monster,True,OK,gdx1,charLevel/4+1,27,0,MEASURED,,records/creatures/enemies/swampcrab_b01_summon.dbr,gdx1|sm1,4,,,25.0,,,,,,records/creatures/enemies/bios/bio_swampcrab_b01.dbr,charLevel*1,16565,0.0,169.0,44560,597.4,548.8,1.0,1.0,1.0,,0.9333,records/creatures/enemies/anm/anm_swampcrab.dbr,records/controllers/enemy/controller_swampcrab_melee.dbr,creatures/enemies/crabmonstrosity/crabmonstrosity01a.msh,1.2000000476837158,Common,3,9,6,,MEASURED,MEASURED,MEASURED
1,,records/creatures/enemies/boss&quest/swampcrab_ugdenbog_01.dbr,Carraxus Foul,boss&quest,106,slot,special3,records/skills/nonplayerskillsgdx1/bossskills/carraxus_summonswampcrabc.dbr,Skill_SpawnPet,spawnObjects,,Monster,True,OK,gdx1,charLevel/4+1,27,0,MEASURED,,records/creatures/enemies/swampcrab_c01_summon.dbr,gdx1|sm1,4,,,25.0,,,,,,records/creatures/enemies/bios/bio_swampcrab_c01.dbr,charLevel*1,26608,0.0,169.0,71575,671.0,686.0,1.0,1.0,1.0,,0.9333,records/creatures/enemies/anm/anm_swampcrab.dbr,records/controllers/enemy/controller_swampcrab_melee.dbr,creatures/enemies/crabmonstrosity/crabmonstrosity01a.msh,1.350000023841858,Champion,3,9,4,records/creatures/enemies/swampcrab_a00_summon.dbr,MEASURED,MEASURED,MEASURED
1,,records/creatures/enemies/boss&quest/swampcrab_ugdenbog_01.dbr,Carraxus Foul,boss&quest,106,tree,7,records/skills/nonplayerskillsgdx1/bossskills/carraxus_summonswampcrabc.dbr,Skill_SpawnPet,spawnObjects,,Monster,True,OK,gdx1,charLevel/4+1,27,0,MEASURED,,records/creatures/enemies/swampcrab_c01_summon.dbr,gdx1|sm1,4,,,25.0,,,,,,records/creatures/enemies/bios/bio_swampcrab_c01.dbr,charLevel*1,26608,0.0,169.0,71575,671.0,686.0,1.0,1.0,1.0,,0.9333,records/creatures/enemies/anm/anm_swampcrab.dbr,records/controllers/enemy/controller_swampcrab_melee.dbr,creatures/enemies/crabmonstrosity/crabmonstrosity01a.msh,1.350000023841858,Champion,3,9,4,records/creatures/enemies/swampcrab_a00_summon.dbr,MEASURED,MEASURED,MEASURED
1,,records/creatures/enemies/boss&quest/swampgolem_bargoll.dbr,"Bargoll, the Mouldering Mound",boss&quest,106,tree,6,records/skills/nonplayerskills/bossskills/boss_chest_02.dbr,Skill_OnDeathSpawnActor,spawnObjects,records/items/lootchests/d03_bosschest_dropped.dbr,Destructible,False,NON-MONSTER-SPAWN (loot/destructible; not threat),,,,,,,,,,,,,,,,,,,,,,,,,,,,,,,,,,,,,,,,,,
1,,records/creatures/enemies/boss&quest/swampgolem_bargoll.dbr,"Bargoll, the Mouldering Mound",boss&quest,106,tree,9,records/skills/nonplayerskillsgdx1/bossskills/bargoll_plantgenerator.dbr,Skill_MonsterGenerator,spawnObjects,,Monster,True,OK,gdx1,charLevel/4+1,27,0,MEASURED,,records/creatures/enemies/livingplant_a01_summon.dbr,gdx1|sm1,4,1,12.0,60.0,,,,,,records/creatures/enemies/bios/bio_livingplant_a01.dbr,charLevel*1+5,26648,0.0,169.0,71682,782.0,498.4,1.0,1.0,1.0,,0.96,records/creatures/enemies/anm/anm_carnivorousplant_p2_summon.dbr,records/controllers/enemy/controller_livingplant.dbr,creatures/enemies/carnivorousplant/carnivorousplant01a_p2.msh,0.699999988079071,Common,2,6,4,,MEASURED,MEASURED,MEASURED
1,,records/creatures/enemies/boss&quest/theoutcast_03.dbr,"Anasteria, Wrath of the Aether",boss&quest,109,tree,5,records/skills/nonplayerskills/bossskills/boss_chest_03.dbr,Skill_OnDeathSpawnActor,spawnObjects,records/items/lootchests/d04_bosschest_dropped.dbr,Destructible,False,NON-MONSTER-SPAWN (loot/destructible; not threat),,,,,,,,,,,,,,,,,,,,,,,,,,,,,,,,,,,,,,,,,,
1,,records/creatures/enemies/boss&quest/wendigo_ancient_namadea.dbr,"Namadea, the Screecher",boss&quest,106,tree,6,records/skills/nonplayerskills/bossskills/boss_chest_02.dbr,Skill_OnDeathSpawnActor,spawnObjects,records/items/lootchests/d03_bosschest_dropped.dbr,Destructible,False,NON-MONSTER-SPAWN (loot/destructible; not threat),,,,,,,,,,,,,,,,,,,,,,,,,,,,,,,,,,,,,,,,,,
1,,records/creatures/enemies/boss&quest/wendigo_ancient_namadea.dbr,"Namadea, the Screecher",boss&quest,106,slot,special5,records/skills/nonplayerskillsgdx1/bossskills/wendigoancient_summonwraith.dbr,Skill_SpawnPet,spawnObjects,,Monster,True,OK,gdx1,charLevel/4+1,27,0,MEASURED,,records/creatures/enemies/wraith_a01_summon.dbr,gdx1|sm1,,,,30.0,,,,,,records/creatures/enemies/bios/bio_wraith_a01.dbr,charLevel*1,13488,0.0,154.0,34259,666.0,389.0,0.8999999761581421,1.0,1.0,,1.1467,records/creatures/enemies/anm/anm_wraith.dbr,records/controllers/enemy/controller_wraith.dbr,creatures/enemies/wraith/wraith01a.msh,1.0,Common,1,5,3,,MEASURED,MEASURED,MEASURED
1,,records/creatures/enemies/boss&quest/wendigo_ancient_namadea.dbr,"Namadea, the Screecher",boss&quest,106,tree,12,records/skills/nonplayerskillsgdx1/bossskills/wendigoancient_summonwraith.dbr,Skill_SpawnPet,spawnObjects,,Monster,True,OK,gdx1,charLevel/4+1,27,0,MEASURED,,records/creatures/enemies/wraith_a01_summon.dbr,gdx1|sm1,,,,30.0,,,,,,records/creatures/enemies/bios/bio_wraith_a01.dbr,charLevel*1,13488,0.0,154.0,34259,666.0,389.0,0.8999999761581421,1.0,1.0,,1.1467,records/creatures/enemies/anm/anm_wraith.dbr,records/controllers/enemy/controller_wraith.dbr,creatures/enemies/wraith/wraith01a.msh,1.0,Common,1,5,3,,MEASURED,MEASURED,MEASURED
1,,records/creatures/enemies/boss&quest/wendigo_turned_yuvoll.dbr,Yuvolloth,boss&quest,109,tree,6,records/skills/nonplayerskills/bossskills/boss_chest_01.dbr,Skill_OnDeathSpawnActor,spawnObjects,records/items/lootchests/d02_bosschest_dropped.dbr,Destructible,False,NON-MONSTER-SPAWN (loot/destructible; not threat),,,,,,,,,,,,,,,,,,,,,,,,,,,,,,,,,,,,,,,,,,
1,,records/creatures/enemies/boss&quest/wendigo_turned_yuvoll.dbr,Yuvolloth,boss&quest,109,slot,special3,records/skills/nonplayerskillsgdx1/bossskills/wendigofire_summonfiredevil.dbr,Skill_TargetedSpawnPet,spawnObjects,,Monster,True,OK,gdx1,charLevel/4+1,28,0,MEASURED,,records/skills/nonplayerskillsgdx1/bossskills/pets/firedevil_01.dbr,gdx1|sm1,4,1,,20.0,,,3.0,,,records/creatures/enemies/bios/bio_trap_fireflare_01.dbr,charLevel*1,6323,0.0,0.0,6323,863.0,380.6,0.3499999940395355,0.800000011920929,1.0,25.0,0.8667,records/creatures/anomalies/anm/anm_winddevil_a01.dbr,records/controllers/pets/controller_winddevil.dbr,creatures/anomalies/anomalya01.msh,1.0,Common,2,4,2,,MEASURED,MEASURED,MEASURED
1,,records/creatures/enemies/boss&quest/wendigo_turned_yuvoll.dbr,Yuvolloth,boss&quest,109,tree,11,records/skills/nonplayerskillsgdx1/bossskills/wendigofire_summonfiredevil.dbr,Skill_TargetedSpawnPet,spawnObjects,,Monster,True,OK,gdx1,charLevel/4+1,28,0,MEASURED,,records/skills/nonplayerskillsgdx1/bossskills/pets/firedevil_01.dbr,gdx1|sm1,4,1,,20.0,,,3.0,,,records/creatures/enemies/bios/bio_trap_fireflare_01.dbr,charLevel*1,6323,0.0,0.0,6323,863.0,380.6,0.3499999940395355,0.800000011920929,1.0,25.0,0.8667,records/creatures/anomalies/anm/anm_winddevil_a01.dbr,records/controllers/pets/controller_winddevil.dbr,creatures/anomalies/anomalya01.msh,1.0,Common,2,4,2,,MEASURED,MEASURED,MEASURED
1,,records/creatures/enemies/boss&quest/witch_janaxia.dbr,"Janaxia, the Betrayer",boss&quest,109,tree,6,records/skills/nonplayerskills/bossskills/boss_chest_02.dbr,Skill_OnDeathSpawnActor,spawnObjects,records/items/lootchests/d03_bosschest_dropped.dbr,Destructible,False,NON-MONSTER-SPAWN (loot/destructible; not threat),,,,,,,,,,,,,,,,,,,,,,,,,,,,,,,,,,,,,,,,,,
1,,records/creatures/enemies/boss&quest/witch_janaxia.dbr,"Janaxia, the Betrayer",boss&quest,109,slot,special4,records/skills/nonplayerskillsgdx1/bossskills/witch_summonwraiths.dbr,Skill_SpawnPet,spawnObjects,,Monster,True,OK,gdx1,charLevel/4+1,28,0,MEASURED,,records/creatures/enemies/wraith_b01_summon.dbr,gdx1|sm1,4,2,,40.0,,,,,,records/creatures/enemies/bios/bio_wraith_b01.dbr,charLevel*1,22226,0.0,154.0,56454,694.0,510.5,0.800000011920929,1.0,1.0,,1.1467,records/creatures/enemies/anm/anm_wraith.dbr,records/controllers/enemy/controller_wraith.dbr,creatures/enemies/wraith/wraith01a.msh,1.149999976158142,Champion,4,8,5,,MEASURED,MEASURED,MEASURED
1,,records/creatures/enemies/boss&quest/witch_janaxia.dbr,"Janaxia, the Betrayer",boss&quest,109,tree,11,records/skills/nonplayerskillsgdx1/bossskills/witch_summonwraiths.dbr,Skill_SpawnPet,spawnObjects,,Monster,True,OK,gdx1,charLevel/4+1,28,0,MEASURED,,records/creatures/enemies/wraith_b01_summon.dbr,gdx1|sm1,4,2,,40.0,,,,,,records/creatures/enemies/bios/bio_wraith_b01.dbr,charLevel*1,22226,0.0,154.0,56454,694.0,510.5,0.800000011920929,1.0,1.0,,1.1467,records/creatures/enemies/anm/anm_wraith.dbr,records/controllers/enemy/controller_wraith.dbr,creatures/enemies/wraith/wraith01a.msh,1.149999976158142,Champion,4,8,5,,MEASURED,MEASURED,MEASURED
1,,records/creatures/enemies/boss&quest/witchgod_finalboss.dbr,The Sentinel,boss&quest,109,tree,5,records/skills/nonplayerskills/bossskills/boss_chest_02.dbr,Skill_OnDeathSpawnActor,spawnObjects,records/items/lootchests/d03_bosschest_dropped.dbr,Destructible,False,NON-MONSTER-SPAWN (loot/destructible; not threat),,,,,,,,,,,,,,,,,,,,,,,,,,,,,,,,,,,,,,,,,,
1,,records/creatures/enemies/boss&quest/witchgod_finalboss.dbr,The Sentinel,boss&quest,109,slot,special4,records/skills/nonplayerskills/bossskills/witchgodguardian_sentinel_summonbeacon.dbr,Skill_SpawnPetMonster,spawnObjects,,Monster,True,OK,base,charLevel/4+1,28,0,MEASURED,,records/skills/nonplayerskills/bossskills/pets/witchgodguardian_sentinel_crystal.dbr,base,5,1,,25.0,,,,,,records/creatures/enemies/bios/bio_trap_chthonicshard_01.dbr,charLevel*1,2417,0.0,0.0,2417,863.0,380.6,0.0,0.0,1.0,,,,records/controllers/enemy/controller_trapzaplongdelay.dbr,fx/meshfx/trap_obsidiansentry01a_eldritch.msh,1.600000023841858,Common,1,3,1,,MEASURED,MEASURED,ANIM-NOT-RESOLVED
1,,records/creatures/enemies/boss&quest/witchgod_finalboss.dbr,The Sentinel,boss&quest,109,tree,9,records/skills/nonplayerskills/bossskills/witchgodguardian_sentinel_summonbeacon.dbr,Skill_SpawnPetMonster,spawnObjects,,Monster,True,OK,base,charLevel/4+1,28,0,MEASURED,,records/skills/nonplayerskills/bossskills/pets/witchgodguardian_sentinel_crystal.dbr,base,5,1,,25.0,,,,,,records/creatures/enemies/bios/bio_trap_chthonicshard_01.dbr,charLevel*1,2417,0.0,0.0,2417,863.0,380.6,0.0,0.0,1.0,,,,records/controllers/enemy/controller_trapzaplongdelay.dbr,fx/meshfx/trap_obsidiansentry01a_eldritch.msh,1.600000023841858,Common,1,3,1,,MEASURED,MEASURED,ANIM-NOT-RESOLVED
1,,records/creatures/enemies/boss&quest/witchgod_finalboss.dbr,The Sentinel,boss&quest,109,tree+nested,10,records/skills/nonplayerskills/bossskills/witchgodguardian_sentinel_summonbysmiel_secondary.dbr,Skill_SpawnPet,spawnObjects,,Monster,True,OK,base,charLevel/4+1,28,0,MEASURED,,records/creatures/enemies/hellhound_witchgod_a01_summon.dbr,base|sm_mod,,1,,,,,1.0,,,records/creatures/enemies/bios/bio_hellhound_a01.dbr,charLevel*1,18852,0.0,169.0,50713,679.0,446.0,1.100000023841858,1.0,1.0,,1.0,records/creatures/enemies/anm/anm_hellhound_monster.dbr,records/controllers/enemy/controller_raptor.dbr,creatures/enemies/hellhound/hellhound01a_chaos01.msh,0.699999988079071,Common,2,6,4,,MEASURED,MEASURED,MEASURED
1,,records/creatures/enemies/boss&quest/witchgod_finalboss.dbr,The Sentinel,boss&quest,109,tree+nested,10,records/skills/nonplayerskills/bossskills/witchgodguardian_sentinel_summonbysmiel_secondary.dbr,Skill_SpawnPet,spawnObjects,,Monster,True,OK,base,charLevel/4+1,28,0,MEASURED,,records/creatures/enemies/hellhound_witchgod_b01_summon.dbr,base|sm_mod,,1,,,,,1.0,,,records/creatures/enemies/bios/bio_hellhound_b01.dbr,charLevel*1,37131,0.0,169.0,99883,709.0,515.5,1.100000023841858,1.100000023841858,1.0,,0.9091,records/creatures/enemies/anm/anm_hellhound_monster.dbr,records/controllers/enemy/controller_raptor.dbr,creatures/enemies/hellhound/hellhound01a_lightning01.msh,0.8999999761581421,Champion,3,7,4,,MEASURED,MEASURED,MEASURED
1,,records/creatures/enemies/boss&quest/witchgod_finalboss.dbr,The Sentinel,boss&quest,109,tree+nested,7,records/skills/nonplayerskills/bossskills/witchgodguardian_sentinel_summondreeg_secondary.dbr,Skill_SpawnPet,spawnObjects,,Monster,True,OK,base,charLevel/4+1,28,0,MEASURED,,records/creatures/enemies/bonerat_witchgod_a01_summon.dbr,base|sm_mod,,1,,,,,1.0,,,records/creatures/enemies/bios/bio_bonerat_witchgod_a01.dbr,charLevel*1,10979,0.0,154.0,27887,778.0,446.0,1.25,1.100000023841858,1.0,,1.1616,records/creatures/enemies/anm/anm_bonerat02.dbr,records/controllers/enemy/controller_bonerat_melee.dbr,creatures/enemies/rat/bonerat01b.msh,0.75,Common,1,5,3,,MEASURED,MEASURED,MEASURED
1,,records/creatures/enemies/boss&quest/witchgod_finalboss.dbr,The Sentinel,boss&quest,109,tree+nested,7,records/skills/nonplayerskills/bossskills/witchgodguardian_sentinel_summondreeg_secondary.dbr,Skill_SpawnPet,spawnObjects,,Monster,True,OK,base,charLevel/4+1,28,0,MEASURED,,records/creatures/enemies/bonerat_witchgod_b01_summon.dbr,base|sm_mod,,1,,,,,1.0,,,records/creatures/enemies/bios/bio_bonerat_witchgod_b01.dbr,charLevel*1,18812,0.0,154.0,47783,813.0,557.0,1.100000023841858,1.100000023841858,1.0,,1.1616,records/creatures/enemies/anm/anm_bonerat02.dbr,records/controllers/enemy/controller_bonerat_ranged.dbr,creatures/enemies/rat/bonerat01c.msh,0.949999988079071,Champion,2,7,4,records/creatures/enemies/insectswarm_a01_summon.dbr,MEASURED,MEASURED,MEASURED
1,,records/creatures/enemies/boss&quest/witchgod_finalboss.dbr,The Sentinel,boss&quest,109,tree+nested,8,records/skills/nonplayerskills/bossskills/witchgodguardian_sentinel_summonsolael_secondary.dbr,Skill_SpawnPet,spawnObjects,,Monster,True,OK,base,charLevel/4+1,28,0,MEASURED,,records/creatures/enemies/raptor_witchgod_a01_summon.dbr,base|sm_mod,,1,,,,,1.0,,,records/creatures/enemies/bios/bio_raptor_witchgod_a01.dbr,charLevel*1-1,8155,0.0,154.0,20714,669.0,347.0,1.3300000429153442,1.2000000476837158,1.0,,1.1389,records/creatures/enemies/anm/anm_raptorwinged.dbr,records/controllers/enemy/controller_raptor.dbr,creatures/enemies/raptor/raptorwinged01.msh,0.6600000262260437,Common,0,4,2,,MEASURED,MEASURED,MEASURED
1,,records/creatures/enemies/boss&quest/witchgod_finalboss.dbr,The Sentinel,boss&quest,109,tree+nested,8,records/skills/nonplayerskills/bossskills/witchgodguardian_sentinel_summonsolael_secondary.dbr,Skill_SpawnPet,spawnObjects,,Monster,True,OK,base,charLevel/4+1,28,0,MEASURED,,records/creatures/enemies/raptor_witchgod_b01_summon.dbr,base|sm_mod,,1,,,,,1.0,,,records/creatures/enemies/bios/bio_raptor_witchgod_b01.dbr,charLevel*1,23979,0.0,169.0,64504,699.0,456.0,1.0499999523162842,1.0,1.0,,1.3667,records/creatures/enemies/anm/anm_raptorwinged.dbr,records/controllers/enemy/controller_raptor.dbr,creatures/enemies/raptor/raptorwinged01.msh,1.0,Champion,2,6,5,,MEASURED,MEASURED,MEASURED
1,,records/creatures/enemies/bounties/cu_bounty04.dbr,Vanoxxis Bile,bounties,107,tree,5,records/skills/nonplayerskills/heroskills/hero loot chests/hero_chest_all_01.dbr,Skill_OnDeathSpawnActor,spawnObjects,records/items/lootchests/d01_chesthero_all_01.dbr,Destructible,False,NON-MONSTER-SPAWN (loot/destructible; not threat),,,,,,,,,,,,,,,,,,,,,,,,,,,,,,,,,,,,,,,,,,
1,,records/creatures/enemies/bounties/cu_bounty07.dbr,Sllancar the Tainted,bounties,107,tree,5,records/skills/nonplayerskills/heroskills/hero loot chests/hero_chest_all_01.dbr,Skill_OnDeathSpawnActor,spawnObjects,records/items/lootchests/d01_chesthero_all_01.dbr,Destructible,False,NON-MONSTER-SPAWN (loot/destructible; not threat),,,,,,,,,,,,,,,,,,,,,,,,,,,,,,,,,,,,,,,,,,
1,,records/creatures/enemies/bounties/cu_bounty08.dbr,Chillpincer,bounties,107,tree,5,records/skills/nonplayerskills/heroskills/hero loot chests/hero_chest_all_01.dbr,Skill_OnDeathSpawnActor,spawnObjects,records/items/lootchests/d01_chesthero_all_01.dbr,Destructible,False,NON-MONSTER-SPAWN (loot/destructible; not threat),,,,,,,,,,,,,,,,,,,,,,,,,,,,,,,,,,,,,,,,,,
1,,records/creatures/enemies/bounties/cu_bounty08.dbr,Chillpincer,bounties,107,tree,12,records/skills/nonplayerskillsgdx1/summoning/swampcrab_crabgenerator.dbr,Skill_MonsterGenerator,spawnObjects,,Monster,True,OK,gdx1,charLevel/4+1,27,0,MEASURED,,records/creatures/enemies/swampcrab_a00_summon.dbr,gdx1|sm1,8,4,,30.0,,,,,,records/creatures/enemies/bios/bio_swampcrab_a00_summon.dbr,charLevel*1,3948,0.0,154.0,10029,550.0,516.5,1.0,1.0,1.0,,0.9333,records/creatures/enemies/anm/anm_swampcrab.dbr,records/controllers/enemy/controller_swampcrab_melee.dbr,creatures/enemies/crabmonstrosity/crabmonstrosity01b.msh,0.5,Common,0,4,2,,MEASURED,MEASURED,MEASURED
1,,records/creatures/enemies/bounties/cw_bounty04.dbr,Dar'Vagol the Mageclaw ~ Arcane,bounties,107,tree,5,records/skills/nonplayerskills/heroskills/hero loot chests/hero_chest_all_01.dbr,Skill_OnDeathSpawnActor,spawnObjects,records/items/lootchests/d01_chesthero_all_01.dbr,Destructible,False,NON-MONSTER-SPAWN (loot/destructible; not threat),,,,,,,,,,,,,,,,,,,,,,,,,,,,,,,,,,,,,,,,,,
1,,records/creatures/enemies/bounties/cw_bounty09.dbr,Yoknar ~ Vampiric,bounties,107,tree,5,records/skills/nonplayerskills/heroskills/hero loot chests/hero_chest_all_01.dbr,Skill_OnDeathSpawnActor,spawnObjects,records/items/lootchests/d01_chesthero_all_01.dbr,Destructible,False,NON-MONSTER-SPAWN (loot/destructible; not threat),,,,,,,,,,,,,,,,,,,,,,,,,,,,,,,,,,,,,,,,,,
1,,records/creatures/enemies/bounties/odv_bounty07.dbr,Horvald Shieldbreaker,bounties,107,tree,5,records/skills/nonplayerskills/heroskills/hero loot chests/hero_chest_all_01.dbr,Skill_OnDeathSpawnActor,spawnObjects,records/items/lootchests/d01_chesthero_all_01.dbr,Destructible,False,NON-MONSTER-SPAWN (loot/destructible; not threat),,,,,,,,,,,,,,,,,,,,,,,,,,,,,,,,,,,,,,,,,,
1,,records/creatures/enemies/bounties/pm_bounty06.dbr,Stormtitan ~ Electrified,bounties,107,tree,5,records/skills/nonplayerskills/heroskills/hero loot chests/hero_chest_all_01.dbr,Skill_OnDeathSpawnActor,spawnObjects,records/items/lootchests/d01_chesthero_all_01.dbr,Destructible,False,NON-MONSTER-SPAWN (loot/destructible; not threat),,,,,,,,,,,,,,,,,,,,,,,,,,,,,,,,,,,,,,,,,,
1,,records/creatures/enemies/bounties/ro_bounty11.dbr,Rixna Plaguefeather,bounties,107,tree,5,records/skills/nonplayerskills/heroskills/hero loot chests/hero_chest_all_01.dbr,Skill_OnDeathSpawnActor,spawnObjects,records/items/lootchests/d01_chesthero_all_01.dbr,Destructible,False,NON-MONSTER-SPAWN (loot/destructible; not threat),,,,,,,,,,,,,,,,,,,,,,,,,,,,,,,,,,,,,,,,,,
1,,records/creatures/enemies/bounties/ro_bounty19.dbr,Grum ~ Diseased,bounties,107,tree,10,records/skills/nonplayerskills/heroskills/hero loot chests/hero_chest_all_01.dbr,Skill_OnDeathSpawnActor,spawnObjects,records/items/lootchests/d01_chesthero_all_01.dbr,Destructible,False,NON-MONSTER-SPAWN (loot/destructible; not threat),,,,,,,,,,,,,,,,,,,,,,,,,,,,,,,,,,,,,,,,,,
1,,records/creatures/enemies/bounties/ro_bounty19.dbr,Grum ~ Diseased,bounties,107,slot,special5,records/skills/nonplayerskills/summoning/skeletalgolem_summonghosts01.dbr,Skill_SpawnPetMonster,spawnObjects,,Monster,True,OK,base|sm_mod,1,1,0,MEASURED,,records/creatures/enemies/ghost_a01_summon.dbr,base|sm_mod,4,4,,,,,,,,records/creatures/enemies/bios/bio_ghost_01.dbr,charLevel*1,7977,0.0,154.0,20261,672.0,392.5,0.6000000238418579,0.8500000238418579,0.8999999761581421,,0.5961,records/creatures/enemies/anm/anm_ghost_female.dbr,records/controllers/enemy/controller_ghost_meleebasic.dbr,creatures/enemies/ghost/ghost_f_a01.msh,1.0,Common,0,4,2,,MEASURED,MEASURED,MEASURED
1,,records/creatures/enemies/bounties/ro_bounty19.dbr,Grum ~ Diseased,bounties,107,tree,13,records/skills/nonplayerskills/summoning/skeletalgolem_summonghosts01.dbr,Skill_SpawnPetMonster,spawnObjects,,Monster,True,OK,base|sm_mod,1,1,0,MEASURED,,records/creatures/enemies/ghost_a01_summon.dbr,base|sm_mod,4,4,,,,,,,,records/creatures/enemies/bios/bio_ghost_01.dbr,charLevel*1,7977,0.0,154.0,20261,672.0,392.5,0.6000000238418579,0.8500000238418579,0.8999999761581421,,0.5961,records/creatures/enemies/anm/anm_ghost_female.dbr,records/controllers/enemy/controller_ghost_meleebasic.dbr,creatures/enemies/ghost/ghost_f_a01.msh,1.0,Common,0,4,2,,MEASURED,MEASURED,MEASURED
1,,records/creatures/enemies/devotion/aetherialcolossus_h04.dbr,Speldrakus ~ Arcane,devotion,109,tree,5,records/skills/nonplayerskills/heroskills/hero loot chests/hero_chest_all_01.dbr,Skill_OnDeathSpawnActor,spawnObjects,records/items/lootchests/d01_chesthero_all_01.dbr,Destructible,False,NON-MONSTER-SPAWN (loot/destructible; not threat),,,,,,,,,,,,,,,,,,,,,,,,,,,,,,,,,,,,,,,,,,
1,,records/creatures/enemies/devotion/aetherialcorruption_h01.dbr,Chillian,devotion,109,tree,5,records/skills/nonplayerskills/heroskills/hero loot chests/hero_chest_all_01.dbr,Skill_OnDeathSpawnActor,spawnObjects,records/items/lootchests/d01_chesthero_all_01.dbr,Destructible,False,NON-MONSTER-SPAWN (loot/destructible; not threat),,,,,,,,,,,,,,,,,,,,,,,,,,,,,,,,,,,,,,,,,,
1,,records/creatures/enemies/devotion/aetherialcorruption_h03.dbr,Peuglis ~ Diseased,devotion,109,tree,5,records/skills/nonplayerskills/heroskills/hero loot chests/hero_chest_all_01.dbr,Skill_OnDeathSpawnActor,spawnObjects,records/items/lootchests/d01_chesthero_all_01.dbr,Destructible,False,NON-MONSTER-SPAWN (loot/destructible; not threat),,,,,,,,,,,,,,,,,,,,,,,,,,,,,,,,,,,,,,,,,,
1,,records/creatures/enemies/devotion/aetherialcorruption_h04.dbr,Tirendal ~ Timewarped,devotion,109,tree,5,records/skills/nonplayerskills/heroskills/hero loot chests/hero_chest_all_01.dbr,Skill_OnDeathSpawnActor,spawnObjects,records/items/lootchests/d01_chesthero_all_01.dbr,Destructible,False,NON-MONSTER-SPAWN (loot/destructible; not threat),,,,,,,,,,,,,,,,,,,,,,,,,,,,,,,,,,,,,,,,,,
1,,records/creatures/enemies/devotion/chthonianherald_h04.dbr,Barl'Zoth ~ Thundering,devotion,109,tree,5,records/skills/nonplayerskills/heroskills/hero loot chests/hero_chest_all_01.dbr,Skill_OnDeathSpawnActor,spawnObjects,records/items/lootchests/d01_chesthero_all_01.dbr,Destructible,False,NON-MONSTER-SPAWN (loot/destructible; not threat),,,,,,,,,,,,,,,,,,,,,,,,,,,,,,,,,,,,,,,,,,
1,,records/creatures/enemies/devotion/chthonianherald_h04.dbr,Barl'Zoth ~ Thundering,devotion,109,slot,special3,records/skills/nonplayerskillsgdx3/heroskills/archetypes/thundering_summonlightningspike.dbr,Skill_TargetedSpawnPet,spawnObjects,,Monster,True,OK,gdx3,charLevel/4+1,28,0,MEASURED,,records/creatures/enemies/trap_lightningspike_hero_a01.dbr,gdx3|sm3,6,1,,,,,5.0,,,records/creatures/enemies/bios/bio_trap_fireflare_01.dbr,charLevel*1,6323,0.0,0.0,6323,863.0,380.6,0.0,1.0,1.0,,,,records/controllers/enemy/controller_traplightningspike.dbr,fx/meshfx/trap_lightningspike01a.msh,1.0,Common,1,2,1,,MEASURED,MEASURED,ANIM-NOT-RESOLVED
1,,records/creatures/enemies/devotion/chthonianherald_h04.dbr,Barl'Zoth ~ Thundering,devotion,109,tree,12,records/skills/nonplayerskillsgdx3/heroskills/archetypes/thundering_summonlightningspike.dbr,Skill_TargetedSpawnPet,spawnObjects,,Monster,True,OK,gdx3,charLevel/4+1,28,0,MEASURED,,records/creatures/enemies/trap_lightningspike_hero_a01.dbr,gdx3|sm3,6,1,,,,,5.0,,,records/creatures/enemies/bios/bio_trap_fireflare_01.dbr,charLevel*1,6323,0.0,0.0,6323,863.0,380.6,0.0,1.0,1.0,,,,records/controllers/enemy/controller_traplightningspike.dbr,fx/meshfx/trap_lightningspike01a.msh,1.0,Common,1,2,1,,MEASURED,MEASURED,ANIM-NOT-RESOLVED
1,,records/creatures/enemies/devotion/chthonianservitor_h01.dbr,Ishthu'Gal the Dreadblood,devotion,109,tree,5,records/skills/nonplayerskills/heroskills/hero loot chests/hero_chest_all_01.dbr,Skill_OnDeathSpawnActor,spawnObjects,records/items/lootchests/d01_chesthero_all_01.dbr,Destructible,False,NON-MONSTER-SPAWN (loot/destructible; not threat),,,,,,,,,,,,,,,,,,,,,,,,,,,,,,,,,,,,,,,,,,
1,,records/creatures/enemies/devotion/chthonianservitor_h02.dbr,Lank'Zuul the Torturer,devotion,109,tree,5,records/skills/nonplayerskills/heroskills/hero loot chests/hero_chest_all_01.dbr,Skill_OnDeathSpawnActor,spawnObjects,records/items/lootchests/d01_chesthero_all_01.dbr,Destructible,False,NON-MONSTER-SPAWN (loot/destructible; not threat),,,,,,,,,,,,,,,,,,,,,,,,,,,,,,,,,,,,,,,,,,
1,,records/creatures/enemies/devotion/chthonianservitor_h03.dbr,Ukog'Dal ~ Electrified,devotion,109,tree,5,records/skills/nonplayerskills/heroskills/hero loot chests/hero_chest_all_01.dbr,Skill_OnDeathSpawnActor,spawnObjects,records/items/lootchests/d01_chesthero_all_01.dbr,Destructible,False,NON-MONSTER-SPAWN (loot/destructible; not threat),,,,,,,,,,,,,,,,,,,,,,,,,,,,,,,,,,,,,,,,,,
1,,records/creatures/enemies/devotion/dranghoul_h02.dbr,Fariim ~ Bramble,devotion,109,tree,5,records/skills/nonplayerskills/heroskills/hero loot chests/hero_chest_all_01.dbr,Skill_OnDeathSpawnActor,spawnObjects,records/items/lootchests/d01_chesthero_all_01.dbr,Destructible,False,NON-MONSTER-SPAWN (loot/destructible; not threat),,,,,,,,,,,,,,,,,,,,,,,,,,,,,,,,,,,,,,,,,,
1,,records/creatures/enemies/devotion/dranghoul_h02.dbr,Fariim ~ Bramble,devotion,109,slot,special2,records/skills/nonplayerskillsgdx3/heroskills/archetypes/bramble_summonbrambletrap.dbr,Skill_TargetedSpawnPet,spawnObjects,,Monster,True,OK,gdx3,charLevel/4+1,28,0,MEASURED,,records/creatures/enemies/trap_brambletrap_a01.dbr,gdx3|sm3,6,1,,,,,5.0,,,records/creatures/enemies/bios/bio_familycrisistarget_01.dbr,charLevel*1+5,15,0.0,0.0,15,669.0,1.0,0.699999988079071,0.30000001192092896,1.0,,,,records/controllers/anomaly/controller_aethercrystalsm.dbr,fx/meshfx/trap_vinesground6x_01a.msh,1.2000000476837158,Common,2,2,1,,MEASURED,MEASURED,ANIM-NOT-RESOLVED
1,,records/creatures/enemies/devotion/dranghoul_h02.dbr,Fariim ~ Bramble,devotion,109,tree,9,records/skills/nonplayerskillsgdx3/heroskills/archetypes/bramble_summonbrambletrap.dbr,Skill_TargetedSpawnPet,spawnObjects,,Monster,True,OK,gdx3,charLevel/4+1,28,0,MEASURED,,records/creatures/enemies/trap_brambletrap_a01.dbr,gdx3|sm3,6,1,,,,,5.0,,,records/creatures/enemies/bios/bio_familycrisistarget_01.dbr,charLevel*1+5,15,0.0,0.0,15,669.0,1.0,0.699999988079071,0.30000001192092896,1.0,,,,records/controllers/anomaly/controller_aethercrystalsm.dbr,fx/meshfx/trap_vinesground6x_01a.msh,1.2000000476837158,Common,2,2,1,,MEASURED,MEASURED,ANIM-NOT-RESOLVED
1,,records/creatures/enemies/devotion/fleshhulk_h03.dbr,Kollus ~ Burning,devotion,107,tree,5,records/skills/nonplayerskills/heroskills/hero loot chests/hero_chest_all_01.dbr,Skill_OnDeathSpawnActor,spawnObjects,records/items/lootchests/d01_chesthero_all_01.dbr,Destructible,False,NON-MONSTER-SPAWN (loot/destructible; not threat),,,,,,,,,,,,,,,,,,,,,,,,,,,,,,,,,,,,,,,,,,
1,,records/creatures/enemies/devotion/ghost_h01.dbr,Odellia Lanos,devotion,107,tree,5,records/skills/nonplayerskills/heroskills/hero loot chests/hero_chest_all_01.dbr,Skill_OnDeathSpawnActor,spawnObjects,records/items/lootchests/d01_chesthero_all_01.dbr,Destructible,False,NON-MONSTER-SPAWN (loot/destructible; not threat),,,,,,,,,,,,,,,,,,,,,,,,,,,,,,,,,,,,,,,,,,
1,,records/creatures/enemies/devotion/ghost_h02.dbr,Marden Thal ~ Burning,devotion,107,tree,5,records/skills/nonplayerskills/heroskills/hero loot chests/hero_chest_all_01.dbr,Skill_OnDeathSpawnActor,spawnObjects,records/items/lootchests/d01_chesthero_all_01.dbr,Destructible,False,NON-MONSTER-SPAWN (loot/destructible; not threat),,,,,,,,,,,,,,,,,,,,,,,,,,,,,,,,,,,,,,,,,,
1,,records/creatures/enemies/devotion/rhino_h02.dbr,Starhorn ~ Celestial,devotion,109,tree,5,records/skills/nonplayerskills/heroskills/hero loot chests/hero_chest_all_01.dbr,Skill_OnDeathSpawnActor,spawnObjects,records/items/lootchests/d01_chesthero_all_01.dbr,Destructible,False,NON-MONSTER-SPAWN (loot/destructible; not threat),,,,,,,,,,,,,,,,,,,,,,,,,,,,,,,,,,,,,,,,,,
1,,records/creatures/enemies/devotion/skeleton_h06.dbr,Rimelord ~ Frozen,devotion,107,tree,5,records/skills/nonplayerskills/heroskills/hero loot chests/hero_chest_all_01.dbr,Skill_OnDeathSpawnActor,spawnObjects,records/items/lootchests/d01_chesthero_all_01.dbr,Destructible,False,NON-MONSTER-SPAWN (loot/destructible; not threat),,,,,,,,,,,,,,,,,,,,,,,,,,,,,,,,,,,,,,,,,,
1,,records/creatures/enemies/devotion/skeleton_h08.dbr,Alladon the Flamewatcher,devotion,107,tree,5,records/skills/nonplayerskills/heroskills/hero loot chests/hero_chest_all_01.dbr,Skill_OnDeathSpawnActor,spawnObjects,records/items/lootchests/d01_chesthero_all_01.dbr,Destructible,False,NON-MONSTER-SPAWN (loot/destructible; not threat),,,,,,,,,,,,,,,,,,,,,,,,,,,,,,,,,,,,,,,,,,
1,,records/creatures/enemies/devotion/skeleton_h09.dbr,Elagorian Darkmarrow,devotion,107,tree,5,records/skills/nonplayerskills/heroskills/hero loot chests/hero_chest_all_01.dbr,Skill_OnDeathSpawnActor,spawnObjects,records/items/lootchests/d01_chesthero_all_01.dbr,Destructible,False,NON-MONSTER-SPAWN (loot/destructible; not threat),,,,,,,,,,,,,,,,,,,,,,,,,,,,,,,,,,,,,,,,,,
1,,records/creatures/enemies/devotion/skeleton_h09.dbr,Elagorian Darkmarrow,devotion,107,tree,8,records/skills/nonplayerskills/summoning/skeletonrevenant_skeletongenerator01.dbr,Skill_MonsterGenerator,spawnObjects,,Monster,True,OK,base|sm_mod,charLevel/4+1,27,0,MEASURED,,records/creatures/enemies/skeleton_a01_summon.dbr,base|sm_mod,4,2,,30.0,,,,,,records/creatures/enemies/bios/bio_skeletonfodder_01.dbr,charLevel*1,3616,0.0,154.0,9184,650.6,394.5,1.100000023841858,1.100000023841858,1.0,,1.0343,records/creatures/enemies/anm/anm_skeleton_fast.dbr,records/controllers/enemy/controller_zombiea01.dbr,creatures/enemies/skeleton/skeleton_01a.msh,1.0,Common,0,4,1,,MEASURED,MEASURED,MEASURED
1,,records/creatures/enemies/devotion/skeleton_h09.dbr,Elagorian Darkmarrow,devotion,107,slot,special1,records/skills/nonplayerskills/summoning/skeletonrevenant_summonknight01.dbr,Skill_SpawnPetMonster,spawnObjects,,Monster,True,OK,base|sm_mod,1,1,0,MEASURED,,records/creatures/enemies/skeleton_b02_knight_summon.dbr,base|sm_mod,4,1,,,,,,,,records/creatures/enemies/bios/bio_skeletonknight_01.dbr,charLevel*1+2,20023,0.0,169.0,53863,687.0,538.6,1.100000023841858,1.0,1.0,,1.1378,records/creatures/enemies/anm/anm_skeleton_fast.dbr,records/controllers/enemy/controller_herotank01.dbr,creatures/enemies/skeleton/skeleton_baseheavy_01a.msh,1.1200000047683716,Champion,1,6,3,,MEASURED,MEASURED,MEASURED
1,,records/creatures/enemies/devotion/skeleton_h09.dbr,Elagorian Darkmarrow,devotion,107,tree,9,records/skills/nonplayerskills/summoning/skeletonrevenant_summonknight01.dbr,Skill_SpawnPetMonster,spawnObjects,,Monster,True,OK,base|sm_mod,1,1,0,MEASURED,,records/creatures/enemies/skeleton_b02_knight_summon.dbr,base|sm_mod,4,1,,,,,,,,records/creatures/enemies/bios/bio_skeletonknight_01.dbr,charLevel*1+2,20023,0.0,169.0,53863,687.0,538.6,1.100000023841858,1.0,1.0,,1.1378,records/creatures/enemies/anm/anm_skeleton_fast.dbr,records/controllers/enemy/controller_herotank01.dbr,creatures/enemies/skeleton/skeleton_baseheavy_01a.msh,1.1200000047683716,Champion,1,6,3,,MEASURED,MEASURED,MEASURED
1,,records/creatures/enemies/hero/aetherialcorruption_h01.dbr,Challdrus the Coldheart,hero,109,tree,5,records/skills/nonplayerskills/heroskills/hero loot chests/hero_chest_all_01.dbr,Skill_OnDeathSpawnActor,spawnObjects,records/items/lootchests/d01_chesthero_all_01.dbr,Destructible,False,NON-MONSTER-SPAWN (loot/destructible; not threat),,,,,,,,,,,,,,,,,,,,,,,,,,,,,,,,,,,,,,,,,,
1,,records/creatures/enemies/hero/aetherialimp_h02.dbr,Phanolg the Iceborn,hero,109,tree,5,records/skills/nonplayerskills/heroskills/hero loot chests/hero_chest_all_01.dbr,Skill_OnDeathSpawnActor,spawnObjects,records/items/lootchests/d01_chesthero_all_01.dbr,Destructible,False,NON-MONSTER-SPAWN (loot/destructible; not threat),,,,,,,,,,,,,,,,,,,,,,,,,,,,,,,,,,,,,,,,,,
1,,records/creatures/enemies/hero/aetherialimp_h03.dbr,Wourble ~ Reflective,hero,109,tree,5,records/skills/nonplayerskills/heroskills/hero loot chests/hero_chest_all_01.dbr,Skill_OnDeathSpawnActor,spawnObjects,records/items/lootchests/d01_chesthero_all_01.dbr,Destructible,False,NON-MONSTER-SPAWN (loot/destructible; not threat),,,,,,,,,,,,,,,,,,,,,,,,,,,,,,,,,,,,,,,,,,
1,,records/creatures/enemies/hero/aetherialimp_h04.dbr,Ghalbar ~ Regenerator,hero,109,tree,5,records/skills/nonplayerskills/heroskills/hero loot chests/hero_chest_all_01.dbr,Skill_OnDeathSpawnActor,spawnObjects,records/items/lootchests/d01_chesthero_all_01.dbr,Destructible,False,NON-MONSTER-SPAWN (loot/destructible; not threat),,,,,,,,,,,,,,,,,,,,,,,,,,,,,,,,,,,,,,,,,,
1,,records/creatures/enemies/hero/basilisk_h01.dbr,Stormslither,hero,107,tree,5,records/skills/nonplayerskills/heroskills/hero loot chests/hero_chest_all_01.dbr,Skill_OnDeathSpawnActor,spawnObjects,records/items/lootchests/d01_chesthero_all_01.dbr,Destructible,False,NON-MONSTER-SPAWN (loot/destructible; not threat),,,,,,,,,,,,,,,,,,,,,,,,,,,,,,,,,,,,,,,,,,
1,,records/creatures/enemies/hero/basilisk_h02.dbr,Rotmouth,hero,107,tree,5,records/skills/nonplayerskills/heroskills/hero loot chests/hero_chest_all_01.dbr,Skill_OnDeathSpawnActor,spawnObjects,records/items/lootchests/d01_chesthero_all_01.dbr,Destructible,False,NON-MONSTER-SPAWN (loot/destructible; not threat),,,,,,,,,,,,,,,,,,,,,,,,,,,,,,,,,,,,,,,,,,
1,,records/creatures/enemies/hero/basilisk_h03.dbr,Aregos ~ Corrupted,hero,107,tree,5,records/skills/nonplayerskills/heroskills/hero loot chests/hero_chest_all_01.dbr,Skill_OnDeathSpawnActor,spawnObjects,records/items/lootchests/d01_chesthero_all_01.dbr,Destructible,False,NON-MONSTER-SPAWN (loot/destructible; not threat),,,,,,,,,,,,,,,,,,,,,,,,,,,,,,,,,,,,,,,,,,
1,,records/creatures/enemies/hero/gargoyle_h01.dbr,Hudsar ~ Frozen,hero,109,tree,5,records/skills/nonplayerskills/heroskills/hero loot chests/hero_chest_all_01.dbr,Skill_OnDeathSpawnActor,spawnObjects,records/items/lootchests/d01_chesthero_all_01.dbr,Destructible,False,NON-MONSTER-SPAWN (loot/destructible; not threat),,,,,,,,,,,,,,,,,,,,,,,,,,,,,,,,,,,,,,,,,,
1,,records/creatures/enemies/hero/gargoyle_h01.dbr,Hudsar ~ Frozen,hero,109,slot,special3,records/skills/nonplayerskillsgdx2/summoning/gargoyle_summoneldritchground.dbr,Skill_TargetedSpawnPet,spawnObjects,,Monster,True,OK,gdx2,charLevel/4+1,28,0,MEASURED,,records/creatures/anomalies/eldritchground.dbr,gdx2,6,1,,,,,5.0,,,records/creatures/enemies/bios/bio_trap_fireflare_01.dbr,charLevel*1,6323,0.0,0.0,6323,863.0,380.6,0.27000001072883606,0.800000011920929,1.0,25.0,0.8667,records/creatures/anomalies/anm/anm_winddevil_a01.dbr,records/controllers/pets/controller_winddevil.dbr,creatures/anomalies/anomalya01.msh,1.0,Common,2,4,1,,MEASURED,MEASURED,MEASURED
1,,records/creatures/enemies/hero/gargoyle_h01.dbr,Hudsar ~ Frozen,hero,109,tree,9,records/skills/nonplayerskillsgdx2/summoning/gargoyle_summoneldritchground.dbr,Skill_TargetedSpawnPet,spawnObjects,,Monster,True,OK,gdx2,charLevel/4+1,28,0,MEASURED,,records/creatures/anomalies/eldritchground.dbr,gdx2,6,1,,,,,5.0,,,records/creatures/enemies/bios/bio_trap_fireflare_01.dbr,charLevel*1,6323,0.0,0.0,6323,863.0,380.6,0.27000001072883606,0.800000011920929,1.0,25.0,0.8667,records/creatures/anomalies/anm/anm_winddevil_a01.dbr,records/controllers/pets/controller_winddevil.dbr,creatures/anomalies/anomalya01.msh,1.0,Common,2,4,1,,MEASURED,MEASURED,MEASURED
1,,records/creatures/enemies/hero/gargoyle_h04.dbr,Xanatan ~ Electrified,hero,109,tree,5,records/skills/nonplayerskills/heroskills/hero loot chests/hero_chest_all_01.dbr,Skill_OnDeathSpawnActor,spawnObjects,records/items/lootchests/d01_chesthero_all_01.dbr,Destructible,False,NON-MONSTER-SPAWN (loot/destructible; not threat),,,,,,,,,,,,,,,,,,,,,,,,,,,,,,,,,,,,,,,,,,
1,,records/creatures/enemies/hero/gargoyle_h04.dbr,Xanatan ~ Electrified,hero,109,slot,special3,records/skills/nonplayerskillsgdx2/summoning/gargoyle_summoneldritchground.dbr,Skill_TargetedSpawnPet,spawnObjects,,Monster,True,OK,gdx2,charLevel/4+1,28,0,MEASURED,,records/creatures/anomalies/eldritchground.dbr,gdx2,6,1,,,,,5.0,,,records/creatures/enemies/bios/bio_trap_fireflare_01.dbr,charLevel*1,6323,0.0,0.0,6323,863.0,380.6,0.27000001072883606,0.800000011920929,1.0,25.0,0.8667,records/creatures/anomalies/anm/anm_winddevil_a01.dbr,records/controllers/pets/controller_winddevil.dbr,creatures/anomalies/anomalya01.msh,1.0,Common,2,4,1,,MEASURED,MEASURED,MEASURED
1,,records/creatures/enemies/hero/gargoyle_h04.dbr,Xanatan ~ Electrified,hero,109,tree,9,records/skills/nonplayerskillsgdx2/summoning/gargoyle_summoneldritchground.dbr,Skill_TargetedSpawnPet,spawnObjects,,Monster,True,OK,gdx2,charLevel/4+1,28,0,MEASURED,,records/creatures/anomalies/eldritchground.dbr,gdx2,6,1,,,,,5.0,,,records/creatures/enemies/bios/bio_trap_fireflare_01.dbr,charLevel*1,6323,0.0,0.0,6323,863.0,380.6,0.27000001072883606,0.800000011920929,1.0,25.0,0.8667,records/creatures/anomalies/anm/anm_winddevil_a01.dbr,records/controllers/pets/controller_winddevil.dbr,creatures/anomalies/anomalya01.msh,1.0,Common,2,4,1,,MEASURED,MEASURED,MEASURED
1,,records/creatures/enemies/hero/gargoyle_h05.dbr,Spiron ~ Thundering,hero,109,tree,5,records/skills/nonplayerskills/heroskills/hero loot chests/hero_chest_all_01.dbr,Skill_OnDeathSpawnActor,spawnObjects,records/items/lootchests/d01_chesthero_all_01.dbr,Destructible,False,NON-MONSTER-SPAWN (loot/destructible; not threat),,,,,,,,,,,,,,,,,,,,,,,,,,,,,,,,,,,,,,,,,,
1,,records/creatures/enemies/hero/gargoyle_h05.dbr,Spiron ~ Thundering,hero,109,slot,special3,records/skills/nonplayerskillsgdx2/summoning/gargoyle_summoneldritchground.dbr,Skill_TargetedSpawnPet,spawnObjects,,Monster,True,OK,gdx2,charLevel/4+1,28,0,MEASURED,,records/creatures/anomalies/eldritchground.dbr,gdx2,6,1,,,,,5.0,,,records/creatures/enemies/bios/bio_trap_fireflare_01.dbr,charLevel*1,6323,0.0,0.0,6323,863.0,380.6,0.27000001072883606,0.800000011920929,1.0,25.0,0.8667,records/creatures/anomalies/anm/anm_winddevil_a01.dbr,records/controllers/pets/controller_winddevil.dbr,creatures/anomalies/anomalya01.msh,1.0,Common,2,4,1,,MEASURED,MEASURED,MEASURED
1,,records/creatures/enemies/hero/gargoyle_h05.dbr,Spiron ~ Thundering,hero,109,tree,9,records/skills/nonplayerskillsgdx2/summoning/gargoyle_summoneldritchground.dbr,Skill_TargetedSpawnPet,spawnObjects,,Monster,True,OK,gdx2,charLevel/4+1,28,0,MEASURED,,records/creatures/anomalies/eldritchground.dbr,gdx2,6,1,,,,,5.0,,,records/creatures/enemies/bios/bio_trap_fireflare_01.dbr,charLevel*1,6323,0.0,0.0,6323,863.0,380.6,0.27000001072883606,0.800000011920929,1.0,25.0,0.8667,records/creatures/anomalies/anm/anm_winddevil_a01.dbr,records/controllers/pets/controller_winddevil.dbr,creatures/anomalies/anomalya01.msh,1.0,Common,2,4,1,,MEASURED,MEASURED,MEASURED
1,,records/creatures/enemies/hero/gargoyle_h05.dbr,Spiron ~ Thundering,hero,109,slot,special4,records/skills/nonplayerskillsgdx3/heroskills/archetypes/thundering_summonlightningspike.dbr,Skill_TargetedSpawnPet,spawnObjects,,Monster,True,OK,gdx3,charLevel/4+1,28,0,MEASURED,,records/creatures/enemies/trap_lightningspike_hero_a01.dbr,gdx3|sm3,6,1,,,,,5.0,,,records/creatures/enemies/bios/bio_trap_fireflare_01.dbr,charLevel*1,6323,0.0,0.0,6323,863.0,380.6,0.0,1.0,1.0,,,,records/controllers/enemy/controller_traplightningspike.dbr,fx/meshfx/trap_lightningspike01a.msh,1.0,Common,1,2,1,,MEASURED,MEASURED,ANIM-NOT-RESOLVED
1,,records/creatures/enemies/hero/gargoyle_h05.dbr,Spiron ~ Thundering,hero,109,tree,12,records/skills/nonplayerskillsgdx3/heroskills/archetypes/thundering_summonlightningspike.dbr,Skill_TargetedSpawnPet,spawnObjects,,Monster,True,OK,gdx3,charLevel/4+1,28,0,MEASURED,,records/creatures/enemies/trap_lightningspike_hero_a01.dbr,gdx3|sm3,6,1,,,,,5.0,,,records/creatures/enemies/bios/bio_trap_fireflare_01.dbr,charLevel*1,6323,0.0,0.0,6323,863.0,380.6,0.0,1.0,1.0,,,,records/controllers/enemy/controller_traplightningspike.dbr,fx/meshfx/trap_lightningspike01a.msh,1.0,Common,1,2,1,,MEASURED,MEASURED,ANIM-NOT-RESOLVED
1,,records/creatures/enemies/hero/human_ascended_h02.dbr,Hagras Aetherflame,hero,109,tree,5,records/skills/nonplayerskills/heroskills/hero loot chests/hero_chest_equippedreduced_01.dbr,Skill_OnDeathSpawnActor,spawnObjects,records/items/lootchests/d01_chesthero_equippedreduced_01.dbr,Destructible,False,NON-MONSTER-SPAWN (loot/destructible; not threat),,,,,,,,,,,,,,,,,,,,,,,,,,,,,,,,,,,,,,,,,,
1,,records/creatures/enemies/hero/human_ascended_h02.dbr,Hagras Aetherflame,hero,109,slot,special2,records/skills/nonplayerskillsgdx1/summoning/humanascendant_summonanomaly.dbr,Skill_SpawnPet,spawnObjects,,Monster,True,OK,gdx1,charLevel/4+1,28,0,MEASURED,,records/creatures/anomalies/aetheranomaly_01_summon.dbr,gdx1,2,1,,15.0,,,,,,records/creatures/enemies/bios/bio_trap_fireflare_01.dbr,charLevel*1,6323,0.0,0.0,6323,863.0,380.6,0.36000001430511475,0.20000000298023224,1.0,25.0,3.4667,records/creatures/anomalies/anm/anm_anomaly_a01.dbr,records/controllers/anomaly/controller_aetherialanomaly.dbr,creatures/anomalies/anomalya01.msh,1.0,Common,2,3,1,,MEASURED,MEASURED,MEASURED
1,,records/creatures/enemies/hero/human_ascended_h02.dbr,Hagras Aetherflame,hero,109,tree,13,records/skills/nonplayerskillsgdx1/summoning/humanascendant_summonanomaly.dbr,Skill_SpawnPet,spawnObjects,,Monster,True,OK,gdx1,charLevel/4+1,28,0,MEASURED,,records/creatures/anomalies/aetheranomaly_01_summon.dbr,gdx1,2,1,,15.0,,,,,,records/creatures/enemies/bios/bio_trap_fireflare_01.dbr,charLevel*1,6323,0.0,0.0,6323,863.0,380.6,0.36000001430511475,0.20000000298023224,1.0,25.0,3.4667,records/creatures/anomalies/anm/anm_anomaly_a01.dbr,records/controllers/anomaly/controller_aetherialanomaly.dbr,creatures/anomalies/anomalya01.msh,1.0,Common,2,3,1,,MEASURED,MEASURED,MEASURED
1,,records/creatures/enemies/hero/human_ascended_h05.dbr,Numia Stormeater ~ Thundering,hero,109,tree,5,records/skills/nonplayerskills/heroskills/hero loot chests/hero_chest_equippedreduced_01.dbr,Skill_OnDeathSpawnActor,spawnObjects,records/items/lootchests/d01_chesthero_equippedreduced_01.dbr,Destructible,False,NON-MONSTER-SPAWN (loot/destructible; not threat),,,,,,,,,,,,,,,,,,,,,,,,,,,,,,,,,,,,,,,,,,
1,,records/creatures/enemies/hero/human_ascended_h05.dbr,Numia Stormeater ~ Thundering,hero,109,slot,special2,records/skills/nonplayerskillsgdx1/summoning/humanascendant_summonanomaly.dbr,Skill_SpawnPet,spawnObjects,,Monster,True,OK,gdx1,charLevel/4+1,28,0,MEASURED,,records/creatures/anomalies/aetheranomaly_01_summon.dbr,gdx1,2,1,,15.0,,,,,,records/creatures/enemies/bios/bio_trap_fireflare_01.dbr,charLevel*1,6323,0.0,0.0,6323,863.0,380.6,0.36000001430511475,0.20000000298023224,1.0,25.0,3.4667,records/creatures/anomalies/anm/anm_anomaly_a01.dbr,records/controllers/anomaly/controller_aetherialanomaly.dbr,creatures/anomalies/anomalya01.msh,1.0,Common,2,3,1,,MEASURED,MEASURED,MEASURED
1,,records/creatures/enemies/hero/human_ascended_h05.dbr,Numia Stormeater ~ Thundering,hero,109,tree,9,records/skills/nonplayerskillsgdx1/summoning/humanascendant_summonanomaly.dbr,Skill_SpawnPet,spawnObjects,,Monster,True,OK,gdx1,charLevel/4+1,28,0,MEASURED,,records/creatures/anomalies/aetheranomaly_01_summon.dbr,gdx1,2,1,,15.0,,,,,,records/creatures/enemies/bios/bio_trap_fireflare_01.dbr,charLevel*1,6323,0.0,0.0,6323,863.0,380.6,0.36000001430511475,0.20000000298023224,1.0,25.0,3.4667,records/creatures/anomalies/anm/anm_anomaly_a01.dbr,records/controllers/anomaly/controller_aetherialanomaly.dbr,creatures/anomalies/anomalya01.msh,1.0,Common,2,3,1,,MEASURED,MEASURED,MEASURED
1,,records/creatures/enemies/hero/human_ascended_h05.dbr,Numia Stormeater ~ Thundering,hero,109,slot,special3,records/skills/nonplayerskillsgdx3/heroskills/archetypes/thundering_summonlightningspike.dbr,Skill_TargetedSpawnPet,spawnObjects,,Monster,True,OK,gdx3,charLevel/4+1,28,0,MEASURED,,records/creatures/enemies/trap_lightningspike_hero_a01.dbr,gdx3|sm3,6,1,,,,,5.0,,,records/creatures/enemies/bios/bio_trap_fireflare_01.dbr,charLevel*1,6323,0.0,0.0,6323,863.0,380.6,0.0,1.0,1.0,,,,records/controllers/enemy/controller_traplightningspike.dbr,fx/meshfx/trap_lightningspike01a.msh,1.0,Common,1,2,1,,MEASURED,MEASURED,ANIM-NOT-RESOLVED
1,,records/creatures/enemies/hero/human_ascended_h05.dbr,Numia Stormeater ~ Thundering,hero,109,tree,13,records/skills/nonplayerskillsgdx3/heroskills/archetypes/thundering_summonlightningspike.dbr,Skill_TargetedSpawnPet,spawnObjects,,Monster,True,OK,gdx3,charLevel/4+1,28,0,MEASURED,,records/creatures/enemies/trap_lightningspike_hero_a01.dbr,gdx3|sm3,6,1,,,,,5.0,,,records/creatures/enemies/bios/bio_trap_fireflare_01.dbr,charLevel*1,6323,0.0,0.0,6323,863.0,380.6,0.0,1.0,1.0,,,,records/controllers/enemy/controller_traplightningspike.dbr,fx/meshfx/trap_lightningspike01a.msh,1.0,Common,1,2,1,,MEASURED,MEASURED,ANIM-NOT-RESOLVED
1,,records/creatures/enemies/hero/hypporaven_h01.dbr,Covull ~ Swift,hero,109,tree,5,records/skills/nonplayerskills/heroskills/hero loot chests/hero_chest_all_01.dbr,Skill_OnDeathSpawnActor,spawnObjects,records/items/lootchests/d01_chesthero_all_01.dbr,Destructible,False,NON-MONSTER-SPAWN (loot/destructible; not threat),,,,,,,,,,,,,,,,,,,,,,,,,,,,,,,,,,,,,,,,,,
1,,records/creatures/enemies/hero/hypporaven_h03.dbr,Corvunox ~ Vampiric,hero,109,tree,5,records/skills/nonplayerskills/heroskills/hero loot chests/hero_chest_all_01.dbr,Skill_OnDeathSpawnActor,spawnObjects,records/items/lootchests/d01_chesthero_all_01.dbr,Destructible,False,NON-MONSTER-SPAWN (loot/destructible; not threat),,,,,,,,,,,,,,,,,,,,,,,,,,,,,,,,,,,,,,,,,,
1,,records/creatures/enemies/hero/rhino_h01.dbr,Brimhorn ~ Bramble,hero,109,tree,5,records/skills/nonplayerskills/heroskills/hero loot chests/hero_chest_all_01.dbr,Skill_OnDeathSpawnActor,spawnObjects,records/items/lootchests/d01_chesthero_all_01.dbr,Destructible,False,NON-MONSTER-SPAWN (loot/destructible; not threat),,,,,,,,,,,,,,,,,,,,,,,,,,,,,,,,,,,,,,,,,,
1,,records/creatures/enemies/hero/rhino_h01.dbr,Brimhorn ~ Bramble,hero,109,slot,special2,records/skills/nonplayerskillsgdx3/heroskills/archetypes/bramble_summonbrambletrap.dbr,Skill_TargetedSpawnPet,spawnObjects,,Monster,True,OK,gdx3,charLevel/4+1,28,0,MEASURED,,records/creatures/enemies/trap_brambletrap_a01.dbr,gdx3|sm3,6,1,,,,,5.0,,,records/creatures/enemies/bios/bio_familycrisistarget_01.dbr,charLevel*1+5,15,0.0,0.0,15,669.0,1.0,0.699999988079071,0.30000001192092896,1.0,,,,records/controllers/anomaly/controller_aethercrystalsm.dbr,fx/meshfx/trap_vinesground6x_01a.msh,1.2000000476837158,Common,2,2,1,,MEASURED,MEASURED,ANIM-NOT-RESOLVED
1,,records/creatures/enemies/hero/rhino_h01.dbr,Brimhorn ~ Bramble,hero,109,tree,9,records/skills/nonplayerskillsgdx3/heroskills/archetypes/bramble_summonbrambletrap.dbr,Skill_TargetedSpawnPet,spawnObjects,,Monster,True,OK,gdx3,charLevel/4+1,28,0,MEASURED,,records/creatures/enemies/trap_brambletrap_a01.dbr,gdx3|sm3,6,1,,,,,5.0,,,records/creatures/enemies/bios/bio_familycrisistarget_01.dbr,charLevel*1+5,15,0.0,0.0,15,669.0,1.0,0.699999988079071,0.30000001192092896,1.0,,,,records/controllers/anomaly/controller_aethercrystalsm.dbr,fx/meshfx/trap_vinesground6x_01a.msh,1.2000000476837158,Common,2,2,1,,MEASURED,MEASURED,ANIM-NOT-RESOLVED
1,,records/creatures/enemies/hero/rhino_h02.dbr,Shadowhorn ~ Celestial,hero,109,tree,5,records/skills/nonplayerskills/heroskills/hero loot chests/hero_chest_all_01.dbr,Skill_OnDeathSpawnActor,spawnObjects,records/items/lootchests/d01_chesthero_all_01.dbr,Destructible,False,NON-MONSTER-SPAWN (loot/destructible; not threat),,,,,,,,,,,,,,,,,,,,,,,,,,,,,,,,,,,,,,,,,,
1,,records/creatures/enemies/hero/rhino_h03.dbr,Blazehorn ~ Infernal,hero,109,tree,5,records/skills/nonplayerskills/heroskills/hero loot chests/hero_chest_all_01.dbr,Skill_OnDeathSpawnActor,spawnObjects,records/items/lootchests/d01_chesthero_all_01.dbr,Destructible,False,NON-MONSTER-SPAWN (loot/destructible; not threat),,,,,,,,,,,,,,,,,,,,,,,,,,,,,,,,,,,,,,,,,,
1,,records/creatures/enemies/hero/springscrab_h01.dbr,Sparkmucker ~ Thundering,hero,109,tree,5,records/skills/nonplayerskills/heroskills/hero loot chests/hero_chest_all_01.dbr,Skill_OnDeathSpawnActor,spawnObjects,records/items/lootchests/d01_chesthero_all_01.dbr,Destructible,False,NON-MONSTER-SPAWN (loot/destructible; not threat),,,,,,,,,,,,,,,,,,,,,,,,,,,,,,,,,,,,,,,,,,
1,,records/creatures/enemies/hero/springscrab_h01.dbr,Sparkmucker ~ Thundering,hero,109,slot,special3,records/skills/nonplayerskillsgdx3/heroskills/archetypes/thundering_summonlightningspike.dbr,Skill_TargetedSpawnPet,spawnObjects,,Monster,True,OK,gdx3,charLevel/4+1,28,0,MEASURED,,records/creatures/enemies/trap_lightningspike_hero_a01.dbr,gdx3|sm3,6,1,,,,,5.0,,,records/creatures/enemies/bios/bio_trap_fireflare_01.dbr,charLevel*1,6323,0.0,0.0,6323,863.0,380.6,0.0,1.0,1.0,,,,records/controllers/enemy/controller_traplightningspike.dbr,fx/meshfx/trap_lightningspike01a.msh,1.0,Common,1,2,1,,MEASURED,MEASURED,ANIM-NOT-RESOLVED
1,,records/creatures/enemies/hero/springscrab_h01.dbr,Sparkmucker ~ Thundering,hero,109,tree,13,records/skills/nonplayerskillsgdx3/heroskills/archetypes/thundering_summonlightningspike.dbr,Skill_TargetedSpawnPet,spawnObjects,,Monster,True,OK,gdx3,charLevel/4+1,28,0,MEASURED,,records/creatures/enemies/trap_lightningspike_hero_a01.dbr,gdx3|sm3,6,1,,,,,5.0,,,records/creatures/enemies/bios/bio_trap_fireflare_01.dbr,charLevel*1,6323,0.0,0.0,6323,863.0,380.6,0.0,1.0,1.0,,,,records/controllers/enemy/controller_traplightningspike.dbr,fx/meshfx/trap_lightningspike01a.msh,1.0,Common,1,2,1,,MEASURED,MEASURED,ANIM-NOT-RESOLVED
1,,records/creatures/enemies/hero/springscrab_h01.dbr,Sparkmucker ~ Thundering,hero,109,tree,11,records/skills/nonplayerskillsgdx3/summoning/springscrab_crabgenerator.dbr,Skill_MonsterGenerator,spawnObjects,,Monster,True,OK,gdx3,charLevel/4+1,28,0,MEASURED,,records/creatures/enemies/springscrab_a00_summon.dbr,gdx3|sm3,8,4,,30.0,,,,,,records/creatures/enemies/bios/bio_swampcrab_a00_summon.dbr,charLevel*1,4042,0.0,154.0,10268,560.0,525.5,1.0,1.0,1.0,,0.9333,records/creatures/enemies/anm/anm_swampcrab.dbr,records/controllers/enemy/controller_swampcrab_melee.dbr,creatures/enemies/crabmonstrosity/crabmonstrosity01b.msh,0.5,Common,0,4,2,,MEASURED,MEASURED,MEASURED
1,,records/creatures/enemies/hero/springscrab_h02.dbr,Magecruncher ~ Arcane,hero,109,tree,5,records/skills/nonplayerskills/heroskills/hero loot chests/hero_chest_all_01.dbr,Skill_OnDeathSpawnActor,spawnObjects,records/items/lootchests/d01_chesthero_all_01.dbr,Destructible,False,NON-MONSTER-SPAWN (loot/destructible; not threat),,,,,,,,,,,,,,,,,,,,,,,,,,,,,,,,,,,,,,,,,,
1,,records/creatures/enemies/hero/springscrab_h02.dbr,Magecruncher ~ Arcane,hero,109,tree,11,records/skills/nonplayerskillsgdx3/summoning/springscrab_crabgenerator.dbr,Skill_MonsterGenerator,spawnObjects,,Monster,True,OK,gdx3,charLevel/4+1,28,0,MEASURED,,records/creatures/enemies/springscrab_a00_summon.dbr,gdx3|sm3,8,4,,30.0,,,,,,records/creatures/enemies/bios/bio_swampcrab_a00_summon.dbr,charLevel*1,4042,0.0,154.0,10268,560.0,525.5,1.0,1.0,1.0,,0.9333,records/creatures/enemies/anm/anm_swampcrab.dbr,records/controllers/enemy/controller_swampcrab_melee.dbr,creatures/enemies/crabmonstrosity/crabmonstrosity01b.msh,0.5,Common,0,4,2,,MEASURED,MEASURED,MEASURED
1,,records/creatures/enemies/hero/springscrab_h04.dbr,Muckclaw ~ Unstoppable,hero,109,tree,5,records/skills/nonplayerskills/heroskills/hero loot chests/hero_chest_all_01.dbr,Skill_OnDeathSpawnActor,spawnObjects,records/items/lootchests/d01_chesthero_all_01.dbr,Destructible,False,NON-MONSTER-SPAWN (loot/destructible; not threat),,,,,,,,,,,,,,,,,,,,,,,,,,,,,,,,,,,,,,,,,,
1,,records/creatures/enemies/hero/springscrab_h04.dbr,Muckclaw ~ Unstoppable,hero,109,tree,11,records/skills/nonplayerskillsgdx3/summoning/springscrab_crabgenerator.dbr,Skill_MonsterGenerator,spawnObjects,,Monster,True,OK,gdx3,charLevel/4+1,28,0,MEASURED,,records/creatures/enemies/springscrab_a00_summon.dbr,gdx3|sm3,8,4,,30.0,,,,,,records/creatures/enemies/bios/bio_swampcrab_a00_summon.dbr,charLevel*1,4042,0.0,154.0,10268,560.0,525.5,1.0,1.0,1.0,,0.9333,records/creatures/enemies/anm/anm_swampcrab.dbr,records/controllers/enemy/controller_swampcrab_melee.dbr,creatures/enemies/crabmonstrosity/crabmonstrosity01b.msh,0.5,Common,0,4,2,,MEASURED,MEASURED,MEASURED
1,,records/creatures/enemies/hero/swampgolem_h01.dbr,Ferrosius ~ Swift,hero,109,tree,5,records/skills/nonplayerskills/heroskills/hero loot chests/hero_chest_all_01.dbr,Skill_OnDeathSpawnActor,spawnObjects,records/items/lootchests/d01_chesthero_all_01.dbr,Destructible,False,NON-MONSTER-SPAWN (loot/destructible; not threat),,,,,,,,,,,,,,,,,,,,,,,,,,,,,,,,,,,,,,,,,,
1,,records/creatures/enemies/hero/swampgolem_h01.dbr,Ferrosius ~ Swift,hero,109,slot,special3,records/skills/nonplayerskillsgdx1/summoning/swampgolem_spawnplants.dbr,Skill_SpawnPet,spawnObjects,,Monster,True,OK,gdx1,charLevel/4+1,28,0,MEASURED,,records/creatures/enemies/livingplant_a01_summon.dbr,gdx1|sm1,3,,,20.0,,,,,,records/creatures/enemies/bios/bio_livingplant_a01.dbr,charLevel*1+5,27652,0.0,169.0,74383,803.0,511.6,1.0,1.0,1.0,,0.96,records/creatures/enemies/anm/anm_carnivorousplant_p2_summon.dbr,records/controllers/enemy/controller_livingplant.dbr,creatures/enemies/carnivorousplant/carnivorousplant01a_p2.msh,0.699999988079071,Common,2,6,4,,MEASURED,MEASURED,MEASURED
1,,records/creatures/enemies/hero/swampgolem_h01.dbr,Ferrosius ~ Swift,hero,109,tree,10,records/skills/nonplayerskillsgdx1/summoning/swampgolem_spawnplants.dbr,Skill_SpawnPet,spawnObjects,,Monster,True,OK,gdx1,charLevel/4+1,28,0,MEASURED,,records/creatures/enemies/livingplant_a01_summon.dbr,gdx1|sm1,3,,,20.0,,,,,,records/creatures/enemies/bios/bio_livingplant_a01.dbr,charLevel*1+5,27652,0.0,169.0,74383,803.0,511.6,1.0,1.0,1.0,,0.96,records/creatures/enemies/anm/anm_carnivorousplant_p2_summon.dbr,records/controllers/enemy/controller_livingplant.dbr,creatures/enemies/carnivorousplant/carnivorousplant01a_p2.msh,0.699999988079071,Common,2,6,4,,MEASURED,MEASURED,MEASURED
1,,records/creatures/enemies/hero/swampgolem_h02.dbr,Titanius Steelskin ~ Defender,hero,109,tree,5,records/skills/nonplayerskills/heroskills/hero loot chests/hero_chest_all_01.dbr,Skill_OnDeathSpawnActor,spawnObjects,records/items/lootchests/d01_chesthero_all_01.dbr,Destructible,False,NON-MONSTER-SPAWN (loot/destructible; not threat),,,,,,,,,,,,,,,,,,,,,,,,,,,,,,,,,,,,,,,,,,
1,,records/creatures/enemies/hero/swampgolem_h02.dbr,Titanius Steelskin ~ Defender,hero,109,slot,special3,records/skills/nonplayerskillsgdx1/summoning/swampgolem_spawnplants.dbr,Skill_SpawnPet,spawnObjects,,Monster,True,OK,gdx1,charLevel/4+1,28,0,MEASURED,,records/creatures/enemies/livingplant_a01_summon.dbr,gdx1|sm1,3,,,20.0,,,,,,records/creatures/enemies/bios/bio_livingplant_a01.dbr,charLevel*1+5,27652,0.0,169.0,74383,803.0,511.6,1.0,1.0,1.0,,0.96,records/creatures/enemies/anm/anm_carnivorousplant_p2_summon.dbr,records/controllers/enemy/controller_livingplant.dbr,creatures/enemies/carnivorousplant/carnivorousplant01a_p2.msh,0.699999988079071,Common,2,6,4,,MEASURED,MEASURED,MEASURED
1,,records/creatures/enemies/hero/swampgolem_h02.dbr,Titanius Steelskin ~ Defender,hero,109,tree,10,records/skills/nonplayerskillsgdx1/summoning/swampgolem_spawnplants.dbr,Skill_SpawnPet,spawnObjects,,Monster,True,OK,gdx1,charLevel/4+1,28,0,MEASURED,,records/creatures/enemies/livingplant_a01_summon.dbr,gdx1|sm1,3,,,20.0,,,,,,records/creatures/enemies/bios/bio_livingplant_a01.dbr,charLevel*1+5,27652,0.0,169.0,74383,803.0,511.6,1.0,1.0,1.0,,0.96,records/creatures/enemies/anm/anm_carnivorousplant_p2_summon.dbr,records/controllers/enemy/controller_livingplant.dbr,creatures/enemies/carnivorousplant/carnivorousplant01a_p2.msh,0.699999988079071,Common,2,6,4,,MEASURED,MEASURED,MEASURED
1,,records/creatures/enemies/hero/swampgolem_h05.dbr,Frulgar ~ Infernal,hero,109,tree,5,records/skills/nonplayerskills/heroskills/hero loot chests/hero_chest_all_01.dbr,Skill_OnDeathSpawnActor,spawnObjects,records/items/lootchests/d01_chesthero_all_01.dbr,Destructible,False,NON-MONSTER-SPAWN (loot/destructible; not threat),,,,,,,,,,,,,,,,,,,,,,,,,,,,,,,,,,,,,,,,,,
1,,records/creatures/enemies/hero/swampgolem_h05.dbr,Frulgar ~ Infernal,hero,109,slot,special3,records/skills/nonplayerskillsgdx1/summoning/swampgolem_spawnplants.dbr,Skill_SpawnPet,spawnObjects,,Monster,True,OK,gdx1,charLevel/4+1,28,0,MEASURED,,records/creatures/enemies/livingplant_a01_summon.dbr,gdx1|sm1,3,,,20.0,,,,,,records/creatures/enemies/bios/bio_livingplant_a01.dbr,charLevel*1+5,27652,0.0,169.0,74383,803.0,511.6,1.0,1.0,1.0,,0.96,records/creatures/enemies/anm/anm_carnivorousplant_p2_summon.dbr,records/controllers/enemy/controller_livingplant.dbr,creatures/enemies/carnivorousplant/carnivorousplant01a_p2.msh,0.699999988079071,Common,2,6,4,,MEASURED,MEASURED,MEASURED
1,,records/creatures/enemies/hero/swampgolem_h05.dbr,Frulgar ~ Infernal,hero,109,tree,10,records/skills/nonplayerskillsgdx1/summoning/swampgolem_spawnplants.dbr,Skill_SpawnPet,spawnObjects,,Monster,True,OK,gdx1,charLevel/4+1,28,0,MEASURED,,records/creatures/enemies/livingplant_a01_summon.dbr,gdx1|sm1,3,,,20.0,,,,,,records/creatures/enemies/bios/bio_livingplant_a01.dbr,charLevel*1+5,27652,0.0,169.0,74383,803.0,511.6,1.0,1.0,1.0,,0.96,records/creatures/enemies/anm/anm_carnivorousplant_p2_summon.dbr,records/controllers/enemy/controller_livingplant.dbr,creatures/enemies/carnivorousplant/carnivorousplant01a_p2.msh,0.699999988079071,Common,2,6,4,,MEASURED,MEASURED,MEASURED
1,,records/creatures/enemies/hero/viper_h02.dbr,Arashor,hero,109,tree,5,records/skills/nonplayerskills/heroskills/hero loot chests/hero_chest_all_01.dbr,Skill_OnDeathSpawnActor,spawnObjects,records/items/lootchests/d01_chesthero_all_01.dbr,Destructible,False,NON-MONSTER-SPAWN (loot/destructible; not threat),,,,,,,,,,,,,,,,,,,,,,,,,,,,,,,,,,,,,,,,,,
1,,records/creatures/enemies/hero/viper_h04.dbr,Cespal ~ Arcane,hero,109,tree,5,records/skills/nonplayerskills/heroskills/hero loot chests/hero_chest_all_01.dbr,Skill_OnDeathSpawnActor,spawnObjects,records/items/lootchests/d01_chesthero_all_01.dbr,Destructible,False,NON-MONSTER-SPAWN (loot/destructible; not threat),,,,,,,,,,,,,,,,,,,,,,,,,,,,,,,,,,,,,,,,,,
1,,records/creatures/enemies/hero/wendigo_h01.dbr,Vollarius ~ Arcane,hero,109,tree,5,records/skills/nonplayerskills/heroskills/hero loot chests/hero_chest_all_01.dbr,Skill_OnDeathSpawnActor,spawnObjects,records/items/lootchests/d01_chesthero_all_01.dbr,Destructible,False,NON-MONSTER-SPAWN (loot/destructible; not threat),,,,,,,,,,,,,,,,,,,,,,,,,,,,,,,,,,,,,,,,,,
1,,records/creatures/enemies/hero/wendigo_h04.dbr,Ravagrad ~ Unstoppable,hero,109,tree,5,records/skills/nonplayerskills/heroskills/hero loot chests/hero_chest_all_01.dbr,Skill_OnDeathSpawnActor,spawnObjects,records/items/lootchests/d01_chesthero_all_01.dbr,Destructible,False,NON-MONSTER-SPAWN (loot/destructible; not threat),,,,,,,,,,,,,,,,,,,,,,,,,,,,,,,,,,,,,,,,,,
1,,records/creatures/enemies/human_wendigo_c01.dbr,Ugdenbog Cannibal ~ Wraithspeaker,trash,103,slot,special2,records/skills/nonplayerskillsgdx1/attackrangeddirect/humanwendigo_reapspirit.dbr,Skill_AttackSpellChaosSpawnPet,spawnObjects,,Monster,True,OK,gdx1,charLevel/4+1,26,60,MEASURED,,records/creatures/enemies/wraith_a01_summon.dbr,gdx1|sm1,3,,,16.0,,,,,,records/creatures/enemies/bios/bio_wraith_a01.dbr,charLevel*1,12983,0.0,154.0,32978,648.0,378.5,0.8999999761581421,1.0,1.0,,1.1467,records/creatures/enemies/anm/anm_wraith.dbr,records/controllers/enemy/controller_wraith.dbr,creatures/enemies/wraith/wraith01a.msh,1.0,Common,1,5,3,,MEASURED,MEASURED,MEASURED
1,,records/creatures/enemies/human_wendigo_c01.dbr,Ugdenbog Cannibal ~ Wraithspeaker,trash,103,tree,7,records/skills/nonplayerskillsgdx1/attackrangeddirect/humanwendigo_reapspirit.dbr,Skill_AttackSpellChaosSpawnPet,spawnObjects,,Monster,True,OK,gdx1,charLevel/4+1,26,60,MEASURED,,records/creatures/enemies/wraith_a01_summon.dbr,gdx1|sm1,3,,,16.0,,,,,,records/creatures/enemies/bios/bio_wraith_a01.dbr,charLevel*1,12983,0.0,154.0,32978,648.0,378.5,0.8999999761581421,1.0,1.0,,1.1467,records/creatures/enemies/anm/anm_wraith.dbr,records/controllers/enemy/controller_wraith.dbr,creatures/enemies/wraith/wraith01a.msh,1.0,Common,1,5,3,,MEASURED,MEASURED,MEASURED
1,,records/creatures/enemies/nemesis/nemesis_aetherial_01.dbr,"Valdaran, the Storm Scourge",nemesis,109,tree,16,records/skills/nonplayerskills/bossskills/nemesis/chestnemesis_01.dbr,Skill_OnDeathSpawnActor,spawnObjects,records/items/lootchests/n01_nemesischest_01.dbr,FixedItemContainer,False,NON-MONSTER-SPAWN (loot/destructible; not threat),,,,,,,,,,,,,,,,,,,,,,,,,,,,,,,,,,,,,,,,,,
1,,records/creatures/enemies/nemesis/nemesis_aetherialvanguard_01.dbr,Archmage Aleksander,nemesis,109,tree,12,records/skills/nonplayerskills/bossskills/nemesis/chestnemesis_01.dbr,Skill_OnDeathSpawnActor,spawnObjects,records/items/lootchests/n01_nemesischest_01.dbr,FixedItemContainer,False,NON-MONSTER-SPAWN (loot/destructible; not threat),,,,,,,,,,,,,,,,,,,,,,,,,,,,,,,,,,,,,,,,,,
1,,records/creatures/enemies/nemesis/nemesis_aetherialvanguard_01.dbr,Archmage Aleksander,nemesis,109,slot,special3,records/skills/nonplayerskillsgdx1/bossskills/nemesis/aetherialvanguard_summonshard.dbr,Skill_SpawnPetMonster,spawnObjects,,Monster,True,OK,gdx1,(charLevel/4)+1,28,0,MEASURED,,records/skills/nonplayerskillsgdx1/bossskills/nemesis/aetherialvanguard_crystal.dbr,gdx1,6,2,,45.0,,,,,,records/creatures/enemies/bios/bio_boss_nemesis_clustersummon.dbr,charLevel*1+3,9204,0.0,169.0,24759,813.0,715.8,0.800000011920929,0.4000000059604645,1.0,,1.7333,records/creatures/anomalies/anm/anm_aetherialcrystal_darius_summoned_a01.dbr,records/controllers/enemy/controller_nemesis_aethercrystal.dbr,fx/meshfx/aethercrystals01_summon.msh,1.149999976158142,Champion,3,6,3,,MEASURED,MEASURED,MEASURED
1,,records/creatures/enemies/nemesis/nemesis_aetherialvanguard_01.dbr,Archmage Aleksander,nemesis,109,tree,9,records/skills/nonplayerskillsgdx1/bossskills/nemesis/aetherialvanguard_summonshard.dbr,Skill_SpawnPetMonster,spawnObjects,,Monster,True,OK,gdx1,(charLevel/4)+1,28,0,MEASURED,,records/skills/nonplayerskillsgdx1/bossskills/nemesis/aetherialvanguard_crystal.dbr,gdx1,6,2,,45.0,,,,,,records/creatures/enemies/bios/bio_boss_nemesis_clustersummon.dbr,charLevel*1+3,9204,0.0,169.0,24759,813.0,715.8,0.800000011920929,0.4000000059604645,1.0,,1.7333,records/creatures/anomalies/anm/anm_aetherialcrystal_darius_summoned_a01.dbr,records/controllers/enemy/controller_nemesis_aethercrystal.dbr,fx/meshfx/aethercrystals01_summon.msh,1.149999976158142,Champion,3,6,3,,MEASURED,MEASURED,MEASURED
1,,records/creatures/enemies/nemesis/nemesis_beast_01_p1.dbr,"Kubacabra, the Endless Menace",nemesis,109,tree,14,records/skills/nonplayerskillsgdx1/bossskills/nemesis/beast_summon_bloodpool_attacksecondary.dbr,Skill_TargetedSpawnPet,spawnObjects,,Monster,True,OK,gdx1|sm1,charLevel/4+1,28,0,MEASURED,,records/skills/nonplayerskillsgdx1/bossskills/nemesis/beast_bloodpool.dbr,gdx1,4,1,,12.0,,,4.0,,,records/creatures/enemies/bios/bio_boss_nemesis_clustersummon.dbr,charLevel*1,9204,0.0,0.0,9204,813.0,715.8,1.0,1.0,1.0,,,,records/controllers/pets/controller_totemwendigo.dbr,creatures/anomalies/anomalya02_sigil.msh,1.0,Common,1,4,1,,MEASURED,MEASURED,ANIM-NOT-RESOLVED
1,,records/creatures/enemies/nemesis/nemesis_chthonianvoidborn_01.dbr,"Grava'Thul, the Voiddrinker",nemesis,109,tree,15,records/skills/nonplayerskills/bossskills/nemesis/chestnemesis_01.dbr,Skill_OnDeathSpawnActor,spawnObjects,records/items/lootchests/n01_nemesischest_01.dbr,FixedItemContainer,False,NON-MONSTER-SPAWN (loot/destructible; not threat),,,,,,,,,,,,,,,,,,,,,,,,,,,,,,,,,,,,,,,,,,
1,,records/creatures/enemies/nemesis/nemesis_chthonianvoidborn_01.dbr,"Grava'Thul, the Voiddrinker",nemesis,109,tree,12,records/skills/nonplayerskillsgdx1/bossskills/nemesis/chthonian02_summonvoid_gust.dbr,Skill_TargetedSpawnPet,spawnObjects,,Monster,True,OK,gdx1|sm1,charLevel/4+1,28,0,MEASURED,,records/skills/nonplayerskillsgdx1/bossskills/nemesis/chthonian02_void.dbr,gdx1,2,1,,,,,,,,records/creatures/enemies/bios/bio_boss_nemesis_clustersummon.dbr,charLevel*1,9204,0.0,0.0,9204,813.0,715.8,0.30000001192092896,0.800000011920929,1.0,25.0,0.8667,records/creatures/anomalies/anm/anm_winddevil_a01.dbr,records/controllers/enemy/controller_winddevil.dbr,creatures/anomalies/anomalya01.msh,1.0,Common,1,3,1,,MEASURED,MEASURED,MEASURED
1,,records/creatures/enemies/nemesis/nemesis_chthonianvoidborn_01.dbr,"Grava'Thul, the Voiddrinker",nemesis,109,tree,14,records/skills/nonplayerskillsgdx1/bossskills/nemesis/chthonian02_summonvoid_secondary.dbr,Skill_TargetedSpawnPet,spawnObjects,,Monster,True,OK,gdx1|sm1,charLevel/4+1,28,0,MEASURED,,records/skills/nonplayerskillsgdx1/bossskills/nemesis/chthonian02_void.dbr,gdx1,3,1,,,,,3.0,,,records/creatures/enemies/bios/bio_boss_nemesis_clustersummon.dbr,charLevel*1,9204,0.0,0.0,9204,813.0,715.8,0.30000001192092896,0.800000011920929,1.0,25.0,0.8667,records/creatures/anomalies/anm/anm_winddevil_a01.dbr,records/controllers/enemy/controller_winddevil.dbr,creatures/anomalies/anomalya01.msh,1.0,Common,1,3,1,,MEASURED,MEASURED,MEASURED
1,,records/creatures/enemies/nemesis/nemesis_chthonickurn_01.dbr,"Nyarlathon, Herald of Annihilation",nemesis,109,slot,special2,records/skills/nonplayerskillsgdx3/bossskills/nemesis/chthonickurn_summoncluster.dbr,Skill_TargetedSpawnPet,spawnObjects,,Monster,True,OK,gdx3,charLevel/4+1,28,0,MEASURED,100,records/creatures/enemies/nemesis/nemesis_chthonian_02_clustersummon.dbr,base|sm_mod,24,2,,60.0,,,,,,records/creatures/enemies/bios/bio_boss_nemesis_clustersummon.dbr,charLevel*1,9204,0.0,169.0,24759,813.0,715.8,0.800000011920929,0.0,1.0,,0.6933,records/creatures/anomalies/anm/anm_aetherialcrystal_darius_summoned_a01.dbr,records/controllers/pets/controller_icewall.dbr,fx/meshfx/obsidianwall01_summon.msh,1.100000023841858,Common,1,3,1,,MEASURED,MEASURED,MEASURED
1,,records/creatures/enemies/nemesis/nemesis_chthonickurn_01.dbr,"Nyarlathon, Herald of Annihilation",nemesis,109,tree,10,records/skills/nonplayerskillsgdx3/bossskills/nemesis/chthonickurn_summoncluster.dbr,Skill_TargetedSpawnPet,spawnObjects,,Monster,True,OK,gdx3,charLevel/4+1,28,0,MEASURED,100,records/creatures/enemies/nemesis/nemesis_chthonian_02_clustersummon.dbr,base|sm_mod,24,2,,60.0,,,,,,records/creatures/enemies/bios/bio_boss_nemesis_clustersummon.dbr,charLevel*1,9204,0.0,169.0,24759,813.0,715.8,0.800000011920929,0.0,1.0,,0.6933,records/creatures/anomalies/anm/anm_aetherialcrystal_darius_summoned_a01.dbr,records/controllers/pets/controller_icewall.dbr,fx/meshfx/obsidianwall01_summon.msh,1.100000023841858,Common,1,3,1,,MEASURED,MEASURED,MEASURED
1,,records/creatures/enemies/nemesis/nemesis_orderdeathsvigil_01.dbr,"Zantarin, the Immortal",nemesis,109,tree,15,records/skills/nonplayerskills/bossskills/nemesis/chestnemesis_01.dbr,Skill_OnDeathSpawnActor,spawnObjects,records/items/lootchests/n01_nemesischest_01.dbr,FixedItemContainer,False,NON-MONSTER-SPAWN (loot/destructible; not threat),,,,,,,,,,,,,,,,,,,,,,,,,,,,,,,,,,,,,,,,,,
1,,records/creatures/enemies/nemesis/nemesis_orderdeathsvigil_01.dbr,"Zantarin, the Immortal",nemesis,109,tree,13,records/skills/nonplayerskills/bossskills/nemesis/zantarin_reactivesummonskeletalarcher.dbr,Skill_SpawnPetMonster,spawnObjects,,Monster,True,OK,base,charLevel/4+1,28,0,MEASURED,,records/creatures/enemies/faction/skeleton_a02_summon.dbr,base|sm_mod,12,2,,45.0,,,,,,records/creatures/enemies/bios/bio_skeletonfodder_01.dbr,charLevel*1,3702,0.0,154.0,9403,662.2,401.5,1.100000023841858,1.100000023841858,1.0,,1.0343,records/creatures/enemies/anm/anm_skeleton_fast.dbr,records/controllers/enemy/controller_skeleton_rangedbasic.dbr,creatures/enemies/skeleton/skeleton_basedefault_01a.msh,1.0,Common,0,4,1,,MEASURED,MEASURED,MEASURED
1,,records/creatures/enemies/nemesis/nemesis_orderdeathsvigil_01.dbr,"Zantarin, the Immortal",nemesis,109,slot,special4,records/skills/nonplayerskills/bossskills/nemesis/zantarin_summonrevenant.dbr,Skill_SpawnPetMonster,spawnObjects,,Monster,True,OK,base,charLevel/4+1,28,0,MEASURED,,records/creatures/enemies/nemesis/nemesis_orderdeathsvigil_01_revenantsummon.dbr,base|sm_mod,3,1,,75.0,,,,,,records/creatures/enemies/bios/bio_hero_standard_01.dbr,charLevel*1+2,41497,0.0,169.0,111628,855.0,756.2,1.100000023841858,1.0,1.0,,1.1378,records/creatures/enemies/anm/anm_skeleton.dbr,records/controllers/enemy/controller_skeletoncaster01.dbr,creatures/enemies/skeleton/skeleton_baseheavy_deathly_01a.msh,1.159999966621399,Champion,4,11,5,records/creatures/enemies/faction/skeleton_a01_summon.dbr|records/creatures/enemies/faction/skeleton_a02_summon.dbr|records/creatures/enemies/faction/skeleton_b02_knight_summon.dbr,MEASURED,MEASURED,MEASURED
1,,records/creatures/enemies/nemesis/nemesis_orderdeathsvigil_01.dbr,"Zantarin, the Immortal",nemesis,109,tree,6,records/skills/nonplayerskills/bossskills/nemesis/zantarin_summonrevenant.dbr,Skill_SpawnPetMonster,spawnObjects,,Monster,True,OK,base,charLevel/4+1,28,0,MEASURED,,records/creatures/enemies/nemesis/nemesis_orderdeathsvigil_01_revenantsummon.dbr,base|sm_mod,3,1,,75.0,,,,,,records/creatures/enemies/bios/bio_hero_standard_01.dbr,charLevel*1+2,41497,0.0,169.0,111628,855.0,756.2,1.100000023841858,1.0,1.0,,1.1378,records/creatures/enemies/anm/anm_skeleton.dbr,records/controllers/enemy/controller_skeletoncaster01.dbr,creatures/enemies/skeleton/skeleton_baseheavy_deathly_01a.msh,1.159999966621399,Champion,4,11,5,records/creatures/enemies/faction/skeleton_a01_summon.dbr|records/creatures/enemies/faction/skeleton_a02_summon.dbr|records/creatures/enemies/faction/skeleton_b02_knight_summon.dbr,MEASURED,MEASURED,MEASURED
1,,records/creatures/enemies/nemesis/nemesis_outlaw_01.dbr,"Fabius ""the Unseen"" Gonzar",nemesis,109,tree,16,records/skills/nonplayerskills/bossskills/nemesis/chestnemesis_01.dbr,Skill_OnDeathSpawnActor,spawnObjects,records/items/lootchests/n01_nemesischest_01.dbr,FixedItemContainer,False,NON-MONSTER-SPAWN (loot/destructible; not threat),,,,,,,,,,,,,,,,,,,,,,,,,,,,,,,,,,,,,,,,,,
1,,records/creatures/enemies/nemesis/nemesis_outlaw_01.dbr,"Fabius ""the Unseen"" Gonzar",nemesis,109,slot,special2,records/skills/nonplayerskills/bossskills/nemesis/fabius_bladeswarm.dbr,Skill_AttackProjectileSpawnPet,spawnObjects,,Monster,True,OK,base,charLevel/4+1,28,0,MEASURED,,records/skills/nonplayerskills/bossskills/pets/bladeswarm_a01.dbr,base|sm_mod,5,,,12.0,,,,,,records/skills/nonplayerskills/heroskills/pets/bio_bladeswarm_01.dbr,charLevel*1,15126,0.0,0.0,15126,704.0,570.0,0.800000011920929,1.0,1.0,95.0,0.6933,records/creatures/anomalies/anm/anm_anomaly_a01.dbr,records/controllers/pets/controller_bladeswarm_normal.dbr,creatures/enemies/bladeswarm/bladeswarma01.msh,1.0,Common,3,2,2,,MEASURED,MEASURED,MEASURED
1,,records/creatures/enemies/nemesis/nemesis_outlaw_01.dbr,"Fabius ""the Unseen"" Gonzar",nemesis,109,tree,6,records/skills/nonplayerskills/bossskills/nemesis/fabius_bladeswarm.dbr,Skill_AttackProjectileSpawnPet,spawnObjects,,Monster,True,OK,base,charLevel/4+1,28,0,MEASURED,,records/skills/nonplayerskills/bossskills/pets/bladeswarm_a01.dbr,base|sm_mod,5,,,12.0,,,,,,records/skills/nonplayerskills/heroskills/pets/bio_bladeswarm_01.dbr,charLevel*1,15126,0.0,0.0,15126,704.0,570.0,0.800000011920929,1.0,1.0,95.0,0.6933,records/creatures/anomalies/anm/anm_anomaly_a01.dbr,records/controllers/pets/controller_bladeswarm_normal.dbr,creatures/enemies/bladeswarm/bladeswarma01.msh,1.0,Common,3,2,2,,MEASURED,MEASURED,MEASURED
1,,records/creatures/enemies/nemesis/nemesis_outlaw_01.dbr,"Fabius ""the Unseen"" Gonzar",nemesis,109,slot,special3,records/skills/nonplayerskills/bossskills/nemesis/fabius_bladeswarm_longrange.dbr,Skill_AttackProjectileSpawnPet,spawnObjects,,Monster,True,OK,base,charLevel/4+1,28,0,MEASURED,,records/skills/nonplayerskills/bossskills/pets/bladeswarm_a01.dbr,base|sm_mod,5,,,10.0,,,,,,records/skills/nonplayerskills/heroskills/pets/bio_bladeswarm_01.dbr,charLevel*1,15126,0.0,0.0,15126,704.0,570.0,0.800000011920929,1.0,1.0,95.0,0.6933,records/creatures/anomalies/anm/anm_anomaly_a01.dbr,records/controllers/pets/controller_bladeswarm_normal.dbr,creatures/enemies/bladeswarm/bladeswarma01.msh,1.0,Common,3,2,2,,MEASURED,MEASURED,MEASURED
1,,records/creatures/enemies/nemesis/nemesis_outlaw_01.dbr,"Fabius ""the Unseen"" Gonzar",nemesis,109,tree,14,records/skills/nonplayerskills/bossskills/nemesis/fabius_bladeswarm_longrange.dbr,Skill_AttackProjectileSpawnPet,spawnObjects,,Monster,True,OK,base,charLevel/4+1,28,0,MEASURED,,records/skills/nonplayerskills/bossskills/pets/bladeswarm_a01.dbr,base|sm_mod,5,,,10.0,,,,,,records/skills/nonplayerskills/heroskills/pets/bio_bladeswarm_01.dbr,charLevel*1,15126,0.0,0.0,15126,704.0,570.0,0.800000011920929,1.0,1.0,95.0,0.6933,records/creatures/anomalies/anm/anm_anomaly_a01.dbr,records/controllers/pets/controller_bladeswarm_normal.dbr,creatures/enemies/bladeswarm/bladeswarma01.msh,1.0,Common,3,2,2,,MEASURED,MEASURED,MEASURED
1,,records/creatures/enemies/nemesis/nemesis_wendigo_01.dbr,Reaper of the Lost,nemesis,109,tree,16,records/skills/nonplayerskills/bossskills/nemesis/chestnemesis_01.dbr,Skill_OnDeathSpawnActor,spawnObjects,records/items/lootchests/n01_nemesischest_01.dbr,FixedItemContainer,False,NON-MONSTER-SPAWN (loot/destructible; not threat),,,,,,,,,,,,,,,,,,,,,,,,,,,,,,,,,,,,,,,,,,
1,,records/creatures/enemies/nemesis/nemesis_wendigo_01.dbr,Reaper of the Lost,nemesis,109,slot,special2,records/skills/nonplayerskillsgdx1/bossskills/nemesis/wendigo_summonwraiths.dbr,Skill_SpawnPet,spawnObjects,,Monster,True,OK,gdx1,charLevel/4+1,28,0,MEASURED,75,records/creatures/enemies/wraith_b01_summon.dbr,gdx1|sm1,12,2,,45.0,,,,,,records/creatures/enemies/bios/bio_wraith_b01.dbr,charLevel*1,22226,0.0,154.0,56454,694.0,510.5,0.800000011920929,1.0,1.0,,1.1467,records/creatures/enemies/anm/anm_wraith.dbr,records/controllers/enemy/controller_wraith.dbr,creatures/enemies/wraith/wraith01a.msh,1.149999976158142,Champion,4,8,5,,MEASURED,MEASURED,MEASURED
1,,records/creatures/enemies/nemesis/nemesis_wendigo_01.dbr,Reaper of the Lost,nemesis,109,tree,10,records/skills/nonplayerskillsgdx1/bossskills/nemesis/wendigo_summonwraiths.dbr,Skill_SpawnPet,spawnObjects,,Monster,True,OK,gdx1,charLevel/4+1,28,0,MEASURED,75,records/creatures/enemies/wraith_b01_summon.dbr,gdx1|sm1,12,2,,45.0,,,,,,records/creatures/enemies/bios/bio_wraith_b01.dbr,charLevel*1,22226,0.0,154.0,56454,694.0,510.5,0.800000011920929,1.0,1.0,,1.1467,records/creatures/enemies/anm/anm_wraith.dbr,records/controllers/enemy/controller_wraith.dbr,creatures/enemies/wraith/wraith01a.msh,1.149999976158142,Champion,4,8,5,,MEASURED,MEASURED,MEASURED
1,,records/creatures/enemies/nemesis/nemesis_wendigo_01.dbr,Reaper of the Lost,nemesis,109,slot,special2,records/skills/nonplayerskillsgdx1/bossskills/nemesis/wendigo_summonwraiths.dbr,Skill_SpawnPet,spawnObjects2,,Monster,True,OK,gdx1,charLevel/4+1,28,0,MEASURED,25,records/creatures/enemies/wraith_c01_summon.dbr,gdx1|sm1,12,2,,45.0,,,,,,records/creatures/enemies/bios/bio_wraith_c01.dbr,charLevel*1,37101,0.0,169.0,99802,704.0,342.0,0.699999988079071,1.0,1.0,,1.1467,records/creatures/enemies/anm/anm_wraith.dbr,records/controllers/enemy/controller_wraith_ranged.dbr,creatures/enemies/wraith/wraith01b.msh,1.25,Champion,6,10,8,,MEASURED,MEASURED,MEASURED
1,,records/creatures/enemies/nemesis/nemesis_wendigo_01.dbr,Reaper of the Lost,nemesis,109,tree,10,records/skills/nonplayerskillsgdx1/bossskills/nemesis/wendigo_summonwraiths.dbr,Skill_SpawnPet,spawnObjects2,,Monster,True,OK,gdx1,charLevel/4+1,28,0,MEASURED,25,records/creatures/enemies/wraith_c01_summon.dbr,gdx1|sm1,12,2,,45.0,,,,,,records/creatures/enemies/bios/bio_wraith_c01.dbr,charLevel*1,37101,0.0,169.0,99802,704.0,342.0,0.699999988079071,1.0,1.0,,1.1467,records/creatures/enemies/anm/anm_wraith.dbr,records/controllers/enemy/controller_wraith_ranged.dbr,creatures/enemies/wraith/wraith01b.msh,1.25,Champion,6,10,8,,MEASURED,MEASURED,MEASURED
1,,records/creatures/enemies/swampcrab_c01.dbr,Ugdenbog Stoneshell,trash,104,tree,7,records/skills/nonplayerskillsgdx1/summoning/swampcrab_crabgenerator.dbr,Skill_MonsterGenerator,spawnObjects,,Monster,True,OK,gdx1,charLevel/4+1,27,0,MEASURED,,records/creatures/enemies/swampcrab_a00_summon.dbr,gdx1|sm1,8,4,,30.0,,,,,,records/creatures/enemies/bios/bio_swampcrab_a00_summon.dbr,charLevel*1,3808,0.0,154.0,9672,535.0,503.0,1.0,1.0,1.0,,0.9333,records/creatures/enemies/anm/anm_swampcrab.dbr,records/controllers/enemy/controller_swampcrab_melee.dbr,creatures/enemies/crabmonstrosity/crabmonstrosity01b.msh,0.5,Common,0,4,2,,MEASURED,MEASURED,MEASURED
2,records/creatures/enemies/bonerat_witchgod_b01_summon.dbr,records/creatures/enemies/bonerat_witchgod_b01_summon.dbr,bonerat_witchgod_b01_summon,pet_of:boss&quest,109,tree,7,records/skills/nonplayerskills/summoning/bonerat_witchgod_swarmgenerator.dbr,Skill_MonsterGenerator,spawnObjects,,Monster,True,OK,base|sm_mod,1,1,0,MEASURED,,records/creatures/enemies/insectswarm_a01_summon.dbr,base,3,1,6.0,25.0,,,8.0,,,records/creatures/enemies/bios/bio_insectswarm_01.dbr,charLevel*1,390,0.0,154.0,990,887.0,882.0,1.5,1.0,1.0,75.0,0.68,records/creatures/enemies/anm/anm_aetherialwisp.dbr,records/controllers/enemy/controller_insectswarm.dbr,creatures/enemies/insectswarm/insectswarm01.msh,1.0,Champion,1,4,2,,MEASURED,MEASURED,MEASURED
2,records/creatures/enemies/chthonianminion_b01_summon.dbr,records/creatures/enemies/chthonianminion_b01_summon.dbr,chthonianminion_b01_summon,pet_of:boss&quest,106,slot,special4,records/skills/nonplayerskills/summoning/chthonicminion_summonvoidfienda01.dbr,Skill_SpawnPet,spawnObjects,,Monster,True,OK,base|sm_mod,1,1,0,MEASURED,,records/creatures/enemies/chthonianfiend_a01_summon.dbr,base|sm_mod,4,1,,,,,8.0,,,records/creatures/enemies/bios/bio_chthonicvoidfiend_01.dbr,charLevel*1,9229,0.0,154.0,23442,676.0,454.0,0.800000011920929,1.0,1.0,,1.4333,records/creatures/enemies/anm/anm_chthonianvoidfiend.dbr,records/controllers/enemy/controller_zombiemutanta01.dbr,creatures/enemies/voidfiend/voidfiend01.msh,1.100000023841858,Common,0,4,2,,MEASURED,MEASURED,MEASURED
2,records/creatures/enemies/chthonianminion_b01_summon.dbr,records/creatures/enemies/chthonianminion_b01_summon.dbr,chthonianminion_b01_summon,pet_of:boss&quest,106,tree,11,records/skills/nonplayerskills/summoning/chthonicminion_summonvoidfienda01.dbr,Skill_SpawnPet,spawnObjects,,Monster,True,OK,base|sm_mod,1,1,0,MEASURED,,records/creatures/enemies/chthonianfiend_a01_summon.dbr,base|sm_mod,4,1,,,,,8.0,,,records/creatures/enemies/bios/bio_chthonicvoidfiend_01.dbr,charLevel*1,9229,0.0,154.0,23442,676.0,454.0,0.800000011920929,1.0,1.0,,1.4333,records/creatures/enemies/anm/anm_chthonianvoidfiend.dbr,records/controllers/enemy/controller_zombiemutanta01.dbr,creatures/enemies/voidfiend/voidfiend01.msh,1.100000023841858,Common,0,4,2,,MEASURED,MEASURED,MEASURED
2,records/creatures/enemies/nemesis/nemesis_orderdeathsvigil_01_revenantsummon.dbr,records/creatures/enemies/nemesis/nemesis_orderdeathsvigil_01_revenantsummon.dbr,nemesis_orderdeathsvigil_01_revenantsummon,pet_of:nemesis,109,tree,7,records/skills/nonplayerskills/bossskills/nemesis/skeletonrevenant_skeletonarchergenerator.dbr,Skill_MonsterGenerator,spawnObjects,,Monster,True,OK,base|sm_mod,charLevel/4+1,28,0,MEASURED,,records/creatures/enemies/faction/skeleton_a02_summon.dbr,base|sm_mod,5,2,,30.0,,,,,,records/creatures/enemies/bios/bio_skeletonfodder_01.dbr,charLevel*1,3702,0.0,154.0,9403,662.2,401.5,1.100000023841858,1.100000023841858,1.0,,1.0343,records/creatures/enemies/anm/anm_skeleton_fast.dbr,records/controllers/enemy/controller_skeleton_rangedbasic.dbr,creatures/enemies/skeleton/skeleton_basedefault_01a.msh,1.0,Common,0,4,1,,MEASURED,MEASURED,MEASURED
2,records/creatures/enemies/nemesis/nemesis_orderdeathsvigil_01_revenantsummon.dbr,records/creatures/enemies/nemesis/nemesis_orderdeathsvigil_01_revenantsummon.dbr,nemesis_orderdeathsvigil_01_revenantsummon,pet_of:nemesis,109,tree,8,records/skills/nonplayerskills/bossskills/nemesis/skeletonrevenant_skeletongenerator01.dbr,Skill_MonsterGenerator,spawnObjects,,Monster,True,OK,base|sm_mod,charLevel/4+1,28,0,MEASURED,,records/creatures/enemies/faction/skeleton_a01_summon.dbr,base|sm_mod,5,2,,30.0,,,,,,records/creatures/enemies/bios/bio_skeletonfodder_01.dbr,charLevel*1,3702,0.0,154.0,9403,662.2,401.5,1.100000023841858,1.100000023841858,1.0,,1.0343,records/creatures/enemies/anm/anm_skeleton_fast.dbr,records/controllers/enemy/controller_zombiea01.dbr,creatures/enemies/skeleton/skeleton_01a.msh,1.0,Common,0,4,1,,MEASURED,MEASURED,MEASURED
2,records/creatures/enemies/nemesis/nemesis_orderdeathsvigil_01_revenantsummon.dbr,records/creatures/enemies/nemesis/nemesis_orderdeathsvigil_01_revenantsummon.dbr,nemesis_orderdeathsvigil_01_revenantsummon,pet_of:nemesis,109,slot,special1,records/skills/nonplayerskills/bossskills/nemesis/skeletonrevenant_summonknight01.dbr,Skill_SpawnPetMonster,spawnObjects,,Monster,True,OK,base|sm_mod,1,1,0,MEASURED,,records/creatures/enemies/faction/skeleton_b02_knight_summon.dbr,base|sm_mod,3,1,,60.0,,,,,,records/creatures/enemies/bios/bio_skeletonknight_01.dbr,charLevel*1+2,20522,0.0,169.0,55203,699.0,548.2,1.100000023841858,1.0,1.0,,1.1378,records/creatures/enemies/anm/anm_skeleton_fast.dbr,records/controllers/enemy/controller_herotank01.dbr,creatures/enemies/skeleton/skeleton_baseheavy_01a.msh,1.1200000047683716,Champion,1,6,3,,MEASURED,MEASURED,MEASURED
2,records/creatures/enemies/nemesis/nemesis_orderdeathsvigil_01_revenantsummon.dbr,records/creatures/enemies/nemesis/nemesis_orderdeathsvigil_01_revenantsummon.dbr,nemesis_orderdeathsvigil_01_revenantsummon,pet_of:nemesis,109,tree,9,records/skills/nonplayerskills/bossskills/nemesis/skeletonrevenant_summonknight01.dbr,Skill_SpawnPetMonster,spawnObjects,,Monster,True,OK,base|sm_mod,1,1,0,MEASURED,,records/creatures/enemies/faction/skeleton_b02_knight_summon.dbr,base|sm_mod,3,1,,60.0,,,,,,records/creatures/enemies/bios/bio_skeletonknight_01.dbr,charLevel*1+2,20522,0.0,169.0,55203,699.0,548.2,1.100000023841858,1.0,1.0,,1.1378,records/creatures/enemies/anm/anm_skeleton_fast.dbr,records/controllers/enemy/controller_herotank01.dbr,creatures/enemies/skeleton/skeleton_baseheavy_01a.msh,1.1200000047683716,Champion,1,6,3,,MEASURED,MEASURED,MEASURED
2,records/creatures/enemies/swampcrab_c01_summon.dbr,records/creatures/enemies/swampcrab_c01_summon.dbr,swampcrab_c01_summon,pet_of:boss&quest,106,tree,7,records/skills/nonplayerskillsgdx1/summoning/swampcrab_crabgenerator.dbr,Skill_MonsterGenerator,spawnObjects,,Monster,True,OK,gdx1,charLevel/4+1,27,0,MEASURED,,records/creatures/enemies/swampcrab_a00_summon.dbr,gdx1|sm1,8,4,,30.0,,,,,,records/creatures/enemies/bios/bio_swampcrab_a00_summon.dbr,charLevel*1,3901,0.0,154.0,9909,545.0,512.0,1.0,1.0,1.0,,0.9333,records/creatures/enemies/anm/anm_swampcrab.dbr,records/controllers/enemy/controller_swampcrab_melee.dbr,creatures/enemies/crabmonstrosity/crabmonstrosity01b.msh,0.5,Common,0,4,2,,MEASURED,MEASURED,MEASURED
2,records/skills/nonplayerskillsgdx2/bossskills/final/pet_eldritchrift.dbr,records/skills/nonplayerskillsgdx2/bossskills/final/pet_eldritchrift.dbr,pet_eldritchrift,pet_of:boss&quest,109,tree,2,records/skills/nonplayerskillsgdx2/bossskills/final/petskill_eldritchrift_servantgenerator.dbr,Skill_MonsterGenerator,spawnObjects,,Monster,True,OK,gdx2,charLevel/4+1,28,0,MEASURED,100,records/creatures/enemies/korvaakservant_a01_summon.dbr,gdx2|sm2,6,2,,,,,,,,records/creatures/enemies/bios/bio_korvaakservant_a01.dbr,charLevel*1,12490,0.0,154.0,31725,689.0,553.0,1.100000023841858,1.0,1.0,,0.6133,records/creatures/enemies/anm/anm_korvaakservant.dbr,records/controllers/enemy/controller_korvaakservant.dbr,creatures/enemies/korvaaksservant/korvaaksservant01a.msh,1.149999976158142,Common,2,6,4,,MEASURED,MEASURED,MEASURED
2,records/skills/nonplayerskillsgdx2/bossskills/final/pet_eldritchrift.dbr,records/skills/nonplayerskillsgdx2/bossskills/final/pet_eldritchrift.dbr,pet_eldritchrift,pet_of:boss&quest,109,tree,2,records/skills/nonplayerskillsgdx2/bossskills/final/petskill_eldritchrift_servantgenerator.dbr,Skill_MonsterGenerator,spawnObjects,,Monster,True,OK,gdx2,charLevel/4+1,28,0,MEASURED,100,records/creatures/enemies/korvaakservant_a02_summon.dbr,gdx2|sm2,6,2,,,,,,,,records/creatures/enemies/bios/bio_korvaakservant_a01.dbr,charLevel*1,12490,0.0,154.0,31725,689.0,553.0,1.100000023841858,1.0,1.0,,0.6133,records/creatures/enemies/anm/anm_korvaakservant.dbr,records/controllers/enemy/controller_korvaakservant.dbr,creatures/enemies/korvaaksservant/korvaaksservant01a.msh,1.149999976158142,Common,2,6,4,,MEASURED,MEASURED,MEASURED
2,records/skills/nonplayerskillsgdx2/bossskills/final/pet_eldritchrift_02.dbr,records/skills/nonplayerskillsgdx2/bossskills/final/pet_eldritchrift_02.dbr,pet_eldritchrift_02,pet_of:boss&quest,109,tree,2,records/skills/nonplayerskillsgdx2/bossskills/final/petskill_eldritchrift_servantgenerator_02.dbr,Skill_MonsterGenerator,spawnObjects,,Monster,True,OK,gdx2,charLevel/4+1,28,0,MEASURED,100,records/creatures/enemies/korvaakservant_a01_summon.dbr,gdx2|sm2,8,2,,,,,,,,records/creatures/enemies/bios/bio_korvaakservant_a01.dbr,charLevel*1,12490,0.0,154.0,31725,689.0,553.0,1.100000023841858,1.0,1.0,,0.6133,records/creatures/enemies/anm/anm_korvaakservant.dbr,records/controllers/enemy/controller_korvaakservant.dbr,creatures/enemies/korvaaksservant/korvaaksservant01a.msh,1.149999976158142,Common,2,6,4,,MEASURED,MEASURED,MEASURED
2,records/skills/nonplayerskillsgdx2/bossskills/final/pet_eldritchrift_02.dbr,records/skills/nonplayerskillsgdx2/bossskills/final/pet_eldritchrift_02.dbr,pet_eldritchrift_02,pet_of:boss&quest,109,tree,2,records/skills/nonplayerskillsgdx2/bossskills/final/petskill_eldritchrift_servantgenerator_02.dbr,Skill_MonsterGenerator,spawnObjects,,Monster,True,OK,gdx2,charLevel/4+1,28,0,MEASURED,100,records/creatures/enemies/korvaakservant_a02_summon.dbr,gdx2|sm2,8,2,,,,,,,,records/creatures/enemies/bios/bio_korvaakservant_a01.dbr,charLevel*1,12490,0.0,154.0,31725,689.0,553.0,1.100000023841858,1.0,1.0,,0.6133,records/creatures/enemies/anm/anm_korvaakservant.dbr,records/controllers/enemy/controller_korvaakservant.dbr,creatures/enemies/korvaaksservant/korvaaksservant01a.msh,1.149999976158142,Common,2,6,4,,MEASURED,MEASURED,MEASURED
2,records/skills/nonplayerskillsgdx2/bossskills/final/pet_eldritchrift_02.dbr,records/skills/nonplayerskillsgdx2/bossskills/final/pet_eldritchrift_02.dbr,pet_eldritchrift_02,pet_of:boss&quest,109,tree,2,records/skills/nonplayerskillsgdx2/bossskills/final/petskill_eldritchrift_servantgenerator_02.dbr,Skill_MonsterGenerator,spawnObjects,,Monster,True,OK,gdx2,charLevel/4+1,28,0,MEASURED,100,records/creatures/enemies/korvaakservant_b01_korvaaksummon.dbr,gdx2,8,2,,,,,,,,records/creatures/enemies/bios/bio_korvaakservant_b01.dbr,charLevel*1,24029,50.0,154.0,73049,769.4,581.8,0.8999999761581421,1.0,1.0,,0.6133,records/creatures/enemies/anm/anm_korvaakservant.dbr,records/controllers/enemy/controller_korvaakservant.dbr,creatures/enemies/korvaaksservant/korvaaksservant01a.msh,1.25,Champion,2,7,5,,MEASURED,MEASURED,MEASURED
2,records/skills/nonplayerskillsgdx2/bossskills/final/pet_eldritchrift_02.dbr,records/skills/nonplayerskillsgdx2/bossskills/final/pet_eldritchrift_02.dbr,pet_eldritchrift_02,pet_of:boss&quest,109,tree,2,records/skills/nonplayerskillsgdx2/bossskills/final/petskill_eldritchrift_servantgenerator_02.dbr,Skill_MonsterGenerator,spawnObjects,,Monster,True,OK,gdx2,charLevel/4+1,28,0,MEASURED,100,records/creatures/enemies/korvaakservant_b02_korvaaksummon.dbr,gdx2,8,2,,,,,,,,records/creatures/enemies/bios/bio_korvaakservant_b01.dbr,charLevel*1,24029,50.0,154.0,73049,769.4,581.8,0.8999999761581421,1.0,1.0,,0.6133,records/creatures/enemies/anm/anm_korvaakservant.dbr,records/controllers/enemy/controller_korvaakservant.dbr,creatures/enemies/korvaaksservant/korvaaksservant01a.msh,1.25,Champion,2,7,5,,MEASURED,MEASURED,MEASURED
