record_path,in_338_NO_DATA,pool_family,monster_classification,archive_winner,verdict,offense_attack_slots_upstream,offense_attack_slots_offense_bearing,offense_tree_skills_upstream,offense_tree_attack_skills,offense_damage_present,oa_da_present,swing_timing_present,n_attack_anim_weights,bio_record,bio_OA_equation,bio_DA_equation,n_unresolved_skill_refs,numAttackSlots_declared,caveat_edition_II_vs_III_CHANGED,caveat_merged_vs_winner_DIVERGENT
records/creatures/enemies/aetherialbloater_a01.dbr,True,normal,Common,sm1,CONFIRMED-PRESENT-NAMED-SKILL,2,2,6,2,True,True,True,24,records/creatures/enemies/bios/bio_aetherialbloater_a01.dbr,(charLevel*6)+35,(charLevel*5)+30,0,4,False,False
records/creatures/enemies/aetherialcorruption_b03.dbr,True,normal,Champion,sm1,CONFIRMED-PRESENT-NAMED-SKILL,2,1,6,1,True,True,True,24,records/creatures/enemies/bios/bio_aetherialcorruption_b01.dbr,(charLevel*6.2)+40,(charLevel*4.3)+25,0,4,False,False
records/creatures/enemies/aetherialimp_a01.dbr,True,normal,Common,sm1,CONFIRMED-PRESENT-NAMED-SKILL,1,1,4,1,True,True,True,24,records/creatures/enemies/bios/bio_aetherialimp_a01.dbr,(charLevel*6.8)+75,(charLevel*3.8)+15,0,4,False,False
records/creatures/enemies/aetherialimp_b01.dbr,True,normal,Champion,sm1,CONFIRMED-PRESENT-NAMED-SKILL,2,2,6,2,True,True,True,24,records/creatures/enemies/bios/bio_aetherialimp_b01.dbr,(charLevel*7)+75,(charLevel*4)+20,0,4,False,False
records/creatures/enemies/boss&quest/aetherial_fleshhulk_mine.dbr,True,normal,Quest,sm_mod,CONFIRMED-PRESENT-NAMED-SKILL,6,6,12,4,True,True,True,24,records/creatures/enemies/bios/bio_boss_fleshhulk_01.dbr,(charLevel*7)+100,(charLevel*6.5)+50,0,8,False,False
records/creatures/enemies/boss&quest/aetherial_fleshweaverkrieg.dbr,True,normal,Quest,sm1,CONFIRMED-PRESENT-NAMED-SKILL,7,6,14,6,True,True,True,24,records/creatures/enemies/bios/bio_boss_aetherial_fleshweaverkrieg.dbr,(charLevel*7)+100,(charLevel*6.3)+50,0,8,False,False
records/creatures/enemies/boss&quest/aetherial_fleshweaverkriegb.dbr,True,normal,Quest,sm1,CONFIRMED-PRESENT-NAMED-SKILL,7,6,14,6,True,True,True,24,records/creatures/enemies/bios/bio_boss_aetherial_fleshweaverkrieg.dbr,(charLevel*7)+100,(charLevel*6.3)+50,0,8,False,False
records/creatures/enemies/boss&quest/aetherialcolossus_galakros.dbr,True,normal,Quest,sm1,CONFIRMED-PRESENT-NAMED-SKILL,5,5,13,5,True,True,True,24,records/creatures/enemies/bios/bio_boss_aetherial_colossusgalakros.dbr,(charLevel*7.8)+100,(charLevel*7.0)+50,0,8,False,False
records/creatures/enemies/boss&quest/aetherialfleshshaper_haraxis.dbr,True,normal,Quest,sm1,CONFIRMED-PRESENT-NAMED-SKILL,5,4,14,5,True,True,True,24,records/creatures/enemies/bios/bio_boss_aetherial_fleshweaverharaxis.dbr,(charLevel*7)+100,(charLevel*6.3)+50,0,8,False,False
records/creatures/enemies/boss&quest/aetherialfleshshaper_hinissius.dbr,True,normal,Quest,sm1,CONFIRMED-PRESENT-NAMED-SKILL,4,3,12,3,True,True,True,24,records/creatures/enemies/bios/bio_boss_aetherial_fleshshaperhinissius.dbr,(charLevel*7)+100,(charLevel*6.3)+50,0,8,False,False
records/creatures/enemies/boss&quest/beetle_maggot01.dbr,True,normal,Quest,sm2,CONFIRMED-PRESENT-NAMED-SKILL,5,5,13,5,True,True,True,24,records/creatures/enemies/bios/bio_boss_beetle_02.dbr,(charLevel*7)+100,(charLevel*6.3)+50,0,8,False,False
records/creatures/enemies/boss&quest/chthonianrylok_ekketzul.dbr,True,normal,Quest,sm1,CONFIRMED-PRESENT-NAMED-SKILL,7,7,13,7,True,True,True,24,records/creatures/enemies/bios/bio_boss_chthonian_ekketzul.dbr,(charLevel*7)+100,(charLevel*6.3)+50,0,8,False,False
records/creatures/enemies/boss&quest/chthoniantyrant_grulthunn.dbr,True,normal,Quest,sm3,CONFIRMED-PRESENT-NAMED-SKILL,4,4,11,4,True,True,True,24,records/creatures/enemies/bios/bio_boss_chthonian_grulthunn_01.dbr,(charLevel*7)+100,(charLevel*6.3)+50,0,8,False,False
records/creatures/enemies/boss&quest/direwolf_frozenwastes_01.dbr,True,normal,Quest,sm3,CONFIRMED-PRESENT-NAMED-SKILL,3,2,10,2,True,True,True,24,records/creatures/enemies/bios/bio_boss_icewolf_01.dbr,(charLevel*7)+100,(charLevel*6.3)+50,0,8,False,False
records/creatures/enemies/boss&quest/fatherkymon.dbr,True,normal,Quest,sm2,CONFIRMED-PRESENT-NAMED-SKILL,5,4,14,5,True,True,True,24,records/creatures/enemies/bios/bio_boss_fatherkymon.dbr,(charLevel*7)+100,(charLevel*6.3)+50,0,8,False,False
records/creatures/enemies/boss&quest/ghoul_necropolis_01.dbr,True,normal,Quest,sm_mod,CONFIRMED-PRESENT-NAMED-SKILL,5,5,11,3,True,True,True,24,records/creatures/enemies/bios/bio_boss_ghoul_necropolis_01.dbr,(charLevel*7)+100,(charLevel*6.5)+50,0,8,False,False
records/creatures/enemies/boss&quest/humanascendant_mindthief_01.dbr,True,normal,Quest,sm1,CONFIRMED-PRESENT-NAMED-SKILL,5,5,10,3,True,True,True,24,records/creatures/enemies/bios/bio_boss_aetherial_mindthief_01.dbr,(charLevel*7)+100,(charLevel*6.3)+50,0,8,False,False
records/creatures/enemies/boss&quest/korvaak_lieutenant_01.dbr,True,normal,Quest,sm2,CONFIRMED-PRESENT-NAMED-SKILL,4,4,11,5,True,True,True,24,records/creatures/enemies/bios/bio_boss_kymonlieutenant_01.dbr,(charLevel*7)+100,(charLevel*6.3)+50,0,8,False,True
records/creatures/enemies/boss&quest/korvaakmessenger_02.dbr,True,normal,Quest,sm2,CONFIRMED-PRESENT-NAMED-SKILL,4,4,12,4,True,True,True,24,records/creatures/enemies/bios/bio_boss_themessenger.dbr,(charLevel*7.8)+100,(charLevel*7.0)+50,0,8,False,True
records/creatures/enemies/boss&quest/manticore_jaggedwaste_01.dbr,True,normal,Quest,sm_mod,CONFIRMED-PRESENT-NAMED-SKILL,4,3,10,3,True,True,True,24,records/creatures/enemies/bios/bio_boss_jaggedwaste_manticore_01.dbr,(charLevel*7)+100,(charLevel*6.7)+50,0,8,False,False
records/creatures/enemies/boss&quest/rokwind_01.dbr,True,normal,Quest,sm3,CONFIRMED-PRESENT-NAMED-SKILL,4,4,12,4,True,True,True,24,records/creatures/enemies/bios/bio_boss_rok_wind_01.dbr,(charLevel*7)+100,(charLevel*6.3)+50,0,4,False,False
records/creatures/enemies/boss&quest/statue_templeguardian_02.dbr,True,normal,Quest,sm2,CONFIRMED-PRESENT-NAMED-SKILL,4,4,9,4,True,True,True,24,records/creatures/enemies/bios/bio_boss_statue_templeguardian_02.dbr,(charLevel*7)+100,(charLevel*6.3)+50,0,8,False,False
records/creatures/enemies/boss&quest/statue_templeguardian_03.dbr,True,normal,Quest,sm2,CONFIRMED-PRESENT-NAMED-SKILL,4,4,9,4,True,True,True,24,records/creatures/enemies/bios/bio_boss_statue_templeguardian_02.dbr,(charLevel*7)+100,(charLevel*6.3)+50,0,8,False,False
records/creatures/enemies/boss&quest/stonegryphon_templeguardian_01.dbr,True,normal,Quest,sm2,CONFIRMED-PRESENT-NAMED-SKILL,3,3,11,3,True,True,True,24,records/creatures/enemies/bios/bio_boss_gryphonstone_01.dbr,(charLevel*7)+100,(charLevel*6.3)+50,0,8,False,False
records/creatures/enemies/boss&quest/wendigocannibal_packla.dbr,True,normal,Quest,sm1,CONFIRMED-PRESENT-NAMED-SKILL,6,6,12,3,True,True,True,24,records/creatures/enemies/bios/bio_boss_wendigocannibal.dbr,(charLevel*7)+100,(charLevel*6.3)+50,0,8,False,False
records/creatures/enemies/boss&quest/witch_larria.dbr,True,normal,Quest,sm1,CONFIRMED-PRESENT-NAMED-SKILL,6,5,12,5,True,True,True,24,records/creatures/enemies/bios/bio_boss_witch_larria.dbr,(charLevel*7)+100,(charLevel*6.3)+50,0,8,False,False
records/creatures/enemies/boss&quest/yeti_rimehorn_01.dbr,True,normal,Quest,sm3,CONFIRMED-PRESENT-NAMED-SKILL,2,2,10,2,True,True,True,24,records/creatures/enemies/bios/bio_boss_yeti_rimehorn_01.dbr,(charLevel*7)+100,(charLevel*6.3)+50,0,8,False,False
records/creatures/enemies/bounties/bl_bounty08.dbr,True,champion,Hero,sm_mod,CONFIRMED-PRESENT-NAMED-SKILL,4,4,12,4,True,True,True,24,records/creatures/enemies/bios/bio_hero_assassin_01.dbr,(charLevel*7)+92,(charLevel*6.8)+15,0,8,False,False
records/creatures/enemies/bounties/bl_bounty09.dbr,True,champion,Hero,sm_mod,CONFIRMED-PRESENT-NAMED-SKILL,5,5,11,3,True,True,True,24,records/creatures/enemies/bios/bio_hero_assassin_01.dbr,(charLevel*7)+92,(charLevel*6.8)+15,0,8,False,False
records/creatures/enemies/bounties/bl_bounty10.dbr,True,champion,Hero,sm_mod,CONFIRMED-PRESENT-NAMED-SKILL,4,4,9,1,True,True,True,42,records/creatures/enemies/bios/bio_hero_standard_01.dbr,(charLevel*7)+92,(charLevel*6.8)+15,0,8,False,False
records/creatures/enemies/bounties/bl_bounty17.dbr,True,champion,Quest,sm_mod,CONFIRMED-PRESENT-NAMED-SKILL,3,2,10,2,True,True,True,24,records/creatures/enemies/bios/bio_boss_homestead_corruptedtroll_01.dbr,(charLevel*7)+100,(charLevel*6.5)+50,0,8,False,False
records/creatures/enemies/bounties/bl_bounty18.dbr,True,champion,Hero,sm_mod,CONFIRMED-PRESENT-NAMED-SKILL,4,4,10,4,True,True,True,24,records/creatures/enemies/bios/bio_hero_assassin_01.dbr,(charLevel*7)+92,(charLevel*6.8)+15,0,8,False,False
records/creatures/enemies/bounties/bl_bounty19.dbr,True,champion,Hero,sm_mod,CONFIRMED-PRESENT-NAMED-SKILL,3,3,9,3,True,True,True,24,records/creatures/enemies/bios/bio_hero_assassin_01.dbr,(charLevel*7)+92,(charLevel*6.8)+15,0,8,False,False
records/creatures/enemies/bounties/bl_bounty20.dbr,True,champion,Hero,sm_mod,CONFIRMED-PRESENT-NAMED-SKILL,4,3,10,3,True,True,True,24,records/creatures/enemies/bios/bio_hero_standard_extrahealth01.dbr,(charLevel*7)+92,(charLevel*6.8)+15,0,8,False,False
records/creatures/enemies/bounties/cu_bounty05.dbr,True,champion,Hero,sm1,CONFIRMED-PRESENT-NAMED-SKILL,5,5,13,4,True,True,True,24,records/creatures/enemies/bios/bio_hero_standard_extrahealth01.dbr,(charLevel*7)+92,(charLevel*6.8)+15,0,8,False,False
records/creatures/enemies/bounties/cu_bounty06.dbr,True,champion,Hero,sm1,CONFIRMED-PRESENT-NAMED-SKILL,7,6,15,6,True,True,True,24,records/creatures/enemies/bios/bio_hero_standard_extrahealth01.dbr,(charLevel*7)+92,(charLevel*6.8)+15,0,8,False,False
records/creatures/enemies/bounties/cu_bounty09.dbr,True,champion,Hero,sm1,CONFIRMED-PRESENT-NAMED-SKILL,5,4,12,3,True,True,True,42,records/creatures/enemies/bios/bio_hero_standard_extrahealth01.dbr,(charLevel*7)+92,(charLevel*6.8)+15,0,8,False,False
records/creatures/enemies/bounties/cw_bounty05.dbr,True,champion,Hero,sm1,CONFIRMED-PRESENT-NAMED-SKILL,6,5,14,4,True,True,True,42,records/creatures/enemies/bios/bio_hero_standard_01.dbr,(charLevel*7)+92,(charLevel*6.8)+15,0,8,False,False
records/creatures/enemies/bounties/cw_bounty06.dbr,True,champion,Hero,sm1,CONFIRMED-PRESENT-NAMED-SKILL,5,4,12,3,True,True,True,24,records/creatures/enemies/bios/bio_hero_standard_extrahealth01.dbr,(charLevel*7)+92,(charLevel*6.8)+15,0,8,False,False
records/creatures/enemies/bounties/cw_bounty07.dbr,True,champion,Hero,sm1,CONFIRMED-PRESENT-NAMED-SKILL,5,5,12,2,True,True,True,24,records/creatures/enemies/bios/bio_hero_standard_01.dbr,(charLevel*7)+92,(charLevel*6.8)+15,0,8,False,False
records/creatures/enemies/bounties/cw_bounty08.dbr,True,champion,Hero,sm1,CONFIRMED-PRESENT-NAMED-SKILL,7,6,17,3,True,True,True,24,records/creatures/enemies/bios/bio_hero_standard_01.dbr,(charLevel*7)+92,(charLevel*6.8)+15,0,8,False,False
records/creatures/enemies/bounties/dc_bounty06.dbr,True,champion,Hero,sm_mod,CONFIRMED-PRESENT-NAMED-SKILL,5,5,13,4,True,True,True,24,records/creatures/enemies/bios/bio_hero_standard_extrahealth01.dbr,(charLevel*7)+92,(charLevel*6.8)+15,0,8,False,False
records/creatures/enemies/bounties/dc_bounty07.dbr,True,champion,Hero,sm_mod,CONFIRMED-PRESENT-NAMED-SKILL,4,3,10,3,True,True,True,24,records/creatures/enemies/bios/bio_hero_assassin_01.dbr,(charLevel*7)+92,(charLevel*6.8)+15,0,8,False,False
records/creatures/enemies/bounties/dc_bounty08.dbr,True,champion,Hero,sm_mod,CONFIRMED-PRESENT-NAMED-SKILL,4,4,12,2,True,True,True,24,records/creatures/enemies/bios/bio_hero_support_01.dbr,(charLevel*7)+92,(charLevel*6.8)+15,0,8,False,False
records/creatures/enemies/bounties/dc_bounty09.dbr,True,champion,Hero,sm_mod,CONFIRMED-PRESENT-NAMED-SKILL,4,4,11,2,True,True,True,24,records/creatures/enemies/bios/bio_hero_standard_01.dbr,(charLevel*7)+92,(charLevel*6.8)+15,0,8,False,False
records/creatures/enemies/bounties/dc_bounty10.dbr,True,champion,Hero,sm_mod,CONFIRMED-PRESENT-NAMED-SKILL,4,3,10,2,True,True,True,24,records/creatures/enemies/bios/bio_hero_standard_extrahealth01.dbr,(charLevel*7)+92,(charLevel*6.8)+15,0,8,False,False
records/creatures/enemies/bounties/dc_bounty11.dbr,True,champion,Hero,sm_mod,CONFIRMED-PRESENT-NAMED-SKILL,4,4,10,3,True,True,True,24,records/creatures/enemies/bios/bio_hero_assassin_01.dbr,(charLevel*7)+92,(charLevel*6.8)+15,0,8,False,False
records/creatures/enemies/bounties/dc_bounty15.dbr,True,champion,Hero,sm_mod,CONFIRMED-PRESENT-NAMED-SKILL,4,4,11,3,True,True,True,24,records/creatures/enemies/bios/bio_hero_standard_01.dbr,(charLevel*7)+92,(charLevel*6.8)+15,0,8,False,False
records/creatures/enemies/bounties/dc_bounty17.dbr,True,champion,Hero,sm_mod,CONFIRMED-PRESENT-NAMED-SKILL,5,2,12,2,True,True,True,24,records/creatures/enemies/bios/bio_hero_standard_01.dbr,(charLevel*7)+92,(charLevel*6.8)+15,0,8,False,False
records/creatures/enemies/bounties/exile_bounty12.dbr,True,champion,Hero,sm_mod,CONFIRMED-PRESENT-NAMED-SKILL,7,4,14,4,True,True,True,24,records/creatures/enemies/bios/bio_hero_assassin_01.dbr,(charLevel*7)+92,(charLevel*6.8)+15,0,8,False,False
records/creatures/enemies/bounties/exile_bounty13.dbr,True,champion,Hero,sm_mod,CONFIRMED-PRESENT-NAMED-SKILL,4,4,10,2,True,True,True,24,records/creatures/enemies/bios/bio_hero_standard_extrahealth01.dbr,(charLevel*7)+92,(charLevel*6.8)+15,0,8,False,False
records/creatures/enemies/bounties/exile_bounty14.dbr,True,champion,Hero,sm_mod,CONFIRMED-PRESENT-NAMED-SKILL,5,4,12,4,True,True,True,24,records/creatures/enemies/bios/bio_hero_standard_01.dbr,(charLevel*7)+92,(charLevel*6.8)+15,0,8,False,False
records/creatures/enemies/bounties/exile_bounty15.dbr,True,champion,Hero,sm_mod,CONFIRMED-PRESENT-NAMED-SKILL,4,4,10,2,True,True,True,24,records/creatures/enemies/bios/bio_hero_assassin_01.dbr,(charLevel*7)+92,(charLevel*6.8)+15,0,8,False,False
records/creatures/enemies/bounties/hs_bounty09.dbr,True,champion,Hero,sm_mod,CONFIRMED-PRESENT-NAMED-SKILL,4,4,11,3,True,True,True,24,records/creatures/enemies/bios/bio_hero_standard_extrahealth01.dbr,(charLevel*7)+92,(charLevel*6.8)+15,0,8,False,False
records/creatures/enemies/bounties/hs_bounty10.dbr,True,champion,Hero,sm_mod,CONFIRMED-PRESENT-NAMED-SKILL,4,3,10,2,True,True,True,42,records/creatures/enemies/bios/bio_hero_regenerator_01.dbr,(charLevel*7)+92,(charLevel*6.8)+15,0,8,False,False
records/creatures/enemies/bounties/hs_bounty11.dbr,True,champion,Hero,sm_mod,CONFIRMED-PRESENT-NAMED-SKILL,3,3,10,2,True,True,True,42,records/creatures/enemies/bios/bio_hero_standard_01.dbr,(charLevel*7)+92,(charLevel*6.8)+15,0,8,False,False
records/creatures/enemies/bounties/hs_bounty12.dbr,True,champion,Hero,sm_mod,CONFIRMED-PRESENT-NAMED-SKILL,3,3,9,3,True,True,True,24,records/creatures/enemies/bios/bio_hero_assassin_01.dbr,(charLevel*7)+92,(charLevel*6.8)+15,0,8,False,False
records/creatures/enemies/bounties/hs_bounty13.dbr,True,champion,Hero,sm_mod,CONFIRMED-PRESENT-NAMED-SKILL,8,6,13,3,True,True,True,24,records/creatures/enemies/bios/bio_hero_standard_01.dbr,(charLevel*7)+92,(charLevel*6.8)+15,0,8,False,False
records/creatures/enemies/bounties/kc_bounty07.dbr,True,champion,Hero,sm_mod,CONFIRMED-PRESENT-NAMED-SKILL,4,3,13,2,True,True,True,24,records/creatures/enemies/bios/bio_hero_standard_01.dbr,(charLevel*7)+92,(charLevel*6.8)+15,0,8,False,False
records/creatures/enemies/bounties/kc_bounty08.dbr,True,champion,Hero,sm_mod,CONFIRMED-PRESENT-NAMED-SKILL,4,3,10,2,True,True,True,24,records/creatures/enemies/bios/bio_hero_standard_01.dbr,(charLevel*7)+92,(charLevel*6.8)+15,0,8,False,False
records/creatures/enemies/bounties/kc_bounty09.dbr,True,champion,Hero,sm_mod,CONFIRMED-PRESENT-NAMED-SKILL,4,4,12,3,True,True,True,24,records/creatures/enemies/bios/bio_hero_tank_01.dbr,(charLevel*7)+92,(charLevel*6.8)+15,0,8,False,False
records/creatures/enemies/bounties/kc_bounty10.dbr,True,champion,Hero,sm_mod,CONFIRMED-PRESENT-NAMED-SKILL,3,2,9,2,True,True,True,24,records/creatures/enemies/bios/bio_hero_assassin_01.dbr,(charLevel*7)+92,(charLevel*6.8)+15,0,8,False,False
records/creatures/enemies/bounties/kc_bounty11.dbr,True,champion,Hero,sm_mod,CONFIRMED-PRESENT-NAMED-SKILL,3,2,10,1,True,True,True,24,records/creatures/enemies/bios/bio_hero_assassin_01.dbr,(charLevel*7)+92,(charLevel*6.8)+15,0,8,False,False
records/creatures/enemies/bounties/kc_bounty13.dbr,True,champion,Hero,sm_mod,CONFIRMED-PRESENT-NAMED-SKILL,5,4,12,3,True,True,True,24,records/creatures/enemies/bios/bio_hero_standard_extrahealth01.dbr,(charLevel*7)+92,(charLevel*6.8)+15,0,8,False,False
records/creatures/enemies/bounties/kc_bounty19.dbr,True,champion,Hero,sm_mod,CONFIRMED-PRESENT-NAMED-SKILL,6,5,12,4,True,True,True,24,records/creatures/enemies/bios/bio_hero_standard_extrahealth01.dbr,(charLevel*7)+92,(charLevel*6.8)+15,0,8,False,False
records/creatures/enemies/bounties/ku_bounty_05.dbr,True,champion,Hero,sm3,CONFIRMED-PRESENT-NAMED-SKILL,2,1,10,1,True,True,True,24,records/creatures/enemies/bios/bio_hero_assassin_01.dbr,(charLevel*7)+92,(charLevel*6.8)+15,0,4,False,False
records/creatures/enemies/bounties/ku_bounty_06.dbr,True,champion,Hero,sm3,CONFIRMED-PRESENT-NAMED-SKILL,3,2,11,2,True,True,True,24,records/creatures/enemies/bios/bio_hero_support_01.dbr,(charLevel*7)+92,(charLevel*6.8)+15,0,4,False,False
records/creatures/enemies/bounties/ku_bounty_07.dbr,True,champion,Hero,sm3,CONFIRMED-PRESENT-NAMED-SKILL,3,1,10,1,True,True,True,24,records/creatures/enemies/bios/bio_hero_assassin_01.dbr,(charLevel*7)+92,(charLevel*6.8)+15,2,4,True,False
records/creatures/enemies/bounties/ku_bounty_08.dbr,True,champion,Hero,sm3,CONFIRMED-PRESENT-NAMED-SKILL,3,3,11,1,True,True,True,24,records/creatures/enemies/bios/bio_hero_standard_01.dbr,(charLevel*7)+92,(charLevel*6.8)+15,0,4,False,False
records/creatures/enemies/bounties/ku_bounty_09.dbr,True,champion,Hero,sm3,CONFIRMED-PRESENT-NAMED-SKILL,5,4,14,5,True,True,True,24,records/creatures/enemies/bios/bio_hero_standard_01.dbr,(charLevel*7)+92,(charLevel*6.8)+15,0,4,False,False
records/creatures/enemies/bounties/ku_bounty_10.dbr,True,champion,Hero,sm3,CONFIRMED-PRESENT-NAMED-SKILL,4,3,11,3,True,True,True,24,records/creatures/enemies/bios/bio_hero_standard_01.dbr,(charLevel*7)+92,(charLevel*6.8)+15,0,8,False,False
records/creatures/enemies/bounties/odv_bounty06.dbr,True,champion,Hero,sm_mod,CONFIRMED-PRESENT-NAMED-SKILL,4,4,11,3,True,True,True,24,records/creatures/enemies/bios/bio_hero_standard_01.dbr,(charLevel*7)+92,(charLevel*6.8)+15,0,8,False,False
records/creatures/enemies/bounties/odv_bounty08.dbr,True,champion,Hero,sm_mod,CONFIRMED-PRESENT-NAMED-SKILL,4,3,10,3,True,True,True,24,records/creatures/enemies/bios/bio_hero_standard_01.dbr,(charLevel*7)+92,(charLevel*6.8)+15,0,8,False,False
records/creatures/enemies/bounties/odv_bounty09.dbr,True,champion,Hero,sm_mod,CONFIRMED-PRESENT-NAMED-SKILL,4,3,12,3,True,True,True,24,records/creatures/enemies/bios/bio_hero_standard_01.dbr,(charLevel*7)+92,(charLevel*6.8)+15,0,8,False,False
records/creatures/enemies/bounties/odv_bounty10.dbr,True,champion,Hero,sm_mod,CONFIRMED-PRESENT-NAMED-SKILL,7,4,13,3,True,True,True,24,records/creatures/enemies/bios/bio_hero_standard_01.dbr,(charLevel*7)+92,(charLevel*6.8)+15,0,8,False,False
records/creatures/enemies/bounties/odv_bounty11.dbr,True,champion,Hero,sm_mod,CONFIRMED-PRESENT-NAMED-SKILL,4,3,10,3,True,True,True,24,records/creatures/enemies/bios/bio_hero_assassin_01.dbr,(charLevel*7)+92,(charLevel*6.8)+15,0,8,False,False
records/creatures/enemies/bounties/odv_bounty12.dbr,True,champion,Hero,sm_mod,CONFIRMED-PRESENT-NAMED-SKILL,3,3,10,3,True,True,True,24,records/creatures/enemies/bios/bio_hero_standard_01.dbr,(charLevel*7)+92,(charLevel*6.8)+15,0,8,False,False
records/creatures/enemies/bounties/odv_bounty13.dbr,True,champion,Hero,sm_mod,CONFIRMED-PRESENT-NAMED-SKILL,4,2,11,1,True,True,True,24,records/creatures/enemies/bios/bio_hero_standard_01.dbr,(charLevel*7)+92,(charLevel*6.8)+15,0,8,False,False
records/creatures/enemies/bounties/pm_bounty05.dbr,True,champion,Hero,sm1,CONFIRMED-PRESENT-NAMED-SKILL,7,6,14,6,True,True,True,24,records/creatures/enemies/bios/bio_hero_standard_extrahealth01.dbr,(charLevel*7)+92,(charLevel*6.8)+15,0,8,False,False
records/creatures/enemies/bounties/pm_bounty07.dbr,True,champion,Hero,sm1,CONFIRMED-PRESENT-NAMED-SKILL,8,7,15,5,True,True,True,24,records/creatures/enemies/bios/bio_hero_standard_01.dbr,(charLevel*7)+92,(charLevel*6.8)+15,0,8,False,False
records/creatures/enemies/bounties/pm_bounty08.dbr,True,champion,Hero,sm1,CONFIRMED-PRESENT-NAMED-SKILL,7,5,17,3,True,True,True,24,records/creatures/enemies/bios/bio_hero_standard_01.dbr,(charLevel*7)+92,(charLevel*6.8)+15,0,8,False,False
records/creatures/enemies/bounties/ro_bounty10.dbr,True,champion,Hero,sm_mod,CONFIRMED-PRESENT-NAMED-SKILL,3,2,10,2,True,True,True,24,records/creatures/enemies/bios/bio_boss_oligarch_03.dbr,(charLevel*7)+100,(charLevel*6.5)+50,0,8,False,False
records/creatures/enemies/bounties/ro_bounty12.dbr,True,champion,Hero,sm_mod,CONFIRMED-PRESENT-NAMED-SKILL,4,3,13,3,True,True,True,24,records/creatures/enemies/bios/bio_hero_tank_01.dbr,(charLevel*7)+92,(charLevel*6.8)+15,0,8,False,False
records/creatures/enemies/chthonianherald_a01.dbr,True,normal,Common,sm3,CONFIRMED-PRESENT-NAMED-SKILL,2,2,7,2,True,True,True,24,records/creatures/enemies/bios/bio_chthonianherald_a01.dbr,(charLevel*6)+50,(charLevel*4.8)+25,0,4,False,False
records/creatures/enemies/chthonianleech_a01.dbr,True,normal,Common,sm_mod,CONFIRMED-PRESENT-NAMED-SKILL,1,1,5,1,True,True,True,24,records/creatures/enemies/bios/bio_chthonianleech_a01.dbr,(charLevel*6)+50,(charLevel*4.5)+12,0,4,False,False
records/creatures/enemies/chthonianleech_b01.dbr,True,normal,Champion,sm_mod,CONFIRMED-PRESENT-NAMED-SKILL,2,2,6,2,True,True,True,24,records/creatures/enemies/bios/bio_chthonianleech_b01.dbr,(charLevel*6.8)+75,(charLevel*4.8)+12,0,4,False,False
records/creatures/enemies/chthonianleech_b02.dbr,True,normal,Champion,sm_mod,CONFIRMED-PRESENT-NAMED-SKILL,3,2,7,2,True,True,True,24,records/creatures/enemies/bios/bio_chthonianleech_b01.dbr,(charLevel*6.8)+75,(charLevel*4.8)+12,0,4,False,False
records/creatures/enemies/chthonianservitor_a01.dbr,True,normal,Champion,sm1,CONFIRMED-PRESENT-NAMED-SKILL,2,2,5,2,True,True,True,24,records/creatures/enemies/bios/bio_chthonianservitor_a01.dbr,(charLevel*6)+40,(charLevel*4.5)+30,0,4,False,False
records/creatures/enemies/chthonianservitor_b01.dbr,True,normal,Champion,sm1,CONFIRMED-PRESENT-NAMED-SKILL,2,2,6,2,True,True,True,24,records/creatures/enemies/bios/bio_chthonianservitor_b01.dbr,(charLevel*6.6)+55,(charLevel*5)+35,0,4,False,False
records/creatures/enemies/chthonianservitor_b02.dbr,True,normal,Champion,sm1,CONFIRMED-PRESENT-NAMED-SKILL,4,4,8,2,True,True,True,24,records/creatures/enemies/bios/bio_chthonianservitor_b02.dbr,(charLevel*6.6)+55,(charLevel*5)+35,0,4,False,False
records/creatures/enemies/chthonianservitor_c01.dbr,True,normal,Champion,sm1,CONFIRMED-PRESENT-NAMED-SKILL,4,3,10,4,True,True,True,24,records/creatures/enemies/bios/bio_chthonianservitor_c01.dbr,(charLevel*7.0)+75,(charLevel*5.5)+50,0,4,False,False
records/creatures/enemies/devotion/aetherialbloater_h01.dbr,True,champion,Hero,sm1,CONFIRMED-PRESENT-NAMED-SKILL,6,5,12,5,True,True,True,24,records/creatures/enemies/bios/bio_hero_standard_extrahealth01.dbr,(charLevel*7)+92,(charLevel*6.8)+15,0,8,False,False
records/creatures/enemies/devotion/aetherialbloater_h02.dbr,True,champion,Hero,sm1,CONFIRMED-PRESENT-NAMED-SKILL,7,6,13,6,True,True,True,24,records/creatures/enemies/bios/bio_hero_standard_extrahealth01.dbr,(charLevel*7)+92,(charLevel*6.8)+15,0,8,False,False
records/creatures/enemies/devotion/aetherialbloater_h03.dbr,True,champion,Hero,sm1,CONFIRMED-PRESENT-NAMED-SKILL,6,5,13,4,True,True,True,24,records/creatures/enemies/bios/bio_hero_standard_extrahealth01.dbr,(charLevel*7)+92,(charLevel*6.8)+15,0,8,False,False
records/creatures/enemies/devotion/aetherialbloater_h04.dbr,True,champion,Hero,sm1,CONFIRMED-PRESENT-NAMED-SKILL,6,5,14,3,True,True,True,24,records/creatures/enemies/bios/bio_hero_standard_extrahealth01.dbr,(charLevel*7)+92,(charLevel*6.8)+15,0,8,False,False
records/creatures/enemies/devotion/aetherialcolossus_h01.dbr,True,champion,Hero,sm1,CONFIRMED-PRESENT-NAMED-SKILL,7,6,15,7,True,True,True,24,records/creatures/enemies/bios/bio_hero_standard_extrahealth01.dbr,(charLevel*7)+92,(charLevel*6.8)+15,0,8,False,False
records/creatures/enemies/devotion/aetherialcolossus_h02.dbr,True,champion,Hero,sm1,CONFIRMED-PRESENT-NAMED-SKILL,6,6,14,6,True,True,True,24,records/creatures/enemies/bios/bio_hero_standard_extrahealth01.dbr,(charLevel*7)+92,(charLevel*6.8)+15,0,8,False,False
records/creatures/enemies/devotion/aetherialcolossus_h03.dbr,True,champion,Hero,sm1,CONFIRMED-PRESENT-NAMED-SKILL,7,6,17,7,True,True,True,24,records/creatures/enemies/bios/bio_hero_standard_extrahealth01.dbr,(charLevel*7)+92,(charLevel*6.8)+15,0,8,False,False
records/creatures/enemies/devotion/aetherialcorruption_h02.dbr,True,champion,Hero,sm1,CONFIRMED-PRESENT-NAMED-SKILL,7,7,13,6,True,True,True,24,records/creatures/enemies/bios/bio_hero_standard_01.dbr,(charLevel*7)+92,(charLevel*6.8)+15,0,8,False,False
records/creatures/enemies/devotion/aetherialfleshshaper_h01.dbr,True,champion,Hero,sm1,CONFIRMED-PRESENT-NAMED-SKILL,8,6,15,4,True,True,True,24,records/creatures/enemies/bios/bio_hero_standard_01.dbr,(charLevel*7)+92,(charLevel*6.8)+15,0,8,False,False
records/creatures/enemies/devotion/aetherialfleshshaper_h02.dbr,True,champion,Hero,sm1,CONFIRMED-PRESENT-NAMED-SKILL,8,6,14,3,True,True,True,24,records/creatures/enemies/bios/bio_hero_standard_01.dbr,(charLevel*7)+92,(charLevel*6.8)+15,0,8,False,False
records/creatures/enemies/devotion/aetherialfleshshaper_h03.dbr,True,champion,Hero,sm1,CONFIRMED-PRESENT-NAMED-SKILL,7,5,14,4,True,True,True,24,records/creatures/enemies/bios/bio_hero_standard_01.dbr,(charLevel*7)+92,(charLevel*6.8)+15,0,8,False,False
records/creatures/enemies/devotion/aetherialfleshshaper_h04.dbr,True,champion,Hero,sm1,CONFIRMED-PRESENT-NAMED-SKILL,6,4,13,3,True,True,True,24,records/creatures/enemies/bios/bio_hero_standard_01.dbr,(charLevel*7)+92,(charLevel*6.8)+15,0,8,False,False
records/creatures/enemies/devotion/aetherialphantom_h01.dbr,True,champion,Hero,sm_mod,CONFIRMED-PRESENT-NAMED-SKILL,4,4,9,3,True,True,True,24,records/creatures/enemies/bios/bio_hero_standard_01.dbr,(charLevel*7)+92,(charLevel*6.8)+15,0,8,False,False
records/creatures/enemies/devotion/aetherialphantom_h02.dbr,True,champion,Hero,sm_mod,CONFIRMED-PRESENT-NAMED-SKILL,5,5,10,3,True,True,True,24,records/creatures/enemies/bios/bio_hero_standard_01.dbr,(charLevel*7)+92,(charLevel*6.8)+15,0,8,False,False
records/creatures/enemies/devotion/aetherialphantom_h03.dbr,True,champion,Hero,sm_mod,CONFIRMED-PRESENT-NAMED-SKILL,5,5,10,3,True,True,True,24,records/creatures/enemies/bios/bio_hero_standard_01.dbr,(charLevel*7)+92,(charLevel*6.8)+15,0,8,False,False
records/creatures/enemies/devotion/basilisk_h01.dbr,True,champion,Hero,sm1,CONFIRMED-PRESENT-NAMED-SKILL,7,5,13,4,True,True,True,24,records/creatures/enemies/bios/bio_hero_standard_01.dbr,(charLevel*7)+92,(charLevel*6.8)+15,0,8,False,False
records/creatures/enemies/devotion/basilisk_h02.dbr,True,champion,Hero,sm1,CONFIRMED-PRESENT-NAMED-SKILL,6,5,13,6,True,True,True,24,records/creatures/enemies/bios/bio_hero_standard_01.dbr,(charLevel*7)+92,(charLevel*6.8)+15,0,8,False,False
records/creatures/enemies/devotion/basilisk_h03.dbr,True,champion,Hero,sm1,CONFIRMED-PRESENT-NAMED-SKILL,6,6,14,5,True,True,True,24,records/creatures/enemies/bios/bio_hero_standard_01.dbr,(charLevel*7)+92,(charLevel*6.8)+15,0,8,False,False
records/creatures/enemies/devotion/basilisk_h04.dbr,True,champion,Hero,sm1,CONFIRMED-PRESENT-NAMED-SKILL,7,6,14,5,True,True,True,24,records/creatures/enemies/bios/bio_hero_standard_01.dbr,(charLevel*7)+92,(charLevel*6.8)+15,0,8,False,False
records/creatures/enemies/devotion/chthoniandevourer_h01.dbr,True,champion,Hero,sm_mod,CONFIRMED-PRESENT-NAMED-SKILL,4,4,11,3,True,True,True,24,records/creatures/enemies/bios/bio_hero_assassin_01.dbr,(charLevel*7)+92,(charLevel*6.8)+15,0,8,False,False
records/creatures/enemies/devotion/chthoniandevourer_h02.dbr,True,champion,Hero,sm_mod,CONFIRMED-PRESENT-NAMED-SKILL,4,4,12,5,True,True,True,24,records/creatures/enemies/bios/bio_hero_assassin_01.dbr,(charLevel*7)+92,(charLevel*6.8)+15,0,8,False,False
records/creatures/enemies/devotion/chthoniandevourer_h03.dbr,True,champion,Hero,sm_mod,CONFIRMED-PRESENT-NAMED-SKILL,4,3,11,3,True,True,True,24,records/creatures/enemies/bios/bio_hero_standard_01.dbr,(charLevel*7)+92,(charLevel*6.8)+15,0,8,False,False
records/creatures/enemies/devotion/chthoniandevourer_h04.dbr,True,champion,Hero,sm_mod,CONFIRMED-PRESENT-NAMED-SKILL,4,3,12,1,True,True,True,24,records/creatures/enemies/bios/bio_hero_standard_01.dbr,(charLevel*7)+92,(charLevel*6.8)+15,0,8,False,False
records/creatures/enemies/devotion/chthoniandevourer_h05.dbr,True,champion,Hero,sm_mod,CONFIRMED-PRESENT-NAMED-SKILL,4,3,12,3,True,True,True,24,records/creatures/enemies/bios/bio_hero_standard_01.dbr,(charLevel*7)+92,(charLevel*6.8)+15,0,8,False,False
records/creatures/enemies/devotion/chthoniandevourer_h06.dbr,True,champion,Hero,sm_mod,CONFIRMED-PRESENT-NAMED-SKILL,5,3,11,3,True,True,True,24,records/creatures/enemies/bios/bio_hero_standard_01.dbr,(charLevel*7)+92,(charLevel*6.8)+15,0,8,False,False
records/creatures/enemies/devotion/chthoniandreadguard_h01.dbr,True,champion,Hero,sm_mod,CONFIRMED-PRESENT-NAMED-SKILL,6,6,13,6,True,True,True,24,records/creatures/enemies/bios/bio_hero_bruiser_01.dbr,(charLevel*7)+92,(charLevel*6.8)+15,0,8,False,False
records/creatures/enemies/devotion/chthoniandreadguard_h02.dbr,True,champion,Hero,sm_mod,CONFIRMED-PRESENT-NAMED-SKILL,6,5,13,5,True,True,True,24,records/creatures/enemies/bios/bio_hero_assassin_01.dbr,(charLevel*7)+92,(charLevel*6.8)+15,0,8,False,False
records/creatures/enemies/devotion/chthoniandreadguard_h03.dbr,True,champion,Hero,sm_mod,CONFIRMED-PRESENT-NAMED-SKILL,5,4,13,4,True,True,True,24,records/creatures/enemies/bios/bio_hero_standard_extrahealth01.dbr,(charLevel*7)+92,(charLevel*6.8)+15,0,8,False,False
records/creatures/enemies/devotion/chthoniandreadguard_h04.dbr,True,champion,Hero,sm_mod,CONFIRMED-PRESENT-NAMED-SKILL,5,4,13,4,True,True,True,24,records/creatures/enemies/bios/bio_hero_standard_extrahealth01.dbr,(charLevel*7)+92,(charLevel*6.8)+15,0,8,False,False
records/creatures/enemies/devotion/chthoniandreadguard_h05.dbr,True,champion,Hero,sm_mod,CONFIRMED-PRESENT-NAMED-SKILL,5,4,13,3,True,True,True,24,records/creatures/enemies/bios/bio_hero_standard_extrahealth01.dbr,(charLevel*7)+92,(charLevel*6.8)+15,0,8,False,False
records/creatures/enemies/devotion/chthonianfiend_h01.dbr,True,champion,Hero,sm_mod,CONFIRMED-PRESENT-NAMED-SKILL,3,3,10,2,True,True,True,24,records/creatures/enemies/bios/bio_hero_tank_01.dbr,(charLevel*7)+92,(charLevel*6.8)+15,0,8,False,False
records/creatures/enemies/devotion/chthonianfiend_h02.dbr,True,champion,Hero,sm_mod,CONFIRMED-PRESENT-NAMED-SKILL,5,4,11,2,True,True,True,24,records/creatures/enemies/bios/bio_hero_bruiser_01.dbr,(charLevel*7)+92,(charLevel*6.8)+15,0,8,False,False
records/creatures/enemies/devotion/chthonianfiend_h03.dbr,True,champion,Hero,sm_mod,CONFIRMED-PRESENT-NAMED-SKILL,6,5,11,4,True,True,True,24,records/creatures/enemies/bios/bio_hero_standard_01.dbr,(charLevel*7)+92,(charLevel*6.8)+15,0,8,False,False
records/creatures/enemies/devotion/chthonianfiend_h04.dbr,True,champion,Hero,sm_mod,CONFIRMED-PRESENT-NAMED-SKILL,6,5,13,4,True,True,True,24,records/creatures/enemies/bios/bio_hero_bruiser_01.dbr,(charLevel*7)+92,(charLevel*6.8)+15,0,8,False,False
records/creatures/enemies/devotion/chthonianfiend_h05.dbr,True,champion,Hero,sm_mod,CONFIRMED-PRESENT-NAMED-SKILL,4,4,11,2,True,True,True,24,records/creatures/enemies/bios/bio_hero_standard_01.dbr,(charLevel*7)+92,(charLevel*6.8)+15,0,8,False,False
records/creatures/enemies/devotion/chthonianfiend_h06.dbr,True,champion,Hero,sm_mod,CONFIRMED-PRESENT-NAMED-SKILL,4,4,12,3,True,True,True,24,records/creatures/enemies/bios/bio_boss_ballognath_01.dbr,(charLevel*7)+100,(charLevel*6.5)+50,0,8,False,False
records/creatures/enemies/devotion/chthonianherald_h01.dbr,True,champion,Hero,sm3,CONFIRMED-PRESENT-NAMED-SKILL,5,4,13,4,True,True,True,24,records/creatures/enemies/bios/bio_hero_standard_extrahealth01.dbr,(charLevel*7)+92,(charLevel*6.8)+15,0,4,False,False
records/creatures/enemies/devotion/chthonianherald_h02.dbr,True,champion,Hero,sm3,CONFIRMED-PRESENT-NAMED-SKILL,6,5,14,4,True,True,True,24,records/creatures/enemies/bios/bio_hero_standard_extrahealth01.dbr,(charLevel*7)+92,(charLevel*6.8)+15,0,4,False,False
records/creatures/enemies/devotion/chthonianherald_h03.dbr,True,champion,Hero,sm3,CONFIRMED-PRESENT-NAMED-SKILL,5,4,15,5,True,True,True,24,records/creatures/enemies/bios/bio_hero_standard_extrahealth01.dbr,(charLevel*7)+92,(charLevel*6.8)+15,0,4,False,False
records/creatures/enemies/devotion/chthonianminion_h01.dbr,True,champion,Hero,sm_mod,CONFIRMED-PRESENT-NAMED-SKILL,7,4,13,4,True,True,True,24,records/creatures/enemies/bios/bio_hero_assassin_01.dbr,(charLevel*7)+92,(charLevel*6.8)+15,0,8,False,False
records/creatures/enemies/devotion/chthonianminion_h02.dbr,True,champion,Hero,sm_mod,CONFIRMED-PRESENT-NAMED-SKILL,7,4,13,4,True,True,True,24,records/creatures/enemies/bios/bio_hero_support_01.dbr,(charLevel*7)+92,(charLevel*6.8)+15,0,8,False,False
records/creatures/enemies/devotion/chthonianminion_h03.dbr,True,champion,Hero,sm_mod,CONFIRMED-PRESENT-NAMED-SKILL,7,4,13,4,True,True,True,24,records/creatures/enemies/bios/bio_hero_tank_01.dbr,(charLevel*7)+92,(charLevel*6.8)+15,0,8,False,False
records/creatures/enemies/devotion/chthonianminion_h04.dbr,True,champion,Hero,sm_mod,CONFIRMED-PRESENT-NAMED-SKILL,8,5,14,5,True,True,True,24,records/creatures/enemies/bios/bio_hero_regenerator_01.dbr,(charLevel*7)+92,(charLevel*6.8)+15,0,8,False,False
records/creatures/enemies/devotion/chthonianminion_h05.dbr,True,champion,Hero,sm_mod,CONFIRMED-PRESENT-NAMED-SKILL,6,3,13,3,True,True,True,24,records/creatures/enemies/bios/bio_hero_bruiser_01.dbr,(charLevel*7)+92,(charLevel*6.8)+15,0,8,False,False
records/creatures/enemies/devotion/chthonianminion_h06.dbr,True,champion,Hero,sm_mod,CONFIRMED-PRESENT-NAMED-SKILL,7,4,14,4,True,True,True,24,records/creatures/enemies/bios/bio_hero_support_01.dbr,(charLevel*7)+92,(charLevel*6.8)+15,0,8,False,False
records/creatures/enemies/devotion/chthonianminion_h07.dbr,True,champion,Hero,sm_mod,CONFIRMED-PRESENT-NAMED-SKILL,7,4,15,4,True,True,True,24,records/creatures/enemies/bios/bio_hero_standard_01.dbr,(charLevel*7)+92,(charLevel*6.8)+15,0,8,False,False
records/creatures/enemies/devotion/chthonianmonstrosity_h01.dbr,True,champion,Hero,sm_mod,CONFIRMED-PRESENT-NAMED-SKILL,5,4,13,4,True,True,True,24,records/creatures/enemies/bios/bio_hero_standard_extrahealth01.dbr,(charLevel*7)+92,(charLevel*6.8)+15,0,8,False,False
records/creatures/enemies/devotion/chthonianrylok_h01.dbr,True,champion,Hero,sm1,CONFIRMED-PRESENT-NAMED-SKILL,8,7,15,8,True,True,True,24,records/creatures/enemies/bios/bio_hero_standard_extrahealth01.dbr,(charLevel*7)+92,(charLevel*6.8)+15,0,8,False,False
records/creatures/enemies/devotion/chthonianrylok_h02.dbr,True,champion,Hero,sm1,CONFIRMED-PRESENT-NAMED-SKILL,7,6,14,6,True,True,True,24,records/creatures/enemies/bios/bio_hero_standard_extrahealth01.dbr,(charLevel*7)+92,(charLevel*6.8)+15,0,8,False,False
records/creatures/enemies/devotion/chthonianrylok_h03.dbr,True,champion,Hero,sm1,CONFIRMED-PRESENT-NAMED-SKILL,8,7,17,7,True,True,True,24,records/creatures/enemies/bios/bio_hero_standard_extrahealth01.dbr,(charLevel*7)+92,(charLevel*6.8)+15,0,8,False,False
records/creatures/enemies/devotion/chthonianrylok_h04.dbr,True,champion,Hero,sm1,CONFIRMED-PRESENT-NAMED-SKILL,7,6,16,6,True,True,True,24,records/creatures/enemies/bios/bio_hero_standard_extrahealth01.dbr,(charLevel*7)+92,(charLevel*6.8)+15,1,8,False,False
records/creatures/enemies/devotion/chthonianservitor_h04.dbr,True,champion,Hero,sm1,CONFIRMED-PRESENT-NAMED-SKILL,5,5,16,6,True,True,True,42,records/creatures/enemies/bios/bio_hero_standard_01.dbr,(charLevel*7)+92,(charLevel*6.8)+15,0,8,False,False
records/creatures/enemies/devotion/dranghoul_h01.dbr,True,champion,Hero,sm3,CONFIRMED-PRESENT-NAMED-SKILL,4,2,11,2,True,True,True,24,records/creatures/enemies/bios/bio_hero_assassin_01.dbr,(charLevel*7)+92,(charLevel*6.8)+15,2,4,False,False
records/creatures/enemies/devotion/dranghoul_h03.dbr,True,champion,Hero,sm3,CONFIRMED-PRESENT-NAMED-SKILL,5,4,12,3,True,True,True,24,records/creatures/enemies/bios/bio_hero_standard_01.dbr,(charLevel*7)+92,(charLevel*6.8)+15,0,4,False,False
records/creatures/enemies/devotion/dranghoul_h04.dbr,True,champion,Hero,sm3,CONFIRMED-PRESENT-NAMED-SKILL,6,5,13,5,True,True,True,24,records/creatures/enemies/bios/bio_hero_standard_01.dbr,(charLevel*7)+92,(charLevel*6.8)+15,0,4,False,False
records/creatures/enemies/devotion/fleshhulk_h01.dbr,True,champion,Hero,sm_mod,CONFIRMED-PRESENT-NAMED-SKILL,6,6,12,6,True,True,True,24,records/creatures/enemies/bios/bio_hero_standard_extrahealth01.dbr,(charLevel*7)+92,(charLevel*6.8)+15,0,8,False,False
records/creatures/enemies/devotion/fleshhulk_h02.dbr,True,champion,Hero,sm_mod,CONFIRMED-PRESENT-NAMED-SKILL,6,5,13,5,True,True,True,24,records/creatures/enemies/bios/bio_hero_standard_extrahealth01.dbr,(charLevel*7)+92,(charLevel*6.8)+15,0,8,False,False
records/creatures/enemies/devotion/fleshhulk_h04.dbr,True,champion,Hero,sm_mod,CONFIRMED-PRESENT-NAMED-SKILL,5,5,12,5,True,True,True,24,records/creatures/enemies/bios/bio_hero_standard_extrahealth01.dbr,(charLevel*7)+92,(charLevel*6.8)+15,0,8,False,False
records/creatures/enemies/devotion/ghost_h03.dbr,True,champion,Hero,sm_mod,CONFIRMED-PRESENT-NAMED-SKILL,3,2,12,2,True,True,True,24,records/creatures/enemies/bios/bio_hero_regenerator_01.dbr,(charLevel*7)+92,(charLevel*6.8)+15,0,8,False,False
records/creatures/enemies/devotion/ghost_h04.dbr,True,champion,Hero,sm_mod,CONFIRMED-PRESENT-NAMED-SKILL,4,3,12,3,True,True,True,24,records/creatures/enemies/bios/bio_hero_standard_01.dbr,(charLevel*7)+92,(charLevel*6.8)+15,0,8,False,False
records/creatures/enemies/devotion/ghost_h05.dbr,True,champion,Hero,sm_mod,CONFIRMED-PRESENT-NAMED-SKILL,4,3,12,3,True,True,True,24,records/creatures/enemies/bios/bio_hero_assassin_01.dbr,(charLevel*7)+92,(charLevel*6.8)+15,0,8,False,False
records/creatures/enemies/devotion/ghost_h06.dbr,True,champion,Hero,sm_mod,CONFIRMED-PRESENT-NAMED-SKILL,4,4,12,3,True,True,True,24,records/creatures/enemies/bios/bio_hero_standard_01.dbr,(charLevel*7)+92,(charLevel*6.8)+15,0,8,False,False
records/creatures/enemies/devotion/ghost_h07.dbr,True,champion,Hero,sm_mod,CONFIRMED-PRESENT-NAMED-SKILL,4,4,12,3,True,True,True,24,records/creatures/enemies/bios/bio_hero_standard_01.dbr,(charLevel*7)+92,(charLevel*6.8)+15,0,8,False,False
records/creatures/enemies/devotion/ghost_h08.dbr,True,champion,Hero,sm_mod,CONFIRMED-PRESENT-NAMED-SKILL,6,5,13,5,True,True,True,24,records/creatures/enemies/bios/bio_hero_standard_01.dbr,(charLevel*7)+92,(charLevel*6.8)+15,0,8,False,False
records/creatures/enemies/devotion/ghost_h09.dbr,True,champion,Hero,sm_mod,CONFIRMED-PRESENT-NAMED-SKILL,6,5,12,4,True,True,True,24,records/creatures/enemies/bios/bio_hero_standard_01.dbr,(charLevel*7)+92,(charLevel*6.8)+15,0,8,False,False
records/creatures/enemies/devotion/prawncave_h01.dbr,True,champion,Hero,sm_mod,CONFIRMED-PRESENT-NAMED-SKILL,6,5,11,4,True,True,True,24,records/creatures/enemies/bios/bio_hero_assassin_01.dbr,(charLevel*7)+92,(charLevel*6.8)+15,0,8,False,False
records/creatures/enemies/devotion/prawncave_h02.dbr,True,champion,Hero,sm_mod,CONFIRMED-PRESENT-NAMED-SKILL,4,3,11,2,True,True,True,24,records/creatures/enemies/bios/bio_hero_standard_01.dbr,(charLevel*7)+92,(charLevel*6.8)+15,0,8,False,False
records/creatures/enemies/devotion/prawncave_h03.dbr,True,champion,Hero,sm_mod,CONFIRMED-PRESENT-NAMED-SKILL,4,2,11,1,True,True,True,24,records/creatures/enemies/bios/bio_hero_standard_01.dbr,(charLevel*7)+92,(charLevel*6.8)+15,0,8,False,False
records/creatures/enemies/devotion/rhino_h01.dbr,True,champion,Hero,sm3,CONFIRMED-PRESENT-NAMED-SKILL,3,2,11,2,True,True,True,24,records/creatures/enemies/bios/bio_hero_standard_01.dbr,(charLevel*7)+92,(charLevel*6.8)+15,0,4,False,False
records/creatures/enemies/devotion/rhino_h03.dbr,True,champion,Hero,sm3,CONFIRMED-PRESENT-NAMED-SKILL,5,4,13,4,True,True,True,24,records/creatures/enemies/bios/bio_hero_standard_01.dbr,(charLevel*7)+92,(charLevel*6.8)+15,0,4,False,False
records/creatures/enemies/devotion/rhino_h04.dbr,True,champion,Hero,sm3,CONFIRMED-PRESENT-NAMED-SKILL,3,2,11,2,True,True,True,24,records/creatures/enemies/bios/bio_hero_standard_01.dbr,(charLevel*7)+92,(charLevel*6.8)+15,0,4,False,False
records/creatures/enemies/devotion/rok_h01.dbr,True,champion,Hero,sm3,CONFIRMED-PRESENT-NAMED-SKILL,6,5,15,6,True,True,True,24,records/creatures/enemies/bios/bio_hero_standard_01.dbr,(charLevel*7)+92,(charLevel*6.8)+15,0,4,False,False
records/creatures/enemies/devotion/rok_h02.dbr,True,champion,Hero,sm3,CONFIRMED-PRESENT-NAMED-SKILL,8,7,15,6,True,True,True,24,records/creatures/enemies/bios/bio_hero_standard_01.dbr,(charLevel*7)+92,(charLevel*6.8)+15,0,4,False,False
records/creatures/enemies/devotion/rok_h03.dbr,True,champion,Hero,sm3,CONFIRMED-PRESENT-NAMED-SKILL,8,7,16,6,True,True,True,24,records/creatures/enemies/bios/bio_hero_standard_01.dbr,(charLevel*7)+92,(charLevel*6.8)+15,0,4,False,False
records/creatures/enemies/devotion/rok_h04.dbr,True,champion,Hero,sm3,CONFIRMED-PRESENT-NAMED-SKILL,7,7,14,5,True,True,True,24,records/creatures/enemies/bios/bio_hero_standard_01.dbr,(charLevel*7)+92,(charLevel*6.8)+15,0,4,False,False
records/creatures/enemies/devotion/skeletalgolem_h01.dbr,True,champion,Hero,sm_mod,CONFIRMED-PRESENT-NAMED-SKILL,6,5,13,2,True,True,True,24,records/creatures/enemies/bios/bio_hero_standard_extrahealth01.dbr,(charLevel*7)+92,(charLevel*6.8)+15,0,8,False,False
records/creatures/enemies/devotion/skeletalgolem_h02.dbr,True,champion,Hero,sm_mod,CONFIRMED-PRESENT-NAMED-SKILL,6,4,14,2,True,True,True,24,records/creatures/enemies/bios/bio_hero_standard_extrahealth01.dbr,(charLevel*7)+92,(charLevel*6.8)+15,0,8,False,False
records/creatures/enemies/devotion/skeletalgolem_h03.dbr,True,champion,Hero,sm_mod,CONFIRMED-PRESENT-NAMED-SKILL,5,4,13,1,True,True,True,24,records/creatures/enemies/bios/bio_hero_standard_extrahealth01.dbr,(charLevel*7)+92,(charLevel*6.8)+15,0,8,False,False
records/creatures/enemies/devotion/skeletalgolem_h04.dbr,True,champion,Hero,sm_mod,CONFIRMED-PRESENT-NAMED-SKILL,7,5,14,2,True,True,True,24,records/creatures/enemies/bios/bio_hero_standard_extrahealth01.dbr,(charLevel*7)+92,(charLevel*6.8)+15,0,8,False,False
records/creatures/enemies/devotion/skeletalgolem_h05.dbr,True,champion,Hero,sm_mod,CONFIRMED-PRESENT-NAMED-SKILL,6,5,15,3,True,True,True,24,records/creatures/enemies/bios/bio_hero_standard_extrahealth01.dbr,(charLevel*7)+92,(charLevel*6.8)+15,0,8,False,False
records/creatures/enemies/devotion/skeleton_h01.dbr,True,champion,Hero,sm_mod,CONFIRMED-PRESENT-NAMED-SKILL,5,5,13,5,True,True,True,24,records/creatures/enemies/bios/bio_hero_assassin_01.dbr,(charLevel*7)+92,(charLevel*6.8)+15,0,8,False,False
records/creatures/enemies/devotion/skeleton_h02.dbr,True,champion,Hero,sm_mod,CONFIRMED-PRESENT-NAMED-SKILL,5,4,12,4,True,True,True,24,records/creatures/enemies/bios/bio_hero_support_01.dbr,(charLevel*7)+92,(charLevel*6.8)+15,0,8,False,False
records/creatures/enemies/devotion/skeleton_h03.dbr,True,champion,Hero,sm_mod,CONFIRMED-PRESENT-NAMED-SKILL,5,5,14,3,True,True,True,24,records/creatures/enemies/bios/bio_hero_tank_01.dbr,(charLevel*7)+92,(charLevel*6.8)+15,0,8,False,False
records/creatures/enemies/devotion/skeleton_h04.dbr,True,champion,Hero,sm_mod,CONFIRMED-PRESENT-NAMED-SKILL,3,3,11,1,True,True,True,24,records/creatures/enemies/bios/bio_hero_standard_01.dbr,(charLevel*7)+92,(charLevel*6.8)+15,0,8,False,False
records/creatures/enemies/devotion/skeleton_h05.dbr,True,champion,Hero,sm_mod,CONFIRMED-PRESENT-NAMED-SKILL,4,4,13,4,True,True,True,24,records/creatures/enemies/bios/bio_hero_standard_01.dbr,(charLevel*7)+92,(charLevel*6.8)+15,0,8,False,False
records/creatures/enemies/devotion/skeleton_h07.dbr,True,champion,Hero,sm_mod,CONFIRMED-PRESENT-NAMED-SKILL,5,3,12,2,True,True,True,24,records/creatures/enemies/bios/bio_hero_standard_extrahealth01.dbr,(charLevel*7)+92,(charLevel*6.8)+15,0,8,False,False
records/creatures/enemies/devotion/skeleton_h10.dbr,True,champion,Hero,sm_mod,CONFIRMED-PRESENT-NAMED-SKILL,7,4,14,3,True,True,True,24,records/creatures/enemies/bios/bio_hero_standard_extrahealth01.dbr,(charLevel*7)+92,(charLevel*6.8)+15,0,8,False,False
records/creatures/enemies/devotion/slith_h01.dbr,True,champion,Hero,sm_mod,CONFIRMED-PRESENT-NAMED-SKILL,5,4,11,3,True,True,True,24,records/creatures/enemies/bios/bio_hero_standard_01.dbr,(charLevel*7)+92,(charLevel*6.8)+15,0,8,False,False
records/creatures/enemies/devotion/slith_h02.dbr,True,champion,Hero,sm_mod,CONFIRMED-PRESENT-NAMED-SKILL,6,5,12,4,True,True,True,24,records/creatures/enemies/bios/bio_hero_support_01.dbr,(charLevel*7)+92,(charLevel*6.8)+15,0,8,False,False
records/creatures/enemies/devotion/slith_h03.dbr,True,champion,Hero,sm_mod,CONFIRMED-PRESENT-NAMED-SKILL,3,2,11,2,True,True,True,24,records/creatures/enemies/bios/bio_hero_bruiser_01.dbr,(charLevel*7)+92,(charLevel*6.8)+15,0,8,False,False
records/creatures/enemies/devotion/slith_h04.dbr,True,champion,Hero,sm_mod,CONFIRMED-PRESENT-NAMED-SKILL,4,4,10,3,True,True,True,24,records/creatures/enemies/bios/bio_hero_support_01.dbr,(charLevel*7)+92,(charLevel*6.8)+15,0,8,False,False
records/creatures/enemies/devotion/slith_h05.dbr,True,champion,Hero,sm_mod,CONFIRMED-PRESENT-NAMED-SKILL,4,3,11,2,True,True,True,24,records/creatures/enemies/bios/bio_hero_assassin_01.dbr,(charLevel*7)+92,(charLevel*6.8)+15,0,8,False,False
records/creatures/enemies/devotion/slith_h06.dbr,True,champion,Hero,sm_mod,CONFIRMED-PRESENT-NAMED-SKILL,5,4,11,3,True,True,True,24,records/creatures/enemies/bios/bio_hero_standard_01.dbr,(charLevel*7)+92,(charLevel*6.8)+15,0,8,False,False
records/creatures/enemies/devotion/slith_h07.dbr,True,champion,Hero,sm_mod,CONFIRMED-PRESENT-NAMED-SKILL,5,5,12,4,True,True,True,24,records/creatures/enemies/bios/bio_hero_standard_01.dbr,(charLevel*7)+92,(charLevel*6.8)+15,0,8,False,False
records/creatures/enemies/devotion/slith_h08.dbr,True,champion,Hero,sm_mod,CONFIRMED-PRESENT-NAMED-SKILL,4,4,12,2,True,True,True,24,records/creatures/enemies/bios/bio_hero_standard_extrahealth01.dbr,(charLevel*7)+92,(charLevel*6.8)+15,0,8,False,False
records/creatures/enemies/devotion/spider_cave_h01.dbr,True,champion,Hero,sm_mod,CONFIRMED-PRESENT-NAMED-SKILL,5,5,11,4,True,True,True,24,records/creatures/enemies/bios/bio_hero_standard_01.dbr,(charLevel*7)+92,(charLevel*6.8)+15,0,8,False,False
records/creatures/enemies/devotion/spider_cave_h02.dbr,True,champion,Hero,sm_mod,CONFIRMED-PRESENT-NAMED-SKILL,3,2,11,2,True,True,True,24,records/creatures/enemies/bios/bio_hero_regenerator_01.dbr,(charLevel*7)+92,(charLevel*6.8)+15,0,8,False,False
records/creatures/enemies/devotion/spider_cave_h03.dbr,True,champion,Hero,sm_mod,CONFIRMED-PRESENT-NAMED-SKILL,3,2,11,2,True,True,True,24,records/creatures/enemies/bios/bio_hero_assassin_01.dbr,(charLevel*7)+92,(charLevel*6.8)+15,0,8,False,False
records/creatures/enemies/devotion/swampcrab_h01.dbr,True,champion,Hero,sm1,CONFIRMED-PRESENT-NAMED-SKILL,7,6,16,6,True,True,True,24,records/creatures/enemies/bios/bio_hero_standard_01.dbr,(charLevel*7)+92,(charLevel*6.8)+15,0,8,False,False
records/creatures/enemies/devotion/swampcrab_h02.dbr,True,champion,Hero,sm1,CONFIRMED-PRESENT-NAMED-SKILL,6,5,16,7,True,True,True,24,records/creatures/enemies/bios/bio_hero_standard_01.dbr,(charLevel*7)+92,(charLevel*6.8)+15,0,8,False,False
records/creatures/enemies/devotion/swampcrab_h03.dbr,True,champion,Hero,sm1,CONFIRMED-PRESENT-NAMED-SKILL,5,4,15,5,True,True,True,24,records/creatures/enemies/bios/bio_hero_standard_01.dbr,(charLevel*7)+92,(charLevel*6.8)+15,0,8,False,False
records/creatures/enemies/devotion/swampcrab_h04.dbr,True,champion,Hero,sm1,CONFIRMED-PRESENT-NAMED-SKILL,7,6,17,6,True,True,True,24,records/creatures/enemies/bios/bio_hero_standard_01.dbr,(charLevel*7)+92,(charLevel*6.8)+15,0,8,False,False
records/creatures/enemies/devotion/swampgolem_h01.dbr,True,champion,Hero,sm1,CONFIRMED-PRESENT-NAMED-SKILL,6,4,13,4,True,True,True,24,records/creatures/enemies/bios/bio_hero_standard_extrahealth01.dbr,(charLevel*7)+92,(charLevel*6.8)+15,0,8,False,False
records/creatures/enemies/devotion/swampgolem_h02.dbr,True,champion,Hero,sm1,CONFIRMED-PRESENT-NAMED-SKILL,6,4,13,3,True,True,True,24,records/creatures/enemies/bios/bio_hero_standard_01.dbr,(charLevel*7)+92,(charLevel*6.8)+15,0,8,False,False
records/creatures/enemies/devotion/swampgolem_h03.dbr,True,champion,Hero,sm1,CONFIRMED-PRESENT-NAMED-SKILL,7,6,13,5,True,True,True,24,records/creatures/enemies/bios/bio_hero_standard_extrahealth01.dbr,(charLevel*7)+92,(charLevel*6.8)+15,0,8,False,False
records/creatures/enemies/devotion/swampgolem_h04.dbr,True,champion,Hero,sm1,CONFIRMED-PRESENT-NAMED-SKILL,7,6,15,6,True,True,True,24,records/creatures/enemies/bios/bio_hero_standard_extrahealth01.dbr,(charLevel*7)+92,(charLevel*6.8)+15,0,8,False,False
records/creatures/enemies/devotion/wendigo_h01.dbr,True,champion,Hero,sm1,CONFIRMED-PRESENT-NAMED-SKILL,7,6,17,5,True,True,True,42,records/creatures/enemies/bios/bio_hero_standard_extrahealth01.dbr,(charLevel*7)+92,(charLevel*6.8)+15,0,8,False,False
records/creatures/enemies/devotion/wendigo_h02.dbr,True,champion,Hero,sm1,CONFIRMED-PRESENT-NAMED-SKILL,7,6,13,4,True,True,True,42,records/creatures/enemies/bios/bio_hero_standard_extrahealth01.dbr,(charLevel*7)+92,(charLevel*6.8)+15,0,8,False,False
records/creatures/enemies/devotion/wendigo_h03.dbr,True,champion,Hero,sm1,CONFIRMED-PRESENT-NAMED-SKILL,7,5,16,6,True,True,True,42,records/creatures/enemies/bios/bio_hero_standard_extrahealth01.dbr,(charLevel*7)+92,(charLevel*6.8)+15,0,8,False,False
records/creatures/enemies/devotion/wendigo_h04.dbr,True,champion,Hero,sm1,CONFIRMED-PRESENT-NAMED-SKILL,6,5,13,4,True,True,True,42,records/creatures/enemies/bios/bio_hero_standard_extrahealth01.dbr,(charLevel*7)+92,(charLevel*6.8)+15,0,8,False,False
records/creatures/enemies/devotion/wight_h01.dbr,True,champion,Hero,sm3,CONFIRMED-PRESENT-NAMED-SKILL,5,4,14,4,True,True,True,24,records/creatures/enemies/bios/bio_hero_support_01.dbr,(charLevel*7)+92,(charLevel*6.8)+15,0,4,False,True
records/creatures/enemies/devotion/wight_h02.dbr,True,champion,Hero,sm3,CONFIRMED-PRESENT-NAMED-SKILL,7,6,17,5,True,True,True,24,records/creatures/enemies/bios/bio_hero_standard_01.dbr,(charLevel*7)+92,(charLevel*6.8)+15,0,4,False,True
records/creatures/enemies/devotion/wight_h03.dbr,True,champion,Hero,sm3,CONFIRMED-PRESENT-NAMED-SKILL,5,4,12,3,True,True,True,24,records/creatures/enemies/bios/bio_hero_standard_01.dbr,(charLevel*7)+92,(charLevel*6.8)+15,0,4,False,True
records/creatures/enemies/devotion/wight_h04.dbr,True,champion,Hero,sm3,CONFIRMED-PRESENT-NAMED-SKILL,4,3,13,2,True,True,True,24,records/creatures/enemies/bios/bio_hero_assassin_01.dbr,(charLevel*7)+92,(charLevel*6.8)+15,0,4,False,True
records/creatures/enemies/devotion/wraith_h01.dbr,True,champion,Hero,sm1,CONFIRMED-PRESENT-NAMED-SKILL,8,7,13,3,True,True,True,24,records/creatures/enemies/bios/bio_hero_standard_01.dbr,(charLevel*7)+92,(charLevel*6.8)+15,0,8,False,False
records/creatures/enemies/devotion/wraith_h02.dbr,True,champion,Hero,sm1,CONFIRMED-PRESENT-NAMED-SKILL,7,6,13,3,True,True,True,24,records/creatures/enemies/bios/bio_hero_standard_01.dbr,(charLevel*7)+92,(charLevel*6.8)+15,0,8,False,False
records/creatures/enemies/devotion/wraith_h03.dbr,True,champion,Hero,sm1,CONFIRMED-PRESENT-NAMED-SKILL,7,5,16,4,True,True,True,24,records/creatures/enemies/bios/bio_hero_standard_01.dbr,(charLevel*7)+92,(charLevel*6.8)+15,0,8,False,False
records/creatures/enemies/devotion/wraith_h04.dbr,True,champion,Hero,sm1,CONFIRMED-PRESENT-NAMED-SKILL,7,6,17,3,True,True,True,24,records/creatures/enemies/bios/bio_hero_standard_01.dbr,(charLevel*7)+92,(charLevel*6.8)+15,0,8,False,False
records/creatures/enemies/devotion/yetidire_h01.dbr,True,champion,Hero,sm3,CONFIRMED-PRESENT-NAMED-SKILL,4,4,12,2,True,True,True,24,records/creatures/enemies/bios/bio_hero_standard_01.dbr,(charLevel*7)+92,(charLevel*6.8)+15,0,4,False,False
records/creatures/enemies/devotion/yetidire_h02.dbr,True,champion,Hero,sm3,CONFIRMED-PRESENT-NAMED-SKILL,5,4,14,3,True,True,True,24,records/creatures/enemies/bios/bio_hero_standard_01.dbr,(charLevel*7)+92,(charLevel*6.8)+15,0,4,False,False
records/creatures/enemies/devotion/yetidire_h03.dbr,True,champion,Hero,sm3,CONFIRMED-PRESENT-NAMED-SKILL,5,5,12,3,True,True,True,24,records/creatures/enemies/bios/bio_hero_standard_01.dbr,(charLevel*7)+92,(charLevel*6.8)+15,0,4,False,False
records/creatures/enemies/devotion/yetidire_h04.dbr,True,champion,Hero,sm3,CONFIRMED-PRESENT-NAMED-SKILL,6,6,14,4,True,True,True,24,records/creatures/enemies/bios/bio_hero_standard_01.dbr,(charLevel*7)+92,(charLevel*6.8)+15,0,4,False,False
records/creatures/enemies/devotion/zombie_h01.dbr,True,champion,Hero,sm_mod,CONFIRMED-PRESENT-NAMED-SKILL,3,3,11,3,True,True,True,24,records/creatures/enemies/bios/bio_hero_bruiser_01.dbr,(charLevel*7)+92,(charLevel*6.8)+15,0,8,False,False
records/creatures/enemies/devotion/zombie_h02.dbr,True,champion,Hero,sm_mod,CONFIRMED-PRESENT-NAMED-SKILL,5,4,11,3,True,True,True,24,records/creatures/enemies/bios/bio_hero_standard_01.dbr,(charLevel*7)+92,(charLevel*6.8)+15,0,8,False,False
records/creatures/enemies/devotion/zombie_h03.dbr,True,champion,Hero,sm_mod,CONFIRMED-PRESENT-NAMED-SKILL,2,2,9,1,True,True,True,24,records/creatures/enemies/bios/bio_hero_support_01.dbr,(charLevel*7)+92,(charLevel*6.8)+15,0,8,False,False
records/creatures/enemies/devotion/zombie_h04.dbr,True,champion,Hero,sm_mod,CONFIRMED-PRESENT-NAMED-SKILL,4,3,11,2,True,True,True,24,records/creatures/enemies/bios/bio_hero_standard_01.dbr,(charLevel*7)+92,(charLevel*6.8)+15,0,8,False,False
records/creatures/enemies/devotion/zombie_h05.dbr,True,champion,Hero,sm_mod,CONFIRMED-PRESENT-NAMED-SKILL,4,4,10,4,True,True,True,24,records/creatures/enemies/bios/bio_hero_support_01.dbr,(charLevel*7)+92,(charLevel*6.8)+15,0,8,False,False
records/creatures/enemies/devotion/zombiemutated_h01.dbr,True,champion,Hero,sm_mod,CONFIRMED-PRESENT-NAMED-SKILL,5,4,12,4,True,True,True,24,records/creatures/enemies/bios/bio_hero_regenerator_01.dbr,(charLevel*7)+92,(charLevel*6.8)+15,0,8,False,False
records/creatures/enemies/devotion/zombiemutated_h02.dbr,True,champion,Hero,sm_mod,CONFIRMED-PRESENT-NAMED-SKILL,5,5,11,4,True,True,True,24,records/creatures/enemies/bios/bio_hero_bruiser_01.dbr,(charLevel*7)+92,(charLevel*6.8)+15,0,8,False,False
records/creatures/enemies/devotion/zombiemutated_h03.dbr,True,champion,Hero,sm_mod,CONFIRMED-PRESENT-NAMED-SKILL,4,4,10,4,True,True,True,24,records/creatures/enemies/bios/bio_hero_standard_01.dbr,(charLevel*7)+92,(charLevel*6.8)+15,0,8,False,False
records/creatures/enemies/devotion/zombiemutated_h04.dbr,True,champion,Hero,sm_mod,CONFIRMED-PRESENT-NAMED-SKILL,4,3,12,3,True,True,True,24,records/creatures/enemies/bios/bio_hero_standard_01.dbr,(charLevel*7)+92,(charLevel*6.8)+15,0,8,False,False
records/creatures/enemies/eldritchwraith_a01.dbr,True,normal,Common,sm2,CONFIRMED-PRESENT-NAMED-SKILL,1,1,5,1,True,True,True,24,records/creatures/enemies/bios/bio_eldritchwraith_a01.dbr,(charLevel*6)+30,(charLevel*3.5)+18,0,4,False,False
records/creatures/enemies/eldritchwraith_b01.dbr,True,normal,Champion,sm2,CONFIRMED-PRESENT-NAMED-SKILL,4,3,8,2,True,True,True,24,records/creatures/enemies/bios/bio_eldritchwraith_b01.dbr,(charLevel*6)+40,(charLevel*4.5)+20,0,4,False,False
records/creatures/enemies/eldritchwraith_c01.dbr,True,normal,Champion,sm2,CONFIRMED-PRESENT-NAMED-SKILL,5,4,10,3,True,True,True,24,records/creatures/enemies/bios/bio_eldritchwraith_c01.dbr,(charLevel*6)+50,(charLevel*3)+15,0,4,False,False
records/creatures/enemies/gargoyle_a01.dbr,True,normal,Common,sm2,CONFIRMED-PRESENT-NAMED-SKILL,4,4,9,4,True,True,True,24,records/creatures/enemies/bios/bio_gargoyle_a01.dbr,(charLevel*6)+30,(charLevel*5.0)+32,0,4,False,False
records/creatures/enemies/gargoyle_b01.dbr,True,normal,Champion,sm2,CONFIRMED-PRESENT-NAMED-SKILL,4,4,9,4,True,True,True,24,records/creatures/enemies/bios/bio_gargoyle_b01.dbr,(charLevel*6)+60,(charLevel*5.2)+40,0,4,False,False
records/creatures/enemies/gargoyle_c01.dbr,True,normal,Champion,sm2,CONFIRMED-PRESENT-NAMED-SKILL,5,3,10,2,True,True,True,24,records/creatures/enemies/bios/bio_gargoyle_c01.dbr,(charLevel*7)+70,(charLevel*5.2)+40,0,4,False,False
records/creatures/enemies/giant_a01.dbr,True,normal,Champion,sm3,CONFIRMED-PRESENT-NAMED-SKILL,2,2,9,2,True,True,True,24,records/creatures/enemies/bios/bio_giant_a01.dbr,(charLevel*6)+25,(charLevel*5.0)+32,0,4,False,False
records/creatures/enemies/groblefrost_a02.dbr,True,normal,Common,sm3,CONFIRMED-PRESENT-NAMED-SKILL,0,0,5,1,True,True,True,24,records/creatures/enemies/bios/bio_groblefrost_a01.dbr,(charLevel*6)+10,(charLevel*3)+12,0,4,False,False
records/creatures/enemies/hero/aetherialcolossus_h01.dbr,True,champion,Hero,sm1,CONFIRMED-PRESENT-NAMED-SKILL,6,5,14,6,True,True,True,24,records/creatures/enemies/bios/bio_hero_standard_extrahealth01.dbr,(charLevel*7)+92,(charLevel*6.8)+15,0,8,False,False
records/creatures/enemies/hero/aetherialcolossus_h02.dbr,True,champion,Hero,sm1,CONFIRMED-PRESENT-NAMED-SKILL,5,5,13,5,True,True,True,24,records/creatures/enemies/bios/bio_hero_standard_extrahealth01.dbr,(charLevel*7)+92,(charLevel*6.8)+15,0,8,False,False
records/creatures/enemies/hero/aetherialcolossus_h03.dbr,True,champion,Hero,sm1,CONFIRMED-PRESENT-NAMED-SKILL,7,6,16,6,True,True,True,24,records/creatures/enemies/bios/bio_hero_standard_extrahealth01.dbr,(charLevel*7)+92,(charLevel*6.8)+15,0,8,False,False
records/creatures/enemies/hero/aetherialcolossus_h04.dbr,True,champion,Hero,sm1,CONFIRMED-PRESENT-NAMED-SKILL,7,6,16,7,True,True,True,24,records/creatures/enemies/bios/bio_hero_standard_extrahealth01.dbr,(charLevel*7)+92,(charLevel*6.8)+15,0,8,False,False
records/creatures/enemies/hero/aetherialcolossus_h05.dbr,True,champion,Hero,sm3,CONFIRMED-PRESENT-NAMED-SKILL,6,6,14,6,True,True,True,24,records/creatures/enemies/bios/bio_hero_standard_extrahealth01.dbr,(charLevel*7)+92,(charLevel*6.8)+15,0,8,False,False
records/creatures/enemies/hero/aetherialcorruption_h02.dbr,True,champion,Hero,sm1,CONFIRMED-PRESENT-NAMED-SKILL,6,6,12,5,True,True,True,24,records/creatures/enemies/bios/bio_hero_standard_01.dbr,(charLevel*7)+92,(charLevel*6.8)+15,0,8,False,False
records/creatures/enemies/hero/aetherialcorruption_h03.dbr,True,champion,Hero,sm1,CONFIRMED-PRESENT-NAMED-SKILL,4,4,10,3,True,True,True,24,records/creatures/enemies/bios/bio_hero_standard_01.dbr,(charLevel*7)+92,(charLevel*6.8)+15,0,8,False,False
records/creatures/enemies/hero/aetherialcorruption_h04.dbr,True,champion,Hero,sm1,CONFIRMED-PRESENT-NAMED-SKILL,5,3,13,4,True,True,True,24,records/creatures/enemies/bios/bio_hero_standard_01.dbr,(charLevel*7)+92,(charLevel*6.8)+15,0,8,False,False
records/creatures/enemies/hero/aetherialcorruption_h05.dbr,True,champion,Hero,sm3,CONFIRMED-PRESENT-NAMED-SKILL,3,2,10,2,True,True,True,24,records/creatures/enemies/bios/bio_hero_standard_01.dbr,(charLevel*7)+92,(charLevel*6.8)+15,0,8,False,False
records/creatures/enemies/hero/aetherialfleshshaper_h01.dbr,True,champion,Hero,sm1,CONFIRMED-PRESENT-NAMED-SKILL,8,6,14,4,True,True,True,24,records/creatures/enemies/bios/bio_hero_standard_01.dbr,(charLevel*7)+92,(charLevel*6.8)+15,0,8,False,False
records/creatures/enemies/hero/aetherialfleshshaper_h02.dbr,True,champion,Hero,sm1,CONFIRMED-PRESENT-NAMED-SKILL,7,5,13,2,True,True,True,24,records/creatures/enemies/bios/bio_hero_standard_01.dbr,(charLevel*7)+92,(charLevel*6.8)+15,0,8,False,False
records/creatures/enemies/hero/aetherialfleshshaper_h03.dbr,True,champion,Hero,sm1,CONFIRMED-PRESENT-NAMED-SKILL,6,4,13,3,True,True,True,24,records/creatures/enemies/bios/bio_hero_standard_01.dbr,(charLevel*7)+92,(charLevel*6.8)+15,0,8,False,False
records/creatures/enemies/hero/aetherialfleshshaper_h04.dbr,True,champion,Hero,sm1,CONFIRMED-PRESENT-NAMED-SKILL,5,3,12,2,True,True,True,24,records/creatures/enemies/bios/bio_hero_standard_01.dbr,(charLevel*7)+92,(charLevel*6.8)+15,0,8,False,False
records/creatures/enemies/hero/aetherialfleshshaper_h05.dbr,True,champion,Hero,sm3,CONFIRMED-PRESENT-NAMED-SKILL,6,5,13,3,True,True,True,24,records/creatures/enemies/bios/bio_hero_standard_01.dbr,(charLevel*7)+92,(charLevel*6.8)+15,0,8,False,False
records/creatures/enemies/hero/aetherialimp_h01.dbr,True,champion,Hero,sm1,CONFIRMED-PRESENT-NAMED-SKILL,5,5,12,4,True,True,True,24,records/creatures/enemies/bios/bio_hero_standard_01.dbr,(charLevel*7)+92,(charLevel*6.8)+15,0,8,False,False
records/creatures/enemies/hero/aetherialimp_h05.dbr,True,champion,Hero,sm3,CONFIRMED-PRESENT-NAMED-SKILL,3,2,11,2,True,True,True,24,records/creatures/enemies/bios/bio_hero_standard_01.dbr,(charLevel*7)+92,(charLevel*6.8)+15,0,8,False,False
records/creatures/enemies/hero/basilisk_h04.dbr,True,champion,Hero,sm1,CONFIRMED-PRESENT-NAMED-SKILL,6,5,13,4,True,True,True,24,records/creatures/enemies/bios/bio_hero_standard_01.dbr,(charLevel*7)+92,(charLevel*6.8)+15,0,8,False,False
records/creatures/enemies/hero/basilisk_h05.dbr,True,champion,Hero,sm3,CONFIRMED-PRESENT-NAMED-SKILL,5,3,12,3,True,True,True,24,records/creatures/enemies/bios/bio_hero_standard_01.dbr,(charLevel*7)+92,(charLevel*6.8)+15,0,8,False,False
records/creatures/enemies/hero/chthoniandreadguard_h01.dbr,True,champion,Hero,sm_mod,CONFIRMED-PRESENT-NAMED-SKILL,5,5,12,5,True,True,True,24,records/creatures/enemies/bios/bio_hero_bruiser_01.dbr,(charLevel*7)+92,(charLevel*6.8)+15,0,8,False,False
records/creatures/enemies/hero/chthoniandreadguard_h02.dbr,True,champion,Hero,sm_mod,CONFIRMED-PRESENT-NAMED-SKILL,5,5,12,5,True,True,True,24,records/creatures/enemies/bios/bio_hero_assassin_01.dbr,(charLevel*7)+92,(charLevel*6.8)+15,0,8,False,False
records/creatures/enemies/hero/chthoniandreadguard_h03.dbr,True,champion,Hero,sm_mod,CONFIRMED-PRESENT-NAMED-SKILL,4,3,12,3,True,True,True,24,records/creatures/enemies/bios/bio_hero_standard_extrahealth01.dbr,(charLevel*7)+92,(charLevel*6.8)+15,0,8,False,False
records/creatures/enemies/hero/chthoniandreadguard_h04.dbr,True,champion,Hero,sm_mod,CONFIRMED-PRESENT-NAMED-SKILL,3,2,11,2,True,True,True,24,records/creatures/enemies/bios/bio_hero_standard_extrahealth01.dbr,(charLevel*7)+92,(charLevel*6.8)+15,0,8,False,False
records/creatures/enemies/hero/chthoniandreadguard_h05.dbr,True,champion,Hero,sm_mod,CONFIRMED-PRESENT-NAMED-SKILL,4,3,12,3,True,True,True,24,records/creatures/enemies/bios/bio_hero_standard_extrahealth01.dbr,(charLevel*7)+92,(charLevel*6.8)+15,0,8,False,False
records/creatures/enemies/hero/chthoniandreadguard_h06.dbr,True,champion,Hero,sm3,CONFIRMED-PRESENT-NAMED-SKILL,3,2,11,2,True,True,True,24,records/creatures/enemies/bios/bio_hero_standard_extrahealth01.dbr,(charLevel*7)+92,(charLevel*6.8)+15,0,8,False,False
records/creatures/enemies/hero/chthonianfiend_h01.dbr,True,champion,Hero,sm_mod,CONFIRMED-PRESENT-NAMED-SKILL,2,2,9,2,True,True,True,24,records/creatures/enemies/bios/bio_hero_tank_01.dbr,(charLevel*7)+92,(charLevel*6.8)+15,0,8,False,False
records/creatures/enemies/hero/chthonianfiend_h02.dbr,True,champion,Hero,sm_mod,CONFIRMED-PRESENT-NAMED-SKILL,4,3,10,2,True,True,True,24,records/creatures/enemies/bios/bio_hero_bruiser_01.dbr,(charLevel*7)+92,(charLevel*6.8)+15,0,8,False,False
records/creatures/enemies/hero/chthonianfiend_h03.dbr,True,champion,Hero,sm_mod,CONFIRMED-PRESENT-NAMED-SKILL,5,4,10,3,True,True,True,24,records/creatures/enemies/bios/bio_hero_standard_01.dbr,(charLevel*7)+92,(charLevel*6.8)+15,0,8,False,False
records/creatures/enemies/hero/chthonianfiend_h04.dbr,True,champion,Hero,sm_mod,CONFIRMED-PRESENT-NAMED-SKILL,3,3,10,2,True,True,True,24,records/creatures/enemies/bios/bio_hero_bruiser_01.dbr,(charLevel*7)+92,(charLevel*6.8)+15,0,8,False,False
records/creatures/enemies/hero/chthonianfiend_h05.dbr,True,champion,Hero,sm_mod,CONFIRMED-PRESENT-NAMED-SKILL,4,4,11,2,True,True,True,24,records/creatures/enemies/bios/bio_hero_standard_01.dbr,(charLevel*7)+92,(charLevel*6.8)+15,0,8,False,False
records/creatures/enemies/hero/dranghoul_h01.dbr,True,champion,Hero,sm3,CONFIRMED-PRESENT-NAMED-SKILL,3,2,10,2,True,True,True,24,records/creatures/enemies/bios/bio_hero_assassin_01.dbr,(charLevel*7)+92,(charLevel*6.8)+15,0,4,False,False
records/creatures/enemies/hero/dranghoul_h02.dbr,True,champion,Hero,sm3,CONFIRMED-PRESENT-NAMED-SKILL,3,2,10,2,True,True,True,24,records/creatures/enemies/bios/bio_hero_standard_01.dbr,(charLevel*7)+92,(charLevel*6.8)+15,0,4,False,False
records/creatures/enemies/hero/dranghoul_h03.dbr,True,champion,Hero,sm3,CONFIRMED-PRESENT-NAMED-SKILL,4,3,11,3,True,True,True,24,records/creatures/enemies/bios/bio_hero_standard_01.dbr,(charLevel*7)+92,(charLevel*6.8)+15,0,4,False,False
records/creatures/enemies/hero/dranghoul_h04.dbr,True,champion,Hero,sm3,CONFIRMED-PRESENT-NAMED-SKILL,5,4,12,4,True,True,True,24,records/creatures/enemies/bios/bio_hero_standard_01.dbr,(charLevel*7)+92,(charLevel*6.8)+15,0,4,False,False
records/creatures/enemies/hero/ghostcrab_h01.dbr,True,champion,Hero,sm3,CONFIRMED-PRESENT-NAMED-SKILL,5,5,10,3,True,True,True,24,records/creatures/enemies/bios/bio_hero_standard_01.dbr,(charLevel*7)+92,(charLevel*6.8)+15,0,8,False,False
records/creatures/enemies/hero/ghostcrab_h02.dbr,True,champion,Hero,sm3,CONFIRMED-PRESENT-NAMED-SKILL,6,5,12,5,True,True,True,24,records/creatures/enemies/bios/bio_hero_standard_01.dbr,(charLevel*7)+92,(charLevel*6.8)+15,0,8,False,False
records/creatures/enemies/hero/ghostcrab_h03.dbr,True,champion,Hero,sm3,CONFIRMED-PRESENT-NAMED-SKILL,6,5,13,5,True,True,True,24,records/creatures/enemies/bios/bio_hero_standard_01.dbr,(charLevel*7)+92,(charLevel*6.8)+15,0,8,False,False
records/creatures/enemies/hero/ghostcrab_h04.dbr,True,champion,Hero,sm3,CONFIRMED-PRESENT-NAMED-SKILL,6,5,13,5,True,True,True,24,records/creatures/enemies/bios/bio_hero_standard_01.dbr,(charLevel*7)+92,(charLevel*6.8)+15,0,8,False,False
records/creatures/enemies/hero/ghostcrab_h05.dbr,True,champion,Hero,sm3,CONFIRMED-PRESENT-NAMED-SKILL,5,5,13,5,True,True,True,24,records/creatures/enemies/bios/bio_hero_standard_01.dbr,(charLevel*7)+92,(charLevel*6.8)+15,0,8,False,False
records/creatures/enemies/hero/giant_h01.dbr,True,champion,Hero,sm3,CONFIRMED-PRESENT-NAMED-SKILL,6,5,16,5,True,True,True,24,records/creatures/enemies/bios/bio_hero_standard_extrahealth01.dbr,(charLevel*7)+92,(charLevel*6.8)+15,0,4,False,False
records/creatures/enemies/hero/giant_h02.dbr,True,champion,Hero,sm3,CONFIRMED-PRESENT-NAMED-SKILL,6,5,15,4,True,True,True,24,records/creatures/enemies/bios/bio_hero_standard_extrahealth01.dbr,(charLevel*7)+92,(charLevel*6.8)+15,0,4,False,False
records/creatures/enemies/hero/giant_h03.dbr,True,champion,Hero,sm3,CONFIRMED-PRESENT-NAMED-SKILL,5,3,14,3,True,True,True,24,records/creatures/enemies/bios/bio_hero_standard_extrahealth01.dbr,(charLevel*7)+92,(charLevel*6.8)+15,0,4,False,False
records/creatures/enemies/hero/giant_h04.dbr,True,champion,Hero,sm3,CONFIRMED-PRESENT-NAMED-SKILL,6,5,17,4,True,True,True,24,records/creatures/enemies/bios/bio_hero_standard_extrahealth01.dbr,(charLevel*7)+92,(charLevel*6.8)+15,0,4,False,False
records/creatures/enemies/hero/hypporaven_h02.dbr,True,champion,Hero,sm3,CONFIRMED-PRESENT-NAMED-SKILL,3,3,10,2,True,True,True,24,records/creatures/enemies/bios/bio_hero_standard_01.dbr,(charLevel*7)+92,(charLevel*6.8)+15,0,4,False,False
records/creatures/enemies/hero/hypporaven_h04.dbr,True,champion,Hero,sm3,CONFIRMED-PRESENT-NAMED-SKILL,2,1,11,1,True,True,True,24,records/creatures/enemies/bios/bio_hero_support_01.dbr,(charLevel*7)+92,(charLevel*6.8)+15,0,4,False,False
records/creatures/enemies/hero/springscrab_h03.dbr,True,champion,Hero,sm3,CONFIRMED-PRESENT-NAMED-SKILL,4,2,13,2,True,True,True,24,records/creatures/enemies/bios/bio_hero_standard_01.dbr,(charLevel*7)+92,(charLevel*6.8)+15,0,8,False,False
records/creatures/enemies/hero/swampcrab_h01.dbr,True,champion,Hero,sm3,CONFIRMED-PRESENT-NAMED-SKILL,6,5,15,5,True,True,True,24,records/creatures/enemies/bios/bio_hero_standard_01.dbr,(charLevel*7)+92,(charLevel*6.8)+15,0,8,False,False
records/creatures/enemies/hero/swampcrab_h02.dbr,True,champion,Hero,sm3,CONFIRMED-PRESENT-NAMED-SKILL,6,5,15,6,True,True,True,24,records/creatures/enemies/bios/bio_hero_standard_01.dbr,(charLevel*7)+92,(charLevel*6.8)+15,0,8,False,False
records/creatures/enemies/hero/swampcrab_h03.dbr,True,champion,Hero,sm3,CONFIRMED-PRESENT-NAMED-SKILL,4,3,14,4,True,True,True,24,records/creatures/enemies/bios/bio_hero_standard_01.dbr,(charLevel*7)+92,(charLevel*6.8)+15,0,8,False,False
records/creatures/enemies/hero/swampcrab_h04.dbr,True,champion,Hero,sm3,CONFIRMED-PRESENT-NAMED-SKILL,6,6,17,6,True,True,True,24,records/creatures/enemies/bios/bio_hero_standard_01.dbr,(charLevel*7)+92,(charLevel*6.8)+15,0,8,False,False
records/creatures/enemies/hero/swampcrab_h05.dbr,True,champion,Hero,sm3,CONFIRMED-PRESENT-NAMED-SKILL,4,3,15,4,True,True,True,24,records/creatures/enemies/bios/bio_hero_standard_01.dbr,(charLevel*7)+92,(charLevel*6.8)+15,0,8,False,False
records/creatures/enemies/hero/swampgolem_h03.dbr,True,champion,Hero,sm3,CONFIRMED-PRESENT-NAMED-SKILL,6,5,12,4,True,True,True,24,records/creatures/enemies/bios/bio_hero_standard_extrahealth01.dbr,(charLevel*7)+92,(charLevel*6.8)+15,0,8,False,False
records/creatures/enemies/hero/swampgolem_h04.dbr,True,champion,Hero,sm3,CONFIRMED-PRESENT-NAMED-SKILL,7,6,14,5,True,True,True,24,records/creatures/enemies/bios/bio_hero_standard_extrahealth01.dbr,(charLevel*7)+92,(charLevel*6.8)+15,0,8,False,False
records/creatures/enemies/hero/thornedhorrorfrost_h01.dbr,True,champion,Hero,sm3,CONFIRMED-PRESENT-NAMED-SKILL,6,5,13,4,True,True,True,24,records/creatures/enemies/bios/bio_hero_standard_01.dbr,(charLevel*7)+92,(charLevel*6.8)+15,0,4,False,False
records/creatures/enemies/hero/thornedhorrorfrost_h02.dbr,True,champion,Hero,sm3,CONFIRMED-PRESENT-NAMED-SKILL,5,3,11,2,True,True,True,24,records/creatures/enemies/bios/bio_hero_standard_01.dbr,(charLevel*7)+92,(charLevel*6.8)+15,0,4,False,False
records/creatures/enemies/hero/thornedhorrorfrost_h03.dbr,True,champion,Hero,sm3,CONFIRMED-PRESENT-NAMED-SKILL,4,3,10,2,True,True,True,24,records/creatures/enemies/bios/bio_hero_standard_01.dbr,(charLevel*7)+92,(charLevel*6.8)+15,0,4,False,False
records/creatures/enemies/hero/thornedhorrorfrost_h04.dbr,True,champion,Hero,sm3,CONFIRMED-PRESENT-NAMED-SKILL,5,3,11,2,True,True,True,24,records/creatures/enemies/bios/bio_hero_standard_01.dbr,(charLevel*7)+92,(charLevel*6.8)+15,0,4,False,False
records/creatures/enemies/hero/wendigo_h02.dbr,True,champion,Hero,sm1,CONFIRMED-PRESENT-NAMED-SKILL,6,5,12,3,True,True,True,42,records/creatures/enemies/bios/bio_hero_standard_extrahealth01.dbr,(charLevel*7)+92,(charLevel*6.8)+15,0,8,False,False
records/creatures/enemies/hero/wendigo_h03.dbr,True,champion,Hero,sm1,CONFIRMED-PRESENT-NAMED-SKILL,7,5,16,5,True,True,True,42,records/creatures/enemies/bios/bio_hero_standard_extrahealth01.dbr,(charLevel*7)+92,(charLevel*6.8)+15,0,8,False,False
records/creatures/enemies/hero/wendigo_h05.dbr,True,champion,Hero,sm3,CONFIRMED-PRESENT-NAMED-SKILL,6,5,15,5,True,True,True,42,records/creatures/enemies/bios/bio_hero_standard_extrahealth01.dbr,(charLevel*7)+92,(charLevel*6.8)+15,0,8,False,False
records/creatures/enemies/hero/wendigocannibal_h01.dbr,True,champion,Hero,sm1,CONFIRMED-PRESENT-NAMED-SKILL,5,5,13,4,True,True,True,24,records/creatures/enemies/bios/bio_hero_standard_01.dbr,(charLevel*7)+92,(charLevel*6.8)+15,0,8,False,False
records/creatures/enemies/hero/wendigocannibal_h02.dbr,True,champion,Hero,sm1,CONFIRMED-PRESENT-NAMED-SKILL,6,5,14,5,True,True,True,24,records/creatures/enemies/bios/bio_hero_standard_01.dbr,(charLevel*7)+92,(charLevel*6.8)+15,0,8,False,False
records/creatures/enemies/hero/wendigocannibal_h03.dbr,True,champion,Hero,sm1,CONFIRMED-PRESENT-NAMED-SKILL,3,2,12,2,True,True,True,24,records/creatures/enemies/bios/bio_hero_standard_01.dbr,(charLevel*7)+92,(charLevel*6.8)+15,0,8,False,False
records/creatures/enemies/hero/wendigocannibal_h04.dbr,True,champion,Hero,sm1,CONFIRMED-PRESENT-NAMED-SKILL,3,2,12,2,True,True,True,24,records/creatures/enemies/bios/bio_hero_standard_01.dbr,(charLevel*7)+92,(charLevel*6.8)+15,0,8,False,False
records/creatures/enemies/hero/wendigocannibal_h05.dbr,True,champion,Hero,sm3,CONFIRMED-PRESENT-NAMED-SKILL,4,2,13,2,True,True,True,24,records/creatures/enemies/bios/bio_hero_standard_01.dbr,(charLevel*7)+92,(charLevel*6.8)+15,0,8,False,False
records/creatures/enemies/hero/wight_h01.dbr,True,champion,Hero,sm3,CONFIRMED-PRESENT-NAMED-SKILL,5,4,14,4,True,True,True,24,records/creatures/enemies/bios/bio_hero_support_01.dbr,(charLevel*7)+92,(charLevel*6.8)+15,0,4,False,False
records/creatures/enemies/hero/wight_h02.dbr,True,champion,Hero,sm3,CONFIRMED-PRESENT-NAMED-SKILL,7,6,17,5,True,True,True,24,records/creatures/enemies/bios/bio_hero_standard_01.dbr,(charLevel*7)+92,(charLevel*6.8)+15,0,4,False,False
records/creatures/enemies/hero/wight_h03.dbr,True,champion,Hero,sm3,CONFIRMED-PRESENT-NAMED-SKILL,5,4,12,3,True,True,True,24,records/creatures/enemies/bios/bio_hero_standard_01.dbr,(charLevel*7)+92,(charLevel*6.8)+15,0,4,False,False
records/creatures/enemies/hero/wight_h04.dbr,True,champion,Hero,sm3,CONFIRMED-PRESENT-NAMED-SKILL,4,3,13,2,True,True,True,24,records/creatures/enemies/bios/bio_hero_assassin_01.dbr,(charLevel*7)+92,(charLevel*6.8)+15,0,4,False,False
records/creatures/enemies/hero/wraith_h01.dbr,True,champion,Hero,sm1,CONFIRMED-PRESENT-NAMED-SKILL,6,6,12,3,True,True,True,24,records/creatures/enemies/bios/bio_hero_standard_01.dbr,(charLevel*7)+92,(charLevel*6.8)+15,0,8,False,False
records/creatures/enemies/hero/wraith_h02.dbr,True,champion,Hero,sm1,CONFIRMED-PRESENT-NAMED-SKILL,6,5,12,3,True,True,True,24,records/creatures/enemies/bios/bio_hero_standard_01.dbr,(charLevel*7)+92,(charLevel*6.8)+15,0,8,False,False
records/creatures/enemies/hero/wraith_h03.dbr,True,champion,Hero,sm1,CONFIRMED-PRESENT-NAMED-SKILL,7,5,16,3,True,True,True,24,records/creatures/enemies/bios/bio_hero_standard_01.dbr,(charLevel*7)+92,(charLevel*6.8)+15,0,8,False,False
records/creatures/enemies/hero/wraith_h04.dbr,True,champion,Hero,sm1,CONFIRMED-PRESENT-NAMED-SKILL,6,5,16,2,True,True,True,24,records/creatures/enemies/bios/bio_hero_standard_01.dbr,(charLevel*7)+92,(charLevel*6.8)+15,0,8,False,False
records/creatures/enemies/hero/wraith_h05.dbr,True,champion,Hero,sm3,CONFIRMED-PRESENT-NAMED-SKILL,6,6,14,2,True,True,True,24,records/creatures/enemies/bios/bio_hero_standard_01.dbr,(charLevel*7)+92,(charLevel*6.8)+15,0,8,False,False
records/creatures/enemies/nemesis/nemesis_beast_02.dbr,True,normal,Boss,sm3,CONFIRMED-PRESENT-NAMED-SKILL,4,3,13,4,True,True,True,24,records/creatures/enemies/bios/bio_boss_nemesis_01.dbr,(charLevel*7.2)+100,(charLevel*6.3)+60,0,8,True,True
records/creatures/enemies/nemesis/nemesis_chthonian_02.dbr,True,normal,Boss,sm_mod,CONFIRMED-PRESENT-NAMED-SKILL,5,4,11,3,True,True,True,24,records/creatures/enemies/bios/bio_boss_nemesis_01.dbr,(charLevel*7.2)+100,(charLevel*6.3)+60,0,8,False,True
records/creatures/enemies/nemesis/nemesis_eldritch_01.dbr,True,normal,Boss,sm2,CONFIRMED-PRESENT-NAMED-SKILL,5,3,13,5,True,True,True,24,records/creatures/enemies/bios/bio_boss_nemesis_01.dbr,(charLevel*7.2)+100,(charLevel*6.3)+60,0,8,False,True
records/creatures/enemies/nemesis/nemesis_eldritch_02a.dbr,True,normal,Boss,sm3,CONFIRMED-PRESENT-NAMED-SKILL,5,3,11,3,True,True,True,24,records/creatures/enemies/bios/bio_boss_nemesis2phase_01.dbr,(charLevel*7.2)+100,(charLevel*6.3)+50,0,8,True,False
records/creatures/enemies/nemesis/nemesis_kymon_02.dbr,True,normal,Boss,sm_mod,CONFIRMED-PRESENT-NAMED-SKILL,5,5,15,6,True,True,True,24,records/creatures/enemies/bios/bio_boss_nemesis_01.dbr,(charLevel*7.2)+100,(charLevel*6.3)+60,0,8,False,True
records/creatures/enemies/nemesis/nemesis_orderdeathsvigil_02.dbr,True,normal,Boss,sm3,CONFIRMED-PRESENT-NAMED-SKILL,4,1,10,1,True,True,True,24,records/creatures/enemies/bios/bio_boss_nemesis_01.dbr,(charLevel*7.2)+100,(charLevel*6.3)+60,0,8,False,True
records/creatures/enemies/nemesis/nemesis_outlaw_02.dbr,True,normal,Boss,sm3,CONFIRMED-PRESENT-NAMED-SKILL,4,3,10,3,True,True,True,24,records/creatures/enemies/bios/bio_boss_nemesis_01.dbr,(charLevel*7.2)+100,(charLevel*6.3)+60,0,8,False,True
records/creatures/enemies/nemesis/nemesis_undead_01.dbr,True,normal,Boss,sm3,CONFIRMED-PRESENT-NAMED-SKILL,4,4,13,5,True,True,True,24,records/creatures/enemies/bios/bio_boss_nemesis_01.dbr,(charLevel*7.2)+100,(charLevel*6.3)+60,0,8,False,True
records/creatures/enemies/nemesis/nemesis_undead_02b.dbr,True,normal,Boss,sm_mod,CONFIRMED-PRESENT-NAMED-SKILL,4,3,11,2,True,True,True,24,records/creatures/enemies/bios/bio_boss_nemesis_01.dbr,(charLevel*7.2)+100,(charLevel*6.3)+60,0,8,False,True
records/creatures/enemies/nemesis/nemesis_wendigo_02.dbr,True,normal,Boss,sm3,CONFIRMED-PRESENT-NAMED-SKILL,5,4,11,4,True,True,True,24,records/creatures/enemies/bios/bio_boss_nemesis_01.dbr,(charLevel*7.2)+100,(charLevel*6.3)+60,0,8,False,True
records/creatures/enemies/sandlizard_a01.dbr,True,normal,Common,sm2,CONFIRMED-PRESENT-NAMED-SKILL,2,2,6,2,True,True,True,24,records/creatures/enemies/bios/bio_sandlizard_a01.dbr,(charLevel*6)+35,(charLevel*4.5)+20,0,4,False,False
records/creatures/enemies/sandlizard_b01.dbr,True,normal,Champion,sm2,CONFIRMED-PRESENT-NAMED-SKILL,3,3,7,3,True,True,True,24,records/creatures/enemies/bios/bio_sandlizard_b01.dbr,(charLevel*6.5)+40,(charLevel*4.6)+30,0,4,False,False
records/creatures/enemies/sandlizard_b02.dbr,True,normal,Champion,sm2,CONFIRMED-PRESENT-NAMED-SKILL,2,2,7,2,True,True,True,24,records/creatures/enemies/bios/bio_sandlizard_b01.dbr,(charLevel*6.5)+40,(charLevel*4.6)+30,0,4,False,False
records/creatures/enemies/sandlizard_c01.dbr,True,normal,Champion,sm2,CONFIRMED-PRESENT-NAMED-SKILL,4,3,8,3,True,True,True,24,records/creatures/enemies/bios/bio_sandlizard_c01.dbr,(charLevel*6.8)+60,(charLevel*5.0)+40,0,4,False,False
records/creatures/enemies/sandlizard_eldritch_a01.dbr,True,normal,Common,sm2,CONFIRMED-PRESENT-NAMED-SKILL,2,2,6,2,True,True,True,24,records/creatures/enemies/bios/bio_sandlizard_eldritch_a01.dbr,(charLevel*6)+35,(charLevel*4.5)+20,0,4,False,False
records/creatures/enemies/sandlizard_eldritch_b01.dbr,True,normal,Champion,sm2,CONFIRMED-PRESENT-NAMED-SKILL,3,3,7,3,True,True,True,24,records/creatures/enemies/bios/bio_sandlizard_eldritch_b01.dbr,(charLevel*6.5)+40,(charLevel*4.6)+30,0,4,False,False
records/creatures/enemies/sandlizard_eldritch_b02.dbr,True,normal,Champion,sm2,CONFIRMED-PRESENT-NAMED-SKILL,2,2,7,2,True,True,True,24,records/creatures/enemies/bios/bio_sandlizard_eldritch_b01.dbr,(charLevel*6.5)+40,(charLevel*4.6)+30,0,4,False,False
records/creatures/enemies/sandlizard_eldritch_c01.dbr,True,normal,Champion,sm2,CONFIRMED-PRESENT-NAMED-SKILL,3,2,7,2,True,True,True,24,records/creatures/enemies/bios/bio_sandlizard_eldritch_c01.dbr,(charLevel*6.8)+60,(charLevel*5.0)+40,0,4,False,False
records/creatures/enemies/skeletalgolem_b01.dbr,True,normal,Champion,sm_mod,CONFIRMED-PRESENT-NAMED-SKILL,3,2,9,1,True,True,True,24,records/creatures/enemies/bios/bio_skeletongolem_01.dbr,(charLevel*6.6)+60,(charLevel*5.2)+40,0,4,False,False
records/creatures/enemies/skeletalgolem_c01.dbr,True,normal,Champion,sm_mod,CONFIRMED-PRESENT-NAMED-SKILL,4,3,10,1,True,True,True,24,records/creatures/enemies/bios/bio_skeletongolem_02.dbr,(charLevel*6.6)+90,(charLevel*5.2)+40,0,4,False,False
records/creatures/enemies/skeleton_b02_knight.dbr,True,normal,Champion,sm_mod,CONFIRMED-PRESENT-NAMED-SKILL,1,1,6,1,True,True,True,24,records/creatures/enemies/bios/bio_skeletonknight_01.dbr,(charLevel*6)+45,(charLevel*4.8)+25,0,4,False,False
records/creatures/enemies/skeleton_c01.dbr,True,normal,Champion,sm_mod,CONFIRMED-PRESENT-NAMED-SKILL,2,2,6,1,True,True,True,24,records/creatures/enemies/bios/bio_skeletonrevenant_01.dbr,(charLevel*6.5)+50,(charLevel*4.8)+30,0,4,False,False
records/creatures/enemies/skeleton_c02.dbr,True,normal,Champion,sm_mod,CONFIRMED-PRESENT-NAMED-SKILL,2,2,6,2,True,True,True,24,records/creatures/enemies/bios/bio_skeletonrevenant_01.dbr,(charLevel*6.5)+50,(charLevel*4.8)+30,0,4,False,False
records/creatures/enemies/skeleton_c03.dbr,True,normal,Champion,sm_mod,CONFIRMED-PRESENT-NAMED-SKILL,1,1,5,1,True,True,True,24,records/creatures/enemies/bios/bio_skeletonrevenant_01.dbr,(charLevel*6.5)+50,(charLevel*4.8)+30,0,4,False,False
records/creatures/enemies/skeleton_d01.dbr,True,normal,Champion,sm2,CONFIRMED-PRESENT-NAMED-SKILL,4,2,12,2,True,True,True,24,records/creatures/enemies/bios/bio_hero_standard_01.dbr,(charLevel*7)+92,(charLevel*6.8)+15,0,8,False,False
records/creatures/enemies/statue_a01.dbr,True,normal,Champion,sm2,CONFIRMED-PRESENT-NAMED-SKILL,4,4,9,4,True,True,True,24,records/creatures/enemies/bios/bio_statue_a01.dbr,(charLevel*6)+25,(charLevel*5.0)+32,0,4,False,False
records/creatures/enemies/statue_a02.dbr,True,normal,Champion,sm2,CONFIRMED-PRESENT-NAMED-SKILL,4,4,9,4,True,True,True,24,records/creatures/enemies/bios/bio_statue_a01.dbr,(charLevel*6)+25,(charLevel*5.0)+32,0,4,False,False
records/creatures/enemies/statue_b01.dbr,True,normal,Champion,sm2,CONFIRMED-PRESENT-NAMED-SKILL,4,4,10,4,True,True,True,24,records/creatures/enemies/bios/bio_statue_b01.dbr,(charLevel*6.5)+60,(charLevel*5.2)+40,0,4,False,False
records/creatures/enemies/statue_b02.dbr,True,normal,Champion,sm2,CONFIRMED-PRESENT-NAMED-SKILL,4,4,10,4,True,True,True,24,records/creatures/enemies/bios/bio_statue_b01.dbr,(charLevel*6.5)+60,(charLevel*5.2)+40,0,4,False,False
records/creatures/enemies/statue_c01.dbr,True,normal,Champion,sm2,CONFIRMED-PRESENT-NAMED-SKILL,5,4,11,4,True,True,True,24,records/creatures/enemies/bios/bio_statue_c01.dbr,(charLevel*6.5)+80,(charLevel*5.2)+40,0,4,False,False
records/creatures/enemies/statue_c02.dbr,True,normal,Champion,sm2,CONFIRMED-PRESENT-NAMED-SKILL,5,4,11,4,True,True,True,24,records/creatures/enemies/bios/bio_statue_c01.dbr,(charLevel*6.5)+80,(charLevel*5.2)+40,0,4,False,False
records/creatures/enemies/swampgolem_b01.dbr,True,normal,Champion,sm1,CONFIRMED-PRESENT-NAMED-SKILL,3,3,8,3,True,True,True,24,records/creatures/enemies/bios/bio_swampgolem_b01.dbr,(charLevel*6.5)+60,(charLevel*5.2)+40,0,4,False,False
records/creatures/enemies/swampgolem_c01.dbr,True,normal,Champion,sm1,CONFIRMED-PRESENT-NAMED-SKILL,5,3,10,3,True,True,True,24,records/creatures/enemies/bios/bio_swampgolem_c01.dbr,(charLevel*6.5)+80,(charLevel*5.2)+40,0,4,False,False
records/creatures/enemies/yetidire_b01.dbr,True,normal,Champion,sm3,CONFIRMED-PRESENT-NAMED-SKILL,1,1,6,1,True,True,True,24,records/creatures/enemies/bios/bio_yetidire_b01.dbr,(charLevel*6)+35,(charLevel*4)+25,0,4,False,False
records/creatures/enemies/yetidire_b02.dbr,True,normal,Champion,sm3,CONFIRMED-PRESENT-NAMED-SKILL,2,2,7,2,True,True,True,24,records/creatures/enemies/bios/bio_yetidire_b02.dbr,(charLevel*6.6)+50,(charLevel*4.5)+25,0,4,False,False
records/creatures/enemies/aetherialbloater_b01.dbr,False,normal,Champion,sm1,CONFIRMED-PRESENT-NAMED-SKILL,4,4,8,4,True,True,True,24,records/creatures/enemies/bios/bio_aetherialbloater_b01.dbr,(charLevel*6.6)+50,(charLevel*5.2)+30,0,4,False,False
records/creatures/enemies/aetherialbloater_c01.dbr,False,normal,Champion,sm1,CONFIRMED-PRESENT-NAMED-SKILL,3,2,7,2,True,True,True,24,records/creatures/enemies/bios/bio_aetherialbloater_c01.dbr,(charLevel*7)+75,(charLevel*5.2)+40,0,4,False,False
records/creatures/enemies/aetherialcorruption_a01.dbr,False,normal,Common,sm1,CONFIRMED-PRESENT-NAMED-SKILL,1,1,5,1,True,True,True,24,records/creatures/enemies/bios/bio_aetherialcorruption_a01.dbr,(charLevel*6)+25,(charLevel*4)+20,0,4,False,False
records/creatures/enemies/aetherialcorruption_b01.dbr,False,normal,Champion,sm1,CONFIRMED-PRESENT-NAMED-SKILL,2,2,6,1,True,True,True,24,records/creatures/enemies/bios/bio_aetherialcorruption_b01.dbr,(charLevel*6.2)+40,(charLevel*4.3)+25,0,4,False,False
records/creatures/enemies/aetherialcorruption_b02.dbr,False,normal,Champion,sm1,CONFIRMED-PRESENT-NAMED-SKILL,3,2,7,2,True,True,True,24,records/creatures/enemies/bios/bio_aetherialcorruption_b01.dbr,(charLevel*6.2)+40,(charLevel*4.3)+25,0,4,False,False
records/creatures/enemies/aetherialcorruption_c01.dbr,False,normal,Champion,sm1,CONFIRMED-PRESENT-NAMED-SKILL,3,3,7,2,True,True,True,24,records/creatures/enemies/bios/bio_aetherialcorruption_c01.dbr,(charLevel*6.5)+60,(charLevel*4.5)+35,0,4,False,False
records/creatures/enemies/basilisk_a01.dbr,False,normal,Common,sm1,CONFIRMED-PRESENT-NAMED-SKILL,1,1,5,1,True,True,True,24,records/creatures/enemies/bios/bio_basilisk_a01.dbr,(charLevel*6)+20,(charLevel*3.8)+20,0,4,False,False
records/creatures/enemies/basilisk_b01.dbr,False,normal,Champion,sm1,CONFIRMED-PRESENT-NAMED-SKILL,2,2,5,2,True,True,True,24,records/creatures/enemies/bios/bio_basilisk_b01.dbr,(charLevel*6)+35,(charLevel*4.2)+28,0,4,False,False
records/creatures/enemies/basilisk_c01.dbr,False,normal,Champion,sm1,CONFIRMED-PRESENT-NAMED-SKILL,2,2,7,2,True,True,True,24,records/creatures/enemies/bios/bio_basilisk_c01.dbr,(charLevel*6.5)+50,(charLevel*4.8)+35,0,4,False,False
records/creatures/enemies/boss&quest/aetherialbloater_malmouthdocks_01.dbr,False,normal,Quest,sm2,CONFIRMED-PRESENT-NAMED-SKILL,3,2,12,2,True,True,True,24,records/creatures/enemies/bios/bio_boss_aetherialbloater_malmouthdocks_01.dbr,(charLevel*7)+100,(charLevel*6.3)+50,0,12,False,False
records/creatures/enemies/boss&quest/aetherialcorruption_intro.dbr,False,normal,Quest,sm1,CONFIRMED-PRESENT-NAMED-SKILL,4,4,11,4,True,True,True,24,records/creatures/enemies/bios/bio_boss_aetherial_intro.dbr,(charLevel*7)+100,(charLevel*6.3)+50,0,4,False,False
records/creatures/enemies/boss&quest/basilisk_witchritual.dbr,False,normal,Quest,sm1,CONFIRMED-PRESENT-NAMED-SKILL,5,5,12,6,True,True,True,24,records/creatures/enemies/bios/bio_boss_basilisk_witchritual01.dbr,(charLevel*7)+100,(charLevel*6.3)+50,0,4,False,False
records/creatures/enemies/boss&quest/chthonianrylok_gabalthunn.dbr,False,normal,Quest,sm1,CONFIRMED-PRESENT-NAMED-SKILL,7,5,13,5,True,True,True,24,records/creatures/enemies/bios/bio_boss_chthonian_gabalthunn.dbr,(charLevel*7)+100,(charLevel*6.3)+50,0,8,False,False
records/creatures/enemies/boss&quest/chthonianservitor_lunalvalgoth.dbr,False,normal,Quest,sm1,CONFIRMED-PRESENT-NAMED-SKILL,4,3,12,4,True,True,True,42,records/creatures/enemies/bios/bio_boss_chthonian_lunalvalgoth.dbr,(charLevel*7)+100,(charLevel*6.3)+50,0,8,False,False
records/creatures/enemies/boss&quest/cultist_cultleader_01.dbr,False,normal,Quest,sm_mod,CONFIRMED-PRESENT-NAMED-SKILL,6,4,13,3,True,True,True,24,records/creatures/enemies/bios/bio_boss_cultistleader_01.dbr,(charLevel*7)+100,(charLevel*6.7)+50,0,8,False,False
records/creatures/enemies/boss&quest/eldritcharmor_dreegmindreaper_01.dbr,False,normal,Quest,sm2,CONFIRMED-PRESENT-NAMED-SKILL,6,6,12,6,True,True,True,24,records/creatures/enemies/bios/bio_boss_mindreaper_01.dbr,(charLevel*7)+100,(charLevel*6.3)+50,0,8,False,False
records/creatures/enemies/boss&quest/human_chthonickurn_shaman_01.dbr,False,normal,Quest,sm3,CONFIRMED-PRESENT-NAMED-SKILL,6,6,13,4,True,True,True,24,records/creatures/enemies/bios/bio_boss_chthonicoracle_01.dbr,(charLevel*7)+100,(charLevel*6.3)+50,0,4,False,False
records/creatures/enemies/boss&quest/humanwendigo_darkwood_01.dbr,False,normal,Quest,sm1,CONFIRMED-PRESENT-NAMED-SKILL,6,6,13,3,True,True,True,24,records/creatures/enemies/bios/bio_boss_humanwendigo_darkwood.dbr,(charLevel*7)+100,(charLevel*6.3)+50,0,4,False,False
records/creatures/enemies/boss&quest/korvaakmessenger_02b.dbr,False,normal,Quest,sm2,CONFIRMED-PRESENT-NAMED-SKILL,4,4,12,4,True,True,True,24,records/creatures/enemies/bios/bio_boss_themessenger.dbr,(charLevel*7.8)+100,(charLevel*7.0)+50,0,8,False,True
records/creatures/enemies/boss&quest/skeletalgolem_stepsoftorment_01.dbr,False,normal,Quest,sm_mod,CONFIRMED-PRESENT-NAMED-SKILL,3,2,11,1,True,True,True,24,records/creatures/enemies/bios/bio_boss_stepsoftorment_golem_phase01.dbr,(charLevel*7)+100,(charLevel*6.5)+50,0,8,False,False
records/creatures/enemies/boss&quest/statue_korvaaktombguardian.dbr,False,normal,Quest,sm2,CONFIRMED-PRESENT-NAMED-SKILL,6,6,12,6,True,True,True,24,records/creatures/enemies/bios/bio_boss_tombguardian.dbr,(charLevel*7)+100,(charLevel*6.3)+50,0,8,False,False
records/creatures/enemies/boss&quest/swampcrab_ugdenbog_01.dbr,False,normal,Quest,sm1,CONFIRMED-PRESENT-NAMED-SKILL,5,4,13,6,True,True,True,24,records/creatures/enemies/bios/bio_boss_swampcrab_darkwood01.dbr,(charLevel*7)+100,(charLevel*6.3)+50,0,8,False,False
records/creatures/enemies/boss&quest/wendigo_ancient_namadea.dbr,False,normal,Quest,sm1,CONFIRMED-PRESENT-NAMED-SKILL,5,4,12,4,True,True,True,42,records/creatures/enemies/bios/bio_boss_wendigo_ancient.dbr,(charLevel*7)+100,(charLevel*6.3)+50,0,8,False,False
records/creatures/enemies/boss&quest/witch_janaxia.dbr,False,normal,Quest,sm1,CONFIRMED-PRESENT-NAMED-SKILL,6,5,12,5,True,True,True,24,records/creatures/enemies/bios/bio_boss_witch_jaanxia.dbr,(charLevel*7)+100,(charLevel*6.3)+50,0,8,False,False
records/creatures/enemies/boss&quest/witchgod_finalboss.dbr,False,normal,Quest,sm_mod,CONFIRMED-PRESENT-NAMED-SKILL,6,5,12,4,True,True,True,24,records/creatures/enemies/bios/bio_boss_witchgodguardian_temple.dbr,(charLevel*7)+100,(charLevel*6.8)+50,0,8,False,False
records/creatures/enemies/bounties/cu_bounty04.dbr,False,champion,Hero,sm1,CONFIRMED-PRESENT-NAMED-SKILL,6,5,12,4,True,True,True,24,records/creatures/enemies/bios/bio_hero_standard_extrahealth01.dbr,(charLevel*7)+92,(charLevel*6.8)+15,0,8,False,False
records/creatures/enemies/bounties/cu_bounty07.dbr,False,champion,Hero,sm1,CONFIRMED-PRESENT-NAMED-SKILL,7,6,14,5,True,True,True,24,records/creatures/enemies/bios/bio_hero_standard_01.dbr,(charLevel*7)+92,(charLevel*6.8)+15,0,8,False,False
records/creatures/enemies/bounties/cu_bounty08.dbr,False,champion,Hero,sm1,CONFIRMED-PRESENT-NAMED-SKILL,6,5,15,5,True,True,True,24,records/creatures/enemies/bios/bio_hero_standard_01.dbr,(charLevel*7)+92,(charLevel*6.8)+15,0,8,False,False
records/creatures/enemies/bounties/cw_bounty04.dbr,False,champion,Hero,sm1,CONFIRMED-PRESENT-NAMED-SKILL,8,7,17,8,True,True,True,24,records/creatures/enemies/bios/bio_hero_standard_extrahealth01.dbr,(charLevel*7)+92,(charLevel*6.8)+15,0,8,False,False
records/creatures/enemies/bounties/cw_bounty09.dbr,False,champion,Hero,sm1,CONFIRMED-PRESENT-NAMED-SKILL,6,5,16,5,True,True,True,24,records/creatures/enemies/bios/bio_hero_regenerator_01.dbr,(charLevel*7)+92,(charLevel*6.8)+15,0,8,False,False
records/creatures/enemies/bounties/odv_bounty07.dbr,False,champion,Hero,sm_mod,CONFIRMED-PRESENT-NAMED-SKILL,3,3,9,2,True,True,True,24,records/creatures/enemies/bios/bio_hero_standard_01.dbr,(charLevel*7)+92,(charLevel*6.8)+15,0,8,False,False
records/creatures/enemies/bounties/pm_bounty06.dbr,False,champion,Hero,sm1,CONFIRMED-PRESENT-NAMED-SKILL,7,6,15,7,True,True,True,24,records/creatures/enemies/bios/bio_hero_standard_extrahealth01.dbr,(charLevel*7)+92,(charLevel*6.8)+15,0,8,False,False
records/creatures/enemies/bounties/ro_bounty11.dbr,False,champion,Hero,sm_mod,CONFIRMED-PRESENT-NAMED-SKILL,4,3,11,2,True,True,True,42,records/creatures/enemies/bios/bio_hero_support_01.dbr,(charLevel*7)+92,(charLevel*6.8)+15,0,8,False,False
records/creatures/enemies/bounties/ro_bounty19.dbr,False,champion,Hero,sm_mod,CONFIRMED-PRESENT-NAMED-SKILL,7,6,14,3,True,True,True,24,records/creatures/enemies/bios/bio_hero_standard_extrahealth01.dbr,(charLevel*7)+92,(charLevel*6.8)+15,0,8,False,False
records/creatures/enemies/chthoniandevourer_a01.dbr,False,normal,Common,sm_mod,CONFIRMED-PRESENT-NAMED-SKILL,1,1,4,1,True,True,True,24,records/creatures/enemies/bios/bio_chthoniandevourer_a01.dbr,(charLevel*6.5)+50,(charLevel*3.3)+10,0,4,False,False
records/creatures/enemies/chthoniandevourer_b01.dbr,False,normal,Champion,sm_mod,CONFIRMED-PRESENT-NAMED-SKILL,1,1,5,1,True,True,True,24,records/creatures/enemies/bios/bio_chthoniandevourer_b01.dbr,(charLevel*6.8)+75,(charLevel*4)+15,0,4,False,False
records/creatures/enemies/chthoniandevourer_b02.dbr,False,normal,Champion,sm_mod,CONFIRMED-PRESENT-NAMED-SKILL,1,1,5,1,True,True,True,24,records/creatures/enemies/bios/bio_chthoniandevourer_b01.dbr,(charLevel*6.8)+75,(charLevel*4)+15,0,4,False,False
records/creatures/enemies/chthonianherald_b01.dbr,False,normal,Champion,sm3,CONFIRMED-PRESENT-NAMED-SKILL,3,3,9,4,True,True,True,24,records/creatures/enemies/bios/bio_chthonianherald_b01.dbr,(charLevel*6.8)+75,(charLevel*5)+30,0,4,False,False
records/creatures/enemies/chthonianherald_c01.dbr,False,normal,Champion,sm3,CONFIRMED-PRESENT-NAMED-SKILL,4,3,10,3,True,True,True,24,records/creatures/enemies/bios/bio_chthonianherald_c01.dbr,(charLevel*6.8)+75,(charLevel*5)+40,0,4,False,False
records/creatures/enemies/chthonianrylok_a01.dbr,False,normal,Common,sm1,CONFIRMED-PRESENT-NAMED-SKILL,4,4,9,4,True,True,True,24,records/creatures/enemies/bios/bio_chthonianrylok_a01.dbr,(charLevel*6)+50,(charLevel*4.8)+25,0,4,False,False
records/creatures/enemies/chthonianrylok_b01.dbr,False,normal,Champion,sm1,CONFIRMED-PRESENT-NAMED-SKILL,5,5,10,5,True,True,True,24,records/creatures/enemies/bios/bio_chthonianrylok_b01.dbr,(charLevel*6.8)+75,(charLevel*5)+30,0,4,False,False
records/creatures/enemies/chthonianrylok_c01.dbr,False,normal,Champion,sm1,CONFIRMED-PRESENT-NAMED-SKILL,6,5,11,5,True,True,True,24,records/creatures/enemies/bios/bio_chthonianrylok_c01.dbr,(charLevel*6.8)+75,(charLevel*5)+40,0,4,False,False
records/creatures/enemies/chthonianwretch_a01.dbr,False,normal,Common,sm1,CONFIRMED-PRESENT-NAMED-SKILL,1,1,5,1,True,True,True,24,records/creatures/enemies/bios/bio_chthonicvoidfiend_01.dbr,(charLevel*6)+40,(charLevel*4)+30,0,4,False,False
records/creatures/enemies/chthonianwretch_b01.dbr,False,normal,Champion,sm1,CONFIRMED-PRESENT-NAMED-SKILL,3,3,7,3,True,True,True,24,records/creatures/enemies/bios/bio_chthonicvoidfiend_01.dbr,(charLevel*6)+40,(charLevel*4)+30,0,4,False,False
records/creatures/enemies/chthonianwretch_c01.dbr,False,normal,Champion,sm1,CONFIRMED-PRESENT-NAMED-SKILL,4,4,8,2,True,True,True,24,records/creatures/enemies/bios/bio_chthonicvoidfiend_c01.dbr,(charLevel*6)+70,(charLevel*5)+50,0,4,False,False
records/creatures/enemies/devotion/aetherialcolossus_h04.dbr,False,champion,Hero,sm1,CONFIRMED-PRESENT-NAMED-SKILL,7,6,17,7,True,True,True,24,records/creatures/enemies/bios/bio_hero_standard_extrahealth01.dbr,(charLevel*7)+92,(charLevel*6.8)+15,0,8,False,False
records/creatures/enemies/devotion/aetherialcorruption_h01.dbr,False,champion,Hero,sm1,CONFIRMED-PRESENT-NAMED-SKILL,6,6,12,3,True,True,True,24,records/creatures/enemies/bios/bio_hero_standard_01.dbr,(charLevel*7)+92,(charLevel*6.8)+15,0,8,False,False
records/creatures/enemies/devotion/aetherialcorruption_h03.dbr,False,champion,Hero,sm1,CONFIRMED-PRESENT-NAMED-SKILL,5,5,11,4,True,True,True,24,records/creatures/enemies/bios/bio_hero_standard_01.dbr,(charLevel*7)+92,(charLevel*6.8)+15,0,8,False,False
records/creatures/enemies/devotion/aetherialcorruption_h04.dbr,False,champion,Hero,sm1,CONFIRMED-PRESENT-NAMED-SKILL,6,4,14,5,True,True,True,24,records/creatures/enemies/bios/bio_hero_standard_01.dbr,(charLevel*7)+92,(charLevel*6.8)+15,0,8,False,False
records/creatures/enemies/devotion/chthonianherald_h04.dbr,False,champion,Hero,sm3,CONFIRMED-PRESENT-NAMED-SKILL,6,4,14,4,True,True,True,24,records/creatures/enemies/bios/bio_hero_standard_extrahealth01.dbr,(charLevel*7)+92,(charLevel*6.8)+15,0,4,False,False
records/creatures/enemies/devotion/chthonianservitor_h01.dbr,False,champion,Hero,sm1,CONFIRMED-PRESENT-NAMED-SKILL,6,5,14,5,True,True,True,42,records/creatures/enemies/bios/bio_hero_standard_01.dbr,(charLevel*7)+92,(charLevel*6.8)+15,0,8,False,False
records/creatures/enemies/devotion/chthonianservitor_h02.dbr,False,champion,Hero,sm1,CONFIRMED-PRESENT-NAMED-SKILL,7,6,16,8,True,True,True,42,records/creatures/enemies/bios/bio_hero_standard_01.dbr,(charLevel*7)+92,(charLevel*6.8)+15,0,8,False,False
records/creatures/enemies/devotion/chthonianservitor_h03.dbr,False,champion,Hero,sm1,CONFIRMED-PRESENT-NAMED-SKILL,6,5,14,4,True,True,True,42,records/creatures/enemies/bios/bio_hero_standard_01.dbr,(charLevel*7)+92,(charLevel*6.8)+15,0,8,False,False
records/creatures/enemies/devotion/dranghoul_h02.dbr,False,champion,Hero,sm3,CONFIRMED-PRESENT-NAMED-SKILL,4,2,11,2,True,True,True,24,records/creatures/enemies/bios/bio_hero_standard_01.dbr,(charLevel*7)+92,(charLevel*6.8)+15,2,4,False,False
records/creatures/enemies/devotion/fleshhulk_h03.dbr,False,champion,Hero,sm_mod,CONFIRMED-PRESENT-NAMED-SKILL,5,5,12,4,True,True,True,24,records/creatures/enemies/bios/bio_hero_standard_extrahealth01.dbr,(charLevel*7)+92,(charLevel*6.8)+15,0,8,False,False
records/creatures/enemies/devotion/ghost_h01.dbr,False,champion,Hero,sm_mod,CONFIRMED-PRESENT-NAMED-SKILL,6,6,14,6,True,True,True,24,records/creatures/enemies/bios/bio_hero_assassin_01.dbr,(charLevel*7)+92,(charLevel*6.8)+15,0,8,False,False
records/creatures/enemies/devotion/ghost_h02.dbr,False,champion,Hero,sm_mod,CONFIRMED-PRESENT-NAMED-SKILL,4,3,12,2,True,True,True,24,records/creatures/enemies/bios/bio_hero_standard_01.dbr,(charLevel*7)+92,(charLevel*6.8)+15,0,8,False,False
records/creatures/enemies/devotion/rhino_h02.dbr,False,champion,Hero,sm3,CONFIRMED-PRESENT-NAMED-SKILL,4,4,12,3,True,True,True,24,records/creatures/enemies/bios/bio_hero_standard_01.dbr,(charLevel*7)+92,(charLevel*6.8)+15,0,4,False,False
records/creatures/enemies/devotion/skeleton_h06.dbr,False,champion,Hero,sm_mod,CONFIRMED-PRESENT-NAMED-SKILL,5,4,14,4,True,True,True,24,records/creatures/enemies/bios/bio_hero_standard_01.dbr,(charLevel*7)+92,(charLevel*6.8)+15,0,8,False,False
records/creatures/enemies/devotion/skeleton_h08.dbr,False,champion,Hero,sm_mod,CONFIRMED-PRESENT-NAMED-SKILL,6,5,13,4,True,True,True,24,records/creatures/enemies/bios/bio_hero_standard_extrahealth01.dbr,(charLevel*7)+92,(charLevel*6.8)+15,0,8,False,False
records/creatures/enemies/devotion/skeleton_h09.dbr,False,champion,Hero,sm_mod,CONFIRMED-PRESENT-NAMED-SKILL,5,3,12,3,True,True,True,24,records/creatures/enemies/bios/bio_hero_standard_01.dbr,(charLevel*7)+92,(charLevel*6.8)+15,0,8,False,False
records/creatures/enemies/eldritcharmor_a01.dbr,False,normal,Common,sm2,CONFIRMED-PRESENT-NAMED-SKILL,2,2,6,2,True,True,True,24,records/creatures/enemies/bios/bio_eldritcharmor_a01.dbr,(charLevel*6)+30,(charLevel*4)+8,0,4,False,False
records/creatures/enemies/eldritcharmor_b01.dbr,False,normal,Champion,sm2,CONFIRMED-PRESENT-NAMED-SKILL,4,4,9,2,True,True,True,24,records/creatures/enemies/bios/bio_eldritcharmor_b01.dbr,(charLevel*6)+60,(charLevel*4.5)+12,0,4,False,False
records/creatures/enemies/eldritcharmor_c01.dbr,False,normal,Champion,sm2,CONFIRMED-PRESENT-NAMED-SKILL,4,3,12,2,True,True,True,24,records/creatures/enemies/bios/bio_eldritcharmor_c01.dbr,(charLevel*7)+60,(charLevel*5)+12,0,4,False,False
records/creatures/enemies/ghost_a01.dbr,False,normal,Common,sm_mod,CONFIRMED-PRESENT-DEFAULT-ATTACK,0,0,4,0,True,True,True,24,records/creatures/enemies/bios/bio_ghost_01.dbr,(charLevel*6)+30,(charLevel*3.5)+18,0,4,False,False
records/creatures/enemies/ghost_a02.dbr,False,normal,Common,sm_mod,CONFIRMED-PRESENT-DEFAULT-ATTACK,0,0,4,0,True,True,True,24,records/creatures/enemies/bios/bio_ghost_01.dbr,(charLevel*6)+30,(charLevel*3.5)+18,0,4,False,False
records/creatures/enemies/ghost_b01.dbr,False,normal,Champion,sm_mod,CONFIRMED-PRESENT-NAMED-SKILL,1,1,5,1,True,True,True,24,records/creatures/enemies/bios/bio_ghost_02.dbr,(charLevel*6)+60,(charLevel*4.5)+20,0,4,False,False
records/creatures/enemies/ghost_b02.dbr,False,normal,Champion,sm_mod,CONFIRMED-PRESENT-NAMED-SKILL,1,1,5,1,True,True,True,24,records/creatures/enemies/bios/bio_ghost_02.dbr,(charLevel*6)+60,(charLevel*4.5)+20,0,4,False,False
records/creatures/enemies/ghost_b03.dbr,False,normal,Champion,sm_mod,CONFIRMED-PRESENT-NAMED-SKILL,2,2,6,2,True,True,True,24,records/creatures/enemies/bios/bio_ghost_02.dbr,(charLevel*6)+60,(charLevel*4.5)+20,0,4,False,False
records/creatures/enemies/ghost_b04.dbr,False,normal,Champion,sm_mod,CONFIRMED-PRESENT-NAMED-SKILL,2,2,6,2,True,True,True,24,records/creatures/enemies/bios/bio_ghost_02.dbr,(charLevel*6)+60,(charLevel*4.5)+20,0,4,False,False
records/creatures/enemies/giant_b01.dbr,False,normal,Champion,sm3,CONFIRMED-PRESENT-NAMED-SKILL,3,2,10,2,True,True,True,24,records/creatures/enemies/bios/bio_giant_b01.dbr,(charLevel*6.5)+60,(charLevel*5.2)+40,0,4,False,False
records/creatures/enemies/giant_c01.dbr,False,normal,Champion,sm3,CONFIRMED-PRESENT-NAMED-SKILL,4,3,11,3,True,True,True,24,records/creatures/enemies/bios/bio_giant_c01.dbr,(charLevel*6.5)+80,(charLevel*5.2)+40,0,4,False,False
records/creatures/enemies/groblefrost_a01.dbr,False,normal,Common,sm3,CONFIRMED-PRESENT-DEFAULT-ATTACK,0,0,4,0,True,True,True,24,records/creatures/enemies/bios/bio_groblefrost_a01.dbr,(charLevel*6)+10,(charLevel*3)+12,0,4,False,False
records/creatures/enemies/groblefrost_b01.dbr,False,normal,Champion,sm3,CONFIRMED-PRESENT-NAMED-SKILL,2,2,6,2,True,True,True,24,records/creatures/enemies/bios/bio_groblefrost_b01.dbr,(charLevel*6)+20,(charLevel*3.2)+12,0,4,False,False
records/creatures/enemies/hero/aetherialcorruption_h01.dbr,False,champion,Hero,sm1,CONFIRMED-PRESENT-NAMED-SKILL,5,5,11,3,True,True,True,24,records/creatures/enemies/bios/bio_hero_standard_01.dbr,(charLevel*7)+92,(charLevel*6.8)+15,0,8,False,False
records/creatures/enemies/hero/aetherialimp_h02.dbr,False,champion,Hero,sm1,CONFIRMED-PRESENT-NAMED-SKILL,5,5,12,4,True,True,True,24,records/creatures/enemies/bios/bio_hero_standard_01.dbr,(charLevel*7)+92,(charLevel*6.8)+15,0,8,False,False
records/creatures/enemies/hero/aetherialimp_h03.dbr,False,champion,Hero,sm1,CONFIRMED-PRESENT-NAMED-SKILL,2,2,10,2,True,True,True,24,records/creatures/enemies/bios/bio_hero_standard_01.dbr,(charLevel*7)+92,(charLevel*6.8)+15,0,8,False,False
records/creatures/enemies/hero/aetherialimp_h04.dbr,False,champion,Hero,sm1,CONFIRMED-PRESENT-NAMED-SKILL,3,2,11,2,True,True,True,24,records/creatures/enemies/bios/bio_hero_standard_01.dbr,(charLevel*7)+92,(charLevel*6.8)+15,0,8,False,False
records/creatures/enemies/hero/basilisk_h01.dbr,False,champion,Hero,sm1,CONFIRMED-PRESENT-NAMED-SKILL,6,5,12,4,True,True,True,24,records/creatures/enemies/bios/bio_hero_standard_01.dbr,(charLevel*7)+92,(charLevel*6.8)+15,0,8,False,False
records/creatures/enemies/hero/basilisk_h02.dbr,False,champion,Hero,sm1,CONFIRMED-PRESENT-NAMED-SKILL,6,5,12,5,True,True,True,24,records/creatures/enemies/bios/bio_hero_standard_01.dbr,(charLevel*7)+92,(charLevel*6.8)+15,0,8,False,False
records/creatures/enemies/hero/basilisk_h03.dbr,False,champion,Hero,sm1,CONFIRMED-PRESENT-NAMED-SKILL,6,5,13,4,True,True,True,24,records/creatures/enemies/bios/bio_hero_standard_01.dbr,(charLevel*7)+92,(charLevel*6.8)+15,0,8,False,False
records/creatures/enemies/hero/hypporaven_h01.dbr,False,champion,Hero,sm3,CONFIRMED-PRESENT-NAMED-SKILL,2,1,10,1,True,True,True,24,records/creatures/enemies/bios/bio_hero_assassin_01.dbr,(charLevel*7)+92,(charLevel*6.8)+15,0,4,False,False
records/creatures/enemies/hero/hypporaven_h03.dbr,False,champion,Hero,sm3,CONFIRMED-PRESENT-NAMED-SKILL,4,3,13,2,True,True,True,24,records/creatures/enemies/bios/bio_hero_standard_01.dbr,(charLevel*7)+92,(charLevel*6.8)+15,0,4,False,False
records/creatures/enemies/hero/springscrab_h01.dbr,False,champion,Hero,sm3,CONFIRMED-PRESENT-NAMED-SKILL,3,2,13,2,True,True,True,24,records/creatures/enemies/bios/bio_hero_standard_01.dbr,(charLevel*7)+92,(charLevel*6.8)+15,0,8,False,False
records/creatures/enemies/hero/springscrab_h02.dbr,False,champion,Hero,sm3,CONFIRMED-PRESENT-NAMED-SKILL,5,4,15,4,True,True,True,24,records/creatures/enemies/bios/bio_hero_standard_01.dbr,(charLevel*7)+92,(charLevel*6.8)+15,0,8,False,False
records/creatures/enemies/hero/springscrab_h04.dbr,False,champion,Hero,sm3,CONFIRMED-PRESENT-NAMED-SKILL,3,2,12,2,True,True,True,24,records/creatures/enemies/bios/bio_hero_standard_01.dbr,(charLevel*7)+92,(charLevel*6.8)+15,0,8,False,False
records/creatures/enemies/hero/swampgolem_h01.dbr,False,champion,Hero,sm3,CONFIRMED-PRESENT-NAMED-SKILL,5,3,12,3,True,True,True,24,records/creatures/enemies/bios/bio_hero_standard_extrahealth01.dbr,(charLevel*7)+92,(charLevel*6.8)+15,0,8,False,False
records/creatures/enemies/hero/swampgolem_h02.dbr,False,champion,Hero,sm3,CONFIRMED-PRESENT-NAMED-SKILL,5,3,12,3,True,True,True,24,records/creatures/enemies/bios/bio_hero_standard_01.dbr,(charLevel*7)+92,(charLevel*6.8)+15,0,8,False,False
records/creatures/enemies/hero/swampgolem_h05.dbr,False,champion,Hero,sm3,CONFIRMED-PRESENT-NAMED-SKILL,7,5,14,5,True,True,True,24,records/creatures/enemies/bios/bio_hero_standard_extrahealth01.dbr,(charLevel*7)+92,(charLevel*6.8)+15,0,8,False,False
records/creatures/enemies/hero/wendigo_h01.dbr,False,champion,Hero,sm1,CONFIRMED-PRESENT-NAMED-SKILL,7,6,16,5,True,True,True,42,records/creatures/enemies/bios/bio_hero_standard_extrahealth01.dbr,(charLevel*7)+92,(charLevel*6.8)+15,0,8,False,False
records/creatures/enemies/hero/wendigo_h04.dbr,False,champion,Hero,sm1,CONFIRMED-PRESENT-NAMED-SKILL,5,4,12,3,True,True,True,42,records/creatures/enemies/bios/bio_hero_standard_extrahealth01.dbr,(charLevel*7)+92,(charLevel*6.8)+15,0,8,False,False
records/creatures/enemies/human_wendigo_a01.dbr,False,normal,Common,sm1,CONFIRMED-PRESENT-NAMED-SKILL,1,1,5,1,True,True,True,24,records/creatures/enemies/bios/bio_human_wendigo_a01.dbr,(charLevel*6)+30,(charLevel*4)+8,0,4,False,False
records/creatures/enemies/human_wendigo_a02.dbr,False,normal,Common,sm1,CONFIRMED-PRESENT-NAMED-SKILL,1,1,5,1,True,True,True,24,records/creatures/enemies/bios/bio_human_wendigo_a01.dbr,(charLevel*6)+30,(charLevel*4)+8,0,4,False,False
records/creatures/enemies/human_wendigo_b01.dbr,False,normal,Champion,sm1,CONFIRMED-PRESENT-NAMED-SKILL,3,2,9,2,True,True,True,24,records/creatures/enemies/bios/bio_human_wendigo_b01.dbr,(charLevel*6)+60,(charLevel*4.5)+12,0,4,False,False
records/creatures/enemies/human_wendigo_c01.dbr,False,normal,Champion,sm1,CONFIRMED-PRESENT-NAMED-SKILL,4,3,8,2,True,True,True,24,records/creatures/enemies/bios/bio_human_wendigo_c01.dbr,(charLevel*7)+60,(charLevel*5)+12,0,4,False,False
records/creatures/enemies/livingplant_a01.dbr,False,normal,Common,sm1,CONFIRMED-PRESENT-NAMED-SKILL,2,2,6,2,True,True,True,24,records/creatures/enemies/bios/bio_livingplant_a01.dbr,(charLevel*7)+40,(charLevel*4.4)+32,0,4,False,False
records/creatures/enemies/nemesis/nemesis_aetherial_01.dbr,False,normal,Boss,sm_mod,CONFIRMED-PRESENT-NAMED-SKILL,7,6,15,6,True,True,True,24,records/creatures/enemies/bios/bio_boss_nemesis_01.dbr,(charLevel*7.2)+100,(charLevel*6.3)+60,0,8,False,True
records/creatures/enemies/nemesis/nemesis_aetherialvanguard_01.dbr,False,normal,Boss,sm1,CONFIRMED-PRESENT-NAMED-SKILL,6,5,11,5,True,True,True,24,records/creatures/enemies/bios/bio_boss_nemesis_01.dbr,(charLevel*7.2)+100,(charLevel*6.3)+60,0,8,False,True
records/creatures/enemies/nemesis/nemesis_beast_01_p1.dbr,False,normal,Boss,sm1,CONFIRMED-PRESENT-NAMED-SKILL,6,5,14,6,True,True,True,24,records/creatures/enemies/bios/bio_boss_nemesis3phase_01.dbr,(charLevel*7.2)+100,(charLevel*6.3)+60,0,8,False,False
records/creatures/enemies/nemesis/nemesis_chthonianvoidborn_01.dbr,False,normal,Boss,sm1,CONFIRMED-PRESENT-NAMED-SKILL,5,4,14,4,True,True,True,24,records/creatures/enemies/bios/bio_boss_nemesis_01.dbr,(charLevel*7.2)+100,(charLevel*6.3)+60,0,8,False,True
records/creatures/enemies/nemesis/nemesis_chthonickurn_01.dbr,False,normal,Boss,sm3,CONFIRMED-PRESENT-NAMED-SKILL,5,4,11,3,True,True,True,24,records/creatures/enemies/bios/bio_boss_nemesis_01.dbr,(charLevel*7.2)+100,(charLevel*6.3)+60,0,8,False,True
records/creatures/enemies/nemesis/nemesis_kymon_01.dbr,False,normal,Boss,sm3,CONFIRMED-PRESENT-NAMED-SKILL,4,4,14,7,True,True,True,24,records/creatures/enemies/bios/bio_boss_nemesis_01.dbr,(charLevel*7.2)+100,(charLevel*6.3)+60,0,8,False,True
records/creatures/enemies/nemesis/nemesis_orderdeathsvigil_01.dbr,False,normal,Boss,sm_mod,CONFIRMED-PRESENT-NAMED-SKILL,6,5,14,4,True,True,True,24,records/creatures/enemies/bios/bio_boss_nemesis_01.dbr,(charLevel*7.2)+100,(charLevel*6.3)+60,0,8,False,True
records/creatures/enemies/nemesis/nemesis_outlaw_01.dbr,False,normal,Boss,sm_mod,CONFIRMED-PRESENT-NAMED-SKILL,5,3,15,5,True,True,True,24,records/creatures/enemies/bios/bio_boss_nemesis_01.dbr,(charLevel*7.2)+100,(charLevel*6.3)+60,0,8,False,True
records/creatures/enemies/nemesis/nemesis_wendigo_01.dbr,False,normal,Boss,sm1,CONFIRMED-PRESENT-NAMED-SKILL,6,4,15,7,True,True,True,42,records/creatures/enemies/bios/bio_boss_nemesis_01.dbr,(charLevel*7.2)+100,(charLevel*6.3)+60,0,8,False,True
records/creatures/enemies/sandlizard_volcanic_a01.dbr,False,normal,Common,sm2,CONFIRMED-PRESENT-NAMED-SKILL,2,2,6,2,True,True,True,24,records/creatures/enemies/bios/bio_sandlizard_a01.dbr,(charLevel*6)+35,(charLevel*4.5)+20,0,4,False,False
records/creatures/enemies/sandlizard_volcanic_b01.dbr,False,normal,Champion,sm2,CONFIRMED-PRESENT-NAMED-SKILL,3,3,7,3,True,True,True,24,records/creatures/enemies/bios/bio_sandlizard_b01.dbr,(charLevel*6.5)+40,(charLevel*4.6)+30,0,4,False,False
records/creatures/enemies/sandlizard_volcanic_b02.dbr,False,normal,Champion,sm2,CONFIRMED-PRESENT-NAMED-SKILL,2,2,7,2,True,True,True,24,records/creatures/enemies/bios/bio_sandlizard_b01.dbr,(charLevel*6.5)+40,(charLevel*4.6)+30,0,4,False,False
records/creatures/enemies/sandlizard_volcanic_c01.dbr,False,normal,Champion,sm2,CONFIRMED-PRESENT-NAMED-SKILL,4,3,8,3,True,True,True,24,records/creatures/enemies/bios/bio_sandlizard_c01.dbr,(charLevel*6.8)+60,(charLevel*5.0)+40,0,4,False,False
records/creatures/enemies/swampcrab_a01.dbr,False,normal,Common,sm1,CONFIRMED-PRESENT-NAMED-SKILL,2,2,6,2,True,True,True,24,records/creatures/enemies/bios/bio_swampcrab_a01.dbr,(charLevel*5)+15,(charLevel*4.5)+35,0,4,False,False
records/creatures/enemies/swampcrab_b01.dbr,False,normal,Common,sm1,CONFIRMED-PRESENT-NAMED-SKILL,3,3,9,4,True,True,True,24,records/creatures/enemies/bios/bio_swampcrab_b01.dbr,(charLevel*5.4)+25,(charLevel*4.8)+40,0,4,False,False
records/creatures/enemies/swampcrab_c01.dbr,False,normal,Champion,sm1,CONFIRMED-PRESENT-NAMED-SKILL,3,2,9,2,True,True,True,24,records/creatures/enemies/bios/bio_swampcrab_c01.dbr,(charLevel*6.0)+35,(charLevel*6)+50,0,4,False,False
records/creatures/enemies/swampgolem_a01.dbr,False,normal,Champion,sm1,CONFIRMED-PRESENT-NAMED-SKILL,1,1,6,1,True,True,True,24,records/creatures/enemies/bios/bio_swampgolem_a01.dbr,(charLevel*6)+25,(charLevel*5.0)+32,0,4,False,False
records/creatures/enemies/thornedhorrorfrost_a01.dbr,False,normal,Champion,sm3,CONFIRMED-PRESENT-NAMED-SKILL,2,2,6,2,True,True,True,24,records/creatures/enemies/bios/bio_thornedhorrorfrost_a01.dbr,(charLevel*6)+45,(charLevel*4.2)+20,0,4,False,False
records/creatures/enemies/thornedhorrorfrost_b01.dbr,False,normal,Champion,sm3,CONFIRMED-PRESENT-NAMED-SKILL,3,3,7,3,True,True,True,24,records/creatures/enemies/bios/bio_thornedhorrorfrost_b01.dbr,(charLevel*6.5)+65,(charLevel*4.8)+28,0,4,False,False
records/creatures/enemies/thornedhorrorfrost_c01.dbr,False,normal,Champion,sm3,CONFIRMED-PRESENT-NAMED-SKILL,4,3,8,3,True,True,True,24,records/creatures/enemies/bios/bio_thornedhorrorfrost_c01.dbr,(charLevel*6.5)+85,(charLevel*4.8)+40,0,4,False,False
records/creatures/enemies/wendigo_a01.dbr,False,normal,Common,sm1,CONFIRMED-PRESENT-NAMED-SKILL,2,2,8,3,True,True,True,24,records/creatures/enemies/bios/bio_wendigo_a01.dbr,(charLevel*6)+35,(charLevel*4.5)+20,0,4,False,False
records/creatures/enemies/wendigo_b01.dbr,False,normal,Champion,sm1,CONFIRMED-PRESENT-NAMED-SKILL,4,4,9,3,True,True,True,24,records/creatures/enemies/bios/bio_wendigo_b01.dbr,(charLevel*6.5)+40,(charLevel*4.6)+30,0,4,False,False
records/creatures/enemies/wendigo_b02.dbr,False,normal,Champion,sm1,CONFIRMED-PRESENT-NAMED-SKILL,3,3,8,2,True,True,True,24,records/creatures/enemies/bios/bio_wendigo_b01.dbr,(charLevel*6.5)+40,(charLevel*4.6)+30,0,4,False,False
records/creatures/enemies/wendigo_c01.dbr,False,normal,Champion,sm1,CONFIRMED-PRESENT-NAMED-SKILL,5,4,10,3,True,True,True,24,records/creatures/enemies/bios/bio_wendigo_c01.dbr,(charLevel*7.8)+80,(charLevel*5.0)+40,0,4,False,False
records/creatures/enemies/wendigocannibal_a01.dbr,False,normal,Common,sm1,CONFIRMED-PRESENT-DEFAULT-ATTACK,0,0,3,0,True,True,True,24,records/creatures/enemies/bios/bio_wendigocannibal_a01.dbr,(charLevel*6)+20,(charLevel*4)+8,0,4,False,False
records/creatures/enemies/wendigocannibal_b01.dbr,False,normal,Common,sm1,CONFIRMED-PRESENT-NAMED-SKILL,2,2,6,2,True,True,True,24,records/creatures/enemies/bios/bio_wendigocannibal_b01.dbr,(charLevel*6)+40,(charLevel*4.5)+12,0,4,False,False
records/creatures/enemies/wendigocannibal_c01.dbr,False,normal,Champion,sm1,CONFIRMED-PRESENT-NAMED-SKILL,3,2,8,1,True,True,True,24,records/creatures/enemies/bios/bio_wendigocannibal_c01.dbr,(charLevel*7)+50,(charLevel*5)+12,0,4,False,False
records/creatures/enemies/wraith_a01.dbr,False,normal,Common,sm1,CONFIRMED-PRESENT-NAMED-SKILL,1,1,5,1,True,True,True,24,records/creatures/enemies/bios/bio_wraith_a01.dbr,(charLevel*6)+30,(charLevel*3.5)+18,0,4,False,False
records/creatures/enemies/wraith_b01.dbr,False,normal,Champion,sm1,CONFIRMED-PRESENT-NAMED-SKILL,4,3,8,2,True,True,True,24,records/creatures/enemies/bios/bio_wraith_b01.dbr,(charLevel*6)+40,(charLevel*4.5)+20,0,4,False,False
records/creatures/enemies/wraith_c01.dbr,False,normal,Champion,sm1,CONFIRMED-PRESENT-NAMED-SKILL,6,5,10,2,True,True,True,24,records/creatures/enemies/bios/bio_wraith_c01.dbr,(charLevel*6)+50,(charLevel*3)+15,0,4,False,False
records/creatures/enemies/yetidire_a01.dbr,False,normal,Champion,sm3,CONFIRMED-PRESENT-NAMED-SKILL,1,1,6,1,True,True,True,24,records/creatures/enemies/bios/bio_yetidire_a01.dbr,(charLevel*5.8)+5,(charLevel*3.4)+18,0,4,False,False
records/creatures/enemies/yetidire_c01.dbr,False,normal,Champion,sm3,CONFIRMED-PRESENT-NAMED-SKILL,2,2,7,1,True,True,True,24,records/creatures/enemies/bios/bio_yetidire_c01.dbr,(charLevel*7)+75,(charLevel*4.8)+28,0,4,False,False
