pool_record,pool_archive_winner,pool_archive_csv,pool_template,family,slot_index,member_record,weight,weight_state,limit,limit_state,min_player_level,min_player_level_state,max_player_level,max_player_level_state,always_spawn,always_spawn_state,level_variance_equation,level_variance_equation_state,spawn_min,spawn_max,champion_min,champion_max,champion_chance,proxy_pool_equation,ignore_game_balance,slot_weight_share,family_weight_total,waves_referencing,pool_kinds
records/proxies/poolsbasic/chthonian_t3.dbr,sm_mod,sm_mod,database/templates/proxypool.tpl,normal,1,records/creatures/enemies/chthoniandevourer_a01.dbr,100,PRESENT,,ABSENT,,ABSENT,,ABSENT,,ABSENT,records/proxies/lv2_normal.dbr,PRESENT,7,7,0,0,0.0,records/proxies/proxypoolequation_01.dbr,False,0.153846,650,150,trash
records/proxies/poolsbasic/chthonian_t3.dbr,sm_mod,sm_mod,database/templates/proxypool.tpl,normal,2,records/creatures/enemies/chthoniandevourer_b01.dbr,75,PRESENT,4,PRESENT,12,PRESENT,,ABSENT,,ABSENT,records/proxies/lv3_strong+.dbr,PRESENT,7,7,0,0,0.0,records/proxies/proxypoolequation_01.dbr,False,0.115385,650,150,trash
records/proxies/poolsbasic/chthonian_t3.dbr,sm_mod,sm_mod,database/templates/proxypool.tpl,normal,3,records/creatures/enemies/chthoniandevourer_b02.dbr,75,PRESENT,4,PRESENT,12,PRESENT,,ABSENT,,ABSENT,records/proxies/lv3_strong+.dbr,PRESENT,7,7,0,0,0.0,records/proxies/proxypoolequation_01.dbr,False,0.115385,650,150,trash
records/proxies/poolsbasic/chthonian_t3.dbr,sm_mod,sm_mod,database/templates/proxypool.tpl,normal,4,records/creatures/enemies/chthonianfiend_a01.dbr,100,PRESENT,,ABSENT,4,PRESENT,,ABSENT,,ABSENT,records/proxies/lv2_normal.dbr,PRESENT,7,7,0,0,0.0,records/proxies/proxypoolequation_01.dbr,False,0.153846,650,150,trash
records/proxies/poolsbasic/chthonian_t3.dbr,sm_mod,sm_mod,database/templates/proxypool.tpl,normal,5,records/creatures/enemies/chthonianfiend_a02.dbr,100,PRESENT,,ABSENT,4,PRESENT,,ABSENT,,ABSENT,records/proxies/lv2_normal.dbr,PRESENT,7,7,0,0,0.0,records/proxies/proxypoolequation_01.dbr,False,0.153846,650,150,trash
records/proxies/poolsbasic/chthonian_t3.dbr,sm_mod,sm_mod,database/templates/proxypool.tpl,normal,6,records/creatures/enemies/chthonianfiend_c01.dbr,75,PRESENT,3,PRESENT,25,PRESENT,,ABSENT,,ABSENT,records/proxies/lv4_champion.dbr,PRESENT,7,7,0,0,0.0,records/proxies/proxypoolequation_01.dbr,False,0.115385,650,150,trash
records/proxies/poolsbasic/chthonian_t3.dbr,sm_mod,sm_mod,database/templates/proxypool.tpl,normal,7,records/creatures/enemies/chthonianminion_a01.dbr,75,PRESENT,2,PRESENT,25,PRESENT,,ABSENT,,ABSENT,records/proxies/lv4_champion.dbr,PRESENT,7,7,0,0,0.0,records/proxies/proxypoolequation_01.dbr,False,0.115385,650,150,trash
records/proxies/poolsbasic/chthonian_t3.dbr,sm_mod,sm_mod,database/templates/proxypool.tpl,normal,8,records/creatures/enemies/chthonianminion_b01.dbr,50,PRESENT,2,PRESENT,35,PRESENT,,ABSENT,,ABSENT,records/proxies/lv5_elitechampion.dbr,PRESENT,7,7,0,0,0.0,records/proxies/proxypoolequation_01.dbr,False,0.076923,650,150,trash
records/proxies/poolsbasic/chthoniandevourer_t3.dbr,sm_mod,sm_mod,database/templates/proxypool.tpl,normal,1,records/creatures/enemies/chthoniandevourer_a01.dbr,100,PRESENT,,ABSENT,,ABSENT,,ABSENT,,ABSENT,records/proxies/lv2_normal.dbr,PRESENT,9,11,0,0,0.0,records/proxies/proxypoolequation_01.dbr,False,0.400000,250,158,trash
records/proxies/poolsbasic/chthoniandevourer_t3.dbr,sm_mod,sm_mod,database/templates/proxypool.tpl,normal,2,records/creatures/enemies/chthoniandevourer_b01.dbr,75,PRESENT,4,PRESENT,12,PRESENT,,ABSENT,,ABSENT,records/proxies/lv3_strong+.dbr,PRESENT,9,11,0,0,0.0,records/proxies/proxypoolequation_01.dbr,False,0.300000,250,158,trash
records/proxies/poolsbasic/chthoniandevourer_t3.dbr,sm_mod,sm_mod,database/templates/proxypool.tpl,normal,3,records/creatures/enemies/chthoniandevourer_b02.dbr,75,PRESENT,4,PRESENT,12,PRESENT,,ABSENT,,ABSENT,records/proxies/lv3_strong+.dbr,PRESENT,9,11,0,0,0.0,records/proxies/proxypoolequation_01.dbr,False,0.300000,250,158,trash
records/proxies/poolsbasic/chthonianleech_t3.dbr,sm_mod,sm_mod,database/templates/proxypool.tpl,normal,1,records/creatures/enemies/chthonianleech_a01.dbr,100,PRESENT,,ABSENT,25,PRESENT,,ABSENT,,ABSENT,records/proxies/lv3_strong.dbr,PRESENT,6,6,0,0,0.0,records/proxies/proxypoolequation_01.dbr,False,0.400000,250,157,trash
records/proxies/poolsbasic/chthonianleech_t3.dbr,sm_mod,sm_mod,database/templates/proxypool.tpl,normal,2,records/creatures/enemies/chthonianleech_b01.dbr,75,PRESENT,4,PRESENT,30,PRESENT,,ABSENT,,ABSENT,records/proxies/lv4_champion+.dbr,PRESENT,6,6,0,0,0.0,records/proxies/proxypoolequation_01.dbr,False,0.300000,250,157,trash
records/proxies/poolsbasic/chthonianleech_t3.dbr,sm_mod,sm_mod,database/templates/proxypool.tpl,normal,3,records/creatures/enemies/chthonianleech_b02.dbr,75,PRESENT,4,PRESENT,30,PRESENT,,ABSENT,,ABSENT,records/proxies/lv4_champion+.dbr,PRESENT,6,6,0,0,0.0,records/proxies/proxypoolequation_01.dbr,False,0.300000,250,157,trash
records/proxies/poolsbasic/chthonianvoid_ambush_t3.dbr,sm_mod,sm_mod,database/templates/proxypool.tpl,normal,1,records/creatures/enemies/chthoniandreadguard_a01.dbr,100,PRESENT,,ABSENT,30,PRESENT,,ABSENT,,ABSENT,records/proxies/lv3_strong.dbr,PRESENT,7,8,0,0,0.0,records/proxies/proxypoolequation_01.dbr,False,0.126582,790,150,trash
records/proxies/poolsbasic/chthonianvoid_ambush_t3.dbr,sm_mod,sm_mod,database/templates/proxypool.tpl,normal,2,records/creatures/enemies/chthoniandreadguard_b01.dbr,75,PRESENT,4,PRESENT,35,PRESENT,,ABSENT,,ABSENT,records/proxies/lv4_champion+.dbr,PRESENT,7,8,0,0,0.0,records/proxies/proxypoolequation_01.dbr,False,0.094937,790,150,trash
records/proxies/poolsbasic/chthonianvoid_ambush_t3.dbr,sm_mod,sm_mod,database/templates/proxypool.tpl,normal,3,records/creatures/enemies/chthoniandreadguard_c01.dbr,50,PRESENT,2,PRESENT,45,PRESENT,,ABSENT,,ABSENT,records/proxies/lv4_champion+.dbr,PRESENT,7,8,0,0,0.0,records/proxies/proxypoolequation_01.dbr,False,0.063291,790,150,trash
records/proxies/poolsbasic/chthonianvoid_ambush_t3.dbr,sm_mod,sm_mod,database/templates/proxypool.tpl,normal,4,records/creatures/enemies/chthoniandreadguard_c02.dbr,50,PRESENT,2,PRESENT,45,PRESENT,,ABSENT,,ABSENT,records/proxies/lv5_elitechampion.dbr,PRESENT,7,8,0,0,0.0,records/proxies/proxypoolequation_01.dbr,False,0.063291,790,150,trash
records/proxies/poolsbasic/chthonianvoid_ambush_t3.dbr,sm_mod,sm_mod,database/templates/proxypool.tpl,normal,5,records/creatures/enemies/chthoniandreadguard_d01_summon.dbr,15,PRESENT,1,PRESENT,60,PRESENT,,ABSENT,,ABSENT,records/proxies/lv6_hero.dbr,PRESENT,7,8,0,0,0.0,records/proxies/proxypoolequation_01.dbr,False,0.018987,790,150,trash
records/proxies/poolsbasic/chthonianvoid_ambush_t3.dbr,sm_mod,sm_mod,database/templates/proxypool.tpl,normal,6,records/creatures/enemies/chthonianleech_a01.dbr,100,PRESENT,,ABSENT,25,PRESENT,,ABSENT,,ABSENT,records/proxies/lv3_strong.dbr,PRESENT,7,8,0,0,0.0,records/proxies/proxypoolequation_01.dbr,False,0.126582,790,150,trash
records/proxies/poolsbasic/chthonianvoid_ambush_t3.dbr,sm_mod,sm_mod,database/templates/proxypool.tpl,normal,7,records/creatures/enemies/chthonianleech_b01.dbr,75,PRESENT,4,PRESENT,30,PRESENT,,ABSENT,,ABSENT,records/proxies/lv4_champion+.dbr,PRESENT,7,8,0,0,0.0,records/proxies/proxypoolequation_01.dbr,False,0.094937,790,150,trash
records/proxies/poolsbasic/chthonianvoid_ambush_t3.dbr,sm_mod,sm_mod,database/templates/proxypool.tpl,normal,8,records/creatures/enemies/chthonianleech_b02.dbr,75,PRESENT,4,PRESENT,35,PRESENT,,ABSENT,,ABSENT,records/proxies/lv4_champion+.dbr,PRESENT,7,8,0,0,0.0,records/proxies/proxypoolequation_01.dbr,False,0.094937,790,150,trash
records/proxies/poolsbasic/chthonianvoid_ambush_t3.dbr,sm_mod,sm_mod,database/templates/proxypool.tpl,normal,9,records/creatures/enemies/chthoniandevourer_a01.dbr,100,PRESENT,,ABSENT,,ABSENT,35,PRESENT,,ABSENT,records/proxies/lv3_strong.dbr,PRESENT,7,8,0,0,0.0,records/proxies/proxypoolequation_01.dbr,False,0.126582,790,150,trash
records/proxies/poolsbasic/chthonianvoid_ambush_t3.dbr,sm_mod,sm_mod,database/templates/proxypool.tpl,normal,10,records/creatures/enemies/chthoniandevourer_b01.dbr,75,PRESENT,4,PRESENT,12,PRESENT,35,PRESENT,,ABSENT,records/proxies/lv4_champion+.dbr,PRESENT,7,8,0,0,0.0,records/proxies/proxypoolequation_01.dbr,False,0.094937,790,150,trash
records/proxies/poolsbasic/chthonianvoid_ambush_t3.dbr,sm_mod,sm_mod,database/templates/proxypool.tpl,normal,11,records/creatures/enemies/chthoniandevourer_b02.dbr,75,PRESENT,4,PRESENT,12,PRESENT,35,PRESENT,,ABSENT,records/proxies/lv4_champion+.dbr,PRESENT,7,8,0,0,0.0,records/proxies/proxypoolequation_01.dbr,False,0.094937,790,150,trash
records/proxies/poolsbasic/cultistvitality_t3.dbr,sm_mod,sm_mod,database/templates/proxypool.tpl,normal,1,records/creatures/enemies/humanchthonic_cultist_a05.dbr,100,PRESENT,,ABSENT,,ABSENT,,ABSENT,,ABSENT,records/proxies/lv2_normal.dbr,PRESENT,7,8,0,0,0.0,records/proxies/proxypoolequation_01.dbr,False,0.111111,900,150,trash
records/proxies/poolsbasic/cultistvitality_t3.dbr,sm_mod,sm_mod,database/templates/proxypool.tpl,normal,2,records/creatures/enemies/humanchthonic_cultistf_a05.dbr,100,PRESENT,,ABSENT,,ABSENT,,ABSENT,,ABSENT,records/proxies/lv2_normal.dbr,PRESENT,7,8,0,0,0.0,records/proxies/proxypoolequation_01.dbr,False,0.111111,900,150,trash
records/proxies/poolsbasic/cultistvitality_t3.dbr,sm_mod,sm_mod,database/templates/proxypool.tpl,normal,3,records/creatures/enemies/humanchthonic_cultistf_b01.dbr,100,PRESENT,3,PRESENT,10,PRESENT,,ABSENT,,ABSENT,records/proxies/lv3_strong+.dbr,PRESENT,7,8,0,0,0.0,records/proxies/proxypoolequation_01.dbr,False,0.111111,900,150,trash
records/proxies/poolsbasic/cultistvitality_t3.dbr,sm_mod,sm_mod,database/templates/proxypool.tpl,normal,4,records/creatures/enemies/humanchthonic_cultistf_b02.dbr,100,PRESENT,3,PRESENT,12,PRESENT,,ABSENT,,ABSENT,records/proxies/lv3_strong+.dbr,PRESENT,7,8,0,0,0.0,records/proxies/proxypoolequation_01.dbr,False,0.111111,900,150,trash
records/proxies/poolsbasic/cultistvitality_t3.dbr,sm_mod,sm_mod,database/templates/proxypool.tpl,normal,5,records/creatures/enemies/humanchthonic_cultistf_b03.dbr,100,PRESENT,2,PRESENT,16,PRESENT,,ABSENT,,ABSENT,records/proxies/lv3_strong+.dbr,PRESENT,7,8,0,0,0.0,records/proxies/proxypoolequation_01.dbr,False,0.111111,900,150,trash
records/proxies/poolsbasic/cultistvitality_t3.dbr,sm_mod,sm_mod,database/templates/proxypool.tpl,normal,6,records/creatures/enemies/humanchthonic_cultistf_c01.dbr,25,PRESENT,2,PRESENT,25,PRESENT,,ABSENT,,ABSENT,records/proxies/lv5_elitechampion.dbr,PRESENT,7,8,0,0,0.0,records/proxies/proxypoolequation_01.dbr,False,0.027778,900,150,trash
records/proxies/poolsbasic/cultistvitality_t3.dbr,sm_mod,sm_mod,database/templates/proxypool.tpl,normal,7,records/creatures/enemies/humanchthonic_cultistf_c02.dbr,25,PRESENT,2,PRESENT,25,PRESENT,,ABSENT,,ABSENT,records/proxies/lv5_elitechampion.dbr,PRESENT,7,8,0,0,0.0,records/proxies/proxypoolequation_01.dbr,False,0.027778,900,150,trash
records/proxies/poolsbasic/cultistvitality_t3.dbr,sm_mod,sm_mod,database/templates/proxypool.tpl,normal,8,records/creatures/enemies/humanchthonic_cultist_b01.dbr,100,PRESENT,3,PRESENT,10,PRESENT,,ABSENT,,ABSENT,records/proxies/lv3_strong+.dbr,PRESENT,7,8,0,0,0.0,records/proxies/proxypoolequation_01.dbr,False,0.111111,900,150,trash
records/proxies/poolsbasic/cultistvitality_t3.dbr,sm_mod,sm_mod,database/templates/proxypool.tpl,normal,9,records/creatures/enemies/humanchthonic_cultist_b02.dbr,100,PRESENT,3,PRESENT,12,PRESENT,,ABSENT,,ABSENT,records/proxies/lv3_strong+.dbr,PRESENT,7,8,0,0,0.0,records/proxies/proxypoolequation_01.dbr,False,0.111111,900,150,trash
records/proxies/poolsbasic/cultistvitality_t3.dbr,sm_mod,sm_mod,database/templates/proxypool.tpl,normal,10,records/creatures/enemies/humanchthonic_cultist_b03.dbr,100,PRESENT,2,PRESENT,16,PRESENT,,ABSENT,,ABSENT,records/proxies/lv3_strong+.dbr,PRESENT,7,8,0,0,0.0,records/proxies/proxypoolequation_01.dbr,False,0.111111,900,150,trash
records/proxies/poolsbasic/cultistvitality_t3.dbr,sm_mod,sm_mod,database/templates/proxypool.tpl,normal,11,records/creatures/enemies/humanchthonic_cultist_c01.dbr,25,PRESENT,2,PRESENT,25,PRESENT,,ABSENT,,ABSENT,records/proxies/lv5_elitechampion.dbr,PRESENT,7,8,0,0,0.0,records/proxies/proxypoolequation_01.dbr,False,0.027778,900,150,trash
records/proxies/poolsbasic/cultistvitality_t3.dbr,sm_mod,sm_mod,database/templates/proxypool.tpl,normal,12,records/creatures/enemies/humanchthonic_cultist_c02.dbr,25,PRESENT,2,PRESENT,25,PRESENT,,ABSENT,,ABSENT,records/proxies/lv5_elitechampion.dbr,PRESENT,7,8,0,0,0.0,records/proxies/proxypoolequation_01.dbr,False,0.027778,900,150,trash
records/proxies/poolsbasic/ghost_t3.dbr,sm_mod,sm_mod,database/templates/proxypool.tpl,normal,1,records/creatures/enemies/ghost_a01.dbr,100,PRESENT,,ABSENT,,ABSENT,,ABSENT,,ABSENT,records/proxies/lv2_normal.dbr,PRESENT,7,8,0,0,0.0,records/proxies/proxypoolequation_01.dbr,False,0.166667,600,151,trash
records/proxies/poolsbasic/ghost_t3.dbr,sm_mod,sm_mod,database/templates/proxypool.tpl,normal,2,records/creatures/enemies/ghost_a02.dbr,100,PRESENT,,ABSENT,,ABSENT,,ABSENT,,ABSENT,records/proxies/lv2_normal.dbr,PRESENT,7,8,0,0,0.0,records/proxies/proxypoolequation_01.dbr,False,0.166667,600,151,trash
records/proxies/poolsbasic/ghost_t3.dbr,sm_mod,sm_mod,database/templates/proxypool.tpl,normal,3,records/creatures/enemies/ghost_b01.dbr,100,PRESENT,3,PRESENT,15,PRESENT,,ABSENT,,ABSENT,records/proxies/lv3_strong.dbr,PRESENT,7,8,0,0,0.0,records/proxies/proxypoolequation_01.dbr,False,0.166667,600,151,trash
records/proxies/poolsbasic/ghost_t3.dbr,sm_mod,sm_mod,database/templates/proxypool.tpl,normal,4,records/creatures/enemies/ghost_b02.dbr,100,PRESENT,3,PRESENT,15,PRESENT,,ABSENT,,ABSENT,records/proxies/lv3_strong.dbr,PRESENT,7,8,0,0,0.0,records/proxies/proxypoolequation_01.dbr,False,0.166667,600,151,trash
records/proxies/poolsbasic/ghost_t3.dbr,sm_mod,sm_mod,database/templates/proxypool.tpl,normal,5,records/creatures/enemies/ghost_b03.dbr,100,PRESENT,2,PRESENT,20,PRESENT,,ABSENT,,ABSENT,records/proxies/lv3_strong.dbr,PRESENT,7,8,0,0,0.0,records/proxies/proxypoolequation_01.dbr,False,0.166667,600,151,trash
records/proxies/poolsbasic/ghost_t3.dbr,sm_mod,sm_mod,database/templates/proxypool.tpl,normal,6,records/creatures/enemies/ghost_b04.dbr,100,PRESENT,2,PRESENT,20,PRESENT,,ABSENT,,ABSENT,records/proxies/lv4_champion.dbr,PRESENT,7,8,0,0,0.0,records/proxies/proxypoolequation_01.dbr,False,0.166667,600,151,trash
records/proxies/poolsbasic/necro_t3.dbr,sm_mod,sm_mod,database/templates/proxypool.tpl,normal,1,records/creatures/enemies/faction/necro_casterf_a01.dbr,100,PRESENT,,ABSENT,,ABSENT,,ABSENT,,ABSENT,records/proxies/lv2_normal.dbr,PRESENT,7,8,0,0,0.0,records/proxies/proxypoolequation_01.dbr,False,0.133333,750,150,trash
records/proxies/poolsbasic/necro_t3.dbr,sm_mod,sm_mod,database/templates/proxypool.tpl,normal,2,records/creatures/enemies/faction/necro_casterf_b01.dbr,100,PRESENT,3,PRESENT,15,PRESENT,,ABSENT,,ABSENT,records/proxies/lv3_strong.dbr,PRESENT,7,8,0,0,0.0,records/proxies/proxypoolequation_01.dbr,False,0.133333,750,150,trash
records/proxies/poolsbasic/necro_t3.dbr,sm_mod,sm_mod,database/templates/proxypool.tpl,normal,3,records/creatures/enemies/faction/necro_caster_a01.dbr,100,PRESENT,,ABSENT,,ABSENT,,ABSENT,,ABSENT,records/proxies/lv2_normal.dbr,PRESENT,7,8,0,0,0.0,records/proxies/proxypoolequation_01.dbr,False,0.133333,750,150,trash
records/proxies/poolsbasic/necro_t3.dbr,sm_mod,sm_mod,database/templates/proxypool.tpl,normal,4,records/creatures/enemies/faction/necro_caster_b01.dbr,100,PRESENT,3,PRESENT,15,PRESENT,,ABSENT,,ABSENT,records/proxies/lv3_strong.dbr,PRESENT,7,8,0,0,0.0,records/proxies/proxypoolequation_01.dbr,False,0.133333,750,150,trash
records/proxies/poolsbasic/necro_t3.dbr,sm_mod,sm_mod,database/templates/proxypool.tpl,normal,5,records/creatures/enemies/faction/necro_championf_c01.dbr,75,PRESENT,2,PRESENT,30,PRESENT,,ABSENT,,ABSENT,records/proxies/lv5_elitechampion.dbr,PRESENT,7,8,0,0,0.0,records/proxies/proxypoolequation_01.dbr,False,0.100000,750,150,trash
records/proxies/poolsbasic/necro_t3.dbr,sm_mod,sm_mod,database/templates/proxypool.tpl,normal,6,records/creatures/enemies/faction/necro_champion_c01.dbr,75,PRESENT,2,PRESENT,30,PRESENT,,ABSENT,,ABSENT,records/proxies/lv5_elitechampion.dbr,PRESENT,7,8,0,0,0.0,records/proxies/proxypoolequation_01.dbr,False,0.100000,750,150,trash
records/proxies/poolsbasic/necro_t3.dbr,sm_mod,sm_mod,database/templates/proxypool.tpl,normal,7,records/creatures/enemies/faction/necro_meleef_a01.dbr,100,PRESENT,,ABSENT,,ABSENT,,ABSENT,,ABSENT,records/proxies/lv2_normal.dbr,PRESENT,7,8,0,0,0.0,records/proxies/proxypoolequation_01.dbr,False,0.133333,750,150,trash
records/proxies/poolsbasic/necro_t3.dbr,sm_mod,sm_mod,database/templates/proxypool.tpl,normal,8,records/creatures/enemies/faction/necro_melee_a01.dbr,100,PRESENT,,ABSENT,,ABSENT,,ABSENT,,ABSENT,records/proxies/lv2_normal.dbr,PRESENT,7,8,0,0,0.0,records/proxies/proxypoolequation_01.dbr,False,0.133333,750,150,trash
records/proxies/poolsbasic/skeletalgolem_t3.dbr,sm_mod,sm_mod,database/templates/proxypool.tpl,normal,1,records/creatures/enemies/skeletalgolem_b01.dbr,50,PRESENT,2,PRESENT,35,PRESENT,,ABSENT,,ABSENT,records/proxies/lv4_champion.dbr,PRESENT,6,6,0,0,0.0,records/proxies/proxypoolequation_01.dbr,False,0.090909,550,157,trash
records/proxies/poolsbasic/skeletalgolem_t3.dbr,sm_mod,sm_mod,database/templates/proxypool.tpl,normal,2,records/creatures/enemies/skeletalgolem_c01.dbr,100,PRESENT,2,PRESENT,40,PRESENT,,ABSENT,True,PRESENT,records/proxies/lv5_elitechampion.dbr,PRESENT,6,6,0,0,0.0,records/proxies/proxypoolequation_01.dbr,False,0.181818,550,157,trash
records/proxies/poolsbasic/skeletalgolem_t3.dbr,sm_mod,sm_mod,database/templates/proxypool.tpl,normal,3,records/creatures/enemies/skeleton_b02_knight.dbr,100,PRESENT,,ABSENT,,ABSENT,,ABSENT,,ABSENT,records/proxies/lv4_champion.dbr,PRESENT,6,6,0,0,0.0,records/proxies/proxypoolequation_01.dbr,False,0.181818,550,157,trash
records/proxies/poolsbasic/skeletalgolem_t3.dbr,sm_mod,sm_mod,database/templates/proxypool.tpl,normal,4,records/creatures/enemies/skeleton_c01.dbr,100,PRESENT,1,PRESENT,25,PRESENT,,ABSENT,,ABSENT,records/proxies/lv4_champion.dbr,PRESENT,6,6,0,0,0.0,records/proxies/proxypoolequation_01.dbr,False,0.181818,550,157,trash
records/proxies/poolsbasic/skeletalgolem_t3.dbr,sm_mod,sm_mod,database/templates/proxypool.tpl,normal,5,records/creatures/enemies/skeleton_c02.dbr,100,PRESENT,1,PRESENT,25,PRESENT,,ABSENT,,ABSENT,records/proxies/lv4_champion.dbr,PRESENT,6,6,0,0,0.0,records/proxies/proxypoolequation_01.dbr,False,0.181818,550,157,trash
records/proxies/poolsbasic/skeletalgolem_t3.dbr,sm_mod,sm_mod,database/templates/proxypool.tpl,normal,6,records/creatures/enemies/skeleton_c03.dbr,100,PRESENT,1,PRESENT,25,PRESENT,,ABSENT,,ABSENT,records/proxies/lv4_champion.dbr,PRESENT,6,6,0,0,0.0,records/proxies/proxypoolequation_01.dbr,False,0.181818,550,157,trash
records/proxies/poolsbasic/skeletonrevenant_t3.dbr,sm_mod,sm_mod,database/templates/proxypool.tpl,normal,1,records/creatures/enemies/skeleton_c01.dbr,100,PRESENT,,ABSENT,25,PRESENT,,ABSENT,,ABSENT,records/proxies/lv4_champion+.dbr,PRESENT,6,6,0,0,0.0,records/proxies/proxypoolequation_01.dbr,False,0.266667,375,153,trash
records/proxies/poolsbasic/skeletonrevenant_t3.dbr,sm_mod,sm_mod,database/templates/proxypool.tpl,normal,2,records/creatures/enemies/skeleton_c02.dbr,100,PRESENT,3,PRESENT,25,PRESENT,,ABSENT,,ABSENT,records/proxies/lv4_champion+.dbr,PRESENT,6,6,0,0,0.0,records/proxies/proxypoolequation_01.dbr,False,0.266667,375,153,trash
records/proxies/poolsbasic/skeletonrevenant_t3.dbr,sm_mod,sm_mod,database/templates/proxypool.tpl,normal,3,records/creatures/enemies/skeleton_c03.dbr,100,PRESENT,,ABSENT,25,PRESENT,,ABSENT,,ABSENT,records/proxies/lv4_champion+.dbr,PRESENT,6,6,0,0,0.0,records/proxies/proxypoolequation_01.dbr,False,0.266667,375,153,trash
records/proxies/poolsbasic/skeletonrevenant_t3.dbr,sm_mod,sm_mod,database/templates/proxypool.tpl,normal,4,records/creatures/enemies/skeleton_d01.dbr,75,PRESENT,2,PRESENT,45,PRESENT,,ABSENT,,ABSENT,records/proxies/lv5_elitechampion.dbr,PRESENT,6,6,0,0,0.0,records/proxies/proxypoolequation_01.dbr,False,0.200000,375,153,trash
records/proxies/poolsbasic/zealot_t3.dbr,sm_mod,sm_mod,database/templates/proxypool.tpl,normal,1,records/creatures/enemies/faction/zealot_casterf_b01.dbr,100,PRESENT,3,PRESENT,15,PRESENT,,ABSENT,,ABSENT,records/proxies/lv3_strong.dbr,PRESENT,7,7,0,0,0.0,records/proxies/proxypoolequation_01.dbr,False,0.148148,675,150,trash
records/proxies/poolsbasic/zealot_t3.dbr,sm_mod,sm_mod,database/templates/proxypool.tpl,normal,2,records/creatures/enemies/faction/zealot_caster_b01.dbr,100,PRESENT,3,PRESENT,15,PRESENT,,ABSENT,,ABSENT,records/proxies/lv3_strong.dbr,PRESENT,7,7,0,0,0.0,records/proxies/proxypoolequation_01.dbr,False,0.148148,675,150,trash
records/proxies/poolsbasic/zealot_t3.dbr,sm_mod,sm_mod,database/templates/proxypool.tpl,normal,3,records/creatures/enemies/faction/zealot_championf_c01.dbr,75,PRESENT,2,PRESENT,25,PRESENT,,ABSENT,,ABSENT,records/proxies/lv5_elitechampion.dbr,PRESENT,7,7,0,0,0.0,records/proxies/proxypoolequation_01.dbr,False,0.111111,675,150,trash
records/proxies/poolsbasic/zealot_t3.dbr,sm_mod,sm_mod,database/templates/proxypool.tpl,normal,4,records/creatures/enemies/faction/zealot_meleef_a01.dbr,100,PRESENT,,ABSENT,,ABSENT,,ABSENT,,ABSENT,records/proxies/lv2_normal.dbr,PRESENT,7,7,0,0,0.0,records/proxies/proxypoolequation_01.dbr,False,0.148148,675,150,trash
records/proxies/poolsbasic/zealot_t3.dbr,sm_mod,sm_mod,database/templates/proxypool.tpl,normal,5,records/creatures/enemies/faction/zealot_melee_a01.dbr,100,PRESENT,,ABSENT,,ABSENT,,ABSENT,,ABSENT,records/proxies/lv2_normal.dbr,PRESENT,7,7,0,0,0.0,records/proxies/proxypoolequation_01.dbr,False,0.148148,675,150,trash
records/proxies/poolsbasic/zealot_t3.dbr,sm_mod,sm_mod,database/templates/proxypool.tpl,normal,6,records/creatures/enemies/faction/zealot_rangedf_a01.dbr,100,PRESENT,,ABSENT,,ABSENT,,ABSENT,,ABSENT,records/proxies/lv2_normal.dbr,PRESENT,7,7,0,0,0.0,records/proxies/proxypoolequation_01.dbr,False,0.148148,675,150,trash
records/proxies/poolsbasic/zealot_t3.dbr,sm_mod,sm_mod,database/templates/proxypool.tpl,normal,7,records/creatures/enemies/faction/zealot_ranged_a01.dbr,100,PRESENT,,ABSENT,,ABSENT,,ABSENT,,ABSENT,records/proxies/lv2_normal.dbr,PRESENT,7,7,0,0,0.0,records/proxies/proxypoolequation_01.dbr,False,0.148148,675,150,trash
records/proxies/poolsbasic/zombies_t3.dbr,sm_mod,sm_mod,database/templates/proxypool.tpl,normal,1,records/creatures/enemies/zombieberserker_a01.dbr,75,PRESENT,4,PRESENT,15,PRESENT,,ABSENT,,ABSENT,records/proxies/lv3_strong.dbr,PRESENT,8,8,0,0,0.0,records/proxies/proxypoolequation_01.dbr,False,0.057034,1315,150,trash
records/proxies/poolsbasic/zombies_t3.dbr,sm_mod,sm_mod,database/templates/proxypool.tpl,normal,2,records/creatures/enemies/zombiemutated_a01.dbr,75,PRESENT,3,PRESENT,25,PRESENT,,ABSENT,,ABSENT,records/proxies/lv4_champion+.dbr,PRESENT,8,8,0,0,0.0,records/proxies/proxypoolequation_01.dbr,False,0.057034,1315,150,trash
records/proxies/poolsbasic/zombies_t3.dbr,sm_mod,sm_mod,database/templates/proxypool.tpl,normal,3,records/creatures/enemies/zombiemutated_b01.dbr,75,PRESENT,3,PRESENT,25,PRESENT,,ABSENT,,ABSENT,records/proxies/lv4_champion+.dbr,PRESENT,8,8,0,0,0.0,records/proxies/proxypoolequation_01.dbr,False,0.057034,1315,150,trash
records/proxies/poolsbasic/zombies_t3.dbr,sm_mod,sm_mod,database/templates/proxypool.tpl,normal,4,records/creatures/enemies/zombievoid_a01.dbr,100,PRESENT,,ABSENT,8,PRESENT,,ABSENT,,ABSENT,records/proxies/lv3_strong.dbr,PRESENT,8,8,0,0,0.0,records/proxies/proxypoolequation_01.dbr,False,0.076046,1315,150,trash
records/proxies/poolsbasic/zombies_t3.dbr,sm_mod,sm_mod,database/templates/proxypool.tpl,normal,5,records/creatures/enemies/zombie_a01.dbr,100,PRESENT,,ABSENT,,ABSENT,,ABSENT,,ABSENT,records/proxies/lv2_normal.dbr,PRESENT,8,8,0,0,0.0,records/proxies/proxypoolequation_01.dbr,False,0.076046,1315,150,trash
records/proxies/poolsbasic/zombies_t3.dbr,sm_mod,sm_mod,database/templates/proxypool.tpl,normal,6,records/creatures/enemies/zombie_aetherfire01.dbr,100,PRESENT,,ABSENT,8,PRESENT,,ABSENT,,ABSENT,records/proxies/lv3_strong.dbr,PRESENT,8,8,0,0,0.0,records/proxies/proxypoolequation_01.dbr,False,0.076046,1315,150,trash
records/proxies/poolsbasic/zombies_t3.dbr,sm_mod,sm_mod,database/templates/proxypool.tpl,normal,7,records/creatures/enemies/zombie_b01.dbr,100,PRESENT,4,PRESENT,10,PRESENT,,ABSENT,,ABSENT,records/proxies/lv2_normal.dbr,PRESENT,8,8,0,0,0.0,records/proxies/proxypoolequation_01.dbr,False,0.076046,1315,150,trash
records/proxies/poolsbasic/zombies_t3.dbr,sm_mod,sm_mod,database/templates/proxypool.tpl,normal,8,records/creatures/enemies/zombie_c01.dbr,100,PRESENT,4,PRESENT,15,PRESENT,,ABSENT,,ABSENT,records/proxies/lv2_normal.dbr,PRESENT,8,8,0,0,0.0,records/proxies/proxypoolequation_01.dbr,False,0.076046,1315,150,trash
records/proxies/poolsbasic/zombies_t3.dbr,sm_mod,sm_mod,database/templates/proxypool.tpl,normal,9,records/creatures/enemies/zombie_d01.dbr,100,PRESENT,4,PRESENT,15,PRESENT,,ABSENT,,ABSENT,records/proxies/lv2_normal.dbr,PRESENT,8,8,0,0,0.0,records/proxies/proxypoolequation_01.dbr,False,0.076046,1315,150,trash
records/proxies/poolsbasic/zombies_t3.dbr,sm_mod,sm_mod,database/templates/proxypool.tpl,normal,10,records/creatures/enemies/zombie_e01.dbr,100,PRESENT,4,PRESENT,8,PRESENT,,ABSENT,,ABSENT,records/proxies/lv2_normal.dbr,PRESENT,8,8,0,0,0.0,records/proxies/proxypoolequation_01.dbr,False,0.076046,1315,150,trash
records/proxies/poolsbasic/zombies_t3.dbr,sm_mod,sm_mod,database/templates/proxypool.tpl,normal,11,records/creatures/enemies/zombie_f01.dbr,100,PRESENT,4,PRESENT,8,PRESENT,,ABSENT,,ABSENT,records/proxies/lv2_normal.dbr,PRESENT,8,8,0,0,0.0,records/proxies/proxypoolequation_01.dbr,False,0.076046,1315,150,trash
records/proxies/poolsbasic/zombies_t3.dbr,sm_mod,sm_mod,database/templates/proxypool.tpl,normal,12,records/creatures/enemies/zombie_g01.dbr,100,PRESENT,4,PRESENT,8,PRESENT,,ABSENT,,ABSENT,records/proxies/lv2_normal.dbr,PRESENT,8,8,0,0,0.0,records/proxies/proxypoolequation_01.dbr,False,0.076046,1315,150,trash
records/proxies/poolsbasic/zombies_t3.dbr,sm_mod,sm_mod,database/templates/proxypool.tpl,normal,13,records/creatures/enemies/zombie_soldiera01.dbr,75,PRESENT,4,PRESENT,5,PRESENT,,ABSENT,,ABSENT,records/proxies/lv3_strong.dbr,PRESENT,8,8,0,0,0.0,records/proxies/proxypoolequation_01.dbr,False,0.057034,1315,150,trash
records/proxies/poolsbasic/zombies_t3.dbr,sm_mod,sm_mod,database/templates/proxypool.tpl,normal,14,records/creatures/enemies/zombie_soldierfirea01.dbr,75,PRESENT,3,PRESENT,20,PRESENT,,ABSENT,,ABSENT,records/proxies/lv4_champion.dbr,PRESENT,8,8,0,0,0.0,records/proxies/proxypoolequation_01.dbr,False,0.057034,1315,150,trash
records/proxies/poolsbasic/zombies_t3.dbr,sm_mod,sm_mod,database/templates/proxypool.tpl,normal,15,records/creatures/enemies/zombie_soldierfurya01_summon.dbr,40,PRESENT,2,PRESENT,35,PRESENT,,ABSENT,,ABSENT,records/proxies/lv4_champion.dbr,PRESENT,8,8,0,0,0.0,records/proxies/proxypoolequation_01.dbr,False,0.030418,1315,150,trash
records/proxies/poolsbasicgdx1/aetherialbloater_t3.dbr,sm1,sm1,database/templates/proxypool.tpl,normal,1,records/creatures/enemies/aetherialbloater_a01.dbr,50,PRESENT,,ABSENT,30,PRESENT,,ABSENT,,ABSENT,records/proxies/lv3_strong.dbr,PRESENT,5,6,0,0,0.0,records/proxies/proxypoolequation_01.dbr,False,0.204082,245,156|157,trash
records/proxies/poolsbasicgdx1/aetherialbloater_t3.dbr,sm1,sm1,database/templates/proxypool.tpl,normal,2,records/creatures/enemies/aetherialbloater_b01.dbr,100,PRESENT,2,PRESENT,30,PRESENT,,ABSENT,,ABSENT,records/proxies/lv4_champion+.dbr,PRESENT,5,6,0,0,0.0,records/proxies/proxypoolequation_01.dbr,False,0.408163,245,156|157,trash
records/proxies/poolsbasicgdx1/aetherialbloater_t3.dbr,sm1,sm1,database/templates/proxypool.tpl,normal,3,records/creatures/enemies/aetherialbloater_c01.dbr,50,PRESENT,1,PRESENT,30,PRESENT,,ABSENT,,ABSENT,records/proxies/lv4_champion+.dbr,PRESENT,5,6,0,0,0.0,records/proxies/proxypoolequation_01.dbr,False,0.204082,245,156|157,trash
records/proxies/poolsbasicgdx1/aetherialbloater_t3.dbr,sm1,sm1,database/templates/proxypool.tpl,normal,4,records/creatures/enemies/aetherialcorruption_a01.dbr,25,PRESENT,,ABSENT,,ABSENT,,ABSENT,,ABSENT,records/proxies/lv2_normal.dbr,PRESENT,5,6,0,0,0.0,records/proxies/proxypoolequation_01.dbr,False,0.102041,245,156|157,trash
records/proxies/poolsbasicgdx1/aetherialbloater_t3.dbr,sm1,sm1,database/templates/proxypool.tpl,normal,5,records/creatures/enemies/aetherialcorruption_c01.dbr,20,PRESENT,2,PRESENT,,ABSENT,,ABSENT,,ABSENT,records/proxies/lv3_strong.dbr,PRESENT,5,6,0,0,0.0,records/proxies/proxypoolequation_01.dbr,False,0.081633,245,156|157,trash
records/proxies/poolsbasicgdx1/aetherialcorruption_fire_t3.dbr,sm1,sm1,database/templates/proxypool.tpl,normal,1,records/creatures/enemies/aetherialcorruption_b03.dbr,100,PRESENT,,ABSENT,,ABSENT,,ABSENT,,ABSENT,records/proxies/lv3_strong.dbr,PRESENT,5,6,0,0,0.0,records/proxies/proxypoolequation_01.dbr,False,1.000000,100,156,trash
records/proxies/poolsbasicgdx1/aetherialcorruption_ice_t3.dbr,sm1,sm1,database/templates/proxypool.tpl,normal,1,records/creatures/enemies/aetherialcorruption_b01.dbr,100,PRESENT,,ABSENT,,ABSENT,,ABSENT,,ABSENT,records/proxies/lv3_strong.dbr,PRESENT,5,6,0,0,0.0,records/proxies/proxypoolequation_01.dbr,False,1.000000,100,156,trash
records/proxies/poolsbasicgdx1/aetherialcorruption_lightning_t3.dbr,sm1,sm1,database/templates/proxypool.tpl,normal,1,records/creatures/enemies/aetherialcorruption_b02.dbr,100,PRESENT,,ABSENT,,ABSENT,,ABSENT,,ABSENT,records/proxies/lv3_strong.dbr,PRESENT,5,6,0,0,0.0,records/proxies/proxypoolequation_01.dbr,False,1.000000,100,156,trash
records/proxies/poolsbasicgdx1/aetherialcorruption_poison_t3.dbr,sm1,sm1,database/templates/proxypool.tpl,normal,1,records/creatures/enemies/aetherialcorruption_c01.dbr,100,PRESENT,,ABSENT,,ABSENT,,ABSENT,,ABSENT,records/proxies/lv3_strong.dbr,PRESENT,5,6,0,0,0.0,records/proxies/proxypoolequation_01.dbr,False,1.000000,100,155,trash
records/proxies/poolsbasicgdx1/aetherialimp_t3.dbr,sm1,sm1,database/templates/proxypool.tpl,normal,1,records/creatures/enemies/aetherialimp_a01.dbr,100,PRESENT,,ABSENT,,ABSENT,,ABSENT,,ABSENT,records/proxies/lv3_strong.dbr,PRESENT,5,7,0,0,0.0,records/proxies/proxypoolequation_01.dbr,False,0.571429,175,155,trash
records/proxies/poolsbasicgdx1/aetherialimp_t3.dbr,sm1,sm1,database/templates/proxypool.tpl,normal,2,records/creatures/enemies/aetherialimp_b01.dbr,75,PRESENT,3,PRESENT,,ABSENT,,ABSENT,,ABSENT,records/proxies/lv4_champion+.dbr,PRESENT,5,7,0,0,0.0,records/proxies/proxypoolequation_01.dbr,False,0.428571,175,155,trash
records/proxies/poolsbasicgdx1/basilisk_t3.dbr,sm1,sm1,database/templates/proxypool.tpl,normal,1,records/creatures/enemies/basilisk_a01.dbr,75,PRESENT,,ABSENT,,ABSENT,,ABSENT,,ABSENT,records/proxies/lv2_normal.dbr,PRESENT,5,6,0,0,0.0,records/proxies/proxypoolequation_01.dbr,False,0.375000,200,152,trash
records/proxies/poolsbasicgdx1/basilisk_t3.dbr,sm1,sm1,database/templates/proxypool.tpl,normal,2,records/creatures/enemies/basilisk_b01.dbr,75,PRESENT,3,PRESENT,,ABSENT,,ABSENT,,ABSENT,records/proxies/lv3_strong.dbr,PRESENT,5,6,0,0,0.0,records/proxies/proxypoolequation_01.dbr,False,0.375000,200,152,trash
records/proxies/poolsbasicgdx1/basilisk_t3.dbr,sm1,sm1,database/templates/proxypool.tpl,normal,3,records/creatures/enemies/basilisk_c01.dbr,50,PRESENT,2,PRESENT,,ABSENT,,ABSENT,,ABSENT,records/proxies/lv4_champion+.dbr,PRESENT,5,6,0,0,0.0,records/proxies/proxypoolequation_01.dbr,False,0.250000,200,152,trash
records/proxies/poolsbasicgdx1/chthonianrylok_t3.dbr,sm1,sm1,database/templates/proxypool.tpl,normal,1,records/creatures/enemies/chthonianrylok_a01.dbr,100,PRESENT,,ABSENT,30,PRESENT,,ABSENT,,ABSENT,records/proxies/lv3_strong.dbr,PRESENT,4,5,0,0,0.0,records/proxies/proxypoolequation_01.dbr,False,0.235294,425,157,trash
records/proxies/poolsbasicgdx1/chthonianrylok_t3.dbr,sm1,sm1,database/templates/proxypool.tpl,normal,2,records/creatures/enemies/chthonianrylok_b01.dbr,75,PRESENT,3,PRESENT,30,PRESENT,,ABSENT,,ABSENT,records/proxies/lv4_champion+.dbr,PRESENT,4,5,0,0,0.0,records/proxies/proxypoolequation_01.dbr,False,0.176471,425,157,trash
records/proxies/poolsbasicgdx1/chthonianrylok_t3.dbr,sm1,sm1,database/templates/proxypool.tpl,normal,3,records/creatures/enemies/chthonianrylok_c01.dbr,50,PRESENT,1,PRESENT,30,PRESENT,,ABSENT,,ABSENT,records/proxies/lv5_elitechampion.dbr,PRESENT,4,5,0,0,0.0,records/proxies/proxypoolequation_01.dbr,False,0.117647,425,157,trash
records/proxies/poolsbasicgdx1/chthonianrylok_t3.dbr,sm1,sm1,database/templates/proxypool.tpl,normal,4,records/creatures/enemies/chthoniandevourer_a01.dbr,100,PRESENT,,ABSENT,,ABSENT,30,PRESENT,,ABSENT,records/proxies/lv3_strong.dbr,PRESENT,4,5,0,0,0.0,records/proxies/proxypoolequation_01.dbr,False,0.235294,425,157,trash
records/proxies/poolsbasicgdx1/chthonianrylok_t3.dbr,sm1,sm1,database/templates/proxypool.tpl,normal,5,records/creatures/enemies/chthoniandevourer_b01.dbr,100,PRESENT,2,PRESENT,,ABSENT,30,PRESENT,,ABSENT,records/proxies/lv3_strong.dbr,PRESENT,4,5,0,0,0.0,records/proxies/proxypoolequation_01.dbr,False,0.235294,425,157,trash
records/proxies/poolsbasicgdx1/chthonianservitor_t3.dbr,sm1,sm1,database/templates/proxypool.tpl,normal,1,records/creatures/enemies/chthonianservitor_a01.dbr,100,PRESENT,,ABSENT,30,PRESENT,,ABSENT,,ABSENT,records/proxies/lv3_strong.dbr,PRESENT,4,5,0,0,0.0,records/proxies/proxypoolequation_01.dbr,False,0.250000,400,157,trash
records/proxies/poolsbasicgdx1/chthonianservitor_t3.dbr,sm1,sm1,database/templates/proxypool.tpl,normal,2,records/creatures/enemies/chthonianservitor_b01.dbr,75,PRESENT,,ABSENT,30,PRESENT,,ABSENT,,ABSENT,records/proxies/lv4_champion+.dbr,PRESENT,4,5,0,0,0.0,records/proxies/proxypoolequation_01.dbr,False,0.187500,400,157,trash
records/proxies/poolsbasicgdx1/chthonianservitor_t3.dbr,sm1,sm1,database/templates/proxypool.tpl,normal,3,records/creatures/enemies/chthonianservitor_b02.dbr,75,PRESENT,,ABSENT,30,PRESENT,,ABSENT,,ABSENT,records/proxies/lv4_champion+.dbr,PRESENT,4,5,0,0,0.0,records/proxies/proxypoolequation_01.dbr,False,0.187500,400,157,trash
records/proxies/poolsbasicgdx1/chthonianservitor_t3.dbr,sm1,sm1,database/templates/proxypool.tpl,normal,4,records/creatures/enemies/chthonianservitor_c01.dbr,50,PRESENT,1,PRESENT,30,PRESENT,,ABSENT,,ABSENT,records/proxies/lv5_elitechampion.dbr,PRESENT,4,5,0,0,0.0,records/proxies/proxypoolequation_01.dbr,False,0.125000,400,157,trash
records/proxies/poolsbasicgdx1/chthonianservitor_t3.dbr,sm1,sm1,database/templates/proxypool.tpl,normal,5,records/creatures/enemies/chthonianleech_a01.dbr,100,PRESENT,,ABSENT,,ABSENT,30,PRESENT,,ABSENT,records/proxies/lv3_strong.dbr,PRESENT,4,5,0,0,0.0,records/proxies/proxypoolequation_01.dbr,False,0.250000,400,157,trash
records/proxies/poolsbasicgdx1/chthonianwretch_t3.dbr,sm1,sm1,database/templates/proxypool.tpl,normal,1,records/creatures/enemies/chthonianwretch_a01.dbr,75,PRESENT,,ABSENT,,ABSENT,,ABSENT,,ABSENT,records/proxies/lv2_normal.dbr,PRESENT,6,7,0,0,0.0,records/proxies/proxypoolequation_01.dbr,False,0.300000,250,154,trash
records/proxies/poolsbasicgdx1/chthonianwretch_t3.dbr,sm1,sm1,database/templates/proxypool.tpl,normal,2,records/creatures/enemies/chthonianwretch_b01.dbr,100,PRESENT,,ABSENT,,ABSENT,,ABSENT,,ABSENT,records/proxies/lv3_strong.dbr,PRESENT,6,7,0,0,0.0,records/proxies/proxypoolequation_01.dbr,False,0.400000,250,154,trash
records/proxies/poolsbasicgdx1/chthonianwretch_t3.dbr,sm1,sm1,database/templates/proxypool.tpl,normal,3,records/creatures/enemies/chthonianwretch_c01.dbr,75,PRESENT,3,PRESENT,,ABSENT,,ABSENT,,ABSENT,records/proxies/lv4_champion+.dbr,PRESENT,6,7,0,0,0.0,records/proxies/proxypoolequation_01.dbr,False,0.300000,250,154,trash
records/proxies/poolsbasicgdx1/humanwendigo_t3.dbr,sm1,sm1,database/templates/proxypool.tpl,normal,1,records/creatures/enemies/human_wendigo_a01.dbr,50,PRESENT,,ABSENT,,ABSENT,,ABSENT,,ABSENT,records/proxies/lv3_strong.dbr,PRESENT,5,6,0,0,0.0,records/proxies/proxypoolequation_01.dbr,False,0.200000,250,150|156,trash
records/proxies/poolsbasicgdx1/humanwendigo_t3.dbr,sm1,sm1,database/templates/proxypool.tpl,normal,2,records/creatures/enemies/human_wendigo_a02.dbr,50,PRESENT,,ABSENT,,ABSENT,,ABSENT,,ABSENT,records/proxies/lv4_champion+.dbr,PRESENT,5,6,0,0,0.0,records/proxies/proxypoolequation_01.dbr,False,0.200000,250,150|156,trash
records/proxies/poolsbasicgdx1/humanwendigo_t3.dbr,sm1,sm1,database/templates/proxypool.tpl,normal,3,records/creatures/enemies/human_wendigo_b01.dbr,100,PRESENT,3,PRESENT,,ABSENT,,ABSENT,,ABSENT,records/proxies/lv4_champion+.dbr,PRESENT,5,6,0,0,0.0,records/proxies/proxypoolequation_01.dbr,False,0.400000,250,150|156,trash
records/proxies/poolsbasicgdx1/humanwendigo_t3.dbr,sm1,sm1,database/templates/proxypool.tpl,normal,4,records/creatures/enemies/human_wendigo_c01.dbr,50,PRESENT,2,PRESENT,,ABSENT,,ABSENT,,ABSENT,records/proxies/lv3_strong.dbr,PRESENT,5,6,0,0,0.0,records/proxies/proxypoolequation_01.dbr,False,0.200000,250,150|156,trash
records/proxies/poolsbasicgdx1/livingplant_t3.dbr,sm1,sm1,database/templates/proxypool.tpl,normal,1,records/creatures/enemies/livingplant_a01.dbr,100,PRESENT,4,PRESENT,,ABSENT,,ABSENT,,ABSENT,records/proxies/lv3_strong.dbr,PRESENT,3,4,0,0,0.0,records/proxies/proxypoolequation_01.dbr,False,0.666667,150,151|153,trash
records/proxies/poolsbasicgdx1/livingplant_t3.dbr,sm1,sm1,database/templates/proxypool.tpl,normal,2,records/creatures/enemies/swampgolem_a01.dbr,50,PRESENT,,ABSENT,,ABSENT,,ABSENT,,ABSENT,records/proxies/lv4_champion+.dbr,PRESENT,3,4,0,0,0.0,records/proxies/proxypoolequation_01.dbr,False,0.333333,150,151|153,trash
records/proxies/poolsbasicgdx1/swampcrab_t3.dbr,sm1,sm1,database/templates/proxypool.tpl,normal,1,records/creatures/enemies/swampcrab_a01.dbr,100,PRESENT,,ABSENT,,ABSENT,,ABSENT,,ABSENT,records/proxies/lv3_strong.dbr,PRESENT,6,7,0,0,0.0,records/proxies/proxypoolequation_01.dbr,False,0.363636,275,158,trash
records/proxies/poolsbasicgdx1/swampcrab_t3.dbr,sm1,sm1,database/templates/proxypool.tpl,normal,2,records/creatures/enemies/swampcrab_b01.dbr,100,PRESENT,4,PRESENT,,ABSENT,,ABSENT,,ABSENT,records/proxies/lv3_strong.dbr,PRESENT,6,7,0,0,0.0,records/proxies/proxypoolequation_01.dbr,False,0.363636,275,158,trash
records/proxies/poolsbasicgdx1/swampcrab_t3.dbr,sm1,sm1,database/templates/proxypool.tpl,normal,3,records/creatures/enemies/swampcrab_c01.dbr,75,PRESENT,2,PRESENT,,ABSENT,,ABSENT,,ABSENT,records/proxies/lv4_champion+.dbr,PRESENT,6,7,0,0,0.0,records/proxies/proxypoolequation_01.dbr,False,0.272727,275,158,trash
records/proxies/poolsbasicgdx1/swampgolem_t3.dbr,sm1,sm1,database/templates/proxypool.tpl,normal,1,records/creatures/enemies/swampgolem_a01.dbr,100,PRESENT,,ABSENT,,ABSENT,,ABSENT,,ABSENT,records/proxies/lv3_strong.dbr,PRESENT,3,5,0,0,0.0,records/proxies/proxypoolequation_01.dbr,False,0.400000,250,156|157,trash
records/proxies/poolsbasicgdx1/swampgolem_t3.dbr,sm1,sm1,database/templates/proxypool.tpl,normal,2,records/creatures/enemies/swampgolem_b01.dbr,100,PRESENT,3,PRESENT,,ABSENT,,ABSENT,,ABSENT,records/proxies/lv4_champion+.dbr,PRESENT,3,5,0,0,0.0,records/proxies/proxypoolequation_01.dbr,False,0.400000,250,156|157,trash
records/proxies/poolsbasicgdx1/swampgolem_t3.dbr,sm1,sm1,database/templates/proxypool.tpl,normal,3,records/creatures/enemies/swampgolem_c01.dbr,50,PRESENT,2,PRESENT,,ABSENT,,ABSENT,,ABSENT,records/proxies/lv5_elitechampion.dbr,PRESENT,3,5,0,0,0.0,records/proxies/proxypoolequation_01.dbr,False,0.200000,250,156|157,trash
records/proxies/poolsbasicgdx1/wendigo_t3.dbr,sm1,sm1,database/templates/proxypool.tpl,normal,1,records/creatures/enemies/wendigo_a01.dbr,100,PRESENT,,ABSENT,30,PRESENT,,ABSENT,,ABSENT,records/proxies/lv3_strong.dbr,PRESENT,4,5,0,0,0.0,records/proxies/proxypoolequation_01.dbr,False,0.222222,450,153,trash
records/proxies/poolsbasicgdx1/wendigo_t3.dbr,sm1,sm1,database/templates/proxypool.tpl,normal,2,records/creatures/enemies/wendigo_b01.dbr,50,PRESENT,2,PRESENT,30,PRESENT,,ABSENT,,ABSENT,records/proxies/lv4_champion+.dbr,PRESENT,4,5,0,0,0.0,records/proxies/proxypoolequation_01.dbr,False,0.111111,450,153,trash
records/proxies/poolsbasicgdx1/wendigo_t3.dbr,sm1,sm1,database/templates/proxypool.tpl,normal,3,records/creatures/enemies/wendigo_b02.dbr,50,PRESENT,2,PRESENT,30,PRESENT,,ABSENT,,ABSENT,records/proxies/lv4_champion+.dbr,PRESENT,4,5,0,0,0.0,records/proxies/proxypoolequation_01.dbr,False,0.111111,450,153,trash
records/proxies/poolsbasicgdx1/wendigo_t3.dbr,sm1,sm1,database/templates/proxypool.tpl,normal,4,records/creatures/enemies/wendigo_c01.dbr,50,PRESENT,2,PRESENT,30,PRESENT,,ABSENT,,ABSENT,records/proxies/lv5_elitechampion.dbr,PRESENT,4,5,0,0,0.0,records/proxies/proxypoolequation_01.dbr,False,0.111111,450,153,trash
records/proxies/poolsbasicgdx1/wendigo_t3.dbr,sm1,sm1,database/templates/proxypool.tpl,normal,5,records/creatures/enemies/wendigocannibal_a01.dbr,100,PRESENT,,ABSENT,,ABSENT,30,PRESENT,,ABSENT,records/proxies/lv2_normal.dbr,PRESENT,4,5,0,0,0.0,records/proxies/proxypoolequation_01.dbr,False,0.222222,450,153,trash
records/proxies/poolsbasicgdx1/wendigo_t3.dbr,sm1,sm1,database/templates/proxypool.tpl,normal,6,records/creatures/enemies/wendigocannibal_b01.dbr,100,PRESENT,3,PRESENT,,ABSENT,30,PRESENT,,ABSENT,records/proxies/lv3_strong.dbr,PRESENT,4,5,0,0,0.0,records/proxies/proxypoolequation_01.dbr,False,0.222222,450,153,trash
records/proxies/poolsbasicgdx1/wendigocannibal_t3.dbr,sm1,sm1,database/templates/proxypool.tpl,normal,1,records/creatures/enemies/wendigocannibal_a01.dbr,100,PRESENT,,ABSENT,,ABSENT,,ABSENT,,ABSENT,records/proxies/lv2_normal.dbr,PRESENT,6,7,0,0,0.0,records/proxies/proxypoolequation_01.dbr,False,0.444444,225,154,trash
records/proxies/poolsbasicgdx1/wendigocannibal_t3.dbr,sm1,sm1,database/templates/proxypool.tpl,normal,2,records/creatures/enemies/wendigocannibal_b01.dbr,75,PRESENT,3,PRESENT,,ABSENT,,ABSENT,,ABSENT,records/proxies/lv3_strong.dbr,PRESENT,6,7,0,0,0.0,records/proxies/proxypoolequation_01.dbr,False,0.333333,225,154,trash
records/proxies/poolsbasicgdx1/wendigocannibal_t3.dbr,sm1,sm1,database/templates/proxypool.tpl,normal,3,records/creatures/enemies/wendigocannibal_c01.dbr,50,PRESENT,2,PRESENT,,ABSENT,,ABSENT,,ABSENT,records/proxies/lv4_champion+.dbr,PRESENT,6,7,0,0,0.0,records/proxies/proxypoolequation_01.dbr,False,0.222222,225,154,trash
records/proxies/poolsbasicgdx1/wraith_t3.dbr,sm1,sm1,database/templates/proxypool.tpl,normal,1,records/creatures/enemies/wraith_a01.dbr,100,PRESENT,,ABSENT,,ABSENT,,ABSENT,,ABSENT,records/proxies/lv3_strong.dbr,PRESENT,5,6,0,0,0.0,records/proxies/proxypoolequation_01.dbr,False,0.400000,250,150|151,trash
records/proxies/poolsbasicgdx1/wraith_t3.dbr,sm1,sm1,database/templates/proxypool.tpl,normal,2,records/creatures/enemies/wraith_b01.dbr,100,PRESENT,3,PRESENT,,ABSENT,,ABSENT,,ABSENT,records/proxies/lv4_champion+.dbr,PRESENT,5,6,0,0,0.0,records/proxies/proxypoolequation_01.dbr,False,0.400000,250,150|151,trash
records/proxies/poolsbasicgdx1/wraith_t3.dbr,sm1,sm1,database/templates/proxypool.tpl,normal,3,records/creatures/enemies/wraith_c01.dbr,50,PRESENT,2,PRESENT,,ABSENT,,ABSENT,,ABSENT,records/proxies/lv4_champion+.dbr,PRESENT,5,6,0,0,0.0,records/proxies/proxypoolequation_01.dbr,False,0.200000,250,150|151,trash
records/proxies/poolsbasicgdx2/eldritcharmor_fire_t3.dbr,sm2,sm2,database/templates/proxypool.tpl,normal,1,records/creatures/enemies/eldritcharmor_a01.dbr,100,PRESENT,,ABSENT,,ABSENT,,ABSENT,,ABSENT,records/proxies/lv2_normal.dbr,PRESENT,6,7,0,0,0.0,records/proxies/proxypoolequation_01.dbr,False,0.444444,225,154,trash
records/proxies/poolsbasicgdx2/eldritcharmor_fire_t3.dbr,sm2,sm2,database/templates/proxypool.tpl,normal,2,records/creatures/enemies/eldritcharmor_b01.dbr,75,PRESENT,3,PRESENT,,ABSENT,,ABSENT,,ABSENT,records/proxies/lv3_strong.dbr,PRESENT,6,7,0,0,0.0,records/proxies/proxypoolequation_01.dbr,False,0.333333,225,154,trash
records/proxies/poolsbasicgdx2/eldritcharmor_fire_t3.dbr,sm2,sm2,database/templates/proxypool.tpl,normal,3,records/creatures/enemies/eldritcharmor_c01.dbr,50,PRESENT,2,PRESENT,,ABSENT,,ABSENT,,ABSENT,records/proxies/lv4_champion+.dbr,PRESENT,6,7,0,0,0.0,records/proxies/proxypoolequation_01.dbr,False,0.222222,225,154,trash
records/proxies/poolsbasicgdx2/eldritchwraith_t3.dbr,sm2,sm2,database/templates/proxypool.tpl,normal,1,records/creatures/enemies/eldritchwraith_a01.dbr,100,PRESENT,,ABSENT,,ABSENT,,ABSENT,,ABSENT,records/proxies/lv3_strong.dbr,PRESENT,5,6,0,0,0.0,records/proxies/proxypoolequation_01.dbr,False,0.400000,250,155,trash
records/proxies/poolsbasicgdx2/eldritchwraith_t3.dbr,sm2,sm2,database/templates/proxypool.tpl,normal,2,records/creatures/enemies/eldritchwraith_b01.dbr,100,PRESENT,3,PRESENT,,ABSENT,,ABSENT,,ABSENT,records/proxies/lv4_champion+.dbr,PRESENT,5,6,0,0,0.0,records/proxies/proxypoolequation_01.dbr,False,0.400000,250,155,trash
records/proxies/poolsbasicgdx2/eldritchwraith_t3.dbr,sm2,sm2,database/templates/proxypool.tpl,normal,3,records/creatures/enemies/eldritchwraith_c01.dbr,50,PRESENT,2,PRESENT,,ABSENT,,ABSENT,,ABSENT,records/proxies/lv4_champion+.dbr,PRESENT,5,6,0,0,0.0,records/proxies/proxypoolequation_01.dbr,False,0.200000,250,155,trash
records/proxies/poolsbasicgdx2/gargoyle_t3.dbr,sm2,sm2,database/templates/proxypool.tpl,normal,1,records/creatures/enemies/gargoyle_a01.dbr,100,PRESENT,2,PRESENT,30,PRESENT,,ABSENT,,ABSENT,records/proxies/lv4_champion+.dbr,PRESENT,3,4,0,0,0.0,records/proxies/proxypoolequation_01.dbr,False,0.307692,325,157,trash
records/proxies/poolsbasicgdx2/gargoyle_t3.dbr,sm2,sm2,database/templates/proxypool.tpl,normal,2,records/creatures/enemies/gargoyle_b01.dbr,75,PRESENT,1,PRESENT,30,PRESENT,,ABSENT,,ABSENT,records/proxies/lv5_elitechampion.dbr,PRESENT,3,4,0,0,0.0,records/proxies/proxypoolequation_01.dbr,False,0.230769,325,157,trash
records/proxies/poolsbasicgdx2/gargoyle_t3.dbr,sm2,sm2,database/templates/proxypool.tpl,normal,3,records/creatures/enemies/gargoyle_c01.dbr,50,PRESENT,2,PRESENT,30,PRESENT,,ABSENT,,ABSENT,records/proxies/lv5_elitechampion.dbr,PRESENT,3,4,0,0,0.0,records/proxies/proxypoolequation_01.dbr,False,0.153846,325,157,trash
records/proxies/poolsbasicgdx2/gargoyle_t3.dbr,sm2,sm2,database/templates/proxypool.tpl,normal,4,records/creatures/enemies/sandlizard_eldritch_b01.dbr,33,PRESENT,,ABSENT,,ABSENT,30,PRESENT,,ABSENT,records/proxies/lv3_strong.dbr,PRESENT,3,4,0,0,0.0,records/proxies/proxypoolequation_01.dbr,False,0.101538,325,157,trash
records/proxies/poolsbasicgdx2/gargoyle_t3.dbr,sm2,sm2,database/templates/proxypool.tpl,normal,5,records/creatures/enemies/sandlizard_eldritch_b02.dbr,34,PRESENT,,ABSENT,,ABSENT,30,PRESENT,,ABSENT,records/proxies/lv3_strong.dbr,PRESENT,3,4,0,0,0.0,records/proxies/proxypoolequation_01.dbr,False,0.104615,325,157,trash
records/proxies/poolsbasicgdx2/gargoyle_t3.dbr,sm2,sm2,database/templates/proxypool.tpl,normal,6,records/creatures/enemies/sandlizard_eldritch_c01.dbr,33,PRESENT,,ABSENT,,ABSENT,30,PRESENT,,ABSENT,records/proxies/lv3_strong.dbr,PRESENT,3,4,0,0,0.0,records/proxies/proxypoolequation_01.dbr,False,0.101538,325,157,trash
records/proxies/poolsbasicgdx2/sandlizard_eldritch_t3.dbr,sm2,sm2,database/templates/proxypool.tpl,normal,1,records/creatures/enemies/sandlizard_eldritch_a01.dbr,100,PRESENT,,ABSENT,,ABSENT,,ABSENT,,ABSENT,records/proxies/lv2_normal.dbr,PRESENT,5,6,0,0,0.0,records/proxies/proxypoolequation_01.dbr,False,0.400000,250,158,trash
records/proxies/poolsbasicgdx2/sandlizard_eldritch_t3.dbr,sm2,sm2,database/templates/proxypool.tpl,normal,2,records/creatures/enemies/sandlizard_eldritch_b01.dbr,50,PRESENT,4,PRESENT,,ABSENT,,ABSENT,,ABSENT,records/proxies/lv3_strong.dbr,PRESENT,5,6,0,0,0.0,records/proxies/proxypoolequation_01.dbr,False,0.200000,250,158,trash
records/proxies/poolsbasicgdx2/sandlizard_eldritch_t3.dbr,sm2,sm2,database/templates/proxypool.tpl,normal,3,records/creatures/enemies/sandlizard_eldritch_b02.dbr,50,PRESENT,4,PRESENT,,ABSENT,,ABSENT,,ABSENT,records/proxies/lv3_strong.dbr,PRESENT,5,6,0,0,0.0,records/proxies/proxypoolequation_01.dbr,False,0.200000,250,158,trash
records/proxies/poolsbasicgdx2/sandlizard_eldritch_t3.dbr,sm2,sm2,database/templates/proxypool.tpl,normal,4,records/creatures/enemies/sandlizard_eldritch_c01.dbr,50,PRESENT,2,PRESENT,30,PRESENT,,ABSENT,,ABSENT,records/proxies/lv5_elitechampion.dbr,PRESENT,5,6,0,0,0.0,records/proxies/proxypoolequation_01.dbr,False,0.200000,250,158,trash
records/proxies/poolsbasicgdx2/sandlizard_t3.dbr,sm2,sm2,database/templates/proxypool.tpl,normal,1,records/creatures/enemies/sandlizard_a01.dbr,100,PRESENT,,ABSENT,,ABSENT,,ABSENT,,ABSENT,records/proxies/lv2_normal.dbr,PRESENT,5,6,0,0,0.0,records/proxies/proxypoolequation_01.dbr,False,0.400000,250,158,trash
records/proxies/poolsbasicgdx2/sandlizard_t3.dbr,sm2,sm2,database/templates/proxypool.tpl,normal,2,records/creatures/enemies/sandlizard_b01.dbr,50,PRESENT,4,PRESENT,,ABSENT,,ABSENT,,ABSENT,records/proxies/lv3_strong.dbr,PRESENT,5,6,0,0,0.0,records/proxies/proxypoolequation_01.dbr,False,0.200000,250,158,trash
records/proxies/poolsbasicgdx2/sandlizard_t3.dbr,sm2,sm2,database/templates/proxypool.tpl,normal,3,records/creatures/enemies/sandlizard_b02.dbr,50,PRESENT,4,PRESENT,,ABSENT,,ABSENT,,ABSENT,records/proxies/lv3_strong.dbr,PRESENT,5,6,0,0,0.0,records/proxies/proxypoolequation_01.dbr,False,0.200000,250,158,trash
records/proxies/poolsbasicgdx2/sandlizard_t3.dbr,sm2,sm2,database/templates/proxypool.tpl,normal,4,records/creatures/enemies/sandlizard_c01.dbr,50,PRESENT,2,PRESENT,30,PRESENT,,ABSENT,,ABSENT,records/proxies/lv5_elitechampion.dbr,PRESENT,5,6,0,0,0.0,records/proxies/proxypoolequation_01.dbr,False,0.200000,250,158,trash
records/proxies/poolsbasicgdx2/sandlizard_volcanic_t3.dbr,sm2,sm2,database/templates/proxypool.tpl,normal,1,records/creatures/enemies/sandlizard_volcanic_a01.dbr,100,PRESENT,,ABSENT,,ABSENT,,ABSENT,,ABSENT,records/proxies/lv2_normal.dbr,PRESENT,5,6,0,0,0.0,records/proxies/proxypoolequation_01.dbr,False,0.400000,250,158,trash
records/proxies/poolsbasicgdx2/sandlizard_volcanic_t3.dbr,sm2,sm2,database/templates/proxypool.tpl,normal,2,records/creatures/enemies/sandlizard_volcanic_b01.dbr,50,PRESENT,4,PRESENT,,ABSENT,,ABSENT,,ABSENT,records/proxies/lv3_strong.dbr,PRESENT,5,6,0,0,0.0,records/proxies/proxypoolequation_01.dbr,False,0.200000,250,158,trash
records/proxies/poolsbasicgdx2/sandlizard_volcanic_t3.dbr,sm2,sm2,database/templates/proxypool.tpl,normal,3,records/creatures/enemies/sandlizard_volcanic_b02.dbr,50,PRESENT,4,PRESENT,,ABSENT,,ABSENT,,ABSENT,records/proxies/lv3_strong.dbr,PRESENT,5,6,0,0,0.0,records/proxies/proxypoolequation_01.dbr,False,0.200000,250,158,trash
records/proxies/poolsbasicgdx2/sandlizard_volcanic_t3.dbr,sm2,sm2,database/templates/proxypool.tpl,normal,4,records/creatures/enemies/sandlizard_volcanic_c01.dbr,50,PRESENT,2,PRESENT,30,PRESENT,,ABSENT,,ABSENT,records/proxies/lv5_elitechampion.dbr,PRESENT,5,6,0,0,0.0,records/proxies/proxypoolequation_01.dbr,False,0.200000,250,158,trash
records/proxies/poolsbasicgdx2/statue_t3.dbr,sm2,sm2,database/templates/proxypool.tpl,normal,1,records/creatures/enemies/statue_a01.dbr,100,PRESENT,2,PRESENT,30,PRESENT,,ABSENT,,ABSENT,records/proxies/lv4_champion+.dbr,PRESENT,3,4,0,0,0.0,records/proxies/proxypoolequation_01.dbr,False,0.181818,550,156,trash
records/proxies/poolsbasicgdx2/statue_t3.dbr,sm2,sm2,database/templates/proxypool.tpl,normal,2,records/creatures/enemies/statue_a02.dbr,100,PRESENT,2,PRESENT,30,PRESENT,,ABSENT,,ABSENT,records/proxies/lv4_champion.dbr,PRESENT,3,4,0,0,0.0,records/proxies/proxypoolequation_01.dbr,False,0.181818,550,156,trash
records/proxies/poolsbasicgdx2/statue_t3.dbr,sm2,sm2,database/templates/proxypool.tpl,normal,3,records/creatures/enemies/statue_b01.dbr,75,PRESENT,2,PRESENT,30,PRESENT,,ABSENT,,ABSENT,records/proxies/lv4_champion.dbr,PRESENT,3,4,0,0,0.0,records/proxies/proxypoolequation_01.dbr,False,0.136364,550,156,trash
records/proxies/poolsbasicgdx2/statue_t3.dbr,sm2,sm2,database/templates/proxypool.tpl,normal,4,records/creatures/enemies/statue_b02.dbr,75,PRESENT,2,PRESENT,30,PRESENT,,ABSENT,,ABSENT,records/proxies/lv4_champion.dbr,PRESENT,3,4,0,0,0.0,records/proxies/proxypoolequation_01.dbr,False,0.136364,550,156,trash
records/proxies/poolsbasicgdx2/statue_t3.dbr,sm2,sm2,database/templates/proxypool.tpl,normal,5,records/creatures/enemies/statue_c01.dbr,50,PRESENT,1,PRESENT,,ABSENT,30,PRESENT,,ABSENT,records/proxies/lv5_elitechampion.dbr,PRESENT,3,4,0,0,0.0,records/proxies/proxypoolequation_01.dbr,False,0.090909,550,156,trash
records/proxies/poolsbasicgdx2/statue_t3.dbr,sm2,sm2,database/templates/proxypool.tpl,normal,6,records/creatures/enemies/statue_c02.dbr,50,PRESENT,1,PRESENT,30,PRESENT,,ABSENT,,ABSENT,records/proxies/lv5_elitechampion.dbr,PRESENT,3,4,0,0,0.0,records/proxies/proxypoolequation_01.dbr,False,0.090909,550,156,trash
records/proxies/poolsbasicgdx2/statue_t3.dbr,sm2,sm2,database/templates/proxypool.tpl,normal,7,records/creatures/enemies/eldritchwraith_a01.dbr,50,PRESENT,,ABSENT,,ABSENT,30,PRESENT,,ABSENT,records/proxies/lv3_strong.dbr,PRESENT,3,4,0,0,0.0,records/proxies/proxypoolequation_01.dbr,False,0.090909,550,156,trash
records/proxies/poolsbasicgdx2/statue_t3.dbr,sm2,sm2,database/templates/proxypool.tpl,normal,8,records/creatures/enemies/eldritchwraith_b01.dbr,50,PRESENT,,ABSENT,,ABSENT,30,PRESENT,,ABSENT,records/proxies/lv3_strong.dbr,PRESENT,3,4,0,0,0.0,records/proxies/proxypoolequation_01.dbr,False,0.090909,550,156,trash
records/proxies/poolsbasicgdx3/chthonianherald_t3.dbr,sm3,sm3,database/templates/proxypool.tpl,normal,1,records/creatures/enemies/chthonianherald_a01.dbr,100,PRESENT,2,PRESENT,35,PRESENT,,ABSENT,,ABSENT,records/proxies/lv3_strong.dbr,PRESENT,5,6,0,0,0.0,records/proxies/proxypoolequation_01.dbr,False,0.181818,550,156,trash
records/proxies/poolsbasicgdx3/chthonianherald_t3.dbr,sm3,sm3,database/templates/proxypool.tpl,normal,2,records/creatures/enemies/chthonianherald_b01.dbr,100,PRESENT,1,PRESENT,40,PRESENT,,ABSENT,,ABSENT,records/proxies/lv4_champion+.dbr,PRESENT,5,6,0,0,0.0,records/proxies/proxypoolequation_01.dbr,False,0.181818,550,156,trash
records/proxies/poolsbasicgdx3/chthonianherald_t3.dbr,sm3,sm3,database/templates/proxypool.tpl,normal,3,records/creatures/enemies/chthonianherald_c01.dbr,50,PRESENT,1,PRESENT,55,PRESENT,,ABSENT,,ABSENT,records/proxies/lv5_elitechampion.dbr,PRESENT,5,6,0,0,0.0,records/proxies/proxypoolequation_01.dbr,False,0.090909,550,156,trash
records/proxies/poolsbasicgdx3/chthonianherald_t3.dbr,sm3,sm3,database/templates/proxypool.tpl,normal,4,records/creatures/enemies/chthonianwretch_a01.dbr,100,PRESENT,,ABSENT,,ABSENT,,ABSENT,,ABSENT,records/proxies/lv3_strong.dbr,PRESENT,5,6,0,0,0.0,records/proxies/proxypoolequation_01.dbr,False,0.181818,550,156,trash
records/proxies/poolsbasicgdx3/chthonianherald_t3.dbr,sm3,sm3,database/templates/proxypool.tpl,normal,5,records/creatures/enemies/chthonianwretch_b01.dbr,100,PRESENT,2,PRESENT,,ABSENT,,ABSENT,,ABSENT,records/proxies/lv3_strong.dbr,PRESENT,5,6,0,0,0.0,records/proxies/proxypoolequation_01.dbr,False,0.181818,550,156,trash
records/proxies/poolsbasicgdx3/chthonianherald_t3.dbr,sm3,sm3,database/templates/proxypool.tpl,normal,6,records/creatures/enemies/chthonianwretch_c01.dbr,100,PRESENT,2,PRESENT,,ABSENT,,ABSENT,,ABSENT,records/proxies/lv3_strong.dbr,PRESENT,5,6,0,0,0.0,records/proxies/proxypoolequation_01.dbr,False,0.181818,550,156,trash
records/proxies/poolsbasicgdx3/giant_t3.dbr,sm3,sm3,database/templates/proxypool.tpl,normal,1,records/creatures/enemies/giant_a01.dbr,150,PRESENT,2,PRESENT,,ABSENT,,ABSENT,,ABSENT,records/proxies/lv3_strong.dbr,PRESENT,5,6,0,0,0.0,records/proxies/proxypoolequation_01.dbr,False,0.346420,433,153,trash
records/proxies/poolsbasicgdx3/giant_t3.dbr,sm3,sm3,database/templates/proxypool.tpl,normal,2,records/creatures/enemies/giant_b01.dbr,75,PRESENT,2,PRESENT,,ABSENT,,ABSENT,,ABSENT,records/proxies/lv4_champion+.dbr,PRESENT,5,6,0,0,0.0,records/proxies/proxypoolequation_01.dbr,False,0.173210,433,153,trash
records/proxies/poolsbasicgdx3/giant_t3.dbr,sm3,sm3,database/templates/proxypool.tpl,normal,3,records/creatures/enemies/giant_c01.dbr,33,PRESENT,1,PRESENT,55,PRESENT,,ABSENT,,ABSENT,records/proxies/lv5_elitechampion.dbr,PRESENT,5,6,0,0,0.0,records/proxies/proxypoolequation_01.dbr,False,0.076212,433,153,trash
records/proxies/poolsbasicgdx3/giant_t3.dbr,sm3,sm3,database/templates/proxypool.tpl,normal,4,records/creatures/enemies/groblefrost_a01.dbr,50,PRESENT,,ABSENT,,ABSENT,,ABSENT,,ABSENT,records/proxies/lv2_normal.dbr,PRESENT,5,6,0,0,0.0,records/proxies/proxypoolequation_01.dbr,False,0.115473,433,153,trash
records/proxies/poolsbasicgdx3/giant_t3.dbr,sm3,sm3,database/templates/proxypool.tpl,normal,5,records/creatures/enemies/groblefrost_a02.dbr,50,PRESENT,,ABSENT,,ABSENT,,ABSENT,,ABSENT,records/proxies/lv2_normal.dbr,PRESENT,5,6,0,0,0.0,records/proxies/proxypoolequation_01.dbr,False,0.115473,433,153,trash
records/proxies/poolsbasicgdx3/giant_t3.dbr,sm3,sm3,database/templates/proxypool.tpl,normal,6,records/creatures/enemies/groblefrost_b01.dbr,75,PRESENT,2,PRESENT,,ABSENT,,ABSENT,,ABSENT,records/proxies/lv3_strong.dbr,PRESENT,5,6,0,0,0.0,records/proxies/proxypoolequation_01.dbr,False,0.173210,433,153,trash
records/proxies/poolsbasicgdx3/thornedhorrorfrost_t3.dbr,sm3,sm3,database/templates/proxypool.tpl,normal,1,records/creatures/enemies/thornedhorrorfrost_a01.dbr,100,PRESENT,,ABSENT,,ABSENT,,ABSENT,,ABSENT,records/proxies/lv2_normal.dbr,PRESENT,5,6,0,0,0.0,records/proxies/proxypoolequation_01.dbr,False,0.400000,250,152,trash
records/proxies/poolsbasicgdx3/thornedhorrorfrost_t3.dbr,sm3,sm3,database/templates/proxypool.tpl,normal,2,records/creatures/enemies/thornedhorrorfrost_b01.dbr,100,PRESENT,2,PRESENT,,ABSENT,,ABSENT,,ABSENT,records/proxies/lv3_strong.dbr,PRESENT,5,6,0,0,0.0,records/proxies/proxypoolequation_01.dbr,False,0.400000,250,152,trash
records/proxies/poolsbasicgdx3/thornedhorrorfrost_t3.dbr,sm3,sm3,database/templates/proxypool.tpl,normal,3,records/creatures/enemies/thornedhorrorfrost_c01.dbr,50,PRESENT,2,PRESENT,35,PRESENT,,ABSENT,,ABSENT,records/proxies/lv4_champion+.dbr,PRESENT,5,6,0,0,0.0,records/proxies/proxypoolequation_01.dbr,False,0.200000,250,152,trash
records/proxies/poolsbasicgdx3/yetidire_t3.dbr,sm3,sm3,database/templates/proxypool.tpl,normal,1,records/creatures/enemies/yetidire_a01.dbr,100,PRESENT,,ABSENT,,ABSENT,,ABSENT,,ABSENT,records/proxies/lv2_normal.dbr,PRESENT,5,6,0,0,0.0,records/proxies/proxypoolequation_01.dbr,False,0.353357,283,157,trash
records/proxies/poolsbasicgdx3/yetidire_t3.dbr,sm3,sm3,database/templates/proxypool.tpl,normal,2,records/creatures/enemies/yetidire_b01.dbr,75,PRESENT,2,PRESENT,,ABSENT,,ABSENT,,ABSENT,records/proxies/lv3_strong.dbr,PRESENT,5,6,0,0,0.0,records/proxies/proxypoolequation_01.dbr,False,0.265018,283,157,trash
records/proxies/poolsbasicgdx3/yetidire_t3.dbr,sm3,sm3,database/templates/proxypool.tpl,normal,3,records/creatures/enemies/yetidire_b02.dbr,75,PRESENT,2,PRESENT,,ABSENT,,ABSENT,,ABSENT,records/proxies/lv3_strong.dbr,PRESENT,5,6,0,0,0.0,records/proxies/proxypoolequation_01.dbr,False,0.265018,283,157,trash
records/proxies/poolsbasicgdx3/yetidire_t3.dbr,sm3,sm3,database/templates/proxypool.tpl,normal,4,records/creatures/enemies/yetidire_c01.dbr,33,PRESENT,2,PRESENT,30,PRESENT,,ABSENT,,ABSENT,records/proxies/lv4_champion+.dbr,PRESENT,5,6,0,0,0.0,records/proxies/proxypoolequation_01.dbr,False,0.116608,283,157,trash
records/proxies/poolsboss/aetherial_fleshhulk_quarry.dbr,sm_mod,sm_mod,database/templates/proxypool.tpl,normal,1,records/creatures/enemies/boss&quest/aetherial_fleshhulk_mine.dbr,100,PRESENT,1,PRESENT,,ABSENT,,ABSENT,,ABSENT,records/proxies/lv7_uber hero.dbr,PRESENT,1,1,0,0,0.0,records/proxies/proxypoolequation_01.dbr,,1.000000,100,159,BOSS
records/proxies/poolsboss/chthonian_bloodlord.dbr,sm_mod,sm_mod,database/templates/proxypool.tpl,normal,1,records/creatures/enemies/boss&quest/cultist_cultleader_01.dbr,100,PRESENT,1,PRESENT,,ABSENT,,ABSENT,,ABSENT,records/proxies/lv7_uber hero.dbr,PRESENT,1,1,0,0,0.0,records/proxies/proxypoolequation_01.dbr,,1.000000,100,154,BOSS
records/proxies/poolsboss/ghoul_nercropolis.dbr,sm_mod,sm_mod,database/templates/proxypool.tpl,normal,1,records/creatures/enemies/boss&quest/ghoul_necropolis_01.dbr,100,PRESENT,1,PRESENT,,ABSENT,,ABSENT,True,PRESENT,records/proxies/lv7_uber hero.dbr,PRESENT,1,1,0,0,0.0,records/proxies/proxypoolequation_01.dbr,,1.000000,100,157,BOSS
records/proxies/poolsboss/manticore_matriarch.dbr,sm_mod,sm_mod,database/templates/proxypool.tpl,normal,1,records/creatures/enemies/boss&quest/manticore_jaggedwaste_01.dbr,100,PRESENT,1,PRESENT,,ABSENT,,ABSENT,,ABSENT,records/proxies/lv7_uber hero.dbr,PRESENT,1,1,0,0,0.0,records/proxies/proxypoolequation_01.dbr,,1.000000,100,159,BOSS
records/proxies/poolsboss/nemesis_all.dbr,sm3,sm3,database/templates/proxypool.tpl,normal,1,records/creatures/enemies/nemesis/nemesis_aetherial_01.dbr,100,PRESENT,1,PRESENT,,ABSENT,,ABSENT,,ABSENT,records/proxies/lv8_boss+.dbr,PRESENT,1,1,0,0,0.0,records/proxies/proxypoolequation_01.dbr,True,0.100000,1000,150|160,BOSS
records/proxies/poolsboss/nemesis_all.dbr,sm3,sm3,database/templates/proxypool.tpl,normal,2,records/creatures/enemies/nemesis/nemesis_chthonian_02.dbr,100,PRESENT,1,PRESENT,,ABSENT,,ABSENT,,ABSENT,records/proxies/lv8_boss+.dbr,PRESENT,1,1,0,0,0.0,records/proxies/proxypoolequation_01.dbr,True,0.100000,1000,150|160,BOSS
records/proxies/poolsboss/nemesis_all.dbr,sm3,sm3,database/templates/proxypool.tpl,normal,3,records/creatures/enemies/nemesis/nemesis_orderdeathsvigil_01.dbr,100,PRESENT,1,PRESENT,,ABSENT,,ABSENT,,ABSENT,records/proxies/lv8_boss+.dbr,PRESENT,1,1,0,0,0.0,records/proxies/proxypoolequation_01.dbr,True,0.100000,1000,150|160,BOSS
records/proxies/poolsboss/nemesis_all.dbr,sm3,sm3,database/templates/proxypool.tpl,normal,4,records/creatures/enemies/nemesis/nemesis_outlaw_01.dbr,100,PRESENT,1,PRESENT,,ABSENT,,ABSENT,,ABSENT,records/proxies/lv8_boss+.dbr,PRESENT,1,1,0,0,0.0,records/proxies/proxypoolequation_01.dbr,True,0.100000,1000,150|160,BOSS
records/proxies/poolsboss/nemesis_all.dbr,sm3,sm3,database/templates/proxypool.tpl,normal,5,records/creatures/enemies/nemesis/nemesis_undead_02b.dbr,100,PRESENT,1,PRESENT,,ABSENT,,ABSENT,,ABSENT,records/proxies/lv8_boss+.dbr,PRESENT,1,1,0,0,0.0,records/proxies/proxypoolequation_01.dbr,True,0.100000,1000,150|160,BOSS
records/proxies/poolsboss/nemesis_all.dbr,sm3,sm3,database/templates/proxypool.tpl,normal,6,records/creatures/enemies/nemesis/nemesis_kymon_02.dbr,100,PRESENT,1,PRESENT,,ABSENT,,ABSENT,,ABSENT,records/proxies/lv8_boss+.dbr,PRESENT,1,1,0,0,0.0,records/proxies/proxypoolequation_01.dbr,True,0.100000,1000,150|160,BOSS
records/proxies/poolsboss/nemesis_all.dbr,sm3,sm3,database/templates/proxypool.tpl,normal,7,records/creatures/enemies/nemesis/nemesis_undead_01.dbr,100,PRESENT,1,PRESENT,,ABSENT,,ABSENT,,ABSENT,records/proxies/lv8_boss+.dbr,PRESENT,1,1,0,0,0.0,records/proxies/proxypoolequation_01.dbr,True,0.100000,1000,150|160,BOSS
records/proxies/poolsboss/nemesis_all.dbr,sm3,sm3,database/templates/proxypool.tpl,normal,8,records/creatures/enemies/nemesis/nemesis_kymon_01.dbr,100,PRESENT,1,PRESENT,,ABSENT,,ABSENT,,ABSENT,records/proxies/lv8_boss+.dbr,PRESENT,1,1,0,0,0.0,records/proxies/proxypoolequation_01.dbr,True,0.100000,1000,150|160,BOSS
records/proxies/poolsboss/nemesis_all.dbr,sm3,sm3,database/templates/proxypool.tpl,normal,9,records/creatures/enemies/nemesis/nemesis_orderdeathsvigil_02.dbr,100,PRESENT,1,PRESENT,,ABSENT,,ABSENT,,ABSENT,records/proxies/lv8_boss+.dbr,PRESENT,1,1,0,0,0.0,records/proxies/proxypoolequation_01.dbr,True,0.100000,1000,150|160,BOSS
records/proxies/poolsboss/nemesis_all.dbr,sm3,sm3,database/templates/proxypool.tpl,normal,10,records/creatures/enemies/nemesis/nemesis_outlaw_02.dbr,100,PRESENT,1,PRESENT,,ABSENT,,ABSENT,,ABSENT,records/proxies/lv8_boss+.dbr,PRESENT,1,1,0,0,0.0,records/proxies/proxypoolequation_01.dbr,True,0.100000,1000,150|160,BOSS
records/proxies/poolsboss/nemesis_all_nokymon.dbr,sm3,sm3,database/templates/proxypool.tpl,normal,1,records/creatures/enemies/nemesis/nemesis_aetherial_01.dbr,100,PRESENT,1,PRESENT,,ABSENT,,ABSENT,,ABSENT,records/proxies/lv8_boss+.dbr,PRESENT,1,1,0,0,0.0,records/proxies/proxypoolequation_01.dbr,True,0.125000,800,150,BOSS
records/proxies/poolsboss/nemesis_all_nokymon.dbr,sm3,sm3,database/templates/proxypool.tpl,normal,2,records/creatures/enemies/nemesis/nemesis_chthonian_02.dbr,100,PRESENT,1,PRESENT,,ABSENT,,ABSENT,,ABSENT,records/proxies/lv8_boss+.dbr,PRESENT,1,1,0,0,0.0,records/proxies/proxypoolequation_01.dbr,True,0.125000,800,150,BOSS
records/proxies/poolsboss/nemesis_all_nokymon.dbr,sm3,sm3,database/templates/proxypool.tpl,normal,3,records/creatures/enemies/nemesis/nemesis_orderdeathsvigil_01.dbr,100,PRESENT,1,PRESENT,,ABSENT,,ABSENT,,ABSENT,records/proxies/lv8_boss+.dbr,PRESENT,1,1,0,0,0.0,records/proxies/proxypoolequation_01.dbr,True,0.125000,800,150,BOSS
records/proxies/poolsboss/nemesis_all_nokymon.dbr,sm3,sm3,database/templates/proxypool.tpl,normal,4,records/creatures/enemies/nemesis/nemesis_outlaw_01.dbr,100,PRESENT,1,PRESENT,,ABSENT,,ABSENT,,ABSENT,records/proxies/lv8_boss+.dbr,PRESENT,1,1,0,0,0.0,records/proxies/proxypoolequation_01.dbr,True,0.125000,800,150,BOSS
records/proxies/poolsboss/nemesis_all_nokymon.dbr,sm3,sm3,database/templates/proxypool.tpl,normal,5,records/creatures/enemies/nemesis/nemesis_undead_02b.dbr,100,PRESENT,1,PRESENT,,ABSENT,,ABSENT,,ABSENT,records/proxies/lv8_boss+.dbr,PRESENT,1,1,0,0,0.0,records/proxies/proxypoolequation_01.dbr,True,0.125000,800,150,BOSS
records/proxies/poolsboss/nemesis_all_nokymon.dbr,sm3,sm3,database/templates/proxypool.tpl,normal,6,records/creatures/enemies/nemesis/nemesis_orderdeathsvigil_02.dbr,100,PRESENT,1,PRESENT,,ABSENT,,ABSENT,,ABSENT,records/proxies/lv8_boss+.dbr,PRESENT,1,1,0,0,0.0,records/proxies/proxypoolequation_01.dbr,True,0.125000,800,150,BOSS
records/proxies/poolsboss/nemesis_all_nokymon.dbr,sm3,sm3,database/templates/proxypool.tpl,normal,7,records/creatures/enemies/nemesis/nemesis_outlaw_02.dbr,100,PRESENT,1,PRESENT,,ABSENT,,ABSENT,,ABSENT,records/proxies/lv8_boss+.dbr,PRESENT,1,1,0,0,0.0,records/proxies/proxypoolequation_01.dbr,True,0.125000,800,150,BOSS
records/proxies/poolsboss/nemesis_all_nokymon.dbr,sm3,sm3,database/templates/proxypool.tpl,normal,8,records/creatures/enemies/nemesis/nemesis_undead_01.dbr,100,PRESENT,1,PRESENT,,ABSENT,,ABSENT,,ABSENT,records/proxies/lv8_boss+.dbr,PRESENT,1,1,0,0,0.0,records/proxies/proxypoolequation_01.dbr,True,0.125000,800,150,BOSS
records/proxies/poolsboss/nemesis_all_nooutlaw.dbr,sm3,sm3,database/templates/proxypool.tpl,normal,1,records/creatures/enemies/nemesis/nemesis_aetherial_01.dbr,100,PRESENT,1,PRESENT,,ABSENT,,ABSENT,,ABSENT,records/proxies/lv8_boss+.dbr,PRESENT,1,1,0,0,0.0,records/proxies/proxypoolequation_01.dbr,True,0.125000,800,150,BOSS
records/proxies/poolsboss/nemesis_all_nooutlaw.dbr,sm3,sm3,database/templates/proxypool.tpl,normal,2,records/creatures/enemies/nemesis/nemesis_chthonian_02.dbr,100,PRESENT,1,PRESENT,,ABSENT,,ABSENT,,ABSENT,records/proxies/lv8_boss+.dbr,PRESENT,1,1,0,0,0.0,records/proxies/proxypoolequation_01.dbr,True,0.125000,800,150,BOSS
records/proxies/poolsboss/nemesis_all_nooutlaw.dbr,sm3,sm3,database/templates/proxypool.tpl,normal,3,records/creatures/enemies/nemesis/nemesis_orderdeathsvigil_01.dbr,100,PRESENT,1,PRESENT,,ABSENT,,ABSENT,,ABSENT,records/proxies/lv8_boss+.dbr,PRESENT,1,1,0,0,0.0,records/proxies/proxypoolequation_01.dbr,True,0.125000,800,150,BOSS
records/proxies/poolsboss/nemesis_all_nooutlaw.dbr,sm3,sm3,database/templates/proxypool.tpl,normal,4,records/creatures/enemies/nemesis/nemesis_kymon_02.dbr,100,PRESENT,1,PRESENT,,ABSENT,,ABSENT,,ABSENT,records/proxies/lv8_boss+.dbr,PRESENT,1,1,0,0,0.0,records/proxies/proxypoolequation_01.dbr,True,0.125000,800,150,BOSS
records/proxies/poolsboss/nemesis_all_nooutlaw.dbr,sm3,sm3,database/templates/proxypool.tpl,normal,5,records/creatures/enemies/nemesis/nemesis_undead_02b.dbr,100,PRESENT,1,PRESENT,,ABSENT,,ABSENT,,ABSENT,records/proxies/lv8_boss+.dbr,PRESENT,1,1,0,0,0.0,records/proxies/proxypoolequation_01.dbr,True,0.125000,800,150,BOSS
records/proxies/poolsboss/nemesis_all_nooutlaw.dbr,sm3,sm3,database/templates/proxypool.tpl,normal,6,records/creatures/enemies/nemesis/nemesis_kymon_01.dbr,100,PRESENT,1,PRESENT,,ABSENT,,ABSENT,,ABSENT,records/proxies/lv8_boss+.dbr,PRESENT,1,1,0,0,0.0,records/proxies/proxypoolequation_01.dbr,True,0.125000,800,150,BOSS
records/proxies/poolsboss/nemesis_all_nooutlaw.dbr,sm3,sm3,database/templates/proxypool.tpl,normal,7,records/creatures/enemies/nemesis/nemesis_orderdeathsvigil_02.dbr,100,PRESENT,1,PRESENT,,ABSENT,,ABSENT,,ABSENT,records/proxies/lv8_boss+.dbr,PRESENT,1,1,0,0,0.0,records/proxies/proxypoolequation_01.dbr,True,0.125000,800,150,BOSS
records/proxies/poolsboss/nemesis_all_nooutlaw.dbr,sm3,sm3,database/templates/proxypool.tpl,normal,8,records/creatures/enemies/nemesis/nemesis_undead_01.dbr,100,PRESENT,1,PRESENT,,ABSENT,,ABSENT,,ABSENT,records/proxies/lv8_boss+.dbr,PRESENT,1,1,0,0,0.0,records/proxies/proxypoolequation_01.dbr,True,0.125000,800,150,BOSS
records/proxies/poolsboss/skeletalgolem_ilgorr.dbr,sm_mod,sm_mod,database/templates/proxypool.tpl,normal,1,records/creatures/enemies/boss&quest/skeletalgolem_stepsoftorment_01.dbr,100,PRESENT,1,PRESENT,,ABSENT,,ABSENT,True,PRESENT,records/proxies/lv7_uber hero.dbr,PRESENT,1,1,0,0,0.0,records/proxies/proxypoolequation_01.dbr,,1.000000,100,159,BOSS
records/proxies/poolsboss/witchgod_sentinel.dbr,sm_mod,sm_mod,database/templates/proxypool.tpl,normal,1,records/creatures/enemies/boss&quest/witchgod_finalboss.dbr,100,PRESENT,1,PRESENT,,ABSENT,,ABSENT,True,PRESENT,records/proxies/lv7_uber hero.dbr,PRESENT,1,1,0,0,0.0,records/proxies/proxypoolequation_01.dbr,,1.000000,100,159,BOSS
records/proxies/poolsbossgdx1/aetherialcolossus_galakros.dbr,sm3,sm3,database/templates/proxypool.tpl,normal,1,records/creatures/enemies/boss&quest/aetherialcolossus_galakros.dbr,100,PRESENT,1,PRESENT,,ABSENT,,ABSENT,,ABSENT,records/proxies/lv7_uber hero.dbr,PRESENT,1,1,0,0,0.0,records/proxies/proxypoolequation_01.dbr,,1.000000,100,160,BOSS
records/proxies/poolsbossgdx1/aetherialcorruption_intro.dbr,sm3,sm3,database/templates/proxypool.tpl,normal,1,records/creatures/enemies/boss&quest/aetherialcorruption_intro.dbr,100,PRESENT,1,PRESENT,,ABSENT,,ABSENT,,ABSENT,records/proxies/lv7_uber hero.dbr,PRESENT,1,1,0,0,0.0,records/proxies/proxypoolequation_01.dbr,,1.000000,100,155,BOSS
records/proxies/poolsbossgdx1/aetherialfleshshaper_haraxis.dbr,sm3,sm3,database/templates/proxypool.tpl,normal,1,records/creatures/enemies/boss&quest/aetherialfleshshaper_haraxis.dbr,100,PRESENT,1,PRESENT,,ABSENT,,ABSENT,,ABSENT,records/proxies/lv7_uber hero.dbr,PRESENT,1,1,0,0,0.0,records/proxies/proxypoolequation_01.dbr,,1.000000,100,152,BOSS
records/proxies/poolsbossgdx1/aetherialfleshshaper_hinissius.dbr,sm3,sm3,database/templates/proxypool.tpl,normal,1,records/creatures/enemies/boss&quest/aetherialfleshshaper_hinissius.dbr,100,PRESENT,1,PRESENT,,ABSENT,,ABSENT,,ABSENT,records/proxies/lv7_uber hero.dbr,PRESENT,1,1,0,0,0.0,records/proxies/proxypoolequation_01.dbr,,1.000000,100,152,BOSS
records/proxies/poolsbossgdx1/basilisk_witchritual.dbr,sm3,sm3,database/templates/proxypool.tpl,normal,1,records/creatures/enemies/boss&quest/basilisk_witchritual.dbr,100,PRESENT,1,PRESENT,,ABSENT,,ABSENT,,ABSENT,records/proxies/lv7_uber hero.dbr,PRESENT,1,1,0,0,0.0,records/proxies/proxypoolequation_01.dbr,,1.000000,100,156,BOSS
records/proxies/poolsbossgdx1/chthonianrylok_ekketzul.dbr,sm3,sm3,database/templates/proxypool.tpl,normal,1,records/creatures/enemies/boss&quest/chthonianrylok_ekketzul.dbr,100,PRESENT,1,PRESENT,,ABSENT,,ABSENT,,ABSENT,records/proxies/lv7_uber hero.dbr,PRESENT,1,1,0,0,0.0,records/proxies/proxypoolequation_01.dbr,,1.000000,100,159,BOSS
records/proxies/poolsbossgdx1/chthonianrylok_gabalthunn.dbr,sm3,sm3,database/templates/proxypool.tpl,normal,1,records/creatures/enemies/boss&quest/chthonianrylok_gabalthunn.dbr,100,PRESENT,1,PRESENT,,ABSENT,,ABSENT,,ABSENT,records/proxies/lv7_uber hero.dbr,PRESENT,1,1,0,0,0.0,records/proxies/proxypoolequation_01.dbr,,1.000000,100,154,BOSS
records/proxies/poolsbossgdx1/chthonianservitor_lunalvalgoth.dbr,sm3,sm3,database/templates/proxypool.tpl,normal,1,records/creatures/enemies/boss&quest/chthonianservitor_lunalvalgoth.dbr,100,PRESENT,1,PRESENT,,ABSENT,,ABSENT,,ABSENT,records/proxies/lv7_uber hero.dbr,PRESENT,1,1,0,0,0.0,records/proxies/proxypoolequation_01.dbr,,1.000000,100,159,BOSS
records/proxies/poolsbossgdx1/fleshweaverkrieg.dbr,sm3,sm3,database/templates/proxypool.tpl,normal,1,records/creatures/enemies/boss&quest/aetherial_fleshweaverkrieg.dbr,100,PRESENT,1,PRESENT,,ABSENT,70,PRESENT,,ABSENT,records/proxies/lv7_uber hero.dbr,PRESENT,1,1,0,0,0.0,records/proxies/proxypoolequation_01.dbr,True,0.500000,200,152,BOSS
records/proxies/poolsbossgdx1/fleshweaverkrieg.dbr,sm3,sm3,database/templates/proxypool.tpl,normal,2,records/creatures/enemies/boss&quest/aetherial_fleshweaverkriegb.dbr,100,PRESENT,1,PRESENT,70,PRESENT,,ABSENT,,ABSENT,records/proxies/lv7_uber hero.dbr,PRESENT,1,1,0,0,0.0,records/proxies/proxypoolequation_01.dbr,True,0.500000,200,152,BOSS
records/proxies/poolsbossgdx1/humanascendant_mindthief.dbr,sm3,sm3,database/templates/proxypool.tpl,normal,1,records/creatures/enemies/boss&quest/humanascendant_mindthief_01.dbr,100,PRESENT,1,PRESENT,,ABSENT,,ABSENT,,ABSENT,records/proxies/lv7_uber hero.dbr,PRESENT,1,1,0,0,0.0,records/proxies/proxypoolequation_01.dbr,,1.000000,100,155,BOSS
records/proxies/poolsbossgdx1/humanwendigo_gloomwald.dbr,sm3,sm3,database/templates/proxypool.tpl,normal,1,records/creatures/enemies/boss&quest/humanwendigo_darkwood_01.dbr,100,PRESENT,1,PRESENT,,ABSENT,,ABSENT,,ABSENT,records/proxies/lv7_uber hero.dbr,PRESENT,1,1,0,0,0.0,records/proxies/proxypoolequation_01.dbr,,1.000000,100,159,BOSS
records/proxies/poolsbossgdx1/nemesis_all_noaetherialvanguard.dbr,sm3,sm3,database/templates/proxypool.tpl,normal,1,records/creatures/enemies/nemesis/nemesis_beast_01_p1.dbr,100,PRESENT,1,PRESENT,,ABSENT,,ABSENT,,ABSENT,records/proxies/lv8_boss+.dbr,PRESENT,1,1,0,0,0.0,records/proxies/proxypoolequation_01.dbr,True,0.200000,500,160,BOSS
records/proxies/poolsbossgdx1/nemesis_all_noaetherialvanguard.dbr,sm3,sm3,database/templates/proxypool.tpl,normal,2,records/creatures/enemies/nemesis/nemesis_chthonianvoidborn_01.dbr,100,PRESENT,1,PRESENT,,ABSENT,,ABSENT,,ABSENT,records/proxies/lv8_boss+.dbr,PRESENT,1,1,0,0,0.0,records/proxies/proxypoolequation_01.dbr,True,0.200000,500,160,BOSS
records/proxies/poolsbossgdx1/nemesis_all_noaetherialvanguard.dbr,sm3,sm3,database/templates/proxypool.tpl,normal,3,records/creatures/enemies/nemesis/nemesis_wendigo_01.dbr,100,PRESENT,1,PRESENT,,ABSENT,,ABSENT,,ABSENT,records/proxies/lv8_boss+.dbr,PRESENT,1,1,0,0,0.0,records/proxies/proxypoolequation_01.dbr,True,0.200000,500,160,BOSS
records/proxies/poolsbossgdx1/nemesis_all_noaetherialvanguard.dbr,sm3,sm3,database/templates/proxypool.tpl,normal,4,records/creatures/enemies/nemesis/nemesis_beast_02.dbr,100,PRESENT,1,PRESENT,,ABSENT,,ABSENT,,ABSENT,records/proxies/lv8_boss+.dbr,PRESENT,1,1,0,0,0.0,records/proxies/proxypoolequation_01.dbr,True,0.200000,500,160,BOSS
records/proxies/poolsbossgdx1/nemesis_all_noaetherialvanguard.dbr,sm3,sm3,database/templates/proxypool.tpl,normal,5,records/creatures/enemies/nemesis/nemesis_wendigo_02.dbr,100,PRESENT,1,PRESENT,,ABSENT,,ABSENT,,ABSENT,records/proxies/lv8_boss+.dbr,PRESENT,1,1,0,0,0.0,records/proxies/proxypoolequation_01.dbr,True,0.200000,500,160,BOSS
records/proxies/poolsbossgdx1/nemesis_beast.dbr,sm3,sm3,database/templates/proxypool.tpl,normal,1,records/creatures/enemies/nemesis/nemesis_beast_01_p1.dbr,100,PRESENT,1,PRESENT,,ABSENT,,ABSENT,,ABSENT,records/proxies/lv8_boss+.dbr,PRESENT,1,1,0,0,0.0,records/proxies/proxypoolequation_01.dbr,True,0.500000,200,154,BOSS
records/proxies/poolsbossgdx1/nemesis_beast.dbr,sm3,sm3,database/templates/proxypool.tpl,normal,2,records/creatures/enemies/nemesis/nemesis_beast_02.dbr,100,PRESENT,1,PRESENT,,ABSENT,,ABSENT,,ABSENT,records/proxies/lv8_boss+.dbr,PRESENT,1,1,0,0,0.0,records/proxies/proxypoolequation_01.dbr,True,0.500000,200,154,BOSS
records/proxies/poolsbossgdx1/nemesis_wendigooraetherialvanguard.dbr,sm3,sm3,database/templates/proxypool.tpl,normal,1,records/creatures/enemies/nemesis/nemesis_aetherialvanguard_01.dbr,100,PRESENT,1,PRESENT,,ABSENT,,ABSENT,,ABSENT,records/proxies/lv8_boss+.dbr,PRESENT,1,1,0,0,0.0,records/proxies/proxypoolequation_01.dbr,True,0.500000,200,160,BOSS
records/proxies/poolsbossgdx1/nemesis_wendigooraetherialvanguard.dbr,sm3,sm3,database/templates/proxypool.tpl,normal,2,records/creatures/enemies/nemesis/nemesis_wendigo_01.dbr,100,PRESENT,1,PRESENT,,ABSENT,,ABSENT,,ABSENT,records/proxies/lv8_boss+.dbr,PRESENT,1,1,0,0,0.0,records/proxies/proxypoolequation_01.dbr,True,0.500000,200,160,BOSS
records/proxies/poolsbossgdx1/swampcrab_carraxus.dbr,sm3,sm3,database/templates/proxypool.tpl,normal,1,records/creatures/enemies/boss&quest/swampcrab_ugdenbog_01.dbr,100,PRESENT,1,PRESENT,,ABSENT,,ABSENT,,ABSENT,records/proxies/lv7_uber hero.dbr,PRESENT,1,1,0,0,0.0,records/proxies/proxypoolequation_01.dbr,,1.000000,100,152,BOSS
records/proxies/poolsbossgdx1/wendigo_namadea.dbr,sm3,sm3,database/templates/proxypool.tpl,normal,1,records/creatures/enemies/boss&quest/wendigo_ancient_namadea.dbr,100,PRESENT,1,PRESENT,,ABSENT,,ABSENT,,ABSENT,records/proxies/lv7_uber hero.dbr,PRESENT,1,1,0,0,0.0,records/proxies/proxypoolequation_01.dbr,,1.000000,100,159,BOSS
records/proxies/poolsbossgdx1/wendigocannibal_packla.dbr,sm3,sm3,database/templates/proxypool.tpl,normal,1,records/creatures/enemies/boss&quest/wendigocannibal_packla.dbr,100,PRESENT,1,PRESENT,,ABSENT,,ABSENT,,ABSENT,records/proxies/lv7_uber hero.dbr,PRESENT,1,1,0,0,0.0,records/proxies/proxypoolequation_01.dbr,,1.000000,100,157,BOSS
records/proxies/poolsbossgdx1/witch_janaxia.dbr,sm3,sm3,database/templates/proxypool.tpl,normal,1,records/creatures/enemies/boss&quest/witch_janaxia.dbr,100,PRESENT,1,PRESENT,,ABSENT,,ABSENT,,ABSENT,records/proxies/lv7_uber hero.dbr,PRESENT,1,1,0,0,0.0,records/proxies/proxypoolequation_01.dbr,,1.000000,100,156,BOSS
records/proxies/poolsbossgdx1/witch_larria.dbr,sm3,sm3,database/templates/proxypool.tpl,normal,1,records/creatures/enemies/boss&quest/witch_larria.dbr,100,PRESENT,1,PRESENT,,ABSENT,,ABSENT,,ABSENT,records/proxies/lv7_uber hero.dbr,PRESENT,1,1,0,0,0.0,records/proxies/proxypoolequation_01.dbr,,1.000000,100,156,BOSS
records/proxies/poolsbossgdx2/aetherialbloater_malmouthdocks.dbr,sm3,sm3,database/templates/proxypool.tpl,normal,1,records/creatures/enemies/boss&quest/aetherialbloater_malmouthdocks_01.dbr,100,PRESENT,1,PRESENT,,ABSENT,,ABSENT,,ABSENT,records/proxies/lv7_uber hero.dbr,PRESENT,1,1,0,0,0.0,records/proxies/proxypoolequation_01.dbr,,1.000000,100,157,BOSS
records/proxies/poolsbossgdx2/beetle_maggot.dbr,sm3,sm3,database/templates/proxypool.tpl,normal,1,records/creatures/enemies/boss&quest/beetle_maggot01.dbr,100,PRESENT,1,PRESENT,,ABSENT,,ABSENT,,ABSENT,records/proxies/lv7_uber hero.dbr,PRESENT,1,1,0,0,0.0,records/proxies/proxypoolequation_01.dbr,,1.000000,100,159,BOSS
records/proxies/poolsbossgdx2/eldritcharmor_mindreaper.dbr,sm3,sm3,database/templates/proxypool.tpl,normal,1,records/creatures/enemies/boss&quest/eldritcharmor_dreegmindreaper_01.dbr,100,PRESENT,1,PRESENT,,ABSENT,,ABSENT,,ABSENT,records/proxies/lv7_uber hero.dbr,PRESENT,1,1,0,0,0.0,records/proxies/proxypoolequation_01.dbr,,1.000000,100,155,BOSS
records/proxies/poolsbossgdx2/fatherkymon.dbr,sm3,sm3,database/templates/proxypool.tpl,normal,1,records/creatures/enemies/boss&quest/fatherkymon.dbr,100,PRESENT,1,PRESENT,50,PRESENT,,ABSENT,,ABSENT,records/proxies/lv7_uber hero.dbr,PRESENT,1,1,0,0,0.0,records/proxies/proxypoolequation_01.dbr,True,0.500000,200,154,BOSS
records/proxies/poolsbossgdx2/fatherkymon.dbr,sm3,sm3,database/templates/proxypool.tpl,normal,2,records/creatures/enemies/boss&quest/korvaak_lieutenant_01.dbr,100,PRESENT,1,PRESENT,,ABSENT,50,PRESENT,,ABSENT,records/proxies/lv7_uber hero.dbr,PRESENT,1,1,0,0,0.0,records/proxies/proxypoolequation_01.dbr,True,0.500000,200,154,BOSS
records/proxies/poolsbossgdx2/gryphonstone.dbr,sm3,sm3,database/templates/proxypool.tpl,normal,1,records/creatures/enemies/boss&quest/stonegryphon_templeguardian_01.dbr,100,PRESENT,1,PRESENT,,ABSENT,,ABSENT,,ABSENT,records/proxies/lv7_uber hero.dbr,PRESENT,3,3,0,0,0.0,records/proxies/proxypoolequation_01.dbr,True,0.333333,300,159,BOSS
records/proxies/poolsbossgdx2/gryphonstone.dbr,sm3,sm3,database/templates/proxypool.tpl,normal,2,records/creatures/enemies/boss&quest/statue_templeguardian_02.dbr,100,PRESENT,1,PRESENT,45,PRESENT,,ABSENT,,ABSENT,records/proxies/lv7_uber hero.dbr,PRESENT,3,3,0,0,0.0,records/proxies/proxypoolequation_01.dbr,True,0.333333,300,159,BOSS
records/proxies/poolsbossgdx2/gryphonstone.dbr,sm3,sm3,database/templates/proxypool.tpl,normal,3,records/creatures/enemies/boss&quest/statue_templeguardian_03.dbr,100,PRESENT,1,PRESENT,45,PRESENT,,ABSENT,,ABSENT,records/proxies/lv7_uber hero.dbr,PRESENT,3,3,0,0,0.0,records/proxies/proxypoolequation_01.dbr,True,0.333333,300,159,BOSS
records/proxies/poolsbossgdx2/korvaakmessenger.dbr,sm3,sm3,database/templates/proxypool.tpl,normal,1,records/creatures/enemies/boss&quest/korvaakmessenger_02.dbr,100,PRESENT,1,PRESENT,,ABSENT,70,PRESENT,,ABSENT,records/proxies/lv7_uber hero.dbr,PRESENT,1,1,0,0,0.0,records/proxies/proxypoolequation_01.dbr,True,0.500000,200,159,BOSS
records/proxies/poolsbossgdx2/korvaakmessenger.dbr,sm3,sm3,database/templates/proxypool.tpl,normal,2,records/creatures/enemies/boss&quest/korvaakmessenger_02b.dbr,100,PRESENT,1,PRESENT,70,PRESENT,,ABSENT,,ABSENT,records/proxies/lv7_uber hero.dbr,PRESENT,1,1,0,0,0.0,records/proxies/proxypoolequation_01.dbr,True,0.500000,200,159,BOSS
records/proxies/poolsbossgdx2/korvaaktombguardian.dbr,sm3,sm3,database/templates/proxypool.tpl,normal,1,records/creatures/enemies/boss&quest/statue_korvaaktombguardian.dbr,100,PRESENT,1,PRESENT,,ABSENT,,ABSENT,,ABSENT,records/proxies/lv7_uber hero.dbr,PRESENT,1,1,0,0,0.0,records/proxies/proxypoolequation_01.dbr,,1.000000,100,160,BOSS
records/proxies/poolsbossgdx2/nemesis_eldritch.dbr,sm3,sm3,database/templates/proxypool.tpl,normal,1,records/creatures/enemies/nemesis/nemesis_eldritch_01.dbr,100,PRESENT,1,PRESENT,,ABSENT,,ABSENT,,ABSENT,records/proxies/lv8_boss+.dbr,PRESENT,1,1,0,0,0.0,records/proxies/proxypoolequation_01.dbr,True,0.500000,200,154,BOSS
records/proxies/poolsbossgdx2/nemesis_eldritch.dbr,sm3,sm3,database/templates/proxypool.tpl,normal,2,records/creatures/enemies/nemesis/nemesis_eldritch_02a.dbr,100,PRESENT,1,PRESENT,,ABSENT,,ABSENT,,ABSENT,records/proxies/lv8_boss+.dbr,PRESENT,1,1,0,0,0.0,records/proxies/proxypoolequation_01.dbr,True,0.500000,200,154,BOSS
records/proxies/poolsbossgdx3/chthoniantyrant_grulthunn.dbr,sm3,sm3,database/templates/proxypool.tpl,normal,1,records/creatures/enemies/boss&quest/chthoniantyrant_grulthunn.dbr,100,PRESENT,1,PRESENT,,ABSENT,,ABSENT,,ABSENT,records/proxies/lv7_uber hero.dbr,PRESENT,1,1,0,0,0.0,records/proxies/proxypoolequation_01.dbr,True,1.000000,100,154,BOSS
records/proxies/poolsbossgdx3/direwolf_frozenwastes.dbr,sm3,sm3,database/templates/proxypool.tpl,normal,1,records/creatures/enemies/boss&quest/direwolf_frozenwastes_01.dbr,100,PRESENT,1,PRESENT,,ABSENT,,ABSENT,,ABSENT,records/proxies/lv7_uber hero.dbr,PRESENT,1,1,0,0,0.0,records/proxies/proxypoolequation_01.dbr,True,1.000000,100,156,BOSS
records/proxies/poolsbossgdx3/kurnchthonic_shaman.dbr,sm3,sm3,database/templates/proxypool.tpl,normal,1,records/creatures/enemies/boss&quest/human_chthonickurn_shaman_01.dbr,100,PRESENT,1,PRESENT,,ABSENT,,ABSENT,,ABSENT,records/proxies/lv7_uber hero.dbr,PRESENT,1,1,0,0,0.0,records/proxies/proxypoolequation_01.dbr,True,1.000000,100,156,BOSS
records/proxies/poolsbossgdx3/nemesis_kurn.dbr,sm3,sm3,database/templates/proxypool.tpl,normal,1,records/creatures/enemies/nemesis/nemesis_chthonickurn_01.dbr,100,PRESENT,1,PRESENT,,ABSENT,,ABSENT,,ABSENT,records/proxies/lv8_boss+.dbr,PRESENT,1,1,0,0,0.0,records/proxies/proxypoolequation_01.dbr,True,1.000000,100,154,BOSS
records/proxies/poolsbossgdx3/rok_wind.dbr,sm3,sm3,database/templates/proxypool.tpl,normal,1,records/creatures/enemies/boss&quest/rokwind_01.dbr,100,PRESENT,1,PRESENT,,ABSENT,,ABSENT,,ABSENT,records/proxies/lv7_uber hero.dbr,PRESENT,1,1,0,0,0.0,records/proxies/proxypoolequation_01.dbr,True,1.000000,100,159,BOSS
records/proxies/poolsbossgdx3/yeti_rimehorn.dbr,sm3,sm3,database/templates/proxypool.tpl,normal,1,records/creatures/enemies/boss&quest/yeti_rimehorn_01.dbr,100,PRESENT,1,PRESENT,,ABSENT,,ABSENT,,ABSENT,records/proxies/lv7_uber hero.dbr,PRESENT,1,1,0,0,0.0,records/proxies/proxypoolequation_01.dbr,True,1.000000,100,159,BOSS
records/proxies/poolsbounty/bounty_heroes01.dbr,sm_mod,sm_mod,database/templates/proxypool.tpl,champion,1,records/creatures/enemies/bounties/bl_bounty08.dbr,100,PRESENT,1,PRESENT,,ABSENT,,ABSENT,,ABSENT,records/proxies/lv6_hero.dbr,PRESENT,0,0,1,1,100.0,records/proxies/proxypoolequation_01.dbr,False,0.066667,1500,153|155,BOUNTY
records/proxies/poolsbounty/bounty_heroes01.dbr,sm_mod,sm_mod,database/templates/proxypool.tpl,champion,2,records/creatures/enemies/bounties/bl_bounty09.dbr,100,PRESENT,1,PRESENT,,ABSENT,,ABSENT,,ABSENT,records/proxies/lv6_hero.dbr,PRESENT,0,0,1,1,100.0,records/proxies/proxypoolequation_01.dbr,False,0.066667,1500,153|155,BOUNTY
records/proxies/poolsbounty/bounty_heroes01.dbr,sm_mod,sm_mod,database/templates/proxypool.tpl,champion,3,records/creatures/enemies/bounties/bl_bounty10.dbr,100,PRESENT,1,PRESENT,,ABSENT,,ABSENT,,ABSENT,records/proxies/lv6_hero.dbr,PRESENT,0,0,1,1,100.0,records/proxies/proxypoolequation_01.dbr,False,0.066667,1500,153|155,BOUNTY
records/proxies/poolsbounty/bounty_heroes01.dbr,sm_mod,sm_mod,database/templates/proxypool.tpl,champion,4,records/creatures/enemies/bounties/bl_bounty17.dbr,100,PRESENT,1,PRESENT,,ABSENT,,ABSENT,,ABSENT,records/proxies/lv6_hero.dbr,PRESENT,0,0,1,1,100.0,records/proxies/proxypoolequation_01.dbr,False,0.066667,1500,153|155,BOUNTY
records/proxies/poolsbounty/bounty_heroes01.dbr,sm_mod,sm_mod,database/templates/proxypool.tpl,champion,5,records/creatures/enemies/bounties/bl_bounty18.dbr,100,PRESENT,1,PRESENT,,ABSENT,,ABSENT,,ABSENT,records/proxies/lv6_hero.dbr,PRESENT,0,0,1,1,100.0,records/proxies/proxypoolequation_01.dbr,False,0.066667,1500,153|155,BOUNTY
records/proxies/poolsbounty/bounty_heroes01.dbr,sm_mod,sm_mod,database/templates/proxypool.tpl,champion,6,records/creatures/enemies/bounties/bl_bounty19.dbr,100,PRESENT,1,PRESENT,,ABSENT,,ABSENT,,ABSENT,records/proxies/lv6_hero.dbr,PRESENT,0,0,1,1,100.0,records/proxies/proxypoolequation_01.dbr,False,0.066667,1500,153|155,BOUNTY
records/proxies/poolsbounty/bounty_heroes01.dbr,sm_mod,sm_mod,database/templates/proxypool.tpl,champion,7,records/creatures/enemies/bounties/bl_bounty20.dbr,100,PRESENT,1,PRESENT,,ABSENT,,ABSENT,,ABSENT,records/proxies/lv6_hero.dbr,PRESENT,0,0,1,1,100.0,records/proxies/proxypoolequation_01.dbr,False,0.066667,1500,153|155,BOUNTY
records/proxies/poolsbounty/bounty_heroes01.dbr,sm_mod,sm_mod,database/templates/proxypool.tpl,champion,8,records/creatures/enemies/bounties/dc_bounty06.dbr,100,PRESENT,1,PRESENT,,ABSENT,,ABSENT,,ABSENT,records/proxies/lv6_hero.dbr,PRESENT,0,0,1,1,100.0,records/proxies/proxypoolequation_01.dbr,False,0.066667,1500,153|155,BOUNTY
records/proxies/poolsbounty/bounty_heroes01.dbr,sm_mod,sm_mod,database/templates/proxypool.tpl,champion,9,records/creatures/enemies/bounties/dc_bounty07.dbr,100,PRESENT,1,PRESENT,,ABSENT,,ABSENT,,ABSENT,records/proxies/lv6_hero.dbr,PRESENT,0,0,1,1,100.0,records/proxies/proxypoolequation_01.dbr,False,0.066667,1500,153|155,BOUNTY
records/proxies/poolsbounty/bounty_heroes01.dbr,sm_mod,sm_mod,database/templates/proxypool.tpl,champion,10,records/creatures/enemies/bounties/dc_bounty08.dbr,100,PRESENT,1,PRESENT,,ABSENT,,ABSENT,,ABSENT,records/proxies/lv6_hero.dbr,PRESENT,0,0,1,1,100.0,records/proxies/proxypoolequation_01.dbr,False,0.066667,1500,153|155,BOUNTY
records/proxies/poolsbounty/bounty_heroes01.dbr,sm_mod,sm_mod,database/templates/proxypool.tpl,champion,11,records/creatures/enemies/bounties/dc_bounty09.dbr,100,PRESENT,1,PRESENT,,ABSENT,,ABSENT,,ABSENT,records/proxies/lv6_hero.dbr,PRESENT,0,0,1,1,100.0,records/proxies/proxypoolequation_01.dbr,False,0.066667,1500,153|155,BOUNTY
records/proxies/poolsbounty/bounty_heroes01.dbr,sm_mod,sm_mod,database/templates/proxypool.tpl,champion,12,records/creatures/enemies/bounties/dc_bounty10.dbr,100,PRESENT,1,PRESENT,,ABSENT,,ABSENT,,ABSENT,records/proxies/lv6_hero.dbr,PRESENT,0,0,1,1,100.0,records/proxies/proxypoolequation_01.dbr,False,0.066667,1500,153|155,BOUNTY
records/proxies/poolsbounty/bounty_heroes01.dbr,sm_mod,sm_mod,database/templates/proxypool.tpl,champion,13,records/creatures/enemies/bounties/dc_bounty11.dbr,100,PRESENT,1,PRESENT,,ABSENT,,ABSENT,,ABSENT,records/proxies/lv6_hero.dbr,PRESENT,0,0,1,1,100.0,records/proxies/proxypoolequation_01.dbr,False,0.066667,1500,153|155,BOUNTY
records/proxies/poolsbounty/bounty_heroes01.dbr,sm_mod,sm_mod,database/templates/proxypool.tpl,champion,14,records/creatures/enemies/bounties/dc_bounty15.dbr,100,PRESENT,1,PRESENT,,ABSENT,,ABSENT,,ABSENT,records/proxies/lv6_hero.dbr,PRESENT,0,0,1,1,100.0,records/proxies/proxypoolequation_01.dbr,False,0.066667,1500,153|155,BOUNTY
records/proxies/poolsbounty/bounty_heroes01.dbr,sm_mod,sm_mod,database/templates/proxypool.tpl,champion,15,records/creatures/enemies/bounties/dc_bounty17.dbr,100,PRESENT,1,PRESENT,,ABSENT,,ABSENT,,ABSENT,records/proxies/lv6_hero.dbr,PRESENT,0,0,1,1,100.0,records/proxies/proxypoolequation_01.dbr,False,0.066667,1500,153|155,BOUNTY
records/proxies/poolsbounty/bounty_heroes02.dbr,sm_mod,sm_mod,database/templates/proxypool.tpl,champion,1,records/creatures/enemies/bounties/exile_bounty12.dbr,100,PRESENT,1,PRESENT,,ABSENT,,ABSENT,,ABSENT,records/proxies/lv6_hero.dbr,PRESENT,0,0,1,1,100.0,records/proxies/proxypoolequation_01.dbr,False,0.066667,1500,153|155,BOUNTY
records/proxies/poolsbounty/bounty_heroes02.dbr,sm_mod,sm_mod,database/templates/proxypool.tpl,champion,2,records/creatures/enemies/bounties/exile_bounty13.dbr,100,PRESENT,1,PRESENT,,ABSENT,,ABSENT,,ABSENT,records/proxies/lv6_hero.dbr,PRESENT,0,0,1,1,100.0,records/proxies/proxypoolequation_01.dbr,False,0.066667,1500,153|155,BOUNTY
records/proxies/poolsbounty/bounty_heroes02.dbr,sm_mod,sm_mod,database/templates/proxypool.tpl,champion,3,records/creatures/enemies/bounties/exile_bounty14.dbr,100,PRESENT,1,PRESENT,,ABSENT,,ABSENT,,ABSENT,records/proxies/lv6_hero.dbr,PRESENT,0,0,1,1,100.0,records/proxies/proxypoolequation_01.dbr,False,0.066667,1500,153|155,BOUNTY
records/proxies/poolsbounty/bounty_heroes02.dbr,sm_mod,sm_mod,database/templates/proxypool.tpl,champion,4,records/creatures/enemies/bounties/exile_bounty15.dbr,100,PRESENT,1,PRESENT,,ABSENT,,ABSENT,,ABSENT,records/proxies/lv6_hero.dbr,PRESENT,0,0,1,1,100.0,records/proxies/proxypoolequation_01.dbr,False,0.066667,1500,153|155,BOUNTY
records/proxies/poolsbounty/bounty_heroes02.dbr,sm_mod,sm_mod,database/templates/proxypool.tpl,champion,5,records/creatures/enemies/bounties/hs_bounty09.dbr,100,PRESENT,1,PRESENT,,ABSENT,,ABSENT,,ABSENT,records/proxies/lv6_hero.dbr,PRESENT,0,0,1,1,100.0,records/proxies/proxypoolequation_01.dbr,False,0.066667,1500,153|155,BOUNTY
records/proxies/poolsbounty/bounty_heroes02.dbr,sm_mod,sm_mod,database/templates/proxypool.tpl,champion,6,records/creatures/enemies/bounties/hs_bounty10.dbr,100,PRESENT,1,PRESENT,,ABSENT,,ABSENT,,ABSENT,records/proxies/lv6_hero.dbr,PRESENT,0,0,1,1,100.0,records/proxies/proxypoolequation_01.dbr,False,0.066667,1500,153|155,BOUNTY
records/proxies/poolsbounty/bounty_heroes02.dbr,sm_mod,sm_mod,database/templates/proxypool.tpl,champion,7,records/creatures/enemies/bounties/hs_bounty11.dbr,100,PRESENT,1,PRESENT,,ABSENT,,ABSENT,,ABSENT,records/proxies/lv6_hero.dbr,PRESENT,0,0,1,1,100.0,records/proxies/proxypoolequation_01.dbr,False,0.066667,1500,153|155,BOUNTY
records/proxies/poolsbounty/bounty_heroes02.dbr,sm_mod,sm_mod,database/templates/proxypool.tpl,champion,8,records/creatures/enemies/bounties/hs_bounty12.dbr,100,PRESENT,1,PRESENT,,ABSENT,,ABSENT,,ABSENT,records/proxies/lv6_hero.dbr,PRESENT,0,0,1,1,100.0,records/proxies/proxypoolequation_01.dbr,False,0.066667,1500,153|155,BOUNTY
records/proxies/poolsbounty/bounty_heroes02.dbr,sm_mod,sm_mod,database/templates/proxypool.tpl,champion,9,records/creatures/enemies/bounties/hs_bounty13.dbr,100,PRESENT,1,PRESENT,,ABSENT,,ABSENT,,ABSENT,records/proxies/lv6_hero.dbr,PRESENT,0,0,1,1,100.0,records/proxies/proxypoolequation_01.dbr,False,0.066667,1500,153|155,BOUNTY
records/proxies/poolsbounty/bounty_heroes02.dbr,sm_mod,sm_mod,database/templates/proxypool.tpl,champion,10,records/creatures/enemies/bounties/kc_bounty07.dbr,100,PRESENT,1,PRESENT,,ABSENT,,ABSENT,,ABSENT,records/proxies/lv6_hero.dbr,PRESENT,0,0,1,1,100.0,records/proxies/proxypoolequation_01.dbr,False,0.066667,1500,153|155,BOUNTY
records/proxies/poolsbounty/bounty_heroes02.dbr,sm_mod,sm_mod,database/templates/proxypool.tpl,champion,11,records/creatures/enemies/bounties/kc_bounty08.dbr,100,PRESENT,1,PRESENT,,ABSENT,,ABSENT,,ABSENT,records/proxies/lv6_hero.dbr,PRESENT,0,0,1,1,100.0,records/proxies/proxypoolequation_01.dbr,False,0.066667,1500,153|155,BOUNTY
records/proxies/poolsbounty/bounty_heroes02.dbr,sm_mod,sm_mod,database/templates/proxypool.tpl,champion,12,records/creatures/enemies/bounties/kc_bounty09.dbr,100,PRESENT,1,PRESENT,,ABSENT,,ABSENT,,ABSENT,records/proxies/lv6_hero.dbr,PRESENT,0,0,1,1,100.0,records/proxies/proxypoolequation_01.dbr,False,0.066667,1500,153|155,BOUNTY
records/proxies/poolsbounty/bounty_heroes02.dbr,sm_mod,sm_mod,database/templates/proxypool.tpl,champion,13,records/creatures/enemies/bounties/kc_bounty10.dbr,100,PRESENT,1,PRESENT,,ABSENT,,ABSENT,,ABSENT,records/proxies/lv6_hero.dbr,PRESENT,0,0,1,1,100.0,records/proxies/proxypoolequation_01.dbr,False,0.066667,1500,153|155,BOUNTY
records/proxies/poolsbounty/bounty_heroes02.dbr,sm_mod,sm_mod,database/templates/proxypool.tpl,champion,14,records/creatures/enemies/bounties/kc_bounty11.dbr,100,PRESENT,1,PRESENT,,ABSENT,,ABSENT,,ABSENT,records/proxies/lv6_hero.dbr,PRESENT,0,0,1,1,100.0,records/proxies/proxypoolequation_01.dbr,False,0.066667,1500,153|155,BOUNTY
records/proxies/poolsbounty/bounty_heroes02.dbr,sm_mod,sm_mod,database/templates/proxypool.tpl,champion,15,records/creatures/enemies/bounties/kc_bounty13.dbr,100,PRESENT,1,PRESENT,,ABSENT,,ABSENT,,ABSENT,records/proxies/lv6_hero.dbr,PRESENT,0,0,1,1,100.0,records/proxies/proxypoolequation_01.dbr,False,0.066667,1500,153|155,BOUNTY
records/proxies/poolsbounty/bounty_heroes03.dbr,sm_mod,sm_mod,database/templates/proxypool.tpl,champion,1,records/creatures/enemies/bounties/kc_bounty19.dbr,100,PRESENT,1,PRESENT,,ABSENT,,ABSENT,,ABSENT,records/proxies/lv6_hero.dbr,PRESENT,0,0,1,1,100.0,records/proxies/proxypoolequation_01.dbr,False,0.076923,1300,153|155,BOUNTY
records/proxies/poolsbounty/bounty_heroes03.dbr,sm_mod,sm_mod,database/templates/proxypool.tpl,champion,2,records/creatures/enemies/bounties/odv_bounty06.dbr,100,PRESENT,1,PRESENT,,ABSENT,,ABSENT,,ABSENT,records/proxies/lv6_hero.dbr,PRESENT,0,0,1,1,100.0,records/proxies/proxypoolequation_01.dbr,False,0.076923,1300,153|155,BOUNTY
records/proxies/poolsbounty/bounty_heroes03.dbr,sm_mod,sm_mod,database/templates/proxypool.tpl,champion,3,records/creatures/enemies/bounties/odv_bounty07.dbr,100,PRESENT,1,PRESENT,,ABSENT,,ABSENT,,ABSENT,records/proxies/lv6_hero.dbr,PRESENT,0,0,1,1,100.0,records/proxies/proxypoolequation_01.dbr,False,0.076923,1300,153|155,BOUNTY
records/proxies/poolsbounty/bounty_heroes03.dbr,sm_mod,sm_mod,database/templates/proxypool.tpl,champion,4,records/creatures/enemies/bounties/odv_bounty08.dbr,100,PRESENT,1,PRESENT,,ABSENT,,ABSENT,,ABSENT,records/proxies/lv6_hero.dbr,PRESENT,0,0,1,1,100.0,records/proxies/proxypoolequation_01.dbr,False,0.076923,1300,153|155,BOUNTY
records/proxies/poolsbounty/bounty_heroes03.dbr,sm_mod,sm_mod,database/templates/proxypool.tpl,champion,5,records/creatures/enemies/bounties/odv_bounty09.dbr,100,PRESENT,1,PRESENT,,ABSENT,,ABSENT,,ABSENT,records/proxies/lv6_hero.dbr,PRESENT,0,0,1,1,100.0,records/proxies/proxypoolequation_01.dbr,False,0.076923,1300,153|155,BOUNTY
records/proxies/poolsbounty/bounty_heroes03.dbr,sm_mod,sm_mod,database/templates/proxypool.tpl,champion,6,records/creatures/enemies/bounties/odv_bounty10.dbr,100,PRESENT,1,PRESENT,,ABSENT,,ABSENT,,ABSENT,records/proxies/lv6_hero.dbr,PRESENT,0,0,1,1,100.0,records/proxies/proxypoolequation_01.dbr,False,0.076923,1300,153|155,BOUNTY
records/proxies/poolsbounty/bounty_heroes03.dbr,sm_mod,sm_mod,database/templates/proxypool.tpl,champion,7,records/creatures/enemies/bounties/odv_bounty11.dbr,100,PRESENT,1,PRESENT,,ABSENT,,ABSENT,,ABSENT,records/proxies/lv6_hero.dbr,PRESENT,0,0,1,1,100.0,records/proxies/proxypoolequation_01.dbr,False,0.076923,1300,153|155,BOUNTY
records/proxies/poolsbounty/bounty_heroes03.dbr,sm_mod,sm_mod,database/templates/proxypool.tpl,champion,8,records/creatures/enemies/bounties/odv_bounty12.dbr,100,PRESENT,1,PRESENT,,ABSENT,,ABSENT,,ABSENT,records/proxies/lv6_hero.dbr,PRESENT,0,0,1,1,100.0,records/proxies/proxypoolequation_01.dbr,False,0.076923,1300,153|155,BOUNTY
records/proxies/poolsbounty/bounty_heroes03.dbr,sm_mod,sm_mod,database/templates/proxypool.tpl,champion,9,records/creatures/enemies/bounties/odv_bounty13.dbr,100,PRESENT,1,PRESENT,,ABSENT,,ABSENT,,ABSENT,records/proxies/lv6_hero.dbr,PRESENT,0,0,1,1,100.0,records/proxies/proxypoolequation_01.dbr,False,0.076923,1300,153|155,BOUNTY
records/proxies/poolsbounty/bounty_heroes03.dbr,sm_mod,sm_mod,database/templates/proxypool.tpl,champion,10,records/creatures/enemies/bounties/ro_bounty10.dbr,100,PRESENT,1,PRESENT,,ABSENT,,ABSENT,,ABSENT,records/proxies/lv6_hero.dbr,PRESENT,0,0,1,1,100.0,records/proxies/proxypoolequation_01.dbr,False,0.076923,1300,153|155,BOUNTY
records/proxies/poolsbounty/bounty_heroes03.dbr,sm_mod,sm_mod,database/templates/proxypool.tpl,champion,11,records/creatures/enemies/bounties/ro_bounty11.dbr,100,PRESENT,1,PRESENT,,ABSENT,,ABSENT,,ABSENT,records/proxies/lv6_hero.dbr,PRESENT,0,0,1,1,100.0,records/proxies/proxypoolequation_01.dbr,False,0.076923,1300,153|155,BOUNTY
records/proxies/poolsbounty/bounty_heroes03.dbr,sm_mod,sm_mod,database/templates/proxypool.tpl,champion,12,records/creatures/enemies/bounties/ro_bounty12.dbr,100,PRESENT,1,PRESENT,,ABSENT,,ABSENT,,ABSENT,records/proxies/lv6_hero.dbr,PRESENT,0,0,1,1,100.0,records/proxies/proxypoolequation_01.dbr,False,0.076923,1300,153|155,BOUNTY
records/proxies/poolsbounty/bounty_heroes03.dbr,sm_mod,sm_mod,database/templates/proxypool.tpl,champion,13,records/creatures/enemies/bounties/ro_bounty19.dbr,100,PRESENT,1,PRESENT,,ABSENT,,ABSENT,,ABSENT,records/proxies/lv6_hero.dbr,PRESENT,0,0,1,1,100.0,records/proxies/proxypoolequation_01.dbr,False,0.076923,1300,153|155,BOUNTY
records/proxies/poolsbountygdx1/bounty_heroes01.dbr,sm1,sm1,database/templates/proxypool.tpl,champion,1,records/creatures/enemies/bounties/cu_bounty04.dbr,100,PRESENT,1,PRESENT,,ABSENT,,ABSENT,,ABSENT,records/proxies/lv6_hero.dbr,PRESENT,0,0,1,1,100.0,records/proxies/proxypoolequation_01.dbr,False,0.125000,800,153|155,BOUNTY
records/proxies/poolsbountygdx1/bounty_heroes01.dbr,sm1,sm1,database/templates/proxypool.tpl,champion,2,records/creatures/enemies/bounties/cu_bounty05.dbr,100,PRESENT,1,PRESENT,,ABSENT,,ABSENT,,ABSENT,records/proxies/lv6_hero.dbr,PRESENT,0,0,1,1,100.0,records/proxies/proxypoolequation_01.dbr,False,0.125000,800,153|155,BOUNTY
records/proxies/poolsbountygdx1/bounty_heroes01.dbr,sm1,sm1,database/templates/proxypool.tpl,champion,3,records/creatures/enemies/bounties/cu_bounty06.dbr,100,PRESENT,1,PRESENT,,ABSENT,,ABSENT,,ABSENT,records/proxies/lv6_hero.dbr,PRESENT,0,0,1,1,100.0,records/proxies/proxypoolequation_01.dbr,False,0.125000,800,153|155,BOUNTY
records/proxies/poolsbountygdx1/bounty_heroes01.dbr,sm1,sm1,database/templates/proxypool.tpl,champion,4,records/creatures/enemies/bounties/cu_bounty07.dbr,100,PRESENT,1,PRESENT,,ABSENT,,ABSENT,,ABSENT,records/proxies/lv6_hero.dbr,PRESENT,0,0,1,1,100.0,records/proxies/proxypoolequation_01.dbr,False,0.125000,800,153|155,BOUNTY
records/proxies/poolsbountygdx1/bounty_heroes01.dbr,sm1,sm1,database/templates/proxypool.tpl,champion,5,records/creatures/enemies/bounties/cu_bounty08.dbr,100,PRESENT,1,PRESENT,,ABSENT,,ABSENT,,ABSENT,records/proxies/lv6_hero.dbr,PRESENT,0,0,1,1,100.0,records/proxies/proxypoolequation_01.dbr,False,0.125000,800,153|155,BOUNTY
records/proxies/poolsbountygdx1/bounty_heroes01.dbr,sm1,sm1,database/templates/proxypool.tpl,champion,6,records/creatures/enemies/bounties/cu_bounty09.dbr,100,PRESENT,1,PRESENT,,ABSENT,,ABSENT,,ABSENT,records/proxies/lv6_hero.dbr,PRESENT,0,0,1,1,100.0,records/proxies/proxypoolequation_01.dbr,False,0.125000,800,153|155,BOUNTY
records/proxies/poolsbountygdx1/bounty_heroes01.dbr,sm1,sm1,database/templates/proxypool.tpl,champion,7,records/creatures/enemies/bounties/pm_bounty05.dbr,100,PRESENT,1,PRESENT,,ABSENT,,ABSENT,,ABSENT,records/proxies/lv6_hero.dbr,PRESENT,0,0,1,1,100.0,records/proxies/proxypoolequation_01.dbr,False,0.125000,800,153|155,BOUNTY
records/proxies/poolsbountygdx1/bounty_heroes01.dbr,sm1,sm1,database/templates/proxypool.tpl,champion,8,records/creatures/enemies/bounties/pm_bounty07.dbr,100,PRESENT,1,PRESENT,,ABSENT,,ABSENT,,ABSENT,records/proxies/lv6_hero.dbr,PRESENT,0,0,1,1,100.0,records/proxies/proxypoolequation_01.dbr,False,0.125000,800,153|155,BOUNTY
records/proxies/poolsbountygdx1/bounty_heroes02.dbr,sm1,sm1,database/templates/proxypool.tpl,champion,1,records/creatures/enemies/bounties/cw_bounty04.dbr,100,PRESENT,1,PRESENT,,ABSENT,,ABSENT,,ABSENT,records/proxies/lv6_hero.dbr,PRESENT,0,0,1,1,100.0,records/proxies/proxypoolequation_01.dbr,False,0.125000,800,153|155,BOUNTY
records/proxies/poolsbountygdx1/bounty_heroes02.dbr,sm1,sm1,database/templates/proxypool.tpl,champion,2,records/creatures/enemies/bounties/cw_bounty05.dbr,100,PRESENT,1,PRESENT,,ABSENT,,ABSENT,,ABSENT,records/proxies/lv6_hero.dbr,PRESENT,0,0,1,1,100.0,records/proxies/proxypoolequation_01.dbr,False,0.125000,800,153|155,BOUNTY
records/proxies/poolsbountygdx1/bounty_heroes02.dbr,sm1,sm1,database/templates/proxypool.tpl,champion,3,records/creatures/enemies/bounties/cw_bounty06.dbr,100,PRESENT,1,PRESENT,,ABSENT,,ABSENT,,ABSENT,records/proxies/lv6_hero.dbr,PRESENT,0,0,1,1,100.0,records/proxies/proxypoolequation_01.dbr,False,0.125000,800,153|155,BOUNTY
records/proxies/poolsbountygdx1/bounty_heroes02.dbr,sm1,sm1,database/templates/proxypool.tpl,champion,4,records/creatures/enemies/bounties/cw_bounty07.dbr,100,PRESENT,1,PRESENT,,ABSENT,,ABSENT,,ABSENT,records/proxies/lv6_hero.dbr,PRESENT,0,0,1,1,100.0,records/proxies/proxypoolequation_01.dbr,False,0.125000,800,153|155,BOUNTY
records/proxies/poolsbountygdx1/bounty_heroes02.dbr,sm1,sm1,database/templates/proxypool.tpl,champion,5,records/creatures/enemies/bounties/cw_bounty08.dbr,100,PRESENT,1,PRESENT,,ABSENT,,ABSENT,,ABSENT,records/proxies/lv6_hero.dbr,PRESENT,0,0,1,1,100.0,records/proxies/proxypoolequation_01.dbr,False,0.125000,800,153|155,BOUNTY
records/proxies/poolsbountygdx1/bounty_heroes02.dbr,sm1,sm1,database/templates/proxypool.tpl,champion,6,records/creatures/enemies/bounties/cw_bounty09.dbr,100,PRESENT,1,PRESENT,,ABSENT,,ABSENT,,ABSENT,records/proxies/lv6_hero.dbr,PRESENT,0,0,1,1,100.0,records/proxies/proxypoolequation_01.dbr,False,0.125000,800,153|155,BOUNTY
records/proxies/poolsbountygdx1/bounty_heroes02.dbr,sm1,sm1,database/templates/proxypool.tpl,champion,7,records/creatures/enemies/bounties/pm_bounty06.dbr,100,PRESENT,1,PRESENT,,ABSENT,,ABSENT,,ABSENT,records/proxies/lv6_hero.dbr,PRESENT,0,0,1,1,100.0,records/proxies/proxypoolequation_01.dbr,False,0.125000,800,153|155,BOUNTY
records/proxies/poolsbountygdx1/bounty_heroes02.dbr,sm1,sm1,database/templates/proxypool.tpl,champion,8,records/creatures/enemies/bounties/pm_bounty08.dbr,100,PRESENT,1,PRESENT,,ABSENT,,ABSENT,,ABSENT,records/proxies/lv6_hero.dbr,PRESENT,0,0,1,1,100.0,records/proxies/proxypoolequation_01.dbr,False,0.125000,800,153|155,BOUNTY
records/proxies/poolsbountygdx3/bounty_heroes01.dbr,sm3,sm3,database/templates/proxypool.tpl,champion,1,records/creatures/enemies/bounties/ku_bounty_05.dbr,100,PRESENT,1,PRESENT,,ABSENT,,ABSENT,,ABSENT,records/proxies/lv6_hero.dbr,PRESENT,0,0,1,1,100.0,records/proxies/proxypoolequation_01.dbr,False,0.166667,600,153,BOUNTY
records/proxies/poolsbountygdx3/bounty_heroes01.dbr,sm3,sm3,database/templates/proxypool.tpl,champion,2,records/creatures/enemies/bounties/ku_bounty_06.dbr,100,PRESENT,1,PRESENT,,ABSENT,,ABSENT,,ABSENT,records/proxies/lv6_hero.dbr,PRESENT,0,0,1,1,100.0,records/proxies/proxypoolequation_01.dbr,False,0.166667,600,153,BOUNTY
records/proxies/poolsbountygdx3/bounty_heroes01.dbr,sm3,sm3,database/templates/proxypool.tpl,champion,3,records/creatures/enemies/bounties/ku_bounty_07.dbr,100,PRESENT,1,PRESENT,,ABSENT,,ABSENT,,ABSENT,records/proxies/lv6_hero.dbr,PRESENT,0,0,1,1,100.0,records/proxies/proxypoolequation_01.dbr,False,0.166667,600,153,BOUNTY
records/proxies/poolsbountygdx3/bounty_heroes01.dbr,sm3,sm3,database/templates/proxypool.tpl,champion,4,records/creatures/enemies/bounties/ku_bounty_08.dbr,100,PRESENT,1,PRESENT,,ABSENT,,ABSENT,,ABSENT,records/proxies/lv6_hero.dbr,PRESENT,0,0,1,1,100.0,records/proxies/proxypoolequation_01.dbr,False,0.166667,600,153,BOUNTY
records/proxies/poolsbountygdx3/bounty_heroes01.dbr,sm3,sm3,database/templates/proxypool.tpl,champion,5,records/creatures/enemies/bounties/ku_bounty_09.dbr,100,PRESENT,1,PRESENT,,ABSENT,,ABSENT,,ABSENT,records/proxies/lv6_hero.dbr,PRESENT,0,0,1,1,100.0,records/proxies/proxypoolequation_01.dbr,False,0.166667,600,153,BOUNTY
records/proxies/poolsbountygdx3/bounty_heroes01.dbr,sm3,sm3,database/templates/proxypool.tpl,champion,6,records/creatures/enemies/bounties/ku_bounty_10.dbr,100,PRESENT,1,PRESENT,,ABSENT,,ABSENT,,ABSENT,records/proxies/lv6_hero.dbr,PRESENT,0,0,1,1,100.0,records/proxies/proxypoolequation_01.dbr,False,0.166667,600,153,BOUNTY
records/proxies/poolsdevotion/devotion_heroes01.dbr,sm_mod,sm_mod,database/templates/proxypool.tpl,champion,1,records/creatures/enemies/devotion/aetherialphantom_h01.dbr,100,PRESENT,1,PRESENT,,ABSENT,,ABSENT,,ABSENT,records/proxies/lv6_hero.dbr,PRESENT,0,0,1,1,100.0,records/proxies/proxypoolequation_01.dbr,False,0.071429,1400,150|152|158,DEVOTION
records/proxies/poolsdevotion/devotion_heroes01.dbr,sm_mod,sm_mod,database/templates/proxypool.tpl,champion,2,records/creatures/enemies/devotion/aetherialphantom_h02.dbr,100,PRESENT,1,PRESENT,,ABSENT,,ABSENT,,ABSENT,records/proxies/lv6_hero.dbr,PRESENT,0,0,1,1,100.0,records/proxies/proxypoolequation_01.dbr,False,0.071429,1400,150|152|158,DEVOTION
records/proxies/poolsdevotion/devotion_heroes01.dbr,sm_mod,sm_mod,database/templates/proxypool.tpl,champion,3,records/creatures/enemies/devotion/aetherialphantom_h03.dbr,100,PRESENT,1,PRESENT,,ABSENT,,ABSENT,,ABSENT,records/proxies/lv6_hero.dbr,PRESENT,0,0,1,1,100.0,records/proxies/proxypoolequation_01.dbr,False,0.071429,1400,150|152|158,DEVOTION
records/proxies/poolsdevotion/devotion_heroes01.dbr,sm_mod,sm_mod,database/templates/proxypool.tpl,champion,4,records/creatures/enemies/devotion/chthoniandevourer_h01.dbr,100,PRESENT,1,PRESENT,,ABSENT,,ABSENT,,ABSENT,records/proxies/lv6_hero.dbr,PRESENT,0,0,1,1,100.0,records/proxies/proxypoolequation_01.dbr,False,0.071429,1400,150|152|158,DEVOTION
records/proxies/poolsdevotion/devotion_heroes01.dbr,sm_mod,sm_mod,database/templates/proxypool.tpl,champion,5,records/creatures/enemies/devotion/chthoniandevourer_h02.dbr,100,PRESENT,1,PRESENT,,ABSENT,,ABSENT,,ABSENT,records/proxies/lv6_hero.dbr,PRESENT,0,0,1,1,100.0,records/proxies/proxypoolequation_01.dbr,False,0.071429,1400,150|152|158,DEVOTION
records/proxies/poolsdevotion/devotion_heroes01.dbr,sm_mod,sm_mod,database/templates/proxypool.tpl,champion,6,records/creatures/enemies/devotion/chthoniandevourer_h03.dbr,100,PRESENT,1,PRESENT,,ABSENT,,ABSENT,,ABSENT,records/proxies/lv6_hero.dbr,PRESENT,0,0,1,1,100.0,records/proxies/proxypoolequation_01.dbr,False,0.071429,1400,150|152|158,DEVOTION
records/proxies/poolsdevotion/devotion_heroes01.dbr,sm_mod,sm_mod,database/templates/proxypool.tpl,champion,7,records/creatures/enemies/devotion/chthoniandevourer_h04.dbr,100,PRESENT,1,PRESENT,,ABSENT,,ABSENT,,ABSENT,records/proxies/lv6_hero.dbr,PRESENT,0,0,1,1,100.0,records/proxies/proxypoolequation_01.dbr,False,0.071429,1400,150|152|158,DEVOTION
records/proxies/poolsdevotion/devotion_heroes01.dbr,sm_mod,sm_mod,database/templates/proxypool.tpl,champion,8,records/creatures/enemies/devotion/chthoniandevourer_h05.dbr,100,PRESENT,1,PRESENT,,ABSENT,,ABSENT,,ABSENT,records/proxies/lv6_hero.dbr,PRESENT,0,0,1,1,100.0,records/proxies/proxypoolequation_01.dbr,False,0.071429,1400,150|152|158,DEVOTION
records/proxies/poolsdevotion/devotion_heroes01.dbr,sm_mod,sm_mod,database/templates/proxypool.tpl,champion,9,records/creatures/enemies/devotion/chthoniandevourer_h06.dbr,100,PRESENT,1,PRESENT,,ABSENT,,ABSENT,,ABSENT,records/proxies/lv6_hero.dbr,PRESENT,0,0,1,1,100.0,records/proxies/proxypoolequation_01.dbr,False,0.071429,1400,150|152|158,DEVOTION
records/proxies/poolsdevotion/devotion_heroes01.dbr,sm_mod,sm_mod,database/templates/proxypool.tpl,champion,10,records/creatures/enemies/devotion/chthoniandreadguard_h01.dbr,100,PRESENT,1,PRESENT,,ABSENT,,ABSENT,,ABSENT,records/proxies/lv6_hero.dbr,PRESENT,0,0,1,1,100.0,records/proxies/proxypoolequation_01.dbr,False,0.071429,1400,150|152|158,DEVOTION
records/proxies/poolsdevotion/devotion_heroes01.dbr,sm_mod,sm_mod,database/templates/proxypool.tpl,champion,11,records/creatures/enemies/devotion/chthoniandreadguard_h02.dbr,100,PRESENT,1,PRESENT,,ABSENT,,ABSENT,,ABSENT,records/proxies/lv6_hero.dbr,PRESENT,0,0,1,1,100.0,records/proxies/proxypoolequation_01.dbr,False,0.071429,1400,150|152|158,DEVOTION
records/proxies/poolsdevotion/devotion_heroes01.dbr,sm_mod,sm_mod,database/templates/proxypool.tpl,champion,12,records/creatures/enemies/devotion/chthoniandreadguard_h03.dbr,100,PRESENT,1,PRESENT,,ABSENT,,ABSENT,,ABSENT,records/proxies/lv6_hero.dbr,PRESENT,0,0,1,1,100.0,records/proxies/proxypoolequation_01.dbr,False,0.071429,1400,150|152|158,DEVOTION
records/proxies/poolsdevotion/devotion_heroes01.dbr,sm_mod,sm_mod,database/templates/proxypool.tpl,champion,13,records/creatures/enemies/devotion/chthoniandreadguard_h04.dbr,100,PRESENT,1,PRESENT,,ABSENT,,ABSENT,,ABSENT,records/proxies/lv6_hero.dbr,PRESENT,0,0,1,1,100.0,records/proxies/proxypoolequation_01.dbr,False,0.071429,1400,150|152|158,DEVOTION
records/proxies/poolsdevotion/devotion_heroes01.dbr,sm_mod,sm_mod,database/templates/proxypool.tpl,champion,14,records/creatures/enemies/devotion/chthoniandreadguard_h05.dbr,100,PRESENT,1,PRESENT,,ABSENT,,ABSENT,,ABSENT,records/proxies/lv6_hero.dbr,PRESENT,0,0,1,1,100.0,records/proxies/proxypoolequation_01.dbr,False,0.071429,1400,150|152|158,DEVOTION
records/proxies/poolsdevotion/devotion_heroes02.dbr,sm_mod,sm_mod,database/templates/proxypool.tpl,champion,1,records/creatures/enemies/devotion/chthonianfiend_h02.dbr,100,PRESENT,1,PRESENT,,ABSENT,,ABSENT,,ABSENT,records/proxies/lv6_hero.dbr,PRESENT,0,0,1,1,100.0,records/proxies/proxypoolequation_01.dbr,False,0.076923,1300,150|152|158,DEVOTION
records/proxies/poolsdevotion/devotion_heroes02.dbr,sm_mod,sm_mod,database/templates/proxypool.tpl,champion,2,records/creatures/enemies/devotion/chthonianfiend_h03.dbr,100,PRESENT,1,PRESENT,,ABSENT,,ABSENT,,ABSENT,records/proxies/lv6_hero.dbr,PRESENT,0,0,1,1,100.0,records/proxies/proxypoolequation_01.dbr,False,0.076923,1300,150|152|158,DEVOTION
records/proxies/poolsdevotion/devotion_heroes02.dbr,sm_mod,sm_mod,database/templates/proxypool.tpl,champion,3,records/creatures/enemies/devotion/chthonianfiend_h04.dbr,100,PRESENT,1,PRESENT,,ABSENT,,ABSENT,,ABSENT,records/proxies/lv6_hero.dbr,PRESENT,0,0,1,1,100.0,records/proxies/proxypoolequation_01.dbr,False,0.076923,1300,150|152|158,DEVOTION
records/proxies/poolsdevotion/devotion_heroes02.dbr,sm_mod,sm_mod,database/templates/proxypool.tpl,champion,4,records/creatures/enemies/devotion/chthonianfiend_h05.dbr,100,PRESENT,1,PRESENT,,ABSENT,,ABSENT,,ABSENT,records/proxies/lv6_hero.dbr,PRESENT,0,0,1,1,100.0,records/proxies/proxypoolequation_01.dbr,False,0.076923,1300,150|152|158,DEVOTION
records/proxies/poolsdevotion/devotion_heroes02.dbr,sm_mod,sm_mod,database/templates/proxypool.tpl,champion,5,records/creatures/enemies/devotion/chthonianfiend_h06.dbr,100,PRESENT,1,PRESENT,,ABSENT,,ABSENT,,ABSENT,records/proxies/lv6_hero.dbr,PRESENT,0,0,1,1,100.0,records/proxies/proxypoolequation_01.dbr,False,0.076923,1300,150|152|158,DEVOTION
records/proxies/poolsdevotion/devotion_heroes02.dbr,sm_mod,sm_mod,database/templates/proxypool.tpl,champion,6,records/creatures/enemies/devotion/chthonianminion_h01.dbr,100,PRESENT,1,PRESENT,,ABSENT,,ABSENT,,ABSENT,records/proxies/lv6_hero.dbr,PRESENT,0,0,1,1,100.0,records/proxies/proxypoolequation_01.dbr,False,0.076923,1300,150|152|158,DEVOTION
records/proxies/poolsdevotion/devotion_heroes02.dbr,sm_mod,sm_mod,database/templates/proxypool.tpl,champion,7,records/creatures/enemies/devotion/chthonianminion_h02.dbr,100,PRESENT,1,PRESENT,,ABSENT,,ABSENT,,ABSENT,records/proxies/lv6_hero.dbr,PRESENT,0,0,1,1,100.0,records/proxies/proxypoolequation_01.dbr,False,0.076923,1300,150|152|158,DEVOTION
records/proxies/poolsdevotion/devotion_heroes02.dbr,sm_mod,sm_mod,database/templates/proxypool.tpl,champion,8,records/creatures/enemies/devotion/chthonianminion_h03.dbr,100,PRESENT,1,PRESENT,,ABSENT,,ABSENT,,ABSENT,records/proxies/lv6_hero.dbr,PRESENT,0,0,1,1,100.0,records/proxies/proxypoolequation_01.dbr,False,0.076923,1300,150|152|158,DEVOTION
records/proxies/poolsdevotion/devotion_heroes02.dbr,sm_mod,sm_mod,database/templates/proxypool.tpl,champion,9,records/creatures/enemies/devotion/chthonianminion_h04.dbr,100,PRESENT,1,PRESENT,,ABSENT,,ABSENT,,ABSENT,records/proxies/lv6_hero.dbr,PRESENT,0,0,1,1,100.0,records/proxies/proxypoolequation_01.dbr,False,0.076923,1300,150|152|158,DEVOTION
records/proxies/poolsdevotion/devotion_heroes02.dbr,sm_mod,sm_mod,database/templates/proxypool.tpl,champion,10,records/creatures/enemies/devotion/chthonianminion_h05.dbr,100,PRESENT,1,PRESENT,,ABSENT,,ABSENT,,ABSENT,records/proxies/lv6_hero.dbr,PRESENT,0,0,1,1,100.0,records/proxies/proxypoolequation_01.dbr,False,0.076923,1300,150|152|158,DEVOTION
records/proxies/poolsdevotion/devotion_heroes02.dbr,sm_mod,sm_mod,database/templates/proxypool.tpl,champion,11,records/creatures/enemies/devotion/chthonianminion_h06.dbr,100,PRESENT,1,PRESENT,,ABSENT,,ABSENT,,ABSENT,records/proxies/lv6_hero.dbr,PRESENT,0,0,1,1,100.0,records/proxies/proxypoolequation_01.dbr,False,0.076923,1300,150|152|158,DEVOTION
records/proxies/poolsdevotion/devotion_heroes02.dbr,sm_mod,sm_mod,database/templates/proxypool.tpl,champion,12,records/creatures/enemies/devotion/chthonianminion_h07.dbr,100,PRESENT,1,PRESENT,,ABSENT,,ABSENT,,ABSENT,records/proxies/lv6_hero.dbr,PRESENT,0,0,1,1,100.0,records/proxies/proxypoolequation_01.dbr,False,0.076923,1300,150|152|158,DEVOTION
records/proxies/poolsdevotion/devotion_heroes02.dbr,sm_mod,sm_mod,database/templates/proxypool.tpl,champion,13,records/creatures/enemies/devotion/chthonianmonstrosity_h01.dbr,100,PRESENT,1,PRESENT,,ABSENT,,ABSENT,,ABSENT,records/proxies/lv6_hero.dbr,PRESENT,0,0,1,1,100.0,records/proxies/proxypoolequation_01.dbr,False,0.076923,1300,150|152|158,DEVOTION
records/proxies/poolsdevotion/devotion_heroes03.dbr,sm_mod,sm_mod,database/templates/proxypool.tpl,champion,1,records/creatures/enemies/devotion/fleshhulk_h03.dbr,100,PRESENT,1,PRESENT,,ABSENT,,ABSENT,,ABSENT,records/proxies/lv6_hero.dbr,PRESENT,0,0,1,1,100.0,records/proxies/proxypoolequation_01.dbr,False,0.076923,1300,150|152|158,DEVOTION
records/proxies/poolsdevotion/devotion_heroes03.dbr,sm_mod,sm_mod,database/templates/proxypool.tpl,champion,2,records/creatures/enemies/devotion/fleshhulk_h04.dbr,100,PRESENT,1,PRESENT,,ABSENT,,ABSENT,,ABSENT,records/proxies/lv6_hero.dbr,PRESENT,0,0,1,1,100.0,records/proxies/proxypoolequation_01.dbr,False,0.076923,1300,150|152|158,DEVOTION
records/proxies/poolsdevotion/devotion_heroes03.dbr,sm_mod,sm_mod,database/templates/proxypool.tpl,champion,3,records/creatures/enemies/devotion/ghost_h01.dbr,100,PRESENT,1,PRESENT,,ABSENT,,ABSENT,,ABSENT,records/proxies/lv6_hero.dbr,PRESENT,0,0,1,1,100.0,records/proxies/proxypoolequation_01.dbr,False,0.076923,1300,150|152|158,DEVOTION
records/proxies/poolsdevotion/devotion_heroes03.dbr,sm_mod,sm_mod,database/templates/proxypool.tpl,champion,4,records/creatures/enemies/devotion/ghost_h02.dbr,100,PRESENT,1,PRESENT,,ABSENT,,ABSENT,,ABSENT,records/proxies/lv6_hero.dbr,PRESENT,0,0,1,1,100.0,records/proxies/proxypoolequation_01.dbr,False,0.076923,1300,150|152|158,DEVOTION
records/proxies/poolsdevotion/devotion_heroes03.dbr,sm_mod,sm_mod,database/templates/proxypool.tpl,champion,5,records/creatures/enemies/devotion/ghost_h03.dbr,100,PRESENT,1,PRESENT,,ABSENT,,ABSENT,,ABSENT,records/proxies/lv6_hero.dbr,PRESENT,0,0,1,1,100.0,records/proxies/proxypoolequation_01.dbr,False,0.076923,1300,150|152|158,DEVOTION
records/proxies/poolsdevotion/devotion_heroes03.dbr,sm_mod,sm_mod,database/templates/proxypool.tpl,champion,6,records/creatures/enemies/devotion/ghost_h04.dbr,100,PRESENT,1,PRESENT,,ABSENT,,ABSENT,,ABSENT,records/proxies/lv6_hero.dbr,PRESENT,0,0,1,1,100.0,records/proxies/proxypoolequation_01.dbr,False,0.076923,1300,150|152|158,DEVOTION
records/proxies/poolsdevotion/devotion_heroes03.dbr,sm_mod,sm_mod,database/templates/proxypool.tpl,champion,7,records/creatures/enemies/devotion/ghost_h05.dbr,100,PRESENT,1,PRESENT,,ABSENT,,ABSENT,,ABSENT,records/proxies/lv6_hero.dbr,PRESENT,0,0,1,1,100.0,records/proxies/proxypoolequation_01.dbr,False,0.076923,1300,150|152|158,DEVOTION
records/proxies/poolsdevotion/devotion_heroes03.dbr,sm_mod,sm_mod,database/templates/proxypool.tpl,champion,8,records/creatures/enemies/devotion/ghost_h06.dbr,100,PRESENT,1,PRESENT,,ABSENT,,ABSENT,,ABSENT,records/proxies/lv6_hero.dbr,PRESENT,0,0,1,1,100.0,records/proxies/proxypoolequation_01.dbr,False,0.076923,1300,150|152|158,DEVOTION
records/proxies/poolsdevotion/devotion_heroes03.dbr,sm_mod,sm_mod,database/templates/proxypool.tpl,champion,9,records/creatures/enemies/devotion/ghost_h07.dbr,100,PRESENT,1,PRESENT,,ABSENT,,ABSENT,,ABSENT,records/proxies/lv6_hero.dbr,PRESENT,0,0,1,1,100.0,records/proxies/proxypoolequation_01.dbr,False,0.076923,1300,150|152|158,DEVOTION
records/proxies/poolsdevotion/devotion_heroes03.dbr,sm_mod,sm_mod,database/templates/proxypool.tpl,champion,10,records/creatures/enemies/devotion/ghost_h08.dbr,100,PRESENT,1,PRESENT,,ABSENT,,ABSENT,,ABSENT,records/proxies/lv6_hero.dbr,PRESENT,0,0,1,1,100.0,records/proxies/proxypoolequation_01.dbr,False,0.076923,1300,150|152|158,DEVOTION
records/proxies/poolsdevotion/devotion_heroes03.dbr,sm_mod,sm_mod,database/templates/proxypool.tpl,champion,11,records/creatures/enemies/devotion/ghost_h09.dbr,100,PRESENT,1,PRESENT,,ABSENT,,ABSENT,,ABSENT,records/proxies/lv6_hero.dbr,PRESENT,0,0,1,1,100.0,records/proxies/proxypoolequation_01.dbr,False,0.076923,1300,150|152|158,DEVOTION
records/proxies/poolsdevotion/devotion_heroes03.dbr,sm_mod,sm_mod,database/templates/proxypool.tpl,champion,12,records/creatures/enemies/devotion/prawncave_h01.dbr,100,PRESENT,1,PRESENT,,ABSENT,,ABSENT,,ABSENT,records/proxies/lv6_hero.dbr,PRESENT,0,0,1,1,100.0,records/proxies/proxypoolequation_01.dbr,False,0.076923,1300,150|152|158,DEVOTION
records/proxies/poolsdevotion/devotion_heroes03.dbr,sm_mod,sm_mod,database/templates/proxypool.tpl,champion,13,records/creatures/enemies/devotion/prawncave_h02.dbr,100,PRESENT,1,PRESENT,,ABSENT,,ABSENT,,ABSENT,records/proxies/lv6_hero.dbr,PRESENT,0,0,1,1,100.0,records/proxies/proxypoolequation_01.dbr,False,0.076923,1300,150|152|158,DEVOTION
records/proxies/poolsdevotion/devotion_heroes04.dbr,sm_mod,sm_mod,database/templates/proxypool.tpl,champion,1,records/creatures/enemies/devotion/skeletalgolem_h02.dbr,100,PRESENT,1,PRESENT,,ABSENT,,ABSENT,,ABSENT,records/proxies/lv6_hero.dbr,PRESENT,0,0,1,1,100.0,records/proxies/proxypoolequation_01.dbr,False,0.076923,1300,150|152|158,DEVOTION
records/proxies/poolsdevotion/devotion_heroes04.dbr,sm_mod,sm_mod,database/templates/proxypool.tpl,champion,2,records/creatures/enemies/devotion/skeletalgolem_h03.dbr,100,PRESENT,1,PRESENT,,ABSENT,,ABSENT,,ABSENT,records/proxies/lv6_hero.dbr,PRESENT,0,0,1,1,100.0,records/proxies/proxypoolequation_01.dbr,False,0.076923,1300,150|152|158,DEVOTION
records/proxies/poolsdevotion/devotion_heroes04.dbr,sm_mod,sm_mod,database/templates/proxypool.tpl,champion,3,records/creatures/enemies/devotion/skeletalgolem_h04.dbr,100,PRESENT,1,PRESENT,,ABSENT,,ABSENT,,ABSENT,records/proxies/lv6_hero.dbr,PRESENT,0,0,1,1,100.0,records/proxies/proxypoolequation_01.dbr,False,0.076923,1300,150|152|158,DEVOTION
records/proxies/poolsdevotion/devotion_heroes04.dbr,sm_mod,sm_mod,database/templates/proxypool.tpl,champion,4,records/creatures/enemies/devotion/skeletalgolem_h05.dbr,100,PRESENT,1,PRESENT,,ABSENT,,ABSENT,,ABSENT,records/proxies/lv6_hero.dbr,PRESENT,0,0,1,1,100.0,records/proxies/proxypoolequation_01.dbr,False,0.076923,1300,150|152|158,DEVOTION
records/proxies/poolsdevotion/devotion_heroes04.dbr,sm_mod,sm_mod,database/templates/proxypool.tpl,champion,5,records/creatures/enemies/devotion/skeleton_h01.dbr,100,PRESENT,1,PRESENT,,ABSENT,,ABSENT,,ABSENT,records/proxies/lv6_hero.dbr,PRESENT,0,0,1,1,100.0,records/proxies/proxypoolequation_01.dbr,False,0.076923,1300,150|152|158,DEVOTION
records/proxies/poolsdevotion/devotion_heroes04.dbr,sm_mod,sm_mod,database/templates/proxypool.tpl,champion,6,records/creatures/enemies/devotion/skeleton_h02.dbr,100,PRESENT,1,PRESENT,,ABSENT,,ABSENT,,ABSENT,records/proxies/lv6_hero.dbr,PRESENT,0,0,1,1,100.0,records/proxies/proxypoolequation_01.dbr,False,0.076923,1300,150|152|158,DEVOTION
records/proxies/poolsdevotion/devotion_heroes04.dbr,sm_mod,sm_mod,database/templates/proxypool.tpl,champion,7,records/creatures/enemies/devotion/skeleton_h03.dbr,100,PRESENT,1,PRESENT,,ABSENT,,ABSENT,,ABSENT,records/proxies/lv6_hero.dbr,PRESENT,0,0,1,1,100.0,records/proxies/proxypoolequation_01.dbr,False,0.076923,1300,150|152|158,DEVOTION
records/proxies/poolsdevotion/devotion_heroes04.dbr,sm_mod,sm_mod,database/templates/proxypool.tpl,champion,8,records/creatures/enemies/devotion/skeleton_h04.dbr,100,PRESENT,1,PRESENT,,ABSENT,,ABSENT,,ABSENT,records/proxies/lv6_hero.dbr,PRESENT,0,0,1,1,100.0,records/proxies/proxypoolequation_01.dbr,False,0.076923,1300,150|152|158,DEVOTION
records/proxies/poolsdevotion/devotion_heroes04.dbr,sm_mod,sm_mod,database/templates/proxypool.tpl,champion,9,records/creatures/enemies/devotion/skeleton_h05.dbr,100,PRESENT,1,PRESENT,,ABSENT,,ABSENT,,ABSENT,records/proxies/lv6_hero.dbr,PRESENT,0,0,1,1,100.0,records/proxies/proxypoolequation_01.dbr,False,0.076923,1300,150|152|158,DEVOTION
records/proxies/poolsdevotion/devotion_heroes04.dbr,sm_mod,sm_mod,database/templates/proxypool.tpl,champion,10,records/creatures/enemies/devotion/skeleton_h06.dbr,100,PRESENT,1,PRESENT,,ABSENT,,ABSENT,,ABSENT,records/proxies/lv6_hero.dbr,PRESENT,0,0,1,1,100.0,records/proxies/proxypoolequation_01.dbr,False,0.076923,1300,150|152|158,DEVOTION
records/proxies/poolsdevotion/devotion_heroes04.dbr,sm_mod,sm_mod,database/templates/proxypool.tpl,champion,11,records/creatures/enemies/devotion/skeleton_h07.dbr,100,PRESENT,1,PRESENT,,ABSENT,,ABSENT,,ABSENT,records/proxies/lv6_hero.dbr,PRESENT,0,0,1,1,100.0,records/proxies/proxypoolequation_01.dbr,False,0.076923,1300,150|152|158,DEVOTION
records/proxies/poolsdevotion/devotion_heroes04.dbr,sm_mod,sm_mod,database/templates/proxypool.tpl,champion,12,records/creatures/enemies/devotion/skeleton_h08.dbr,100,PRESENT,1,PRESENT,,ABSENT,,ABSENT,,ABSENT,records/proxies/lv6_hero.dbr,PRESENT,0,0,1,1,100.0,records/proxies/proxypoolequation_01.dbr,False,0.076923,1300,150|152|158,DEVOTION
records/proxies/poolsdevotion/devotion_heroes04.dbr,sm_mod,sm_mod,database/templates/proxypool.tpl,champion,13,records/creatures/enemies/devotion/skeleton_h09.dbr,100,PRESENT,1,PRESENT,,ABSENT,,ABSENT,,ABSENT,records/proxies/lv6_hero.dbr,PRESENT,0,0,1,1,100.0,records/proxies/proxypoolequation_01.dbr,False,0.076923,1300,150|152|158,DEVOTION
records/proxies/poolsdevotion/devotion_heroes05.dbr,sm_mod,sm_mod,database/templates/proxypool.tpl,champion,1,records/creatures/enemies/devotion/slith_h02.dbr,100,PRESENT,1,PRESENT,,ABSENT,,ABSENT,,ABSENT,records/proxies/lv6_hero.dbr,PRESENT,0,0,1,1,100.0,records/proxies/proxypoolequation_01.dbr,False,0.076923,1300,150|152|158,DEVOTION
records/proxies/poolsdevotion/devotion_heroes05.dbr,sm_mod,sm_mod,database/templates/proxypool.tpl,champion,2,records/creatures/enemies/devotion/slith_h03.dbr,100,PRESENT,1,PRESENT,,ABSENT,,ABSENT,,ABSENT,records/proxies/lv6_hero.dbr,PRESENT,0,0,1,1,100.0,records/proxies/proxypoolequation_01.dbr,False,0.076923,1300,150|152|158,DEVOTION
records/proxies/poolsdevotion/devotion_heroes05.dbr,sm_mod,sm_mod,database/templates/proxypool.tpl,champion,3,records/creatures/enemies/devotion/slith_h04.dbr,100,PRESENT,1,PRESENT,,ABSENT,,ABSENT,,ABSENT,records/proxies/lv6_hero.dbr,PRESENT,0,0,1,1,100.0,records/proxies/proxypoolequation_01.dbr,False,0.076923,1300,150|152|158,DEVOTION
records/proxies/poolsdevotion/devotion_heroes05.dbr,sm_mod,sm_mod,database/templates/proxypool.tpl,champion,4,records/creatures/enemies/devotion/slith_h05.dbr,100,PRESENT,1,PRESENT,,ABSENT,,ABSENT,,ABSENT,records/proxies/lv6_hero.dbr,PRESENT,0,0,1,1,100.0,records/proxies/proxypoolequation_01.dbr,False,0.076923,1300,150|152|158,DEVOTION
records/proxies/poolsdevotion/devotion_heroes05.dbr,sm_mod,sm_mod,database/templates/proxypool.tpl,champion,5,records/creatures/enemies/devotion/slith_h06.dbr,100,PRESENT,1,PRESENT,,ABSENT,,ABSENT,,ABSENT,records/proxies/lv6_hero.dbr,PRESENT,0,0,1,1,100.0,records/proxies/proxypoolequation_01.dbr,False,0.076923,1300,150|152|158,DEVOTION
records/proxies/poolsdevotion/devotion_heroes05.dbr,sm_mod,sm_mod,database/templates/proxypool.tpl,champion,6,records/creatures/enemies/devotion/slith_h07.dbr,100,PRESENT,1,PRESENT,,ABSENT,,ABSENT,,ABSENT,records/proxies/lv6_hero.dbr,PRESENT,0,0,1,1,100.0,records/proxies/proxypoolequation_01.dbr,False,0.076923,1300,150|152|158,DEVOTION
records/proxies/poolsdevotion/devotion_heroes05.dbr,sm_mod,sm_mod,database/templates/proxypool.tpl,champion,7,records/creatures/enemies/devotion/slith_h08.dbr,100,PRESENT,1,PRESENT,,ABSENT,,ABSENT,,ABSENT,records/proxies/lv6_hero.dbr,PRESENT,0,0,1,1,100.0,records/proxies/proxypoolequation_01.dbr,False,0.076923,1300,150|152|158,DEVOTION
records/proxies/poolsdevotion/devotion_heroes05.dbr,sm_mod,sm_mod,database/templates/proxypool.tpl,champion,8,records/creatures/enemies/devotion/spider_cave_h01.dbr,100,PRESENT,1,PRESENT,,ABSENT,,ABSENT,,ABSENT,records/proxies/lv6_hero.dbr,PRESENT,0,0,1,1,100.0,records/proxies/proxypoolequation_01.dbr,False,0.076923,1300,150|152|158,DEVOTION
records/proxies/poolsdevotion/devotion_heroes05.dbr,sm_mod,sm_mod,database/templates/proxypool.tpl,champion,9,records/creatures/enemies/devotion/spider_cave_h02.dbr,100,PRESENT,1,PRESENT,,ABSENT,,ABSENT,,ABSENT,records/proxies/lv6_hero.dbr,PRESENT,0,0,1,1,100.0,records/proxies/proxypoolequation_01.dbr,False,0.076923,1300,150|152|158,DEVOTION
records/proxies/poolsdevotion/devotion_heroes05.dbr,sm_mod,sm_mod,database/templates/proxypool.tpl,champion,10,records/creatures/enemies/devotion/spider_cave_h03.dbr,100,PRESENT,1,PRESENT,,ABSENT,,ABSENT,,ABSENT,records/proxies/lv6_hero.dbr,PRESENT,0,0,1,1,100.0,records/proxies/proxypoolequation_01.dbr,False,0.076923,1300,150|152|158,DEVOTION
records/proxies/poolsdevotion/devotion_heroes05.dbr,sm_mod,sm_mod,database/templates/proxypool.tpl,champion,11,records/creatures/enemies/devotion/zombiemutated_h01.dbr,100,PRESENT,1,PRESENT,,ABSENT,,ABSENT,,ABSENT,records/proxies/lv6_hero.dbr,PRESENT,0,0,1,1,100.0,records/proxies/proxypoolequation_01.dbr,False,0.076923,1300,150|152|158,DEVOTION
records/proxies/poolsdevotion/devotion_heroes05.dbr,sm_mod,sm_mod,database/templates/proxypool.tpl,champion,12,records/creatures/enemies/devotion/zombiemutated_h02.dbr,100,PRESENT,1,PRESENT,,ABSENT,,ABSENT,,ABSENT,records/proxies/lv6_hero.dbr,PRESENT,0,0,1,1,100.0,records/proxies/proxypoolequation_01.dbr,False,0.076923,1300,150|152|158,DEVOTION
records/proxies/poolsdevotion/devotion_heroes05.dbr,sm_mod,sm_mod,database/templates/proxypool.tpl,champion,13,records/creatures/enemies/devotion/zombiemutated_h03.dbr,100,PRESENT,1,PRESENT,,ABSENT,,ABSENT,,ABSENT,records/proxies/lv6_hero.dbr,PRESENT,0,0,1,1,100.0,records/proxies/proxypoolequation_01.dbr,False,0.076923,1300,150|152|158,DEVOTION
records/proxies/poolsdevotion/devotion_heroes06.dbr,sm_mod,sm_mod,database/templates/proxypool.tpl,champion,1,records/creatures/enemies/devotion/zombiemutated_h04.dbr,100,PRESENT,1,PRESENT,,ABSENT,,ABSENT,,ABSENT,records/proxies/lv6_hero.dbr,PRESENT,0,0,1,1,100.0,records/proxies/proxypoolequation_01.dbr,False,0.076923,1300,150|152|158,DEVOTION
records/proxies/poolsdevotion/devotion_heroes06.dbr,sm_mod,sm_mod,database/templates/proxypool.tpl,champion,2,records/creatures/enemies/devotion/zombie_h01.dbr,100,PRESENT,1,PRESENT,,ABSENT,,ABSENT,,ABSENT,records/proxies/lv6_hero.dbr,PRESENT,0,0,1,1,100.0,records/proxies/proxypoolequation_01.dbr,False,0.076923,1300,150|152|158,DEVOTION
records/proxies/poolsdevotion/devotion_heroes06.dbr,sm_mod,sm_mod,database/templates/proxypool.tpl,champion,3,records/creatures/enemies/devotion/zombie_h02.dbr,100,PRESENT,1,PRESENT,,ABSENT,,ABSENT,,ABSENT,records/proxies/lv6_hero.dbr,PRESENT,0,0,1,1,100.0,records/proxies/proxypoolequation_01.dbr,False,0.076923,1300,150|152|158,DEVOTION
records/proxies/poolsdevotion/devotion_heroes06.dbr,sm_mod,sm_mod,database/templates/proxypool.tpl,champion,4,records/creatures/enemies/devotion/zombie_h03.dbr,100,PRESENT,1,PRESENT,,ABSENT,,ABSENT,,ABSENT,records/proxies/lv6_hero.dbr,PRESENT,0,0,1,1,100.0,records/proxies/proxypoolequation_01.dbr,False,0.076923,1300,150|152|158,DEVOTION
records/proxies/poolsdevotion/devotion_heroes06.dbr,sm_mod,sm_mod,database/templates/proxypool.tpl,champion,5,records/creatures/enemies/devotion/zombie_h04.dbr,100,PRESENT,1,PRESENT,,ABSENT,,ABSENT,,ABSENT,records/proxies/lv6_hero.dbr,PRESENT,0,0,1,1,100.0,records/proxies/proxypoolequation_01.dbr,False,0.076923,1300,150|152|158,DEVOTION
records/proxies/poolsdevotion/devotion_heroes06.dbr,sm_mod,sm_mod,database/templates/proxypool.tpl,champion,6,records/creatures/enemies/devotion/zombie_h05.dbr,100,PRESENT,1,PRESENT,,ABSENT,,ABSENT,,ABSENT,records/proxies/lv6_hero.dbr,PRESENT,0,0,1,1,100.0,records/proxies/proxypoolequation_01.dbr,False,0.076923,1300,150|152|158,DEVOTION
records/proxies/poolsdevotion/devotion_heroes06.dbr,sm_mod,sm_mod,database/templates/proxypool.tpl,champion,7,records/creatures/enemies/devotion/skeleton_h10.dbr,100,PRESENT,1,PRESENT,,ABSENT,,ABSENT,,ABSENT,records/proxies/lv6_hero.dbr,PRESENT,0,0,1,1,100.0,records/proxies/proxypoolequation_01.dbr,False,0.076923,1300,150|152|158,DEVOTION
records/proxies/poolsdevotion/devotion_heroes06.dbr,sm_mod,sm_mod,database/templates/proxypool.tpl,champion,8,records/creatures/enemies/devotion/slith_h01.dbr,100,PRESENT,1,PRESENT,,ABSENT,,ABSENT,,ABSENT,records/proxies/lv6_hero.dbr,PRESENT,0,0,1,1,100.0,records/proxies/proxypoolequation_01.dbr,False,0.076923,1300,150|152|158,DEVOTION
records/proxies/poolsdevotion/devotion_heroes06.dbr,sm_mod,sm_mod,database/templates/proxypool.tpl,champion,9,records/creatures/enemies/devotion/prawncave_h03.dbr,100,PRESENT,1,PRESENT,,ABSENT,,ABSENT,,ABSENT,records/proxies/lv6_hero.dbr,PRESENT,0,0,1,1,100.0,records/proxies/proxypoolequation_01.dbr,False,0.076923,1300,150|152|158,DEVOTION
records/proxies/poolsdevotion/devotion_heroes06.dbr,sm_mod,sm_mod,database/templates/proxypool.tpl,champion,10,records/creatures/enemies/devotion/skeletalgolem_h01.dbr,100,PRESENT,1,PRESENT,,ABSENT,,ABSENT,,ABSENT,records/proxies/lv6_hero.dbr,PRESENT,0,0,1,1,100.0,records/proxies/proxypoolequation_01.dbr,False,0.076923,1300,150|152|158,DEVOTION
records/proxies/poolsdevotion/devotion_heroes06.dbr,sm_mod,sm_mod,database/templates/proxypool.tpl,champion,11,records/creatures/enemies/devotion/fleshhulk_h01.dbr,100,PRESENT,1,PRESENT,,ABSENT,,ABSENT,,ABSENT,records/proxies/lv6_hero.dbr,PRESENT,0,0,1,1,100.0,records/proxies/proxypoolequation_01.dbr,False,0.076923,1300,150|152|158,DEVOTION
records/proxies/poolsdevotion/devotion_heroes06.dbr,sm_mod,sm_mod,database/templates/proxypool.tpl,champion,12,records/creatures/enemies/devotion/fleshhulk_h02.dbr,100,PRESENT,1,PRESENT,,ABSENT,,ABSENT,,ABSENT,records/proxies/lv6_hero.dbr,PRESENT,0,0,1,1,100.0,records/proxies/proxypoolequation_01.dbr,False,0.076923,1300,150|152|158,DEVOTION
records/proxies/poolsdevotion/devotion_heroes06.dbr,sm_mod,sm_mod,database/templates/proxypool.tpl,champion,13,records/creatures/enemies/devotion/chthonianfiend_h01.dbr,100,PRESENT,1,PRESENT,,ABSENT,,ABSENT,,ABSENT,records/proxies/lv6_hero.dbr,PRESENT,0,0,1,1,100.0,records/proxies/proxypoolequation_01.dbr,False,0.076923,1300,150|152|158,DEVOTION
records/proxies/poolsdevotiongdx1/devotion_heroes01.dbr,sm1,sm1,database/templates/proxypool.tpl,champion,1,records/creatures/enemies/devotion/aetherialbloater_h01.dbr,100,PRESENT,1,PRESENT,,ABSENT,,ABSENT,,ABSENT,records/proxies/lv6_hero.dbr,PRESENT,0,0,1,1,100.0,records/proxies/proxypoolequation_01.dbr,False,0.071429,1400,157,DEVOTION
records/proxies/poolsdevotiongdx1/devotion_heroes01.dbr,sm1,sm1,database/templates/proxypool.tpl,champion,2,records/creatures/enemies/devotion/aetherialbloater_h02.dbr,100,PRESENT,1,PRESENT,,ABSENT,,ABSENT,,ABSENT,records/proxies/lv6_hero.dbr,PRESENT,0,0,1,1,100.0,records/proxies/proxypoolequation_01.dbr,False,0.071429,1400,157,DEVOTION
records/proxies/poolsdevotiongdx1/devotion_heroes01.dbr,sm1,sm1,database/templates/proxypool.tpl,champion,3,records/creatures/enemies/devotion/aetherialbloater_h03.dbr,100,PRESENT,1,PRESENT,,ABSENT,,ABSENT,,ABSENT,records/proxies/lv6_hero.dbr,PRESENT,0,0,1,1,100.0,records/proxies/proxypoolequation_01.dbr,False,0.071429,1400,157,DEVOTION
records/proxies/poolsdevotiongdx1/devotion_heroes01.dbr,sm1,sm1,database/templates/proxypool.tpl,champion,4,records/creatures/enemies/devotion/aetherialbloater_h04.dbr,100,PRESENT,1,PRESENT,,ABSENT,,ABSENT,,ABSENT,records/proxies/lv6_hero.dbr,PRESENT,0,0,1,1,100.0,records/proxies/proxypoolequation_01.dbr,False,0.071429,1400,157,DEVOTION
records/proxies/poolsdevotiongdx1/devotion_heroes01.dbr,sm1,sm1,database/templates/proxypool.tpl,champion,5,records/creatures/enemies/devotion/aetherialcolossus_h01.dbr,100,PRESENT,1,PRESENT,,ABSENT,,ABSENT,,ABSENT,records/proxies/lv6_hero.dbr,PRESENT,0,0,1,1,100.0,records/proxies/proxypoolequation_01.dbr,False,0.071429,1400,157,DEVOTION
records/proxies/poolsdevotiongdx1/devotion_heroes01.dbr,sm1,sm1,database/templates/proxypool.tpl,champion,6,records/creatures/enemies/devotion/aetherialcolossus_h02.dbr,100,PRESENT,1,PRESENT,,ABSENT,,ABSENT,,ABSENT,records/proxies/lv6_hero.dbr,PRESENT,0,0,1,1,100.0,records/proxies/proxypoolequation_01.dbr,False,0.071429,1400,157,DEVOTION
records/proxies/poolsdevotiongdx1/devotion_heroes01.dbr,sm1,sm1,database/templates/proxypool.tpl,champion,7,records/creatures/enemies/devotion/aetherialcolossus_h03.dbr,100,PRESENT,1,PRESENT,,ABSENT,,ABSENT,,ABSENT,records/proxies/lv6_hero.dbr,PRESENT,0,0,1,1,100.0,records/proxies/proxypoolequation_01.dbr,False,0.071429,1400,157,DEVOTION
records/proxies/poolsdevotiongdx1/devotion_heroes01.dbr,sm1,sm1,database/templates/proxypool.tpl,champion,8,records/creatures/enemies/devotion/aetherialcolossus_h04.dbr,100,PRESENT,1,PRESENT,,ABSENT,,ABSENT,,ABSENT,records/proxies/lv6_hero.dbr,PRESENT,0,0,1,1,100.0,records/proxies/proxypoolequation_01.dbr,False,0.071429,1400,157,DEVOTION
records/proxies/poolsdevotiongdx1/devotion_heroes01.dbr,sm1,sm1,database/templates/proxypool.tpl,champion,9,records/creatures/enemies/devotion/chthonianservitor_h01.dbr,100,PRESENT,1,PRESENT,,ABSENT,,ABSENT,,ABSENT,records/proxies/lv6_hero.dbr,PRESENT,0,0,1,1,100.0,records/proxies/proxypoolequation_01.dbr,False,0.071429,1400,157,DEVOTION
records/proxies/poolsdevotiongdx1/devotion_heroes01.dbr,sm1,sm1,database/templates/proxypool.tpl,champion,10,records/creatures/enemies/devotion/chthonianservitor_h02.dbr,100,PRESENT,1,PRESENT,,ABSENT,,ABSENT,,ABSENT,records/proxies/lv6_hero.dbr,PRESENT,0,0,1,1,100.0,records/proxies/proxypoolequation_01.dbr,False,0.071429,1400,157,DEVOTION
records/proxies/poolsdevotiongdx1/devotion_heroes01.dbr,sm1,sm1,database/templates/proxypool.tpl,champion,11,records/creatures/enemies/devotion/chthonianservitor_h03.dbr,100,PRESENT,1,PRESENT,,ABSENT,,ABSENT,,ABSENT,records/proxies/lv6_hero.dbr,PRESENT,0,0,1,1,100.0,records/proxies/proxypoolequation_01.dbr,False,0.071429,1400,157,DEVOTION
records/proxies/poolsdevotiongdx1/devotion_heroes01.dbr,sm1,sm1,database/templates/proxypool.tpl,champion,12,records/creatures/enemies/devotion/chthonianservitor_h04.dbr,100,PRESENT,1,PRESENT,,ABSENT,,ABSENT,,ABSENT,records/proxies/lv6_hero.dbr,PRESENT,0,0,1,1,100.0,records/proxies/proxypoolequation_01.dbr,False,0.071429,1400,157,DEVOTION
records/proxies/poolsdevotiongdx1/devotion_heroes01.dbr,sm1,sm1,database/templates/proxypool.tpl,champion,13,records/creatures/enemies/devotion/swampcrab_h01.dbr,100,PRESENT,1,PRESENT,,ABSENT,,ABSENT,,ABSENT,records/proxies/lv6_hero.dbr,PRESENT,0,0,1,1,100.0,records/proxies/proxypoolequation_01.dbr,False,0.071429,1400,157,DEVOTION
records/proxies/poolsdevotiongdx1/devotion_heroes01.dbr,sm1,sm1,database/templates/proxypool.tpl,champion,14,records/creatures/enemies/devotion/swampcrab_h02.dbr,100,PRESENT,1,PRESENT,,ABSENT,,ABSENT,,ABSENT,records/proxies/lv6_hero.dbr,PRESENT,0,0,1,1,100.0,records/proxies/proxypoolequation_01.dbr,False,0.071429,1400,157,DEVOTION
records/proxies/poolsdevotiongdx1/devotion_heroes02.dbr,sm1,sm1,database/templates/proxypool.tpl,champion,1,records/creatures/enemies/devotion/aetherialcorruption_h01.dbr,100,PRESENT,1,PRESENT,,ABSENT,,ABSENT,,ABSENT,records/proxies/lv6_hero.dbr,PRESENT,0,0,1,1,100.0,records/proxies/proxypoolequation_01.dbr,False,0.066667,1500,157,DEVOTION
records/proxies/poolsdevotiongdx1/devotion_heroes02.dbr,sm1,sm1,database/templates/proxypool.tpl,champion,2,records/creatures/enemies/devotion/aetherialcorruption_h02.dbr,100,PRESENT,1,PRESENT,,ABSENT,,ABSENT,,ABSENT,records/proxies/lv6_hero.dbr,PRESENT,0,0,1,1,100.0,records/proxies/proxypoolequation_01.dbr,False,0.066667,1500,157,DEVOTION
records/proxies/poolsdevotiongdx1/devotion_heroes02.dbr,sm1,sm1,database/templates/proxypool.tpl,champion,3,records/creatures/enemies/devotion/aetherialcorruption_h03.dbr,100,PRESENT,1,PRESENT,,ABSENT,,ABSENT,,ABSENT,records/proxies/lv6_hero.dbr,PRESENT,0,0,1,1,100.0,records/proxies/proxypoolequation_01.dbr,False,0.066667,1500,157,DEVOTION
records/proxies/poolsdevotiongdx1/devotion_heroes02.dbr,sm1,sm1,database/templates/proxypool.tpl,champion,4,records/creatures/enemies/devotion/aetherialcorruption_h04.dbr,100,PRESENT,1,PRESENT,,ABSENT,,ABSENT,,ABSENT,records/proxies/lv6_hero.dbr,PRESENT,0,0,1,1,100.0,records/proxies/proxypoolequation_01.dbr,False,0.066667,1500,157,DEVOTION
records/proxies/poolsdevotiongdx1/devotion_heroes02.dbr,sm1,sm1,database/templates/proxypool.tpl,champion,5,records/creatures/enemies/devotion/aetherialfleshshaper_h01.dbr,100,PRESENT,1,PRESENT,,ABSENT,,ABSENT,,ABSENT,records/proxies/lv6_hero.dbr,PRESENT,0,0,1,1,100.0,records/proxies/proxypoolequation_01.dbr,False,0.066667,1500,157,DEVOTION
records/proxies/poolsdevotiongdx1/devotion_heroes02.dbr,sm1,sm1,database/templates/proxypool.tpl,champion,6,records/creatures/enemies/devotion/aetherialfleshshaper_h02.dbr,100,PRESENT,1,PRESENT,,ABSENT,,ABSENT,,ABSENT,records/proxies/lv6_hero.dbr,PRESENT,0,0,1,1,100.0,records/proxies/proxypoolequation_01.dbr,False,0.066667,1500,157,DEVOTION
records/proxies/poolsdevotiongdx1/devotion_heroes02.dbr,sm1,sm1,database/templates/proxypool.tpl,champion,7,records/creatures/enemies/devotion/aetherialfleshshaper_h03.dbr,100,PRESENT,1,PRESENT,,ABSENT,,ABSENT,,ABSENT,records/proxies/lv6_hero.dbr,PRESENT,0,0,1,1,100.0,records/proxies/proxypoolequation_01.dbr,False,0.066667,1500,157,DEVOTION
records/proxies/poolsdevotiongdx1/devotion_heroes02.dbr,sm1,sm1,database/templates/proxypool.tpl,champion,8,records/creatures/enemies/devotion/aetherialfleshshaper_h04.dbr,100,PRESENT,1,PRESENT,,ABSENT,,ABSENT,,ABSENT,records/proxies/lv6_hero.dbr,PRESENT,0,0,1,1,100.0,records/proxies/proxypoolequation_01.dbr,False,0.066667,1500,157,DEVOTION
records/proxies/poolsdevotiongdx1/devotion_heroes02.dbr,sm1,sm1,database/templates/proxypool.tpl,champion,9,records/creatures/enemies/devotion/swampcrab_h03.dbr,100,PRESENT,1,PRESENT,,ABSENT,,ABSENT,,ABSENT,records/proxies/lv6_hero.dbr,PRESENT,0,0,1,1,100.0,records/proxies/proxypoolequation_01.dbr,False,0.066667,1500,157,DEVOTION
records/proxies/poolsdevotiongdx1/devotion_heroes02.dbr,sm1,sm1,database/templates/proxypool.tpl,champion,10,records/creatures/enemies/devotion/swampcrab_h04.dbr,100,PRESENT,1,PRESENT,,ABSENT,,ABSENT,,ABSENT,records/proxies/lv6_hero.dbr,PRESENT,0,0,1,1,100.0,records/proxies/proxypoolequation_01.dbr,False,0.066667,1500,157,DEVOTION
records/proxies/poolsdevotiongdx1/devotion_heroes02.dbr,sm1,sm1,database/templates/proxypool.tpl,champion,11,records/creatures/enemies/devotion/swampgolem_h01.dbr,100,PRESENT,1,PRESENT,,ABSENT,,ABSENT,,ABSENT,records/proxies/lv6_hero.dbr,PRESENT,0,0,1,1,100.0,records/proxies/proxypoolequation_01.dbr,False,0.066667,1500,157,DEVOTION
records/proxies/poolsdevotiongdx1/devotion_heroes02.dbr,sm1,sm1,database/templates/proxypool.tpl,champion,12,records/creatures/enemies/devotion/swampgolem_h02.dbr,100,PRESENT,1,PRESENT,,ABSENT,,ABSENT,,ABSENT,records/proxies/lv6_hero.dbr,PRESENT,0,0,1,1,100.0,records/proxies/proxypoolequation_01.dbr,False,0.066667,1500,157,DEVOTION
records/proxies/poolsdevotiongdx1/devotion_heroes02.dbr,sm1,sm1,database/templates/proxypool.tpl,champion,13,records/creatures/enemies/devotion/swampgolem_h03.dbr,100,PRESENT,1,PRESENT,,ABSENT,,ABSENT,,ABSENT,records/proxies/lv6_hero.dbr,PRESENT,0,0,1,1,100.0,records/proxies/proxypoolequation_01.dbr,False,0.066667,1500,157,DEVOTION
records/proxies/poolsdevotiongdx1/devotion_heroes02.dbr,sm1,sm1,database/templates/proxypool.tpl,champion,14,records/creatures/enemies/devotion/swampgolem_h04.dbr,100,PRESENT,1,PRESENT,,ABSENT,,ABSENT,,ABSENT,records/proxies/lv6_hero.dbr,PRESENT,0,0,1,1,100.0,records/proxies/proxypoolequation_01.dbr,False,0.066667,1500,157,DEVOTION
records/proxies/poolsdevotiongdx1/devotion_heroes02.dbr,sm1,sm1,database/templates/proxypool.tpl,champion,15,records/creatures/enemies/devotion/wraith_h04.dbr,100,PRESENT,1,PRESENT,,ABSENT,,ABSENT,,ABSENT,records/proxies/lv6_hero.dbr,PRESENT,0,0,1,1,100.0,records/proxies/proxypoolequation_01.dbr,False,0.066667,1500,157,DEVOTION
records/proxies/poolsdevotiongdx1/devotion_heroes03.dbr,sm1,sm1,database/templates/proxypool.tpl,champion,1,records/creatures/enemies/devotion/basilisk_h01.dbr,100,PRESENT,1,PRESENT,,ABSENT,,ABSENT,,ABSENT,records/proxies/lv6_hero.dbr,PRESENT,0,0,1,1,100.0,records/proxies/proxypoolequation_01.dbr,False,0.066667,1500,157,DEVOTION
records/proxies/poolsdevotiongdx1/devotion_heroes03.dbr,sm1,sm1,database/templates/proxypool.tpl,champion,2,records/creatures/enemies/devotion/basilisk_h02.dbr,100,PRESENT,1,PRESENT,,ABSENT,,ABSENT,,ABSENT,records/proxies/lv6_hero.dbr,PRESENT,0,0,1,1,100.0,records/proxies/proxypoolequation_01.dbr,False,0.066667,1500,157,DEVOTION
records/proxies/poolsdevotiongdx1/devotion_heroes03.dbr,sm1,sm1,database/templates/proxypool.tpl,champion,3,records/creatures/enemies/devotion/basilisk_h03.dbr,100,PRESENT,1,PRESENT,,ABSENT,,ABSENT,,ABSENT,records/proxies/lv6_hero.dbr,PRESENT,0,0,1,1,100.0,records/proxies/proxypoolequation_01.dbr,False,0.066667,1500,157,DEVOTION
records/proxies/poolsdevotiongdx1/devotion_heroes03.dbr,sm1,sm1,database/templates/proxypool.tpl,champion,4,records/creatures/enemies/devotion/basilisk_h04.dbr,100,PRESENT,1,PRESENT,,ABSENT,,ABSENT,,ABSENT,records/proxies/lv6_hero.dbr,PRESENT,0,0,1,1,100.0,records/proxies/proxypoolequation_01.dbr,False,0.066667,1500,157,DEVOTION
records/proxies/poolsdevotiongdx1/devotion_heroes03.dbr,sm1,sm1,database/templates/proxypool.tpl,champion,5,records/creatures/enemies/devotion/chthonianrylok_h01.dbr,100,PRESENT,1,PRESENT,,ABSENT,,ABSENT,,ABSENT,records/proxies/lv6_hero.dbr,PRESENT,0,0,1,1,100.0,records/proxies/proxypoolequation_01.dbr,False,0.066667,1500,157,DEVOTION
records/proxies/poolsdevotiongdx1/devotion_heroes03.dbr,sm1,sm1,database/templates/proxypool.tpl,champion,6,records/creatures/enemies/devotion/chthonianrylok_h02.dbr,100,PRESENT,1,PRESENT,,ABSENT,,ABSENT,,ABSENT,records/proxies/lv6_hero.dbr,PRESENT,0,0,1,1,100.0,records/proxies/proxypoolequation_01.dbr,False,0.066667,1500,157,DEVOTION
records/proxies/poolsdevotiongdx1/devotion_heroes03.dbr,sm1,sm1,database/templates/proxypool.tpl,champion,7,records/creatures/enemies/devotion/chthonianrylok_h03.dbr,100,PRESENT,1,PRESENT,,ABSENT,,ABSENT,,ABSENT,records/proxies/lv6_hero.dbr,PRESENT,0,0,1,1,100.0,records/proxies/proxypoolequation_01.dbr,False,0.066667,1500,157,DEVOTION
records/proxies/poolsdevotiongdx1/devotion_heroes03.dbr,sm1,sm1,database/templates/proxypool.tpl,champion,8,records/creatures/enemies/devotion/chthonianrylok_h04.dbr,100,PRESENT,1,PRESENT,,ABSENT,,ABSENT,,ABSENT,records/proxies/lv6_hero.dbr,PRESENT,0,0,1,1,100.0,records/proxies/proxypoolequation_01.dbr,False,0.066667,1500,157,DEVOTION
records/proxies/poolsdevotiongdx1/devotion_heroes03.dbr,sm1,sm1,database/templates/proxypool.tpl,champion,9,records/creatures/enemies/devotion/wendigo_h01.dbr,100,PRESENT,1,PRESENT,,ABSENT,,ABSENT,,ABSENT,records/proxies/lv6_hero.dbr,PRESENT,0,0,1,1,100.0,records/proxies/proxypoolequation_01.dbr,False,0.066667,1500,157,DEVOTION
records/proxies/poolsdevotiongdx1/devotion_heroes03.dbr,sm1,sm1,database/templates/proxypool.tpl,champion,10,records/creatures/enemies/devotion/wendigo_h02.dbr,100,PRESENT,1,PRESENT,,ABSENT,,ABSENT,,ABSENT,records/proxies/lv6_hero.dbr,PRESENT,0,0,1,1,100.0,records/proxies/proxypoolequation_01.dbr,False,0.066667,1500,157,DEVOTION
records/proxies/poolsdevotiongdx1/devotion_heroes03.dbr,sm1,sm1,database/templates/proxypool.tpl,champion,11,records/creatures/enemies/devotion/wendigo_h03.dbr,100,PRESENT,1,PRESENT,,ABSENT,,ABSENT,,ABSENT,records/proxies/lv6_hero.dbr,PRESENT,0,0,1,1,100.0,records/proxies/proxypoolequation_01.dbr,False,0.066667,1500,157,DEVOTION
records/proxies/poolsdevotiongdx1/devotion_heroes03.dbr,sm1,sm1,database/templates/proxypool.tpl,champion,12,records/creatures/enemies/devotion/wendigo_h04.dbr,100,PRESENT,1,PRESENT,,ABSENT,,ABSENT,,ABSENT,records/proxies/lv6_hero.dbr,PRESENT,0,0,1,1,100.0,records/proxies/proxypoolequation_01.dbr,False,0.066667,1500,157,DEVOTION
records/proxies/poolsdevotiongdx1/devotion_heroes03.dbr,sm1,sm1,database/templates/proxypool.tpl,champion,13,records/creatures/enemies/devotion/wraith_h01.dbr,100,PRESENT,1,PRESENT,,ABSENT,,ABSENT,,ABSENT,records/proxies/lv6_hero.dbr,PRESENT,0,0,1,1,100.0,records/proxies/proxypoolequation_01.dbr,False,0.066667,1500,157,DEVOTION
records/proxies/poolsdevotiongdx1/devotion_heroes03.dbr,sm1,sm1,database/templates/proxypool.tpl,champion,14,records/creatures/enemies/devotion/wraith_h02.dbr,100,PRESENT,1,PRESENT,,ABSENT,,ABSENT,,ABSENT,records/proxies/lv6_hero.dbr,PRESENT,0,0,1,1,100.0,records/proxies/proxypoolequation_01.dbr,False,0.066667,1500,157,DEVOTION
records/proxies/poolsdevotiongdx1/devotion_heroes03.dbr,sm1,sm1,database/templates/proxypool.tpl,champion,15,records/creatures/enemies/devotion/wraith_h03.dbr,100,PRESENT,1,PRESENT,,ABSENT,,ABSENT,,ABSENT,records/proxies/lv6_hero.dbr,PRESENT,0,0,1,1,100.0,records/proxies/proxypoolequation_01.dbr,False,0.066667,1500,157,DEVOTION
records/proxies/poolsdevotiongdx3/devotion_heroes01.dbr,sm3,sm3,database/templates/proxypool.tpl,champion,1,records/creatures/enemies/devotion/chthonianherald_h01.dbr,100,PRESENT,1,PRESENT,,ABSENT,,ABSENT,,ABSENT,records/proxies/lv6_hero.dbr,PRESENT,0,0,1,1,100.0,records/proxies/proxypoolequation_01.dbr,False,0.083333,1200,157,DEVOTION
records/proxies/poolsdevotiongdx3/devotion_heroes01.dbr,sm3,sm3,database/templates/proxypool.tpl,champion,2,records/creatures/enemies/devotion/chthonianherald_h02.dbr,100,PRESENT,1,PRESENT,,ABSENT,,ABSENT,,ABSENT,records/proxies/lv6_hero.dbr,PRESENT,0,0,1,1,100.0,records/proxies/proxypoolequation_01.dbr,False,0.083333,1200,157,DEVOTION
records/proxies/poolsdevotiongdx3/devotion_heroes01.dbr,sm3,sm3,database/templates/proxypool.tpl,champion,3,records/creatures/enemies/devotion/chthonianherald_h03.dbr,100,PRESENT,1,PRESENT,,ABSENT,,ABSENT,,ABSENT,records/proxies/lv6_hero.dbr,PRESENT,0,0,1,1,100.0,records/proxies/proxypoolequation_01.dbr,False,0.083333,1200,157,DEVOTION
records/proxies/poolsdevotiongdx3/devotion_heroes01.dbr,sm3,sm3,database/templates/proxypool.tpl,champion,4,records/creatures/enemies/devotion/chthonianherald_h04.dbr,100,PRESENT,1,PRESENT,,ABSENT,,ABSENT,,ABSENT,records/proxies/lv6_hero.dbr,PRESENT,0,0,1,1,100.0,records/proxies/proxypoolequation_01.dbr,False,0.083333,1200,157,DEVOTION
records/proxies/poolsdevotiongdx3/devotion_heroes01.dbr,sm3,sm3,database/templates/proxypool.tpl,champion,5,records/creatures/enemies/devotion/dranghoul_h01.dbr,100,PRESENT,1,PRESENT,,ABSENT,,ABSENT,,ABSENT,records/proxies/lv6_hero.dbr,PRESENT,0,0,1,1,100.0,records/proxies/proxypoolequation_01.dbr,False,0.083333,1200,157,DEVOTION
records/proxies/poolsdevotiongdx3/devotion_heroes01.dbr,sm3,sm3,database/templates/proxypool.tpl,champion,6,records/creatures/enemies/devotion/dranghoul_h02.dbr,100,PRESENT,1,PRESENT,,ABSENT,,ABSENT,,ABSENT,records/proxies/lv6_hero.dbr,PRESENT,0,0,1,1,100.0,records/proxies/proxypoolequation_01.dbr,False,0.083333,1200,157,DEVOTION
records/proxies/poolsdevotiongdx3/devotion_heroes01.dbr,sm3,sm3,database/templates/proxypool.tpl,champion,7,records/creatures/enemies/devotion/dranghoul_h03.dbr,100,PRESENT,1,PRESENT,,ABSENT,,ABSENT,,ABSENT,records/proxies/lv6_hero.dbr,PRESENT,0,0,1,1,100.0,records/proxies/proxypoolequation_01.dbr,False,0.083333,1200,157,DEVOTION
records/proxies/poolsdevotiongdx3/devotion_heroes01.dbr,sm3,sm3,database/templates/proxypool.tpl,champion,8,records/creatures/enemies/devotion/dranghoul_h04.dbr,100,PRESENT,1,PRESENT,,ABSENT,,ABSENT,,ABSENT,records/proxies/lv6_hero.dbr,PRESENT,0,0,1,1,100.0,records/proxies/proxypoolequation_01.dbr,False,0.083333,1200,157,DEVOTION
records/proxies/poolsdevotiongdx3/devotion_heroes01.dbr,sm3,sm3,database/templates/proxypool.tpl,champion,9,records/creatures/enemies/devotion/rhino_h01.dbr,100,PRESENT,1,PRESENT,,ABSENT,,ABSENT,,ABSENT,records/proxies/lv6_hero.dbr,PRESENT,0,0,1,1,100.0,records/proxies/proxypoolequation_01.dbr,False,0.083333,1200,157,DEVOTION
records/proxies/poolsdevotiongdx3/devotion_heroes01.dbr,sm3,sm3,database/templates/proxypool.tpl,champion,10,records/creatures/enemies/devotion/rhino_h02.dbr,100,PRESENT,1,PRESENT,,ABSENT,,ABSENT,,ABSENT,records/proxies/lv6_hero.dbr,PRESENT,0,0,1,1,100.0,records/proxies/proxypoolequation_01.dbr,False,0.083333,1200,157,DEVOTION
records/proxies/poolsdevotiongdx3/devotion_heroes01.dbr,sm3,sm3,database/templates/proxypool.tpl,champion,11,records/creatures/enemies/devotion/rhino_h03.dbr,100,PRESENT,1,PRESENT,,ABSENT,,ABSENT,,ABSENT,records/proxies/lv6_hero.dbr,PRESENT,0,0,1,1,100.0,records/proxies/proxypoolequation_01.dbr,False,0.083333,1200,157,DEVOTION
records/proxies/poolsdevotiongdx3/devotion_heroes01.dbr,sm3,sm3,database/templates/proxypool.tpl,champion,12,records/creatures/enemies/devotion/rhino_h04.dbr,100,PRESENT,1,PRESENT,,ABSENT,,ABSENT,,ABSENT,records/proxies/lv6_hero.dbr,PRESENT,0,0,1,1,100.0,records/proxies/proxypoolequation_01.dbr,False,0.083333,1200,157,DEVOTION
records/proxies/poolsdevotiongdx3/devotion_heroes02.dbr,sm3,sm3,database/templates/proxypool.tpl,champion,1,records/creatures/enemies/devotion/rok_h01.dbr,100,PRESENT,1,PRESENT,,ABSENT,,ABSENT,,ABSENT,records/proxies/lv6_hero.dbr,PRESENT,0,0,1,1,100.0,records/proxies/proxypoolequation_01.dbr,False,0.083333,1200,157,DEVOTION
records/proxies/poolsdevotiongdx3/devotion_heroes02.dbr,sm3,sm3,database/templates/proxypool.tpl,champion,2,records/creatures/enemies/devotion/rok_h02.dbr,100,PRESENT,1,PRESENT,,ABSENT,,ABSENT,,ABSENT,records/proxies/lv6_hero.dbr,PRESENT,0,0,1,1,100.0,records/proxies/proxypoolequation_01.dbr,False,0.083333,1200,157,DEVOTION
records/proxies/poolsdevotiongdx3/devotion_heroes02.dbr,sm3,sm3,database/templates/proxypool.tpl,champion,3,records/creatures/enemies/devotion/rok_h03.dbr,100,PRESENT,1,PRESENT,,ABSENT,,ABSENT,,ABSENT,records/proxies/lv6_hero.dbr,PRESENT,0,0,1,1,100.0,records/proxies/proxypoolequation_01.dbr,False,0.083333,1200,157,DEVOTION
records/proxies/poolsdevotiongdx3/devotion_heroes02.dbr,sm3,sm3,database/templates/proxypool.tpl,champion,4,records/creatures/enemies/devotion/rok_h04.dbr,100,PRESENT,1,PRESENT,,ABSENT,,ABSENT,,ABSENT,records/proxies/lv6_hero.dbr,PRESENT,0,0,1,1,100.0,records/proxies/proxypoolequation_01.dbr,False,0.083333,1200,157,DEVOTION
records/proxies/poolsdevotiongdx3/devotion_heroes02.dbr,sm3,sm3,database/templates/proxypool.tpl,champion,5,records/creatures/enemies/devotion/wight_h01.dbr,100,PRESENT,1,PRESENT,,ABSENT,,ABSENT,,ABSENT,records/proxies/lv6_hero.dbr,PRESENT,0,0,1,1,100.0,records/proxies/proxypoolequation_01.dbr,False,0.083333,1200,157,DEVOTION
records/proxies/poolsdevotiongdx3/devotion_heroes02.dbr,sm3,sm3,database/templates/proxypool.tpl,champion,6,records/creatures/enemies/devotion/wight_h02.dbr,100,PRESENT,1,PRESENT,,ABSENT,,ABSENT,,ABSENT,records/proxies/lv6_hero.dbr,PRESENT,0,0,1,1,100.0,records/proxies/proxypoolequation_01.dbr,False,0.083333,1200,157,DEVOTION
records/proxies/poolsdevotiongdx3/devotion_heroes02.dbr,sm3,sm3,database/templates/proxypool.tpl,champion,7,records/creatures/enemies/devotion/wight_h03.dbr,100,PRESENT,1,PRESENT,,ABSENT,,ABSENT,,ABSENT,records/proxies/lv6_hero.dbr,PRESENT,0,0,1,1,100.0,records/proxies/proxypoolequation_01.dbr,False,0.083333,1200,157,DEVOTION
records/proxies/poolsdevotiongdx3/devotion_heroes02.dbr,sm3,sm3,database/templates/proxypool.tpl,champion,8,records/creatures/enemies/devotion/wight_h04.dbr,100,PRESENT,1,PRESENT,,ABSENT,,ABSENT,,ABSENT,records/proxies/lv6_hero.dbr,PRESENT,0,0,1,1,100.0,records/proxies/proxypoolequation_01.dbr,False,0.083333,1200,157,DEVOTION
records/proxies/poolsdevotiongdx3/devotion_heroes02.dbr,sm3,sm3,database/templates/proxypool.tpl,champion,9,records/creatures/enemies/devotion/yetidire_h01.dbr,100,PRESENT,1,PRESENT,,ABSENT,,ABSENT,,ABSENT,records/proxies/lv6_hero.dbr,PRESENT,0,0,1,1,100.0,records/proxies/proxypoolequation_01.dbr,False,0.083333,1200,157,DEVOTION
records/proxies/poolsdevotiongdx3/devotion_heroes02.dbr,sm3,sm3,database/templates/proxypool.tpl,champion,10,records/creatures/enemies/devotion/yetidire_h02.dbr,100,PRESENT,1,PRESENT,,ABSENT,,ABSENT,,ABSENT,records/proxies/lv6_hero.dbr,PRESENT,0,0,1,1,100.0,records/proxies/proxypoolequation_01.dbr,False,0.083333,1200,157,DEVOTION
records/proxies/poolsdevotiongdx3/devotion_heroes02.dbr,sm3,sm3,database/templates/proxypool.tpl,champion,11,records/creatures/enemies/devotion/yetidire_h03.dbr,100,PRESENT,1,PRESENT,,ABSENT,,ABSENT,,ABSENT,records/proxies/lv6_hero.dbr,PRESENT,0,0,1,1,100.0,records/proxies/proxypoolequation_01.dbr,False,0.083333,1200,157,DEVOTION
records/proxies/poolsdevotiongdx3/devotion_heroes02.dbr,sm3,sm3,database/templates/proxypool.tpl,champion,12,records/creatures/enemies/devotion/yetidire_h04.dbr,100,PRESENT,1,PRESENT,,ABSENT,,ABSENT,,ABSENT,records/proxies/lv6_hero.dbr,PRESENT,0,0,1,1,100.0,records/proxies/proxypoolequation_01.dbr,False,0.083333,1200,157,DEVOTION
records/proxies/poolsdevotiongdx3/devotion_heroes03.dbr,sm3,sm3,database/templates/proxypool.tpl,champion,1,records/creatures/enemies/devotion/yetidire_h01.dbr,100,PRESENT,1,PRESENT,,ABSENT,,ABSENT,,ABSENT,records/proxies/lv6_hero.dbr,PRESENT,0,0,1,1,100.0,records/proxies/proxypoolequation_01.dbr,False,0.083333,1200,157,DEVOTION
records/proxies/poolsdevotiongdx3/devotion_heroes03.dbr,sm3,sm3,database/templates/proxypool.tpl,champion,2,records/creatures/enemies/devotion/yetidire_h02.dbr,100,PRESENT,1,PRESENT,,ABSENT,,ABSENT,,ABSENT,records/proxies/lv6_hero.dbr,PRESENT,0,0,1,1,100.0,records/proxies/proxypoolequation_01.dbr,False,0.083333,1200,157,DEVOTION
records/proxies/poolsdevotiongdx3/devotion_heroes03.dbr,sm3,sm3,database/templates/proxypool.tpl,champion,3,records/creatures/enemies/devotion/yetidire_h03.dbr,100,PRESENT,1,PRESENT,,ABSENT,,ABSENT,,ABSENT,records/proxies/lv6_hero.dbr,PRESENT,0,0,1,1,100.0,records/proxies/proxypoolequation_01.dbr,False,0.083333,1200,157,DEVOTION
records/proxies/poolsdevotiongdx3/devotion_heroes03.dbr,sm3,sm3,database/templates/proxypool.tpl,champion,4,records/creatures/enemies/devotion/yetidire_h04.dbr,100,PRESENT,1,PRESENT,,ABSENT,,ABSENT,,ABSENT,records/proxies/lv6_hero.dbr,PRESENT,0,0,1,1,100.0,records/proxies/proxypoolequation_01.dbr,False,0.083333,1200,157,DEVOTION
records/proxies/poolsdevotiongdx3/devotion_heroes03.dbr,sm3,sm3,database/templates/proxypool.tpl,champion,5,records/creatures/enemies/devotion/dranghoul_h01.dbr,100,PRESENT,1,PRESENT,,ABSENT,,ABSENT,,ABSENT,records/proxies/lv6_hero.dbr,PRESENT,0,0,1,1,100.0,records/proxies/proxypoolequation_01.dbr,False,0.083333,1200,157,DEVOTION
records/proxies/poolsdevotiongdx3/devotion_heroes03.dbr,sm3,sm3,database/templates/proxypool.tpl,champion,6,records/creatures/enemies/devotion/dranghoul_h02.dbr,100,PRESENT,1,PRESENT,,ABSENT,,ABSENT,,ABSENT,records/proxies/lv6_hero.dbr,PRESENT,0,0,1,1,100.0,records/proxies/proxypoolequation_01.dbr,False,0.083333,1200,157,DEVOTION
records/proxies/poolsdevotiongdx3/devotion_heroes03.dbr,sm3,sm3,database/templates/proxypool.tpl,champion,7,records/creatures/enemies/devotion/dranghoul_h03.dbr,100,PRESENT,1,PRESENT,,ABSENT,,ABSENT,,ABSENT,records/proxies/lv6_hero.dbr,PRESENT,0,0,1,1,100.0,records/proxies/proxypoolequation_01.dbr,False,0.083333,1200,157,DEVOTION
records/proxies/poolsdevotiongdx3/devotion_heroes03.dbr,sm3,sm3,database/templates/proxypool.tpl,champion,8,records/creatures/enemies/devotion/dranghoul_h04.dbr,100,PRESENT,1,PRESENT,,ABSENT,,ABSENT,,ABSENT,records/proxies/lv6_hero.dbr,PRESENT,0,0,1,1,100.0,records/proxies/proxypoolequation_01.dbr,False,0.083333,1200,157,DEVOTION
records/proxies/poolsdevotiongdx3/devotion_heroes03.dbr,sm3,sm3,database/templates/proxypool.tpl,champion,9,records/creatures/enemies/devotion/rhino_h01.dbr,100,PRESENT,1,PRESENT,,ABSENT,,ABSENT,,ABSENT,records/proxies/lv6_hero.dbr,PRESENT,0,0,1,1,100.0,records/proxies/proxypoolequation_01.dbr,False,0.083333,1200,157,DEVOTION
records/proxies/poolsdevotiongdx3/devotion_heroes03.dbr,sm3,sm3,database/templates/proxypool.tpl,champion,10,records/creatures/enemies/devotion/rhino_h02.dbr,100,PRESENT,1,PRESENT,,ABSENT,,ABSENT,,ABSENT,records/proxies/lv6_hero.dbr,PRESENT,0,0,1,1,100.0,records/proxies/proxypoolequation_01.dbr,False,0.083333,1200,157,DEVOTION
records/proxies/poolsdevotiongdx3/devotion_heroes03.dbr,sm3,sm3,database/templates/proxypool.tpl,champion,11,records/creatures/enemies/devotion/rhino_h03.dbr,100,PRESENT,1,PRESENT,,ABSENT,,ABSENT,,ABSENT,records/proxies/lv6_hero.dbr,PRESENT,0,0,1,1,100.0,records/proxies/proxypoolequation_01.dbr,False,0.083333,1200,157,DEVOTION
records/proxies/poolsdevotiongdx3/devotion_heroes03.dbr,sm3,sm3,database/templates/proxypool.tpl,champion,12,records/creatures/enemies/devotion/rhino_h04.dbr,100,PRESENT,1,PRESENT,,ABSENT,,ABSENT,,ABSENT,records/proxies/lv6_hero.dbr,PRESENT,0,0,1,1,100.0,records/proxies/proxypoolequation_01.dbr,False,0.083333,1200,157,DEVOTION
records/proxies/poolshero/chthoniandreadguard_hero.dbr,sm3,sm3,database/templates/proxypool.tpl,champion,1,records/creatures/enemies/hero/chthoniandreadguard_h01.dbr,100,PRESENT,1,PRESENT,15,PRESENT,,ABSENT,,ABSENT,records/proxies/lv6_hero.dbr,PRESENT,0,0,1,1,100.0,records/proxies/proxypoolequation_01.dbr,False,0.090909,1100,153,HERO
records/proxies/poolshero/chthoniandreadguard_hero.dbr,sm3,sm3,database/templates/proxypool.tpl,champion,2,records/creatures/enemies/hero/chthoniandreadguard_h02.dbr,100,PRESENT,1,PRESENT,15,PRESENT,,ABSENT,,ABSENT,records/proxies/lv6_hero.dbr,PRESENT,0,0,1,1,100.0,records/proxies/proxypoolequation_01.dbr,False,0.090909,1100,153,HERO
records/proxies/poolshero/chthoniandreadguard_hero.dbr,sm3,sm3,database/templates/proxypool.tpl,champion,3,records/creatures/enemies/hero/chthoniandreadguard_h03.dbr,100,PRESENT,1,PRESENT,15,PRESENT,,ABSENT,,ABSENT,records/proxies/lv6_hero.dbr,PRESENT,0,0,1,1,100.0,records/proxies/proxypoolequation_01.dbr,False,0.090909,1100,153,HERO
records/proxies/poolshero/chthoniandreadguard_hero.dbr,sm3,sm3,database/templates/proxypool.tpl,champion,4,records/creatures/enemies/hero/chthoniandreadguard_h04.dbr,100,PRESENT,1,PRESENT,15,PRESENT,,ABSENT,,ABSENT,records/proxies/lv6_hero.dbr,PRESENT,0,0,1,1,100.0,records/proxies/proxypoolequation_01.dbr,False,0.090909,1100,153,HERO
records/proxies/poolshero/chthoniandreadguard_hero.dbr,sm3,sm3,database/templates/proxypool.tpl,champion,5,records/creatures/enemies/hero/chthoniandreadguard_h05.dbr,100,PRESENT,1,PRESENT,15,PRESENT,,ABSENT,,ABSENT,records/proxies/lv6_hero.dbr,PRESENT,0,0,1,1,100.0,records/proxies/proxypoolequation_01.dbr,False,0.090909,1100,153,HERO
records/proxies/poolshero/chthoniandreadguard_hero.dbr,sm3,sm3,database/templates/proxypool.tpl,champion,6,records/creatures/enemies/hero/chthonianfiend_h01.dbr,100,PRESENT,1,PRESENT,,ABSENT,15,PRESENT,,ABSENT,records/proxies/lv6_hero.dbr,PRESENT,0,0,1,1,100.0,records/proxies/proxypoolequation_01.dbr,False,0.090909,1100,153,HERO
records/proxies/poolshero/chthoniandreadguard_hero.dbr,sm3,sm3,database/templates/proxypool.tpl,champion,7,records/creatures/enemies/hero/chthonianfiend_h02.dbr,100,PRESENT,1,PRESENT,,ABSENT,15,PRESENT,,ABSENT,records/proxies/lv6_hero.dbr,PRESENT,0,0,1,1,100.0,records/proxies/proxypoolequation_01.dbr,False,0.090909,1100,153,HERO
records/proxies/poolshero/chthoniandreadguard_hero.dbr,sm3,sm3,database/templates/proxypool.tpl,champion,8,records/creatures/enemies/hero/chthonianfiend_h03.dbr,100,PRESENT,1,PRESENT,,ABSENT,15,PRESENT,,ABSENT,records/proxies/lv6_hero.dbr,PRESENT,0,0,1,1,100.0,records/proxies/proxypoolequation_01.dbr,False,0.090909,1100,153,HERO
records/proxies/poolshero/chthoniandreadguard_hero.dbr,sm3,sm3,database/templates/proxypool.tpl,champion,9,records/creatures/enemies/hero/chthonianfiend_h04.dbr,100,PRESENT,1,PRESENT,,ABSENT,15,PRESENT,,ABSENT,records/proxies/lv6_hero.dbr,PRESENT,0,0,1,1,100.0,records/proxies/proxypoolequation_01.dbr,False,0.090909,1100,153,HERO
records/proxies/poolshero/chthoniandreadguard_hero.dbr,sm3,sm3,database/templates/proxypool.tpl,champion,10,records/creatures/enemies/hero/chthonianfiend_h05.dbr,100,PRESENT,1,PRESENT,,ABSENT,15,PRESENT,,ABSENT,records/proxies/lv6_hero.dbr,PRESENT,0,0,1,1,100.0,records/proxies/proxypoolequation_01.dbr,False,0.090909,1100,153,HERO
records/proxies/poolshero/chthoniandreadguard_hero.dbr,sm3,sm3,database/templates/proxypool.tpl,champion,11,records/creatures/enemies/hero/chthoniandreadguard_h06.dbr,100,PRESENT,1,PRESENT,15,PRESENT,,ABSENT,,ABSENT,records/proxies/lv6_hero.dbr,PRESENT,0,0,1,1,100.0,records/proxies/proxypoolequation_01.dbr,False,0.090909,1100,153,HERO
records/proxies/poolsherogdx1/aetherialcolossus_hero.dbr,sm3,sm3,database/templates/proxypool.tpl,champion,1,records/creatures/enemies/hero/aetherialcolossus_h01.dbr,100,PRESENT,1,PRESENT,,ABSENT,,ABSENT,,ABSENT,records/proxies/lv6_hero.dbr,PRESENT,0,0,1,1,100.0,records/proxies/proxypoolequation_01.dbr,False,0.200000,500,157,HERO
records/proxies/poolsherogdx1/aetherialcolossus_hero.dbr,sm3,sm3,database/templates/proxypool.tpl,champion,2,records/creatures/enemies/hero/aetherialcolossus_h02.dbr,100,PRESENT,1,PRESENT,,ABSENT,,ABSENT,,ABSENT,records/proxies/lv6_hero.dbr,PRESENT,0,0,1,1,100.0,records/proxies/proxypoolequation_01.dbr,False,0.200000,500,157,HERO
records/proxies/poolsherogdx1/aetherialcolossus_hero.dbr,sm3,sm3,database/templates/proxypool.tpl,champion,3,records/creatures/enemies/hero/aetherialcolossus_h03.dbr,100,PRESENT,1,PRESENT,,ABSENT,,ABSENT,,ABSENT,records/proxies/lv6_hero.dbr,PRESENT,0,0,1,1,100.0,records/proxies/proxypoolequation_01.dbr,False,0.200000,500,157,HERO
records/proxies/poolsherogdx1/aetherialcolossus_hero.dbr,sm3,sm3,database/templates/proxypool.tpl,champion,4,records/creatures/enemies/hero/aetherialcolossus_h04.dbr,100,PRESENT,1,PRESENT,,ABSENT,,ABSENT,,ABSENT,records/proxies/lv6_hero.dbr,PRESENT,0,0,1,1,100.0,records/proxies/proxypoolequation_01.dbr,False,0.200000,500,157,HERO
records/proxies/poolsherogdx1/aetherialcolossus_hero.dbr,sm3,sm3,database/templates/proxypool.tpl,champion,5,records/creatures/enemies/hero/aetherialcolossus_h05.dbr,100,PRESENT,1,PRESENT,,ABSENT,,ABSENT,,ABSENT,records/proxies/lv6_hero.dbr,PRESENT,0,0,1,1,100.0,records/proxies/proxypoolequation_01.dbr,False,0.200000,500,157,HERO
records/proxies/poolsherogdx1/aetherialcorruption_hero.dbr,sm3,sm3,database/templates/proxypool.tpl,champion,1,records/creatures/enemies/hero/aetherialcorruption_h01.dbr,100,PRESENT,1,PRESENT,,ABSENT,,ABSENT,,ABSENT,records/proxies/lv6_hero.dbr,PRESENT,0,0,1,1,100.0,records/proxies/proxypoolequation_01.dbr,False,0.200000,500,152|157,HERO
records/proxies/poolsherogdx1/aetherialcorruption_hero.dbr,sm3,sm3,database/templates/proxypool.tpl,champion,2,records/creatures/enemies/hero/aetherialcorruption_h02.dbr,100,PRESENT,1,PRESENT,,ABSENT,,ABSENT,,ABSENT,records/proxies/lv6_hero.dbr,PRESENT,0,0,1,1,100.0,records/proxies/proxypoolequation_01.dbr,False,0.200000,500,152|157,HERO
records/proxies/poolsherogdx1/aetherialcorruption_hero.dbr,sm3,sm3,database/templates/proxypool.tpl,champion,3,records/creatures/enemies/hero/aetherialcorruption_h03.dbr,100,PRESENT,1,PRESENT,,ABSENT,,ABSENT,,ABSENT,records/proxies/lv6_hero.dbr,PRESENT,0,0,1,1,100.0,records/proxies/proxypoolequation_01.dbr,False,0.200000,500,152|157,HERO
records/proxies/poolsherogdx1/aetherialcorruption_hero.dbr,sm3,sm3,database/templates/proxypool.tpl,champion,4,records/creatures/enemies/hero/aetherialcorruption_h04.dbr,100,PRESENT,1,PRESENT,,ABSENT,,ABSENT,,ABSENT,records/proxies/lv6_hero.dbr,PRESENT,0,0,1,1,100.0,records/proxies/proxypoolequation_01.dbr,False,0.200000,500,152|157,HERO
records/proxies/poolsherogdx1/aetherialcorruption_hero.dbr,sm3,sm3,database/templates/proxypool.tpl,champion,5,records/creatures/enemies/hero/aetherialcorruption_h05.dbr,100,PRESENT,1,PRESENT,,ABSENT,,ABSENT,,ABSENT,records/proxies/lv6_hero.dbr,PRESENT,0,0,1,1,100.0,records/proxies/proxypoolequation_01.dbr,False,0.200000,500,152|157,HERO
records/proxies/poolsherogdx1/aetherialfleshshaper_hero.dbr,sm3,sm3,database/templates/proxypool.tpl,champion,1,records/creatures/enemies/hero/aetherialfleshshaper_h01.dbr,100,PRESENT,1,PRESENT,,ABSENT,,ABSENT,,ABSENT,records/proxies/lv6_hero.dbr,PRESENT,0,0,1,1,100.0,records/proxies/proxypoolequation_01.dbr,False,0.200000,500,158,HERO
records/proxies/poolsherogdx1/aetherialfleshshaper_hero.dbr,sm3,sm3,database/templates/proxypool.tpl,champion,2,records/creatures/enemies/hero/aetherialfleshshaper_h02.dbr,100,PRESENT,1,PRESENT,,ABSENT,,ABSENT,,ABSENT,records/proxies/lv6_hero.dbr,PRESENT,0,0,1,1,100.0,records/proxies/proxypoolequation_01.dbr,False,0.200000,500,158,HERO
records/proxies/poolsherogdx1/aetherialfleshshaper_hero.dbr,sm3,sm3,database/templates/proxypool.tpl,champion,3,records/creatures/enemies/hero/aetherialfleshshaper_h03.dbr,100,PRESENT,1,PRESENT,,ABSENT,,ABSENT,,ABSENT,records/proxies/lv6_hero.dbr,PRESENT,0,0,1,1,100.0,records/proxies/proxypoolequation_01.dbr,False,0.200000,500,158,HERO
records/proxies/poolsherogdx1/aetherialfleshshaper_hero.dbr,sm3,sm3,database/templates/proxypool.tpl,champion,4,records/creatures/enemies/hero/aetherialfleshshaper_h04.dbr,100,PRESENT,1,PRESENT,,ABSENT,,ABSENT,,ABSENT,records/proxies/lv6_hero.dbr,PRESENT,0,0,1,1,100.0,records/proxies/proxypoolequation_01.dbr,False,0.200000,500,158,HERO
records/proxies/poolsherogdx1/aetherialfleshshaper_hero.dbr,sm3,sm3,database/templates/proxypool.tpl,champion,5,records/creatures/enemies/hero/aetherialfleshshaper_h05.dbr,100,PRESENT,1,PRESENT,,ABSENT,,ABSENT,,ABSENT,records/proxies/lv6_hero.dbr,PRESENT,0,0,1,1,100.0,records/proxies/proxypoolequation_01.dbr,False,0.200000,500,158,HERO
records/proxies/poolsherogdx1/aetherialimp_hero.dbr,sm3,sm3,database/templates/proxypool.tpl,champion,1,records/creatures/enemies/hero/aetherialimp_h01.dbr,100,PRESENT,1,PRESENT,,ABSENT,,ABSENT,,ABSENT,records/proxies/lv6_hero.dbr,PRESENT,0,0,1,1,100.0,records/proxies/proxypoolequation_01.dbr,False,0.200000,500,157,HERO
records/proxies/poolsherogdx1/aetherialimp_hero.dbr,sm3,sm3,database/templates/proxypool.tpl,champion,2,records/creatures/enemies/hero/aetherialimp_h02.dbr,100,PRESENT,1,PRESENT,,ABSENT,,ABSENT,,ABSENT,records/proxies/lv6_hero.dbr,PRESENT,0,0,1,1,100.0,records/proxies/proxypoolequation_01.dbr,False,0.200000,500,157,HERO
records/proxies/poolsherogdx1/aetherialimp_hero.dbr,sm3,sm3,database/templates/proxypool.tpl,champion,3,records/creatures/enemies/hero/aetherialimp_h03.dbr,100,PRESENT,1,PRESENT,,ABSENT,,ABSENT,,ABSENT,records/proxies/lv6_hero.dbr,PRESENT,0,0,1,1,100.0,records/proxies/proxypoolequation_01.dbr,False,0.200000,500,157,HERO
records/proxies/poolsherogdx1/aetherialimp_hero.dbr,sm3,sm3,database/templates/proxypool.tpl,champion,4,records/creatures/enemies/hero/aetherialimp_h04.dbr,100,PRESENT,1,PRESENT,,ABSENT,,ABSENT,,ABSENT,records/proxies/lv6_hero.dbr,PRESENT,0,0,1,1,100.0,records/proxies/proxypoolequation_01.dbr,False,0.200000,500,157,HERO
records/proxies/poolsherogdx1/aetherialimp_hero.dbr,sm3,sm3,database/templates/proxypool.tpl,champion,5,records/creatures/enemies/hero/aetherialimp_h05.dbr,100,PRESENT,1,PRESENT,,ABSENT,,ABSENT,,ABSENT,records/proxies/lv6_hero.dbr,PRESENT,0,0,1,1,100.0,records/proxies/proxypoolequation_01.dbr,False,0.200000,500,157,HERO
records/proxies/poolsherogdx1/basilisk_hero.dbr,sm3,sm3,database/templates/proxypool.tpl,champion,1,records/creatures/enemies/hero/basilisk_h01.dbr,100,PRESENT,1,PRESENT,,ABSENT,,ABSENT,,ABSENT,records/proxies/lv6_hero.dbr,PRESENT,0,0,1,1,100.0,records/proxies/proxypoolequation_01.dbr,False,0.200000,500,152,HERO
records/proxies/poolsherogdx1/basilisk_hero.dbr,sm3,sm3,database/templates/proxypool.tpl,champion,2,records/creatures/enemies/hero/basilisk_h02.dbr,100,PRESENT,1,PRESENT,,ABSENT,,ABSENT,,ABSENT,records/proxies/lv6_hero.dbr,PRESENT,0,0,1,1,100.0,records/proxies/proxypoolequation_01.dbr,False,0.200000,500,152,HERO
records/proxies/poolsherogdx1/basilisk_hero.dbr,sm3,sm3,database/templates/proxypool.tpl,champion,3,records/creatures/enemies/hero/basilisk_h03.dbr,100,PRESENT,1,PRESENT,,ABSENT,,ABSENT,,ABSENT,records/proxies/lv6_hero.dbr,PRESENT,0,0,1,1,100.0,records/proxies/proxypoolequation_01.dbr,False,0.200000,500,152,HERO
records/proxies/poolsherogdx1/basilisk_hero.dbr,sm3,sm3,database/templates/proxypool.tpl,champion,4,records/creatures/enemies/hero/basilisk_h04.dbr,100,PRESENT,1,PRESENT,,ABSENT,,ABSENT,,ABSENT,records/proxies/lv6_hero.dbr,PRESENT,0,0,1,1,100.0,records/proxies/proxypoolequation_01.dbr,False,0.200000,500,152,HERO
records/proxies/poolsherogdx1/basilisk_hero.dbr,sm3,sm3,database/templates/proxypool.tpl,champion,5,records/creatures/enemies/hero/basilisk_h05.dbr,100,PRESENT,1,PRESENT,,ABSENT,,ABSENT,,ABSENT,records/proxies/lv6_hero.dbr,PRESENT,0,0,1,1,100.0,records/proxies/proxypoolequation_01.dbr,False,0.200000,500,152,HERO
records/proxies/poolsherogdx1/ghostcrab_hero.dbr,sm3,sm3,database/templates/proxypool.tpl,champion,1,records/creatures/enemies/hero/ghostcrab_h01.dbr,100,PRESENT,1,PRESENT,,ABSENT,,ABSENT,,ABSENT,records/proxies/lv6_hero.dbr,PRESENT,0,0,1,1,100.0,records/proxies/proxypoolequation_01.dbr,False,0.200000,500,152,HERO
records/proxies/poolsherogdx1/ghostcrab_hero.dbr,sm3,sm3,database/templates/proxypool.tpl,champion,2,records/creatures/enemies/hero/ghostcrab_h02.dbr,100,PRESENT,1,PRESENT,,ABSENT,,ABSENT,,ABSENT,records/proxies/lv6_hero.dbr,PRESENT,0,0,1,1,100.0,records/proxies/proxypoolequation_01.dbr,False,0.200000,500,152,HERO
records/proxies/poolsherogdx1/ghostcrab_hero.dbr,sm3,sm3,database/templates/proxypool.tpl,champion,3,records/creatures/enemies/hero/ghostcrab_h03.dbr,100,PRESENT,1,PRESENT,,ABSENT,,ABSENT,,ABSENT,records/proxies/lv6_hero.dbr,PRESENT,0,0,1,1,100.0,records/proxies/proxypoolequation_01.dbr,False,0.200000,500,152,HERO
records/proxies/poolsherogdx1/ghostcrab_hero.dbr,sm3,sm3,database/templates/proxypool.tpl,champion,4,records/creatures/enemies/hero/ghostcrab_h04.dbr,100,PRESENT,1,PRESENT,,ABSENT,,ABSENT,,ABSENT,records/proxies/lv6_hero.dbr,PRESENT,0,0,1,1,100.0,records/proxies/proxypoolequation_01.dbr,False,0.200000,500,152,HERO
records/proxies/poolsherogdx1/ghostcrab_hero.dbr,sm3,sm3,database/templates/proxypool.tpl,champion,5,records/creatures/enemies/hero/ghostcrab_h05.dbr,100,PRESENT,1,PRESENT,,ABSENT,,ABSENT,,ABSENT,records/proxies/lv6_hero.dbr,PRESENT,0,0,1,1,100.0,records/proxies/proxypoolequation_01.dbr,False,0.200000,500,152,HERO
records/proxies/poolsherogdx1/swampcrab_hero.dbr,sm3,sm3,database/templates/proxypool.tpl,champion,1,records/creatures/enemies/hero/swampcrab_h01.dbr,100,PRESENT,1,PRESENT,,ABSENT,,ABSENT,,ABSENT,records/proxies/lv6_hero.dbr,PRESENT,0,0,1,1,100.0,records/proxies/proxypoolequation_01.dbr,False,0.200000,500,152,HERO
records/proxies/poolsherogdx1/swampcrab_hero.dbr,sm3,sm3,database/templates/proxypool.tpl,champion,2,records/creatures/enemies/hero/swampcrab_h02.dbr,100,PRESENT,1,PRESENT,,ABSENT,,ABSENT,,ABSENT,records/proxies/lv6_hero.dbr,PRESENT,0,0,1,1,100.0,records/proxies/proxypoolequation_01.dbr,False,0.200000,500,152,HERO
records/proxies/poolsherogdx1/swampcrab_hero.dbr,sm3,sm3,database/templates/proxypool.tpl,champion,3,records/creatures/enemies/hero/swampcrab_h03.dbr,100,PRESENT,1,PRESENT,,ABSENT,,ABSENT,,ABSENT,records/proxies/lv6_hero.dbr,PRESENT,0,0,1,1,100.0,records/proxies/proxypoolequation_01.dbr,False,0.200000,500,152,HERO
records/proxies/poolsherogdx1/swampcrab_hero.dbr,sm3,sm3,database/templates/proxypool.tpl,champion,4,records/creatures/enemies/hero/swampcrab_h04.dbr,100,PRESENT,1,PRESENT,,ABSENT,,ABSENT,,ABSENT,records/proxies/lv6_hero.dbr,PRESENT,0,0,1,1,100.0,records/proxies/proxypoolequation_01.dbr,False,0.200000,500,152,HERO
records/proxies/poolsherogdx1/swampcrab_hero.dbr,sm3,sm3,database/templates/proxypool.tpl,champion,5,records/creatures/enemies/hero/swampcrab_h05.dbr,100,PRESENT,1,PRESENT,,ABSENT,,ABSENT,,ABSENT,records/proxies/lv6_hero.dbr,PRESENT,0,0,1,1,100.0,records/proxies/proxypoolequation_01.dbr,False,0.200000,500,152,HERO
records/proxies/poolsherogdx1/swampgolem_hero.dbr,sm3,sm3,database/templates/proxypool.tpl,champion,1,records/creatures/enemies/hero/swampgolem_h01.dbr,100,PRESENT,1,PRESENT,,ABSENT,,ABSENT,,ABSENT,records/proxies/lv6_hero.dbr,PRESENT,0,0,1,1,100.0,records/proxies/proxypoolequation_01.dbr,False,0.200000,500,151,HERO
records/proxies/poolsherogdx1/swampgolem_hero.dbr,sm3,sm3,database/templates/proxypool.tpl,champion,2,records/creatures/enemies/hero/swampgolem_h02.dbr,100,PRESENT,1,PRESENT,,ABSENT,,ABSENT,,ABSENT,records/proxies/lv6_hero.dbr,PRESENT,0,0,1,1,100.0,records/proxies/proxypoolequation_01.dbr,False,0.200000,500,151,HERO
records/proxies/poolsherogdx1/swampgolem_hero.dbr,sm3,sm3,database/templates/proxypool.tpl,champion,3,records/creatures/enemies/hero/swampgolem_h03.dbr,100,PRESENT,1,PRESENT,,ABSENT,,ABSENT,,ABSENT,records/proxies/lv6_hero.dbr,PRESENT,0,0,1,1,100.0,records/proxies/proxypoolequation_01.dbr,False,0.200000,500,151,HERO
records/proxies/poolsherogdx1/swampgolem_hero.dbr,sm3,sm3,database/templates/proxypool.tpl,champion,4,records/creatures/enemies/hero/swampgolem_h04.dbr,100,PRESENT,1,PRESENT,,ABSENT,,ABSENT,,ABSENT,records/proxies/lv6_hero.dbr,PRESENT,0,0,1,1,100.0,records/proxies/proxypoolequation_01.dbr,False,0.200000,500,151,HERO
records/proxies/poolsherogdx1/swampgolem_hero.dbr,sm3,sm3,database/templates/proxypool.tpl,champion,5,records/creatures/enemies/hero/swampgolem_h05.dbr,100,PRESENT,1,PRESENT,,ABSENT,,ABSENT,,ABSENT,records/proxies/lv6_hero.dbr,PRESENT,0,0,1,1,100.0,records/proxies/proxypoolequation_01.dbr,False,0.200000,500,151,HERO
records/proxies/poolsherogdx1/wendigo_hero.dbr,sm3,sm3,database/templates/proxypool.tpl,champion,1,records/creatures/enemies/hero/wendigo_h01.dbr,100,PRESENT,1,PRESENT,,ABSENT,,ABSENT,,ABSENT,records/proxies/lv6_hero.dbr,PRESENT,0,0,1,1,100.0,records/proxies/proxypoolequation_01.dbr,False,0.200000,500,151,HERO
records/proxies/poolsherogdx1/wendigo_hero.dbr,sm3,sm3,database/templates/proxypool.tpl,champion,2,records/creatures/enemies/hero/wendigo_h02.dbr,100,PRESENT,1,PRESENT,,ABSENT,,ABSENT,,ABSENT,records/proxies/lv6_hero.dbr,PRESENT,0,0,1,1,100.0,records/proxies/proxypoolequation_01.dbr,False,0.200000,500,151,HERO
records/proxies/poolsherogdx1/wendigo_hero.dbr,sm3,sm3,database/templates/proxypool.tpl,champion,3,records/creatures/enemies/hero/wendigo_h03.dbr,100,PRESENT,1,PRESENT,,ABSENT,,ABSENT,,ABSENT,records/proxies/lv6_hero.dbr,PRESENT,0,0,1,1,100.0,records/proxies/proxypoolequation_01.dbr,False,0.200000,500,151,HERO
records/proxies/poolsherogdx1/wendigo_hero.dbr,sm3,sm3,database/templates/proxypool.tpl,champion,4,records/creatures/enemies/hero/wendigo_h04.dbr,100,PRESENT,1,PRESENT,,ABSENT,,ABSENT,,ABSENT,records/proxies/lv6_hero.dbr,PRESENT,0,0,1,1,100.0,records/proxies/proxypoolequation_01.dbr,False,0.200000,500,151,HERO
records/proxies/poolsherogdx1/wendigo_hero.dbr,sm3,sm3,database/templates/proxypool.tpl,champion,5,records/creatures/enemies/hero/wendigo_h05.dbr,100,PRESENT,1,PRESENT,,ABSENT,,ABSENT,,ABSENT,records/proxies/lv6_hero.dbr,PRESENT,0,0,1,1,100.0,records/proxies/proxypoolequation_01.dbr,False,0.200000,500,151,HERO
records/proxies/poolsherogdx1/wendigocannibal_hero.dbr,sm3,sm3,database/templates/proxypool.tpl,champion,1,records/creatures/enemies/hero/wendigocannibal_h01.dbr,100,PRESENT,1,PRESENT,,ABSENT,,ABSENT,,ABSENT,records/proxies/lv6_hero.dbr,PRESENT,0,0,1,1,100.0,records/proxies/proxypoolequation_01.dbr,False,0.200000,500,160,HERO
records/proxies/poolsherogdx1/wendigocannibal_hero.dbr,sm3,sm3,database/templates/proxypool.tpl,champion,2,records/creatures/enemies/hero/wendigocannibal_h02.dbr,100,PRESENT,1,PRESENT,,ABSENT,,ABSENT,,ABSENT,records/proxies/lv6_hero.dbr,PRESENT,0,0,1,1,100.0,records/proxies/proxypoolequation_01.dbr,False,0.200000,500,160,HERO
records/proxies/poolsherogdx1/wendigocannibal_hero.dbr,sm3,sm3,database/templates/proxypool.tpl,champion,3,records/creatures/enemies/hero/wendigocannibal_h03.dbr,100,PRESENT,1,PRESENT,,ABSENT,,ABSENT,,ABSENT,records/proxies/lv6_hero.dbr,PRESENT,0,0,1,1,100.0,records/proxies/proxypoolequation_01.dbr,False,0.200000,500,160,HERO
records/proxies/poolsherogdx1/wendigocannibal_hero.dbr,sm3,sm3,database/templates/proxypool.tpl,champion,4,records/creatures/enemies/hero/wendigocannibal_h04.dbr,100,PRESENT,1,PRESENT,,ABSENT,,ABSENT,,ABSENT,records/proxies/lv6_hero.dbr,PRESENT,0,0,1,1,100.0,records/proxies/proxypoolequation_01.dbr,False,0.200000,500,160,HERO
records/proxies/poolsherogdx1/wendigocannibal_hero.dbr,sm3,sm3,database/templates/proxypool.tpl,champion,5,records/creatures/enemies/hero/wendigocannibal_h05.dbr,100,PRESENT,1,PRESENT,,ABSENT,,ABSENT,,ABSENT,records/proxies/lv6_hero.dbr,PRESENT,0,0,1,1,100.0,records/proxies/proxypoolequation_01.dbr,False,0.200000,500,160,HERO
records/proxies/poolsherogdx1/wraith_hero.dbr,sm3,sm3,database/templates/proxypool.tpl,champion,1,records/creatures/enemies/hero/wraith_h01.dbr,100,PRESENT,1,PRESENT,,ABSENT,,ABSENT,,ABSENT,records/proxies/lv6_hero.dbr,PRESENT,0,0,1,1,100.0,records/proxies/proxypoolequation_01.dbr,False,0.200000,500,151|158,HERO
records/proxies/poolsherogdx1/wraith_hero.dbr,sm3,sm3,database/templates/proxypool.tpl,champion,2,records/creatures/enemies/hero/wraith_h02.dbr,100,PRESENT,1,PRESENT,,ABSENT,,ABSENT,,ABSENT,records/proxies/lv6_hero.dbr,PRESENT,0,0,1,1,100.0,records/proxies/proxypoolequation_01.dbr,False,0.200000,500,151|158,HERO
records/proxies/poolsherogdx1/wraith_hero.dbr,sm3,sm3,database/templates/proxypool.tpl,champion,3,records/creatures/enemies/hero/wraith_h03.dbr,100,PRESENT,1,PRESENT,,ABSENT,,ABSENT,,ABSENT,records/proxies/lv6_hero.dbr,PRESENT,0,0,1,1,100.0,records/proxies/proxypoolequation_01.dbr,False,0.200000,500,151|158,HERO
records/proxies/poolsherogdx1/wraith_hero.dbr,sm3,sm3,database/templates/proxypool.tpl,champion,4,records/creatures/enemies/hero/wraith_h04.dbr,100,PRESENT,1,PRESENT,,ABSENT,,ABSENT,,ABSENT,records/proxies/lv6_hero.dbr,PRESENT,0,0,1,1,100.0,records/proxies/proxypoolequation_01.dbr,False,0.200000,500,151|158,HERO
records/proxies/poolsherogdx1/wraith_hero.dbr,sm3,sm3,database/templates/proxypool.tpl,champion,5,records/creatures/enemies/hero/wraith_h05.dbr,100,PRESENT,1,PRESENT,,ABSENT,,ABSENT,,ABSENT,records/proxies/lv6_hero.dbr,PRESENT,0,0,1,1,100.0,records/proxies/proxypoolequation_01.dbr,False,0.200000,500,151|158,HERO
records/proxies/poolsherogdx3/dranghoul_hero.dbr,sm3,sm3,database/templates/proxypool.tpl,champion,1,records/creatures/enemies/hero/dranghoul_h01.dbr,100,PRESENT,1,PRESENT,,ABSENT,,ABSENT,,ABSENT,records/proxies/lv6_hero.dbr,PRESENT,0,0,1,1,100.0,records/proxies/proxypoolequation_01.dbr,False,0.250000,400,158,HERO
records/proxies/poolsherogdx3/dranghoul_hero.dbr,sm3,sm3,database/templates/proxypool.tpl,champion,2,records/creatures/enemies/hero/dranghoul_h02.dbr,100,PRESENT,1,PRESENT,,ABSENT,,ABSENT,,ABSENT,records/proxies/lv6_hero.dbr,PRESENT,0,0,1,1,100.0,records/proxies/proxypoolequation_01.dbr,False,0.250000,400,158,HERO
records/proxies/poolsherogdx3/dranghoul_hero.dbr,sm3,sm3,database/templates/proxypool.tpl,champion,3,records/creatures/enemies/hero/dranghoul_h03.dbr,100,PRESENT,1,PRESENT,,ABSENT,,ABSENT,,ABSENT,records/proxies/lv6_hero.dbr,PRESENT,0,0,1,1,100.0,records/proxies/proxypoolequation_01.dbr,False,0.250000,400,158,HERO
records/proxies/poolsherogdx3/dranghoul_hero.dbr,sm3,sm3,database/templates/proxypool.tpl,champion,4,records/creatures/enemies/hero/dranghoul_h04.dbr,100,PRESENT,1,PRESENT,,ABSENT,,ABSENT,,ABSENT,records/proxies/lv6_hero.dbr,PRESENT,0,0,1,1,100.0,records/proxies/proxypoolequation_01.dbr,False,0.250000,400,158,HERO
records/proxies/poolsherogdx3/giant_hero.dbr,sm3,sm3,database/templates/proxypool.tpl,champion,1,records/creatures/enemies/hero/giant_h01.dbr,100,PRESENT,1,PRESENT,,ABSENT,,ABSENT,,ABSENT,records/proxies/lv6_hero.dbr,PRESENT,0,0,1,1,100.0,records/proxies/proxypoolequation_01.dbr,False,0.250000,400,153,HERO
records/proxies/poolsherogdx3/giant_hero.dbr,sm3,sm3,database/templates/proxypool.tpl,champion,2,records/creatures/enemies/hero/giant_h02.dbr,100,PRESENT,1,PRESENT,,ABSENT,,ABSENT,,ABSENT,records/proxies/lv6_hero.dbr,PRESENT,0,0,1,1,100.0,records/proxies/proxypoolequation_01.dbr,False,0.250000,400,153,HERO
records/proxies/poolsherogdx3/giant_hero.dbr,sm3,sm3,database/templates/proxypool.tpl,champion,3,records/creatures/enemies/hero/giant_h03.dbr,100,PRESENT,1,PRESENT,,ABSENT,,ABSENT,,ABSENT,records/proxies/lv6_hero.dbr,PRESENT,0,0,1,1,100.0,records/proxies/proxypoolequation_01.dbr,False,0.250000,400,153,HERO
records/proxies/poolsherogdx3/giant_hero.dbr,sm3,sm3,database/templates/proxypool.tpl,champion,4,records/creatures/enemies/hero/giant_h04.dbr,100,PRESENT,1,PRESENT,,ABSENT,,ABSENT,,ABSENT,records/proxies/lv6_hero.dbr,PRESENT,0,0,1,1,100.0,records/proxies/proxypoolequation_01.dbr,False,0.250000,400,153,HERO
records/proxies/poolsherogdx3/hypporaven_hero.dbr,sm3,sm3,database/templates/proxypool.tpl,champion,1,records/creatures/enemies/hero/hypporaven_h01.dbr,100,PRESENT,1,PRESENT,,ABSENT,,ABSENT,,ABSENT,records/proxies/lv6_hero.dbr,PRESENT,0,0,1,1,100.0,records/proxies/proxypoolequation_01.dbr,False,0.250000,400,158,HERO
records/proxies/poolsherogdx3/hypporaven_hero.dbr,sm3,sm3,database/templates/proxypool.tpl,champion,2,records/creatures/enemies/hero/hypporaven_h02.dbr,100,PRESENT,1,PRESENT,,ABSENT,,ABSENT,,ABSENT,records/proxies/lv6_hero.dbr,PRESENT,0,0,1,1,100.0,records/proxies/proxypoolequation_01.dbr,False,0.250000,400,158,HERO
records/proxies/poolsherogdx3/hypporaven_hero.dbr,sm3,sm3,database/templates/proxypool.tpl,champion,3,records/creatures/enemies/hero/hypporaven_h03.dbr,100,PRESENT,1,PRESENT,,ABSENT,,ABSENT,,ABSENT,records/proxies/lv6_hero.dbr,PRESENT,0,0,1,1,100.0,records/proxies/proxypoolequation_01.dbr,False,0.250000,400,158,HERO
records/proxies/poolsherogdx3/hypporaven_hero.dbr,sm3,sm3,database/templates/proxypool.tpl,champion,4,records/creatures/enemies/hero/hypporaven_h04.dbr,100,PRESENT,1,PRESENT,,ABSENT,,ABSENT,,ABSENT,records/proxies/lv6_hero.dbr,PRESENT,0,0,1,1,100.0,records/proxies/proxypoolequation_01.dbr,False,0.250000,400,158,HERO
records/proxies/poolsherogdx3/springscrab_hero.dbr,sm3,sm3,database/templates/proxypool.tpl,champion,1,records/creatures/enemies/hero/springscrab_h01.dbr,100,PRESENT,1,PRESENT,,ABSENT,,ABSENT,,ABSENT,records/proxies/lv6_hero.dbr,PRESENT,0,0,1,1,100.0,records/proxies/proxypoolequation_01.dbr,False,0.250000,400,152,HERO
records/proxies/poolsherogdx3/springscrab_hero.dbr,sm3,sm3,database/templates/proxypool.tpl,champion,2,records/creatures/enemies/hero/springscrab_h02.dbr,100,PRESENT,1,PRESENT,,ABSENT,,ABSENT,,ABSENT,records/proxies/lv6_hero.dbr,PRESENT,0,0,1,1,100.0,records/proxies/proxypoolequation_01.dbr,False,0.250000,400,152,HERO
records/proxies/poolsherogdx3/springscrab_hero.dbr,sm3,sm3,database/templates/proxypool.tpl,champion,3,records/creatures/enemies/hero/springscrab_h03.dbr,100,PRESENT,1,PRESENT,,ABSENT,,ABSENT,,ABSENT,records/proxies/lv6_hero.dbr,PRESENT,0,0,1,1,100.0,records/proxies/proxypoolequation_01.dbr,False,0.250000,400,152,HERO
records/proxies/poolsherogdx3/springscrab_hero.dbr,sm3,sm3,database/templates/proxypool.tpl,champion,4,records/creatures/enemies/hero/springscrab_h04.dbr,100,PRESENT,1,PRESENT,,ABSENT,,ABSENT,,ABSENT,records/proxies/lv6_hero.dbr,PRESENT,0,0,1,1,100.0,records/proxies/proxypoolequation_01.dbr,False,0.250000,400,152,HERO
records/proxies/poolsherogdx3/thornedhorrorfrost_hero.dbr,sm3,sm3,database/templates/proxypool.tpl,champion,1,records/creatures/enemies/hero/thornedhorrorfrost_h01.dbr,100,PRESENT,1,PRESENT,,ABSENT,,ABSENT,,ABSENT,records/proxies/lv6_hero.dbr,PRESENT,0,0,1,1,100.0,records/proxies/proxypoolequation_01.dbr,False,0.250000,400,152,HERO
records/proxies/poolsherogdx3/thornedhorrorfrost_hero.dbr,sm3,sm3,database/templates/proxypool.tpl,champion,2,records/creatures/enemies/hero/thornedhorrorfrost_h02.dbr,100,PRESENT,1,PRESENT,,ABSENT,,ABSENT,,ABSENT,records/proxies/lv6_hero.dbr,PRESENT,0,0,1,1,100.0,records/proxies/proxypoolequation_01.dbr,False,0.250000,400,152,HERO
records/proxies/poolsherogdx3/thornedhorrorfrost_hero.dbr,sm3,sm3,database/templates/proxypool.tpl,champion,3,records/creatures/enemies/hero/thornedhorrorfrost_h03.dbr,100,PRESENT,1,PRESENT,,ABSENT,,ABSENT,,ABSENT,records/proxies/lv6_hero.dbr,PRESENT,0,0,1,1,100.0,records/proxies/proxypoolequation_01.dbr,False,0.250000,400,152,HERO
records/proxies/poolsherogdx3/thornedhorrorfrost_hero.dbr,sm3,sm3,database/templates/proxypool.tpl,champion,4,records/creatures/enemies/hero/thornedhorrorfrost_h04.dbr,100,PRESENT,1,PRESENT,,ABSENT,,ABSENT,,ABSENT,records/proxies/lv6_hero.dbr,PRESENT,0,0,1,1,100.0,records/proxies/proxypoolequation_01.dbr,False,0.250000,400,152,HERO
records/proxies/poolsherogdx3/wight_hero.dbr,sm3,sm3,database/templates/proxypool.tpl,champion,1,records/creatures/enemies/hero/wight_h01.dbr,100,PRESENT,1,PRESENT,,ABSENT,,ABSENT,,ABSENT,records/proxies/lv6_hero.dbr,PRESENT,0,0,1,1,100.0,records/proxies/proxypoolequation_01.dbr,False,0.250000,400,157,HERO
records/proxies/poolsherogdx3/wight_hero.dbr,sm3,sm3,database/templates/proxypool.tpl,champion,2,records/creatures/enemies/hero/wight_h02.dbr,100,PRESENT,1,PRESENT,,ABSENT,,ABSENT,,ABSENT,records/proxies/lv6_hero.dbr,PRESENT,0,0,1,1,100.0,records/proxies/proxypoolequation_01.dbr,False,0.250000,400,157,HERO
records/proxies/poolsherogdx3/wight_hero.dbr,sm3,sm3,database/templates/proxypool.tpl,champion,3,records/creatures/enemies/hero/wight_h03.dbr,100,PRESENT,1,PRESENT,,ABSENT,,ABSENT,,ABSENT,records/proxies/lv6_hero.dbr,PRESENT,0,0,1,1,100.0,records/proxies/proxypoolequation_01.dbr,False,0.250000,400,157,HERO
records/proxies/poolsherogdx3/wight_hero.dbr,sm3,sm3,database/templates/proxypool.tpl,champion,4,records/creatures/enemies/hero/wight_h04.dbr,100,PRESENT,1,PRESENT,,ABSENT,,ABSENT,,ABSENT,records/proxies/lv6_hero.dbr,PRESENT,0,0,1,1,100.0,records/proxies/proxypoolequation_01.dbr,False,0.250000,400,157,HERO
