pool_record,pool_archive,pool_family,pool_kind,ignore_game_balance,field_state,raw_value,provenance,spawn_min,spawn_max,champion_chance,champion_min,champion_max,proxy_pool_equation
records/proxies/poolsbasic/aetherialabomination_t1.dbr,sm_mod,poolsbasic,trash,False,PRESENT,False,DB-CITED,2.0,3.0,0.0,0.0,0.0,records/proxies/proxypoolequation_01.dbr
records/proxies/poolsbasic/aetherialabomination_t2.dbr,sm_mod,poolsbasic,trash,False,PRESENT,False,DB-CITED,3.0,4.0,0.0,0.0,0.0,records/proxies/proxypoolequation_01.dbr
records/proxies/poolsbasic/aetherialabomination_t3.dbr,sm_mod,poolsbasic,trash,False,PRESENT,False,DB-CITED,4.0,5.0,0.0,0.0,0.0,records/proxies/proxypoolequation_01.dbr
records/proxies/poolsbasic/aetherialhorror_t1.dbr,sm_mod,poolsbasic,trash,False,PRESENT,False,DB-CITED,4.0,4.0,0.0,0.0,0.0,records/proxies/proxypoolequation_01.dbr
records/proxies/poolsbasic/aetherialhorror_t2.dbr,sm_mod,poolsbasic,trash,False,PRESENT,False,DB-CITED,5.0,6.0,0.0,0.0,0.0,records/proxies/proxypoolequation_01.dbr
records/proxies/poolsbasic/aetherialhorror_t3.dbr,sm_mod,poolsbasic,trash,False,PRESENT,False,DB-CITED,7.0,8.0,0.0,0.0,0.0,records/proxies/proxypoolequation_01.dbr
records/proxies/poolsbasic/aetherialreanimator_t1.dbr,sm_mod,poolsbasic,trash,False,PRESENT,False,DB-CITED,2.0,4.0,0.0,0.0,0.0,records/proxies/proxypoolequation_01.dbr
records/proxies/poolsbasic/aetherialreanimator_t2.dbr,sm_mod,poolsbasic,trash,False,PRESENT,False,DB-CITED,4.0,5.0,0.0,0.0,0.0,records/proxies/proxypoolequation_01.dbr
records/proxies/poolsbasic/aetherialreanimator_t3.dbr,sm_mod,poolsbasic,trash,False,PRESENT,False,DB-CITED,5.0,6.0,0.0,0.0,0.0,records/proxies/proxypoolequation_01.dbr
records/proxies/poolsbasic/aetherialwisps_t1.dbr,sm_mod,poolsbasic,trash,False,PRESENT,False,DB-CITED,6.0,6.0,0.0,0.0,0.0,records/proxies/proxypoolequation_01.dbr
records/proxies/poolsbasic/aetherialwisps_t2.dbr,sm_mod,poolsbasic,trash,False,PRESENT,False,DB-CITED,7.0,9.0,0.0,0.0,0.0,records/proxies/proxypoolequation_01.dbr
records/proxies/poolsbasic/blacklegion_t1.dbr,sm_mod,poolsbasic,trash,False,PRESENT,False,DB-CITED,4.0,6.0,0.0,0.0,0.0,records/proxies/proxypoolequation_01.dbr
records/proxies/poolsbasic/blacklegion_t2.dbr,sm_mod,poolsbasic,trash,False,PRESENT,False,DB-CITED,6.0,7.0,0.0,0.0,0.0,records/proxies/proxypoolequation_01.dbr
records/proxies/poolsbasic/blacklegion_t3.dbr,sm_mod,poolsbasic,trash,False,PRESENT,False,DB-CITED,7.0,8.0,0.0,0.0,0.0,records/proxies/proxypoolequation_01.dbr
records/proxies/poolsbasic/boar_t1.dbr,sm_mod,poolsbasic,trash,False,PRESENT,False,DB-CITED,3.0,4.0,0.0,0.0,0.0,records/proxies/proxypoolequation_01.dbr
records/proxies/poolsbasic/boar_t2.dbr,sm_mod,poolsbasic,trash,False,PRESENT,False,DB-CITED,6.0,7.0,0.0,0.0,0.0,records/proxies/proxypoolequation_01.dbr
records/proxies/poolsbasic/boarfrost_t2.dbr,sm_mod,poolsbasic,trash,False,PRESENT,False,DB-CITED,4.0,6.0,0.0,0.0,0.0,records/proxies/proxypoolequation_01.dbr
records/proxies/poolsbasic/boarfrost_t3.dbr,sm_mod,poolsbasic,trash,False,PRESENT,False,DB-CITED,5.0,6.0,0.0,0.0,0.0,records/proxies/proxypoolequation_01.dbr
records/proxies/poolsbasic/bonerat_t1.dbr,sm_mod,poolsbasic,trash,False,PRESENT,False,DB-CITED,5.0,5.0,0.0,0.0,0.0,records/proxies/proxypoolequation_01.dbr
records/proxies/poolsbasic/bonerat_t2.dbr,sm_mod,poolsbasic,trash,False,PRESENT,False,DB-CITED,7.0,8.0,0.0,0.0,0.0,records/proxies/proxypoolequation_01.dbr
records/proxies/poolsbasic/bonerat_t3.dbr,sm_mod,poolsbasic,trash,False,PRESENT,False,DB-CITED,8.0,9.0,0.0,0.0,0.0,records/proxies/proxypoolequation_01.dbr
records/proxies/poolsbasic/chthonian_t1.dbr,sm_mod,poolsbasic,trash,False,PRESENT,False,DB-CITED,3.0,4.0,0.0,0.0,0.0,records/proxies/proxypoolequation_01.dbr
records/proxies/poolsbasic/chthonian_t2.dbr,sm_mod,poolsbasic,trash,False,PRESENT,False,DB-CITED,6.0,6.0,0.0,0.0,0.0,records/proxies/proxypoolequation_01.dbr
records/proxies/poolsbasic/chthonian_t3.dbr,sm_mod,poolsbasic,trash,False,PRESENT,False,DB-CITED,7.0,7.0,0.0,0.0,0.0,records/proxies/proxypoolequation_01.dbr
records/proxies/poolsbasic/chthoniandefiler_t2.dbr,sm_mod,poolsbasic,trash,False,PRESENT,False,DB-CITED,5.0,5.0,0.0,0.0,0.0,records/proxies/proxypoolequation_01.dbr
records/proxies/poolsbasic/chthoniandefiler_t3.dbr,sm_mod,poolsbasic,trash,False,PRESENT,False,DB-CITED,6.0,6.0,0.0,0.0,0.0,records/proxies/proxypoolequation_01.dbr
records/proxies/poolsbasic/chthoniandevourer_t1.dbr,sm_mod,poolsbasic,trash,False,PRESENT,False,DB-CITED,5.0,6.0,0.0,0.0,0.0,records/proxies/proxypoolequation_01.dbr
records/proxies/poolsbasic/chthoniandevourer_t2.dbr,sm_mod,poolsbasic,trash,False,PRESENT,False,DB-CITED,8.0,9.0,0.0,0.0,0.0,records/proxies/proxypoolequation_01.dbr
records/proxies/poolsbasic/chthoniandevourer_t3.dbr,sm_mod,poolsbasic,trash,False,PRESENT,False,DB-CITED,9.0,11.0,0.0,0.0,0.0,records/proxies/proxypoolequation_01.dbr
records/proxies/poolsbasic/chthoniandreadguard_t1.dbr,sm_mod,poolsbasic,trash,False,PRESENT,False,DB-CITED,3.0,3.0,0.0,0.0,0.0,records/proxies/proxypoolequation_01.dbr
records/proxies/poolsbasic/chthoniandreadguard_t2.dbr,sm_mod,poolsbasic,trash,False,PRESENT,False,DB-CITED,5.0,5.0,0.0,0.0,0.0,records/proxies/proxypoolequation_01.dbr
records/proxies/poolsbasic/chthoniandreadguard_t3.dbr,sm_mod,poolsbasic,trash,False,PRESENT,False,DB-CITED,6.0,6.0,0.0,0.0,0.0,records/proxies/proxypoolequation_01.dbr
records/proxies/poolsbasic/chthonianfiend_t1.dbr,sm_mod,poolsbasic,trash,False,PRESENT,False,DB-CITED,6.0,6.0,0.0,0.0,0.0,records/proxies/proxypoolequation_01.dbr
records/proxies/poolsbasic/chthonianfiend_t2.dbr,sm_mod,poolsbasic,trash,False,PRESENT,False,DB-CITED,7.0,8.0,0.0,0.0,0.0,records/proxies/proxypoolequation_01.dbr
records/proxies/poolsbasic/chthonianfiend_t3.dbr,sm_mod,poolsbasic,trash,False,PRESENT,False,DB-CITED,8.0,9.0,0.0,0.0,0.0,records/proxies/proxypoolequation_01.dbr
records/proxies/poolsbasic/chthonianleech_t1.dbr,sm_mod,poolsbasic,trash,False,PRESENT,False,DB-CITED,3.0,3.0,0.0,0.0,0.0,records/proxies/proxypoolequation_01.dbr
records/proxies/poolsbasic/chthonianleech_t2.dbr,sm_mod,poolsbasic,trash,False,PRESENT,False,DB-CITED,5.0,5.0,0.0,0.0,0.0,records/proxies/proxypoolequation_01.dbr
records/proxies/poolsbasic/chthonianleech_t3.dbr,sm_mod,poolsbasic,trash,False,PRESENT,False,DB-CITED,6.0,6.0,0.0,0.0,0.0,records/proxies/proxypoolequation_01.dbr
records/proxies/poolsbasic/chthonianminion_t1.dbr,sm_mod,poolsbasic,trash,False,PRESENT,False,DB-CITED,3.0,4.0,0.0,0.0,0.0,records/proxies/proxypoolequation_01.dbr
records/proxies/poolsbasic/chthonianminion_t3.dbr,sm_mod,poolsbasic,trash,False,PRESENT,False,DB-CITED,6.0,7.0,0.0,0.0,0.0,records/proxies/proxypoolequation_01.dbr
records/proxies/poolsbasic/chthonianvoid_ambush_t2.dbr,sm_mod,poolsbasic,trash,False,PRESENT,False,DB-CITED,6.0,6.0,0.0,0.0,0.0,records/proxies/proxypoolequation_01.dbr
records/proxies/poolsbasic/chthonianvoid_ambush_t3.dbr,sm_mod,poolsbasic,trash,False,PRESENT,False,DB-CITED,7.0,8.0,0.0,0.0,0.0,records/proxies/proxypoolequation_01.dbr
records/proxies/poolsbasic/chthonianvoid_t2.dbr,sm_mod,poolsbasic,trash,False,PRESENT,False,DB-CITED,6.0,6.0,0.0,0.0,0.0,records/proxies/proxypoolequation_01.dbr
records/proxies/poolsbasic/cultistchaos_t2.dbr,sm_mod,poolsbasic,trash,False,PRESENT,False,DB-CITED,6.0,6.0,0.0,0.0,0.0,records/proxies/proxypoolequation_01.dbr
records/proxies/poolsbasic/cultistchaos_t3.dbr,sm_mod,poolsbasic,trash,False,PRESENT,False,DB-CITED,7.0,8.0,0.0,0.0,0.0,records/proxies/proxypoolequation_01.dbr
records/proxies/poolsbasic/cultistfire_t1.dbr,sm_mod,poolsbasic,trash,False,PRESENT,False,DB-CITED,5.0,5.0,0.0,0.0,0.0,records/proxies/proxypoolequation_01.dbr
records/proxies/poolsbasic/cultistfire_t2.dbr,sm_mod,poolsbasic,trash,False,PRESENT,False,DB-CITED,6.0,6.0,0.0,0.0,0.0,records/proxies/proxypoolequation_01.dbr
records/proxies/poolsbasic/cultistfire_t3.dbr,sm_mod,poolsbasic,trash,False,PRESENT,False,DB-CITED,7.0,8.0,0.0,0.0,0.0,records/proxies/proxypoolequation_01.dbr
records/proxies/poolsbasic/cultistmelee_t1.dbr,sm_mod,poolsbasic,trash,False,PRESENT,False,DB-CITED,4.0,5.0,0.0,0.0,0.0,records/proxies/proxypoolequation_01.dbr
records/proxies/poolsbasic/cultistmelee_t2.dbr,sm_mod,poolsbasic,trash,False,PRESENT,False,DB-CITED,6.0,6.0,0.0,0.0,0.0,records/proxies/proxypoolequation_01.dbr
records/proxies/poolsbasic/cultistpoison_t1.dbr,sm_mod,poolsbasic,trash,False,PRESENT,False,DB-CITED,5.0,5.0,0.0,0.0,0.0,records/proxies/proxypoolequation_01.dbr
records/proxies/poolsbasic/cultistpoison_t2.dbr,sm_mod,poolsbasic,trash,False,PRESENT,False,DB-CITED,6.0,6.0,0.0,0.0,0.0,records/proxies/proxypoolequation_01.dbr
records/proxies/poolsbasic/cultistpoison_t3.dbr,sm_mod,poolsbasic,trash,False,PRESENT,False,DB-CITED,7.0,8.0,0.0,0.0,0.0,records/proxies/proxypoolequation_01.dbr
records/proxies/poolsbasic/cultistvitality_t1.dbr,sm_mod,poolsbasic,trash,False,PRESENT,False,DB-CITED,5.0,5.0,0.0,0.0,0.0,records/proxies/proxypoolequation_01.dbr
records/proxies/poolsbasic/cultistvitality_t2.dbr,sm_mod,poolsbasic,trash,False,PRESENT,False,DB-CITED,6.0,6.0,0.0,0.0,0.0,records/proxies/proxypoolequation_01.dbr
records/proxies/poolsbasic/cultistvitality_t3.dbr,sm_mod,poolsbasic,trash,False,PRESENT,False,DB-CITED,7.0,8.0,0.0,0.0,0.0,records/proxies/proxypoolequation_01.dbr
records/proxies/poolsbasic/dermapteran_t1.dbr,sm_mod,poolsbasic,trash,False,PRESENT,False,DB-CITED,5.0,6.0,0.0,0.0,0.0,records/proxies/proxypoolequation_01.dbr
records/proxies/poolsbasic/dermapteran_t2.dbr,sm_mod,poolsbasic,trash,False,PRESENT,False,DB-CITED,10.0,10.0,0.0,0.0,0.0,records/proxies/proxypoolequation_01.dbr
records/proxies/poolsbasic/dermapteran_t3.dbr,sm_mod,poolsbasic,trash,False,PRESENT,False,DB-CITED,12.0,13.0,0.0,0.0,0.0,records/proxies/proxypoolequation_01.dbr
records/proxies/poolsbasic/dranghoul_t2.dbr,sm_mod,poolsbasic,trash,False,PRESENT,False,DB-CITED,4.0,4.0,0.0,0.0,0.0,records/proxies/proxypoolequation_01.dbr
records/proxies/poolsbasic/dranghoul_t3.dbr,sm_mod,poolsbasic,trash,False,PRESENT,False,DB-CITED,6.0,6.0,0.0,0.0,0.0,records/proxies/proxypoolequation_01.dbr
records/proxies/poolsbasic/fleshhulk_t1.dbr,sm_mod,poolsbasic,trash,False,PRESENT,False,DB-CITED,2.0,2.0,0.0,0.0,0.0,records/proxies/proxypoolequation_01.dbr
records/proxies/poolsbasic/fleshhulk_t2.dbr,sm_mod,poolsbasic,trash,False,PRESENT,False,DB-CITED,3.0,3.0,0.0,0.0,0.0,records/proxies/proxypoolequation_01.dbr
records/proxies/poolsbasic/fleshhulk_t3.dbr,sm_mod,poolsbasic,trash,False,PRESENT,False,DB-CITED,4.0,4.0,0.0,0.0,0.0,records/proxies/proxypoolequation_01.dbr
records/proxies/poolsbasic/gazer_t1.dbr,sm_mod,poolsbasic,trash,False,PRESENT,False,DB-CITED,4.0,5.0,0.0,0.0,0.0,records/proxies/proxypoolequation_01.dbr
records/proxies/poolsbasic/gazer_t2.dbr,sm_mod,poolsbasic,trash,False,PRESENT,False,DB-CITED,6.0,6.0,0.0,0.0,0.0,records/proxies/proxypoolequation_01.dbr
records/proxies/poolsbasic/gazer_t3.dbr,sm_mod,poolsbasic,trash,False,PRESENT,False,DB-CITED,7.0,7.0,0.0,0.0,0.0,records/proxies/proxypoolequation_01.dbr
records/proxies/poolsbasic/ghost_t1.dbr,sm_mod,poolsbasic,trash,False,PRESENT,False,DB-CITED,5.0,6.0,0.0,0.0,0.0,records/proxies/proxypoolequation_01.dbr
records/proxies/poolsbasic/ghost_t2.dbr,sm_mod,poolsbasic,trash,False,PRESENT,False,DB-CITED,6.0,7.0,0.0,0.0,0.0,records/proxies/proxypoolequation_01.dbr
records/proxies/poolsbasic/ghost_t3.dbr,sm_mod,poolsbasic,trash,False,PRESENT,False,DB-CITED,7.0,8.0,0.0,0.0,0.0,records/proxies/proxypoolequation_01.dbr
records/proxies/poolsbasic/ghoul_t1.dbr,sm_mod,poolsbasic,trash,False,PRESENT,False,DB-CITED,4.0,4.0,0.0,0.0,0.0,records/proxies/proxypoolequation_01.dbr
records/proxies/poolsbasic/ghoul_t2.dbr,sm_mod,poolsbasic,trash,False,PRESENT,False,DB-CITED,6.0,6.0,0.0,0.0,0.0,records/proxies/proxypoolequation_01.dbr
records/proxies/poolsbasic/ghoul_t3.dbr,sm_mod,poolsbasic,trash,False,PRESENT,False,DB-CITED,7.0,8.0,0.0,0.0,0.0,records/proxies/proxypoolequation_01.dbr
records/proxies/poolsbasic/golem_t1.dbr,sm_mod,poolsbasic,trash,False,PRESENT,False,DB-CITED,2.0,3.0,0.0,0.0,0.0,records/proxies/proxypoolequation_01.dbr
records/proxies/poolsbasic/golem_t2.dbr,sm_mod,poolsbasic,trash,False,PRESENT,False,DB-CITED,3.0,5.0,0.0,0.0,0.0,records/proxies/proxypoolequation_01.dbr
records/proxies/poolsbasic/golem_t3.dbr,sm_mod,poolsbasic,trash,False,PRESENT,False,DB-CITED,5.0,7.0,0.0,0.0,0.0,records/proxies/proxypoolequation_01.dbr
records/proxies/poolsbasic/groble_a_t1.dbr,sm_mod,poolsbasic,trash,False,PRESENT,False,DB-CITED,4.0,4.0,0.0,0.0,0.0,records/proxies/proxypoolequation_01.dbr
records/proxies/poolsbasic/groble_a_t2.dbr,sm_mod,poolsbasic,trash,False,PRESENT,False,DB-CITED,6.0,7.0,0.0,0.0,0.0,records/proxies/proxypoolequation_01.dbr
records/proxies/poolsbasic/groble_a_t3.dbr,sm_mod,poolsbasic,trash,False,PRESENT,False,DB-CITED,7.0,8.0,0.0,0.0,0.0,records/proxies/proxypoolequation_01.dbr
records/proxies/poolsbasic/groble_b_t1.dbr,sm_mod,poolsbasic,trash,False,PRESENT,False,DB-CITED,4.0,6.0,0.0,0.0,0.0,records/proxies/proxypoolequation_01.dbr
records/proxies/poolsbasic/groble_b_t2.dbr,sm_mod,poolsbasic,trash,False,PRESENT,False,DB-CITED,6.0,7.0,0.0,0.0,0.0,records/proxies/proxypoolequation_01.dbr
records/proxies/poolsbasic/groble_b_t3.dbr,sm_mod,poolsbasic,trash,False,PRESENT,False,DB-CITED,7.0,8.0,0.0,0.0,0.0,records/proxies/proxypoolequation_01.dbr
records/proxies/poolsbasic/groble_c_t2.dbr,sm_mod,poolsbasic,trash,False,PRESENT,False,DB-CITED,6.0,7.0,0.0,0.0,0.0,records/proxies/proxypoolequation_01.dbr
records/proxies/poolsbasic/groble_d_t1.dbr,sm_mod,poolsbasic,trash,False,PRESENT,False,DB-CITED,4.0,6.0,0.0,0.0,0.0,records/proxies/proxypoolequation_01.dbr
records/proxies/poolsbasic/groble_d_t3.dbr,sm_mod,poolsbasic,trash,False,PRESENT,False,DB-CITED,7.0,8.0,0.0,0.0,0.0,records/proxies/proxypoolequation_01.dbr
records/proxies/poolsbasic/groble_e_t1.dbr,sm_mod,poolsbasic,trash,False,PRESENT,False,DB-CITED,4.0,6.0,0.0,0.0,0.0,records/proxies/proxypoolequation_01.dbr
records/proxies/poolsbasic/groble_e_t3.dbr,sm_mod,poolsbasic,trash,False,PRESENT,False,DB-CITED,7.0,8.0,0.0,0.0,0.0,records/proxies/proxypoolequation_01.dbr
records/proxies/poolsbasic/harpy_t1.dbr,sm_mod,poolsbasic,trash,False,PRESENT,False,DB-CITED,3.0,4.0,0.0,0.0,0.0,records/proxies/proxypoolequation_01.dbr
records/proxies/poolsbasic/harpy_t2.dbr,sm_mod,poolsbasic,trash,False,PRESENT,False,DB-CITED,5.0,6.0,0.0,0.0,0.0,records/proxies/proxypoolequation_01.dbr
records/proxies/poolsbasic/harpy_t3.dbr,sm_mod,poolsbasic,trash,False,PRESENT,False,DB-CITED,6.0,7.0,0.0,0.0,0.0,records/proxies/proxypoolequation_01.dbr
records/proxies/poolsbasic/harpyambush_t2.dbr,sm_mod,poolsbasic,trash,False,PRESENT,False,DB-CITED,5.0,6.0,0.0,0.0,0.0,records/proxies/proxypoolequation_01.dbr
records/proxies/poolsbasic/harpyambush_t3.dbr,sm_mod,poolsbasic,trash,False,PRESENT,False,DB-CITED,6.0,7.0,0.0,0.0,0.0,records/proxies/proxypoolequation_01.dbr
records/proxies/poolsbasic/harvestman_t3.dbr,sm_mod,poolsbasic,trash,False,PRESENT,False,DB-CITED,7.0,7.0,0.0,0.0,0.0,records/proxies/proxypoolequation_01.dbr
records/proxies/poolsbasic/humanpossessed_t2.dbr,sm_mod,poolsbasic,trash,False,PRESENT,False,DB-CITED,6.0,6.0,0.0,0.0,0.0,records/proxies/proxypoolequation_01.dbr
records/proxies/poolsbasic/humanpossessed_t3.dbr,sm_mod,poolsbasic,trash,False,PRESENT,False,DB-CITED,7.0,7.0,0.0,0.0,0.0,records/proxies/proxypoolequation_01.dbr
records/proxies/poolsbasic/manticore_t1.dbr,sm_mod,poolsbasic,trash,False,PRESENT,False,DB-CITED,3.0,3.0,0.0,0.0,0.0,records/proxies/proxypoolequation_01.dbr
records/proxies/poolsbasic/manticore_t2.dbr,sm_mod,poolsbasic,trash,False,PRESENT,False,DB-CITED,6.0,6.0,0.0,0.0,0.0,records/proxies/proxypoolequation_01.dbr
records/proxies/poolsbasic/manticore_t3.dbr,sm_mod,poolsbasic,trash,False,PRESENT,False,DB-CITED,7.0,7.0,0.0,0.0,0.0,records/proxies/proxypoolequation_01.dbr
records/proxies/poolsbasic/manticoreaether_t2.dbr,sm_mod,poolsbasic,trash,False,PRESENT,False,DB-CITED,5.0,6.0,0.0,0.0,0.0,records/proxies/proxypoolequation_01.dbr
records/proxies/poolsbasic/manticoreaether_t3.dbr,sm_mod,poolsbasic,trash,False,PRESENT,False,DB-CITED,6.0,7.0,0.0,0.0,0.0,records/proxies/proxypoolequation_01.dbr
records/proxies/poolsbasic/mosquito_t1.dbr,sm_mod,poolsbasic,trash,False,PRESENT,False,DB-CITED,6.0,7.0,0.0,0.0,0.0,records/proxies/proxypoolequation_01.dbr
records/proxies/poolsbasic/mosquito_t2.dbr,sm_mod,poolsbasic,trash,False,PRESENT,False,DB-CITED,8.0,8.0,0.0,0.0,0.0,records/proxies/proxypoolequation_01.dbr
records/proxies/poolsbasic/mosquito_t3.dbr,sm_mod,poolsbasic,trash,False,PRESENT,False,DB-CITED,9.0,9.0,0.0,0.0,0.0,records/proxies/proxypoolequation_01.dbr
records/proxies/poolsbasic/necro_t1.dbr,sm_mod,poolsbasic,trash,False,PRESENT,False,DB-CITED,4.0,4.0,0.0,0.0,0.0,records/proxies/proxypoolequation_01.dbr
records/proxies/poolsbasic/necro_t2.dbr,sm_mod,poolsbasic,trash,False,PRESENT,False,DB-CITED,6.0,6.0,0.0,0.0,0.0,records/proxies/proxypoolequation_01.dbr
records/proxies/poolsbasic/necro_t3.dbr,sm_mod,poolsbasic,trash,False,PRESENT,False,DB-CITED,7.0,8.0,0.0,0.0,0.0,records/proxies/proxypoolequation_01.dbr
records/proxies/poolsbasic/outlawaether_t1.dbr,sm_mod,poolsbasic,trash,False,PRESENT,False,DB-CITED,3.0,5.0,0.0,0.0,0.0,records/proxies/proxypoolequation_01.dbr
records/proxies/poolsbasic/outlawaether_t2.dbr,sm_mod,poolsbasic,trash,False,PRESENT,False,DB-CITED,6.0,6.0,0.0,0.0,0.0,records/proxies/proxypoolequation_01.dbr
records/proxies/poolsbasic/outlawmelee_t1.dbr,sm_mod,poolsbasic,trash,False,PRESENT,False,DB-CITED,4.0,6.0,0.0,0.0,0.0,records/proxies/proxypoolequation_01.dbr
records/proxies/poolsbasic/outlawmelee_t2.dbr,sm_mod,poolsbasic,trash,False,PRESENT,False,DB-CITED,6.0,6.0,0.0,0.0,0.0,records/proxies/proxypoolequation_01.dbr
records/proxies/poolsbasic/outlawmelee_t3.dbr,sm_mod,poolsbasic,trash,False,PRESENT,False,DB-CITED,7.0,7.0,0.0,0.0,0.0,records/proxies/proxypoolequation_01.dbr
records/proxies/poolsbasic/outlawrange_t2.dbr,sm_mod,poolsbasic,trash,False,PRESENT,False,DB-CITED,6.0,6.0,0.0,0.0,0.0,records/proxies/proxypoolequation_01.dbr
records/proxies/poolsbasic/outlawrange_t3.dbr,sm_mod,poolsbasic,trash,False,PRESENT,False,DB-CITED,7.0,7.0,0.0,0.0,0.0,records/proxies/proxypoolequation_01.dbr
records/proxies/poolsbasic/prawn_t1.dbr,sm_mod,poolsbasic,trash,False,PRESENT,False,DB-CITED,5.0,5.0,0.0,0.0,0.0,records/proxies/proxypoolequation_01.dbr
records/proxies/poolsbasic/prawn_t2.dbr,sm_mod,poolsbasic,trash,False,PRESENT,False,DB-CITED,7.0,7.0,0.0,0.0,0.0,records/proxies/proxypoolequation_01.dbr
records/proxies/poolsbasic/prawn_t3.dbr,sm_mod,poolsbasic,trash,False,PRESENT,False,DB-CITED,8.0,8.0,0.0,0.0,0.0,records/proxies/proxypoolequation_01.dbr
records/proxies/poolsbasic/prawndeeps_t1.dbr,sm_mod,poolsbasic,trash,False,PRESENT,False,DB-CITED,3.0,3.0,0.0,0.0,0.0,records/proxies/proxypoolequation_01.dbr
records/proxies/poolsbasic/prawndeeps_t2.dbr,sm_mod,poolsbasic,trash,False,PRESENT,False,DB-CITED,5.0,5.0,0.0,0.0,0.0,records/proxies/proxypoolequation_01.dbr
records/proxies/poolsbasic/prawndeeps_t3.dbr,sm_mod,poolsbasic,trash,False,PRESENT,False,DB-CITED,6.0,6.0,0.0,0.0,0.0,records/proxies/proxypoolequation_01.dbr
records/proxies/poolsbasic/raptor_t1.dbr,sm_mod,poolsbasic,trash,False,PRESENT,False,DB-CITED,4.0,4.0,0.0,0.0,0.0,records/proxies/proxypoolequation_01.dbr
records/proxies/poolsbasic/raptor_t2.dbr,sm_mod,poolsbasic,trash,False,PRESENT,False,DB-CITED,6.0,6.0,0.0,0.0,0.0,records/proxies/proxypoolequation_01.dbr
records/proxies/poolsbasic/raptor_t3.dbr,sm_mod,poolsbasic,trash,False,PRESENT,False,DB-CITED,8.0,8.0,0.0,0.0,0.0,records/proxies/proxypoolequation_01.dbr
records/proxies/poolsbasic/rifthound_t1.dbr,sm_mod,poolsbasic,trash,False,PRESENT,False,DB-CITED,4.0,6.0,0.0,0.0,0.0,records/proxies/proxypoolequation_01.dbr
records/proxies/poolsbasic/rifthound_t2.dbr,sm_mod,poolsbasic,trash,False,PRESENT,False,DB-CITED,6.0,6.0,0.0,0.0,0.0,records/proxies/proxypoolequation_01.dbr
records/proxies/poolsbasic/skeletalgolem_t1.dbr,sm_mod,poolsbasic,trash,False,PRESENT,False,DB-CITED,2.0,2.0,0.0,0.0,0.0,records/proxies/proxypoolequation_01.dbr
records/proxies/poolsbasic/skeletalgolem_t2.dbr,sm_mod,poolsbasic,trash,False,PRESENT,False,DB-CITED,4.0,4.0,0.0,0.0,0.0,records/proxies/proxypoolequation_01.dbr
records/proxies/poolsbasic/skeletalgolem_t3.dbr,sm_mod,poolsbasic,trash,False,PRESENT,False,DB-CITED,6.0,6.0,0.0,0.0,0.0,records/proxies/proxypoolequation_01.dbr
records/proxies/poolsbasic/skeleton_t1.dbr,sm_mod,poolsbasic,trash,False,PRESENT,False,DB-CITED,6.0,6.0,0.0,0.0,0.0,records/proxies/proxypoolequation_01.dbr
records/proxies/poolsbasic/skeleton_t2.dbr,sm_mod,poolsbasic,trash,False,PRESENT,False,DB-CITED,7.0,8.0,0.0,0.0,0.0,records/proxies/proxypoolequation_01.dbr
records/proxies/poolsbasic/skeleton_t3.dbr,sm_mod,poolsbasic,trash,False,PRESENT,False,DB-CITED,8.0,8.0,0.0,0.0,0.0,records/proxies/proxypoolequation_01.dbr
records/proxies/poolsbasic/skeletonmelee_t2.dbr,sm_mod,poolsbasic,trash,False,PRESENT,False,DB-CITED,7.0,8.0,0.0,0.0,0.0,records/proxies/proxypoolequation_01.dbr
records/proxies/poolsbasic/skeletonmelee_t3.dbr,sm_mod,poolsbasic,trash,False,PRESENT,False,DB-CITED,8.0,8.0,0.0,0.0,0.0,records/proxies/proxypoolequation_01.dbr
records/proxies/poolsbasic/skeletonranged_t1.dbr,sm_mod,poolsbasic,trash,False,PRESENT,False,DB-CITED,6.0,6.0,0.0,0.0,0.0,records/proxies/proxypoolequation_01.dbr
records/proxies/poolsbasic/skeletonranged_t2.dbr,sm_mod,poolsbasic,trash,False,PRESENT,False,DB-CITED,7.0,8.0,0.0,0.0,0.0,records/proxies/proxypoolequation_01.dbr
records/proxies/poolsbasic/skeletonranged_t3.dbr,sm_mod,poolsbasic,trash,False,PRESENT,False,DB-CITED,8.0,8.0,0.0,0.0,0.0,records/proxies/proxypoolequation_01.dbr
records/proxies/poolsbasic/skeletonrevenant_t1.dbr,sm_mod,poolsbasic,trash,False,PRESENT,False,DB-CITED,3.0,3.0,0.0,0.0,0.0,records/proxies/proxypoolequation_01.dbr
records/proxies/poolsbasic/skeletonrevenant_t2.dbr,sm_mod,poolsbasic,trash,False,PRESENT,False,DB-CITED,5.0,5.0,0.0,0.0,0.0,records/proxies/proxypoolequation_01.dbr
records/proxies/poolsbasic/skeletonrevenant_t3.dbr,sm_mod,poolsbasic,trash,False,PRESENT,False,DB-CITED,6.0,6.0,0.0,0.0,0.0,records/proxies/proxypoolequation_01.dbr
records/proxies/poolsbasic/skeletonwarlocks_t1.dbr,sm_mod,poolsbasic,trash,False,PRESENT,False,DB-CITED,3.0,3.0,0.0,0.0,0.0,records/proxies/proxypoolequation_01.dbr
records/proxies/poolsbasic/skeletonwarlocks_t2.dbr,sm_mod,poolsbasic,trash,False,PRESENT,False,DB-CITED,5.0,5.0,0.0,0.0,0.0,records/proxies/proxypoolequation_01.dbr
records/proxies/poolsbasic/skeletonwarlocks_t3.dbr,sm_mod,poolsbasic,trash,False,PRESENT,False,DB-CITED,6.0,6.0,0.0,0.0,0.0,records/proxies/proxypoolequation_01.dbr
records/proxies/poolsbasic/slith_a_t2.dbr,sm_mod,poolsbasic,trash,False,PRESENT,False,DB-CITED,6.0,6.0,0.0,0.0,0.0,records/proxies/proxypoolequation_01.dbr
records/proxies/poolsbasic/slith_a_t3.dbr,sm_mod,poolsbasic,trash,False,PRESENT,False,DB-CITED,7.0,7.0,0.0,0.0,0.0,records/proxies/proxypoolequation_01.dbr
records/proxies/poolsbasic/slith_b_t2.dbr,sm_mod,poolsbasic,trash,False,PRESENT,False,DB-CITED,6.0,6.0,0.0,0.0,0.0,records/proxies/proxypoolequation_01.dbr
records/proxies/poolsbasic/slith_b_t3.dbr,sm_mod,poolsbasic,trash,False,PRESENT,False,DB-CITED,7.0,7.0,0.0,0.0,0.0,records/proxies/proxypoolequation_01.dbr
records/proxies/poolsbasic/slith_c_t2.dbr,sm_mod,poolsbasic,trash,False,PRESENT,False,DB-CITED,6.0,6.0,0.0,0.0,0.0,records/proxies/proxypoolequation_01.dbr
records/proxies/poolsbasic/slith_c_t3.dbr,sm_mod,poolsbasic,trash,False,PRESENT,False,DB-CITED,7.0,7.0,0.0,0.0,0.0,records/proxies/proxypoolequation_01.dbr
records/proxies/poolsbasic/spider_t1.dbr,sm_mod,poolsbasic,trash,False,PRESENT,False,DB-CITED,5.0,5.0,0.0,0.0,0.0,records/proxies/proxypoolequation_01.dbr
records/proxies/poolsbasic/spider_t2.dbr,sm_mod,poolsbasic,trash,False,PRESENT,False,DB-CITED,8.0,9.0,0.0,0.0,0.0,records/proxies/proxypoolequation_01.dbr
records/proxies/poolsbasic/spiderambush_t1.dbr,sm_mod,poolsbasic,trash,False,PRESENT,False,DB-CITED,5.0,5.0,0.0,0.0,0.0,records/proxies/proxypoolequation_01.dbr
records/proxies/poolsbasic/spiderambush_t3.dbr,sm_mod,poolsbasic,trash,False,PRESENT,False,DB-CITED,9.0,9.0,0.0,0.0,0.0,records/proxies/proxypoolequation_01.dbr
records/proxies/poolsbasic/spiderdeeps_t1.dbr,sm_mod,poolsbasic,trash,False,PRESENT,False,DB-CITED,4.0,5.0,0.0,0.0,0.0,records/proxies/proxypoolequation_01.dbr
records/proxies/poolsbasic/spiderdeeps_t2.dbr,sm_mod,poolsbasic,trash,False,PRESENT,False,DB-CITED,7.0,7.0,0.0,0.0,0.0,records/proxies/proxypoolequation_01.dbr
records/proxies/poolsbasic/spiderdeepsambush_t2.dbr,sm_mod,poolsbasic,trash,False,PRESENT,False,DB-CITED,7.0,7.0,0.0,0.0,0.0,records/proxies/proxypoolequation_01.dbr
records/proxies/poolsbasic/spiderdeepsambush_t3.dbr,sm_mod,poolsbasic,trash,False,PRESENT,False,DB-CITED,8.0,8.0,0.0,0.0,0.0,records/proxies/proxypoolequation_01.dbr
records/proxies/poolsbasic/thornedhorror_t1.dbr,sm_mod,poolsbasic,trash,False,PRESENT,False,DB-CITED,4.0,4.0,0.0,0.0,0.0,records/proxies/proxypoolequation_01.dbr
records/proxies/poolsbasic/thornedhorror_t2.dbr,sm_mod,poolsbasic,trash,False,PRESENT,False,DB-CITED,6.0,6.0,0.0,0.0,0.0,records/proxies/proxypoolequation_01.dbr
records/proxies/poolsbasic/thornedhorror_t3.dbr,sm_mod,poolsbasic,trash,False,PRESENT,False,DB-CITED,7.0,7.0,0.0,0.0,0.0,records/proxies/proxypoolequation_01.dbr
records/proxies/poolsbasic/troll_t1.dbr,sm_mod,poolsbasic,trash,False,PRESENT,False,DB-CITED,2.0,2.0,0.0,0.0,0.0,records/proxies/proxypoolequation_01.dbr
records/proxies/poolsbasic/troll_t3.dbr,sm_mod,poolsbasic,trash,False,PRESENT,False,DB-CITED,6.0,6.0,0.0,0.0,0.0,records/proxies/proxypoolequation_01.dbr
records/proxies/poolsbasic/trollhalf_cave_t2.dbr,sm_mod,poolsbasic,trash,False,PRESENT,False,DB-CITED,6.0,6.0,0.0,0.0,0.0,records/proxies/proxypoolequation_01.dbr
records/proxies/poolsbasic/trollhalf_cave_t3.dbr,sm_mod,poolsbasic,trash,False,PRESENT,False,DB-CITED,7.0,8.0,0.0,0.0,0.0,records/proxies/proxypoolequation_01.dbr
records/proxies/poolsbasic/trollhalf_t1.dbr,sm_mod,poolsbasic,trash,False,PRESENT,False,DB-CITED,5.0,6.0,0.0,0.0,0.0,records/proxies/proxypoolequation_01.dbr
records/proxies/poolsbasic/trollhalf_t2.dbr,sm_mod,poolsbasic,trash,False,PRESENT,False,DB-CITED,6.0,6.0,0.0,0.0,0.0,records/proxies/proxypoolequation_01.dbr
records/proxies/poolsbasic/trollhalf_t3.dbr,sm_mod,poolsbasic,trash,False,PRESENT,False,DB-CITED,7.0,8.0,0.0,0.0,0.0,records/proxies/proxypoolequation_01.dbr
records/proxies/poolsbasic/trollhalfcorrupted_t2.dbr,sm_mod,poolsbasic,trash,False,PRESENT,False,DB-CITED,5.0,5.0,0.0,0.0,0.0,records/proxies/proxypoolequation_01.dbr
records/proxies/poolsbasic/trollhalfcorrupted_t3.dbr,sm_mod,poolsbasic,trash,False,PRESENT,False,DB-CITED,6.0,6.0,0.0,0.0,0.0,records/proxies/proxypoolequation_01.dbr
records/proxies/poolsbasic/trollswamp_t1.dbr,sm_mod,poolsbasic,trash,False,PRESENT,False,DB-CITED,2.0,2.0,0.0,0.0,0.0,records/proxies/proxypoolequation_01.dbr
records/proxies/poolsbasic/trollswamp_t2.dbr,sm_mod,poolsbasic,trash,False,PRESENT,False,DB-CITED,4.0,4.0,0.0,0.0,0.0,records/proxies/proxypoolequation_01.dbr
records/proxies/poolsbasic/trollswamp_t3.dbr,sm_mod,poolsbasic,trash,False,PRESENT,False,DB-CITED,6.0,6.0,0.0,0.0,0.0,records/proxies/proxypoolequation_01.dbr
records/proxies/poolsbasic/vulture_t2.dbr,sm_mod,poolsbasic,trash,False,PRESENT,False,DB-CITED,6.0,6.0,0.0,0.0,0.0,records/proxies/proxypoolequation_01.dbr
records/proxies/poolsbasic/vulture_t3.dbr,sm_mod,poolsbasic,trash,False,PRESENT,False,DB-CITED,7.0,7.0,0.0,0.0,0.0,records/proxies/proxypoolequation_01.dbr
records/proxies/poolsbasic/vultureambush_t2.dbr,sm_mod,poolsbasic,trash,False,PRESENT,False,DB-CITED,6.0,6.0,0.0,0.0,0.0,records/proxies/proxypoolequation_01.dbr
records/proxies/poolsbasic/waspgiant_t1.dbr,sm_mod,poolsbasic,trash,False,PRESENT,False,DB-CITED,6.0,7.0,0.0,0.0,0.0,records/proxies/proxypoolequation_01.dbr
records/proxies/poolsbasic/waspgiant_t2.dbr,sm_mod,poolsbasic,trash,False,PRESENT,False,DB-CITED,7.0,7.0,0.0,0.0,0.0,records/proxies/proxypoolequation_01.dbr
records/proxies/poolsbasic/waspgiant_t3.dbr,sm_mod,poolsbasic,trash,False,PRESENT,False,DB-CITED,8.0,8.0,0.0,0.0,0.0,records/proxies/proxypoolequation_01.dbr
records/proxies/poolsbasic/witchgod_bonerat_t2.dbr,sm_mod,poolsbasic,trash,False,PRESENT,False,DB-CITED,6.0,6.0,0.0,0.0,0.0,records/proxies/proxypoolequation_01.dbr
records/proxies/poolsbasic/witchgod_bonerat_t3.dbr,sm_mod,poolsbasic,trash,False,PRESENT,False,DB-CITED,7.0,7.0,0.0,0.0,0.0,records/proxies/proxypoolequation_01.dbr
records/proxies/poolsbasic/witchgod_hellhound_t2.dbr,sm_mod,poolsbasic,trash,False,PRESENT,False,DB-CITED,6.0,6.0,0.0,0.0,0.0,records/proxies/proxypoolequation_01.dbr
records/proxies/poolsbasic/witchgod_hellhound_t3.dbr,sm_mod,poolsbasic,trash,False,PRESENT,False,DB-CITED,7.0,7.0,0.0,0.0,0.0,records/proxies/proxypoolequation_01.dbr
records/proxies/poolsbasic/witchgod_prawn_t3.dbr,sm_mod,poolsbasic,trash,False,PRESENT,False,DB-CITED,7.0,7.0,0.0,0.0,0.0,records/proxies/proxypoolequation_01.dbr
records/proxies/poolsbasic/witchgod_raptor_t2.dbr,sm_mod,poolsbasic,trash,False,PRESENT,False,DB-CITED,6.0,6.0,0.0,0.0,0.0,records/proxies/proxypoolequation_01.dbr
records/proxies/poolsbasic/witchgod_raptor_t3.dbr,sm_mod,poolsbasic,trash,False,PRESENT,False,DB-CITED,7.0,7.0,0.0,0.0,0.0,records/proxies/proxypoolequation_01.dbr
records/proxies/poolsbasic/witchgod_rifthound_t1.dbr,sm_mod,poolsbasic,trash,False,PRESENT,False,DB-CITED,4.0,6.0,0.0,0.0,0.0,records/proxies/proxypoolequation_01.dbr
records/proxies/poolsbasic/witchgod_rifthound_t3.dbr,sm_mod,poolsbasic,trash,False,PRESENT,False,DB-CITED,7.0,7.0,0.0,0.0,0.0,records/proxies/proxypoolequation_01.dbr
records/proxies/poolsbasic/witchgod_spider_t1.dbr,sm_mod,poolsbasic,trash,False,PRESENT,False,DB-CITED,4.0,6.0,0.0,0.0,0.0,records/proxies/proxypoolequation_01.dbr
records/proxies/poolsbasic/witchgod_spider_t2.dbr,sm_mod,poolsbasic,trash,False,PRESENT,False,DB-CITED,6.0,6.0,0.0,0.0,0.0,records/proxies/proxypoolequation_01.dbr
records/proxies/poolsbasic/witchgod_spider_t3.dbr,sm_mod,poolsbasic,trash,False,PRESENT,False,DB-CITED,7.0,7.0,0.0,0.0,0.0,records/proxies/proxypoolequation_01.dbr
records/proxies/poolsbasic/witchgod_spiderambush_t2.dbr,sm_mod,poolsbasic,trash,False,PRESENT,False,DB-CITED,6.0,6.0,0.0,0.0,0.0,records/proxies/proxypoolequation_01.dbr
records/proxies/poolsbasic/witchgod_spiderambush_t3.dbr,sm_mod,poolsbasic,trash,False,PRESENT,False,DB-CITED,7.0,7.0,0.0,0.0,0.0,records/proxies/proxypoolequation_01.dbr
records/proxies/poolsbasic/witchgod_t2.dbr,sm_mod,poolsbasic,trash,False,PRESENT,False,DB-CITED,6.0,6.0,0.0,0.0,0.0,records/proxies/proxypoolequation_01.dbr
records/proxies/poolsbasic/witchgod_t3.dbr,sm_mod,poolsbasic,trash,False,PRESENT,False,DB-CITED,7.0,7.0,0.0,0.0,0.0,records/proxies/proxypoolequation_01.dbr
records/proxies/poolsbasic/yeti_t1.dbr,sm_mod,poolsbasic,trash,False,PRESENT,False,DB-CITED,3.0,3.0,0.0,0.0,0.0,records/proxies/proxypoolequation_01.dbr
records/proxies/poolsbasic/yeti_t2.dbr,sm_mod,poolsbasic,trash,False,PRESENT,False,DB-CITED,6.0,6.0,0.0,0.0,0.0,records/proxies/proxypoolequation_01.dbr
records/proxies/poolsbasic/yeti_t3.dbr,sm_mod,poolsbasic,trash,False,PRESENT,False,DB-CITED,7.0,7.0,0.0,0.0,0.0,records/proxies/proxypoolequation_01.dbr
records/proxies/poolsbasic/zealot_t1.dbr,sm_mod,poolsbasic,trash,False,PRESENT,False,DB-CITED,4.0,4.0,0.0,0.0,0.0,records/proxies/proxypoolequation_01.dbr
records/proxies/poolsbasic/zealot_t2.dbr,sm_mod,poolsbasic,trash,False,PRESENT,False,DB-CITED,6.0,6.0,0.0,0.0,0.0,records/proxies/proxypoolequation_01.dbr
records/proxies/poolsbasic/zealot_t3.dbr,sm_mod,poolsbasic,trash,False,PRESENT,False,DB-CITED,7.0,7.0,0.0,0.0,0.0,records/proxies/proxypoolequation_01.dbr
records/proxies/poolsbasic/zombies_t1.dbr,sm_mod,poolsbasic,trash,False,PRESENT,False,DB-CITED,5.0,5.0,0.0,0.0,0.0,records/proxies/proxypoolequation_01.dbr
records/proxies/poolsbasic/zombies_t2.dbr,sm_mod,poolsbasic,trash,False,PRESENT,False,DB-CITED,7.0,7.0,0.0,0.0,0.0,records/proxies/proxypoolequation_01.dbr
records/proxies/poolsbasic/zombies_t3.dbr,sm_mod,poolsbasic,trash,False,PRESENT,False,DB-CITED,8.0,8.0,0.0,0.0,0.0,records/proxies/proxypoolequation_01.dbr
records/proxies/poolsbasic/zombiesaether_t2.dbr,sm_mod,poolsbasic,trash,False,PRESENT,False,DB-CITED,7.0,7.0,0.0,0.0,0.0,records/proxies/proxypoolequation_01.dbr
records/proxies/poolsbasic/zombiesfire_t1.dbr,sm_mod,poolsbasic,trash,False,PRESENT,False,DB-CITED,6.0,6.0,0.0,0.0,0.0,records/proxies/proxypoolequation_01.dbr
records/proxies/poolsbasic/zombiesfire_t2.dbr,sm_mod,poolsbasic,trash,False,PRESENT,False,DB-CITED,7.0,7.0,0.0,0.0,0.0,records/proxies/proxypoolequation_01.dbr
records/proxies/poolsbasic/zombiesfire_t3.dbr,sm_mod,poolsbasic,trash,False,PRESENT,False,DB-CITED,8.0,8.0,0.0,0.0,0.0,records/proxies/proxypoolequation_01.dbr
records/proxies/poolsbasic/zombiesice_t2.dbr,sm_mod,poolsbasic,trash,False,PRESENT,False,DB-CITED,7.0,7.0,0.0,0.0,0.0,records/proxies/proxypoolequation_01.dbr
records/proxies/poolsbasic/zombiesice_t3.dbr,sm_mod,poolsbasic,trash,False,PRESENT,False,DB-CITED,8.0,8.0,0.0,0.0,0.0,records/proxies/proxypoolequation_01.dbr
records/proxies/poolsbasic/zombiesmutants_t1.dbr,sm_mod,poolsbasic,trash,False,PRESENT,False,DB-CITED,3.0,3.0,0.0,0.0,0.0,records/proxies/proxypoolequation_01.dbr
records/proxies/poolsbasic/zombiesmutants_t2.dbr,sm_mod,poolsbasic,trash,False,PRESENT,False,DB-CITED,6.0,6.0,0.0,0.0,0.0,records/proxies/proxypoolequation_01.dbr
records/proxies/poolsbasic/zombiesmutants_t3.dbr,sm_mod,poolsbasic,trash,False,PRESENT,False,DB-CITED,7.0,7.0,0.0,0.0,0.0,records/proxies/proxypoolequation_01.dbr
records/proxies/poolsbasic/zombiespoison_t1.dbr,sm_mod,poolsbasic,trash,False,PRESENT,False,DB-CITED,6.0,6.0,0.0,0.0,0.0,records/proxies/proxypoolequation_01.dbr
records/proxies/poolsbasic/zombiespoison_t2.dbr,sm_mod,poolsbasic,trash,False,PRESENT,False,DB-CITED,7.0,7.0,0.0,0.0,0.0,records/proxies/proxypoolequation_01.dbr
records/proxies/poolsbasic/zombiespoison_t3.dbr,sm_mod,poolsbasic,trash,False,PRESENT,False,DB-CITED,8.0,8.0,0.0,0.0,0.0,records/proxies/proxypoolequation_01.dbr
records/proxies/poolsbasic/zombiessoldiers_t2.dbr,sm_mod,poolsbasic,trash,False,PRESENT,False,DB-CITED,6.0,6.0,0.0,0.0,0.0,records/proxies/proxypoolequation_01.dbr
records/proxies/poolsbasic/zombiessoldiers_t3.dbr,sm_mod,poolsbasic,trash,False,PRESENT,False,DB-CITED,7.0,7.0,0.0,0.0,0.0,records/proxies/proxypoolequation_01.dbr
records/proxies/poolsbasicgdx1/aetherialbloater_t2.dbr,sm1,poolsbasicgdx1,trash,False,PRESENT,False,DB-CITED,5.0,6.0,0.0,0.0,0.0,records/proxies/proxypoolequation_01.dbr
records/proxies/poolsbasicgdx1/aetherialbloater_t3.dbr,sm1,poolsbasicgdx1,trash,False,PRESENT,False,DB-CITED,5.0,6.0,0.0,0.0,0.0,records/proxies/proxypoolequation_01.dbr
records/proxies/poolsbasicgdx1/aetherialcolossus_t2.dbr,sm1,poolsbasicgdx1,trash,False,PRESENT,False,DB-CITED,3.0,4.0,0.0,0.0,0.0,records/proxies/proxypoolequation_01.dbr
records/proxies/poolsbasicgdx1/aetherialcolossus_t3.dbr,sm1,poolsbasicgdx1,trash,False,PRESENT,False,DB-CITED,3.0,4.0,0.0,0.0,0.0,records/proxies/proxypoolequation_01.dbr
records/proxies/poolsbasicgdx1/aetherialcorruption_fire_t2.dbr,sm1,poolsbasicgdx1,trash,False,PRESENT,False,DB-CITED,5.0,6.0,0.0,0.0,0.0,records/proxies/proxypoolequation_01.dbr
records/proxies/poolsbasicgdx1/aetherialcorruption_fire_t3.dbr,sm1,poolsbasicgdx1,trash,False,PRESENT,False,DB-CITED,5.0,6.0,0.0,0.0,0.0,records/proxies/proxypoolequation_01.dbr
records/proxies/poolsbasicgdx1/aetherialcorruption_ice_t2.dbr,sm1,poolsbasicgdx1,trash,False,PRESENT,False,DB-CITED,5.0,6.0,0.0,0.0,0.0,records/proxies/proxypoolequation_01.dbr
records/proxies/poolsbasicgdx1/aetherialcorruption_ice_t3.dbr,sm1,poolsbasicgdx1,trash,False,PRESENT,False,DB-CITED,5.0,6.0,0.0,0.0,0.0,records/proxies/proxypoolequation_01.dbr
records/proxies/poolsbasicgdx1/aetherialcorruption_lightning_t3.dbr,sm1,poolsbasicgdx1,trash,False,PRESENT,False,DB-CITED,5.0,6.0,0.0,0.0,0.0,records/proxies/proxypoolequation_01.dbr
records/proxies/poolsbasicgdx1/aetherialcorruption_poison_t2.dbr,sm1,poolsbasicgdx1,trash,False,PRESENT,False,DB-CITED,5.0,6.0,0.0,0.0,0.0,records/proxies/proxypoolequation_01.dbr
records/proxies/poolsbasicgdx1/aetherialcorruption_poison_t3.dbr,sm1,poolsbasicgdx1,trash,False,PRESENT,False,DB-CITED,5.0,6.0,0.0,0.0,0.0,records/proxies/proxypoolequation_01.dbr
records/proxies/poolsbasicgdx1/aetherialcorruption_t2.dbr,sm1,poolsbasicgdx1,trash,False,PRESENT,False,DB-CITED,6.0,7.0,0.0,0.0,0.0,records/proxies/proxypoolequation_01.dbr
records/proxies/poolsbasicgdx1/aetherialcorruption_t3.dbr,sm1,poolsbasicgdx1,trash,False,PRESENT,False,DB-CITED,6.0,7.0,0.0,0.0,0.0,records/proxies/proxypoolequation_01.dbr
records/proxies/poolsbasicgdx1/aetherialfleshshaper_t2.dbr,sm1,poolsbasicgdx1,trash,False,PRESENT,False,DB-CITED,4.0,5.0,0.0,0.0,0.0,records/proxies/proxypoolequation_01.dbr
records/proxies/poolsbasicgdx1/aetherialfleshshaper_t3.dbr,sm1,poolsbasicgdx1,trash,False,PRESENT,False,DB-CITED,4.0,5.0,0.0,0.0,0.0,records/proxies/proxypoolequation_01.dbr
records/proxies/poolsbasicgdx1/aetherialimp_t2.dbr,sm1,poolsbasicgdx1,trash,False,PRESENT,False,DB-CITED,5.0,7.0,0.0,0.0,0.0,records/proxies/proxypoolequation_01.dbr
records/proxies/poolsbasicgdx1/aetherialimp_t3.dbr,sm1,poolsbasicgdx1,trash,False,PRESENT,False,DB-CITED,5.0,7.0,0.0,0.0,0.0,records/proxies/proxypoolequation_01.dbr
records/proxies/poolsbasicgdx1/basilisk_t2.dbr,sm1,poolsbasicgdx1,trash,False,PRESENT,False,DB-CITED,5.0,6.0,0.0,0.0,0.0,records/proxies/proxypoolequation_01.dbr
records/proxies/poolsbasicgdx1/basilisk_t3.dbr,sm1,poolsbasicgdx1,trash,False,PRESENT,False,DB-CITED,5.0,6.0,0.0,0.0,0.0,records/proxies/proxypoolequation_01.dbr
records/proxies/poolsbasicgdx1/chthonianrylok_t2.dbr,sm1,poolsbasicgdx1,trash,False,PRESENT,False,DB-CITED,4.0,5.0,0.0,0.0,0.0,records/proxies/proxypoolequation_01.dbr
records/proxies/poolsbasicgdx1/chthonianrylok_t3.dbr,sm1,poolsbasicgdx1,trash,False,PRESENT,False,DB-CITED,4.0,5.0,0.0,0.0,0.0,records/proxies/proxypoolequation_01.dbr
records/proxies/poolsbasicgdx1/chthonianservitor_t2.dbr,sm1,poolsbasicgdx1,trash,False,PRESENT,False,DB-CITED,4.0,5.0,0.0,0.0,0.0,records/proxies/proxypoolequation_01.dbr
records/proxies/poolsbasicgdx1/chthonianservitor_t3.dbr,sm1,poolsbasicgdx1,trash,False,PRESENT,False,DB-CITED,4.0,5.0,0.0,0.0,0.0,records/proxies/proxypoolequation_01.dbr
records/proxies/poolsbasicgdx1/chthonianwretch_t3.dbr,sm1,poolsbasicgdx1,trash,False,PRESENT,False,DB-CITED,6.0,7.0,0.0,0.0,0.0,records/proxies/proxypoolequation_01.dbr
records/proxies/poolsbasicgdx1/ghostcrab_t2.dbr,sm1,poolsbasicgdx1,trash,False,PRESENT,False,DB-CITED,6.0,7.0,0.0,0.0,0.0,records/proxies/proxypoolequation_01.dbr
records/proxies/poolsbasicgdx1/ghostcrab_t3.dbr,sm1,poolsbasicgdx1,trash,False,PRESENT,False,DB-CITED,6.0,7.0,0.0,0.0,0.0,records/proxies/proxypoolequation_01.dbr
records/proxies/poolsbasicgdx1/humanascendant_t1.dbr,sm1,poolsbasicgdx1,trash,False,PRESENT,False,DB-CITED,4.0,5.0,0.0,0.0,0.0,records/proxies/proxypoolequation_01.dbr
records/proxies/poolsbasicgdx1/humanascendant_t3.dbr,sm1,poolsbasicgdx1,trash,False,PRESENT,False,DB-CITED,5.0,6.0,0.0,0.0,0.0,records/proxies/proxypoolequation_01.dbr
records/proxies/poolsbasicgdx1/humanwendigo_t2.dbr,sm1,poolsbasicgdx1,trash,False,PRESENT,False,DB-CITED,5.0,6.0,0.0,0.0,0.0,records/proxies/proxypoolequation_01.dbr
records/proxies/poolsbasicgdx1/humanwendigo_t3.dbr,sm1,poolsbasicgdx1,trash,False,PRESENT,False,DB-CITED,5.0,6.0,0.0,0.0,0.0,records/proxies/proxypoolequation_01.dbr
records/proxies/poolsbasicgdx1/livingplant_t2.dbr,sm1,poolsbasicgdx1,trash,False,PRESENT,False,DB-CITED,3.0,4.0,0.0,0.0,0.0,records/proxies/proxypoolequation_01.dbr
records/proxies/poolsbasicgdx1/livingplant_t3.dbr,sm1,poolsbasicgdx1,trash,False,PRESENT,False,DB-CITED,3.0,4.0,0.0,0.0,0.0,records/proxies/proxypoolequation_01.dbr
records/proxies/poolsbasicgdx1/swampcrab_t1.dbr,sm1,poolsbasicgdx1,trash,False,PRESENT,False,DB-CITED,5.0,6.0,0.0,0.0,0.0,records/proxies/proxypoolequation_01.dbr
records/proxies/poolsbasicgdx1/swampcrab_t3.dbr,sm1,poolsbasicgdx1,trash,False,PRESENT,False,DB-CITED,6.0,7.0,0.0,0.0,0.0,records/proxies/proxypoolequation_01.dbr
records/proxies/poolsbasicgdx1/swampgolem_t2.dbr,sm1,poolsbasicgdx1,trash,False,PRESENT,False,DB-CITED,3.0,5.0,0.0,0.0,0.0,records/proxies/proxypoolequation_01.dbr
records/proxies/poolsbasicgdx1/swampgolem_t3.dbr,sm1,poolsbasicgdx1,trash,False,PRESENT,False,DB-CITED,3.0,5.0,0.0,0.0,0.0,records/proxies/proxypoolequation_01.dbr
records/proxies/poolsbasicgdx1/wendigo_t1.dbr,sm1,poolsbasicgdx1,trash,False,PRESENT,False,DB-CITED,3.0,4.0,0.0,0.0,0.0,records/proxies/proxypoolequation_01.dbr
records/proxies/poolsbasicgdx1/wendigo_t2.dbr,sm1,poolsbasicgdx1,trash,False,PRESENT,False,DB-CITED,4.0,5.0,0.0,0.0,0.0,records/proxies/proxypoolequation_01.dbr
records/proxies/poolsbasicgdx1/wendigo_t3.dbr,sm1,poolsbasicgdx1,trash,False,PRESENT,False,DB-CITED,4.0,5.0,0.0,0.0,0.0,records/proxies/proxypoolequation_01.dbr
records/proxies/poolsbasicgdx1/wendigocannibal_t2.dbr,sm1,poolsbasicgdx1,trash,False,PRESENT,False,DB-CITED,6.0,7.0,0.0,0.0,0.0,records/proxies/proxypoolequation_01.dbr
records/proxies/poolsbasicgdx1/wendigocannibal_t3.dbr,sm1,poolsbasicgdx1,trash,False,PRESENT,False,DB-CITED,6.0,7.0,0.0,0.0,0.0,records/proxies/proxypoolequation_01.dbr
records/proxies/poolsbasicgdx1/wraith_t2.dbr,sm1,poolsbasicgdx1,trash,False,PRESENT,False,DB-CITED,5.0,6.0,0.0,0.0,0.0,records/proxies/proxypoolequation_01.dbr
records/proxies/poolsbasicgdx1/wraith_t3.dbr,sm1,poolsbasicgdx1,trash,False,PRESENT,False,DB-CITED,5.0,6.0,0.0,0.0,0.0,records/proxies/proxypoolequation_01.dbr
records/proxies/poolsbasicgdx1/yetiswamp_t2.dbr,sm1,poolsbasicgdx1,trash,False,PRESENT,False,DB-CITED,5.0,6.0,0.0,0.0,0.0,records/proxies/proxypoolequation_01.dbr
records/proxies/poolsbasicgdx1/yetiswamp_t3.dbr,sm1,poolsbasicgdx1,trash,False,PRESENT,False,DB-CITED,5.0,6.0,0.0,0.0,0.0,records/proxies/proxypoolequation_01.dbr
records/proxies/poolsbasicgdx2/beetle_t3.dbr,sm2,poolsbasicgdx2,trash,False,PRESENT,False,DB-CITED,6.0,7.0,0.0,0.0,0.0,records/proxies/proxypoolequation_01.dbr
records/proxies/poolsbasicgdx2/eldritcharmor_fire_t3.dbr,sm2,poolsbasicgdx2,trash,False,PRESENT,False,DB-CITED,6.0,7.0,0.0,0.0,0.0,records/proxies/proxypoolequation_01.dbr
records/proxies/poolsbasicgdx2/eldritcharmor_ice_t3.dbr,sm2,poolsbasicgdx2,trash,False,PRESENT,False,DB-CITED,6.0,7.0,0.0,0.0,0.0,records/proxies/proxypoolequation_01.dbr
records/proxies/poolsbasicgdx2/eldritcharmor_lightning_t2.dbr,sm2,poolsbasicgdx2,trash,False,PRESENT,False,DB-CITED,6.0,7.0,0.0,0.0,0.0,records/proxies/proxypoolequation_01.dbr
records/proxies/poolsbasicgdx2/eldritcharmor_t3.dbr,sm2,poolsbasicgdx2,trash,False,PRESENT,False,DB-CITED,6.0,7.0,0.0,0.0,0.0,records/proxies/proxypoolequation_01.dbr
records/proxies/poolsbasicgdx2/eldritchhound_t2.dbr,sm2,poolsbasicgdx2,trash,False,PRESENT,False,DB-CITED,5.0,6.0,0.0,0.0,0.0,records/proxies/proxypoolequation_01.dbr
records/proxies/poolsbasicgdx2/eldritchhound_t3.dbr,sm2,poolsbasicgdx2,trash,False,PRESENT,False,DB-CITED,5.0,6.0,0.0,0.0,0.0,records/proxies/proxypoolequation_01.dbr
records/proxies/poolsbasicgdx2/eldritchwraith_t3.dbr,sm2,poolsbasicgdx2,trash,False,PRESENT,False,DB-CITED,5.0,6.0,0.0,0.0,0.0,records/proxies/proxypoolequation_01.dbr
records/proxies/poolsbasicgdx2/gargoyle_t3.dbr,sm2,poolsbasicgdx2,trash,False,PRESENT,False,DB-CITED,3.0,4.0,0.0,0.0,0.0,records/proxies/proxypoolequation_01.dbr
records/proxies/poolsbasicgdx2/groblesand_t2.dbr,sm2,poolsbasicgdx2,trash,False,PRESENT,False,DB-CITED,5.0,7.0,0.0,0.0,0.0,records/proxies/proxypoolequation_01.dbr
records/proxies/poolsbasicgdx2/groblesand_t3.dbr,sm2,poolsbasicgdx2,trash,False,PRESENT,False,DB-CITED,5.0,7.0,0.0,0.0,0.0,records/proxies/proxypoolequation_01.dbr
records/proxies/poolsbasicgdx2/gryphon_t3.dbr,sm2,poolsbasicgdx2,trash,False,PRESENT,False,DB-CITED,3.0,4.0,0.0,0.0,0.0,records/proxies/proxypoolequation_01.dbr
records/proxies/poolsbasicgdx2/gryphonstone_t3.dbr,sm2,poolsbasicgdx2,trash,False,PRESENT,False,DB-CITED,3.0,4.0,0.0,0.0,0.0,records/proxies/proxypoolequation_01.dbr
records/proxies/poolsbasicgdx2/humankorvaak_t2.dbr,sm2,poolsbasicgdx2,trash,False,PRESENT,False,DB-CITED,5.0,6.0,0.0,0.0,0.0,records/proxies/proxypoolequation_01.dbr
records/proxies/poolsbasicgdx2/humankorvaak_t3.dbr,sm2,poolsbasicgdx2,trash,False,PRESENT,False,DB-CITED,5.0,6.0,0.0,0.0,0.0,records/proxies/proxypoolequation_01.dbr
records/proxies/poolsbasicgdx2/korvaakascendant_t3.dbr,sm2,poolsbasicgdx2,trash,False,PRESENT,False,DB-CITED,5.0,6.0,0.0,0.0,0.0,records/proxies/proxypoolequation_01.dbr
records/proxies/poolsbasicgdx2/korvaakservant_t2.dbr,sm2,poolsbasicgdx2,trash,False,PRESENT,False,DB-CITED,6.0,7.0,0.0,0.0,0.0,records/proxies/proxypoolequation_01.dbr
records/proxies/poolsbasicgdx2/korvaakservant_t3.dbr,sm2,poolsbasicgdx2,trash,False,PRESENT,False,DB-CITED,6.0,7.0,0.0,0.0,0.0,records/proxies/proxypoolequation_01.dbr
records/proxies/poolsbasicgdx2/mummy_t2.dbr,sm2,poolsbasicgdx2,trash,False,PRESENT,False,DB-CITED,6.0,7.0,0.0,0.0,0.0,records/proxies/proxypoolequation_01.dbr
records/proxies/poolsbasicgdx2/mummy_t3.dbr,sm2,poolsbasicgdx2,trash,False,PRESENT,False,DB-CITED,6.0,7.0,0.0,0.0,0.0,records/proxies/proxypoolequation_01.dbr
records/proxies/poolsbasicgdx2/sandlizard_eldritch_t3.dbr,sm2,poolsbasicgdx2,trash,False,PRESENT,False,DB-CITED,5.0,6.0,0.0,0.0,0.0,records/proxies/proxypoolequation_01.dbr
records/proxies/poolsbasicgdx2/sandlizard_t2.dbr,sm2,poolsbasicgdx2,trash,False,PRESENT,False,DB-CITED,5.0,6.0,0.0,0.0,0.0,records/proxies/proxypoolequation_01.dbr
records/proxies/poolsbasicgdx2/sandlizard_t3.dbr,sm2,poolsbasicgdx2,trash,False,PRESENT,False,DB-CITED,5.0,6.0,0.0,0.0,0.0,records/proxies/proxypoolequation_01.dbr
records/proxies/poolsbasicgdx2/sandlizard_volcanic_t2.dbr,sm2,poolsbasicgdx2,trash,False,PRESENT,False,DB-CITED,5.0,6.0,0.0,0.0,0.0,records/proxies/proxypoolequation_01.dbr
records/proxies/poolsbasicgdx2/sandlizard_volcanic_t3.dbr,sm2,poolsbasicgdx2,trash,False,PRESENT,False,DB-CITED,5.0,6.0,0.0,0.0,0.0,records/proxies/proxypoolequation_01.dbr
records/proxies/poolsbasicgdx2/scorpion_t2.dbr,sm2,poolsbasicgdx2,trash,False,PRESENT,False,DB-CITED,6.0,7.0,0.0,0.0,0.0,records/proxies/proxypoolequation_01.dbr
records/proxies/poolsbasicgdx2/scorpion_t3.dbr,sm2,poolsbasicgdx2,trash,False,PRESENT,False,DB-CITED,6.0,7.0,0.0,0.0,0.0,records/proxies/proxypoolequation_01.dbr
records/proxies/poolsbasicgdx2/statue_t2.dbr,sm2,poolsbasicgdx2,trash,False,PRESENT,False,DB-CITED,3.0,4.0,0.0,0.0,0.0,records/proxies/proxypoolequation_01.dbr
records/proxies/poolsbasicgdx2/statue_t3.dbr,sm2,poolsbasicgdx2,trash,False,PRESENT,False,DB-CITED,3.0,4.0,0.0,0.0,0.0,records/proxies/proxypoolequation_01.dbr
records/proxies/poolsbasicgdx2/viper_t2.dbr,sm2,poolsbasicgdx2,trash,False,PRESENT,False,DB-CITED,5.0,6.0,0.0,0.0,0.0,records/proxies/proxypoolequation_01.dbr
records/proxies/poolsbasicgdx2/viper_t3.dbr,sm2,poolsbasicgdx2,trash,False,PRESENT,False,DB-CITED,5.0,6.0,0.0,0.0,0.0,records/proxies/proxypoolequation_01.dbr
records/proxies/poolsbasicgdx3/avian_t3.dbr,sm3,poolsbasicgdx3,trash,False,PRESENT,False,DB-CITED,5.0,6.0,0.0,0.0,0.0,records/proxies/proxypoolequation_01.dbr
records/proxies/poolsbasicgdx3/beaver_t3.dbr,sm3,poolsbasicgdx3,trash,False,PRESENT,False,DB-CITED,6.0,7.0,0.0,0.0,0.0,records/proxies/proxypoolequation_01.dbr
records/proxies/poolsbasicgdx3/celestialarmor_t3.dbr,sm3,poolsbasicgdx3,trash,False,PRESENT,False,DB-CITED,6.0,7.0,0.0,0.0,0.0,records/proxies/proxypoolequation_01.dbr
records/proxies/poolsbasicgdx3/celestialgryphon_t3.dbr,sm3,poolsbasicgdx3,trash,False,PRESENT,False,DB-CITED,3.0,4.0,0.0,0.0,0.0,records/proxies/proxypoolequation_01.dbr
records/proxies/poolsbasicgdx3/celestialhound_t3.dbr,sm3,poolsbasicgdx3,trash,False,PRESENT,False,DB-CITED,5.0,6.0,0.0,0.0,0.0,records/proxies/proxypoolequation_01.dbr
records/proxies/poolsbasicgdx3/celestiallizard_t3.dbr,sm3,poolsbasicgdx3,trash,False,PRESENT,False,DB-CITED,5.0,6.0,0.0,0.0,0.0,records/proxies/proxypoolequation_01.dbr
records/proxies/poolsbasicgdx3/celestialmonstrosity_t3.dbr,sm3,poolsbasicgdx3,trash,True,PRESENT,True,DB-CITED,3.0,3.0,0.0,0.0,0.0,records/proxies/proxypoolequation_01.dbr
records/proxies/poolsbasicgdx3/celestialstatue_t3.dbr,sm3,poolsbasicgdx3,trash,False,PRESENT,False,DB-CITED,5.0,6.0,0.0,0.0,0.0,records/proxies/proxypoolequation_01.dbr
records/proxies/poolsbasicgdx3/chthonianherald_t3.dbr,sm3,poolsbasicgdx3,trash,False,PRESENT,False,DB-CITED,5.0,6.0,0.0,0.0,0.0,records/proxies/proxypoolequation_01.dbr
records/proxies/poolsbasicgdx3/dranghoul_t3.dbr,sm3,poolsbasicgdx3,trash,False,PRESENT,False,DB-CITED,6.0,7.0,0.0,0.0,0.0,records/proxies/proxypoolequation_01.dbr
records/proxies/poolsbasicgdx3/dranghoulchthonic_t3.dbr,sm3,poolsbasicgdx3,trash,False,PRESENT,False,DB-CITED,6.0,7.0,0.0,0.0,0.0,records/proxies/proxypoolequation_01.dbr
records/proxies/poolsbasicgdx3/giant_t3.dbr,sm3,poolsbasicgdx3,trash,False,PRESENT,False,DB-CITED,5.0,6.0,0.0,0.0,0.0,records/proxies/proxypoolequation_01.dbr
records/proxies/poolsbasicgdx3/groblechthonic_t3.dbr,sm3,poolsbasicgdx3,trash,False,PRESENT,False,DB-CITED,6.0,7.0,0.0,0.0,0.0,records/proxies/proxypoolequation_01.dbr
records/proxies/poolsbasicgdx3/humankurn_t3.dbr,sm3,poolsbasicgdx3,trash,False,PRESENT,False,DB-CITED,6.0,7.0,0.0,0.0,0.0,records/proxies/proxypoolequation_01.dbr
records/proxies/poolsbasicgdx3/hypporaven_t3.dbr,sm3,poolsbasicgdx3,trash,False,PRESENT,False,DB-CITED,5.0,6.0,0.0,0.0,0.0,records/proxies/proxypoolequation_01.dbr
records/proxies/poolsbasicgdx3/rhino_t3.dbr,sm3,poolsbasicgdx3,trash,False,PRESENT,False,DB-CITED,6.0,7.0,0.0,0.0,0.0,records/proxies/proxypoolequation_01.dbr
records/proxies/poolsbasicgdx3/rhinochthonic_t3.dbr,sm3,poolsbasicgdx3,trash,False,PRESENT,False,DB-CITED,5.0,6.0,0.0,0.0,0.0,records/proxies/proxypoolequation_01.dbr
records/proxies/poolsbasicgdx3/rokfrost_t3.dbr,sm3,poolsbasicgdx3,trash,False,PRESENT,False,DB-CITED,5.0,6.0,0.0,0.0,0.0,records/proxies/proxypoolequation_01.dbr
records/proxies/poolsbasicgdx3/rokstorm_t3.dbr,sm3,poolsbasicgdx3,trash,False,PRESENT,False,DB-CITED,5.0,6.0,0.0,0.0,0.0,records/proxies/proxypoolequation_01.dbr
records/proxies/poolsbasicgdx3/rokvoid_t3.dbr,sm3,poolsbasicgdx3,trash,False,PRESENT,False,DB-CITED,5.0,6.0,0.0,0.0,0.0,records/proxies/proxypoolequation_01.dbr
records/proxies/poolsbasicgdx3/skeletonfrost_t3.dbr,sm3,poolsbasicgdx3,trash,False,PRESENT,False,DB-CITED,6.0,7.0,0.0,0.0,0.0,records/proxies/proxypoolequation_01.dbr
records/proxies/poolsbasicgdx3/skeletonfrostrevenant_t3.dbr,sm3,poolsbasicgdx3,trash,False,PRESENT,False,DB-CITED,5.0,6.0,0.0,0.0,0.0,records/proxies/proxypoolequation_01.dbr
records/proxies/poolsbasicgdx3/thornedhorrorfrost_t3.dbr,sm3,poolsbasicgdx3,trash,False,PRESENT,False,DB-CITED,5.0,6.0,0.0,0.0,0.0,records/proxies/proxypoolequation_01.dbr
records/proxies/poolsbasicgdx3/wight_t3.dbr,sm3,poolsbasicgdx3,trash,False,PRESENT,False,DB-CITED,5.0,6.0,0.0,0.0,0.0,records/proxies/proxypoolequation_01.dbr
records/proxies/poolsbasicgdx3/yetidire_t3.dbr,sm3,poolsbasicgdx3,trash,False,PRESENT,False,DB-CITED,5.0,6.0,0.0,0.0,0.0,records/proxies/proxypoolequation_01.dbr
records/proxies/poolsboss/aetherial_amalgamation.dbr,sm_mod,poolsboss,BOSS,False,ABSENT,,TPL-DEFAULT,1.0,1.0,0.0,0.0,0.0,records/proxies/proxypoolequation_01.dbr
records/proxies/poolsboss/aetherial_commander.dbr,sm_mod,poolsboss,BOSS,False,ABSENT,,TPL-DEFAULT,1.0,1.0,0.0,0.0,0.0,records/proxies/proxypoolequation_01.dbr
records/proxies/poolsboss/aetherial_fleshhulk_quarry.dbr,sm_mod,poolsboss,BOSS,False,ABSENT,,TPL-DEFAULT,1.0,1.0,0.0,0.0,0.0,records/proxies/proxypoolequation_01.dbr
records/proxies/poolsboss/aetherial_harrath.dbr,sm_mod,poolsboss,BOSS,False,ABSENT,,TPL-DEFAULT,1.0,1.0,0.0,0.0,0.0,records/proxies/proxypoolequation_01.dbr
records/proxies/poolsboss/aetherial_harrath_nozombies.dbr,sm_mod,poolsboss,BOSS,False,ABSENT,,TPL-DEFAULT,5.0,5.0,0.0,0.0,0.0,records/proxies/proxypoolequation_01.dbr
records/proxies/poolsboss/aetherial_loxmere.dbr,sm_mod,poolsboss,BOSS,False,ABSENT,,TPL-DEFAULT,1.0,1.0,0.0,0.0,0.0,records/proxies/proxypoolequation_01.dbr
records/proxies/poolsboss/aetherial_mutant_burrwitch01.dbr,sm_mod,poolsboss,BOSS,True,PRESENT,True,DB-CITED,2.0,2.0,0.0,0.0,0.0,records/proxies/proxypoolequation_01.dbr
records/proxies/poolsboss/aetherial_mutant_devilscrossing.dbr,sm_mod,poolsboss,BOSS,True,PRESENT,True,DB-CITED,1.0,1.0,0.0,0.0,0.0,records/proxies/proxypoolequation_01.dbr
records/proxies/poolsboss/aetherial_outcasttarget.dbr,sm_mod,poolsboss,BOSS,False,ABSENT,,TPL-DEFAULT,1.0,1.0,0.0,0.0,0.0,records/proxies/proxypoolequation_01.dbr
records/proxies/poolsboss/aetherial_reanimator_gethrand.dbr,sm_mod,poolsboss,BOSS,False,ABSENT,,TPL-DEFAULT,7.0,7.0,0.0,0.0,0.0,records/proxies/proxypoolequation_01.dbr
records/proxies/poolsboss/aetherial_reanimator_zanbrandt.dbr,sm_mod,poolsboss,BOSS,False,ABSENT,,TPL-DEFAULT,7.0,7.0,0.0,0.0,0.0,records/proxies/proxypoolequation_01.dbr
records/proxies/poolsboss/aetherial_reanimatorice.dbr,sm_mod,poolsboss,BOSS,False,ABSENT,,TPL-DEFAULT,7.0,7.0,0.0,0.0,0.0,records/proxies/proxypoolequation_01.dbr
records/proxies/poolsboss/aetherial_theoutcast01.dbr,sm_mod,poolsboss,BOSS,False,ABSENT,,TPL-DEFAULT,1.0,1.0,0.0,0.0,0.0,records/proxies/proxypoolequation_01.dbr
records/proxies/poolsboss/aetherial_theoutcast02.dbr,sm_mod,poolsboss,BOSS,False,ABSENT,,TPL-DEFAULT,1.0,1.0,0.0,0.0,0.0,records/proxies/proxypoolequation_01.dbr
records/proxies/poolsboss/aetherial_theoutcast03.dbr,sm_mod,poolsboss,BOSS,False,ABSENT,,TPL-DEFAULT,1.0,1.0,0.0,0.0,0.0,records/proxies/proxypoolequation_01.dbr
records/proxies/poolsboss/aetherial_warden.dbr,sm_mod,poolsboss,BOSS,False,ABSENT,,TPL-DEFAULT,1.0,1.0,0.0,0.0,0.0,records/proxies/proxypoolequation_01.dbr
records/proxies/poolsboss/aetherial_zombie_somethingfornothing01.dbr,sm_mod,poolsboss,BOSS,True,PRESENT,True,DB-CITED,3.0,3.0,0.0,0.0,0.0,records/proxies/proxypoolequation_01.dbr
records/proxies/poolsboss/bonerat_ratden01.dbr,sm_mod,poolsboss,BOSS,False,ABSENT,,TPL-DEFAULT,6.0,6.0,0.0,0.0,0.0,records/proxies/proxypoolequation_01.dbr
records/proxies/poolsboss/chthonian_bloodlord.dbr,sm_mod,poolsboss,BOSS,False,ABSENT,,TPL-DEFAULT,1.0,1.0,0.0,0.0,0.0,records/proxies/proxypoolequation_01.dbr
records/proxies/poolsboss/chthonian_bolvar.dbr,sm_mod,poolsboss,BOSS,False,ABSENT,,TPL-DEFAULT,5.0,5.0,0.0,0.0,0.0,records/proxies/proxypoolequation_01.dbr
records/proxies/poolsboss/chthonian_devourerashenwastes.dbr,sm_mod,poolsboss,BOSS,False,ABSENT,,TPL-DEFAULT,1.0,1.0,0.0,0.0,0.0,records/proxies/proxypoolequation_01.dbr
records/proxies/poolsboss/chthonian_gauntletguardian01.dbr,sm_mod,poolsboss,BOSS,True,PRESENT,True,DB-CITED,2.0,2.0,0.0,0.0,0.0,records/proxies/proxypoolequation_01.dbr
records/proxies/poolsboss/chthonian_karroz.dbr,sm_mod,poolsboss,BOSS,False,ABSENT,,TPL-DEFAULT,1.0,1.0,0.0,0.0,0.0,records/proxies/proxypoolequation_01.dbr
records/proxies/poolsboss/chthonian_kymonsecret.dbr,sm_mod,poolsboss,BOSS,False,ABSENT,,TPL-DEFAULT,1.0,1.0,0.0,0.0,0.0,records/proxies/proxypoolequation_01.dbr
records/proxies/poolsboss/chthonian_lagothak.dbr,sm_mod,poolsboss,BOSS,False,ABSENT,,TPL-DEFAULT,1.0,1.0,0.0,0.0,0.0,records/proxies/proxypoolequation_01.dbr
records/proxies/poolsboss/chthonian_leech_necropolis.dbr,sm_mod,poolsboss,BOSS,False,ABSENT,,TPL-DEFAULT,1.0,1.0,0.0,0.0,0.0,records/proxies/proxypoolequation_01.dbr
records/proxies/poolsboss/chthonian_leech_void.dbr,sm_mod,poolsboss,BOSS,False,ABSENT,,TPL-DEFAULT,1.0,1.0,0.0,0.0,0.0,records/proxies/proxypoolequation_01.dbr
records/proxies/poolsboss/chthonian_obsidianthrone.dbr,sm_mod,poolsboss,BOSS,False,ABSENT,,TPL-DEFAULT,1.0,1.0,0.0,0.0,0.0,records/proxies/proxypoolequation_01.dbr
records/proxies/poolsboss/chthonian_outcasttarget.dbr,sm_mod,poolsboss,BOSS,False,ABSENT,,TPL-DEFAULT,1.0,1.0,0.0,0.0,0.0,records/proxies/proxypoolequation_01.dbr
records/proxies/poolsboss/chthonian_salazar.dbr,sm_mod,poolsboss,BOSS,False,ABSENT,,TPL-DEFAULT,2.0,2.0,0.0,0.0,0.0,records/proxies/proxypoolequation_01.dbr
records/proxies/poolsboss/chthonian_sharzhul.dbr,sm_mod,poolsboss,BOSS,False,ABSENT,,TPL-DEFAULT,1.0,1.0,0.0,0.0,0.0,records/proxies/proxypoolequation_01.dbr
records/proxies/poolsboss/chthonian_trappedandalone.dbr,sm_mod,poolsboss,BOSS,False,ABSENT,,TPL-DEFAULT,1.0,1.0,0.0,0.0,0.0,records/proxies/proxypoolequation_01.dbr
records/proxies/poolsboss/chthonian_unraveler.dbr,sm_mod,poolsboss,BOSS,True,PRESENT,True,DB-CITED,1.0,1.0,0.0,0.0,0.0,records/proxies/proxypoolequation_01.dbr
records/proxies/poolsboss/chthonian_zaria.dbr,sm_mod,poolsboss,BOSS,False,ABSENT,,TPL-DEFAULT,1.0,1.0,0.0,0.0,0.0,records/proxies/proxypoolequation_01.dbr
records/proxies/poolsboss/dermapteran_madqueen.dbr,sm_mod,poolsboss,BOSS,False,ABSENT,,TPL-DEFAULT,1.0,1.0,0.0,0.0,0.0,records/proxies/proxypoolequation_01.dbr
records/proxies/poolsboss/dermapteran_queen.dbr,sm_mod,poolsboss,BOSS,False,ABSENT,,TPL-DEFAULT,1.0,1.0,0.0,0.0,0.0,records/proxies/proxypoolequation_01.dbr
records/proxies/poolsboss/dermapteran_vizier01.dbr,sm_mod,poolsboss,BOSS,False,ABSENT,,TPL-DEFAULT,1.0,1.0,0.0,0.0,0.0,records/proxies/proxypoolequation_01.dbr
records/proxies/poolsboss/dermapteran_vizier02.dbr,sm_mod,poolsboss,BOSS,False,ABSENT,,TPL-DEFAULT,1.0,1.0,0.0,0.0,0.0,records/proxies/proxypoolequation_01.dbr
records/proxies/poolsboss/dermapteran_vizier03.dbr,sm_mod,poolsboss,BOSS,False,ABSENT,,TPL-DEFAULT,1.0,1.0,0.0,0.0,0.0,records/proxies/proxypoolequation_01.dbr
records/proxies/poolsboss/dranghoul_bloodfeast.dbr,sm_mod,poolsboss,BOSS,False,ABSENT,,TPL-DEFAULT,1.0,1.0,0.0,0.0,0.0,records/proxies/proxypoolequation_01.dbr
records/proxies/poolsboss/dranghoul_gutworm.dbr,sm_mod,poolsboss,BOSS,False,ABSENT,,TPL-DEFAULT,1.0,1.0,0.0,0.0,0.0,records/proxies/proxypoolequation_01.dbr
records/proxies/poolsboss/ghost_alkamos.dbr,sm_mod,poolsboss,BOSS,True,PRESENT,True,DB-CITED,1.0,1.0,0.0,0.0,0.0,records/proxies/proxypoolequation_01.dbr
records/proxies/poolsboss/ghost_baronwradlith.dbr,sm_mod,poolsboss,BOSS,False,ABSENT,,TPL-DEFAULT,1.0,1.0,0.0,0.0,0.0,records/proxies/proxypoolequation_01.dbr
records/proxies/poolsboss/ghost_maninneed.dbr,sm_mod,poolsboss,BOSS,False,ABSENT,,TPL-DEFAULT,1.0,1.0,0.0,0.0,0.0,records/proxies/proxypoolequation_01.dbr
records/proxies/poolsboss/ghost_necroritual.dbr,sm_mod,poolsboss,BOSS,False,ABSENT,,TPL-DEFAULT,1.0,1.0,0.0,0.0,0.0,records/proxies/proxypoolequation_01.dbr
records/proxies/poolsboss/ghost_oligarch01.dbr,sm_mod,poolsboss,BOSS,False,ABSENT,,TPL-DEFAULT,1.0,1.0,0.0,0.0,0.0,records/proxies/proxypoolequation_01.dbr
records/proxies/poolsboss/ghost_oligarch02.dbr,sm_mod,poolsboss,BOSS,False,ABSENT,,TPL-DEFAULT,1.0,1.0,0.0,0.0,0.0,records/proxies/proxypoolequation_01.dbr
records/proxies/poolsboss/ghost_oligarch03.dbr,sm_mod,poolsboss,BOSS,False,ABSENT,,TPL-DEFAULT,1.0,1.0,0.0,0.0,0.0,records/proxies/proxypoolequation_01.dbr
records/proxies/poolsboss/ghoul_factioncrypt.dbr,sm_mod,poolsboss,BOSS,False,ABSENT,,TPL-DEFAULT,1.0,1.0,0.0,0.0,0.0,records/proxies/proxypoolequation_01.dbr
records/proxies/poolsboss/ghoul_gollus.dbr,sm_mod,poolsboss,BOSS,False,ABSENT,,TPL-DEFAULT,1.0,1.0,0.0,0.0,0.0,records/proxies/proxypoolequation_01.dbr
records/proxies/poolsboss/ghoul_kymoncrypt.dbr,sm_mod,poolsboss,BOSS,False,ABSENT,,TPL-DEFAULT,1.0,1.0,0.0,0.0,0.0,records/proxies/proxypoolequation_01.dbr
records/proxies/poolsboss/ghoul_nercropolis.dbr,sm_mod,poolsboss,BOSS,False,ABSENT,,TPL-DEFAULT,1.0,1.0,0.0,0.0,0.0,records/proxies/proxypoolequation_01.dbr
records/proxies/poolsboss/golem_floodedpassage.dbr,sm_mod,poolsboss,BOSS,True,PRESENT,True,DB-CITED,1.0,1.0,0.0,0.0,0.0,records/proxies/proxypoolequation_01.dbr
records/proxies/poolsboss/groble_burrwitchoutskirts.dbr,sm_mod,poolsboss,BOSS,True,PRESENT,True,DB-CITED,1.0,1.0,0.0,0.0,0.0,records/proxies/proxypoolequation_01.dbr
records/proxies/poolsboss/manticore_matriarch.dbr,sm_mod,poolsboss,BOSS,False,ABSENT,,TPL-DEFAULT,1.0,1.0,0.0,0.0,0.0,records/proxies/proxypoolequation_01.dbr
records/proxies/poolsboss/necro_captain.dbr,sm_mod,poolsboss,BOSS,False,ABSENT,,TPL-DEFAULT,1.0,1.0,0.0,0.0,0.0,records/proxies/proxypoolequation_01.dbr
records/proxies/poolsboss/necro_malkadar.dbr,sm_mod,poolsboss,BOSS,False,ABSENT,,TPL-DEFAULT,1.0,1.0,0.0,0.0,0.0,records/proxies/proxypoolequation_01.dbr
records/proxies/poolsboss/nemesis_aetherial.dbr,sm3,poolsboss,BOSS,False,ABSENT,,TPL-DEFAULT,1.0,1.0,0.0,0.0,0.0,records/proxies/proxypoolequation_01.dbr
records/proxies/poolsboss/nemesis_all.dbr,sm3,poolsboss,BOSS,True,PRESENT,True,DB-CITED,1.0,1.0,0.0,0.0,0.0,records/proxies/proxypoolequation_01.dbr
records/proxies/poolsboss/nemesis_all_noaetherial.dbr,sm3,poolsboss,BOSS,True,PRESENT,True,DB-CITED,1.0,1.0,0.0,0.0,0.0,records/proxies/proxypoolequation_01.dbr
records/proxies/poolsboss/nemesis_all_nokymon.dbr,sm3,poolsboss,BOSS,True,PRESENT,True,DB-CITED,1.0,1.0,0.0,0.0,0.0,records/proxies/proxypoolequation_01.dbr
records/proxies/poolsboss/nemesis_all_nonecro.dbr,sm3,poolsboss,BOSS,True,PRESENT,True,DB-CITED,1.0,1.0,0.0,0.0,0.0,records/proxies/proxypoolequation_01.dbr
records/proxies/poolsboss/nemesis_all_nooutlaw.dbr,sm3,poolsboss,BOSS,True,PRESENT,True,DB-CITED,1.0,1.0,0.0,0.0,0.0,records/proxies/proxypoolequation_01.dbr
records/proxies/poolsboss/nemesis_all_noundead.dbr,sm3,poolsboss,BOSS,True,PRESENT,True,DB-CITED,1.0,1.0,0.0,0.0,0.0,records/proxies/proxypoolequation_01.dbr
records/proxies/poolsboss/nemesis_chthonian.dbr,sm3,poolsboss,BOSS,False,ABSENT,,TPL-DEFAULT,1.0,1.0,0.0,0.0,0.0,records/proxies/proxypoolequation_01.dbr
records/proxies/poolsboss/nemesis_necro.dbr,sm3,poolsboss,BOSS,False,ABSENT,,TPL-DEFAULT,1.0,1.0,0.0,0.0,0.0,records/proxies/proxypoolequation_01.dbr
records/proxies/poolsboss/nemesis_outlaw.dbr,sm3,poolsboss,BOSS,False,ABSENT,,TPL-DEFAULT,1.0,1.0,0.0,0.0,0.0,records/proxies/proxypoolequation_01.dbr
records/proxies/poolsboss/nemesis_undead.dbr,sm3,poolsboss,BOSS,False,ABSENT,,TPL-DEFAULT,1.0,1.0,0.0,0.0,0.0,records/proxies/proxypoolequation_01.dbr
records/proxies/poolsboss/nemesis_zealot.dbr,sm3,poolsboss,BOSS,False,ABSENT,,TPL-DEFAULT,1.0,1.0,0.0,0.0,0.0,records/proxies/proxypoolequation_01.dbr
records/proxies/poolsboss/outlaw_balthazar.dbr,sm_mod,poolsboss,BOSS,True,PRESENT,True,DB-CITED,4.0,5.0,0.0,0.0,0.0,records/proxies/proxypoolequation_01.dbr
records/proxies/poolsboss/outlaw_darius.dbr,sm_mod,poolsboss,BOSS,False,ABSENT,,TPL-DEFAULT,1.0,1.0,0.0,0.0,0.0,records/proxies/proxypoolequation_01.dbr
records/proxies/poolsboss/outlaw_haliontherat.dbr,sm_mod,poolsboss,BOSS,False,ABSENT,,TPL-DEFAULT,5.0,6.0,0.0,0.0,0.0,records/proxies/proxypoolequation_01.dbr
records/proxies/poolsboss/outlaw_lieutenant01.dbr,sm_mod,poolsboss,BOSS,True,PRESENT,True,DB-CITED,2.0,2.0,0.0,0.0,0.0,records/proxies/proxypoolequation_01.dbr
records/proxies/poolsboss/outlaw_moneybags.dbr,sm_mod,poolsboss,BOSS,False,ABSENT,,TPL-DEFAULT,4.0,5.0,0.0,0.0,0.0,records/proxies/proxypoolequation_01.dbr
records/proxies/poolsboss/outlaw_pitmaster.dbr,sm_mod,poolsboss,BOSS,False,ABSENT,,TPL-DEFAULT,1.0,1.0,0.0,0.0,0.0,records/proxies/proxypoolequation_01.dbr
records/proxies/poolsboss/prawn_ikrix.dbr,sm_mod,poolsboss,BOSS,False,ABSENT,,TPL-DEFAULT,1.0,1.0,0.0,0.0,0.0,records/proxies/proxypoolequation_01.dbr
records/proxies/poolsboss/rifthound_bonehunter.dbr,sm_mod,poolsboss,BOSS,False,ABSENT,,TPL-DEFAULT,1.0,1.0,0.0,0.0,0.0,records/proxies/proxypoolequation_01.dbr
records/proxies/poolsboss/skeletalgolem_ilgorr.dbr,sm_mod,poolsboss,BOSS,False,ABSENT,,TPL-DEFAULT,1.0,1.0,0.0,0.0,0.0,records/proxies/proxypoolequation_01.dbr
records/proxies/poolsboss/skeletalgolem_uroboruukguardian.dbr,sm_mod,poolsboss,BOSS,False,ABSENT,,TPL-DEFAULT,1.0,1.0,0.0,0.0,0.0,records/proxies/proxypoolequation_01.dbr
records/proxies/poolsboss/skeleton_deathrevenant.dbr,sm_mod,poolsboss,BOSS,True,PRESENT,True,DB-CITED,1.0,1.0,0.0,0.0,0.0,records/proxies/proxypoolequation_01.dbr
records/proxies/poolsboss/skeleton_kilrian.dbr,sm_mod,poolsboss,BOSS,False,ABSENT,,TPL-DEFAULT,1.0,1.0,0.0,0.0,0.0,records/proxies/proxypoolequation_01.dbr
records/proxies/poolsboss/skeleton_outcasttarget.dbr,sm_mod,poolsboss,BOSS,False,ABSENT,,TPL-DEFAULT,1.0,1.0,0.0,0.0,0.0,records/proxies/proxypoolequation_01.dbr
records/proxies/poolsboss/skeleton_rolderathis.dbr,sm_mod,poolsboss,BOSS,False,ABSENT,,TPL-DEFAULT,1.0,1.0,0.0,0.0,0.0,records/proxies/proxypoolequation_01.dbr
records/proxies/poolsboss/skeleton_zarthuzellan.dbr,sm_mod,poolsboss,BOSS,False,ABSENT,,TPL-DEFAULT,1.0,1.0,0.0,0.0,0.0,records/proxies/proxypoolequation_01.dbr
records/proxies/poolsboss/slith_elena.dbr,sm_mod,poolsboss,BOSS,True,PRESENT,True,DB-CITED,1.0,1.0,0.0,0.0,0.0,records/proxies/proxypoolequation_01.dbr
records/proxies/poolsboss/slith_primordian.dbr,sm_mod,poolsboss,BOSS,False,ABSENT,,TPL-DEFAULT,3.0,3.0,0.0,0.0,0.0,records/proxies/proxypoolequation_01.dbr
records/proxies/poolsboss/slith_viloth.dbr,sm_mod,poolsboss,BOSS,False,ABSENT,,TPL-DEFAULT,1.0,1.0,0.0,0.0,0.0,records/proxies/proxypoolequation_01.dbr
records/proxies/poolsboss/spider_mountaindeeps.dbr,sm_mod,poolsboss,BOSS,False,ABSENT,,TPL-DEFAULT,1.0,1.0,0.0,0.0,0.0,records/proxies/proxypoolequation_01.dbr
records/proxies/poolsboss/thornedhorror_shadedbasin.dbr,sm_mod,poolsboss,BOSS,False,ABSENT,,TPL-DEFAULT,1.0,1.0,0.0,0.0,0.0,records/proxies/proxypoolequation_01.dbr
records/proxies/poolsboss/troll_smugglerpass.dbr,sm_mod,poolsboss,BOSS,False,ABSENT,,TPL-DEFAULT,4.0,4.0,0.0,0.0,0.0,records/proxies/proxypoolequation_01.dbr
records/proxies/poolsboss/troll_swampking.dbr,sm_mod,poolsboss,BOSS,False,ABSENT,,TPL-DEFAULT,1.0,1.0,0.0,0.0,0.0,records/proxies/proxypoolequation_01.dbr
records/proxies/poolsboss/wasp_queen01.dbr,sm_mod,poolsboss,BOSS,False,ABSENT,,TPL-DEFAULT,2.0,2.0,0.0,0.0,0.0,records/proxies/proxypoolequation_01.dbr
records/proxies/poolsboss/witchgod_bysmielguardian.dbr,sm_mod,poolsboss,BOSS,False,ABSENT,,TPL-DEFAULT,1.0,1.0,0.0,0.0,0.0,records/proxies/proxypoolequation_01.dbr
records/proxies/poolsboss/witchgod_dreegguardian.dbr,sm_mod,poolsboss,BOSS,False,ABSENT,,TPL-DEFAULT,1.0,1.0,0.0,0.0,0.0,records/proxies/proxypoolequation_01.dbr
records/proxies/poolsboss/witchgod_sentinel.dbr,sm_mod,poolsboss,BOSS,False,ABSENT,,TPL-DEFAULT,1.0,1.0,0.0,0.0,0.0,records/proxies/proxypoolequation_01.dbr
records/proxies/poolsboss/witchgod_solaelguardian.dbr,sm_mod,poolsboss,BOSS,False,ABSENT,,TPL-DEFAULT,1.0,1.0,0.0,0.0,0.0,records/proxies/proxypoolequation_01.dbr
records/proxies/poolsboss/yeti_asterkarnmountains.dbr,sm_mod,poolsboss,BOSS,False,ABSENT,,TPL-DEFAULT,1.0,1.0,0.0,0.0,0.0,records/proxies/proxypoolequation_01.dbr
records/proxies/poolsboss/zealot_archon.dbr,sm_mod,poolsboss,BOSS,False,ABSENT,,TPL-DEFAULT,1.0,1.0,0.0,0.0,0.0,records/proxies/proxypoolequation_01.dbr
records/proxies/poolsboss/zealot_captain.dbr,sm_mod,poolsboss,BOSS,False,ABSENT,,TPL-DEFAULT,1.0,1.0,0.0,0.0,0.0,records/proxies/proxypoolequation_01.dbr
records/proxies/poolsbossgdx1/aetherialcolossus_galakros.dbr,sm3,poolsbossgdx1,BOSS,False,ABSENT,,TPL-DEFAULT,1.0,1.0,0.0,0.0,0.0,records/proxies/proxypoolequation_01.dbr
records/proxies/poolsbossgdx1/aetherialcolossus_gatekeeper.dbr,sm3,poolsbossgdx1,BOSS,False,ABSENT,,TPL-DEFAULT,1.0,1.0,0.0,0.0,0.0,records/proxies/proxypoolequation_01.dbr
records/proxies/poolsbossgdx1/aetherialcorruption_intro.dbr,sm3,poolsbossgdx1,BOSS,False,ABSENT,,TPL-DEFAULT,1.0,1.0,0.0,0.0,0.0,records/proxies/proxypoolequation_01.dbr
records/proxies/poolsbossgdx1/aetherialenclave.dbr,sm3,poolsbossgdx1,BOSS,False,ABSENT,,TPL-DEFAULT,3.0,3.0,0.0,0.0,0.0,records/proxies/proxypoolequation_01.dbr
records/proxies/poolsbossgdx1/aetherialfinal.dbr,sm3,poolsbossgdx1,BOSS,False,ABSENT,,TPL-DEFAULT,1.0,1.0,0.0,0.0,0.0,records/proxies/proxypoolequation_01.dbr
records/proxies/poolsbossgdx1/aetherialfleshshaper_haraxis.dbr,sm3,poolsbossgdx1,BOSS,False,ABSENT,,TPL-DEFAULT,1.0,1.0,0.0,0.0,0.0,records/proxies/proxypoolequation_01.dbr
records/proxies/poolsbossgdx1/aetherialfleshshaper_hinissius.dbr,sm3,poolsbossgdx1,BOSS,False,ABSENT,,TPL-DEFAULT,1.0,1.0,0.0,0.0,0.0,records/proxies/proxypoolequation_01.dbr
records/proxies/poolsbossgdx1/basilisk_witchritual.dbr,sm3,poolsbossgdx1,BOSS,False,ABSENT,,TPL-DEFAULT,1.0,1.0,0.0,0.0,0.0,records/proxies/proxypoolequation_01.dbr
records/proxies/poolsbossgdx1/chthonianrylok_ekketzul.dbr,sm3,poolsbossgdx1,BOSS,False,ABSENT,,TPL-DEFAULT,1.0,1.0,0.0,0.0,0.0,records/proxies/proxypoolequation_01.dbr
records/proxies/poolsbossgdx1/chthonianrylok_gabalthunn.dbr,sm3,poolsbossgdx1,BOSS,False,ABSENT,,TPL-DEFAULT,1.0,1.0,0.0,0.0,0.0,records/proxies/proxypoolequation_01.dbr
records/proxies/poolsbossgdx1/chthonianservitor_lunalvalgoth.dbr,sm3,poolsbossgdx1,BOSS,False,ABSENT,,TPL-DEFAULT,1.0,1.0,0.0,0.0,0.0,records/proxies/proxypoolequation_01.dbr
records/proxies/poolsbossgdx1/factoryguardian_01.dbr,sm3,poolsbossgdx1,BOSS,False,ABSENT,,TPL-DEFAULT,1.0,1.0,0.0,0.0,0.0,records/proxies/proxypoolequation_01.dbr
records/proxies/poolsbossgdx1/factoryguardian_02.dbr,sm3,poolsbossgdx1,BOSS,False,ABSENT,,TPL-DEFAULT,1.0,1.0,0.0,0.0,0.0,records/proxies/proxypoolequation_01.dbr
records/proxies/poolsbossgdx1/fleshweaverkrieg.dbr,sm3,poolsbossgdx1,BOSS,True,PRESENT,True,DB-CITED,1.0,1.0,0.0,0.0,0.0,records/proxies/proxypoolequation_01.dbr
records/proxies/poolsbossgdx1/ghostcrab_mine.dbr,sm3,poolsbossgdx1,BOSS,False,ABSENT,,TPL-DEFAULT,1.0,1.0,0.0,0.0,0.0,records/proxies/proxypoolequation_01.dbr
records/proxies/poolsbossgdx1/humanascendant_mindthief.dbr,sm3,poolsbossgdx1,BOSS,False,ABSENT,,TPL-DEFAULT,1.0,1.0,0.0,0.0,0.0,records/proxies/proxypoolequation_01.dbr
records/proxies/poolsbossgdx1/humanascendant_terrnox.dbr,sm3,poolsbossgdx1,BOSS,True,PRESENT,True,DB-CITED,1.0,1.0,0.0,0.0,0.0,records/proxies/proxypoolequation_01.dbr
records/proxies/poolsbossgdx1/humanascendant_valaxteria.dbr,sm3,poolsbossgdx1,BOSS,True,PRESENT,True,DB-CITED,1.0,1.0,0.0,0.0,0.0,records/proxies/proxypoolequation_01.dbr
records/proxies/poolsbossgdx1/humanwendigo_gloomwald.dbr,sm3,poolsbossgdx1,BOSS,False,ABSENT,,TPL-DEFAULT,1.0,1.0,0.0,0.0,0.0,records/proxies/proxypoolequation_01.dbr
records/proxies/poolsbossgdx1/nemesis_aetherialvanguard.dbr,sm3,poolsbossgdx1,BOSS,True,PRESENT,True,DB-CITED,1.0,1.0,0.0,0.0,0.0,records/proxies/proxypoolequation_01.dbr
records/proxies/poolsbossgdx1/nemesis_all.dbr,sm3,poolsbossgdx1,BOSS,True,PRESENT,True,DB-CITED,1.0,1.0,0.0,0.0,0.0,records/proxies/proxypoolequation_01.dbr
records/proxies/poolsbossgdx1/nemesis_all_noaetherialvanguard.dbr,sm3,poolsbossgdx1,BOSS,True,PRESENT,True,DB-CITED,1.0,1.0,0.0,0.0,0.0,records/proxies/proxypoolequation_01.dbr
records/proxies/poolsbossgdx1/nemesis_all_nobeast.dbr,sm3,poolsbossgdx1,BOSS,True,PRESENT,True,DB-CITED,1.0,1.0,0.0,0.0,0.0,records/proxies/proxypoolequation_01.dbr
records/proxies/poolsbossgdx1/nemesis_all_novoidborn.dbr,sm3,poolsbossgdx1,BOSS,True,PRESENT,True,DB-CITED,1.0,1.0,0.0,0.0,0.0,records/proxies/proxypoolequation_01.dbr
records/proxies/poolsbossgdx1/nemesis_all_nowendigo.dbr,sm3,poolsbossgdx1,BOSS,True,PRESENT,True,DB-CITED,1.0,1.0,0.0,0.0,0.0,records/proxies/proxypoolequation_01.dbr
records/proxies/poolsbossgdx1/nemesis_beast.dbr,sm3,poolsbossgdx1,BOSS,True,PRESENT,True,DB-CITED,1.0,1.0,0.0,0.0,0.0,records/proxies/proxypoolequation_01.dbr
records/proxies/poolsbossgdx1/nemesis_voidborn.dbr,sm3,poolsbossgdx1,BOSS,True,PRESENT,True,DB-CITED,1.0,1.0,0.0,0.0,0.0,records/proxies/proxypoolequation_01.dbr
records/proxies/poolsbossgdx1/nemesis_wendigo.dbr,sm3,poolsbossgdx1,BOSS,True,PRESENT,True,DB-CITED,1.0,1.0,0.0,0.0,0.0,records/proxies/proxypoolequation_01.dbr
records/proxies/poolsbossgdx1/nemesis_wendigooraetherialvanguard.dbr,sm3,poolsbossgdx1,BOSS,True,PRESENT,True,DB-CITED,1.0,1.0,0.0,0.0,0.0,records/proxies/proxypoolequation_01.dbr
records/proxies/poolsbossgdx1/swampcrab_carraxus.dbr,sm3,poolsbossgdx1,BOSS,False,ABSENT,,TPL-DEFAULT,1.0,1.0,0.0,0.0,0.0,records/proxies/proxypoolequation_01.dbr
records/proxies/poolsbossgdx1/swampgolem_bargoll.dbr,sm3,poolsbossgdx1,BOSS,False,ABSENT,,TPL-DEFAULT,1.0,1.0,0.0,0.0,0.0,records/proxies/proxypoolequation_01.dbr
records/proxies/poolsbossgdx1/wendigo_handarroth.dbr,sm3,poolsbossgdx1,BOSS,False,ABSENT,,TPL-DEFAULT,1.0,1.0,0.0,0.0,0.0,records/proxies/proxypoolequation_01.dbr
records/proxies/poolsbossgdx1/wendigo_namadea.dbr,sm3,poolsbossgdx1,BOSS,False,ABSENT,,TPL-DEFAULT,1.0,1.0,0.0,0.0,0.0,records/proxies/proxypoolequation_01.dbr
records/proxies/poolsbossgdx1/wendigo_ollivioth.dbr,sm3,poolsbossgdx1,BOSS,False,ABSENT,,TPL-DEFAULT,1.0,1.0,0.0,0.0,0.0,records/proxies/proxypoolequation_01.dbr
records/proxies/poolsbossgdx1/wendigo_yuvolloth.dbr,sm3,poolsbossgdx1,BOSS,False,ABSENT,,TPL-DEFAULT,1.0,1.0,0.0,0.0,0.0,records/proxies/proxypoolequation_01.dbr
records/proxies/poolsbossgdx1/wendigocannibal_packla.dbr,sm3,poolsbossgdx1,BOSS,False,ABSENT,,TPL-DEFAULT,1.0,1.0,0.0,0.0,0.0,records/proxies/proxypoolequation_01.dbr
records/proxies/poolsbossgdx1/witch_janaxia.dbr,sm3,poolsbossgdx1,BOSS,False,ABSENT,,TPL-DEFAULT,1.0,1.0,0.0,0.0,0.0,records/proxies/proxypoolequation_01.dbr
records/proxies/poolsbossgdx1/witch_larria.dbr,sm3,poolsbossgdx1,BOSS,False,ABSENT,,TPL-DEFAULT,1.0,1.0,0.0,0.0,0.0,records/proxies/proxypoolequation_01.dbr
records/proxies/poolsbossgdx2/aetherialbloater_malmouthdocks.dbr,sm3,poolsbossgdx2,BOSS,False,ABSENT,,TPL-DEFAULT,1.0,1.0,0.0,0.0,0.0,records/proxies/proxypoolequation_01.dbr
records/proxies/poolsbossgdx2/beetle_desert.dbr,sm3,poolsbossgdx2,BOSS,False,ABSENT,,TPL-DEFAULT,1.0,1.0,0.0,0.0,0.0,records/proxies/proxypoolequation_01.dbr
records/proxies/poolsbossgdx2/beetle_maggot.dbr,sm3,poolsbossgdx2,BOSS,False,ABSENT,,TPL-DEFAULT,1.0,1.0,0.0,0.0,0.0,records/proxies/proxypoolequation_01.dbr
records/proxies/poolsbossgdx2/cthoniccultist_burrwitchcathedral.dbr,sm3,poolsbossgdx2,BOSS,False,ABSENT,,TPL-DEFAULT,1.0,1.0,0.0,0.0,0.0,records/proxies/proxypoolequation_01.dbr
records/proxies/poolsbossgdx2/dranghoul_eastmarsh.dbr,sm3,poolsbossgdx2,BOSS,False,ABSENT,,TPL-DEFAULT,1.0,1.0,0.0,0.0,0.0,records/proxies/proxypoolequation_01.dbr
records/proxies/poolsbossgdx2/eldritcharmor_mindreaper.dbr,sm3,poolsbossgdx2,BOSS,False,ABSENT,,TPL-DEFAULT,1.0,1.0,0.0,0.0,0.0,records/proxies/proxypoolequation_01.dbr
records/proxies/poolsbossgdx2/eldritchhound_basalt.dbr,sm3,poolsbossgdx2,BOSS,False,ABSENT,,TPL-DEFAULT,1.0,1.0,0.0,0.0,0.0,records/proxies/proxypoolequation_01.dbr
records/proxies/poolsbossgdx2/eldritchhound_gatheringpower.dbr,sm3,poolsbossgdx2,BOSS,False,ABSENT,,TPL-DEFAULT,1.0,1.0,0.0,0.0,0.0,records/proxies/proxypoolequation_01.dbr
records/proxies/poolsbossgdx2/eldritchlizard_heartastribute.dbr,sm3,poolsbossgdx2,BOSS,False,ABSENT,,TPL-DEFAULT,1.0,1.0,0.0,0.0,0.0,records/proxies/proxypoolequation_01.dbr
records/proxies/poolsbossgdx2/eldritchscorpion.dbr,sm3,poolsbossgdx2,BOSS,False,ABSENT,,TPL-DEFAULT,1.0,1.0,0.0,0.0,0.0,records/proxies/proxypoolequation_01.dbr
records/proxies/poolsbossgdx2/fatherkymon.dbr,sm3,poolsbossgdx2,BOSS,True,PRESENT,True,DB-CITED,1.0,1.0,0.0,0.0,0.0,records/proxies/proxypoolequation_01.dbr
records/proxies/poolsbossgdx2/gryphon_temple.dbr,sm3,poolsbossgdx2,BOSS,False,ABSENT,,TPL-DEFAULT,1.0,1.0,0.0,0.0,0.0,records/proxies/proxypoolequation_01.dbr
records/proxies/poolsbossgdx2/gryphonstone.dbr,sm3,poolsbossgdx2,BOSS,True,PRESENT,True,DB-CITED,3.0,3.0,0.0,0.0,0.0,records/proxies/proxypoolequation_01.dbr
records/proxies/poolsbossgdx2/human_boundspirits.dbr,sm3,poolsbossgdx2,BOSS,False,ABSENT,,TPL-DEFAULT,1.0,1.0,0.0,0.0,0.0,records/proxies/proxypoolequation_01.dbr
records/proxies/poolsbossgdx2/human_dravis.dbr,sm3,poolsbossgdx2,BOSS,False,PRESENT,False,DB-CITED,1.0,1.0,0.0,0.0,0.0,records/proxies/proxypoolequation_01.dbr
records/proxies/poolsbossgdx2/human_dreegusurper.dbr,sm3,poolsbossgdx2,BOSS,False,PRESENT,False,DB-CITED,1.0,1.0,0.0,0.0,0.0,records/proxies/proxypoolequation_01.dbr
records/proxies/poolsbossgdx2/human_korvaaklieutenant_01.dbr,sm3,poolsbossgdx2,BOSS,False,PRESENT,False,DB-CITED,1.0,1.0,0.0,0.0,0.0,records/proxies/proxypoolequation_01.dbr
records/proxies/poolsbossgdx2/human_korvaaklieutenant_02.dbr,sm3,poolsbossgdx2,BOSS,False,PRESENT,False,DB-CITED,1.0,1.0,0.0,0.0,0.0,records/proxies/proxypoolequation_01.dbr
records/proxies/poolsbossgdx2/human_madwitch.dbr,sm3,poolsbossgdx2,BOSS,False,PRESENT,False,DB-CITED,1.0,1.0,0.0,0.0,0.0,records/proxies/proxypoolequation_01.dbr
records/proxies/poolsbossgdx2/korvaakchosen_sunspire.dbr,sm3,poolsbossgdx2,BOSS,False,ABSENT,,TPL-DEFAULT,1.0,1.0,0.0,0.0,0.0,records/proxies/proxypoolequation_01.dbr
records/proxies/poolsbossgdx2/korvaakfinal.dbr,sm3,poolsbossgdx2,BOSS,True,PRESENT,True,DB-CITED,1.0,1.0,0.0,0.0,0.0,records/proxies/proxypoolequation_01.dbr
records/proxies/poolsbossgdx2/korvaakmessenger.dbr,sm3,poolsbossgdx2,BOSS,True,PRESENT,True,DB-CITED,1.0,1.0,0.0,0.0,0.0,records/proxies/proxypoolequation_01.dbr
records/proxies/poolsbossgdx2/korvaaktombguardian.dbr,sm3,poolsbossgdx2,BOSS,False,ABSENT,,TPL-DEFAULT,1.0,1.0,0.0,0.0,0.0,records/proxies/proxypoolequation_01.dbr
records/proxies/poolsbossgdx2/lizard_desert.dbr,sm3,poolsbossgdx2,BOSS,False,ABSENT,,TPL-DEFAULT,1.0,1.0,0.0,0.0,0.0,records/proxies/proxypoolequation_01.dbr
records/proxies/poolsbossgdx2/mummy_osyr.dbr,sm3,poolsbossgdx2,BOSS,False,ABSENT,,TPL-DEFAULT,1.0,1.0,0.0,0.0,0.0,records/proxies/proxypoolequation_01.dbr
records/proxies/poolsbossgdx2/nemesis_eldritch.dbr,sm3,poolsbossgdx2,BOSS,True,PRESENT,True,DB-CITED,1.0,1.0,0.0,0.0,0.0,records/proxies/proxypoolequation_01.dbr
records/proxies/poolsbossgdx2/outlaw_arkoviandocks.dbr,sm3,poolsbossgdx2,BOSS,False,ABSENT,,TPL-DEFAULT,1.0,1.0,0.0,0.0,0.0,records/proxies/proxypoolequation_01.dbr
records/proxies/poolsbossgdx2/scorpion_desert.dbr,sm3,poolsbossgdx2,BOSS,True,PRESENT,True,DB-CITED,1.0,1.0,0.0,0.0,0.0,records/proxies/proxypoolequation_01.dbr
records/proxies/poolsbossgdx2/skeletalgolem_arkoviancoliseum.dbr,sm3,poolsbossgdx2,BOSS,False,ABSENT,,TPL-DEFAULT,1.0,1.0,0.0,0.0,0.0,records/proxies/proxypoolequation_01.dbr
records/proxies/poolsbossgdx3/avian_worldtear.dbr,sm3,poolsbossgdx3,BOSS,True,PRESENT,True,DB-CITED,1.0,1.0,0.0,0.0,0.0,records/proxies/proxypoolequation_01.dbr
records/proxies/poolsbossgdx3/beastroguelike_gargabol.dbr,sm3,poolsbossgdx3,BOSS,True,PRESENT,True,DB-CITED,1.0,1.0,0.0,0.0,0.0,records/proxies/proxypoolequation_01.dbr
records/proxies/poolsbossgdx3/beastroguelike_manticore.dbr,sm3,poolsbossgdx3,BOSS,True,PRESENT,True,DB-CITED,1.0,1.0,0.0,0.0,0.0,records/proxies/proxypoolequation_01.dbr
records/proxies/poolsbossgdx3/beastroguelike_slathsarr.dbr,sm3,poolsbossgdx3,BOSS,True,PRESENT,True,DB-CITED,1.0,1.0,0.0,0.0,0.0,records/proxies/proxypoolequation_01.dbr
records/proxies/poolsbossgdx3/beronath.dbr,sm3,poolsbossgdx3,BOSS,True,PRESENT,True,DB-CITED,1.0,1.0,0.0,0.0,0.0,records/proxies/proxypoolequation_01.dbr
records/proxies/poolsbossgdx3/chthonianherald_prodromus.dbr,sm3,poolsbossgdx3,BOSS,True,PRESENT,True,DB-CITED,1.0,1.0,0.0,0.0,0.0,records/proxies/proxypoolequation_01.dbr
records/proxies/poolsbossgdx3/chthonianservitor_rinnvalgoth.dbr,sm3,poolsbossgdx3,BOSS,True,PRESENT,True,DB-CITED,1.0,1.0,0.0,0.0,0.0,records/proxies/proxypoolequation_01.dbr
records/proxies/poolsbossgdx3/chthoniantyrant_grulthunn.dbr,sm3,poolsbossgdx3,BOSS,True,PRESENT,True,DB-CITED,1.0,1.0,0.0,0.0,0.0,records/proxies/proxypoolequation_01.dbr
records/proxies/poolsbossgdx3/direwolf_frozenwastes.dbr,sm3,poolsbossgdx3,BOSS,True,PRESENT,True,DB-CITED,1.0,1.0,0.0,0.0,0.0,records/proxies/proxypoolequation_01.dbr
records/proxies/poolsbossgdx3/dranghoul_frostsnarl.dbr,sm3,poolsbossgdx3,BOSS,True,PRESENT,True,DB-CITED,1.0,1.0,0.0,0.0,0.0,records/proxies/proxypoolequation_01.dbr
records/proxies/poolsbossgdx3/dread.dbr,sm3,poolsbossgdx3,BOSS,True,PRESENT,True,DB-CITED,1.0,1.0,0.0,0.0,0.0,records/proxies/proxypoolequation_01.dbr
records/proxies/poolsbossgdx3/factoryguardians.dbr,sm3,poolsbossgdx3,BOSS,True,PRESENT,True,DB-CITED,2.0,2.0,0.0,0.0,0.0,records/proxies/proxypoolequation_01.dbr
records/proxies/poolsbossgdx3/giant_fire.dbr,sm3,poolsbossgdx3,BOSS,True,PRESENT,True,DB-CITED,1.0,1.0,0.0,0.0,0.0,records/proxies/proxypoolequation_01.dbr
records/proxies/poolsbossgdx3/giant_storm.dbr,sm3,poolsbossgdx3,BOSS,True,PRESENT,True,DB-CITED,1.0,1.0,0.0,0.0,0.0,records/proxies/proxypoolequation_01.dbr
records/proxies/poolsbossgdx3/giant_totem.dbr,sm3,poolsbossgdx3,BOSS,True,PRESENT,True,DB-CITED,2.0,2.0,0.0,0.0,0.0,records/proxies/proxypoolequation_01.dbr
records/proxies/poolsbossgdx3/hypporaven_evernight.dbr,sm3,poolsbossgdx3,BOSS,True,PRESENT,True,DB-CITED,1.0,1.0,0.0,0.0,0.0,records/proxies/proxypoolequation_01.dbr
records/proxies/poolsbossgdx3/icedefiler.dbr,sm3,poolsbossgdx3,BOSS,True,PRESENT,True,DB-CITED,1.0,1.0,0.0,0.0,0.0,records/proxies/proxypoolequation_01.dbr
records/proxies/poolsbossgdx3/kurnchthonic_blackheart.dbr,sm3,poolsbossgdx3,BOSS,True,PRESENT,True,DB-CITED,1.0,1.0,0.0,0.0,0.0,records/proxies/proxypoolequation_01.dbr
records/proxies/poolsbossgdx3/kurnchthonic_chieftain.dbr,sm3,poolsbossgdx3,BOSS,True,PRESENT,True,DB-CITED,3.0,3.0,0.0,0.0,0.0,records/proxies/proxypoolequation_01.dbr
records/proxies/poolsbossgdx3/kurnchthonic_shaman.dbr,sm3,poolsbossgdx3,BOSS,True,PRESENT,True,DB-CITED,1.0,1.0,0.0,0.0,0.0,records/proxies/proxypoolequation_01.dbr
records/proxies/poolsbossgdx3/kurnchthonic_strongholdchieftain.dbr,sm3,poolsbossgdx3,BOSS,True,PRESENT,True,DB-CITED,1.0,1.0,0.0,0.0,0.0,records/proxies/proxypoolequation_01.dbr
records/proxies/poolsbossgdx3/kurnchthonic_strongholdlieutenants.dbr,sm3,poolsbossgdx3,BOSS,True,PRESENT,True,DB-CITED,2.0,2.0,0.0,0.0,0.0,records/proxies/proxypoolequation_01.dbr
records/proxies/poolsbossgdx3/nemesis_all.dbr,sm3,poolsbossgdx3,BOSS,True,PRESENT,True,DB-CITED,1.0,1.0,0.0,0.0,0.0,records/proxies/proxypoolequation_01.dbr
records/proxies/poolsbossgdx3/nemesis_kurn.dbr,sm3,poolsbossgdx3,BOSS,True,PRESENT,True,DB-CITED,1.0,1.0,0.0,0.0,0.0,records/proxies/proxypoolequation_01.dbr
records/proxies/poolsbossgdx3/rhino_frozenwastes.dbr,sm3,poolsbossgdx3,BOSS,True,PRESENT,True,DB-CITED,1.0,1.0,0.0,0.0,0.0,records/proxies/proxypoolequation_01.dbr
records/proxies/poolsbossgdx3/rok_wind.dbr,sm3,poolsbossgdx3,BOSS,True,PRESENT,True,DB-CITED,1.0,1.0,0.0,0.0,0.0,records/proxies/proxypoolequation_01.dbr
records/proxies/poolsbossgdx3/scorv.dbr,sm3,poolsbossgdx3,BOSS,True,PRESENT,True,DB-CITED,1.0,1.0,0.0,0.0,0.0,records/proxies/proxypoolequation_01.dbr
records/proxies/poolsbossgdx3/tombheretic_magi.dbr,sm3,poolsbossgdx3,BOSS,True,PRESENT,True,DB-CITED,2.0,2.0,0.0,0.0,0.0,records/proxies/proxypoolequation_01.dbr
records/proxies/poolsbossgdx3/tombheretic_morgoneth.dbr,sm3,poolsbossgdx3,BOSS,True,PRESENT,True,DB-CITED,1.0,1.0,0.0,0.0,0.0,records/proxies/proxypoolequation_01.dbr
records/proxies/poolsbossgdx3/tombheretic_statue.dbr,sm3,poolsbossgdx3,BOSS,True,PRESENT,True,DB-CITED,1.0,1.0,0.0,0.0,0.0,records/proxies/proxypoolequation_01.dbr
records/proxies/poolsbossgdx3/wight_hags.dbr,sm3,poolsbossgdx3,BOSS,True,PRESENT,True,DB-CITED,3.0,3.0,0.0,0.0,0.0,records/proxies/proxypoolequation_01.dbr
records/proxies/poolsbossgdx3/wight_iceboundpassage.dbr,sm3,poolsbossgdx3,BOSS,True,PRESENT,True,DB-CITED,1.0,1.0,0.0,0.0,0.0,records/proxies/proxypoolequation_01.dbr
records/proxies/poolsbossgdx3/wight_scarsfell.dbr,sm3,poolsbossgdx3,BOSS,True,PRESENT,True,DB-CITED,1.0,1.0,0.0,0.0,0.0,records/proxies/proxypoolequation_01.dbr
records/proxies/poolsbossgdx3/yeti_bonegrinder.dbr,sm3,poolsbossgdx3,BOSS,True,PRESENT,True,DB-CITED,1.0,1.0,0.0,0.0,0.0,records/proxies/proxypoolequation_01.dbr
records/proxies/poolsbossgdx3/yeti_chthonic.dbr,sm3,poolsbossgdx3,BOSS,True,PRESENT,True,DB-CITED,1.0,1.0,0.0,0.0,0.0,records/proxies/proxypoolequation_01.dbr
records/proxies/poolsbossgdx3/yeti_rimehorn.dbr,sm3,poolsbossgdx3,BOSS,True,PRESENT,True,DB-CITED,1.0,1.0,0.0,0.0,0.0,records/proxies/proxypoolequation_01.dbr
records/proxies/poolsbounty/bounty_heroes01.dbr,sm_mod,poolsbounty,BOUNTY,False,PRESENT,False,DB-CITED,0.0,0.0,100.0,1.0,1.0,records/proxies/proxypoolequation_01.dbr
records/proxies/poolsbounty/bounty_heroes02.dbr,sm_mod,poolsbounty,BOUNTY,False,PRESENT,False,DB-CITED,0.0,0.0,100.0,1.0,1.0,records/proxies/proxypoolequation_01.dbr
records/proxies/poolsbounty/bounty_heroes03.dbr,sm_mod,poolsbounty,BOUNTY,False,PRESENT,False,DB-CITED,0.0,0.0,100.0,1.0,1.0,records/proxies/proxypoolequation_01.dbr
records/proxies/poolsbountygdx1/bounty_heroes01.dbr,sm1,poolsbountygdx1,BOUNTY,False,PRESENT,False,DB-CITED,0.0,0.0,100.0,1.0,1.0,records/proxies/proxypoolequation_01.dbr
records/proxies/poolsbountygdx1/bounty_heroes02.dbr,sm1,poolsbountygdx1,BOUNTY,False,PRESENT,False,DB-CITED,0.0,0.0,100.0,1.0,1.0,records/proxies/proxypoolequation_01.dbr
records/proxies/poolsbountygdx2/bounty_heroes01.dbr,sm2,poolsbountygdx2,BOUNTY,False,PRESENT,False,DB-CITED,0.0,0.0,100.0,1.0,1.0,records/proxies/proxypoolequation_01.dbr
records/proxies/poolsbountygdx3/bounty_heroes01.dbr,sm3,poolsbountygdx3,BOUNTY,False,PRESENT,False,DB-CITED,0.0,0.0,100.0,1.0,1.0,records/proxies/proxypoolequation_01.dbr
records/proxies/poolsdevotion/devotion_heroes01.dbr,sm_mod,poolsdevotion,DEVOTION,False,PRESENT,False,DB-CITED,0.0,0.0,100.0,1.0,1.0,records/proxies/proxypoolequation_01.dbr
records/proxies/poolsdevotion/devotion_heroes02.dbr,sm_mod,poolsdevotion,DEVOTION,False,PRESENT,False,DB-CITED,0.0,0.0,100.0,1.0,1.0,records/proxies/proxypoolequation_01.dbr
records/proxies/poolsdevotion/devotion_heroes03.dbr,sm_mod,poolsdevotion,DEVOTION,False,PRESENT,False,DB-CITED,0.0,0.0,100.0,1.0,1.0,records/proxies/proxypoolequation_01.dbr
records/proxies/poolsdevotion/devotion_heroes04.dbr,sm_mod,poolsdevotion,DEVOTION,False,PRESENT,False,DB-CITED,0.0,0.0,100.0,1.0,1.0,records/proxies/proxypoolequation_01.dbr
records/proxies/poolsdevotion/devotion_heroes05.dbr,sm_mod,poolsdevotion,DEVOTION,False,PRESENT,False,DB-CITED,0.0,0.0,100.0,1.0,1.0,records/proxies/proxypoolequation_01.dbr
records/proxies/poolsdevotion/devotion_heroes06.dbr,sm_mod,poolsdevotion,DEVOTION,False,PRESENT,False,DB-CITED,0.0,0.0,100.0,1.0,1.0,records/proxies/proxypoolequation_01.dbr
records/proxies/poolsdevotiongdx1/devotion_heroes01.dbr,sm1,poolsdevotiongdx1,DEVOTION,False,PRESENT,False,DB-CITED,0.0,0.0,100.0,1.0,1.0,records/proxies/proxypoolequation_01.dbr
records/proxies/poolsdevotiongdx1/devotion_heroes02.dbr,sm1,poolsdevotiongdx1,DEVOTION,False,PRESENT,False,DB-CITED,0.0,0.0,100.0,1.0,1.0,records/proxies/proxypoolequation_01.dbr
records/proxies/poolsdevotiongdx1/devotion_heroes03.dbr,sm1,poolsdevotiongdx1,DEVOTION,False,PRESENT,False,DB-CITED,0.0,0.0,100.0,1.0,1.0,records/proxies/proxypoolequation_01.dbr
records/proxies/poolsdevotiongdx2/devotion_heroes01.dbr,sm2,poolsdevotiongdx2,DEVOTION,False,PRESENT,False,DB-CITED,0.0,0.0,100.0,1.0,1.0,records/proxies/proxypoolequation_01.dbr
records/proxies/poolsdevotiongdx2/devotion_heroes02.dbr,sm2,poolsdevotiongdx2,DEVOTION,False,PRESENT,False,DB-CITED,0.0,0.0,100.0,1.0,1.0,records/proxies/proxypoolequation_01.dbr
records/proxies/poolsdevotiongdx2/devotion_heroes03.dbr,sm2,poolsdevotiongdx2,DEVOTION,False,PRESENT,False,DB-CITED,0.0,0.0,100.0,1.0,1.0,records/proxies/proxypoolequation_01.dbr
records/proxies/poolsdevotiongdx3/devotion_heroes01.dbr,sm3,poolsdevotiongdx3,DEVOTION,False,PRESENT,False,DB-CITED,0.0,0.0,100.0,1.0,1.0,records/proxies/proxypoolequation_01.dbr
records/proxies/poolsdevotiongdx3/devotion_heroes02.dbr,sm3,poolsdevotiongdx3,DEVOTION,False,PRESENT,False,DB-CITED,0.0,0.0,100.0,1.0,1.0,records/proxies/proxypoolequation_01.dbr
records/proxies/poolsdevotiongdx3/devotion_heroes03.dbr,sm3,poolsdevotiongdx3,DEVOTION,False,PRESENT,False,DB-CITED,0.0,0.0,100.0,1.0,1.0,records/proxies/proxypoolequation_01.dbr
records/proxies/poolshero/aetherialreanimator_hero.dbr,sm3,poolshero,HERO,False,PRESENT,False,DB-CITED,0.0,0.0,100.0,1.0,1.0,records/proxies/proxypoolequation_01.dbr
records/proxies/poolshero/aetherialwisps_hero.dbr,sm3,poolshero,HERO,False,PRESENT,False,DB-CITED,0.0,0.0,100.0,1.0,1.0,records/proxies/proxypoolequation_01.dbr
records/proxies/poolshero/boar_hero.dbr,sm3,poolshero,HERO,False,PRESENT,False,DB-CITED,0.0,0.0,100.0,1.0,1.0,records/proxies/proxypoolequation_01.dbr
records/proxies/poolshero/bonerat_hero.dbr,sm3,poolshero,HERO,False,PRESENT,False,DB-CITED,0.0,0.0,100.0,1.0,1.0,records/proxies/proxypoolequation_01.dbr
records/proxies/poolshero/chthonian_hero.dbr,sm3,poolshero,HERO,False,PRESENT,False,DB-CITED,0.0,0.0,100.0,1.0,1.0,records/proxies/proxypoolequation_01.dbr
records/proxies/poolshero/chthoniandefiler_hero.dbr,sm3,poolshero,HERO,False,PRESENT,False,DB-CITED,0.0,0.0,100.0,1.0,1.0,records/proxies/proxypoolequation_01.dbr
records/proxies/poolshero/chthoniandevourer_hero.dbr,sm3,poolshero,HERO,False,PRESENT,False,DB-CITED,0.0,0.0,100.0,1.0,1.0,records/proxies/proxypoolequation_01.dbr
records/proxies/poolshero/chthoniandreadguard_hero.dbr,sm3,poolshero,HERO,False,PRESENT,False,DB-CITED,0.0,0.0,100.0,1.0,1.0,records/proxies/proxypoolequation_01.dbr
records/proxies/poolshero/chthonianfiend_hero.dbr,sm3,poolshero,HERO,False,PRESENT,False,DB-CITED,0.0,0.0,100.0,1.0,1.0,records/proxies/proxypoolequation_01.dbr
records/proxies/poolshero/chthonianleech_hero.dbr,sm3,poolshero,HERO,False,PRESENT,False,DB-CITED,0.0,0.0,100.0,1.0,1.0,records/proxies/proxypoolequation_01.dbr
records/proxies/poolshero/chthonianminion_hero.dbr,sm3,poolshero,HERO,False,PRESENT,False,DB-CITED,0.0,0.0,100.0,1.0,1.0,records/proxies/proxypoolequation_01.dbr
records/proxies/poolshero/chthonianvoid_hero.dbr,sm3,poolshero,HERO,False,PRESENT,False,DB-CITED,0.0,0.0,100.0,1.0,1.0,records/proxies/proxypoolequation_01.dbr
records/proxies/poolshero/cultist_hero.dbr,sm3,poolshero,HERO,False,PRESENT,False,DB-CITED,0.0,0.0,100.0,1.0,1.0,records/proxies/proxypoolequation_01.dbr
records/proxies/poolshero/dermapteran_hero.dbr,sm3,poolshero,HERO,False,PRESENT,False,DB-CITED,0.0,0.0,100.0,1.0,1.0,records/proxies/proxypoolequation_01.dbr
records/proxies/poolshero/dranghoul_hero.dbr,sm3,poolshero,HERO,False,PRESENT,False,DB-CITED,0.0,0.0,100.0,1.0,1.0,records/proxies/proxypoolequation_01.dbr
records/proxies/poolshero/fleshhulk_hero.dbr,sm3,poolshero,HERO,False,PRESENT,False,DB-CITED,0.0,0.0,100.0,1.0,1.0,records/proxies/proxypoolequation_01.dbr
records/proxies/poolshero/gazer_hero.dbr,sm3,poolshero,HERO,False,PRESENT,False,DB-CITED,0.0,0.0,100.0,1.0,1.0,records/proxies/proxypoolequation_01.dbr
records/proxies/poolshero/ghost_hero.dbr,sm3,poolshero,HERO,False,PRESENT,False,DB-CITED,0.0,0.0,100.0,1.0,1.0,records/proxies/proxypoolequation_01.dbr
records/proxies/poolshero/ghoul_hero.dbr,sm3,poolshero,HERO,False,PRESENT,False,DB-CITED,0.0,0.0,100.0,1.0,1.0,records/proxies/proxypoolequation_01.dbr
records/proxies/poolshero/golem_hero.dbr,sm3,poolshero,HERO,False,PRESENT,False,DB-CITED,0.0,0.0,100.0,1.0,1.0,records/proxies/proxypoolequation_01.dbr
records/proxies/poolshero/groble_hero.dbr,sm3,poolshero,HERO,False,PRESENT,False,DB-CITED,0.0,0.0,100.0,1.0,1.0,records/proxies/proxypoolequation_01.dbr
records/proxies/poolshero/harpy_hero.dbr,sm3,poolshero,HERO,False,PRESENT,False,DB-CITED,0.0,0.0,100.0,1.0,1.0,records/proxies/proxypoolequation_01.dbr
records/proxies/poolshero/harvestman_hero.dbr,sm3,poolshero,HERO,False,PRESENT,False,DB-CITED,0.0,0.0,100.0,1.0,1.0,records/proxies/proxypoolequation_01.dbr
records/proxies/poolshero/humanpossessed_hero.dbr,sm3,poolshero,HERO,False,PRESENT,False,DB-CITED,0.0,0.0,100.0,1.0,1.0,records/proxies/proxypoolequation_01.dbr
records/proxies/poolshero/manticore_hero.dbr,sm3,poolshero,HERO,False,PRESENT,False,DB-CITED,0.0,0.0,100.0,1.0,1.0,records/proxies/proxypoolequation_01.dbr
records/proxies/poolshero/mosquito_hero.dbr,sm3,poolshero,HERO,False,PRESENT,False,DB-CITED,0.0,0.0,100.0,1.0,1.0,records/proxies/proxypoolequation_01.dbr
records/proxies/poolshero/necro_hero.dbr,sm3,poolshero,HERO,False,PRESENT,False,DB-CITED,0.0,0.0,100.0,1.0,1.0,records/proxies/proxypoolequation_01.dbr
records/proxies/poolshero/outlawhero_hero.dbr,sm3,poolshero,HERO,False,PRESENT,False,DB-CITED,0.0,0.0,100.0,1.0,1.0,records/proxies/proxypoolequation_01.dbr
records/proxies/poolshero/prawn_hero.dbr,sm3,poolshero,HERO,False,PRESENT,False,DB-CITED,0.0,0.0,100.0,1.0,1.0,records/proxies/proxypoolequation_01.dbr
records/proxies/poolshero/raptor_hero.dbr,sm3,poolshero,HERO,False,PRESENT,False,DB-CITED,0.0,0.0,100.0,1.0,1.0,records/proxies/proxypoolequation_01.dbr
records/proxies/poolshero/rifthound_hero.dbr,sm3,poolshero,HERO,False,PRESENT,False,DB-CITED,0.0,0.0,100.0,1.0,1.0,records/proxies/proxypoolequation_01.dbr
records/proxies/poolshero/skeletalgolem_hero.dbr,sm3,poolshero,HERO,False,PRESENT,False,DB-CITED,0.0,0.0,100.0,1.0,1.0,records/proxies/proxypoolequation_01.dbr
records/proxies/poolshero/skeleton_hero.dbr,sm3,poolshero,HERO,False,PRESENT,False,DB-CITED,0.0,0.0,100.0,1.0,1.0,records/proxies/proxypoolequation_01.dbr
records/proxies/poolshero/slith_hero.dbr,sm3,poolshero,HERO,False,PRESENT,False,DB-CITED,0.0,0.0,100.0,1.0,1.0,records/proxies/proxypoolequation_01.dbr
records/proxies/poolshero/spider_hero.dbr,sm3,poolshero,HERO,False,PRESENT,False,DB-CITED,0.0,0.0,100.0,1.0,1.0,records/proxies/proxypoolequation_01.dbr
records/proxies/poolshero/thornedhorror_hero.dbr,sm3,poolshero,HERO,False,PRESENT,False,DB-CITED,0.0,0.0,100.0,1.0,1.0,records/proxies/proxypoolequation_01.dbr
records/proxies/poolshero/troll_hero.dbr,sm3,poolshero,HERO,False,PRESENT,False,DB-CITED,0.0,0.0,100.0,1.0,1.0,records/proxies/proxypoolequation_01.dbr
records/proxies/poolshero/trollhalf_hero.dbr,sm3,poolshero,HERO,False,PRESENT,False,DB-CITED,0.0,0.0,100.0,1.0,1.0,records/proxies/proxypoolequation_01.dbr
records/proxies/poolshero/trollhalfcorrupted_hero.dbr,sm3,poolshero,HERO,False,PRESENT,False,DB-CITED,0.0,0.0,100.0,1.0,1.0,records/proxies/proxypoolequation_01.dbr
records/proxies/poolshero/trollhalfswamp_hero.dbr,sm3,poolshero,HERO,False,PRESENT,False,DB-CITED,0.0,0.0,100.0,1.0,1.0,records/proxies/proxypoolequation_01.dbr
records/proxies/poolshero/trollswamp_hero.dbr,sm3,poolshero,HERO,False,PRESENT,False,DB-CITED,0.0,0.0,100.0,1.0,1.0,records/proxies/proxypoolequation_01.dbr
records/proxies/poolshero/vulture_hero.dbr,sm3,poolshero,HERO,False,PRESENT,False,DB-CITED,0.0,0.0,100.0,1.0,1.0,records/proxies/proxypoolequation_01.dbr
records/proxies/poolshero/waspgiant_hero.dbr,sm3,poolshero,HERO,False,PRESENT,False,DB-CITED,0.0,0.0,100.0,1.0,1.0,records/proxies/proxypoolequation_01.dbr
records/proxies/poolshero/yeti_hero.dbr,sm3,poolshero,HERO,False,PRESENT,False,DB-CITED,0.0,0.0,100.0,1.0,1.0,records/proxies/proxypoolequation_01.dbr
records/proxies/poolshero/zealot_hero.dbr,sm3,poolshero,HERO,False,PRESENT,False,DB-CITED,0.0,0.0,100.0,1.0,1.0,records/proxies/proxypoolequation_01.dbr
records/proxies/poolshero/zombies_hero.dbr,sm3,poolshero,HERO,False,PRESENT,False,DB-CITED,0.0,0.0,100.0,1.0,1.0,records/proxies/proxypoolequation_01.dbr
records/proxies/poolsherogdx1/aetherialbloater_hero.dbr,sm3,poolsherogdx1,HERO,False,PRESENT,False,DB-CITED,0.0,0.0,100.0,1.0,1.0,records/proxies/proxypoolequation_01.dbr
records/proxies/poolsherogdx1/aetherialcolossus_hero.dbr,sm3,poolsherogdx1,HERO,False,PRESENT,False,DB-CITED,0.0,0.0,100.0,1.0,1.0,records/proxies/proxypoolequation_01.dbr
records/proxies/poolsherogdx1/aetherialcorruption_hero.dbr,sm3,poolsherogdx1,HERO,False,PRESENT,False,DB-CITED,0.0,0.0,100.0,1.0,1.0,records/proxies/proxypoolequation_01.dbr
records/proxies/poolsherogdx1/aetherialfleshshaper_hero.dbr,sm3,poolsherogdx1,HERO,False,PRESENT,False,DB-CITED,0.0,0.0,100.0,1.0,1.0,records/proxies/proxypoolequation_01.dbr
records/proxies/poolsherogdx1/aetherialimp_hero.dbr,sm3,poolsherogdx1,HERO,False,PRESENT,False,DB-CITED,0.0,0.0,100.0,1.0,1.0,records/proxies/proxypoolequation_01.dbr
records/proxies/poolsherogdx1/basilisk_hero.dbr,sm3,poolsherogdx1,HERO,False,PRESENT,False,DB-CITED,0.0,0.0,100.0,1.0,1.0,records/proxies/proxypoolequation_01.dbr
records/proxies/poolsherogdx1/chthonianrylok_hero.dbr,sm3,poolsherogdx1,HERO,False,PRESENT,False,DB-CITED,0.0,0.0,100.0,1.0,1.0,records/proxies/proxypoolequation_01.dbr
records/proxies/poolsherogdx1/chthonianservitor_hero.dbr,sm3,poolsherogdx1,HERO,False,PRESENT,False,DB-CITED,0.0,0.0,100.0,1.0,1.0,records/proxies/proxypoolequation_01.dbr
records/proxies/poolsherogdx1/ghostcrab_hero.dbr,sm3,poolsherogdx1,HERO,False,PRESENT,False,DB-CITED,0.0,0.0,100.0,1.0,1.0,records/proxies/proxypoolequation_01.dbr
records/proxies/poolsherogdx1/humanascended_hero.dbr,sm3,poolsherogdx1,HERO,False,PRESENT,False,DB-CITED,0.0,0.0,100.0,1.0,1.0,records/proxies/proxypoolequation_01.dbr
records/proxies/poolsherogdx1/humanwendigo_hero.dbr,sm3,poolsherogdx1,HERO,False,PRESENT,False,DB-CITED,0.0,0.0,100.0,1.0,1.0,records/proxies/proxypoolequation_01.dbr
records/proxies/poolsherogdx1/livingplant_hero.dbr,sm3,poolsherogdx1,HERO,False,PRESENT,False,DB-CITED,0.0,0.0,100.0,1.0,1.0,records/proxies/proxypoolequation_01.dbr
records/proxies/poolsherogdx1/swampcrab_hero.dbr,sm3,poolsherogdx1,HERO,False,PRESENT,False,DB-CITED,0.0,0.0,100.0,1.0,1.0,records/proxies/proxypoolequation_01.dbr
records/proxies/poolsherogdx1/swampgolem_hero.dbr,sm3,poolsherogdx1,HERO,False,PRESENT,False,DB-CITED,0.0,0.0,100.0,1.0,1.0,records/proxies/proxypoolequation_01.dbr
records/proxies/poolsherogdx1/wendigo_hero.dbr,sm3,poolsherogdx1,HERO,False,PRESENT,False,DB-CITED,0.0,0.0,100.0,1.0,1.0,records/proxies/proxypoolequation_01.dbr
records/proxies/poolsherogdx1/wendigocannibal_hero.dbr,sm3,poolsherogdx1,HERO,False,PRESENT,False,DB-CITED,0.0,0.0,100.0,1.0,1.0,records/proxies/proxypoolequation_01.dbr
records/proxies/poolsherogdx1/wraith_hero.dbr,sm3,poolsherogdx1,HERO,False,PRESENT,False,DB-CITED,0.0,0.0,100.0,1.0,1.0,records/proxies/proxypoolequation_01.dbr
records/proxies/poolsherogdx1/yetiswamp_hero.dbr,sm3,poolsherogdx1,HERO,False,PRESENT,False,DB-CITED,0.0,0.0,100.0,1.0,1.0,records/proxies/proxypoolequation_01.dbr
records/proxies/poolsherogdx2/beetle_hero.dbr,sm3,poolsherogdx2,HERO,False,PRESENT,False,DB-CITED,0.0,0.0,100.0,1.0,1.0,records/proxies/proxypoolequation_01.dbr
records/proxies/poolsherogdx2/eldritcharmor_hero.dbr,sm3,poolsherogdx2,HERO,False,PRESENT,False,DB-CITED,0.0,0.0,100.0,1.0,1.0,records/proxies/proxypoolequation_01.dbr
records/proxies/poolsherogdx2/eldritchhound_hero.dbr,sm3,poolsherogdx2,HERO,False,PRESENT,False,DB-CITED,0.0,0.0,100.0,1.0,1.0,records/proxies/proxypoolequation_01.dbr
records/proxies/poolsherogdx2/eldritchwraith_hero.dbr,sm3,poolsherogdx2,HERO,False,PRESENT,False,DB-CITED,0.0,0.0,100.0,1.0,1.0,records/proxies/proxypoolequation_01.dbr
records/proxies/poolsherogdx2/gargoyle_hero.dbr,sm3,poolsherogdx2,HERO,False,PRESENT,False,DB-CITED,0.0,0.0,100.0,1.0,1.0,records/proxies/proxypoolequation_01.dbr
records/proxies/poolsherogdx2/gryphon_hero.dbr,sm3,poolsherogdx2,HERO,False,PRESENT,False,DB-CITED,0.0,0.0,100.0,1.0,1.0,records/proxies/proxypoolequation_01.dbr
records/proxies/poolsherogdx2/gryphonstone_hero.dbr,sm3,poolsherogdx2,HERO,False,PRESENT,False,DB-CITED,0.0,0.0,100.0,1.0,1.0,records/proxies/proxypoolequation_01.dbr
records/proxies/poolsherogdx2/human_korvaak.dbr,sm3,poolsherogdx2,HERO,False,PRESENT,False,DB-CITED,0.0,0.0,100.0,1.0,1.0,records/proxies/proxypoolequation_01.dbr
records/proxies/poolsherogdx2/korvaakascendant_hero.dbr,sm3,poolsherogdx2,HERO,False,PRESENT,False,DB-CITED,0.0,0.0,100.0,1.0,1.0,records/proxies/proxypoolequation_01.dbr
records/proxies/poolsherogdx2/korvaakservant_hero.dbr,sm3,poolsherogdx2,HERO,False,PRESENT,False,DB-CITED,0.0,0.0,100.0,1.0,1.0,records/proxies/proxypoolequation_01.dbr
records/proxies/poolsherogdx2/mummy_hero.dbr,sm3,poolsherogdx2,HERO,False,PRESENT,False,DB-CITED,0.0,0.0,100.0,1.0,1.0,records/proxies/proxypoolequation_01.dbr
records/proxies/poolsherogdx2/sandlizard_hero.dbr,sm3,poolsherogdx2,HERO,False,PRESENT,False,DB-CITED,0.0,0.0,100.0,1.0,1.0,records/proxies/proxypoolequation_01.dbr
records/proxies/poolsherogdx2/scorpion_hero.dbr,sm3,poolsherogdx2,HERO,False,PRESENT,False,DB-CITED,0.0,0.0,100.0,1.0,1.0,records/proxies/proxypoolequation_01.dbr
records/proxies/poolsherogdx2/statue_hero.dbr,sm3,poolsherogdx2,HERO,False,PRESENT,False,DB-CITED,0.0,0.0,100.0,1.0,1.0,records/proxies/proxypoolequation_01.dbr
records/proxies/poolsherogdx2/viper_hero.dbr,sm3,poolsherogdx2,HERO,False,PRESENT,False,DB-CITED,0.0,0.0,100.0,1.0,1.0,records/proxies/proxypoolequation_01.dbr
records/proxies/poolsherogdx3/avian_hero.dbr,sm3,poolsherogdx3,HERO,False,PRESENT,False,DB-CITED,0.0,0.0,100.0,1.0,1.0,records/proxies/proxypoolequation_01.dbr
records/proxies/poolsherogdx3/beaver_hero.dbr,sm3,poolsherogdx3,HERO,False,PRESENT,False,DB-CITED,0.0,0.0,100.0,1.0,1.0,records/proxies/proxypoolequation_01.dbr
records/proxies/poolsherogdx3/chthonianherald_hero.dbr,sm3,poolsherogdx3,HERO,False,PRESENT,False,DB-CITED,0.0,0.0,100.0,1.0,1.0,records/proxies/proxypoolequation_01.dbr
records/proxies/poolsherogdx3/dranghoul_hero.dbr,sm3,poolsherogdx3,HERO,False,PRESENT,False,DB-CITED,0.0,0.0,100.0,1.0,1.0,records/proxies/proxypoolequation_01.dbr
records/proxies/poolsherogdx3/giant_hero.dbr,sm3,poolsherogdx3,HERO,False,PRESENT,False,DB-CITED,0.0,0.0,100.0,1.0,1.0,records/proxies/proxypoolequation_01.dbr
records/proxies/poolsherogdx3/groblefrost_hero.dbr,sm3,poolsherogdx3,HERO,False,PRESENT,False,DB-CITED,0.0,0.0,100.0,1.0,1.0,records/proxies/proxypoolequation_01.dbr
records/proxies/poolsherogdx3/humankurn_hero.dbr,sm3,poolsherogdx3,HERO,False,PRESENT,False,DB-CITED,0.0,0.0,100.0,1.0,1.0,records/proxies/proxypoolequation_01.dbr
records/proxies/poolsherogdx3/hypporaven_hero.dbr,sm3,poolsherogdx3,HERO,False,PRESENT,False,DB-CITED,0.0,0.0,100.0,1.0,1.0,records/proxies/proxypoolequation_01.dbr
records/proxies/poolsherogdx3/rhino_hero.dbr,sm3,poolsherogdx3,HERO,False,PRESENT,False,DB-CITED,0.0,0.0,100.0,1.0,1.0,records/proxies/proxypoolequation_01.dbr
records/proxies/poolsherogdx3/rok_hero.dbr,sm3,poolsherogdx3,HERO,False,PRESENT,False,DB-CITED,0.0,0.0,100.0,1.0,1.0,records/proxies/proxypoolequation_01.dbr
records/proxies/poolsherogdx3/rokambush_hero.dbr,sm3,poolsherogdx3,HERO,False,PRESENT,False,DB-CITED,0.0,0.0,100.0,1.0,1.0,records/proxies/proxypoolequation_01.dbr
records/proxies/poolsherogdx3/skeletonfrost_hero.dbr,sm3,poolsherogdx3,HERO,False,PRESENT,False,DB-CITED,0.0,0.0,100.0,1.0,1.0,records/proxies/proxypoolequation_01.dbr
records/proxies/poolsherogdx3/springscrab_hero.dbr,sm3,poolsherogdx3,HERO,False,PRESENT,False,DB-CITED,0.0,0.0,100.0,1.0,1.0,records/proxies/proxypoolequation_01.dbr
records/proxies/poolsherogdx3/thornedhorrorfrost_hero.dbr,sm3,poolsherogdx3,HERO,False,PRESENT,False,DB-CITED,0.0,0.0,100.0,1.0,1.0,records/proxies/proxypoolequation_01.dbr
records/proxies/poolsherogdx3/wight_hero.dbr,sm3,poolsherogdx3,HERO,False,PRESENT,False,DB-CITED,0.0,0.0,100.0,1.0,1.0,records/proxies/proxypoolequation_01.dbr
records/proxies/poolsherogdx3/yetidire_hero.dbr,sm3,poolsherogdx3,HERO,False,PRESENT,False,DB-CITED,0.0,0.0,100.0,1.0,1.0,records/proxies/proxypoolequation_01.dbr
