frame,t_sec,text,ocr_conf,cls,damage,mult,bbox_x,bbox_y,bbox_w,bbox_h,mult_tokens,rgb_r,rgb_g,rgb_b,r_over_g,colour_class
0,680.0,Gladiator,1.0,other,,,0.00577,0.97375,0.04515,0.01633,,213.8,210.2,192.7,1.017,neutral
0,680.0,9:48:46,1.0,other,,,0.0087,0.93779,0.048,0.01588,,214.7,208.8,188.4,1.028,cream_dealt
0,680.0,Crucible of the Dead,1.0,other,,,0.89244,0.9713,0.09738,0.01852,,212.5,208.1,191.6,1.021,cream_dealt
0,680.0,PM,1.0,other,,,0.0625,0.9354,0.0218,0.01809,,213.4,206.1,188.2,1.035,cream_dealt
0,680.0,125,1.0,hud,125,,0.71657,0.88889,0.02471,0.0155,,183.8,170.3,146.7,1.079,cream_dealt
0,680.0,00:00,1.0,other,,,0.77616,0.88889,0.02035,0.01292,,199.1,190.8,166.0,1.044,cream_dealt
0,680.0,Objectives,1.0,other,,,0.87355,0.68217,0.05523,0.01809,,230.7,172.0,95.5,1.341,cream_dealt
0,680.0,Crucible to Begin,1.0,other,,,0.88953,0.64341,0.06105,0.01585,,223.7,225.4,226.2,0.993,neutral
0,680.0,"(20,005/20,005)",1.0,health_readout,,,0.46076,0.61499,0.07994,0.0155,,239.9,238.8,237.6,1.004,neutral
0,680.0,"Cokarr, Master of the Crucible",1.0,other,,,0.38517,0.45185,0.14244,0.01852,,235.4,224.4,109.9,1.049,cream_dealt
0,680.0,"Oh, is that so? Very well. I wager that you will die, but...if you",1.0,other,,,0.38517,0.41574,0.25291,0.0213,,242.1,240.4,239.7,1.007,neutral
0,680.0,"surprise me, I will raise your reward substantially.",1.0,other,,,0.38517,0.39793,0.2064,0.01809,,243.5,242.7,242.1,1.003,neutral
0,680.0,Do we have a deal?,1.0,other,,,0.38517,0.36389,0.07994,0.01596,,247.0,246.0,244.2,1.004,neutral
0,680.0,Start on Wave 50,1.0,other,,,0.40116,0.30233,0.07413,0.0155,,231.2,222.5,156.2,1.039,cream_dealt
0,680.0,Start on Wave 100,1.0,other,,,0.40116,0.2713,0.07994,0.01574,,229.4,221.0,156.9,1.038,cream_dealt
0,680.0,Start on Wave 150,1.0,other,,,0.40116,0.24259,0.07994,0.01581,,229.4,221.4,149.8,1.036,cream_dealt
0,680.0,Start on Wave,1.0,other,,,0.39971,0.21447,0.0625,0.0155,,230.5,220.0,155.6,1.047,cream_dealt
0,680.0,"Sure, but I bet you can also do better.",1.0,other,,,0.40116,0.18056,0.15407,0.0213,,225.9,216.5,151.0,1.043,cream_dealt
0,680.0,I need some time to prepare.,1.0,other,,,0.40095,0.14813,0.11957,0.02381,,221.0,212.9,145.1,1.038,cream_dealt
0,680.0,20005/20005,1.0,health_readout,,,0.30233,0.05426,0.05378,0.0155,,235.6,228.2,225.9,1.032,cream_dealt
0,680.0,100,1.0,hud,100,,0.49419,0.05685,0.01453,0.01292,,246.3,207.5,103.6,1.187,cream_dealt
0,680.0,1594/2576,1.0,health_readout,,,0.64812,0.05055,0.04533,0.02035,,232.3,235.3,235.7,0.987,neutral
0,680.0,O Speak to the Master of the,0.5,other,,,0.87936,0.66111,0.10174,0.01589,,219.4,221.7,221.4,0.99,neutral
0,680.0,• Forget the bet. Let's begin. (Standard Crucible),0.5,other,,,0.3968,0.32778,0.19477,0.0213,,227.6,219.4,153.9,1.037,cream_dealt
0,680.0,X1,0.3,other,,,0.82267,0.90439,0.0189,0.02067,,170.6,141.9,105.4,1.202,cream_dealt
1,682.0,Gladiator,1.0,other,,,0.00576,0.9736,0.04518,0.01662,,214.1,210.4,193.2,1.017,neutral
1,682.0,Crucible of the Dead,1.0,other,,,0.89244,0.9713,0.09738,0.01852,,212.5,208.1,191.6,1.021,cream_dealt
1,682.0,125,1.0,hud,125,,0.71657,0.88889,0.0189,0.01292,,184.1,174.1,149.9,1.057,cream_dealt
1,682.0,03:04,1.0,other,,,0.77616,0.88889,0.0218,0.01292,,193.4,185.6,161.3,1.042,cream_dealt
1,682.0,New Mutators Active,1.0,other,,,0.39244,0.83204,0.21657,0.0337,,188.4,191.8,204.9,0.983,neutral
1,682.0,151,1.0,hud,151,,0.82558,0.85013,0.0189,0.01809,,177.0,82.5,47.7,2.145,red_taken
1,682.0,"(225,874/225,874)",1.0,health_readout,,,0.01017,0.7416,0.09012,0.0155,,230.6,232.5,236.1,0.992,neutral
1,682.0,"3,665/373,665)",1.0,health_readout,,,0.0,0.68475,0.07413,0.0155,,230.8,233.1,232.3,0.99,neutral
1,682.0,"6,975/136,975)",1.0,health_readout,,,0.0,0.64599,0.07558,0.0155,,226.6,232.4,224.8,0.975,neutral
1,682.0,Objectives,1.0,other,,,0.87351,0.68177,0.05531,0.01889,,230.7,172.0,95.5,1.341,cream_dealt
1,682.0,"(20,005/20,005)",1.0,health_readout,,,0.46076,0.61757,0.07849,0.01292,,242.9,240.9,240.1,1.008,neutral
1,682.0,"(453,064",1.0,other,,,0.9564,0.62016,0.04215,0.01292,,240.7,240.1,240.3,1.003,neutral
1,682.0,20005/20005,1.0,health_readout,,,0.30233,0.05426,0.05378,0.0155,,234.4,228.5,226.0,1.026,cream_dealt
1,682.0,100,1.0,hud,100,,0.49419,0.05685,0.01453,0.01292,,246.3,207.5,103.6,1.187,cream_dealt
1,682.0,1594/2576,1.0,health_readout,,,0.6482,0.05121,0.04517,0.01903,,235.0,236.5,236.8,0.994,neutral
1,682.0,9:48:48 PM,0.5,other,,,0.01017,0.93796,0.07413,0.01574,,214.8,207.8,188.6,1.034,cream_dealt
1,682.0,",400/139,400)",0.5,health_readout,,,0.0,0.79845,0.06686,0.0155,,232.2,235.5,240.6,0.986,neutral
1,682.0,O Eliminate all Enemies,0.5,other,,,0.87936,0.66111,0.08576,0.01589,,213.1,215.2,214.9,0.99,neutral
1,682.0,X1,0.3,other,,,0.82267,0.90439,0.0189,0.02067,,170.6,141.9,105.4,1.202,cream_dealt
1,682.0,200,0.3,bare,200,,0.0,0.77261,0.01453,0.01034,,241.9,239.2,242.2,1.011,neutral
1,682.0,(45),0.3,other,,,0.97965,0.68475,0.0189,0.0155,,168.3,170.9,170.3,0.985,neutral
2,684.0,Gladiator,1.0,other,,,0.00579,0.97394,0.04511,0.01595,,213.1,210.6,192.4,1.012,neutral
2,684.0,9:48:50,1.0,other,,,0.00869,0.93768,0.04657,0.01611,,213.0,208.1,189.0,1.024,cream_dealt
2,684.0,Crucible of the Dead,1.0,other,,,0.89244,0.9713,0.09738,0.01852,,212.4,208.2,192.0,1.02,cream_dealt
2,684.0,PM,1.0,other,,,0.0625,0.9354,0.0218,0.01809,,212.9,206.1,187.0,1.033,cream_dealt
2,684.0,"(230,020/230,020)",1.0,health_readout,,,0.19622,0.88889,0.09012,0.0155,,232.3,237.1,234.6,0.98,neutral
2,684.0,125,1.0,hud,125,,0.71802,0.88889,0.01744,0.01292,,186.8,176.8,153.4,1.057,cream_dealt
2,684.0,03:02,1.0,other,,,0.77616,0.88889,0.0218,0.01292,,193.1,184.0,161.2,1.05,cream_dealt
2,684.0,New Mutators Active,1.0,other,,,0.39244,0.83204,0.21657,0.0337,,199.0,193.2,203.5,1.03,cream_dealt
2,684.0,151,1.0,hud,151,,0.82558,0.85013,0.0189,0.01809,,189.5,86.5,48.1,2.192,red_taken
2,684.0,"(442,7",1.0,hud,,,0.82413,0.82687,0.03198,0.0155,,230.6,225.0,218.1,1.025,cream_dealt
2,684.0,Objectives,1.0,other,,,0.87351,0.68178,0.05531,0.01887,,241.5,168.0,99.2,1.437,cream_dealt
2,684.0,"(20,005/20,005)",1.0,health_readout,,,0.46076,0.61757,0.07994,0.01292,,243.7,242.7,239.4,1.004,neutral
2,684.0,20005/20005,1.0,health_readout,,,0.30233,0.05426,0.05378,0.0155,,233.7,228.6,226.1,1.022,cream_dealt
2,684.0,100,1.0,hud,100,,0.48983,0.05685,0.0189,0.0155,,244.9,204.7,99.5,1.196,cream_dealt
2,684.0,1594/2576,1.0,health_readout,,,0.64813,0.05078,0.04531,0.02248,,224.7,228.3,228.6,0.984,neutral
2,684.0,"(361,821/373,665)",0.5,health_readout,,,0.19477,0.76486,0.09157,0.0155,,225.5,233.4,230.6,0.966,neutral
2,684.0,Q Eliminate all Enemies,0.5,other,,,0.87936,0.66111,0.08576,0.01589,,220.2,217.8,215.5,1.011,neutral
2,684.0,X1,0.3,other,,,0.82267,0.90439,0.0189,0.02067,,170.6,141.9,105.4,1.202,cream_dealt
2,684.0,"(218,081/230:(027215), 8 7 4 / 225,874)",0.3,other,,,0.19622,0.83979,0.15843,0.01576,,227.1,230.2,226.8,0.986,neutral
3,686.0,Gladiator,1.0,other,,,0.00578,0.97387,0.04367,0.01609,,213.8,211.5,193.6,1.011,neutral
3,686.0,9:48:52,1.0,other,,,0.0087,0.93773,0.04802,0.01601,,212.0,208.7,190.6,1.016,neutral
3,686.0,125,1.0,hud,125,,0.71948,0.88889,0.01308,0.0155,,187.0,177.0,153.7,1.056,cream_dealt
3,686.0,03:00,1.0,other,,,0.77471,0.88889,0.0218,0.01292,,196.9,187.8,167.5,1.048,cream_dealt
3,686.0,"(17,038/230,020)",1.0,health_readout,,,0.41424,0.76486,0.0843,0.0155,,229.4,234.8,229.2,0.977,neutral
3,686.0,"(11,155/230,020)",1.0,health_readout,,,0.41715,0.72868,0.08576,0.0155,,226.8,231.4,223.1,0.98,neutral
3,686.0,"(38,2570373,665)",1.0,other,,,0.42442,0.68475,0.08576,0.0155,,223.3,230.0,226.5,0.971,neutral
3,686.0,"(442,747/442,747)",1.0,health_readout,,,0.71948,0.75711,0.09157,0.0155,,224.6,221.8,217.8,1.013,neutral
3,686.0,"(10,929/139,400)",1.0,health_readout,,,0.53488,0.64599,0.08285,0.0155,,240.0,238.6,239.4,1.006,neutral
3,686.0,"(20,005/20,005)",1.0,health_readout,,,0.46221,0.62016,0.07994,0.0155,,237.7,238.3,235.0,0.997,neutral
3,686.0,11,1.0,bare,11,,0.53924,0.50646,0.01453,0.02067,,247.2,250.0,193.4,0.989,neutral
3,686.0,Objectives,1.0,other,,,0.87349,0.68156,0.05535,0.0193,,226.6,174.4,95.7,1.299,cream_dealt
3,686.0,"(453,064/453,064)",1.0,health_readout,,,0.7689,0.60724,0.09157,0.0155,,235.9,236.8,233.8,0.996,neutral
3,686.0,"(278,543/278,543)",1.0,health_readout,,,0.86483,0.21189,0.09012,0.0155,,229.3,230.5,229.9,0.995,neutral
3,686.0,(272.948/272.948),1.0,other,,,0.71366,0.09044,0.09012,0.01292,,236.6,238.1,238.8,0.993,neutral
3,686.0,20005/20005,1.0,health_readout,,,0.30233,0.05426,0.05378,0.0155,,232.8,228.5,227.1,1.019,neutral
3,686.0,100,1.0,hud,100,,0.48983,0.05685,0.0189,0.0155,,244.9,204.7,99.5,1.196,cream_dealt
3,686.0,1594/2576,1.0,health_readout,,,0.64822,0.05143,0.04512,0.01859,,233.9,237.4,236.0,0.985,neutral
3,686.0,Ancient Wraitb,0.5,other,,,0.45058,0.96641,0.09884,0.01809,,229.8,216.5,123.4,1.061,cream_dealt
3,686.0,Crucible of the Dead,0.5,other,,,0.89099,0.95833,0.09884,0.03148,,202.8,196.4,178.2,1.032,cream_dealt
3,686.0,PM,0.5,other,,,0.0625,0.9354,0.0218,0.01809,,214.9,205.5,185.0,1.046,cream_dealt
3,686.0,Undead,0.5,other,,,0.48254,0.90167,0.03492,0.01577,,232.8,232.8,234.0,1.0,neutral
3,686.0,151,0.5,hud,151,,0.82558,0.85013,0.0189,0.01809,,189.5,86.5,48.1,2.192,red_taken
3,686.0,6961 (x1.67),0.5,crit,6961,1.67,0.58866,0.57106,0.06831,0.02067,1.67,231.1,210.2,182.8,1.099,cream_dealt
3,686.0,O Eliminate all Enemies,0.5,other,,,0.87936,0.66111,0.0843,0.01589,,226.0,228.3,225.0,0.99,neutral
3,686.0,X1,0.3,other,,,0.82267,0.90439,0.0189,0.02067,,170.6,141.9,105.4,1.202,cream_dealt
3,686.0,"(5,240//38846375,874)",0.3,other,,,0.51599,0.66925,0.11337,0.02326,,232.8,229.0,230.9,1.017,neutral
3,686.0,376/453/064)975),0.3,other,,,0.55669,0.65891,0.0843,0.0155,,238.9,234.9,235.2,1.017,neutral
3,686.0,"28645,192",0.3,bare,28645192,,0.48256,0.56848,0.0625,0.03101,,246.5,231.9,188.2,1.063,cream_dealt
3,686.0,3407410 7,0.3,other,,,0.51453,0.55,0.03634,0.0213,,238.0,232.4,217.4,1.024,cream_dealt
3,686.0,88 (x1089),0.3,other,,,0.55378,0.58398,0.06105,0.03101,,246.1,221.2,217.2,1.113,cream_dealt
3,686.0,X1.67),0.3,other,,,0.58285,0.50646,0.03488,0.02067,,249.0,224.7,201.5,1.108,cream_dealt
4,688.0,Gladiator,1.0,other,,,0.00568,0.97279,0.04533,0.01824,,213.6,209.9,193.4,1.018,neutral
4,688.0,9:48:54,1.0,other,,,0.0087,0.93779,0.04801,0.0159,,216.9,208.4,191.8,1.041,cream_dealt
4,688.0,125,1.0,hud,125,,0.71802,0.88889,0.02326,0.0155,,188.3,176.5,152.5,1.067,cream_dealt
4,688.0,03:02,1.0,other,,,0.77616,0.88889,0.0218,0.01292,,190.5,183.0,162.3,1.041,cream_dealt
4,688.0,151,1.0,hud,151,,0.82703,0.85271,0.01744,0.0155,,188.0,87.7,49.6,2.143,red_taken
4,688.0,"(48,112/442,747)",1.0,health_readout,,,0.36192,0.65116,0.08576,0.01292,,237.8,233.8,235.8,1.017,neutral
4,688.0,50187,1.0,bare,50187,,0.30523,0.47545,0.03343,0.02067,,119.8,129.3,119.2,0.927,neutral
4,688.0,25850 (x1.79),1.0,crit,25850,1.79,0.37936,0.43889,0.07122,0.0213,1.79,252.5,223.3,190.1,1.131,cream_dealt
4,688.0,20005/20005,1.0,health_readout,,,0.30233,0.05426,0.05378,0.0155,,234.1,227.0,225.1,1.031,cream_dealt
4,688.0,100,1.0,hud,100,,0.48983,0.05685,0.0189,0.0155,,244.2,204.7,98.4,1.193,cream_dealt
4,688.0,1502/2576,1.0,health_readout,,,0.6482,0.0512,0.04518,0.01905,,229.3,237.1,233.6,0.967,neutral
4,688.0,Crucible of the Dead,1.0,other,,,0.89244,0.9713,0.09738,0.01852,,211.6,208.5,192.3,1.015,neutral
4,688.0,Objectives,1.0,other,,,0.87352,0.68186,0.0553,0.0187,,232.9,172.8,95.6,1.348,cream_dealt
4,688.0,"(20,005/20,005)",0.5,health_readout,,,0.46076,0.61757,0.07994,0.01292,,243.5,242.4,237.3,1.005,neutral
4,688.0,(x1.67),0.5,crit_garbled,,1.67,0.42006,0.60465,0.02762,0.01292,1.67,243.2,219.1,208.1,1.11,cream_dealt
4,688.0,O Eliminate all Enemies,0.5,other,,,0.87936,0.66111,0.08576,0.01589,,219.2,219.1,215.5,1.0,neutral
4,688.0,PM,0.3,other,,,0.06395,0.93798,0.02035,0.0155,,213.2,207.2,189.7,1.029,cream_dealt
4,688.0,X1,0.3,other,,,0.82267,0.90439,0.0189,0.02067,,168.9,143.3,105.9,1.179,cream_dealt
4,688.0,3804821,0.3,bare,3804821,,0.42587,0.57106,0.03343,0.02326,,217.9,192.7,190.5,1.131,cream_dealt
4,688.0,12169 (x1.67,0.3,crit_garbled,,1.67,0.35315,0.53447,0.05098,0.02149,1.67,216.2,123.2,117.4,1.755,red_taken
4,688.0,"(330,203(453,064)",0.3,other,,,0.38078,0.54228,0.09163,0.02655,,231.7,203.5,195.7,1.138,cream_dealt
4,688.0,2201s0,0.3,other,,,0.37355,0.41344,0.03924,0.02842,,236.3,187.1,187.9,1.263,cream_dealt
5,690.0,Gladiator,1.0,other,,,0.00579,0.97395,0.0451,0.01592,,216.3,210.6,193.1,1.027,cream_dealt
5,690.0,9:48:56,1.0,other,,,0.01015,0.93518,0.04657,0.01853,,214.5,208.0,186.9,1.031,cream_dealt
5,690.0,"(370,974/442,747)",1.0,health_readout,,,0.07413,0.46253,0.09012,0.0155,,232.0,229.9,224.2,1.009,neutral
5,690.0,".512/569,330)",1.0,other,,,0.0,0.18605,0.06977,0.0155,,229.6,227.6,234.3,1.009,neutral
5,690.0,Wraith,1.0,other,,,0.47674,0.96382,0.04506,0.02067,,251.0,248.4,245.4,1.01,neutral
5,690.0,Undead,1.0,other,,,0.48256,0.90181,0.03343,0.0155,,235.9,230.5,229.1,1.023,cream_dealt
5,690.0,Crucible of the Dead,1.0,other,,,0.89244,0.9713,0.09738,0.01852,,212.2,208.2,191.5,1.019,neutral
5,690.0,03:08,1.0,other,,,0.77471,0.88889,0.02326,0.0155,,189.3,183.2,164.6,1.034,cream_dealt
5,690.0,125,1.0,hud,125,,0.71948,0.88889,0.01453,0.01292,,187.7,179.5,154.5,1.046,cream_dealt
5,690.0,151,1.0,hud,151,,0.82558,0.85013,0.0189,0.01809,,189.2,86.7,46.9,2.182,red_taken
5,690.0,Objectives,1.0,other,,,0.87347,0.68137,0.05539,0.01968,,234.0,177.2,70.0,1.32,cream_dealt
5,690.0,"(221,351/221,351)",1.0,health_readout,,,0.65552,0.64858,0.09012,0.01809,,212.9,211.9,213.9,1.005,neutral
5,690.0,"(19,972/20,005)",1.0,health_readout,,,0.46076,0.62532,0.07994,0.0155,,234.7,233.0,234.9,1.007,neutral
5,690.0,"(64,484/136,975)",1.0,health_readout,,,0.46802,0.42636,0.08576,0.0155,,233.3,232.0,237.6,1.005,neutral
5,690.0,"(256,045/278,543)",1.0,health_readout,,,0.3561,0.41602,0.09012,0.0155,,232.0,232.5,236.5,0.998,neutral
5,690.0,"(139,400/139,400)",1.0,health_readout,,,0.66279,0.37209,0.09012,0.0155,,233.0,232.5,238.4,1.002,neutral
5,690.0,"(258,585/272,948)",1.0,health_readout,,,0.2064,0.30491,0.09157,0.0155,,228.3,232.0,238.5,0.984,neutral
5,690.0,"(263,005/272,948)",1.0,health_readout,,,0.44767,0.22222,0.09012,0.02067,,220.9,219.4,220.0,1.007,neutral
5,690.0,"(278,543/278,543)",1.0,health_readout,,,0.30087,0.15245,0.09012,0.0155,,228.6,231.8,225.3,0.986,neutral
5,690.0,19972/20005,1.0,health_readout,,,0.30233,0.05426,0.05233,0.0155,,232.1,226.4,222.2,1.025,cream_dealt
5,690.0,100,1.0,hud,100,,0.48983,0.05685,0.0189,0.0155,,244.2,204.7,98.4,1.193,cream_dealt
5,690.0,1422/2576,1.0,health_readout,,,0.64826,0.05168,0.04506,0.02067,,221.9,234.3,228.9,0.947,neutral
5,690.0,PM,0.5,other,,,0.0625,0.9354,0.0218,0.01809,,211.3,207.4,182.7,1.019,neutral
5,690.0,O Eliminate all Enemies,0.5,other,,,0.87936,0.66111,0.08576,0.01589,,202.3,236.7,181.8,0.855,neutral
5,690.0,"(34,079/13(28292060881,272)",0.5,other,,,0.3968,0.44961,0.14535,0.02584,,238.2,236.2,240.8,1.008,neutral
5,690.0,A539,0.5,other,,,0.51163,0.37726,0.0189,0.0155,,218.8,189.3,185.6,1.156,cream_dealt
5,690.0,"104,",0.3,bare,104,,0.48983,0.94574,0.0218,0.0155,,180.2,130.3,75.8,1.382,cream_dealt
5,690.0,X1,0.3,other,,,0.82267,0.90439,0.0189,0.02067,,168.5,142.5,105.6,1.183,cream_dealt
5,690.0,"(44,903/136,938,075/136,975)",0.3,other,,,0.47674,0.3385,0.14535,0.02584,,212.4,209.4,215.4,1.015,neutral
6,692.0,Gladiator,1.0,other,,,0.00571,0.97319,0.04526,0.01745,,218.7,209.1,192.9,1.046,cream_dealt
6,692.0,9:48:58,1.0,other,,,0.00868,0.93761,0.0495,0.01884,,219.3,207.2,193.5,1.058,cream_dealt
6,692.0,PM,1.0,other,,,0.05669,0.93798,0.02762,0.01809,,220.1,202.4,186.2,1.088,cream_dealt
6,692.0,Crucible-of the Dead,1.0,other,,,0.89244,0.9713,0.09738,0.01852,,212.6,209.4,187.3,1.015,neutral
6,692.0,125,1.0,hud,125,,0.72093,0.88889,0.01163,0.01292,,188.0,179.7,154.5,1.046,cream_dealt
6,692.0,03:06,1.0,other,,,0.77616,0.88889,0.0218,0.01292,,192.3,185.1,163.8,1.039,cream_dealt
6,692.0,151,1.0,hud,151,,0.82558,0.85013,0.0189,0.01809,,190.0,86.4,46.6,2.199,red_taken
6,692.0,"(336,4650442,747)",1.0,other,,,0.2936,0.82171,0.09302,0.0155,,235.6,232.0,223.5,1.015,neutral
6,692.0,"(537,553/569,330)",1.0,health_readout,,,0.21802,0.67442,0.09012,0.01809,,226.5,227.3,231.7,0.997,neutral
6,692.0,"(543,149/582,590)",1.0,health_readout,,,0.16424,0.63049,0.09157,0.01809,,220.5,220.0,222.6,1.002,neutral
6,692.0,Objectives,1.0,other,,,0.87353,0.68202,0.05526,0.0184,,230.1,171.8,97.4,1.34,cream_dealt
6,692.0,"(170,396/272,948)",1.0,health_readout,,,0.29215,0.63049,0.09012,0.0155,,230.0,233.7,238.0,0.984,neutral
6,692.0,"(19,508/20,005))",1.0,other,,,0.46061,0.61468,0.0802,0.0186,,233.4,234.5,220.4,0.995,neutral
6,692.0,60060 (x1.79,1.0,crit_garbled,,1.79,0.42728,0.54221,0.07858,0.02669,1.79,243.5,231.6,188.1,1.051,cream_dealt
6,692.0,36760,1.0,bare,36760,,0.52762,0.50129,0.02907,0.0155,,230.5,184.6,152.5,1.249,cream_dealt
6,692.0,32874,1.0,bare,32874,,0.50727,0.44186,0.03052,0.01809,,214.7,195.7,176.9,1.097,cream_dealt
6,692.0,19508/20005,1.0,health_readout,,,0.30233,0.05426,0.05378,0.0155,,236.4,227.7,222.9,1.038,cream_dealt
6,692.0,100,1.0,hud,100,,0.48983,0.05685,0.0189,0.0155,,246.0,205.3,98.4,1.198,cream_dealt
6,692.0,1457/2576,1.0,health_readout,,,0.64826,0.05168,0.04506,0.01809,,233.1,235.3,233.1,0.991,neutral
6,692.0,7,0.5,bare,7,,0.36047,0.79845,0.01017,0.01809,,144.5,126.8,114.7,1.14,cream_dealt
6,692.0,O Eliminate all Enemies,0.5,other,,,0.87936,0.66111,0.08576,0.01589,,217.1,219.4,220.0,0.99,neutral
6,692.0,66020164.79),0.5,other,,,0.51017,0.45478,0.09157,0.03618,,245.8,228.5,173.0,1.076,cream_dealt
6,692.0,X1,0.3,other,,,0.82267,0.90439,0.01744,0.02067,,171.1,143.4,106.8,1.194,cream_dealt
6,692.0,4965 6167),0.3,other,,,0.44183,0.57601,0.05385,0.02628,,231.6,209.9,190.3,1.103,cream_dealt
6,692.0,"(212,209/20",0.3,health_readout,,,0.37756,0.52635,0.05893,0.02241,,216.5,212.1,208.7,1.021,cream_dealt
6,692.0,"3,3912371",0.3,bare,33912371,,0.43459,0.52972,0.03198,0.01292,,227.4,223.4,217.4,1.018,neutral
7,694.0,Gladiator,1.0,other,,,0.00575,0.97358,0.04518,0.01666,,218.4,209.5,193.0,1.042,cream_dealt
7,694.0,9:49:00,1.0,other,,,0.0087,0.93778,0.04801,0.01591,,217.1,206.5,192.9,1.052,cream_dealt
7,694.0,Carnivorous Plant,1.0,other,,,0.44041,0.96382,0.12064,0.02067,,247.6,246.8,243.2,1.003,neutral
7,694.0,PM,1.0,other,,,0.0625,0.9354,0.0218,0.01809,,221.2,205.2,189.2,1.078,cream_dealt
7,694.0,Eldritch,1.0,other,,,0.50141,0.90142,0.04079,0.01629,,233.5,233.4,226.0,1.0,neutral
7,694.0,125,1.0,hud,125,,0.71948,0.88889,0.01599,0.01292,,184.9,177.0,152.5,1.045,cream_dealt
7,694.0,03:04,1.0,other,,,0.77471,0.88889,0.02326,0.01292,,192.7,185.4,165.3,1.039,cream_dealt
7,694.0,151,1.0,hud,151,,0.82558,0.85013,0.0189,0.01809,,190.0,86.4,46.6,2.199,red_taken
7,694.0,"(149,930/295,984)",1.0,health_readout,,,0.40843,0.75194,0.09012,0.0155,,241.5,234.2,233.0,1.031,cream_dealt
7,694.0,"(514,5890582,590)",1.0,other,,,0.35901,0.68734,0.09157,0.0155,,240.5,233.6,235.6,1.029,cream_dealt
7,694.0,5495,1.0,bare,5495,,0.40843,0.5814,0.01599,0.01292,,206.2,193.1,186.7,1.068,cream_dealt
7,694.0,2804,1.0,bare,2804,,0.40116,0.57364,0.01744,0.01034,,212.4,199.3,185.0,1.066,cream_dealt
7,694.0,"(19,222/20,005)",1.0,health_readout,,,0.46076,0.61757,0.07994,0.01292,,244.9,237.3,238.0,1.032,cream_dealt
7,694.0,5181 (x1.67),1.0,crit,5181,1.67,0.37047,0.5201,0.05702,0.02181,1.67,240.5,226.4,180.1,1.062,cream_dealt
7,694.0,4513,1.0,bare,4513,,0.51453,0.51421,0.0189,0.01292,,208.1,194.4,189.0,1.071,cream_dealt
7,694.0,"(198,0020278,543)",1.0,other,,,0.49564,0.36434,0.09302,0.0155,,235.1,235.2,227.1,0.999,neutral
7,694.0,7005,1.0,bare,7005,,0.4375,0.31525,0.01599,0.01292,,190.6,186.1,172.4,1.024,cream_dealt
7,694.0,18925,1.0,bare,18925,,0.44186,0.30233,0.0218,0.0155,,200.0,192.7,184.3,1.038,cream_dealt
7,694.0,7982,1.0,bare,7982,,0.43314,0.28941,0.01599,0.01292,,188.2,182.6,166.1,1.031,cream_dealt
7,694.0,1571 (x1.67),1.0,crit,1571,1.67,0.54215,0.28682,0.06831,0.02067,1.67,243.5,234.8,180.1,1.037,cream_dealt
7,694.0,19222/20005,1.0,health_readout,,,0.30233,0.05426,0.05233,0.0155,,230.7,227.1,219.7,1.016,neutral
7,694.0,100,1.0,hud,100,,0.48983,0.05685,0.0189,0.0155,,246.0,205.3,98.4,1.198,cream_dealt
7,694.0,1369/2576,1.0,health_readout,,,0.64971,0.05426,0.0436,0.0155,,233.3,240.0,237.4,0.972,neutral
7,694.0,Crucible of the Dead,1.0,other,,,0.89244,0.9713,0.09738,0.01852,,219.7,207.1,194.4,1.061,cream_dealt
7,694.0,Objectives,1.0,other,,,0.87351,0.68186,0.0553,0.01872,,229.0,171.4,96.5,1.336,cream_dealt
7,694.0,Dlant,0.5,other,,,0.45785,0.90181,0.02616,0.0155,,240.9,234.3,228.9,1.028,cream_dealt
7,694.0,"(153,1241272,948)",0.5,other,,,0.3935,0.47805,0.09237,0.03062,,221.0,204.4,174.6,1.081,cream_dealt
7,694.0,2071 (x1.77>1535,0.5,crit_garbled,,1.77,0.4186,0.34625,0.07994,0.02067,1.77,236.0,220.2,184.5,1.072,cream_dealt
7,694.0,O Eliminate all Enemies,0.5,other,,,0.87936,0.66111,0.08576,0.01589,,217.6,219.8,221.2,0.99,neutral
7,694.0,"(195,705/221,35%|",0.3,other,,,0.57994,0.93023,0.09593,0.02326,,209.7,204.8,197.7,1.024,cream_dealt
7,694.0,X1,0.3,other,,,0.82267,0.90439,0.0189,0.02067,,169.6,140.9,104.1,1.203,cream_dealt
7,694.0,"344182327.213/569,330),",0.3,other,,,0.44331,0.57106,0.11919,0.03101,,238.8,227.6,202.7,1.049,cream_dealt
7,694.0,72055,0.3,bare,72055,,0.46802,0.31783,0.01744,0.01292,,204.6,199.1,193.0,1.028,cream_dealt
8,696.0,Gladiator,1.0,other,,,0.0058,0.97406,0.04508,0.0157,,213.5,211.0,191.5,1.012,neutral
8,696.0,9:49:02 PM,1.0,other,,,0.00872,0.93796,0.07558,0.01852,,211.4,204.6,186.0,1.033,cream_dealt
8,696.0,Carnivorous Plant,1.0,other,,,0.44041,0.96382,0.12064,0.02067,,248.1,247.4,246.6,1.003,neutral
8,696.0,Crucible of the Dead,1.0,other,,,0.89244,0.9713,0.09884,0.01852,,213.8,208.7,187.0,1.025,cream_dealt
8,696.0,125,1.0,hud,125,,0.71948,0.88889,0.01453,0.01292,,188.9,178.2,153.7,1.06,cream_dealt
8,696.0,03:02,1.0,other,,,0.77471,0.88889,0.02326,0.01292,,189.9,183.1,159.6,1.038,cream_dealt
8,696.0,151,1.0,hud,151,,0.82558,0.85013,0.0189,0.01809,,188.0,87.0,47.6,2.161,red_taken
8,696.0,"(51,920/582,590)",1.0,health_readout,,,0.28779,0.73643,0.0843,0.01809,,232.6,228.9,228.2,1.016,neutral
8,696.0,"(119,838/221,351)",1.0,health_readout,,,0.46948,0.71576,0.09012,0.0155,,228.8,229.7,234.2,0.996,neutral
8,696.0,"(180,662/569,330)",1.0,health_readout,,,0.40552,0.67959,0.09012,0.0155,,237.8,236.0,238.0,1.008,neutral
8,696.0,Objectives,1.0,other,,,0.87351,0.6818,0.05531,0.01883,,229.6,172.4,97.5,1.331,cream_dealt
8,696.0,"(18,733/272,948)",1.0,health_readout,,,0.30959,0.55814,0.08576,0.0155,,237.3,231.6,228.1,1.025,cream_dealt
8,696.0,9217 19438453,1.0,other,,,0.45201,0.58632,0.05674,0.02115,,199.0,194.2,189.9,1.025,cream_dealt
8,696.0,5703,1.0,bare,5703,,0.51017,0.59948,0.0189,0.01034,,208.1,190.7,204.7,1.091,cream_dealt
8,696.0,21050,1.0,bare,21050,,0.46512,0.55039,0.02471,0.01292,,164.7,154.0,151.6,1.07,cream_dealt
8,696.0,26864,1.0,bare,26864,,0.44041,0.52196,0.02616,0.0155,,134.4,103.8,91.9,1.295,cream_dealt
8,696.0,"(172,118/278,543)",1.0,health_readout,,,0.3968,0.44444,0.09012,0.0155,,228.6,228.1,225.2,1.002,neutral
8,696.0,14056/20005,1.0,health_readout,,,0.30233,0.05426,0.05378,0.0155,,235.0,226.9,222.8,1.036,cream_dealt
8,696.0,1594/2576,1.0,health_readout,,,0.64817,0.05102,0.04522,0.01941,,230.3,235.9,234.1,0.976,neutral
8,696.0,10,1.0,bare,10,,0.43605,0.0155,0.01308,0.01034,,254.5,253.8,255.0,1.003,neutral
8,696.0,Dlant - Eldritch,0.5,other,,,0.45785,0.90181,0.0843,0.01578,,231.7,232.0,229.8,0.999,neutral
8,696.0,O Eliminate all Enemies,0.5,other,,,0.87936,0.66111,0.08576,0.01589,,217.8,220.9,223.2,0.986,neutral
8,696.0,"(14,056/298(0205)",0.5,other,,,0.4593,0.6124,0.07994,0.0155,,232.6,227.9,225.3,1.021,cream_dealt
8,696.0,41622 (x1.79),0.5,crit,41622,1.79,0.43605,0.56574,0.07703,0.02341,1.79,242.2,227.8,194.3,1.063,cream_dealt
8,696.0,X1,0.3,other,,,0.82267,0.90439,0.0189,0.02067,,170.0,141.7,107.8,1.2,cream_dealt
8,696.0,"31215 (x1,67",0.3,crit_garbled,,1.67,0.3106,0.65566,0.06302,0.02827,1.67,148.9,148.1,142.4,1.005,neutral
8,696.0,9465(x147),0.3,other,,,0.30375,0.59665,0.06256,0.02633,,212.2,204.0,135.6,1.04,cream_dealt
9,698.0,Gladiator,1.0,other,,,0.00577,0.97377,0.04514,0.01629,,214.9,210.2,191.8,1.022,cream_dealt
9,698.0,9:49:04,1.0,other,,,0.00872,0.93798,0.04797,0.0155,,214.0,206.4,186.4,1.037,cream_dealt
9,698.0,Carnivorous Plant,1.0,other,,,0.44041,0.96382,0.12064,0.02067,,248.5,246.1,243.3,1.01,neutral
9,698.0,Eldritch,1.0,other,,,0.50142,0.90154,0.04076,0.01605,,237.2,233.0,231.1,1.018,neutral
9,698.0,125,1.0,hud,125,,0.71948,0.88889,0.01453,0.01292,,188.9,178.2,153.7,1.06,cream_dealt
9,698.0,03:04,1.0,other,,,0.77471,0.88889,0.02326,0.01292,,191.2,184.7,163.8,1.035,cream_dealt
9,698.0,152,1.0,hud,152,,0.82558,0.85013,0.0189,0.01809,,196.7,84.8,50.4,2.319,red_taken
9,698.0,10158 (x1.77),1.0,crit,10158,1.77,0.47093,0.74677,0.05814,0.0155,1.77,175.5,201.2,210.2,0.872,neutral
9,698.0,22242 (x1.67),1.0,crit,22242,1.67,0.43459,0.7,0.05233,0.01576,1.67,237.1,221.6,195.6,1.07,cream_dealt
9,698.0,1393 (x1.89),1.0,crit,1393,1.89,0.57396,0.65925,0.04394,0.01513,1.89,178.9,169.1,136.1,1.058,cream_dealt
9,698.0,"(20,005/20,005)",1.0,health_readout,,,0.4593,0.62274,0.07994,0.0155,,235.2,234.4,232.6,1.003,neutral
9,698.0,1995 (x1.89),1.0,crit,1995,1.89,0.56977,0.38241,0.0625,0.01852,1.89,238.3,234.8,207.8,1.015,neutral
9,698.0,20005/20005,1.0,health_readout,,,0.30233,0.05426,0.05378,0.0155,,232.7,228.9,224.9,1.017,neutral
9,698.0,100,1.0,hud,100,,0.48983,0.05685,0.0189,0.0155,,245.0,203.9,97.5,1.201,cream_dealt
9,698.0,1479/2576,1.0,health_readout,,,0.64826,0.05168,0.04506,0.02067,,221.0,234.7,230.8,0.942,neutral
9,698.0,Crucible of the Dead,1.0,other,,,0.89244,0.9713,0.09738,0.01852,,220.9,205.9,194.3,1.073,cream_dealt
9,698.0,Objectives,1.0,other,,,0.87355,0.68217,0.05523,0.01809,,229.0,171.5,97.2,1.335,cream_dealt
9,698.0,O Eliminate all Enemies,0.5,other,,,0.87936,0.66111,0.08576,0.01589,,217.7,219.4,222.2,0.992,neutral
9,698.0,PM,0.3,other,,,0.06395,0.93798,0.02035,0.0155,,218.3,207.1,186.8,1.054,cream_dealt
9,698.0,Plant -,0.3,other,,,0.45778,0.90122,0.04228,0.01667,,233.7,232.9,233.1,1.003,neutral
9,698.0,30,0.3,bare,30,,0.47674,0.87339,0.01163,0.01034,,224.9,214.2,215.4,1.05,cream_dealt
9,698.0,x2,0.3,other,,,0.82122,0.90439,0.0218,0.02584,,219.2,193.9,142.4,1.13,cream_dealt
9,698.0,75436(10999),0.3,other,,,0.39382,0.67375,0.07864,0.02977,,225.8,219.9,197.5,1.027,cream_dealt
9,698.0,15400 (x1.67),0.3,crit,15400,1.67,0.46945,0.5475,0.05384,0.01869,1.67,251.1,220.2,206.5,1.14,cream_dealt
10,700.0,"(33,346/43,548)",1.0,health_readout,,,0.18169,0.95866,0.07994,0.0155,,228.8,235.5,223.7,0.971,neutral
10,700.0,"(22,358/42,798)",1.0,health_readout,,,0.12936,0.92506,0.07994,0.01809,,223.6,230.9,222.9,0.968,neutral
10,700.0,"(242,124/242,124)",1.0,health_readout,,,0.05378,0.16796,0.09012,0.0155,,223.8,229.0,234.2,0.977,neutral
10,700.0,"(237,258/237,258)",1.0,health_readout,,,0.14826,0.13953,0.08866,0.0155,,226.8,233.7,242.3,0.97,neutral
10,700.0,(91.696/91.696),1.0,other,,,0.1032,0.12403,0.0814,0.01292,,234.4,239.2,242.6,0.98,neutral
10,700.0,20005/20005,1.0,health_readout,,,0.30233,0.05426,0.05378,0.0155,,233.6,228.2,224.7,1.023,cream_dealt
10,700.0,"(343,347/369,770)",1.0,health_readout,,,0.1468,0.03618,0.09157,0.0155,,237.2,231.6,230.2,1.024,cream_dealt
10,700.0,Crucible of the Dead,1.0,other,,,0.89097,0.95845,0.09888,0.03143,,200.8,196.3,172.3,1.023,cream_dealt
10,700.0,(443,1.0,other,,,0.86047,0.93282,0.02326,0.01809,,227.0,234.5,226.8,0.968,neutral
10,700.0,125,1.0,hud,125,,0.72093,0.88889,0.01308,0.01292,,189.5,179.5,155.4,1.056,cream_dealt
10,700.0,03:02,1.0,other,,,0.77471,0.88889,0.02326,0.01292,,191.2,183.0,162.2,1.045,cream_dealt
10,700.0,152,1.0,hud,152,,0.82558,0.85013,0.0189,0.01809,,192.8,84.8,42.5,2.274,red_taken
10,700.0,Objectives,1.0,other,,,0.87353,0.68202,0.05526,0.0184,,228.3,172.1,99.4,1.327,cream_dealt
10,700.0,"(20,005/20,005)",1.0,health_readout,,,0.46076,0.61757,0.07849,0.01292,,241.3,242.9,243.6,0.993,neutral
10,700.0,00,1.0,hud,0,,0.49419,0.05685,0.01453,0.0155,,246.1,205.5,98.0,1.198,cream_dealt
10,700.0,1356/2576,1.0,health_readout,,,0.64963,0.05349,0.04522,0.01704,,230.3,236.5,235.8,0.974,neutral
10,700.0,"(195.447/242,124)",0.5,other,,,0.1032,0.24806,0.09012,0.0155,,227.7,230.7,233.9,0.987,neutral
10,700.0,O Eliminate all Enemies,0.5,other,,,0.87936,0.66111,0.08576,0.01589,,217.1,221.1,224.6,0.982,neutral
10,700.0,"Gladiấtor7 98/42,798)",0.3,other,,,0.00581,0.97407,0.10029,0.02076,,224.3,223.1,215.0,1.005,neutral
10,700.0,"(9:49:0,6,5RM",0.3,other,,,0.00291,0.93023,0.0814,0.02326,,213.2,208.6,193.9,1.022,cream_dealt
10,700.0,"(42,798/42,798)74",0.3,other,,,0.15262,0.97158,0.09738,0.02326,,198.6,199.9,186.1,0.994,neutral
10,700.0,7,0.3,bare,7,,0.28052,0.97158,0.00872,0.01809,,140.3,134.2,126.3,1.045,cream_dealt
10,700.0,599),0.3,other,,,-2e-05,0.00244,0.02766,0.01321,,229.2,235.0,237.5,0.976,neutral
10,700.0,x2,0.3,other,,,0.82122,0.90439,0.0218,0.02584,,214.6,192.9,140.4,1.112,cream_dealt
11,702.0,Gladiator,1.0,other,,,0.00576,0.97362,0.04372,0.01658,,214.2,212.3,196.3,1.009,neutral
11,702.0,9:49:08,1.0,other,,,0.00872,0.93798,0.04651,0.0155,,214.7,208.1,193.2,1.032,cream_dealt
11,702.0,Iceskorn,1.0,other,,,0.47233,0.96335,0.05534,0.02162,,206.1,160.3,109.9,1.286,cream_dealt
11,702.0,Beast,1.0,other,,,0.48692,0.90181,0.02762,0.0155,,227.1,230.7,230.7,0.985,neutral
11,702.0,Crucible of the Dead,1.0,other,,,0.89244,0.9713,0.09738,0.01852,,217.4,208.1,194.0,1.045,cream_dealt
11,702.0,125,1.0,hud,125,,0.71802,0.88889,0.0189,0.01292,,183.2,173.3,148.9,1.057,cream_dealt
11,702.0,03:00,1.0,other,,,0.77471,0.88889,0.02326,0.01292,,194.8,186.8,166.9,1.043,cream_dealt
11,702.0,152,1.0,hud,152,,0.82558,0.85013,0.0189,0.01809,,192.8,84.8,42.5,2.274,red_taken
11,702.0,"(42,798/42,798)",1.0,health_readout,,,0.40988,0.80103,0.07994,0.0155,,231.7,233.7,233.8,0.991,neutral
11,702.0,"(42,798/42,798)",1.0,health_readout,,,0.35029,0.75194,0.07849,0.0155,,234.3,237.7,235.3,0.986,neutral
11,702.0,"(238,378/443,554)",1.0,health_readout,,,0.52471,0.66408,0.09157,0.01809,,227.0,227.4,230.0,0.998,neutral
11,702.0,Objectives,1.0,other,,,0.87351,0.68184,0.0553,0.01876,,232.1,171.7,94.2,1.352,cream_dealt
11,702.0,"(5,459/42,798)",1.0,health_readout,,,0.30669,0.63824,0.07413,0.01292,,233.6,239.4,227.4,0.976,neutral
11,702.0,"(10,301/453,883)",1.0,health_readout,,,0.33576,0.62274,0.08576,0.0155,,232.1,235.4,224.8,0.986,neutral
11,702.0,"(20,005/20,005)",1.0,health_readout,,,0.46221,0.62274,0.07994,0.01292,,245.4,241.4,239.5,1.017,neutral
11,702.0,"(208,5250443,554)",1.0,other,,,0.3968,0.56589,0.09302,0.01809,,237.4,225.5,208.7,1.053,cream_dealt
11,702.0,"(443,554/443,554)",1.0,health_readout,,,0.79784,0.54504,0.09182,0.01853,,219.4,222.7,220.6,0.985,neutral
11,702.0,"(443,554/443,554)",1.0,health_readout,,,0.86483,0.44961,0.09157,0.0155,,228.3,234.5,231.7,0.973,neutral
11,702.0,20005/20005,1.0,health_readout,,,0.30233,0.05426,0.05378,0.0155,,229.8,229.6,225.5,1.001,neutral
11,702.0,100,1.0,hud,100,,0.48983,0.05685,0.0189,0.0155,,245.8,204.6,97.9,1.201,cream_dealt
11,702.0,1438/2576,1.0,health_readout,,,0.64813,0.05066,0.0453,0.02013,,228.8,236.0,234.3,0.969,neutral
11,702.0,O Eliminate all Enemies,0.5,other,,,0.87936,0.66111,0.08576,0.01589,,217.4,217.6,213.3,0.999,neutral
11,702.0,PM,0.3,other,,,0.06395,0.93798,0.02035,0.01809,,214.3,207.2,187.9,1.034,cream_dealt
11,702.0,XG ĐẢU QUAG2,0.3,other,,,0.46657,0.94057,0.07122,0.02332,,182.6,145.1,129.6,1.258,cream_dealt
11,702.0,x2,0.3,other,,,0.82122,0.90439,0.0218,0.02584,,214.6,192.9,140.4,1.112,cream_dealt
11,702.0,(130?28413373%),0.3,other,,,0.35742,0.69897,0.08749,0.03358,,220.3,224.4,220.0,0.982,neutral
11,702.0,"(37,99261274142.798)",0.3,other,,,0.24709,0.58915,0.1061,0.02326,,222.5,225.8,218.8,0.985,neutral
11,702.0,51795 (X1079),0.3,other,,,0.49128,0.59432,0.08721,0.02328,,222.1,221.1,196.5,1.005,neutral
11,702.0,64233-81979),0.3,other,,,0.29356,0.46743,0.0713,0.03414,,222.8,216.6,184.3,1.028,cream_dealt
11,702.0,23229015-67),0.3,other,,,0.45921,0.40754,0.06124,0.02729,,212.4,216.8,211.2,0.98,neutral
12,704.0,Gladiator,1.0,other,,,0.00574,0.97347,0.0452,0.01689,,213.9,210.5,192.7,1.016,neutral
12,704.0,"(24,617/42,798)",1.0,health_readout,,,0.03779,0.81395,0.07994,0.01292,,234.4,239.0,234.2,0.981,neutral
12,704.0,"(95,747/443,554)",1.0,health_readout,,,0.30378,0.73385,0.0843,0.0155,,233.8,233.1,231.4,1.003,neutral
12,704.0,-10756,1.0,other,,,0.11628,0.53747,0.0218,0.01292,,234.1,184.2,166.5,1.27,cream_dealt
12,704.0,5884,1.0,bare,5884,,0.05814,0.49612,0.01453,0.01292,,188.8,184.1,185.0,1.026,cream_dealt
12,704.0,"(323,645/369,770)",1.0,health_readout,,,0.20494,0.40052,0.09302,0.01809,,223.1,223.5,221.7,0.998,neutral
12,704.0,"(79,752/93,599)",1.0,health_readout,,,0.06541,0.27907,0.07849,0.0155,,222.4,226.6,233.8,0.982,neutral
12,704.0,",124),124/242,124)",1.0,other,,,-0.0,0.10078,0.09593,0.01809,,219.0,217.5,216.5,1.007,neutral
12,704.0,"(181,691/237,258)",1.0,health_readout,,,0.06541,0.06202,0.09157,0.0155,,235.0,230.6,227.3,1.019,neutral
12,704.0,20005/20005,1.0,health_readout,,,0.30233,0.05426,0.05378,0.0155,,234.0,228.1,224.8,1.026,cream_dealt
12,704.0,"(20,005/20,005)",1.0,health_readout,,,0.46366,0.61499,0.07849,0.0155,,240.0,240.1,237.3,1.0,neutral
12,704.0,Crucible of the Dead,1.0,other,,,0.89244,0.9713,0.09738,0.01852,,210.9,209.0,193.1,1.009,neutral
12,704.0,125,1.0,hud,125,,0.71802,0.88889,0.01744,0.01292,,184.5,176.6,151.8,1.045,cream_dealt
12,704.0,02:58,1.0,other,,,0.77471,0.88889,0.02326,0.01292,,191.7,183.6,156.0,1.044,cream_dealt
12,704.0,152,1.0,hud,152,,0.82558,0.84755,0.0189,0.02067,,191.9,83.8,42.3,2.289,red_taken
12,704.0,"(443,554/443,554)",1.0,health_readout,,,0.57122,0.65375,0.09593,0.01809,,231.9,225.3,221.2,1.029,cream_dealt
12,704.0,Objectives,1.0,other,,,0.8735,0.68171,0.05533,0.01901,,225.8,176.0,86.9,1.283,cream_dealt
12,704.0,1373/2576,1.0,health_readout,,,0.64962,0.05343,0.04378,0.01718,,229.2,237.2,235.4,0.966,neutral
12,704.0,9:49:10 PM,0.5,other,,,0.01017,0.93796,0.07413,0.01852,,211.0,204.3,184.4,1.033,cream_dealt
12,704.0,"(0.029/443,554)",0.5,other,,,0.05669,0.68475,0.07994,0.01809,,223.4,225.3,216.8,0.992,neutral
12,704.0,12541,0.5,bare,12541,,0.30378,0.65375,0.0189,0.01292,,189.5,195.4,172.4,0.97,neutral
12,704.0,"(51.523/91,6962882 (x1,89)45669",0.5,crit_garbled,,1.89,0.2064,0.55814,0.18169,0.02612,1.89,182.9,206.3,163.2,0.887,neutral
12,704.0,599,0.5,bare,599,,0.22384,0.47028,0.0189,0.01034,,244.9,244.1,241.2,1.003,neutral
12,704.0,100,0.5,hud,100,,0.49419,0.05685,0.01453,0.01292,,245.6,206.4,100.3,1.19,cream_dealt
12,704.0,O Eliminate all Enemies,0.5,other,,,0.87936,0.66111,0.08576,0.01589,,206.9,221.9,205.6,0.932,neutral
12,704.0,"(25,118/07542° 31377",0.3,other,,,0.1686,0.44961,0.10174,0.03101,,210.1,211.2,180.3,0.995,neutral
12,704.0,"(432,921/443,55404₽",0.3,other,,,0.19186,0.08786,0.10174,0.01809,,224.5,225.1,228.9,0.997,neutral
12,704.0,x2,0.3,other,,,0.82122,0.90439,0.0218,0.02584,,213.4,193.6,139.5,1.102,cream_dealt
13,706.0,Gladiator,1.0,other,,,0.00569,0.97052,0.04531,0.0202,,213.9,211.5,186.8,1.011,neutral
13,706.0,9:49:12 PM,1.0,other,,,0.00872,0.93519,0.07558,0.01852,,211.6,206.7,177.7,1.023,cream_dealt
13,706.0,"(484/42,798)",1.0,health_readout,,,0.07703,0.97674,0.06541,0.0155,,233.6,234.5,236.8,0.996,neutral
13,706.0,"(569/91,696)",1.0,health_readout,,,0.37355,0.77778,0.06395,0.0155,,232.5,235.5,230.9,0.987,neutral
13,706.0,20473 (x1.97),1.0,crit,20473,1.97,0.19477,0.67183,0.0843,0.02354,1.97,180.3,138.2,79.2,1.304,cream_dealt
13,706.0,"(453,883/453,883)",1.0,health_readout,,,0.34302,0.63049,0.09157,0.0155,,241.6,234.9,237.7,1.028,cream_dealt
13,706.0,21433 (x1.87),1.0,crit,21433,1.87,0.3939,0.60185,0.05959,0.01574,1.87,208.5,179.5,121.4,1.162,cream_dealt
13,706.0,"(209,758/242,124)",1.0,health_readout,,,0.0,0.51421,0.09157,0.0155,,231.2,231.4,231.7,0.999,neutral
13,706.0,"(181,755/237,258)",1.0,health_readout,,,0.0843,0.49871,0.09157,0.0155,,231.0,224.0,227.9,1.031,cream_dealt
13,706.0,"(406,653/443,554)",1.0,health_readout,,,0.13663,0.48837,0.09157,0.0155,,238.0,232.6,239.7,1.023,cream_dealt
13,706.0,"(453,883/453,883)",1.0,health_readout,,,0.34002,0.40034,0.09179,0.01874,,222.0,224.3,225.1,0.99,neutral
13,706.0,20005/20005,1.0,health_readout,,,0.30233,0.05426,0.05378,0.0155,,232.1,229.0,225.7,1.014,neutral
13,706.0,125,1.0,hud,125,,0.71657,0.88889,0.01599,0.01292,,185.1,177.0,152.5,1.045,cream_dealt
13,706.0,03:04,1.0,other,,,0.77471,0.88889,0.02326,0.01292,,188.4,183.0,164.3,1.03,cream_dealt
13,706.0,152,1.0,hud,152,,0.82558,0.85013,0.0189,0.01809,,193.5,84.5,43.7,2.29,red_taken
13,706.0,"(20,005/20,005)",1.0,health_readout,,,0.46221,0.61499,0.07849,0.01292,,242.7,239.8,240.9,1.012,neutral
13,706.0,"(1,950,314/2,050,807)",1.0,health_readout,,,0.4593,0.4832,0.11047,0.0155,,235.7,229.3,227.6,1.028,cream_dealt
13,706.0,"(414,019/472,732)",1.0,health_readout,,,0.50872,0.33075,0.09012,0.0155,,234.7,230.3,230.6,1.019,neutral
13,706.0,"(440,184/472,732)",1.0,health_readout,,,0.57267,0.22739,0.09157,0.0155,,232.6,227.8,227.8,1.021,cream_dealt
13,706.0,100,1.0,hud,100,,0.48983,0.05685,0.0189,0.0155,,244.4,203.9,96.6,1.198,cream_dealt
13,706.0,1240/2576,1.0,health_readout,,,0.64962,0.0534,0.04379,0.01724,,232.9,238.0,237.2,0.979,neutral
13,706.0,Crucible of the Dead,1.0,other,,,0.89244,0.9713,0.09738,0.01852,,211.1,209.2,191.6,1.009,neutral
13,706.0,Objectives,1.0,other,,,0.87351,0.68184,0.0553,0.01875,,236.5,171.9,101.9,1.376,cream_dealt
13,706.0,10149 6x1.67),0.5,crit_garbled,,1.67,0.09593,0.85,0.04797,0.01305,1.67,241.9,225.0,205.9,1.075,cream_dealt
13,706.0,19681,0.5,bare,19681,,0.3968,0.68734,0.0218,0.01292,,200.6,194.3,194.1,1.033,cream_dealt
13,706.0,O Eliminate all Enemies,0.5,other,,,0.87936,0.66111,0.08576,0.01589,,226.8,222.7,224.6,1.018,neutral
13,706.0,81533(81893,0.3,other,,,0.36041,0.70745,0.08297,0.02954,,207.4,197.6,160.0,1.05,cream_dealt
13,706.0,"12,124)",0.3,other,,,-8e-05,0.53678,0.03359,0.01429,,229.2,232.8,237.2,0.985,neutral
13,706.0,x2,0.3,other,,,0.82122,0.90439,0.0218,0.02584,,214.0,193.8,140.1,1.104,cream_dealt
14,708.0,Gladiator,1.0,other,,,0.00574,0.97101,0.0452,0.01922,,216.1,211.5,184.8,1.022,cream_dealt
14,708.0,9:49:14 PM,1.0,other,,,0.00727,0.93241,0.07703,0.02407,,208.8,202.1,174.1,1.033,cream_dealt
14,708.0,flesbwarped Aberration,1.0,other,,,0.42297,0.96382,0.15407,0.02067,,220.3,211.8,120.7,1.04,cream_dealt
14,708.0,Crucible of the Dead,1.0,other,,,0.89244,0.9713,0.09738,0.01852,,211.6,208.5,190.5,1.015,neutral
14,708.0,Corruption,1.0,other,,,0.48547,0.90181,0.06105,0.0155,,235.8,230.5,225.8,1.023,cream_dealt
14,708.0,125,1.0,hud,125,,0.71802,0.88889,0.02326,0.0155,,186.3,173.5,148.3,1.074,cream_dealt
14,708.0,03:02,1.0,other,,,0.77471,0.88889,0.02326,0.01292,,189.6,182.6,159.6,1.038,cream_dealt
14,708.0,152,1.0,hud,152,,0.82558,0.85013,0.0189,0.01809,,194.4,84.0,43.0,2.315,red_taken
14,708.0,"(333,0500453,883)",1.0,other,,,0.3314,0.70026,0.09012,0.0155,,240.4,232.9,229.8,1.032,cream_dealt
14,708.0,Objectives,1.0,other,,,0.87352,0.68193,0.05528,0.01856,,231.1,172.4,95.2,1.341,cream_dealt
14,708.0,"(103,648/237,258)",1.0,health_readout,,,0.13227,0.62016,0.09012,0.0155,,233.8,231.3,234.6,1.011,neutral
14,708.0,"(305.021/443,554)",1.0,other,,,0.22965,0.65116,0.09157,0.0155,,234.7,230.4,229.1,1.019,neutral
14,708.0,"(115,895/242,124)",1.0,health_readout,,,0.02616,0.5969,0.09157,0.0155,,228.9,227.9,227.1,1.004,neutral
14,708.0,3893 (x1.67),1.0,crit,3893,1.67,0.22965,0.58611,0.05523,0.01596,1.67,246.9,232.6,199.6,1.062,cream_dealt
14,708.0,17220,1.0,bare,17220,,0.41715,0.61757,0.0189,0.01292,,174.3,102.2,88.2,1.706,red_taken
14,708.0,69079 (x1.79),1.0,crit,69079,1.79,0.49273,0.5814,0.07849,0.02067,1.79,244.9,234.0,184.3,1.047,cream_dealt
14,708.0,20005/20005,1.0,health_readout,,,0.30233,0.05426,0.05378,0.0155,,233.6,228.5,225.7,1.022,cream_dealt
14,708.0,100,1.0,hud,100,,0.48983,0.05685,0.0189,0.01292,,247.5,204.8,98.1,1.209,cream_dealt
14,708.0,1418/2576,1.0,health_readout,,,0.64826,0.05168,0.04506,0.01809,,232.4,236.4,234.5,0.983,neutral
14,708.0,O Eliminate all Enemies,0.5,other,,,0.87936,0.66111,0.08576,0.01589,,218.9,218.1,216.2,1.004,neutral
14,708.0,7,0.5,bare,7,,0.2936,0.62532,0.01163,0.02067,,121.9,113.2,104.0,1.077,cream_dealt
14,708.0,Hether,0.3,other,,,0.45339,0.90112,0.03362,0.01688,,238.6,233.1,226.5,1.024,cream_dealt
14,708.0,x2,0.3,other,,,0.82122,0.90439,0.0218,0.02584,,215.2,193.0,138.9,1.115,cream_dealt
14,708.0,"(20.005/20,005)",0.3,other,,,0.46074,0.60966,0.07997,0.02357,,221.4,218.6,205.3,1.013,neutral
14,708.0,"9ed,",0.3,other,,,0.40116,0.58915,0.01453,0.00517,,206.6,173.4,177.3,1.192,cream_dealt
14,708.0,"(437,273/453.833),668.47902,039207339",0.3,other,,,0.35901,0.55039,0.20203,0.03359,,231.7,207.1,176.9,1.118,cream_dealt
14,708.0,19409,0.3,bare,19409,,0.47093,0.48062,0.0218,0.0155,,231.9,222.8,218.1,1.041,cream_dealt
14,708.0,"(331,090/473,032)",0.3,health_readout,,,0.43314,0.46512,0.09593,0.01809,,231.2,238.2,225.3,0.971,neutral
15,710.0,Gladiator,1.0,other,,,0.00581,0.97416,0.04506,0.0155,,222.7,210.4,195.0,1.058,cream_dealt
15,710.0,9:49:16,1.0,other,,,0.00864,0.93468,0.04813,0.01953,,221.2,202.1,190.4,1.095,cream_dealt
15,710.0,Crucible of the Dead,1.0,other,,,0.89244,0.9713,0.09738,0.01852,,214.4,209.4,188.0,1.024,cream_dealt
15,710.0,125,1.0,hud,125,,0.71948,0.88889,0.01453,0.01292,,187.6,178.6,154.2,1.051,cream_dealt
15,710.0,03:08,1.0,other,,,0.77471,0.88889,0.02326,0.0155,,189.6,182.9,164.1,1.036,cream_dealt
15,710.0,152,1.0,hud,152,,0.82558,0.85013,0.0189,0.01809,,194.4,84.0,43.0,2.315,red_taken
15,710.0,Objectives,1.0,other,,,0.87352,0.68193,0.05528,0.01857,,227.9,171.3,97.7,1.331,cream_dealt
15,710.0,"(19,996/20,005)",1.0,health_readout,,,0.46076,0.61757,0.07849,0.0155,,233.1,238.0,234.6,0.979,neutral
15,710.0,"(463,272/472,732)",1.0,health_readout,,,0.65843,0.60982,0.09157,0.0155,,232.0,229.7,224.3,1.01,neutral
15,710.0,10077 (x1.67),1.0,crit,10077,1.67,0.51163,0.50904,0.06105,0.02336,1.67,239.7,214.1,184.7,1.119,cream_dealt
15,710.0,"(386,6420472,732)",1.0,other,,,0.56541,0.49096,0.09157,0.0155,,235.2,235.1,229.1,1.0,neutral
15,710.0,"(966,868/2,050,807)",1.0,health_readout,,,0.68459,0.46253,0.10174,0.0155,,239.0,237.8,232.4,1.005,neutral
15,710.0,46595,1.0,bare,46595,,0.45203,0.39793,0.02762,0.0155,,164.0,137.2,129.9,1.195,cream_dealt
15,710.0,14179 (x1.67),1.0,crit,14179,1.67,0.57267,0.39793,0.05669,0.01596,1.67,168.4,141.4,119.3,1.191,cream_dealt
15,710.0,9094,1.0,bare,9094,,0.61192,0.34625,0.01744,0.01292,,198.7,192.9,190.1,1.03,cream_dealt
15,710.0,19996/20005,1.0,health_readout,,,0.30233,0.05426,0.05378,0.0155,,232.3,226.2,222.9,1.027,cream_dealt
15,710.0,100,1.0,hud,100,,0.48983,0.05685,0.0189,0.0155,,246.6,203.0,96.1,1.215,cream_dealt
15,710.0,1567/2576,1.0,health_readout,,,0.64816,0.05089,0.04525,0.01968,,224.7,232.7,228.7,0.966,neutral
15,710.0,P,0.5,other,,,0.06395,0.93798,0.01017,0.01809,,216.0,201.6,184.6,1.071,cream_dealt
15,710.0,O Eliminate all Enemies,0.5,other,,,0.87936,0.66111,0.08576,0.01589,,218.6,220.7,223.0,0.99,neutral
15,710.0,M,0.3,other,,,0.07122,0.9354,0.01308,0.01809,,219.7,207.8,188.1,1.058,cream_dealt
15,710.0,x2,0.3,other,,,0.82122,0.90439,0.0218,0.02584,,215.2,193.0,139.3,1.115,cream_dealt
15,710.0,(48.0/C1458.883),0.3,other,,,0.55081,0.61181,0.08733,0.02961,,238.7,199.3,208.5,1.198,cream_dealt
15,710.0,1577503,0.3,bare,1577503,,0.59448,0.56331,0.03198,0.02584,,228.8,178.8,173.7,1.28,cream_dealt
15,710.0,496857 (x1.67),0.3,crit,496857,1.67,0.66715,0.3876,0.06105,0.02351,1.67,164.1,182.2,162.0,0.901,neutral
15,710.0,D4091092,0.3,other,,,0.70494,0.3385,0.03488,0.0155,,194.1,192.4,178.6,1.009,neutral
16,712.0,Gladiator,1.0,other,,,0.00425,0.96814,0.04674,0.02237,,213.8,209.0,184.1,1.023,cream_dealt
16,712.0,9:49:18,1.0,other,,,0.00727,0.93282,0.04942,0.02067,,211.4,205.9,174.6,1.027,cream_dealt
16,712.0,PM,1.0,other,,,0.0625,0.9354,0.0218,0.01809,,217.6,207.1,185.3,1.051,cream_dealt
16,712.0,"(189,631/472,732)",1.0,health_readout,,,0.31831,0.57623,0.09157,0.01292,,240.0,236.4,234.9,1.015,neutral
16,712.0,19864/20005,1.0,health_readout,,,0.30233,0.05426,0.05378,0.0155,,234.4,225.5,221.2,1.039,cream_dealt
16,712.0,Crucible of the Dead,1.0,other,,,0.89244,0.9713,0.09738,0.01852,,212.3,208.8,193.1,1.017,neutral
16,712.0,125,1.0,hud,125,,0.71657,0.8863,0.02616,0.02067,,187.5,170.1,146.1,1.103,cream_dealt
16,712.0,03:10,1.0,other,,,0.77471,0.88889,0.0218,0.01292,,192.4,184.8,162.3,1.041,cream_dealt
16,712.0,152,1.0,hud,152,,0.82558,0.85013,0.0189,0.01809,,192.5,84.5,42.5,2.277,red_taken
16,712.0,Objectives,1.0,other,,,0.87352,0.68188,0.05529,0.01867,,231.9,172.5,95.5,1.344,cream_dealt
16,712.0,33111,1.0,bare,33111,,0.4375,0.64599,0.02616,0.01292,,200.3,204.6,181.3,0.979,neutral
16,712.0,6002,1.0,bare,6002,,0.43314,0.50904,0.0189,0.01292,,170.0,139.7,114.9,1.217,cream_dealt
16,712.0,100,1.0,hud,100,,0.48983,0.05685,0.0189,0.0155,,245.9,204.7,95.0,1.202,cream_dealt
16,712.0,1594/2576,1.0,health_readout,,,0.64805,0.04992,0.04546,0.02161,,225.1,230.2,228.1,0.978,neutral
16,712.0,O Eliminate all Enemies,0.5,other,,,0.87936,0.66111,0.08576,0.01589,,218.7,218.5,216.3,1.001,neutral
16,712.0,"5 (332,32212,050,807)",0.5,other,,,0.42587,0.5478,0.10901,0.01809,,234.5,221.0,201.1,1.061,cream_dealt
16,712.0,(5311(x11752),0.3,other,,,0.36191,0.56064,0.04798,0.01567,,112.0,115.8,131.2,0.967,neutral
16,712.0,x2,0.3,other,,,0.82122,0.90439,0.0218,0.02584,,215.2,192.9,138.9,1.116,cream_dealt
16,712.0,41357((515722120.000,0.3,other,,,0.43023,0.60982,0.10756,0.03101,,224.2,218.7,187.5,1.025,cream_dealt
16,712.0,5606,0.3,bare,5606,,0.44913,0.49096,0.0189,0.0155,,238.4,205.5,199.6,1.16,cream_dealt
16,712.0,0413 (x1.67),0.3,crit,413,1.67,0.46802,0.45736,0.05378,0.02597,1.67,217.0,223.3,196.3,0.972,neutral
17,714.0,Gladiator,1.0,other,,,0.00578,0.97386,0.04512,0.0161,,224.2,207.8,193.9,1.079,cream_dealt
17,714.0,9:49:20,1.0,other,,,0.0087,0.93778,0.04801,0.01592,,221.4,205.1,195.1,1.08,cream_dealt
17,714.0,Crucible of the Dead,1.0,other,,,0.89244,0.9713,0.09738,0.01852,,211.7,208.7,191.1,1.014,neutral
17,714.0,125,1.0,hud,125,,0.71802,0.88889,0.02326,0.0155,,186.8,173.6,150.7,1.076,cream_dealt
17,714.0,02:31,1.0,other,,,0.77471,0.88889,0.02326,0.01292,,188.5,181.1,158.0,1.041,cream_dealt
17,714.0,153,1.0,hud,153,,0.82267,0.85013,0.02326,0.01809,,192.6,126.7,82.2,1.521,cream_dealt
17,714.0,Objectives,1.0,other,,,0.87352,0.6819,0.05529,0.01862,,228.2,171.8,98.9,1.328,cream_dealt
17,714.0,"(16,368/16,368)",1.0,health_readout,,,0.46076,0.61757,0.07849,0.01292,,237.1,243.8,242.7,0.972,neutral
17,714.0,18102 (x1.77),1.0,crit,18102,1.77,0.51744,0.5787,0.04215,0.01303,1.77,151.6,130.4,121.5,1.162,cream_dealt
17,714.0,16368/16368,1.0,health_readout,,,0.30378,0.05426,0.05233,0.0155,,232.5,229.9,222.8,1.011,neutral
17,714.0,100,1.0,hud,100,,0.48983,0.05685,0.0189,0.0155,,245.9,204.7,95.0,1.202,cream_dealt
17,714.0,1481/2576,1.0,health_readout,,,0.64826,0.05168,0.04506,0.02067,,226.8,234.5,231.6,0.967,neutral
17,714.0,PM,0.5,other,,,0.0625,0.9354,0.0218,0.01809,,219.6,206.6,186.8,1.063,cream_dealt
17,714.0,D Eliminate all Enemies,0.5,other,,,0.87936,0.66111,0.08576,0.01589,,217.2,218.9,218.7,0.992,neutral
17,714.0,x3,0.3,other,,,0.81977,0.90181,0.02471,0.03101,,250.1,237.1,177.8,1.055,cream_dealt
18,716.0,Gladiator,1.0,other,,,0.00572,0.9733,0.04379,0.01723,,212.4,210.4,189.6,1.009,neutral
18,716.0,"(476,173/476,173)",1.0,health_readout,,,0.17587,0.88889,0.09012,0.01292,,235.8,237.0,237.0,0.995,neutral
18,716.0,"(275,428/297,609)",1.0,health_readout,,,0.09448,0.86047,0.09012,0.01292,,237.0,242.4,237.3,0.978,neutral
18,716.0,"(476,173/476,173)",1.0,health_readout,,,0.23983,0.84496,0.09157,0.02067,,206.4,211.9,215.7,0.974,neutral
18,716.0,"(203,039/203,039)",1.0,health_readout,,,0.1657,0.7907,0.09012,0.0155,,235.9,235.7,234.9,1.001,neutral
18,716.0,"(271,264/303,657)",1.0,health_readout,,,0.16715,0.71835,0.09157,0.0155,,229.8,230.4,231.4,0.998,neutral
18,716.0,"(207,203/207,203)",1.0,health_readout,,,0.30669,0.62016,0.09157,0.0155,,230.7,234.7,226.9,0.983,neutral
18,716.0,16368/16368,1.0,health_readout,,,0.30378,0.05426,0.05233,0.0155,,235.9,228.5,224.5,1.032,cream_dealt
18,716.0,Crucible of the Dead,1.0,other,,,0.89244,0.9713,0.09738,0.01852,,211.1,208.4,192.0,1.013,neutral
18,716.0,125,1.0,hud,125,,0.71948,0.88889,0.01453,0.01292,,188.7,177.8,152.7,1.061,cream_dealt
18,716.0,02:29,1.0,other,,,0.77616,0.88889,0.02035,0.01292,,190.5,182.8,158.1,1.042,cream_dealt
18,716.0,153,1.0,hud,153,,0.82558,0.85013,0.0189,0.01809,,195.4,83.7,38.7,2.336,red_taken
18,716.0,Objectives,1.0,other,,,0.8735,0.68169,0.05533,0.01905,,234.5,173.5,73.4,1.351,cream_dealt
18,716.0,"(16,368/16,368)",1.0,health_readout,,,0.46076,0.61757,0.07849,0.0155,,232.6,237.0,232.6,0.981,neutral
18,716.0,00,1.0,hud,0,,0.49564,0.05685,0.01308,0.01292,,247.0,208.1,103.4,1.187,cream_dealt
18,716.0,1459/2576,1.0,health_readout,,,0.64826,0.05168,0.04506,0.02067,,225.5,235.8,236.8,0.956,neutral
18,716.0,9:49:22 PM,0.5,other,,,0.00872,0.93796,0.07558,0.01852,,210.9,206.0,181.8,1.024,cream_dealt
18,716.0,O Eliminate all Enemies,0.5,other,,,0.87936,0.66111,0.08576,0.01589,,206.4,233.3,192.2,0.885,neutral
18,716.0,x3,0.3,other,,,0.81977,0.90439,0.02326,0.02584,,249.9,241.3,191.2,1.036,cream_dealt
19,718.0,Gladiator,1.0,other,,,0.00574,0.97347,0.0452,0.01689,,218.0,210.4,194.7,1.036,cream_dealt
19,718.0,9:49:24 PM,1.0,other,,,0.01017,0.93796,0.07413,0.01574,,219.2,205.4,191.5,1.067,cream_dealt
19,718.0,Undead,1.0,other,,,0.45929,0.90173,0.03491,0.01566,,239.9,235.1,233.6,1.02,cream_dealt
19,718.0,125,1.0,hud,125,,0.71802,0.88889,0.02326,0.0155,,186.7,172.8,148.5,1.081,cream_dealt
19,718.0,02:27,1.0,other,,,0.77616,0.88889,0.02035,0.01292,,188.8,181.8,159.7,1.039,cream_dealt
19,718.0,"(203,039/203,039)",1.0,health_readout,,,0.48401,0.8062,0.09012,0.0155,,238.2,234.6,233.3,1.015,neutral
19,718.0,"(275,492/297,609)",1.0,health_readout,,,-0.0,0.73643,0.09012,0.0155,,227.1,231.2,232.7,0.982,neutral
19,718.0,"(360,013/638,564)",1.0,health_readout,,,0.5843,0.73385,0.09157,0.0155,,233.9,235.3,235.9,0.994,neutral
19,718.0,"(267,095/476,173)",1.0,health_readout,,,0.42297,0.69509,0.09012,0.01809,,225.6,220.7,215.7,1.023,cream_dealt
19,718.0,"(476,173/476,173)",1.0,health_readout,,,0.35756,0.68217,0.09012,0.01292,,234.8,235.9,235.3,0.995,neutral
19,718.0,"(255,118/303,657)",1.0,health_readout,,,0.07267,0.61757,0.09012,0.0155,,223.4,231.0,217.3,0.967,neutral
19,718.0,"(166,063/207.203)",1.0,other,,,0.42151,0.62532,0.09157,0.0155,,228.1,229.9,224.2,0.993,neutral
19,718.0,"(16,351/16,368)",1.0,health_readout,,,0.4593,0.5969,0.08285,0.01809,,210.5,218.9,216.6,0.961,neutral
19,718.0,29263,1.0,bare,29263,,0.41279,0.5323,0.02762,0.01292,,202.1,199.2,200.2,1.015,neutral
19,718.0,42811,1.0,bare,42811,,0.41715,0.4832,0.02616,0.0155,,191.5,193.2,205.0,0.991,neutral
19,718.0,37230,1.0,bare,37230,,0.48983,0.51163,0.02471,0.0155,,194.0,198.6,207.0,0.977,neutral
19,718.0,7045,1.0,bare,7045,,0.56977,0.44961,0.01453,0.01034,,194.8,185.0,183.2,1.053,cream_dealt
19,718.0,"(417,957/417,957)",1.0,health_readout,,,0.21076,0.24548,0.09157,0.0155,,231.2,226.1,220.0,1.023,cream_dealt
19,718.0,"(427,128/427,128)",1.0,health_readout,,,0.08866,0.23256,0.09012,0.0155,,232.0,227.6,223.7,1.02,neutral
19,718.0,"(417,957/417,957)",1.0,health_readout,,,0.20203,0.10853,0.09012,0.0155,,234.3,229.0,224.2,1.023,cream_dealt
19,718.0,16351/16368,1.0,health_readout,,,0.30233,0.05426,0.05378,0.0155,,231.1,226.2,220.9,1.022,cream_dealt
19,718.0,"3,975/273,975)",1.0,health_readout,,,0.0,0.04393,0.07267,0.0155,,229.8,225.4,219.7,1.02,neutral
19,718.0,1574/2576,1.0,health_readout,,,0.64824,0.05157,0.04509,0.0209,,223.9,229.7,227.6,0.975,neutral
19,718.0,Objectives,1.0,other,,,0.87353,0.68199,0.05527,0.01845,,239.3,171.7,98.4,1.394,cream_dealt
19,718.0,Dendigo,0.5,other,,,0.47227,0.96281,0.05402,0.02271,,247.9,245.5,243.0,1.01,neutral
19,718.0,- Beast,0.5,other,,,0.49709,0.90181,0.04215,0.01578,,224.0,219.3,214.9,1.022,cream_dealt
19,718.0,153,0.5,hud,153,,0.82558,0.85013,0.0189,0.01809,,195.3,83.5,38.6,2.339,red_taken
19,718.0,45810 (x1.89,0.5,crit_garbled,,1.89,0.37209,0.50904,0.07558,0.02336,1.89,198.5,221.1,152.7,0.898,neutral
19,718.0,Crucible of the Dead,0.5,other,,,0.89244,0.9713,0.09738,0.01852,,211.9,208.8,193.6,1.015,neutral
19,718.0,Q Eliminate all Enemies,0.5,other,,,0.87936,0.66111,0.08576,0.01589,,222.3,224.2,224.9,0.992,neutral
19,718.0,104.,0.3,other,,,0.48837,0.94574,0.0218,0.0155,,197.2,126.0,75.8,1.565,cream_dealt
19,718.0,7,0.3,bare,7,,0.82849,0.97158,0.01163,0.01809,,129.4,122.3,110.6,1.058,cream_dealt
19,718.0,x3,0.3,other,,,0.81977,0.90439,0.02326,0.02584,,249.8,241.4,189.3,1.035,cream_dealt
19,718.0,7,0.3,bare,7,,0.64826,0.70801,0.01308,0.02067,,119.9,113.5,101.2,1.056,cream_dealt
19,718.0,97241/19437,0.3,health_readout,,,0.5625,0.62274,0.09302,0.04393,,222.9,228.2,181.3,0.977,neutral
19,718.0,"61((12,656/444,361)",0.3,other,,,0.51744,0.52455,0.10174,0.01809,,224.2,226.0,227.3,0.992,neutral
19,718.0,NEE,0.3,other,,,0.56105,0.06718,0.03779,0.02326,,212.2,67.7,103.3,3.136,red_taken
20,720.0,Gladiator,1.0,other,,,0.00577,0.9738,0.0437,0.01881,,216.6,210.3,188.3,1.03,cream_dealt
20,720.0,9:49:26 PM,1.0,other,,,0.00872,0.93796,0.07558,0.01852,,215.9,205.8,184.7,1.049,cream_dealt
20,720.0,"(180,843/297,609)",1.0,health_readout,,,0.37791,0.83204,0.09012,0.0155,,236.1,235.4,234.1,1.003,neutral
20,720.0,"(208,919/303,657)",1.0,health_readout,,,0.32413,0.77261,0.09302,0.01292,,238.3,237.4,236.6,1.004,neutral
20,720.0,"(14,010/16,368)",1.0,health_readout,,,0.45785,0.6124,0.0814,0.02067,,219.9,225.6,216.8,0.975,neutral
20,720.0,"(195,886/260,786)",1.0,health_readout,,,0.19331,0.56848,0.09157,0.0155,,233.9,235.6,237.9,0.993,neutral
20,720.0,"(299,246/427,128)",1.0,health_readout,,,0.2282,0.47028,0.09157,0.0155,,229.9,228.0,226.7,1.008,neutral
20,720.0,"(170,634/271,687)",1.0,health_readout,,,0.22238,0.44703,0.09157,0.0155,,230.2,226.2,224.3,1.018,neutral
20,720.0,"(201,485/260,786),",1.0,other,,,0.32413,0.33333,0.09302,0.01809,,223.6,224.8,222.0,0.994,neutral
20,720.0,"(209,255/273,975)",1.0,health_readout,,,0.13663,0.31783,0.09738,0.01809,,232.5,234.1,198.9,0.993,neutral
20,720.0,"(382,4000425,285)",1.0,other,,,0.12645,0.29457,0.09012,0.01809,,234.3,234.1,210.7,1.001,neutral
20,720.0,63588,1.0,bare,63588,,0.28924,0.29974,0.03198,0.01809,,200.8,201.4,197.7,0.997,neutral
20,720.0,"967/273,975)",1.0,health_readout,,,0.2093,0.22222,0.06686,0.01292,,235.0,234.9,226.9,1.001,neutral
20,720.0,59307,1.0,bare,59307,,0.375,0.23514,0.02907,0.0155,,199.8,200.8,195.7,0.995,neutral
20,720.0,63621,1.0,bare,63621,,0.32267,0.21964,0.03634,0.01809,,195.7,205.7,197.3,0.951,neutral
20,720.0,"(37,840/37,840)",1.0,health_readout,,,0.00581,0.08269,0.07849,0.0155,,226.8,230.3,231.1,0.985,neutral
20,720.0,14010/16368,1.0,health_readout,,,0.30378,0.05426,0.05233,0.0155,,236.3,228.0,220.3,1.036,cream_dealt
20,720.0,100,1.0,hud,100,,0.48983,0.05685,0.0189,0.0155,,245.5,204.6,98.0,1.2,cream_dealt
20,720.0,Crucible of the Dead,1.0,other,,,0.89244,0.9713,0.09738,0.01852,,212.3,209.8,192.2,1.012,neutral
20,720.0,125,1.0,hud,125,,0.71802,0.88889,0.01599,0.0155,,183.6,173.1,148.2,1.061,cream_dealt
20,720.0,02:33,1.0,other,,,0.77471,0.88889,0.02326,0.0155,,184.1,179.6,160.7,1.025,cream_dealt
20,720.0,"(392.428/447,994)",1.0,other,,,0.7311,0.77778,0.09157,0.01809,,236.4,240.7,222.7,0.982,neutral
20,720.0,Objectives,1.0,other,,,0.87355,0.68217,0.05523,0.01809,,238.6,166.7,95.0,1.432,cream_dealt
20,720.0,"(203,160/275,518)",1.0,health_readout,,,0.6468,0.18088,0.08866,0.0155,,232.9,231.6,231.1,1.006,neutral
20,720.0,1509/2576,1.0,health_readout,,,0.64826,0.05168,0.04506,0.01809,,232.4,237.7,236.8,0.978,neutral
20,720.0,Q Eliminate all Enemies,0.5,other,,,0.87936,0.66111,0.08576,0.01589,,214.6,215.2,219.9,0.997,neutral
20,720.0,68528,0.3,bare,68528,,0.45058,0.63566,0.0218,0.01292,,194.4,196.0,195.4,0.992,neutral
20,720.0,"(200.055/26630828/22,49537217.057)",0.3,other,,,0.25727,0.47545,0.17587,0.02842,,222.9,221.4,220.2,1.007,neutral
20,720.0,"(286,2463621,957)",0.3,other,,,0.33866,0.36176,0.09012,0.01809,,223.1,222.3,221.4,1.003,neutral
20,720.0,0),0.3,other,,,-0.0,0.25065,0.01017,0.0155,,240.0,240.1,237.3,1.0,neutral
20,720.0,(30.(22253682026220.91),0.3,other,,,0.11483,0.2093,0.10756,0.02584,,234.5,234.0,217.8,1.002,neutral
20,720.0,x3,0.3,other,,,0.81977,0.90439,0.02471,0.02842,,249.6,238.3,182.9,1.047,cream_dealt
20,720.0,153,0.3,hud,153,,0.82558,0.85013,0.0189,0.01809,,195.3,83.5,38.6,2.339,red_taken
20,720.0,1743,0.3,bare,1743,,0.70203,0.09044,0.02035,0.01809,,215.5,189.8,183.1,1.135,cream_dealt
21,722.0,Gladiator,1.0,other,,,0.00576,0.97361,0.04517,0.01661,,214.7,209.9,194.0,1.023,cream_dealt
21,722.0,9:49:28,1.0,other,,,0.00869,0.93769,0.04803,0.0161,,221.1,204.6,192.6,1.081,cream_dealt
21,722.0,Skeletal Archer,1.0,other,,,0.45058,0.96641,0.09884,0.01809,,250.0,248.9,246.0,1.005,neutral
21,722.0,105,1.0,bare,105,,0.48983,0.94574,0.01744,0.0155,,187.7,136.8,70.4,1.371,cream_dealt
21,722.0,Undead,1.0,other,,,0.48256,0.90181,0.03488,0.0155,,232.9,229.2,233.4,1.016,neutral
21,722.0,Crucible of the Dead,1.0,other,,,0.8924,0.96072,0.09748,0.02946,,203.4,200.3,175.2,1.016,neutral
21,722.0,125,1.0,hud,125,,0.71948,0.88889,0.01744,0.0155,,179.4,172.1,146.9,1.042,cream_dealt
21,722.0,02:31,1.0,other,,,0.77471,0.88889,0.02326,0.01292,,186.7,180.8,162.1,1.032,cream_dealt
21,722.0,153,1.0,hud,153,,0.82558,0.85013,0.0189,0.01809,,196.0,83.7,40.2,2.343,red_taken
21,722.0,"31640 (x1,77)",1.0,crit_garbled,,1.77,0.54942,0.67183,0.07122,0.02076,1.77,189.6,226.6,157.0,0.837,neutral
21,722.0,"(30,265/37,840)",1.0,health_readout,,,0.35029,0.54005,0.07849,0.0155,,238.0,234.8,232.8,1.014,neutral
21,722.0,"(37,840/37,840)",1.0,health_readout,,,0.30669,0.5168,0.07994,0.0155,,233.5,230.2,225.6,1.014,neutral
21,722.0,76538 (x1.79),1.0,crit,76538,1.79,0.40843,0.50093,0.07849,0.0213,1.79,245.6,229.8,197.8,1.069,cream_dealt
21,722.0,Objectives,1.0,other,,,0.87351,0.68178,0.05531,0.01886,,229.7,170.4,100.5,1.348,cream_dealt
21,722.0,"(194,198/275,518)",1.0,health_readout,,,0.78634,0.52713,0.09157,0.0155,,230.1,229.4,230.9,1.003,neutral
21,722.0,"(37.840/37,840)",1.0,other,,,0.2936,0.30491,0.07849,0.0155,,227.3,239.5,245.9,0.949,neutral
21,722.0,19998/20005,1.0,health_readout,,,0.30233,0.05426,0.05378,0.0155,,234.7,226.0,223.3,1.038,cream_dealt
21,722.0,100,1.0,hud,100,,0.48983,0.05685,0.0189,0.01292,,245.4,206.5,103.7,1.188,cream_dealt
21,722.0,1588/2576,1.0,health_readout,,,0.64826,0.05168,0.04506,0.01809,,231.7,236.7,236.7,0.979,neutral
21,722.0,22,1.0,bare,22,,0.43459,0.01034,0.01453,0.01809,,251.0,249.8,254.9,1.005,neutral
21,722.0,"(37,840/37,840)-",0.5,other,,,0.33721,0.64083,0.08576,0.01292,,239.9,234.0,234.7,1.025,cream_dealt
21,722.0,"99294 (x1,99) 8499 (x2.09)",0.5,crit_garbled,,1.99,0.43459,0.63307,0.21221,0.03101,1.99;2.09,178.5,188.7,130.4,0.946,neutral
21,722.0,O Eliminate all Enemies,0.5,other,,,0.87936,0.66111,0.08576,0.01589,,211.8,215.1,221.9,0.984,neutral
21,722.0,PM,0.3,other,,,0.06395,0.93798,0.02035,0.0155,,225.1,206.6,190.7,1.089,cream_dealt
21,722.0,x3,0.3,other,,,0.81977,0.90439,0.02471,0.02842,,249.5,237.2,183.8,1.052,cream_dealt
21,722.0,"(37,840/37/840):975)2075",0.3,other,,,0.38227,0.65891,0.12209,0.02326,,222.6,218.2,218.7,1.02,cream_dealt
21,722.0,"49847 x8l 80,05)",0.3,other,,,0.44622,0.61757,0.09302,0.01854,,232.9,223.4,177.1,1.043,cream_dealt
21,722.0,(362.463/4752.051025010425%212082 81.39),0.3,other,,,0.35174,0.57106,0.23983,0.04931,,207.2,201.6,179.7,1.028,cream_dealt
22,724.0,Gladiator,1.0,other,,,0.00573,0.97092,0.04522,0.0194,,213.6,208.9,194.0,1.022,cream_dealt
22,724.0,9:49:30,1.0,other,,,0.00869,0.93769,0.04802,0.0161,,216.3,203.7,191.1,1.062,cream_dealt
22,724.0,Crucible of the Dead,1.0,other,,,0.89244,0.9713,0.09738,0.01852,,218.0,208.6,192.0,1.045,cream_dealt
22,724.0,125,1.0,hud,125,,0.71948,0.88889,0.01308,0.01292,,186.9,179.2,154.1,1.043,cream_dealt
22,724.0,153,1.0,hud,153,,0.82558,0.85013,0.0189,0.01809,,196.0,83.7,40.2,2.343,red_taken
22,724.0,"(15,475/20,005)",1.0,health_readout,,,0.4593,0.61499,0.07994,0.01809,,226.5,224.5,217.3,1.009,neutral
22,724.0,Objectives,1.0,other,,,0.87348,0.6815,0.05537,0.01944,,227.4,173.9,101.8,1.308,cream_dealt
22,724.0,"(190,979/275,518)",1.0,health_readout,,,0.8125,0.62791,0.09012,0.0155,,233.0,235.4,238.0,0.99,neutral
22,724.0,66704 (x1.89),1.0,crit,66704,1.89,0.43459,0.32558,0.09012,0.02349,1.89,150.4,186.1,177.7,0.808,neutral
22,724.0,(20.379/37.840),1.0,other,,,0.10029,0.20155,0.07849,0.01292,,233.8,238.9,243.3,0.978,neutral
22,724.0,"(1,845/37,840)",1.0,health_readout,,,0.19767,0.16279,0.07413,0.0155,,234.6,230.9,236.4,1.016,neutral
22,724.0,15475/20005,1.0,health_readout,,,0.30233,0.05426,0.05378,0.0155,,235.3,222.8,217.9,1.056,cream_dealt
22,724.0,1612/2576,1.0,health_readout,,,0.64815,0.05078,0.04528,0.01989,,226.3,234.0,231.4,0.967,neutral
22,724.0,20,1.0,bare,20,,0.43605,0.01292,0.01308,0.01292,,254.9,254.5,255.0,1.001,neutral
22,724.0,O Eliminate all Enemies,0.5,other,,,0.87936,0.66111,0.08576,0.01589,,215.0,218.5,221.9,0.984,neutral
22,724.0,7,0.5,bare,7,,0.82558,0.60465,0.01017,0.01809,,130.2,125.6,115.0,1.036,cream_dealt
22,724.0,100,0.5,hud,100,,0.49419,0.05685,0.01453,0.01292,,245.5,207.7,104.2,1.182,cream_dealt
22,724.0,PM,0.3,other,,,0.05669,0.93798,0.02762,0.0155,,220.9,205.0,186.0,1.077,cream_dealt
22,724.0,02:29,0.3,other,,,0.77471,0.89147,0.0218,0.01034,,188.3,182.5,167.1,1.031,cream_dealt
22,724.0,x3,0.3,other,,,0.81977,0.90181,0.02471,0.03101,,248.9,234.8,179.2,1.06,cream_dealt
23,726.0,Gladiator,1.0,other,,,0.00575,0.97359,0.04518,0.01665,,219.9,208.2,195.3,1.056,cream_dealt
23,726.0,9:49:32,1.0,other,,,0.00872,0.93798,0.04942,0.0155,,221.2,205.4,193.9,1.077,cream_dealt
23,726.0,PM,1.0,other,,,0.05669,0.93798,0.02762,0.0155,,219.8,204.9,189.1,1.073,cream_dealt
23,726.0,02:27,1.0,other,,,0.77616,0.88889,0.02035,0.01292,,190.0,180.8,159.2,1.051,cream_dealt
23,726.0,125,1.0,hud,125,,0.71657,0.88889,0.02471,0.0155,,183.4,170.1,146.6,1.078,cream_dealt
23,726.0,153,1.0,hud,153,,0.82558,0.85013,0.0189,0.01809,,197.2,83.8,40.0,2.354,red_taken
23,726.0,20005/20005,1.0,health_readout,,,0.30233,0.05426,0.05378,0.0155,,233.1,228.4,225.1,1.021,cream_dealt
23,726.0,1582/2576,1.0,health_readout,,,0.64817,0.051,0.04522,0.01944,,229.0,235.0,233.6,0.974,neutral
23,726.0,Crucible of the Dead,1.0,other,,,0.89244,0.9713,0.09738,0.01852,,219.4,207.5,194.6,1.058,cream_dealt
23,726.0,Objectives,1.0,other,,,0.87352,0.68194,0.05528,0.01855,,233.0,171.9,92.3,1.355,cream_dealt
23,726.0,x3,0.5,other,,,0.81977,0.90181,0.02326,0.02842,,249.4,240.0,188.2,1.039,cream_dealt
23,726.0,Eliminate all Enemies,0.5,other,,,0.88227,0.66111,0.08285,0.01589,,225.1,222.9,217.5,1.01,neutral
23,726.0,"51012 (214/05/20,005)",0.3,other,,,0.42587,0.60463,0.11337,0.02593,,236.6,229.4,210.8,1.031,cream_dealt
23,726.0,00,0.3,hud,0,,0.49419,0.05685,0.01453,0.01292,,247.3,207.8,102.5,1.19,cream_dealt
23,726.0,18,0.3,bare,18,,0.43605,0.0155,0.01308,0.01034,,254.5,254.2,255.0,1.001,neutral
24,728.0,Gladiator,1.0,other,,,0.00574,0.97349,0.0452,0.01685,,220.1,207.7,192.7,1.06,cream_dealt
24,728.0,9:49:34,1.0,other,,,0.00869,0.9377,0.04802,0.01608,,218.4,205.5,192.4,1.063,cream_dealt
24,728.0,Chtbonic,1.0,other,,,0.4782,0.90181,0.0436,0.0155,,228.6,230.5,223.2,0.992,neutral
24,728.0,Crucible of the Dead,1.0,other,,,0.89244,0.9713,0.09738,0.01852,,218.8,207.9,195.1,1.053,cream_dealt
24,728.0,125,1.0,hud,125,,0.71657,0.88889,0.02471,0.0155,,183.4,170.1,146.6,1.078,cream_dealt
24,728.0,02:25,1.0,other,,,0.77616,0.88889,0.0218,0.0155,,187.2,179.2,158.8,1.045,cream_dealt
24,728.0,153,1.0,hud,153,,0.82558,0.85013,0.0189,0.01809,,197.2,83.8,40.0,2.354,red_taken
24,728.0,"(351,059/584,695)",1.0,health_readout,,,0.46657,0.77519,0.09012,0.0155,,240.3,237.3,240.0,1.013,neutral
24,728.0,Objectives,1.0,other,,,0.87352,0.68186,0.0553,0.0187,,229.3,172.5,94.8,1.33,cream_dealt
24,728.0,20005/20005,1.0,health_readout,,,0.30233,0.05426,0.05378,0.0155,,234.7,228.2,224.9,1.029,cream_dealt
24,728.0,100,1.0,hud,100,,0.48983,0.05685,0.0189,0.0155,,244.4,204.6,98.1,1.194,cream_dealt
24,728.0,1594/2576,1.0,health_readout,,,0.64805,0.04992,0.04546,0.02161,,225.4,230.4,230.3,0.979,neutral
24,728.0,Chtbonian Unraveler,0.5,other,,,0.43314,0.96641,0.13372,0.01809,,209.0,163.0,111.2,1.283,cream_dealt
24,728.0,O Eliminate all Enemies,0.5,other,,,0.87936,0.66111,0.08576,0.01589,,215.7,219.7,219.6,0.982,neutral
24,728.0,464731(x1.99),0.5,crit,464731,1.99,0.47965,0.63824,0.07703,0.02326,1.99,217.3,177.9,109.7,1.221,cream_dealt
24,728.0,PM,0.3,other,,,0.06541,0.93798,0.0189,0.0155,,218.6,207.0,193.8,1.056,cream_dealt
24,728.0,-1G ĐẢU ĐAC 2,0.3,other,,,0.4564,0.93519,0.09012,0.0287,,178.8,137.4,123.8,1.301,cream_dealt
24,728.0,x3,0.3,other,,,0.81977,0.90439,0.02326,0.02584,,250.2,242.0,192.3,1.034,cream_dealt
24,728.0,(20.085/20.005),0.3,other,,,0.45914,0.61073,0.08171,0.0292,,209.0,202.5,201.9,1.032,cream_dealt
25,730.0,Gladiator,1.0,other,,,0.00579,0.97394,0.04365,0.01594,,214.3,210.7,192.9,1.017,neutral
25,730.0,Crucible of the Dead,1.0,other,,,0.89244,0.9713,0.09738,0.01852,,211.9,208.3,192.6,1.017,neutral
25,730.0,125,1.0,hud,125,,0.71948,0.88889,0.01599,0.01292,,184.8,177.3,152.2,1.042,cream_dealt
25,730.0,02:10,1.0,other,,,0.77471,0.88889,0.0218,0.01292,,189.4,182.8,167.8,1.036,cream_dealt
25,730.0,154,1.0,hud,154,,0.82558,0.85013,0.0189,0.01809,,196.3,86.2,40.1,2.276,red_taken
25,730.0,"4618 (x1,99)",1.0,crit_garbled,,1.99,0.71657,0.69722,0.0407,0.01337,1.99,140.7,138.2,128.4,1.018,neutral
25,730.0,Objectives,1.0,other,,,0.87354,0.68208,0.05525,0.01826,,240.1,169.5,88.5,1.417,cream_dealt
25,730.0,"(20,005/20,005)",1.0,health_readout,,,0.46076,0.61757,0.07994,0.01292,,242.4,241.8,240.6,1.003,neutral
25,730.0,20005/20005,1.0,health_readout,,,0.30233,0.05426,0.05378,0.0155,,233.5,228.5,226.9,1.022,cream_dealt
25,730.0,100,1.0,hud,100,,0.48983,0.05685,0.0189,0.0155,,245.9,204.9,98.1,1.2,cream_dealt
25,730.0,1588/2576,1.0,health_readout,,,0.64819,0.05115,0.04519,0.01915,,230.0,236.6,235.9,0.972,neutral
25,730.0,"^4/2,058,20",0.5,other,,,0.94186,0.94574,0.05669,0.0155,,222.3,227.6,231.4,0.977,neutral
25,730.0,X4,0.5,other,,,0.81977,0.90439,0.02616,0.02842,,250.6,239.4,190.2,1.047,cream_dealt
25,730.0,Ô Eliminate all Enemies,0.5,other,,,0.87936,0.66111,0.08576,0.01589,,222.8,217.1,214.0,1.026,cream_dealt
25,730.0,(29.49:362,0.3,other,,,0.0,0.9354,0.06395,0.02584,,215.5,213.7,200.3,1.009,neutral
25,730.0,•PH 073),0.3,other,,,0.0625,0.925,0.04651,0.03624,,204.6,200.2,189.7,1.022,cream_dealt
26,732.0,Gladiator,1.0,other,,,0.00572,0.97077,0.04525,0.0197,,221.8,209.9,189.8,1.057,cream_dealt
26,732.0,9:49:38,1.0,other,,,0.01015,0.93771,0.04657,0.01606,,220.1,205.7,189.7,1.07,cream_dealt
26,732.0,Crucible of the Dead,1.0,other,,,0.89244,0.9713,0.09738,0.01852,,213.2,208.6,192.0,1.022,cream_dealt
26,732.0,"(2,366,088/2,373,673)",1.0,health_readout,,,0.12936,0.93023,0.11047,0.0155,,232.1,229.6,227.8,1.011,neutral
26,732.0,125,1.0,hud,125,,0.71948,0.88889,0.01453,0.01292,,186.0,178.3,152.8,1.043,cream_dealt
26,732.0,02:08,1.0,other,,,0.77471,0.88889,0.02326,0.01292,,190.0,184.0,167.9,1.033,cream_dealt
26,732.0,154,1.0,hud,154,,0.82558,0.85013,0.0189,0.01809,,197.5,85.4,39.7,2.313,red_taken
26,732.0,"(1,996,678/2,058,204)",1.0,health_readout,,,0.49128,0.81654,0.10901,0.0155,,235.2,234.3,238.0,1.004,neutral
26,732.0,Objectives,1.0,other,,,0.87353,0.68201,0.05527,0.01842,,232.6,171.1,98.1,1.36,cream_dealt
26,732.0,"(94,059/94,059)",1.0,health_readout,,,0.47093,0.36176,0.07994,0.0155,,234.0,231.5,229.8,1.011,neutral
26,732.0,"(92,151/92,151)",1.0,health_readout,,,0.46802,0.25065,0.07994,0.01292,,231.8,231.1,228.0,1.003,neutral
26,732.0,"(42,421/92,151)",1.0,health_readout,,,0.40262,0.21705,0.07849,0.0155,,228.5,222.5,223.7,1.027,cream_dealt
26,732.0,20005/20005,1.0,health_readout,,,0.30233,0.05426,0.05378,0.0155,,232.9,228.7,227.1,1.018,neutral
26,732.0,100,1.0,hud,100,,0.48983,0.05685,0.0189,0.0155,,245.9,204.9,98.1,1.2,cream_dealt
26,732.0,1594/2576,1.0,health_readout,,,0.64805,0.04986,0.04548,0.02172,,226.7,230.1,230.1,0.985,neutral
26,732.0,X4,0.5,other,,,0.81977,0.90439,0.02616,0.02842,,250.6,239.4,190.2,1.047,cream_dealt
26,732.0,Q Eliminate all Enemies,0.5,other,,,0.87936,0.66111,0.08576,0.01589,,216.2,219.8,223.7,0.984,neutral
26,732.0,"(2,890,628/2,924,379)",0.5,health_readout,,,0.30669,0.61757,0.10901,0.01292,,233.3,229.6,225.9,1.016,neutral
26,732.0,(94.059/94.059),0.5,other,,,0.51017,0.19121,0.09157,0.01292,,235.6,236.2,238.5,0.998,neutral
26,732.0,PM,0.3,other,,,0.06541,0.93798,0.01744,0.0155,,218.0,206.7,190.5,1.055,cream_dealt
26,732.0,"(20,005/20 •54029",0.3,other,,,0.4593,0.60185,0.0843,0.02606,,217.7,212.9,210.3,1.022,cream_dealt
26,732.0,202 077 202 027,0.3,other,,,0.53488,0.07752,0.0843,0.00775,,239.7,243.4,244.5,0.985,neutral
27,734.0,Gladiator,1.0,other,,,0.00579,0.97395,0.0451,0.01592,,217.3,209.0,193.4,1.04,cream_dealt
27,734.0,9:49:40,1.0,other,,,0.00871,0.93787,0.04799,0.01573,,220.7,205.5,190.6,1.074,cream_dealt
27,734.0,Ugdenbog Curned,1.0,other,,,0.44041,0.96111,0.11628,0.02339,,248.1,246.3,245.2,1.007,neutral
27,734.0,Crucible of the Dead,1.0,other,,,0.89244,0.9713,0.09738,0.01852,,210.8,208.6,191.6,1.011,neutral
27,734.0,Undead,1.0,other,,,0.4564,0.90181,0.03634,0.0155,,241.7,239.4,240.3,1.01,neutral
27,734.0,"(1,813,642/2,058,204)",1.0,health_readout,,,0.5189,0.87855,0.11047,0.0155,,229.8,228.5,229.9,1.005,neutral
27,734.0,125,1.0,hud,125,,0.71657,0.88889,0.02471,0.0155,,184.0,170.7,146.4,1.078,cream_dealt
27,734.0,02:06,1.0,other,,,0.77616,0.88889,0.0218,0.01292,,192.2,182.8,161.0,1.051,cream_dealt
27,734.0,154,1.0,hud,154,,0.82558,0.85013,0.0189,0.01809,,195.5,84.3,40.7,2.32,red_taken
27,734.0,"(2,085,628/2,373,673)",1.0,health_readout,,,0.31105,0.81137,0.10901,0.01292,,241.6,238.4,239.5,1.013,neutral
27,734.0,26972,1.0,bare,26972,,0.4375,0.66925,0.02326,0.01292,,204.4,172.2,150.2,1.187,cream_dealt
27,734.0,"(2.206,215/2,924,379)",1.0,other,,,0.37936,0.63049,0.11047,0.0155,,235.6,228.0,219.6,1.034,cream_dealt
27,734.0,"(100,396/202,027)",1.0,health_readout,,,0.38808,0.4522,0.09157,0.0155,,234.1,231.4,232.2,1.012,neutral
27,734.0,"(26,552/92,151)",1.0,health_readout,,,0.48837,0.57364,0.0843,0.0155,,228.1,219.1,210.3,1.041,cream_dealt
27,734.0,"(167,326/205,597)",1.0,health_readout,,,0.53924,0.5323,0.09012,0.01809,,225.7,219.2,213.2,1.029,cream_dealt
27,734.0,26502,1.0,bare,26502,,0.49709,0.52455,0.02326,0.01292,,202.6,192.1,193.6,1.055,cream_dealt
27,734.0,26518,1.0,bare,26518,,0.49273,0.50129,0.02616,0.0155,,205.6,195.1,198.0,1.054,cream_dealt
27,734.0,23627 (x1.67),1.0,crit,23627,1.67,0.5,0.4832,0.05959,0.01587,1.67,241.9,218.9,193.1,1.105,cream_dealt
27,734.0,30866,1.0,bare,30866,,0.53634,0.47287,0.02326,0.01292,,234.1,197.7,183.8,1.185,cream_dealt
27,734.0,"(134,814/202,027)",1.0,health_readout,,,0.49564,0.44703,0.09012,0.0155,,233.5,230.0,227.0,1.016,neutral
27,734.0,Objectives,1.0,other,,,0.87351,0.68179,0.05531,0.01885,,231.5,172.8,93.9,1.34,cream_dealt
27,734.0,"(73,499/94,059)",1.0,health_readout,,,0.44331,0.37726,0.07994,0.01809,,228.6,222.5,217.6,1.027,cream_dealt
27,734.0,19962/20005,1.0,health_readout,,,0.30233,0.05426,0.05233,0.0155,,234.3,226.5,224.0,1.034,cream_dealt
27,734.0,100,1.0,hud,100,,0.48983,0.05685,0.0189,0.0155,,244.1,203.7,98.4,1.198,cream_dealt
27,734.0,1595/2576,1.0,health_readout,,,0.64962,0.05342,0.04378,0.01719,,232.8,235.8,234.4,0.987,neutral
27,734.0,PM,0.5,other,,,0.0625,0.93282,0.02326,0.02067,,207.6,204.5,188.0,1.015,neutral
27,734.0,X4,0.5,other,,,0.81977,0.90439,0.02616,0.02842,,250.9,240.9,191.0,1.042,cream_dealt
27,734.0,3226 1899/2(x1.67),0.5,crit_garbled,,1.67,0.41424,0.64341,0.07849,0.01809,1.67,245.5,216.1,182.9,1.136,cream_dealt
27,734.0,O Eliminate all Enemies,0.5,other,,,0.87936,0.66111,0.08576,0.01589,,222.5,222.8,221.9,0.999,neutral
27,734.0,• buman,0.3,other,,,0.49417,0.90161,0.048,0.01589,,236.1,234.7,236.8,1.006,neutral
27,734.0,"(19 (080/ 20.005)24/94,059)",0.3,other,,,0.45785,0.61481,0.13081,0.0213,,226.4,222.5,220.0,1.018,neutral
27,734.0,1830 Cxh8846,0.3,other,,,0.4564,0.55,0.05669,0.03426,,227.8,201.9,178.3,1.128,cream_dealt
28,736.0,Gladiator,1.0,other,,,0.00577,0.97376,0.04514,0.0163,,216.6,209.5,194.4,1.034,cream_dealt
28,736.0,9:49:42,1.0,other,,,0.01015,0.93779,0.04655,0.01589,,219.8,207.2,194.2,1.061,cream_dealt
28,736.0,"Kubacabra,",1.0,other,,,0.39385,0.9608,0.07567,0.02671,,205.7,70.2,32.6,2.929,red_taken
28,736.0,the,1.0,other,,,0.46948,0.96124,0.02616,0.02326,,197.5,80.8,42.1,2.444,red_taken
28,736.0,Beast,1.0,other,,,0.48547,0.90181,0.02907,0.0155,,223.3,225.9,225.9,0.989,neutral
28,736.0,Crucible of the Dead,1.0,other,,,0.89244,0.9713,0.09738,0.01852,,211.1,208.8,192.2,1.011,neutral
28,736.0,125,1.0,hud,125,,0.71802,0.88889,0.02326,0.0155,,188.3,174.9,150.1,1.076,cream_dealt
28,736.0,02:04,1.0,other,,,0.77616,0.88889,0.0218,0.01292,,193.5,183.9,163.1,1.052,cream_dealt
28,736.0,154,1.0,hud,154,,0.82413,0.85013,0.02035,0.01809,,187.7,89.5,48.3,2.097,red_taken
28,736.0,Objectives,1.0,other,,,0.87351,0.68177,0.05531,0.01888,,231.0,172.1,94.8,1.342,cream_dealt
28,736.0,"(85.067/202,027)",1.0,other,,,0.39099,0.58398,0.08576,0.0155,,239.5,233.1,224.2,1.027,cream_dealt
28,736.0,18825/20005,1.0,health_readout,,,0.30233,0.05426,0.05378,0.0155,,235.5,225.2,221.7,1.046,cream_dealt
28,736.0,100,1.0,hud,100,,0.48983,0.05685,0.0189,0.0155,,244.1,203.7,98.4,1.198,cream_dealt
28,736.0,1594/2576,1.0,health_readout,,,0.64807,0.05011,0.04542,0.02123,,228.5,232.7,231.9,0.982,neutral
28,736.0,Endlesé-Menace,0.5,other,,,0.49419,0.96382,0.10756,0.02067,,213.3,73.1,33.4,2.919,red_taken
28,736.0,X4,0.5,other,,,0.81977,0.90439,0.02616,0.02842,,250.9,240.9,191.0,1.042,cream_dealt
28,736.0,O Eliminate all Enemies,0.5,other,,,0.87936,0.66111,0.08576,0.01589,,224.4,222.3,217.9,1.01,neutral
28,736.0,62151 (x1.79),0.5,crit,62151,1.79,0.47235,0.44407,0.08147,0.02658,1.79,246.1,223.9,165.2,1.099,cream_dealt
28,736.0,PM,0.3,other,,,0.06395,0.93798,0.02035,0.0155,,218.6,205.9,187.9,1.062,cream_dealt
28,736.0,"q0u,ro1c,000,404)",0.3,other,,,0.51599,0.99225,0.11047,0.00775,,242.4,242.4,244.4,1.0,neutral
28,736.0,→2210956,0.3,other,,,0.46076,0.94315,0.05814,0.02326,,190.7,166.9,138.3,1.143,cream_dealt
28,736.0,"(1.197:313029324:373,673)",0.3,other,,,0.38372,0.75452,0.13227,0.02584,,223.3,212.9,214.7,1.049,cream_dealt
28,736.0,(43873(x1078),0.3,other,,,0.45924,0.61191,0.08296,0.032,,239.2,226.4,194.0,1.057,cream_dealt
28,736.0,18979,0.3,bare,18979,,0.50581,0.54522,0.01744,0.01292,,143.2,139.8,141.0,1.024,cream_dealt
28,736.0,2899984x1.79),0.3,crit_garbled,,1.79,0.47372,0.50569,0.06855,0.03513,1.79,212.4,205.4,186.1,1.034,cream_dealt
28,736.0,5335155,0.3,bare,5335155,,0.48978,0.49318,0.03643,0.01623,,210.4,196.6,194.2,1.07,cream_dealt
28,736.0,1580s,0.3,other,,,0.51017,0.4832,0.02326,0.01292,,210.4,203.9,206.3,1.032,cream_dealt
28,736.0,4140,0.3,bare,4140,,0.56686,0.37468,0.01453,0.01034,,215.7,190.9,180.3,1.13,cream_dealt
29,738.0,Gladiator,1.0,other,,,0.00576,0.97365,0.04516,0.01651,,213.6,209.6,192.4,1.019,neutral
29,738.0,9:49:44,1.0,other,,,0.01015,0.93774,0.04656,0.016,,208.9,206.3,186.6,1.013,neutral
29,738.0,"Kubacabra,",1.0,other,,,0.39535,0.96382,0.07413,0.02067,,214.9,70.6,25.4,3.045,red_taken
29,738.0,the,1.0,other,,,0.47093,0.96382,0.0218,0.02067,,210.6,76.1,31.3,2.767,red_taken
29,738.0,Crucible of the Dead,1.0,other,,,0.89244,0.9713,0.09738,0.01852,,212.5,208.7,192.2,1.018,neutral
29,738.0,Beast,1.0,other,,,0.48547,0.90181,0.02907,0.0155,,226.4,227.9,228.1,0.993,neutral
29,738.0,125,1.0,hud,125,,0.71802,0.88889,0.0189,0.01292,,182.8,173.4,148.4,1.054,cream_dealt
29,738.0,02:02,1.0,other,,,0.77616,0.88889,0.0218,0.01292,,192.1,182.3,158.7,1.054,cream_dealt
29,738.0,154,1.0,hud,154,,0.82558,0.85013,0.0189,0.01809,,195.3,84.4,39.9,2.313,red_taken
29,738.0,37094 (x1.79),1.0,crit,37094,1.79,0.42006,0.66925,0.0814,0.02067,1.79,250.8,232.0,214.5,1.081,cream_dealt
29,738.0,"(2,338/202,027)",1.0,health_readout,,,0.39244,0.5814,0.07849,0.0155,,238.2,232.3,231.4,1.025,cream_dealt
29,738.0,Objectives,1.0,other,,,0.87351,0.68186,0.0553,0.01871,,231.8,172.1,94.6,1.347,cream_dealt
29,738.0,19934/20005,1.0,health_readout,,,0.30233,0.05426,0.05378,0.0155,,234.1,227.1,221.4,1.031,cream_dealt
29,738.0,100,1.0,hud,100,,0.48983,0.05685,0.0189,0.0155,,244.8,204.7,98.0,1.196,cream_dealt
29,738.0,1607/2576,1.0,health_readout,,,0.64816,0.0509,0.04525,0.01965,,227.0,233.5,231.9,0.972,neutral
29,738.0,PM,0.5,other,,,0.05669,0.93798,0.02762,0.0155,,213.1,204.6,186.2,1.042,cream_dealt
29,738.0,X4,0.5,other,,,0.81977,0.90439,0.02616,0.02842,,251.0,241.9,191.4,1.037,cream_dealt
29,738.0,4,0.5,bare,4,,0.37791,0.55297,0.01163,0.01809,,161.9,19.5,34.4,8.299,red_taken
29,738.0,O Eliminate all Enemies,0.5,other,,,0.87936,0.66111,0.08576,0.01589,,224.8,221.9,216.8,1.013,neutral
29,738.0,"Endtess"" Menace)",0.3,other,,,0.49855,0.96382,0.11337,0.02067,,203.5,130.3,109.9,1.561,cream_dealt
29,738.0,"(263.819,206423%3,673pot ready",0.3,other,,,0.38808,0.74907,0.16134,0.03646,,210.5,183.1,200.9,1.15,cream_dealt
29,738.0,"1d.0278 (x1,67)",0.3,crit_garbled,,1.67,0.43023,0.64815,0.06541,0.02407,1.67,243.1,225.4,204.3,1.078,cream_dealt
29,738.0,646г,0.3,other,,,0.41279,0.63566,0.03198,0.02067,,243.2,237.7,205.0,1.023,cream_dealt
29,738.0,16 18X1.7840,0.3,other,,,0.43895,0.62778,0.06105,0.0287,,229.2,214.7,196.5,1.068,cream_dealt
29,738.0,3033344197793),0.3,other,,,0.44747,0.59509,0.09489,0.0398,,243.3,229.3,191.6,1.061,cream_dealt
29,738.0,68232 (81:721.67),0.3,other,,,0.44477,0.55278,0.09884,0.03637,,249.9,236.7,176.9,1.056,cream_dealt
30,740.0,Gladiator,1.0,other,,,0.00571,0.97318,0.04526,0.01746,,213.4,211.9,186.7,1.007,neutral
30,740.0,"(14,713/20,005)",1.0,health_readout,,,0.46076,0.61499,0.07994,0.0155,,233.5,231.2,222.4,1.01,neutral
30,740.0,14713/20005,1.0,health_readout,,,0.30233,0.05426,0.05378,0.0155,,234.4,224.6,217.6,1.044,cream_dealt
30,740.0,100,1.0,hud,100,,0.48983,0.05685,0.0189,0.0155,,244.8,204.7,98.0,1.196,cream_dealt
30,740.0,Crucible of the Dead,1.0,other,,,0.89244,0.9713,0.09738,0.01852,,212.5,208.7,191.8,1.018,neutral
30,740.0,125,1.0,hud,125,,0.71657,0.88889,0.02035,0.0155,,174.7,165.6,141.1,1.055,cream_dealt
30,740.0,02:12,1.0,other,,,0.77616,0.88889,0.0218,0.01292,,185.2,179.8,158.6,1.03,cream_dealt
30,740.0,154,1.0,hud,154,,0.82558,0.85013,0.0189,0.01809,,195.3,84.4,39.9,2.313,red_taken
30,740.0,"(1,016,503/2,058,204)",1.0,health_readout,,,0.63517,0.7416,0.10901,0.0155,,234.0,232.1,231.9,1.008,neutral
30,740.0,"30785 (x1,89)",1.0,crit_garbled,,1.89,0.69767,0.68217,0.0843,0.02339,1.89,240.3,237.3,199.2,1.013,neutral
30,740.0,Objectives,1.0,other,,,0.87352,0.68188,0.05529,0.01866,,231.4,172.8,93.5,1.339,cream_dealt
30,740.0,9757,1.0,bare,9757,,0.78343,0.62532,0.01744,0.01292,,198.8,194.0,195.3,1.025,cream_dealt
30,740.0,9490,1.0,bare,9490,,0.76599,0.60724,0.01599,0.01292,,200.2,191.5,193.6,1.045,cream_dealt
30,740.0,305 (x1.77),1.0,crit,305,1.77,0.60465,0.54259,0.05959,0.02071,1.77,232.9,203.2,120.2,1.146,cream_dealt
30,740.0,16061 (x1.67),1.0,crit,16061,1.67,0.62791,0.5037,0.06541,0.0213,1.67,224.2,201.6,168.2,1.112,cream_dealt
30,740.0,17083 (x1.77),1.0,crit,17083,1.77,0.67434,0.40746,0.07283,0.02487,1.77,215.0,206.1,120.7,1.043,cream_dealt
30,740.0,1534/2576,1.0,health_readout,,,0.64826,0.0491,0.04506,0.02067,,228.0,232.3,231.2,0.981,neutral
30,740.0,9:49:46 PM,0.5,other,,,0.00872,0.93796,0.07558,0.01574,,211.2,206.2,185.9,1.024,cream_dealt
30,740.0,29102,0.5,bare,29102,,0.51015,0.69236,0.02766,0.01321,,226.6,178.5,163.0,1.269,cream_dealt
30,740.0,X4,0.5,other,,,0.81977,0.90439,0.02616,0.02842,,251.2,241.9,191.1,1.039,cream_dealt
30,740.0,O Eliminate all Enemies,0.5,other,,,0.87936,0.66111,0.08576,0.01589,,229.2,220.5,212.7,1.04,cream_dealt
30,740.0,87749 (1 89),0.3,other,,,0.47529,0.64074,0.08721,0.03626,,250.9,232.3,173.8,1.08,cream_dealt
30,740.0,64630 (X1.09),0.3,other,,,0.45785,0.51938,0.08866,0.01809,,239.9,216.1,128.1,1.11,cream_dealt
31,742.0,9:49:48,1.0,other,,,0.01015,0.93771,0.04657,0.01605,,213.6,207.4,191.1,1.03,cream_dealt
31,742.0,the Visage,1.0,other,,,0.46512,0.96382,0.07413,0.02067,,169.2,147.5,174.9,1.147,cream_dealt
31,742.0,Chtbonic,1.0,other,,,0.47818,0.90164,0.04364,0.01583,,228.5,229.3,232.6,0.996,neutral
31,742.0,of,1.0,other,,,0.5436,0.96641,0.01744,0.01809,,172.2,145.6,177.9,1.183,cream_dealt
31,742.0,Madness,1.0,other,,,0.56534,0.96326,0.05681,0.02179,,178.0,146.8,183.6,1.212,cream_dealt
31,742.0,Crucible of the Dead,1.0,other,,,0.89244,0.9713,0.09738,0.01852,,212.4,208.5,192.3,1.019,neutral
31,742.0,125,1.0,hud,125,,0.71802,0.88889,0.01599,0.01292,,188.0,176.4,152.7,1.065,cream_dealt
31,742.0,02:10,1.0,other,,,0.77616,0.88889,0.02035,0.01292,,190.7,183.7,163.9,1.038,cream_dealt
31,742.0,154,1.0,hud,154,,0.82558,0.85013,0.0189,0.01809,,195.3,83.7,38.4,2.332,red_taken
31,742.0,"(194,146/2,058,204)",1.0,health_readout,,,0.52026,0.73628,0.10047,0.01626,,236.5,233.4,234.1,1.013,neutral
31,742.0,30671 (x1189)5 (x1.67),1.0,crit_garbled,,1.67,0.51599,0.65633,0.12355,0.02608,1.67,241.8,232.4,195.1,1.04,cream_dealt
31,742.0,54828 (x1.79),1.0,crit,54828,1.79,0.4811,0.64341,0.06977,0.01809,1.79,243.1,232.4,190.3,1.046,cream_dealt
31,742.0,533 (x1.67),1.0,crit,533,1.67,0.55956,0.63795,0.05094,0.01867,1.67,246.5,225.0,191.2,1.096,cream_dealt
31,742.0,19660,1.0,bare,19660,,0.55233,0.61757,0.02616,0.01292,,212.8,197.0,193.0,1.08,cream_dealt
31,742.0,21970,1.0,bare,21970,,0.63081,0.6124,0.02471,0.0155,,180.0,170.6,169.7,1.056,cream_dealt
31,742.0,25761,1.0,bare,25761,,0.5814,0.54005,0.0218,0.01292,,152.2,136.8,140.9,1.112,cream_dealt
31,742.0,Objectives,1.0,other,,,0.87353,0.68201,0.05526,0.0184,,232.1,172.3,94.3,1.347,cream_dealt
31,742.0,19357/20005,1.0,health_readout,,,0.30233,0.05426,0.05378,0.0155,,234.6,224.8,218.9,1.044,cream_dealt
31,742.0,1583/2576,1.0,health_readout,,,0.64815,0.05081,0.04527,0.01982,,225.7,233.1,232.2,0.968,neutral
31,742.0,Gladiator,0.5,other,,,0.00578,0.97382,0.04513,0.01619,,212.0,210.3,192.4,1.008,neutral
31,742.0,"Gabal'Chunn,",0.5,other,,,0.375,0.96124,0.09157,0.02326,,172.4,147.8,179.0,1.166,cream_dealt
31,742.0,X4,0.5,other,,,0.81977,0.90439,0.02616,0.02842,,250.8,240.8,190.3,1.041,cream_dealt
31,742.0,O Eliminate all Enemies,0.5,other,,,0.87936,0.66111,0.08576,0.01589,,219.6,220.8,218.6,0.995,neutral
31,742.0,100,0.5,hud,100,,0.49419,0.05685,0.01453,0.01292,,245.5,206.9,102.4,1.187,cream_dealt
31,742.0,PM,0.3,other,,,0.06541,0.93798,0.0189,0.0155,,214.2,207.8,191.9,1.031,cream_dealt
31,742.0,ORLOBSC,0.3,other,,,0.46076,0.94315,0.06105,0.02326,,191.3,168.3,135.2,1.136,cream_dealt
31,742.0,"(19,357/20,080)7",0.3,other,,,0.4593,0.61499,0.08866,0.02842,,213.7,205.3,205.2,1.041,cream_dealt
31,742.0,50073(x489)),0.3,other,,,0.55959,0.57623,0.08721,0.02842,,231.3,219.0,143.9,1.056,cream_dealt
32,744.0,Gladiator,1.0,other,,,0.00579,0.97398,0.0451,0.01586,,213.3,211.8,194.1,1.007,neutral
32,744.0,Crucible of the Dead,1.0,other,,,0.89244,0.9713,0.09738,0.01852,,212.1,208.6,191.3,1.017,neutral
32,744.0,125,1.0,hud,125,,0.71657,0.88889,0.02471,0.0155,,184.6,169.6,146.9,1.088,cream_dealt
32,744.0,01:56,1.0,other,,,0.77471,0.88889,0.02326,0.01292,,186.3,181.9,164.4,1.024,cream_dealt
32,744.0,155,1.0,hud,155,,0.82558,0.85013,0.0189,0.01809,,196.1,86.2,38.0,2.275,red_taken
32,744.0,Objectives,1.0,other,,,0.87352,0.68188,0.05529,0.01868,,227.4,170.3,94.3,1.336,cream_dealt
32,744.0,"(17,868/20,005)",1.0,health_readout,,,0.46076,0.6124,0.07994,0.01809,,227.9,231.0,234.2,0.987,neutral
32,744.0,17868/20005,1.0,health_readout,,,0.30233,0.05426,0.05378,0.0155,,236.2,225.4,222.3,1.048,cream_dealt
32,744.0,1543/2576,1.0,health_readout,,,0.64816,0.05089,0.04525,0.01967,,225.2,231.1,227.8,0.974,neutral
32,744.0,9:49:50 PM,0.5,other,,,0.00727,0.93519,0.07703,0.0213,,210.3,204.7,178.3,1.027,cream_dealt
32,744.0,O Eliminate all Enemies,0.5,other,,,0.87936,0.66111,0.08576,0.01589,,216.8,218.2,218.1,0.994,neutral
32,744.0,x5,0.3,other,,,0.81831,0.90181,0.02907,0.03359,,249.9,241.7,200.0,1.034,cream_dealt
32,744.0,47.00,0.3,other,,,0.78924,0.83721,0.03634,0.02842,,199.1,235.6,139.3,0.845,neutral
32,744.0,100,0.3,hud,100,,0.49419,0.05685,0.01453,0.01292,,245.5,206.9,102.4,1.187,cream_dealt
33,746.0,Gladiator,1.0,other,,,0.00575,0.97357,0.04518,0.01668,,213.8,211.4,192.9,1.011,neutral
33,746.0,9:49:52,1.0,other,,,0.00871,0.93787,0.04799,0.01573,,213.1,208.2,192.9,1.024,cream_dealt
33,746.0,"(1,476,963/1,476,963)",1.0,health_readout,,,0.7282,0.98191,0.10901,0.0155,,224.9,227.5,224.1,0.989,neutral
33,746.0,Crucible of the Dead,1.0,other,,,0.89241,0.9609,0.09745,0.02911,,203.8,198.8,177.5,1.025,cream_dealt
33,746.0,PM,1.0,other,,,0.0625,0.93798,0.0218,0.0155,,218.9,208.4,189.6,1.05,cream_dealt
33,746.0,125,1.0,hud,125,,0.71948,0.88889,0.01744,0.01292,,183.8,176.0,151.4,1.044,cream_dealt
33,746.0,01:54,1.0,other,,,0.77616,0.88889,0.0218,0.01292,,190.4,182.4,159.5,1.044,cream_dealt
33,746.0,155,1.0,hud,155,,0.82558,0.85013,0.0189,0.01809,,196.1,85.5,39.0,2.294,red_taken
33,746.0,Objectives,1.0,other,,,0.87351,0.68185,0.0553,0.01874,,230.0,172.8,97.8,1.331,cream_dealt
33,746.0,"(17,787/20,005)",1.0,health_readout,,,0.46076,0.61757,0.07849,0.01292,,239.3,237.8,237.4,1.006,neutral
33,746.0,"(349,031/384,096)",1.0,health_readout,,,0.11483,0.48062,0.09012,0.0155,,235.2,235.2,239.9,1.0,neutral
33,746.0,"(227,566/227,566)",1.0,health_readout,,,0.03343,0.35401,0.09157,0.0155,,222.6,225.3,227.2,0.988,neutral
33,746.0,"(126,265/140,452)",1.0,health_readout,,,0.1439,0.3385,0.09012,0.0155,,231.4,230.1,229.8,1.005,neutral
33,746.0,"(61,607/140,452)",1.0,health_readout,,,0.05233,0.22739,0.08576,0.0155,,223.4,225.9,229.7,0.989,neutral
33,746.0,"(437,859/437,859)",1.0,health_readout,,,0.86337,0.12661,0.09157,0.0155,,225.2,227.4,229.3,0.99,neutral
33,746.0,17787/20005,1.0,health_readout,,,0.30233,0.05426,0.05378,0.0155,,234.8,224.2,218.0,1.047,cream_dealt
33,746.0,100,1.0,hud,100,,0.49419,0.05685,0.01453,0.01292,,247.3,208.8,101.7,1.184,cream_dealt
33,746.0,"(429,073/429,073)",1.0,health_readout,,,0.78343,0.06977,0.09012,0.0155,,227.5,229.8,234.4,0.99,neutral
33,746.0,1594/2576,1.0,health_readout,,,0.64817,0.05095,0.04524,0.01954,,231.9,237.0,235.5,0.978,neutral
33,746.0,O Eliminate all Enemies,0.5,other,,,0.87936,0.66111,0.08576,0.01589,,218.7,221.2,223.4,0.988,neutral
33,746.0,x5,0.3,other,,,0.81831,0.90181,0.02907,0.03359,,252.5,241.3,196.1,1.047,cream_dealt
33,746.0,",013)",0.3,other,,,0.0,0.23773,0.02471,0.0155,,219.9,225.1,227.4,0.977,neutral
33,746.0,(429.0,0.3,other,,,0.96802,0.0155,0.03052,0.01292,,234.4,238.5,240.4,0.983,neutral
34,748.0,Gladiator,1.0,other,,,0.0058,0.97406,0.04508,0.0157,,221.3,210.4,195.3,1.052,cream_dealt
34,748.0,9:49:54 PM,1.0,other,,,0.00872,0.93796,0.07558,0.01852,,218.6,204.0,188.9,1.071,cream_dealt
34,748.0,flesbwarped Aberration,1.0,other,,,0.42297,0.96382,0.15262,0.02067,,231.4,215.0,118.7,1.076,cream_dealt
34,748.0,Crucible of the Dead,1.0,other,,,0.89244,0.9713,0.09738,0.01852,,217.0,207.7,191.8,1.044,cream_dealt
34,748.0,"(138,013/138,013)",1.0,health_readout,,,0.27035,0.93282,0.09012,0.01292,,236.4,236.7,239.9,0.999,neutral
34,748.0,Aether Corruption,1.0,other,,,0.45349,0.89907,0.09302,0.01852,,232.5,233.8,235.9,0.994,neutral
34,748.0,125,1.0,hud,125,,0.71657,0.88889,0.02471,0.0155,,185.6,172.7,147.7,1.074,cream_dealt
34,748.0,01:52,1.0,other,,,0.77613,0.88871,0.02187,0.01327,,187.1,179.6,159.0,1.042,cream_dealt
34,748.0,"(197,221/227,566)",1.0,health_readout,,,0.0814,0.87855,0.09012,0.0155,,221.3,224.0,229.5,0.988,neutral
34,748.0,155,1.0,hud,155,,0.82558,0.85013,0.0189,0.01809,,196.1,85.5,39.0,2.294,red_taken
34,748.0,"(313,461/384,096)",1.0,health_readout,,,0.01453,0.74935,0.09012,0.0155,,231.4,230.5,233.4,1.004,neutral
34,748.0,"(82,686/138,013)",1.0,health_readout,,,0.00145,0.69767,0.08576,0.0155,,236.7,235.9,239.7,1.003,neutral
34,748.0,"(288,376/437,859)",1.0,health_readout,,,0.49128,0.68734,0.09157,0.0155,,236.5,233.9,233.1,1.011,neutral
34,748.0,23894,1.0,bare,23894,,0.53343,0.57881,0.02326,0.01292,,226.8,207.2,184.4,1.095,cream_dealt
34,748.0,"(429,073/429,073)",1.0,health_readout,,,0.46221,0.46253,0.09012,0.0155,,236.2,233.5,228.3,1.012,neutral
34,748.0,Objectives,1.0,other,,,0.87351,0.68182,0.0553,0.01878,,227.1,172.1,96.5,1.319,cream_dealt
34,748.0,19803/20005,1.0,health_readout,,,0.30233,0.05426,0.05378,0.0155,,234.3,228.3,225.3,1.026,cream_dealt
34,748.0,100,1.0,hud,100,,0.48983,0.05685,0.0189,0.01292,,246.3,206.8,100.1,1.191,cream_dealt
34,748.0,1583/2576,1.0,health_readout,,,0.64823,0.05148,0.04511,0.01848,,229.1,236.0,233.3,0.971,neutral
34,748.0,"2(376,525/429,073)",0.5,other,,,0.52035,0.63566,0.09884,0.02326,,212.7,214.9,209.4,0.99,neutral
34,748.0,25720,0.5,bare,25720,,0.48692,0.47804,0.02035,0.01292,,227.1,195.8,188.7,1.16,cream_dealt
34,748.0,O Eliminate all Enemies,0.5,other,,,0.87936,0.66111,0.08576,0.01589,,215.3,218.8,219.5,0.984,neutral
34,748.0,x5,0.3,other,,,0.81831,0.90181,0.02907,0.03359,,252.5,241.3,196.1,1.047,cream_dealt
34,748.0,"(132,602 (429.0735)",0.3,other,,,0.44186,0.61481,0.09884,0.01852,,228.0,228.0,228.1,1.0,neutral
34,748.0,6715,0.3,bare,6715,,0.5625,0.60982,0.01744,0.0155,,180.7,172.2,171.0,1.05,cream_dealt
34,748.0,293 (x1.51778 (x1.79),0.3,crit_garbled,,1.51,0.51017,0.58611,0.1032,0.0213,1.51;1.79,236.5,227.6,190.6,1.039,cream_dealt
34,748.0,6627i5CH89n,0.3,other,,,0.44608,0.55195,0.08894,0.04079,,239.8,219.9,165.0,1.091,cream_dealt
34,748.0,"(354.631/4413860)37,8391437.839)",0.3,other,,,0.44186,0.52972,0.1686,0.03359,,220.3,206.4,190.3,1.068,cream_dealt
34,748.0,4209,0.3,bare,4209,,0.49128,0.49096,0.02035,0.01034,,234.8,211.3,194.7,1.111,cream_dealt
35,750.0,Gladiator,1.0,other,,,0.00578,0.9738,0.04514,0.01623,,211.6,211.3,188.5,1.001,neutral
35,750.0,9:49:56 PM,1.0,other,,,0.01017,0.93796,0.07413,0.01574,,213.6,207.0,189.3,1.032,cream_dealt
35,750.0,Crucible of the Dead,1.0,other,,,0.89244,0.9713,0.09738,0.01852,,211.8,208.5,191.5,1.015,neutral
35,750.0,01:50,1.0,other,,,0.77616,0.89147,0.02035,0.01034,,194.0,187.6,165.7,1.034,cream_dealt
35,750.0,125,1.0,hud,125,,0.71657,0.88889,0.02035,0.0155,,173.9,165.2,141.3,1.053,cream_dealt
35,750.0,155,1.0,hud,155,,0.82558,0.85013,0.0189,0.01809,,196.3,85.4,40.0,2.299,red_taken
35,750.0,"(1,463,96201,476,963)",1.0,other,,,0.47674,0.74677,0.10901,0.0155,,236.2,230.6,235.4,1.024,cream_dealt
35,750.0,Objectives,1.0,other,,,0.87353,0.68202,0.05526,0.01838,,231.4,171.6,92.9,1.349,cream_dealt
35,750.0,"(1,422,270/1,476,963)",1.0,health_readout,,,0.24273,0.64599,0.11047,0.0155,,219.5,231.1,232.3,0.949,neutral
35,750.0,"(15,325/20,005)",1.0,health_readout,,,0.46076,0.61499,0.07994,0.0155,,234.8,233.3,237.1,1.006,neutral
35,750.0,"(22,002/040,452)",1.0,health_readout,,,0.44331,0.50129,0.08576,0.0155,,226.8,229.7,236.1,0.988,neutral
35,750.0,"(145,293/227,566)",1.0,health_readout,,,0.25,0.44961,0.09012,0.0155,,232.9,230.4,230.6,1.011,neutral
35,750.0,"(54,013/138,013)",1.0,health_readout,,,0.15843,0.4031,0.08576,0.0155,,228.4,228.1,227.3,1.002,neutral
35,750.0,"(273,585/384,096)",1.0,health_readout,,,0.00872,0.28165,0.09157,0.0155,,238.7,235.5,240.2,1.014,neutral
35,750.0,"(238,502/429,073)",1.0,health_readout,,,0.4186,0.2093,0.09012,0.0155,,233.8,237.2,240.5,0.986,neutral
35,750.0,4306,1.0,bare,4306,,0.46657,0.12403,0.0218,0.0155,,193.0,204.0,185.2,0.946,neutral
35,750.0,15325/20005,1.0,health_readout,,,0.30233,0.05426,0.05233,0.0155,,235.7,224.8,218.9,1.048,cream_dealt
35,750.0,100,1.0,hud,100,,0.48983,0.05685,0.0189,0.0155,,244.3,203.9,98.0,1.198,cream_dealt
35,750.0,1594/2576,1.0,health_readout,,,0.64805,0.04992,0.04546,0.02161,,224.0,230.5,229.0,0.972,neutral
35,750.0,O Eliminate all Enemies,0.5,other,,,0.87936,0.66111,0.08576,0.01589,,220.6,219.8,217.3,1.004,neutral
35,750.0,x5,0.3,other,,,0.81831,0.90181,0.02907,0.03359,,251.9,241.7,196.2,1.042,cream_dealt
35,750.0,N1023794,0.3,other,,,0.40552,0.06718,0.07849,0.03101,,220.9,188.0,146.9,1.175,cream_dealt
36,752.0,Gladiator,1.0,other,,,0.00579,0.97395,0.0451,0.01592,,223.3,209.0,195.4,1.068,cream_dealt
36,752.0,9:49:58,1.0,other,,,0.00869,0.93768,0.04657,0.01611,,222.6,205.7,195.1,1.082,cream_dealt
36,752.0,Crucible of the Dead,1.0,other,,,0.89244,0.9713,0.09738,0.01852,,213.8,208.2,191.6,1.027,cream_dealt
36,752.0,125,1.0,hud,125,,0.71802,0.88889,0.0189,0.01292,,182.5,173.4,149.1,1.052,cream_dealt
36,752.0,01:48,1.0,other,,,0.77616,0.88889,0.0218,0.01292,,189.7,183.8,165.1,1.032,cream_dealt
36,752.0,"(1,453,336/1,476,963)",1.0,health_readout,,,0.53924,0.87597,0.11047,0.01809,,222.8,221.5,223.9,1.006,neutral
36,752.0,155,1.0,hud,155,,0.82558,0.85013,0.0189,0.01809,,196.3,85.4,40.0,2.299,red_taken
36,752.0,43382,1.0,bare,43382,,0.4157,0.73643,0.02762,0.0155,,201.9,194.8,207.2,1.036,cream_dealt
36,752.0,Objectives,1.0,other,,,0.87351,0.68179,0.05531,0.01885,,231.7,172.7,96.9,1.341,cream_dealt
36,752.0,"(207,6290384,096)",1.0,other,,,0.22384,0.60724,0.09012,0.01809,,232.1,224.5,226.8,1.034,cream_dealt
36,752.0,"(19,825/20,005)370 (x1.87)",1.0,crit_garbled,,1.87,0.46076,0.60463,0.13517,0.0287,1.87,200.8,189.7,157.5,1.059,cream_dealt
36,752.0,119,1.0,bare,119,,0.53779,0.58398,0.01163,0.01292,,163.2,186.4,209.1,0.875,neutral
36,752.0,19825/20005,1.0,health_readout,,,0.30233,0.05426,0.05378,0.0155,,233.9,226.5,222.7,1.033,cream_dealt
36,752.0,100,1.0,hud,100,,0.48983,0.05685,0.0189,0.0155,,244.3,203.9,98.0,1.198,cream_dealt
36,752.0,1584/2576,1.0,health_readout,,,0.64824,0.05156,0.04509,0.01834,,231.2,236.8,234.1,0.977,neutral
36,752.0,"(119.43901.476,963)",0.5,other,,,0.375,0.77778,0.10029,0.0155,,225.2,226.1,238.7,0.996,neutral
36,752.0,D Eliminate all Enemies,0.5,other,,,0.87936,0.66111,0.08576,0.01589,,220.7,219.1,217.4,1.007,neutral
36,752.0,PM,0.3,other,,,0.06541,0.93798,0.0189,0.0155,,216.4,207.5,192.2,1.043,cream_dealt
36,752.0,x5,0.3,other,,,0.81831,0.90181,0.02907,0.03359,,251.9,241.7,196.2,1.042,cream_dealt
36,752.0,"54310 24887, (x1.89),",0.3,crit_garbled,,1.89,0.38663,0.68704,0.12209,0.04444,1.89,204.3,228.4,195.7,0.895,neutral
36,752.0,4011,0.3,bare,4011,,0.38808,0.677,0.02326,0.01034,,247.6,242.6,207.0,1.021,cream_dealt
36,752.0,8526 (x1.77,0.3,crit_garbled,,1.77,0.55376,0.52437,0.05237,0.02103,1.77,160.5,131.4,89.6,1.221,cream_dealt
37,754.0,Gladiator,1.0,other,,,0.00581,0.97416,0.04506,0.0155,,213.2,212.7,194.6,1.002,neutral
37,754.0,125,1.0,hud,125,,0.71948,0.88889,0.0218,0.0155,,188.3,175.2,151.3,1.075,cream_dealt
37,754.0,01:54,1.0,other,,,0.77471,0.88889,0.02326,0.01292,,188.8,181.0,158.0,1.043,cream_dealt
37,754.0,155,1.0,hud,155,,0.82558,0.85013,0.0189,0.01809,,197.3,84.5,39.9,2.336,red_taken
37,754.0,"(1,439,943/1,476,963)",1.0,health_readout,,,0.72674,0.68734,0.11047,0.0155,,232.2,231.2,234.4,1.004,neutral
37,754.0,Objectives,1.0,other,,,0.87349,0.68165,0.05534,0.01913,,228.9,172.1,99.7,1.33,cream_dealt
37,754.0,"(19,260/20,005)",1.0,health_readout,,,0.46076,0.61757,0.07849,0.0155,,236.8,234.0,235.5,1.012,neutral
37,754.0,1707 (x1.89),1.0,crit,1707,1.89,0.54797,0.28682,0.05233,0.01596,1.89,229.1,229.9,198.0,0.996,neutral
37,754.0,19260/20005,1.0,health_readout,,,0.30378,0.05426,0.05233,0.0155,,239.5,226.1,222.5,1.059,cream_dealt
37,754.0,100,1.0,hud,100,,0.48983,0.05685,0.0189,0.0155,,246.3,203.9,98.2,1.208,cream_dealt
37,754.0,1519/2576,1.0,health_readout,,,0.64815,0.05081,0.04527,0.01982,,224.3,232.7,230.1,0.964,neutral
37,754.0,9:50,0.5,other,,,0.00872,0.93798,0.02907,0.0155,,211.8,206.9,191.4,1.024,cream_dealt
37,754.0,0,0.5,bare,0,,0.04797,0.93798,0.00872,0.0155,,215.3,204.2,185.2,1.054,cream_dealt
37,754.0,Crueible of the Dead,0.5,other,,,0.89095,0.95828,0.09891,0.03175,,195.4,199.9,166.5,0.977,neutral
37,754.0,O Eliminate all Enemies,0.5,other,,,0.87936,0.66111,0.08576,0.01589,,216.7,220.5,221.0,0.983,neutral
37,754.0,48150 (x1.99),0.5,crit,48150,1.99,0.57413,0.47028,0.08285,0.02326,1.99,130.5,106.2,95.6,1.228,cream_dealt
37,754.0,:0,0.3,other,,,0.03634,0.93798,0.01308,0.0155,,208.5,203.9,187.4,1.023,cream_dealt
37,754.0,P,0.3,other,,,0.06395,0.93798,0.00872,0.0155,,212.8,202.9,189.7,1.049,cream_dealt
37,754.0,M,0.3,other,,,0.07122,0.9354,0.01308,0.01809,,221.5,206.8,188.7,1.071,cream_dealt
37,754.0,x5,0.3,other,,,0.81831,0.90181,0.02907,0.03359,,252.4,242.3,194.7,1.042,cream_dealt
38,756.0,Gladiator,1.0,other,,,0.00578,0.97382,0.04513,0.01619,,218.9,210.3,196.5,1.041,cream_dealt
38,756.0,9:50:02,1.0,other,,,0.00869,0.93767,0.04803,0.01613,,218.7,204.2,193.2,1.071,cream_dealt
38,756.0,Crucible of the Dead,1.0,other,,,0.89244,0.9713,0.09738,0.01852,,216.7,208.2,192.2,1.041,cream_dealt
38,756.0,PM,1.0,other,,,0.0625,0.9354,0.0218,0.01809,,225.4,204.0,188.6,1.105,cream_dealt
38,756.0,125,1.0,hud,125,,0.71802,0.88889,0.02326,0.0155,,188.1,174.9,151.0,1.075,cream_dealt
38,756.0,01:52,1.0,other,,,0.77616,0.88889,0.0218,0.01292,,187.3,180.2,160.2,1.039,cream_dealt
38,756.0,155,1.0,hud,155,,0.82558,0.85013,0.0189,0.01809,,197.3,84.5,39.9,2.336,red_taken
38,756.0,"(1,129,609/1,476,963)",1.0,health_readout,,,0.40843,0.71576,0.10756,0.01809,,225.2,223.6,227.5,1.007,neutral
38,756.0,Objectives,1.0,other,,,0.87352,0.68195,0.05528,0.01853,,228.5,172.5,98.8,1.324,cream_dealt
38,756.0,32370 (x1.79),1.0,crit,32370,1.79,0.43895,0.65891,0.05378,0.0155,1.79,236.3,222.6,209.1,1.061,cream_dealt
38,756.0,20005/20005,1.0,health_readout,,,0.30233,0.05426,0.05378,0.0155,,234.8,228.8,227.4,1.026,cream_dealt
38,756.0,1513/2576,1.0,health_readout,,,0.64826,0.05168,0.04506,0.01809,,228.0,236.0,234.5,0.966,neutral
38,756.0,O Eliminate all Enemies,0.5,other,,,0.87936,0.66111,0.08576,0.01589,,217.9,220.9,223.1,0.986,neutral
38,756.0,1315 15064 (x1.77),0.5,crit_garbled,,1.77,0.42006,0.63796,0.0814,0.01578,1.77,234.5,195.3,133.2,1.201,cream_dealt
38,756.0,100,0.5,hud,100,,0.49419,0.05685,0.01453,0.01292,,248.3,207.7,102.1,1.196,cream_dealt
38,756.0,x5,0.3,other,,,0.81831,0.90181,0.02907,0.03359,,252.4,242.3,194.7,1.042,cream_dealt
38,756.0,"798562167005/20,005)",0.3,health_readout,,,0.43314,0.61757,0.1061,0.02326,,225.6,206.5,192.6,1.092,cream_dealt
38,756.0,32176 601772(x1-79),0.3,other,,,0.41409,0.58503,0.09188,0.03407,,224.6,206.7,172.9,1.087,cream_dealt
39,758.0,Gladiator,1.0,other,,,0.00578,0.97382,0.04513,0.01619,,213.1,210.0,190.1,1.015,neutral
39,758.0,9:50:04,1.0,other,,,0.0087,0.93779,0.048,0.0159,,212.1,206.4,191.3,1.028,cream_dealt
39,758.0,"Allostria,",1.0,other,,,0.42139,0.96011,0.06275,0.02551,,170.1,148.6,175.4,1.144,cream_dealt
39,758.0,the,1.0,other,,,0.48837,0.96382,0.02326,0.02067,,171.2,148.4,172.6,1.154,cream_dealt
39,758.0,Mindtbief,1.0,other,,,0.51308,0.96641,0.06395,0.01809,,175.0,149.7,181.7,1.169,cream_dealt
39,758.0,Crucible of the Dead,1.0,other,,,0.89244,0.9713,0.09738,0.01852,,211.4,208.2,191.5,1.015,neutral
39,758.0,125,1.0,hud,125,,0.71802,0.88889,0.01599,0.01292,,185.9,176.8,152.5,1.052,cream_dealt
39,758.0,01:50,1.0,other,,,0.77616,0.88889,0.02035,0.01292,,190.6,184.8,162.2,1.031,cream_dealt
39,758.0,155,1.0,hud,155,,0.82558,0.85013,0.0189,0.01809,,197.0,84.9,38.9,2.32,red_taken
39,758.0,"(44,043/1,476,963)",1.0,health_readout,,,0.44041,0.66408,0.09302,0.0155,,237.0,236.6,236.1,1.002,neutral
39,758.0,Objectives,1.0,other,,,0.87353,0.68202,0.05526,0.01838,,228.7,171.6,96.0,1.333,cream_dealt
39,758.0,"(19,951/20,005)",1.0,health_readout,,,0.46076,0.61757,0.07994,0.01292,,243.2,238.9,234.0,1.018,neutral
39,758.0,19951/20005,1.0,health_readout,,,0.30233,0.05426,0.05378,0.0155,,237.2,225.2,222.2,1.053,cream_dealt
39,758.0,100,1.0,hud,100,,0.48983,0.05685,0.0189,0.0155,,245.8,205.6,99.8,1.196,cream_dealt
39,758.0,1396/2576,1.0,health_readout,,,0.64971,0.05426,0.0436,0.0155,,233.3,241.2,239.4,0.967,neutral
39,758.0,Aetherial-,0.5,other,,,0.45203,0.90181,0.05959,0.0155,,228.9,227.2,224.5,1.007,neutral
39,758.0,Suman,0.5,other,,,0.51015,0.90164,0.03783,0.01584,,232.5,233.7,232.0,0.995,neutral
39,758.0,O Eliminate all Enemies,0.5,other,,,0.87936,0.66111,0.08576,0.01589,,215.7,221.4,223.4,0.974,neutral
39,758.0,50398 (x1.89),0.5,crit,50398,1.89,0.45203,0.59907,0.06686,0.01852,1.89,240.2,202.5,162.7,1.187,cream_dealt
39,758.0,10%8006 (x1.89),0.5,crit_garbled,,1.89,0.44477,0.53704,0.09593,0.02407,1.89,241.9,207.6,136.6,1.165,cream_dealt
39,758.0,PМ,0.3,other,,,0.06541,0.93798,0.0189,0.0155,,215.7,207.1,190.3,1.042,cream_dealt
39,758.0,-S2AU8,0.3,other,,,0.44284,0.94015,0.06604,0.0251,,175.5,157.6,134.7,1.114,cream_dealt
39,758.0,x5,0.3,other,,,0.81831,0.90181,0.02907,0.03359,,252.2,241.5,194.1,1.045,cream_dealt
39,758.0,518422157),0.3,other,,,0.44477,0.55814,0.08721,0.04134,,244.2,207.2,158.8,1.178,cream_dealt
40,760.0,Gladiator,1.0,other,,,0.00554,0.97118,0.04561,0.01897,,218.7,208.4,198.5,1.049,cream_dealt
40,760.0,9:50:06,1.0,other,,,0.00724,0.93519,0.04947,0.02109,,218.0,204.0,188.6,1.069,cream_dealt
40,760.0,Crucible of the Dead,1.0,other,,,0.89244,0.9713,0.09738,0.01852,,212.0,208.6,191.7,1.016,neutral
40,760.0,"(1,554,247/2,065,601)",1.0,health_readout,,,0.49419,0.9509,0.10901,0.0155,,230.8,229.4,232.1,1.006,neutral
40,760.0,01:46,1.0,other,,,0.77616,0.88889,0.0218,0.01292,,187.5,180.0,160.4,1.042,cream_dealt
40,760.0,125,1.0,hud,125,,0.71657,0.88889,0.02471,0.0155,,186.5,173.3,149.7,1.076,cream_dealt
40,760.0,7182,1.0,bare,7182,,0.52035,0.8863,0.01599,0.01034,,203.9,191.3,183.4,1.066,cream_dealt
40,760.0,156,1.0,hud,156,,0.82558,0.85013,0.0189,0.01809,,196.6,85.8,42.6,2.29,red_taken
40,760.0,Objectives,1.0,other,,,0.87353,0.68204,0.05526,0.01835,,233.6,171.1,87.7,1.365,cream_dealt
40,760.0,"(18,303/20,005)",1.0,health_readout,,,0.46076,0.61757,0.07994,0.0155,,235.3,234.2,233.8,1.005,neutral
40,760.0,18303/20005,1.0,health_readout,,,0.30233,0.05426,0.05378,0.0155,,236.3,227.8,223.5,1.037,cream_dealt
40,760.0,00,1.0,hud,0,,0.49419,0.05685,0.01453,0.0155,,246.0,207.1,100.5,1.188,cream_dealt
40,760.0,1614/2576,1.0,health_readout,,,0.64805,0.04992,0.04546,0.02161,,225.7,231.4,229.8,0.975,neutral
40,760.0,X6,0.5,other,,,0.81831,0.90181,0.03052,0.03359,,249.8,241.2,198.9,1.036,cream_dealt
40,760.0,"32945 (x1,89)",0.5,crit_garbled,,1.89,0.51453,0.86822,0.0625,0.01809,1.89,213.4,177.4,148.5,1.203,cream_dealt
40,760.0,Q Eliminate all Enemies,0.5,other,,,0.87936,0.66111,0.08576,0.01589,,223.3,221.8,217.4,1.007,neutral
40,760.0,PM,0.3,other,,,0.06395,0.9354,0.02035,0.01809,,212.2,204.8,193.9,1.036,cream_dealt
41,762.0,Gladiator,1.0,other,,,0.00578,0.9738,0.04513,0.01622,,211.7,210.8,189.3,1.004,neutral
41,762.0,9:50:08,1.0,other,,,0.0087,0.93779,0.048,0.0159,,213.8,206.7,188.3,1.034,cream_dealt
41,762.0,"(1,479,785/2,065,601)",1.0,health_readout,,,0.45349,0.74419,0.11047,0.0155,,225.3,226.2,226.6,0.996,neutral
41,762.0,"(19,767/20,005)",1.0,health_readout,,,0.46076,0.61499,0.07849,0.0155,,238.3,235.7,232.1,1.011,neutral
41,762.0,75508 (x1.77),1.0,crit,75508,1.77,0.46657,0.51163,0.08866,0.02078,1.77,232.2,212.4,148.0,1.093,cream_dealt
41,762.0,"2/1,976,276)",1.0,health_readout,,,-0.0,0.17313,0.06105,0.01292,,229.1,232.8,234.9,0.984,neutral
41,762.0,19767/20005,1.0,health_readout,,,0.30233,0.05426,0.05378,0.0155,,235.7,224.5,219.7,1.05,cream_dealt
41,762.0,100,1.0,hud,100,,0.48983,0.05685,0.0189,0.01292,,247.4,205.7,99.5,1.203,cream_dealt
41,762.0,Crucible of the Dead,1.0,other,,,0.89244,0.9713,0.09738,0.01852,,212.2,208.4,191.2,1.018,neutral
41,762.0,125,1.0,hud,125,,0.72093,0.88889,0.01163,0.01292,,189.9,179.4,156.9,1.058,cream_dealt
41,762.0,01:44,1.0,other,,,0.77616,0.88889,0.0218,0.01292,,190.2,181.1,161.3,1.05,cream_dealt
41,762.0,156,1.0,hud,156,,0.82558,0.85013,0.0189,0.01809,,194.0,84.5,42.3,2.296,red_taken
41,762.0,Objectives,1.0,other,,,0.87353,0.68198,0.05527,0.01847,,230.1,171.5,96.1,1.342,cream_dealt
41,762.0,"4,150/444,150)",1.0,health_readout,,,0.74273,0.27907,0.07413,0.0155,,229.7,229.7,228.7,1.0,neutral
41,762.0,"(683,275/710,131)",1.0,health_readout,,,0.63808,0.27132,0.09012,0.01292,,237.6,236.2,232.4,1.006,neutral
41,762.0,"(709,664/722,616)",1.0,health_readout,,,0.69913,0.17571,0.09012,0.02067,,215.9,215.3,213.1,1.003,neutral
41,762.0,1581/2576,1.0,health_readout,,,0.64826,0.05168,0.04506,0.01809,,229.5,236.8,235.5,0.969,neutral
41,762.0,32645 (x1.89),0.5,crit,32645,1.89,0.48983,0.69251,0.06977,0.02067,1.89,216.6,203.2,178.6,1.066,cream_dealt
41,762.0,"2013 (x1,67)",0.5,crit_garbled,,1.67,0.46948,0.64341,0.05378,0.01585,1.67,252.3,225.1,182.2,1.121,cream_dealt
41,762.0,"(338,7820426,076)",0.5,other,,,0.46076,0.56589,0.09157,0.01809,,235.2,229.1,223.6,1.027,cream_dealt
41,762.0,O Eliminate all Enemies,0.5,other,,,0.87936,0.66111,0.08576,0.01589,,223.7,219.9,216.4,1.017,neutral
41,762.0,PM,0.3,other,,,0.06395,0.93798,0.02035,0.0155,,213.9,207.7,191.1,1.03,cream_dealt
41,762.0,12 40343 12026 124253124,0.3,other,,,0.46221,0.52963,0.11773,0.02334,,224.8,219.7,198.8,1.023,cream_dealt
41,762.0,"022,652/2,065,",0.3,health_readout,,,0.66424,0.86563,0.07558,0.01292,,223.4,219.8,220.2,1.016,neutral
41,762.0,X6,0.3,other,,,0.81831,0.90181,0.03052,0.03359,,251.3,240.6,196.5,1.045,cream_dealt
41,762.0,4842 Xx1.77)),0.3,crit_garbled,,1.77,0.66424,0.7907,0.05523,0.01809,1.77,232.4,227.5,195.3,1.022,cream_dealt
42,764.0,Gladiator,1.0,other,,,0.00575,0.97358,0.04518,0.01666,,214.7,210.6,187.1,1.02,neutral
42,764.0,9:50:10 PM,1.0,other,,,0.00872,0.93796,0.07558,0.01852,,211.5,205.5,183.1,1.029,cream_dealt
42,764.0,"(2,022,317/2,022,317)",1.0,health_readout,,,0.13663,0.96382,0.10901,0.01292,,232.4,232.4,234.5,1.0,neutral
42,764.0,"Allostria,",1.0,other,,,0.42149,0.96107,0.06254,0.02359,,164.3,148.3,166.9,1.108,cream_dealt
42,764.0,the,1.0,other,,,0.48837,0.96382,0.0218,0.02067,,168.8,151.3,168.1,1.115,cream_dealt
42,764.0,Mindtbief,1.0,other,,,0.51017,0.96382,0.06686,0.02067,,169.5,151.7,174.6,1.117,cream_dealt
42,764.0,Aetberial,1.0,other,,,0.47817,0.90155,0.04366,0.01603,,225.6,226.9,227.7,0.995,neutral
42,764.0,Crucible of the Dead,1.0,other,,,0.89244,0.9713,0.09738,0.01852,,212.1,208.9,193.0,1.016,neutral
42,764.0,125,1.0,hud,125,,0.71802,0.88889,0.02326,0.0155,,187.4,174.4,150.5,1.075,cream_dealt
42,764.0,01:42,1.0,other,,,0.77616,0.88889,0.0218,0.01292,,188.0,179.1,161.5,1.05,cream_dealt
42,764.0,"(274,977/274,977)",1.0,health_readout,,,0.05378,0.84496,0.09157,0.0155,,226.0,227.2,230.9,0.995,neutral
42,764.0,156,1.0,hud,156,,0.82558,0.85013,0.0189,0.01809,,194.0,84.5,42.3,2.296,red_taken
42,764.0,"(274,977/274,977)",1.0,health_readout,,,0.10174,0.73643,0.08866,0.01292,,235.5,237.2,240.5,0.993,neutral
42,764.0,(280.601/280.601),1.0,other,,,0.13953,0.7261,0.08866,0.01292,,243.3,243.4,245.5,1.0,neutral
42,764.0,"(274,977/274,977)",1.0,health_readout,,,0.18895,0.67442,0.09012,0.01292,,234.9,237.4,237.3,0.989,neutral
42,764.0,Objectives,1.0,other,,,0.87353,0.68202,0.05526,0.0184,,232.3,171.9,93.8,1.351,cream_dealt
42,764.0,"(264,602/280,601)",1.0,health_readout,,,0.22529,0.57623,0.09302,0.0155,,236.1,238.7,237.6,0.989,neutral
42,764.0,"(280,601/280,601)",1.0,health_readout,,,0.20494,0.50129,0.09157,0.0155,,235.7,236.6,236.2,0.996,neutral
42,764.0,41989,1.0,bare,41989,,0.4186,0.39276,0.0218,0.01292,,95.4,84.6,71.3,1.128,cream_dealt
42,764.0,49410,1.0,bare,49410,,0.45494,0.31266,0.03343,0.02067,,211.1,198.9,179.2,1.061,cream_dealt
42,764.0,"(1,937,376/1,976,276)",1.0,health_readout,,,0.05087,0.28165,0.10901,0.01292,,231.8,233.4,235.0,0.993,neutral
42,764.0,"(696,704/722,616)",1.0,health_readout,,,0.63372,0.22739,0.09012,0.01292,,242.8,236.9,235.0,1.025,cream_dealt
42,764.0,19937/20005,1.0,health_readout,,,0.30233,0.05426,0.05378,0.0155,,233.8,225.8,221.4,1.035,cream_dealt
42,764.0,100,1.0,hud,100,,0.48983,0.05685,0.0189,0.0155,,246.5,204.7,96.9,1.204,cream_dealt
42,764.0,1594/2576,1.0,health_readout,,,0.64817,0.05095,0.04524,0.01955,,231.2,235.9,234.7,0.98,neutral
42,764.0,"(1,356,346/2,065,601)",0.5,health_readout,,,0.31541,0.74935,0.10901,0.0155,,233.2,232.0,230.7,1.005,neutral
42,764.0,"(1,736,400/2,065,601)",0.5,health_readout,,,0.45203,0.71318,0.10901,0.01292,,239.6,239.7,237.0,1.0,neutral
42,764.0,O Eliminate all Enemies,0.5,other,,,0.87936,0.66111,0.08576,0.01589,,220.1,219.8,216.1,1.002,neutral
42,764.0,(x1.79),0.5,crit_garbled,,1.79,0.46802,0.36176,0.0407,0.01809,1.79,242.3,232.8,194.6,1.041,cream_dealt
42,764.0,NGG ĐẢU QUÁC,0.3,other,,,0.45054,0.94027,0.0742,0.02903,,195.5,156.8,140.1,1.246,cream_dealt
42,764.0,X6,0.3,other,,,0.81831,0.90181,0.03052,0.03359,,251.3,240.6,196.5,1.045,cream_dealt
42,764.0,180851 (x1.89),0.3,crit,180851,1.89,0.33721,0.67183,0.07558,0.02354,1.89,250.3,235.4,194.4,1.063,cream_dealt
42,764.0,(198472 (x1.89) 5),0.3,crit_garbled,,1.89,0.46076,0.61757,0.07994,0.01576,1.89,241.4,235.3,219.1,1.026,cream_dealt
42,764.0,28768937,0.3,bare,28768937,,0.47238,0.59948,0.03779,0.01034,,205.2,198.1,195.5,1.036,cream_dealt
42,764.0,72899 2484389),0.3,other,,,0.44469,0.57035,0.08737,0.03243,,218.7,205.3,146.6,1.065,cream_dealt
42,764.0,19468 2618791.67),0.3,other,,,0.43314,0.36389,0.09448,0.03148,,240.7,231.8,191.5,1.038,cream_dealt
43,766.0,Gladiator,1.0,other,,,0.00576,0.9736,0.04518,0.01662,,211.8,210.9,192.5,1.004,neutral
43,766.0,9:50:12,1.0,other,,,0.00872,0.93798,0.04797,0.0155,,212.9,207.5,186.3,1.026,cream_dealt
43,766.0,PM,1.0,other,,,0.0625,0.9354,0.0218,0.01809,,214.4,205.9,187.8,1.041,cream_dealt
43,766.0,Stone Basilisk,1.0,other,,,0.45203,0.96641,0.09448,0.01809,,172.6,148.1,179.1,1.165,cream_dealt
43,766.0,Magical,1.0,other,,,0.4811,0.90181,0.03779,0.0155,,228.7,230.9,231.8,0.991,neutral
43,766.0,125,1.0,hud,125,,0.71802,0.88889,0.02326,0.0155,,188.1,175.0,150.3,1.075,cream_dealt
43,766.0,01:40,1.0,other,,,0.77616,0.88889,0.02035,0.01292,,193.0,185.1,162.1,1.042,cream_dealt
43,766.0,156,1.0,hud,156,,0.82558,0.85013,0.0189,0.01809,,194.1,84.2,41.4,2.305,red_taken
43,766.0,"(250,397/274,977)",1.0,health_readout,,,0.32413,0.71318,0.09157,0.0155,,232.3,234.1,237.8,0.992,neutral
43,766.0,"(113,1970280,601)",1.0,other,,,0.43023,0.66408,0.09157,0.0155,,234.0,233.8,236.0,1.001,neutral
43,766.0,"(107,383/274,977)-",1.0,other,,,0.38517,0.64083,0.09302,0.0155,,235.5,231.0,234.9,1.019,neutral
43,766.0,"(19,539/20,005)",1.0,health_readout,,,0.4593,0.62274,0.07994,0.01809,,229.5,227.8,230.4,1.008,neutral
43,766.0,19661,1.0,bare,19661,,0.47093,0.56331,0.0218,0.01034,,191.0,198.1,202.4,0.964,neutral
43,766.0,"(1,342,148/2,065,601)",1.0,health_readout,,,0.60029,0.6124,0.11047,0.0155,,236.1,230.4,234.3,1.025,cream_dealt
43,766.0,Objectives,1.0,other,,,0.87351,0.68183,0.0553,0.01876,,229.2,172.4,96.8,1.329,cream_dealt
43,766.0,23837,1.0,bare,23837,,0.42151,0.52196,0.02616,0.01809,,209.4,184.9,181.0,1.132,cream_dealt
43,766.0,30174,1.0,bare,30174,,0.51599,0.48579,0.02616,0.01809,,202.6,193.0,196.8,1.05,cream_dealt
43,766.0,"(32,037/280,601)",1.0,health_readout,,,0.51453,0.46512,0.08576,0.0155,,235.3,233.3,234.4,1.009,neutral
43,766.0,411335(x1.89)1.89),1.0,crit_garbled,,1.89,0.60174,0.52972,0.1061,0.02842,1.89,238.8,221.3,183.1,1.079,cream_dealt
43,766.0,297438053,1.0,bare,297438053,,0.57413,0.36951,0.04797,0.02842,,173.5,166.3,212.7,1.043,cream_dealt
43,766.0,"(1,921,047/1,976,276)",1.0,health_readout,,,0.42878,0.28682,0.11047,0.0155,,230.6,225.2,224.0,1.024,cream_dealt
43,766.0,19539/20005,1.0,health_readout,,,0.30233,0.05426,0.05378,0.0155,,234.9,226.4,221.2,1.038,cream_dealt
43,766.0,100,1.0,hud,100,,0.48983,0.05685,0.0189,0.0155,,245.9,204.9,99.6,1.2,cream_dealt
43,766.0,1587/2576,1.0,health_readout,,,0.64813,0.05061,0.04532,0.02023,,225.6,233.6,231.7,0.966,neutral
43,766.0,Crucible of the Dead,0.5,other,,,0.89244,0.96382,0.09738,0.02599,,205.8,204.1,177.4,1.008,neutral
43,766.0,"(750,658/2,065.601)",0.5,other,,,0.61337,0.6615,0.10029,0.02067,,224.6,221.1,226.1,1.016,neutral
43,766.0,O Eliminate all Enemies,0.5,other,,,0.87936,0.66111,0.08576,0.01589,,217.3,220.2,220.3,0.986,neutral
43,766.0,"(500.3450722,616)",0.5,other,,,0.7209,0.42601,0.09309,0.02912,,202.2,217.0,180.4,0.931,neutral
43,766.0,G ĐẢUSG,0.3,other,,,0.44913,0.93241,0.09448,0.03426,,195.0,151.4,135.6,1.288,cream_dealt
43,766.0,"(1,989,92-'",0.3,other,,,0.3968,0.87855,0.06395,0.0155,,222.9,221.8,223.6,1.005,neutral
43,766.0,X6,0.3,other,,,0.81831,0.90181,0.03052,0.03359,,251.4,239.5,194.9,1.05,cream_dealt
43,766.0,2833365,0.3,bare,2833365,,0.46512,0.5814,0.03488,0.02842,,203.6,196.9,198.3,1.034,cream_dealt
43,766.0,43662P48,0.3,other,,,0.52035,0.53747,0.04215,0.02584,,211.3,190.5,190.5,1.109,cream_dealt
44,768.0,Gladiator,1.0,other,,,0.00577,0.97119,0.04515,0.01885,,217.8,210.0,187.7,1.037,cream_dealt
44,768.0,9:50:14,1.0,other,,,0.01015,0.93522,0.04801,0.01844,,213.8,205.9,184.7,1.039,cream_dealt
44,768.0,Animated,1.0,other,,,0.44035,0.9658,0.05971,0.0193,,226.9,217.0,122.1,1.046,cream_dealt
44,768.0,Watcber,1.0,other,,,0.50577,0.96599,0.05387,0.01892,,223.0,215.1,119.9,1.037,cream_dealt
44,768.0,Crucible of the Dead,1.0,other,,,0.89244,0.9713,0.09738,0.01852,,216.6,208.1,193.0,1.041,cream_dealt
44,768.0,"(1,944,418/2,022,317)",1.0,health_readout,,,0.15988,0.92506,0.10901,0.0155,,229.9,232.6,235.6,0.989,neutral
44,768.0,Construct,1.0,other,,,0.44763,0.90136,0.04805,0.0164,,233.6,237.1,241.5,0.985,neutral
44,768.0,01:46,1.0,other,,,0.77471,0.88889,0.02326,0.01292,,184.5,179.5,157.0,1.028,cream_dealt
44,768.0,156,1.0,hud,156,,0.82558,0.85271,0.0189,0.0155,,194.9,84.7,42.0,2.299,red_taken
44,768.0,"(168,092/274,977)",1.0,health_readout,,,0.15552,0.82946,0.09157,0.0155,,234.5,230.6,231.7,1.017,neutral
44,768.0,62848,1.0,bare,62848,,0.11047,0.77261,0.0218,0.01292,,155.5,139.2,144.8,1.117,cream_dealt
44,768.0,33663 (x1.77),1.0,crit,33663,1.77,0.28052,0.76744,0.07849,0.0233,1.77,247.9,227.4,182.8,1.09,cream_dealt
44,768.0,"(461,994/2,065,601)",1.0,health_readout,,,0.37064,0.72868,0.10029,0.0155,,236.0,232.3,233.6,1.016,neutral
44,768.0,Objectives,1.0,other,,,0.87352,0.68193,0.05528,0.01857,,229.1,172.7,98.9,1.327,cream_dealt
44,768.0,9659,1.0,bare,9659,,0.40552,0.5814,0.01453,0.01292,,174.7,166.0,169.4,1.052,cream_dealt
44,768.0,"(19,995/20,005)",1.0,health_readout,,,0.46221,0.62016,0.07994,0.01292,,241.8,239.3,238.2,1.01,neutral
44,768.0,22799,1.0,bare,22799,,0.34884,0.55814,0.0218,0.01292,,132.2,123.0,157.3,1.075,cream_dealt
44,768.0,"(1,911,117/1,976,276)",1.0,health_readout,,,0.06541,0.48579,0.11047,0.0155,,222.4,220.4,223.8,1.009,neutral
44,768.0,19995/20005,1.0,health_readout,,,0.30233,0.05426,0.05378,0.0155,,236.9,225.6,223.0,1.05,cream_dealt
44,768.0,100,1.0,hud,100,,0.48983,0.05685,0.0189,0.01292,,246.6,206.1,102.2,1.197,cream_dealt
44,768.0,1594/2576,1.0,health_readout,,,0.64815,0.05084,0.04526,0.01976,,230.6,235.3,233.9,0.98,neutral
44,768.0,PM,0.5,other,,,0.05669,0.93798,0.02762,0.01809,,215.6,204.4,182.7,1.055,cream_dealt
44,768.0,Eldritch,0.5,other,,,0.51304,0.90145,0.03933,0.01622,,239.4,238.8,238.8,1.003,neutral
44,768.0,125,0.5,hud,125,,0.71512,0.88889,0.0189,0.01292,,183.2,173.3,148.9,1.057,cream_dealt
44,768.0,O Eliminate all Enemies,0.5,other,,,0.87936,0.66111,0.08576,0.01589,,217.8,221.3,224.1,0.984,neutral
44,768.0,34598 (71.77),0.5,other,,,0.36047,0.63796,0.07122,0.01578,,215.5,196.6,195.1,1.096,cream_dealt
44,768.0,X6,0.3,other,,,0.81831,0.90181,0.03052,0.03359,,251.8,239.8,195.0,1.05,cream_dealt
44,768.0,40,0.3,bare,40,,0.37936,0.65116,0.01163,0.01292,,219.2,200.9,225.1,1.091,cream_dealt
44,768.0,"(12700091722,6161",0.3,other,,,0.36047,0.62532,0.09012,0.01034,,241.5,234.1,230.5,1.032,cream_dealt
45,770.0,"(224,861/236,810)",1.0,health_readout,,,0.38372,0.98708,0.09157,0.01292,,242.6,239.3,236.3,1.014,neutral
45,770.0,Gladiator,1.0,other,,,0.00573,0.97088,0.04523,0.01948,,214.7,209.4,188.7,1.026,cream_dealt
45,770.0,9:50:16 PM,1.0,other,,,0.01017,0.93796,0.07413,0.01574,,215.9,206.1,185.7,1.048,cream_dealt
45,770.0,"(224,868/236,810)",1.0,health_readout,,,0.20058,0.97674,0.09012,0.0155,,234.7,237.2,240.8,0.989,neutral
45,770.0,"(1,907,899/2,022,317)",1.0,health_readout,,,0.2907,0.88372,0.10901,0.0155,,232.1,229.7,228.1,1.01,neutral
45,770.0,125,1.0,hud,125,,0.71802,0.88889,0.01599,0.01292,,187.5,177.5,152.8,1.056,cream_dealt
45,770.0,01:52,1.0,other,,,0.77613,0.88871,0.02187,0.01327,,184.6,179.4,160.8,1.029,cream_dealt
45,770.0,156,1.0,hud,156,,0.82558,0.85013,0.0189,0.01809,,194.2,84.3,41.6,2.304,red_taken
45,770.0,1878 (x1.67),1.0,crit,1878,1.67,0.32267,0.79815,0.04215,0.01322,1.67,241.8,225.1,203.9,1.074,cream_dealt
45,770.0,Objectives,1.0,other,,,0.87353,0.68204,0.05526,0.01835,,233.1,172.6,94.8,1.35,cream_dealt
45,770.0,19012/20005,1.0,health_readout,,,0.30233,0.05426,0.05378,0.0155,,235.4,227.2,225.2,1.036,cream_dealt
45,770.0,00,1.0,hud,0,,0.49419,0.05685,0.01453,0.0155,,246.5,206.4,100.7,1.194,cream_dealt
45,770.0,1581/2576,1.0,health_readout,,,0.64807,0.05011,0.04542,0.02123,,227.1,231.2,229.2,0.982,neutral
45,770.0,Crucible of the Dead,0.5,other,,,0.89244,0.96111,0.09738,0.0287,,208.7,199.5,181.7,1.046,cream_dealt
45,770.0,That skill is ngiteady,0.5,other,,,0.44913,0.76204,0.10029,0.02349,,208.0,79.1,49.4,2.631,red_taken
45,770.0,699 (x1.89),0.5,crit,699,1.89,0.40116,0.69509,0.03924,0.01809,1.89,220.4,192.1,161.3,1.147,cream_dealt
45,770.0,Q Eliminate all Enemies,0.5,other,,,0.87936,0.66111,0.08576,0.01589,,224.6,220.9,216.3,1.017,neutral
45,770.0,X6,0.3,other,,,0.81831,0.90181,0.03052,0.03359,,251.5,239.4,194.3,1.051,cream_dealt
45,770.0,64688 (x1.89),0.3,crit,64688,1.89,0.3968,0.65633,0.09157,0.0233,1.89,209.5,179.7,104.0,1.166,cream_dealt
45,770.0,"(1,794,190(119,7661,27:60),005)",0.3,other,,,0.40552,0.61757,0.13517,0.01809,,224.5,219.7,215.1,1.022,cream_dealt
45,770.0,19204 (x1.89),0.3,crit,19204,1.89,0.55959,0.62778,0.05959,0.01574,1.89,248.7,232.1,202.5,1.071,cream_dealt
45,770.0,13901,0.3,bare,13901,,0.26453,0.36434,0.01308,0.00517,,208.6,202.2,207.4,1.032,cream_dealt
46,772.0,"(172,682/236,810)",1.0,health_readout,,,0.21076,0.98708,0.09157,0.01292,,239.1,242.3,245.2,0.987,neutral
46,772.0,Gladiator,1.0,other,,,0.00576,0.97368,0.04516,0.01646,,212.6,210.3,192.4,1.011,neutral
46,772.0,9:50:18,1.0,other,,,0.0087,0.93779,0.048,0.01588,,212.3,206.3,186.5,1.029,cream_dealt
46,772.0,Crucible of the Dead,1.0,other,,,0.89244,0.9713,0.09738,0.01852,,212.3,208.6,190.8,1.018,neutral
46,772.0,"(174,006/236,810)",1.0,health_readout,,,0.36919,0.94315,0.09012,0.0155,,236.3,235.5,238.8,1.003,neutral
46,772.0,125,1.0,hud,125,,0.71948,0.88889,0.01599,0.01292,,185.9,178.0,152.7,1.044,cream_dealt
46,772.0,01:50,1.0,other,,,0.77616,0.88889,0.02035,0.01292,,194.5,184.9,163.9,1.052,cream_dealt
46,772.0,156,1.0,hud,156,,0.82558,0.85013,0.0189,0.01809,,194.4,84.3,41.5,2.308,red_taken
46,772.0,That skill is not ready,1.0,other,,,0.44913,0.77003,0.10029,0.0155,,208.2,74.6,40.8,2.79,red_taken
46,772.0,4760 (x1.67),1.0,crit,4760,1.67,0.3968,0.71835,0.0436,0.01314,1.67,238.4,222.7,204.5,1.07,cream_dealt
46,772.0,9230 (x1.67),1.0,crit,9230,1.67,0.39821,0.69982,0.04805,0.01638,1.67,250.6,227.6,189.2,1.101,cream_dealt
46,772.0,Objectives,1.0,other,,,0.87351,0.68186,0.0553,0.01872,,233.0,172.8,93.0,1.348,cream_dealt
46,772.0,"(16,439/20,005)",1.0,health_readout,,,0.46366,0.62532,0.07703,0.01809,,244.4,239.7,239.3,1.02,neutral
46,772.0,16439/20005,1.0,health_readout,,,0.30233,0.05426,0.05378,0.0155,,234.4,224.4,219.4,1.044,cream_dealt
46,772.0,00,1.0,hud,0,,0.49419,0.05685,0.01453,0.0155,,245.8,205.5,99.7,1.196,cream_dealt
46,772.0,1582/2576,1.0,health_readout,,,0.64826,0.05168,0.04506,0.01809,,230.2,234.9,231.6,0.98,neutral
46,772.0,"(1,848,219/2,022,317)",0.5,health_readout,,,0.36337,0.80362,0.10901,0.0155,,230.7,230.6,232.1,1.0,neutral
46,772.0,Q Eliminate all Enemies,0.5,other,,,0.87936,0.66111,0.08576,0.01589,,228.1,222.0,214.9,1.028,cream_dealt
46,772.0,22305 (31.67),0.5,other,,,0.44622,0.49612,0.05669,0.01591,,240.9,241.7,218.4,0.997,neutral
46,772.0,PM,0.3,other,,,0.06541,0.93798,0.0189,0.0155,,214.6,205.7,186.2,1.043,cream_dealt
46,772.0,X6,0.3,other,,,0.81831,0.90181,0.03052,0.03359,,251.2,240.5,195.3,1.044,cream_dealt
46,772.0,10638 x1.67),0.3,crit_garbled,,1.67,0.37936,0.73127,0.05378,0.01318,1.67,228.9,240.7,219.1,0.951,neutral
46,772.0,"(632,0661",0.3,other,,,0.42006,0.63566,0.04797,0.01292,,243.5,237.8,224.8,1.024,cream_dealt
46,772.0,51885-(x1-67,0.3,other,,,0.43895,0.53747,0.06686,0.02067,,243.5,234.0,196.0,1.041,cream_dealt
46,772.0,430840,0.3,bare,430840,,0.45785,0.51938,0.03052,0.01809,,232.2,212.3,206.8,1.094,cream_dealt
46,772.0,32831,0.3,bare,32831,,0.45785,0.4832,0.0218,0.0155,,200.1,151.6,142.1,1.32,cream_dealt
47,774.0,Gladiator,1.0,other,,,0.00575,0.97358,0.04518,0.01667,,212.6,211.1,192.2,1.007,neutral
47,774.0,9:50:20,1.0,other,,,0.00872,0.93798,0.04797,0.0155,,212.6,207.1,186.5,1.027,cream_dealt
47,774.0,"(148,834/236,810)",1.0,health_readout,,,0.32413,0.78811,0.09302,0.01292,,241.2,240.4,245.5,1.003,neutral
47,774.0,20000/20005,1.0,health_readout,,,0.30233,0.05426,0.05378,0.0155,,237.2,226.1,223.1,1.049,cream_dealt
47,774.0,Crucible of the Dead,1.0,other,,,0.89244,0.9713,0.09738,0.01852,,209.5,209.2,189.4,1.002,neutral
47,774.0,125,1.0,hud,125,,0.72093,0.88889,0.01308,0.01292,,188.8,180.1,154.9,1.048,cream_dealt
47,774.0,01:56,1.0,other,,,0.77616,0.88889,0.0218,0.01292,,188.8,182.0,161.4,1.037,cream_dealt
47,774.0,156,1.0,hud,156,,0.82558,0.85013,0.0189,0.01809,,194.4,84.3,41.5,2.308,red_taken
47,774.0,"(124,576/236,810)",1.0,health_readout,,,0.49564,0.73643,0.09012,0.01292,,241.4,239.6,243.5,1.008,neutral
47,774.0,Objectives,1.0,other,,,0.87347,0.68141,0.05538,0.01961,,228.1,172.6,97.6,1.321,cream_dealt
47,774.0,"(20,000/20,005)",1.0,health_readout,,,0.46076,0.61757,0.07994,0.01292,,238.0,241.3,242.0,0.986,neutral
47,774.0,21756,1.0,bare,21756,,0.51163,0.47028,0.02326,0.0155,,242.4,194.8,158.6,1.244,cream_dealt
47,774.0,20901,1.0,bare,20901,,0.54797,0.49612,0.0189,0.01034,,225.0,200.1,205.9,1.125,cream_dealt
47,774.0,34053,1.0,bare,34053,,0.54651,0.43928,0.02907,0.01809,,220.6,193.0,183.1,1.143,cream_dealt
47,774.0,28655,1.0,bare,28655,,0.53634,0.42377,0.02616,0.01809,,212.1,185.2,174.5,1.145,cream_dealt
47,774.0,100,1.0,hud,100,,0.49419,0.05685,0.01453,0.01292,,247.0,206.9,103.0,1.194,cream_dealt
47,774.0,1594/2576,1.0,health_readout,,,0.64817,0.05102,0.04522,0.01941,,229.7,235.5,232.1,0.976,neutral
47,774.0,O Eliminate all Enemies,0.5,other,,,0.87936,0.66111,0.08576,0.01589,,217.1,219.1,219.1,0.991,neutral
47,774.0,PM,0.3,other,,,0.06395,0.93798,0.02035,0.0155,,217.5,206.5,181.4,1.053,cream_dealt
47,774.0,X6,0.3,other,,,0.81831,0.90181,0.03052,0.03359,,251.4,240.5,194.7,1.045,cream_dealt
47,774.0,"1.592. 184/2,022,317)",0.3,other,,,0.48401,0.57364,0.12355,0.03101,,191.0,209.9,224.7,0.91,neutral
47,774.0,418,0.3,bare,418,,0.55669,0.5323,0.01453,0.01292,,175.3,149.7,210.0,1.171,cream_dealt
47,774.0,20706,0.3,bare,20706,,0.5407,0.48579,0.0218,0.01034,,217.8,201.0,203.8,1.084,cream_dealt
48,776.0,Gladiator,1.0,other,,,0.00576,0.9736,0.04518,0.01662,,216.2,210.8,193.2,1.026,cream_dealt
48,776.0,9:50:22,1.0,other,,,0.00869,0.93769,0.04804,0.01868,,213.3,205.0,192.1,1.04,cream_dealt
48,776.0,"(20,451/236,810)",1.0,health_readout,,,0.47238,0.74677,0.0843,0.01292,,234.9,237.4,241.0,0.99,neutral
48,776.0,"(20,005020,005)",1.0,other,,,0.46076,0.61499,0.07849,0.0155,,243.0,242.3,238.4,1.003,neutral
48,776.0,38593,1.0,bare,38593,,0.48547,0.57106,0.02762,0.0155,,252.0,250.8,233.2,1.005,neutral
48,776.0,20005/20005,1.0,health_readout,,,0.30233,0.05426,0.05378,0.0155,,234.4,226.9,226.3,1.033,cream_dealt
48,776.0,100,1.0,hud,100,,0.48983,0.05685,0.0189,0.0155,,246.8,204.9,98.8,1.204,cream_dealt
48,776.0,Crucible of the Dead,1.0,other,,,0.89244,0.9713,0.09738,0.01852,,213.3,209.1,184.4,1.02,neutral
48,776.0,125,1.0,hud,125,,0.71948,0.88889,0.01453,0.01292,,188.7,177.8,152.7,1.061,cream_dealt
48,776.0,01:54,1.0,other,,,0.77616,0.88889,0.0218,0.01292,,189.5,183.0,160.7,1.036,cream_dealt
48,776.0,156,1.0,hud,156,,0.82558,0.85013,0.0189,0.01809,,194.5,84.7,43.2,2.297,red_taken
48,776.0,Objectives,1.0,other,,,0.87347,0.68143,0.05538,0.01958,,230.7,170.2,94.6,1.356,cream_dealt
48,776.0,"(753,213/2,022,317)",1.0,health_readout,,,0.57558,0.54522,0.10174,0.0155,,235.1,221.9,221.6,1.059,cream_dealt
48,776.0,102520,1.0,bare,102520,,0.56674,0.47467,0.04094,0.02224,,238.3,220.8,196.6,1.079,cream_dealt
48,776.0,1584/2576,1.0,health_readout,,,0.64821,0.05133,0.04515,0.01879,,228.6,236.0,234.1,0.968,neutral
48,776.0,Q Eliminate all Enemies,0.5,other,,,0.87936,0.66111,0.08576,0.01589,,220.8,223.3,222.5,0.989,neutral
48,776.0,PM,0.3,other,,,0.06395,0.93798,0.02035,0.0155,,223.1,206.2,194.5,1.082,cream_dealt
48,776.0,93762,0.3,bare,93762,,0.51308,0.57106,0.03198,0.02326,,253.8,254.5,254.6,0.997,neutral
48,776.0,X6,0.3,other,,,0.81831,0.90181,0.03052,0.03359,,251.3,239.6,195.4,1.049,cream_dealt
48,776.0,503826.829,0.3,other,,,0.58721,0.4522,0.07267,0.04651,,246.0,229.8,207.9,1.071,cream_dealt
48,776.0,"1432g42đ,67)",0.3,other,,,0.59723,0.41215,0.057,0.02582,,245.9,210.1,200.4,1.17,cream_dealt
49,778.0,Gladiator,1.0,other,,,0.00581,0.97416,0.04506,0.0155,,217.3,211.3,193.1,1.028,cream_dealt
49,778.0,"Janaxia,",1.0,other,,,0.42997,0.9641,0.05423,0.0192,,168.2,151.7,171.5,1.109,cream_dealt
49,778.0,the Betrayer,1.0,other,,,0.48837,0.96382,0.08285,0.02067,,166.1,149.3,170.1,1.113,cream_dealt
49,778.0,125,1.0,hud,125,,0.71948,0.88889,0.01744,0.01292,,185.2,174.7,150.0,1.06,cream_dealt
49,778.0,01:53,1.0,other,,,0.77616,0.88889,0.02035,0.01292,,189.4,183.3,162.2,1.033,cream_dealt
49,778.0,156,1.0,hud,156,,0.82558,0.85013,0.0189,0.01809,,194.5,84.7,43.2,2.297,red_taken
49,778.0,"(163,717/2,022,317)",1.0,health_readout,,,0.4593,0.68734,0.10029,0.01292,,231.1,231.8,234.9,0.997,neutral
49,778.0,Objectives,1.0,other,,,0.87352,0.68188,0.05529,0.01868,,228.4,171.4,97.3,1.332,cream_dealt
49,778.0,25862 (x1.77),1.0,crit,25862,1.77,0.47962,0.55791,0.06401,0.02372,1.77,239.0,184.2,147.5,1.297,cream_dealt
49,778.0,20005/20005,1.0,health_readout,,,0.30233,0.05426,0.05378,0.0155,,235.8,227.8,225.6,1.035,cream_dealt
49,778.0,00,1.0,hud,0,,0.49564,0.05685,0.01308,0.01292,,248.6,208.2,105.1,1.194,cream_dealt
49,778.0,1544/2576,1.0,health_readout,,,0.64805,0.04992,0.04546,0.02161,,220.2,231.6,228.2,0.951,neutral
49,778.0,9:50:24,0.5,other,,,0.0087,0.93519,0.04802,0.01851,,212.6,206.6,190.9,1.029,cream_dealt
49,778.0,P,0.5,other,,,0.06395,0.93798,0.01017,0.0155,,220.7,200.8,192.5,1.099,cream_dealt
49,778.0,Gruetble of the Dead,0.5,other,,,0.89244,0.96899,0.09738,0.02082,,215.0,207.5,183.7,1.036,cream_dealt
49,778.0,O Eliminate all Enemies,0.5,other,,,0.87936,0.66111,0.08576,0.01589,,219.1,221.7,222.4,0.988,neutral
49,778.0,M,0.3,other,,,0.07122,0.9354,0.01308,0.01809,,224.4,205.8,186.3,1.09,cream_dealt
49,778.0,→sđẢuDÀЄ,0.3,other,,,0.44913,0.9354,0.11483,0.02842,,171.6,154.4,135.2,1.111,cream_dealt
49,778.0,Битап,0.3,other,,,0.48393,0.90128,0.03213,0.01656,,228.7,228.9,230.2,0.999,neutral
49,778.0,X6,0.3,other,,,0.81831,0.90181,0.03052,0.03359,,251.3,239.6,195.4,1.049,cream_dealt
49,778.0,(20.363/20063),0.3,other,,,0.4593,0.61499,0.0814,0.02584,,228.1,233.5,226.8,0.977,neutral
49,778.0,39283,0.3,bare,39283,,0.49564,0.5814,0.02326,0.02326,,197.1,183.3,214.5,1.075,cream_dealt
50,780.0,Gladiator,1.0,other,,,0.00581,0.97158,0.04506,0.01809,,216.3,212.2,187.2,1.019,neutral
50,780.0,9:50:26,1.0,other,,,0.0087,0.93524,0.04801,0.021,,215.6,206.2,180.2,1.046,cream_dealt
50,780.0,Crucible of the Dead,1.0,other,,,0.89244,0.9713,0.09738,0.01852,,212.5,208.7,192.5,1.018,neutral
50,780.0,125,1.0,hud,125,,0.71802,0.88889,0.02326,0.0155,,189.1,174.6,149.2,1.083,cream_dealt
50,780.0,01:39,1.0,other,,,0.77616,0.88889,0.02035,0.01292,,189.2,184.0,167.3,1.029,cream_dealt
50,780.0,157,1.0,hud,157,,0.82558,0.85013,0.0189,0.01809,,190.2,84.4,45.2,2.252,red_taken
50,780.0,Objectives,1.0,other,,,0.87353,0.68202,0.05526,0.0184,,235.7,173.6,98.1,1.358,cream_dealt
50,780.0,"(20,005/20,005)",1.0,health_readout,,,0.46076,0.61499,0.07849,0.0155,,236.2,240.9,239.4,0.981,neutral
50,780.0,20005/20005,1.0,health_readout,,,0.30233,0.05426,0.05378,0.0155,,234.4,228.2,225.1,1.027,cream_dealt
50,780.0,1507/2576,1.0,health_readout,,,0.64807,0.05011,0.04542,0.02123,,216.4,234.8,232.6,0.921,neutral
50,780.0,O Eliminate all Enemies,0.5,other,,,0.87936,0.66111,0.08576,0.01589,,224.1,222.2,219.3,1.009,neutral
50,780.0,100,0.5,hud,100,,0.49419,0.05685,0.01453,0.01292,,246.5,207.1,105.5,1.19,cream_dealt
50,780.0,PM,0.3,other,,,0.06395,0.93798,0.02035,0.0155,,220.4,206.6,191.3,1.067,cream_dealt
50,780.0,X7,0.3,other,,,0.81831,0.89922,0.02907,0.03876,,250.6,244.6,207.7,1.024,cream_dealt
51,782.0,Gladiator,1.0,other,,,0.00576,0.97361,0.04517,0.01661,,221.2,209.8,192.5,1.054,cream_dealt
51,782.0,9:50:28,1.0,other,,,0.01015,0.93775,0.04656,0.01597,,221.5,206.8,189.3,1.071,cream_dealt
51,782.0,PM,1.0,other,,,0.05669,0.93798,0.02762,0.0155,,217.5,205.1,186.4,1.06,cream_dealt
51,782.0,Diremane Brute,1.0,other,,,0.44913,0.96641,0.10174,0.01809,,229.8,216.8,117.4,1.06,cream_dealt
51,782.0,Beast,1.0,other,,,0.48547,0.90181,0.02907,0.0155,,223.7,226.5,228.3,0.988,neutral
51,782.0,Crucible of the Dead,1.0,other,,,0.89244,0.9713,0.09738,0.01852,,212.3,208.6,193.7,1.018,neutral
51,782.0,125,1.0,hud,125,,0.71657,0.88889,0.02471,0.0155,,186.3,171.8,146.9,1.084,cream_dealt
51,782.0,01:37,1.0,other,,,0.77616,0.88889,0.02035,0.01292,,186.8,181.5,167.1,1.029,cream_dealt
51,782.0,157,1.0,hud,157,,0.82558,0.85013,0.0189,0.01809,,192.7,83.5,40.0,2.308,red_taken
51,782.0,"(54,958/233,250)",1.0,health_readout,,,0.3939,0.72351,0.0843,0.0155,,232.0,234.5,232.8,0.989,neutral
51,782.0,"(411,559/504,193)",1.0,health_readout,,,0.52616,0.72093,0.09012,0.01809,,222.4,220.3,220.0,1.01,neutral
51,782.0,Objectives,1.0,other,,,0.8735,0.68175,0.05532,0.01894,,228.6,172.6,102.6,1.324,cream_dealt
51,782.0,O Eliminate all Enemies,1.0,other,,,0.87936,0.66111,0.08576,0.01589,,217.7,222.4,224.0,0.979,neutral
51,782.0,24644,1.0,bare,24644,,0.42442,0.61499,0.02471,0.01292,,200.8,205.9,185.2,0.975,neutral
51,782.0,"(419,839/419,839)",1.0,health_readout,,,0.61192,0.61757,0.09157,0.0155,,226.3,227.5,228.8,0.995,neutral
51,782.0,"(411,440/411,440)",1.0,health_readout,,,0.4782,0.45478,0.09157,0.0155,,235.5,229.7,228.6,1.025,cream_dealt
51,782.0,"(238,068/238,068)",1.0,health_readout,,,0.46221,0.30749,0.09012,0.0155,,239.3,237.9,239.4,1.006,neutral
51,782.0,20005/20005,1.0,health_readout,,,0.30233,0.05426,0.05378,0.0155,,236.1,227.7,225.7,1.037,cream_dealt
51,782.0,1554/2576,1.0,health_readout,,,0.64819,0.05112,0.0452,0.01921,,228.1,236.4,235.0,0.965,neutral
51,782.0,20.005/20.005,0.5,other,,,0.46802,0.62016,0.06831,0.01809,,239.0,239.8,244.5,0.996,neutral
51,782.0,284/238.068,0.5,other,,,0.51163,0.63049,0.05669,0.01034,,239.3,237.8,243.0,1.006,neutral
51,782.0,47787 (x1.89),0.5,crit,47787,1.89,0.49419,0.52196,0.06541,0.0155,1.89,188.6,218.5,187.4,0.863,neutral
51,782.0,100,0.5,hud,100,,0.49419,0.05685,0.01453,0.01292,,246.5,207.1,105.5,1.19,cream_dealt
51,782.0,103.,0.3,other,,,0.48837,0.94832,0.0218,0.01292,,219.4,202.5,107.5,1.083,cream_dealt
51,782.0,X7,0.3,other,,,0.81831,0.89922,0.02907,0.03876,,249.9,244.6,207.9,1.021,cream_dealt
51,782.0,"533530 53-78898-(0 4371, 230723,2309",0.3,other,,,0.43023,0.55556,0.19331,0.0491,,196.0,195.9,159.0,1.001,neutral
52,784.0,"(447,590/447,590)",1.0,health_readout,,,0.29506,0.9845,0.09157,0.0155,,233.3,232.9,233.8,1.002,neutral
52,784.0,Gladiator,1.0,other,,,0.00574,0.97347,0.0452,0.01689,,213.1,212.0,195.7,1.005,neutral
52,784.0,9:50:30 PM,1.0,other,,,0.01017,0.93796,0.07413,0.01574,,210.8,205.8,189.0,1.024,cream_dealt
52,784.0,Crucible of the Dead,1.0,other,,,0.89244,0.9713,0.09738,0.01852,,214.0,208.3,191.0,1.027,cream_dealt
52,784.0,"(457,975/457,975)",1.0,health_readout,,,0.22093,0.94057,0.09012,0.0155,,233.2,229.1,231.6,1.018,neutral
52,784.0,125,1.0,hud,125,,0.71802,0.88889,0.0189,0.01292,,182.6,172.7,149.1,1.057,cream_dealt
52,784.0,01:35,1.0,other,,,0.77616,0.88889,0.0218,0.0155,,186.4,180.6,156.7,1.032,cream_dealt
52,784.0,157,1.0,hud,157,,0.82558,0.85013,0.0189,0.01809,,189.2,83.7,41.7,2.261,red_taken
52,784.0,"(77,030/504,193)",1.0,health_readout,,,0.57267,0.76744,0.0843,0.01809,,224.9,223.7,224.0,1.005,neutral
52,784.0,Objectives,1.0,other,,,0.87353,0.68197,0.05527,0.0185,,227.9,171.8,97.2,1.327,cream_dealt
52,784.0,"(398,226/398,226)",1.0,health_readout,,,0.01599,0.62532,0.09012,0.0155,,228.5,234.0,241.3,0.976,neutral
52,784.0,"(19,938/20,0034338 (x1.67)",1.0,crit_garbled,,1.67,0.46076,0.60982,0.13663,0.02351,1.67,228.1,227.8,211.3,1.001,neutral
52,784.0,"(419,839/419,839)",1.0,health_readout,,,0.66279,0.60207,0.09012,0.0155,,239.1,237.8,238.9,1.005,neutral
52,784.0,"837/414,837)",1.0,health_readout,,,0.0,0.53747,0.06395,0.01809,,226.3,226.6,231.4,0.998,neutral
52,784.0,"(245.142/411,440)",1.0,other,,,0.52758,0.49838,0.09018,0.02908,,196.3,197.5,203.8,0.994,neutral
52,784.0,2307,1.0,bare,2307,,0.57122,0.40052,0.01599,0.01292,,188.0,185.3,190.0,1.014,neutral
52,784.0,19938/20005,1.0,health_readout,,,0.30233,0.05426,0.05378,0.0155,,237.1,227.0,224.9,1.044,cream_dealt
52,784.0,100,1.0,hud,100,,0.48983,0.05685,0.0189,0.0155,,243.5,203.2,97.9,1.198,cream_dealt
52,784.0,1594/2576,1.0,health_readout,,,0.64823,0.05144,0.04512,0.01856,,227.1,237.7,234.5,0.955,neutral
52,784.0,Q Eliminate all Enemies,0.5,other,,,0.87936,0.66111,0.08576,0.01589,,215.5,221.1,222.3,0.974,neutral
52,784.0,43),0.5,other,,,0.00145,0.65375,0.01744,0.01292,,218.4,230.5,240.4,0.948,neutral
52,784.0,10526572,0.5,bare,10526572,,0.54651,0.40827,0.04942,0.03101,,190.1,190.8,205.5,0.996,neutral
52,784.0,X7,0.3,other,,,0.81686,0.89664,0.03052,0.04134,,251.7,241.3,199.3,1.043,cream_dealt
52,784.0,821 422(12891.79),0.3,other,,,0.42442,0.40556,0.11047,0.0208,,251.1,229.5,155.8,1.094,cream_dealt
52,784.0,14696x1.77,0.3,crit_garbled,,1.77,0.44041,0.39535,0.06395,0.01292,1.77,251.6,224.7,127.0,1.12,cream_dealt
52,784.0,90NS 6x1.394,0.3,crit_garbled,,1.39,0.4564,0.34352,0.04942,0.01574,1.39,253.0,241.2,136.7,1.049,cream_dealt
53,786.0,Gladiator,1.0,other,,,0.00581,0.97158,0.04506,0.01809,,215.5,212.7,183.3,1.013,neutral
53,786.0,9:50:32 PM,1.0,other,,,0.00872,0.93519,0.07558,0.0213,,214.9,203.6,181.5,1.055,cream_dealt
53,786.0,"(298,931/406,243)",1.0,health_readout,,,0.1061,0.21447,0.09157,0.01292,,231.4,234.9,236.7,0.985,neutral
53,786.0,"(386,281/398,226)",1.0,health_readout,,,0.06977,0.12403,0.09157,0.0155,,232.1,232.4,229.3,0.998,neutral
53,786.0,"065/547,007)",1.0,health_readout,,,0.0,0.08269,0.06395,0.0155,,228.7,231.4,232.1,0.988,neutral
53,786.0,(226.525/226.525),1.0,other,,,0.02762,0.0646,0.09012,0.01292,,232.2,231.1,229.9,1.005,neutral
53,786.0,Crucible of the Dead,1.0,other,,,0.89244,0.9713,0.09738,0.01852,,211.7,207.8,191.7,1.019,neutral
53,786.0,125,1.0,hud,125,,0.71657,0.88889,0.02471,0.01809,,190.2,173.6,149.4,1.095,cream_dealt
53,786.0,01:33,1.0,other,,,0.77471,0.88889,0.02326,0.0155,,184.3,179.1,157.4,1.029,cream_dealt
53,786.0,157,1.0,hud,157,,0.82558,0.85013,0.01744,0.01809,,189.6,84.0,41.7,2.256,red_taken
53,786.0,"(234,022/304,994)",1.0,health_readout,,,0.29651,0.70801,0.09157,0.0155,,236.7,230.6,230.9,1.027,cream_dealt
53,786.0,Objectives,1.0,other,,,0.87353,0.68203,0.05526,0.01838,,229.2,172.0,93.5,1.332,cream_dealt
53,786.0,"(440,778/447,590)",1.0,health_readout,,,0.33576,0.60724,0.09157,0.01292,,237.0,235.6,236.4,1.006,neutral
53,786.0,"(438,032/457,975)",1.0,health_readout,,,0.57413,0.65891,0.09012,0.0155,,239.6,230.6,229.4,1.039,cream_dealt
53,786.0,"(162,638/447,590)-",1.0,other,,,0.51308,0.63049,0.09593,0.01809,,223.9,220.4,226.1,1.016,neutral
53,786.0,35308,1.0,bare,35308,,0.42587,0.45736,0.02762,0.0155,,218.5,190.6,196.3,1.146,cream_dealt
53,786.0,"(190,446/304,994)",1.0,health_readout,,,0.41715,0.36693,0.09012,0.0155,,239.1,234.6,237.5,1.019,neutral
53,786.0,9092 (x1.87),1.0,crit,9092,1.87,0.44186,0.31266,0.05814,0.0155,1.87,248.2,231.4,201.8,1.073,cream_dealt
53,786.0,"(305,902)419,839)",1.0,other,,,0.63081,0.24289,0.09012,0.01809,,242.2,221.2,234.0,1.095,cream_dealt
53,786.0,19895/20005,1.0,health_readout,,,0.30233,0.05426,0.05233,0.0155,,236.7,225.3,223.6,1.051,cream_dealt
53,786.0,100,1.0,hud,100,,0.48983,0.05685,0.0189,0.0155,,243.5,203.2,97.9,1.198,cream_dealt
53,786.0,1609/2576,1.0,health_readout,,,0.64822,0.05137,0.04513,0.0187,,231.9,237.7,235.7,0.976,neutral
53,786.0,Q Eliminate all Enemies,0.5,other,,,0.88081,0.66111,0.08285,0.01589,,224.3,223.2,217.9,1.005,neutral
53,786.0,"(19,895/20,005)-",0.5,other,,,0.46076,0.60207,0.08285,0.02067,,219.4,216.6,226.7,1.013,neutral
53,786.0,"(0.404/504,193)",0.5,other,,,0.60174,0.5478,0.0814,0.02067,,243.8,237.1,218.2,1.028,cream_dealt
53,786.0,"(1,838,269(2,069,299)",0.5,other,,,0.39244,0.52713,0.11047,0.0155,,238.3,233.5,238.2,1.021,cream_dealt
53,786.0,3214014069 (x1.6739535 (x1.79),0.5,crit_garbled,,1.67,0.42297,0.43148,0.14826,0.03148,1.67;1.79,220.7,205.8,190.1,1.073,cream_dealt
53,786.0,19363 CP.67),0.5,other,,,0.54063,0.20105,0.06844,0.02942,,227.7,212.5,193.4,1.071,cream_dealt
53,786.0,X7,0.3,other,,,0.81686,0.89664,0.03052,0.04134,,251.7,241.3,199.3,1.043,cream_dealt
53,786.0,"(451,619/457 275)",0.3,other,,,0.28779,0.58889,0.09157,0.01852,,210.9,217.0,214.9,0.972,neutral
53,786.0,"(451.6191457,973)",0.3,other,,,0.25581,0.50129,0.09448,0.03359,,181.8,203.3,217.5,0.895,neutral
53,786.0,34743 x1.7,0.3,other,,,0.37936,0.49074,0.0625,0.0213,,228.4,209.8,200.6,1.089,cream_dealt
53,786.0,121389,0.3,bare,121389,,0.49419,0.47028,0.02762,0.02067,,203.7,191.2,209.4,1.065,cream_dealt
53,786.0,"(422 0980588,005)",0.3,other,,,0.53192,0.29403,0.09459,0.0321,,244.8,192.6,202.4,1.271,cream_dealt
53,786.0,BE,0.3,other,,,0.54651,0.06718,0.02471,0.02326,,197.8,136.3,153.9,1.452,cream_dealt
53,786.0,DER*,0.3,other,,,0.57558,0.06977,0.03779,0.02584,,182.2,155.3,159.0,1.173,cream_dealt
54,788.0,Gladiator,1.0,other,,,0.0058,0.97406,0.04508,0.0157,,222.0,210.3,193.1,1.056,cream_dealt
54,788.0,9:50:34 PM,1.0,other,,,0.00872,0.93796,0.07558,0.01852,,221.9,202.5,182.7,1.095,cream_dealt
54,788.0,Chtbonian Bloodkeeper,1.0,other,,,0.4243,0.9608,0.14992,0.02646,,233.6,211.2,113.7,1.106,cream_dealt
54,788.0,Crucible of the Dead,1.0,other,,,0.89244,0.9713,0.09738,0.01852,,212.0,208.7,191.8,1.016,neutral
54,788.0,"(383,729/398,226)",1.0,health_readout,,,0.22384,0.55814,0.09012,0.0155,,229.7,231.2,233.6,0.994,neutral
54,788.0,"(304,994/304,994)",1.0,health_readout,,,0.30959,0.90181,0.09302,0.01292,,240.9,240.5,241.9,1.002,neutral
54,788.0,Chtbonic - Insectoid,1.0,other,,,0.44622,0.90181,0.1061,0.01578,,244.5,236.6,233.1,1.034,cream_dealt
54,788.0,"(229,797/419,839)",1.0,health_readout,,,0.49128,0.86563,0.09012,0.0155,,232.7,229.1,223.9,1.016,neutral
54,788.0,"(443,237/457,975)",1.0,health_readout,,,0.56686,0.84755,0.09157,0.0155,,234.3,224.6,217.1,1.043,cream_dealt
54,788.0,"(457,743/457,975)",1.0,health_readout,,,0.30378,0.80103,0.09593,0.01809,,223.4,221.7,214.2,1.008,neutral
54,788.0,"(547,007/547,007)",1.0,health_readout,,,0.31831,0.76486,0.09012,0.01809,,230.0,222.7,216.0,1.033,cream_dealt
54,788.0,84226 (x1.89,1.0,crit_garbled,,1.89,0.37637,0.68399,0.08011,0.02994,1.89,223.6,195.7,150.1,1.143,cream_dealt
54,788.0,-15358 (x1.67),1.0,crit_garbled,,1.67,0.49855,0.67407,0.05233,0.01326,1.67,248.4,223.6,191.0,1.111,cream_dealt
54,788.0,66734,1.0,bare,66734,,0.40695,0.53473,0.05965,0.03648,,209.0,108.6,87.8,1.925,red_taken
54,788.0,125,1.0,hud,125,,0.71802,0.88889,0.02326,0.0155,,186.9,173.2,149.2,1.079,cream_dealt
54,788.0,01:31,1.0,other,,,0.77616,0.88889,0.0218,0.01292,,189.0,183.1,160.2,1.032,cream_dealt
54,788.0,157,1.0,hud,157,,0.82558,0.85013,0.0189,0.01809,,188.5,83.1,42.2,2.267,red_taken
54,788.0,Objectives,1.0,other,,,0.87353,0.682,0.05527,0.01843,,230.9,173.3,95.2,1.332,cream_dealt
54,788.0,"(398,226/398,226)",1.0,health_readout,,,0.14244,0.44961,0.09012,0.0155,,228.5,232.6,234.9,0.982,neutral
54,788.0,"(48,856/411,440)",1.0,health_readout,,,0.51308,0.44444,0.08576,0.02326,,220.2,210.0,209.3,1.048,cream_dealt
54,788.0,7106 (x1.87),1.0,crit,7106,1.87,0.52031,0.3924,0.07275,0.02398,1.87,214.2,171.2,129.6,1.252,cream_dealt
54,788.0,18272/20005,1.0,health_readout,,,0.30233,0.05426,0.05233,0.0155,,235.0,224.2,220.0,1.048,cream_dealt
54,788.0,100,1.0,hud,100,,0.48983,0.05685,0.0189,0.0155,,243.8,204.1,95.8,1.195,cream_dealt
54,788.0,1594/2576,1.0,health_readout,,,0.64824,0.05157,0.04509,0.01832,,228.7,236.6,233.0,0.967,neutral
54,788.0,"(226,525/226,525).",0.5,other,,,0.21948,0.6615,0.09157,0.0155,,224.2,228.8,232.3,0.98,neutral
54,788.0,"(1,303,289/2,069,299)",0.5,health_readout,,,0.39971,0.73643,0.10901,0.01809,,232.6,223.9,227.1,1.039,cream_dealt
54,788.0,"(137,070/30479949,005)",0.5,health_readout,,,0.42151,0.60982,0.12064,0.02067,,232.7,223.3,226.4,1.042,cream_dealt
54,788.0,"(494,8000588,905)",0.5,other,,,0.52762,0.56072,0.09302,0.01809,,242.4,236.5,216.4,1.025,cream_dealt
54,788.0,D Eliminate all Enemies,0.5,other,,,0.87936,0.66111,0.08576,0.01589,,225.6,221.5,216.6,1.019,neutral
54,788.0,"(384,674/414,837)'",0.5,other,,,0.24709,0.26615,0.09448,0.0155,,231.7,230.2,233.1,1.007,neutral
54,788.0,129,0.3,bare,129,,0.44041,0.86047,0.01599,0.02067,,230.1,126.6,121.5,1.817,red_taken
54,788.0,"(403.02 4266.248)48:363/457,975)",0.3,other,,,0.34593,0.81389,0.17006,0.0287,,221.9,211.5,203.3,1.049,cream_dealt
54,788.0,10014,0.3,bare,10014,,0.40407,0.71576,0.02762,0.0155,,177.7,182.1,170.8,0.976,neutral
54,788.0,28157 38810,0.3,other,,,0.45058,0.6537,0.05814,0.0287,,216.3,184.8,176.4,1.17,cream_dealt
54,788.0,18488 (35 23 ( 1.89),0.3,other,,,0.38517,0.625,0.11337,0.03908,,222.5,199.4,143.9,1.116,cream_dealt
54,788.0,"•1 (x1,77)",0.3,crit_garbled,,1.77,0.58576,0.71019,0.03198,0.01591,1.77,239.4,187.7,120.1,1.275,cream_dealt
54,788.0,19) *,0.3,other,,,0.51163,0.53704,0.04215,0.02885,,227.6,90.5,82.6,2.514,red_taken
54,788.0,X7,0.3,other,,,0.81686,0.89664,0.03052,0.04134,,251.6,241.6,197.8,1.041,cream_dealt
55,790.0,Gladiator,1.0,other,,,0.00567,0.97266,0.04535,0.0185,,216.4,210.2,191.1,1.029,cream_dealt
55,790.0,9:50:36,1.0,other,,,0.00725,0.93274,0.04944,0.02599,,214.3,200.9,182.8,1.067,cream_dealt
55,790.0,PM,1.0,other,,,0.05814,0.93282,0.02762,0.02326,,214.2,202.6,180.7,1.057,cream_dealt
55,790.0,Chtbonian Bloodkeeper,1.0,other,,,0.42442,0.96111,0.14971,0.02339,,228.4,214.9,116.5,1.063,cream_dealt
55,790.0,Crucible of the Dead,1.0,other,,,0.8924,0.96074,0.09748,0.02943,,203.8,199.2,181.7,1.023,cream_dealt
55,790.0,Chtbonic - Insectoid,1.0,other,,,0.44622,0.90181,0.10756,0.01578,,237.2,236.7,237.2,1.002,neutral
55,790.0,125,1.0,hud,125,,0.71802,0.88889,0.02326,0.0155,,186.9,173.2,149.2,1.079,cream_dealt
55,790.0,01:29,1.0,other,,,0.77616,0.88889,0.02035,0.01292,,188.6,182.3,163.8,1.035,cream_dealt
55,790.0,157,1.0,hud,157,,0.82558,0.85013,0.01744,0.01809,,188.2,83.4,43.1,2.256,red_taken
55,790.0,"(132,407/457,975)",1.0,health_readout,,,0.61773,0.81137,0.09012,0.0155,,228.8,228.6,230.4,1.001,neutral
55,790.0,"(457,975/457,975)",1.0,health_readout,,,0.34448,0.66667,0.09012,0.01809,,217.2,218.2,219.5,0.996,neutral
55,790.0,"(410.823/447,590)",1.0,other,,,0.44477,0.78553,0.08866,0.02067,,220.9,221.2,219.9,0.999,neutral
55,790.0,14050 (x1.67),1.0,crit,14050,1.67,0.42869,0.73281,0.05685,0.01759,1.67,242.8,235.9,211.5,1.029,cream_dealt
55,790.0,"(231,455/419,839)",1.0,health_readout,,,0.52907,0.76227,0.09157,0.0155,,231.3,231.3,232.9,1.0,neutral
55,790.0,12070,1.0,bare,12070,,0.50145,0.71059,0.0189,0.01034,,196.7,194.1,184.2,1.013,neutral
55,790.0,"(128,302/547,007)",1.0,health_readout,,,0.45785,0.6615,0.09157,0.0155,,233.8,225.2,221.7,1.038,cream_dealt
55,790.0,16367 (x1.77),1.0,crit,16367,1.77,0.55233,0.56296,0.0625,0.01852,1.77,231.7,185.1,153.3,1.251,cream_dealt
55,790.0,36214,1.0,bare,36214,,0.59593,0.55556,0.02326,0.01292,,214.6,198.7,207.0,1.08,cream_dealt
55,790.0,33364,1.0,bare,33364,,0.55523,0.52455,0.02762,0.0155,,187.9,185.3,189.1,1.014,neutral
55,790.0,"(433,734/457,975)",1.0,health_readout,,,0.59738,0.70801,0.09012,0.0155,,231.5,227.9,230.5,1.016,neutral
55,790.0,Objectives,1.0,other,,,0.87348,0.68156,0.05536,0.01932,,227.3,173.4,98.8,1.311,cream_dealt
55,790.0,"(545,701/588,905)",1.0,health_readout,,,0.67297,0.42119,0.09012,0.0155,,232.7,231.9,227.7,1.003,neutral
55,790.0,"(379,676/398,226)",1.0,health_readout,,,0.28634,0.29716,0.09012,0.0155,,229.5,231.8,234.5,0.99,neutral
55,790.0,20005/20005,1.0,health_readout,,,0.30087,0.05168,0.05523,0.01809,,233.1,224.3,218.6,1.039,cream_dealt
55,790.0,100,1.0,hud,100,,0.48837,0.05685,0.02035,0.0155,,242.8,203.2,95.8,1.194,cream_dealt
55,790.0,1603/2576,1.0,health_readout,,,0.6482,0.0512,0.04518,0.01905,,230.9,237.2,235.1,0.973,neutral
55,790.0,"(20,005/20,0P667,697/2,069,299)",0.5,other,,,0.46076,0.62016,0.16424,0.02067,,235.8,220.9,227.1,1.067,cream_dealt
55,790.0,269,0.5,bare,269,,0.56105,0.58656,0.0189,0.01809,,228.2,195.5,200.2,1.167,cream_dealt
55,790.0,16367 (x1.7711905048,0.5,crit_garbled,,1.77,0.52326,0.53488,0.09448,0.02842,1.77,214.6,195.4,159.2,1.098,cream_dealt
55,790.0,O Eliminate all Enemies,0.5,other,,,0.87936,0.66111,0.08576,0.01589,,220.5,219.9,219.3,1.003,neutral
55,790.0,"(390,398/398,226)",0.5,health_readout,,,0.30959,0.50388,0.09157,0.0155,,233.1,233.9,236.6,0.996,neutral
55,790.0,"1(212,504/226,525)",0.5,other,,,0.36628,0.48579,0.09593,0.01809,,221.2,215.0,213.3,1.029,cream_dealt
55,790.0,X7,0.3,other,,,0.81831,0.89922,0.02907,0.03876,,252.2,243.1,202.2,1.037,cream_dealt
55,790.0,328039501114904),0.3,other,,,0.40843,0.74419,0.10465,0.02842,,224.4,221.1,172.4,1.015,neutral
55,790.0,5139,0.3,bare,5139,,0.50291,0.58398,0.0189,0.01292,,240.3,176.7,139.6,1.36,cream_dealt
55,790.0,"Ф(384,772/414,837",0.3,other,,,0.39535,0.09819,0.09448,0.01809,,215.8,224.2,233.9,0.963,neutral
56,792.0,Gladiator,1.0,other,,,0.00577,0.97377,0.04515,0.01886,,217.1,208.7,191.6,1.04,cream_dealt
56,792.0,"(337,267/457,975)-",1.0,other,,,0.34012,0.82946,0.09448,0.01809,,217.2,216.1,211.2,1.005,neutral
56,792.0,16546,1.0,bare,16546,,0.45058,0.81395,0.02035,0.01292,,205.7,198.6,211.1,1.036,cream_dealt
56,792.0,"(457,975/457,975)",1.0,health_readout,,,0.50872,0.80103,0.09012,0.0155,,237.9,231.3,224.7,1.028,cream_dealt
56,792.0,"(259,970/304,994)",1.0,health_readout,,,0.54942,0.77778,0.09157,0.01809,,228.9,226.6,221.8,1.01,neutral
56,792.0,Crucible of the Dead,1.0,other,,,0.89244,0.9713,0.09738,0.01852,,211.8,208.0,190.8,1.018,neutral
56,792.0,125,1.0,hud,125,,0.71802,0.88889,0.01599,0.01292,,183.7,177.6,152.2,1.034,cream_dealt
56,792.0,01:31,1.0,other,,,0.77471,0.88889,0.02326,0.01292,,184.8,180.8,161.8,1.022,cream_dealt
56,792.0,157,1.0,hud,157,,0.82558,0.85013,0.0189,0.01809,,189.1,84.0,41.5,2.251,red_taken
56,792.0,3259,1.0,bare,3259,,0.36337,0.71059,0.01453,0.01292,,216.0,179.6,169.7,1.203,cream_dealt
56,792.0,12651,1.0,bare,12651,,0.34302,0.68475,0.02035,0.01292,,217.1,197.0,183.9,1.102,cream_dealt
56,792.0,Objectives,1.0,other,,,0.87349,0.68164,0.05534,0.01914,,232.5,172.7,95.0,1.347,cream_dealt
56,792.0,"(327,950/398,226)",1.0,health_readout,,,0.20494,0.62016,0.09012,0.0155,,230.7,233.3,236.6,0.989,neutral
56,792.0,"(18,558/20,005)",1.0,health_readout,,,0.46076,0.62274,0.07849,0.0155,,237.5,231.2,230.5,1.027,cream_dealt
56,792.0,27594,1.0,bare,27594,,0.46512,0.56589,0.02616,0.01034,,221.7,187.6,202.8,1.182,cream_dealt
56,792.0,"(516,345/588,905)",1.0,health_readout,,,0.56541,0.53747,0.09157,0.02067,,226.9,218.8,216.3,1.037,cream_dealt
56,792.0,"(282,241/398,226)",1.0,health_readout,,,0.17297,0.42377,0.09157,0.0155,,226.2,229.8,231.1,0.985,neutral
56,792.0,"(295,537/414,837)",1.0,health_readout,,,0.28198,0.23514,0.09157,0.0155,,228.3,230.5,231.7,0.99,neutral
56,792.0,18558/20005,1.0,health_readout,,,0.30233,0.05426,0.05378,0.0155,,233.7,225.1,223.4,1.038,cream_dealt
56,792.0,100,1.0,hud,100,,0.48983,0.05685,0.0189,0.0155,,246.9,204.9,98.4,1.205,cream_dealt
56,792.0,1545/2576,1.0,health_readout,,,0.64826,0.05168,0.04506,0.01809,,227.0,236.1,231.4,0.961,neutral
56,792.0,9:50:38 PM,0.5,other,,,0.00872,0.93796,0.07558,0.01574,,219.3,205.2,189.0,1.069,cream_dealt
56,792.0,7,0.5,bare,7,,0.40552,0.8062,0.01017,0.02067,,134.2,112.0,98.0,1.199,cream_dealt
56,792.0,Arum'Zotb ~ Burning,0.5,other,,,0.42733,0.96111,0.1439,0.02339,,208.2,161.6,106.1,1.289,cream_dealt
56,792.0,Chtbonic,0.5,other,,,0.47813,0.90117,0.04374,0.01679,,230.9,231.1,233.4,0.999,neutral
56,792.0,64898 (x1.89) 66994 (x1279),0.5,crit_garbled,,1.89,0.3532,0.72315,0.16424,0.03426,1.89,230.5,215.6,153.8,1.069,cream_dealt
56,792.0,O Eliminate all Enemies,0.5,other,,,0.87936,0.66111,0.0843,0.01589,,228.3,225.4,220.6,1.013,neutral
56,792.0,21418 61.677328 (x1.87)-,0.5,crit_garbled,,1.87,0.44622,0.64074,0.13081,0.03148,1.87,207.2,179.7,144.6,1.153,cream_dealt
56,792.0,"(101,670",0.3,other,,,0.39971,0.85788,0.0436,0.01292,,238.2,234.4,230.6,1.016,neutral
56,792.0,1G ĐẢU QUÀG 2,0.3,other,,,0.45785,0.93796,0.08866,0.02593,,190.3,140.1,129.4,1.358,cream_dealt
56,792.0,5),0.3,other,,,0.51599,0.8708,0.01163,0.01292,,232.6,234.9,236.7,0.99,neutral
56,792.0,X7,0.3,other,,,0.81686,0.89664,0.03052,0.04134,,252.6,242.0,199.3,1.044,cream_dealt
56,792.0,26079 20782 (x1677),0.3,other,,,0.40698,0.58889,0.08721,0.0213,,211.5,174.2,136.5,1.214,cream_dealt
57,794.0,Gladiator,1.0,other,,,0.00571,0.97319,0.04526,0.01745,,219.1,209.9,188.1,1.044,cream_dealt
57,794.0,9:50:40,1.0,other,,,0.00872,0.93798,0.04797,0.01809,,220.4,205.3,184.5,1.074,cream_dealt
57,794.0,PM,1.0,other,,,0.05669,0.9354,0.02762,0.02067,,212.8,204.2,185.2,1.042,cream_dealt
57,794.0,"(333,507/398,226)",1.0,health_readout,,,0.07994,0.69509,0.09012,0.01292,,232.5,236.3,240.9,0.984,neutral
57,794.0,"(266,622/398,226)",1.0,health_readout,,,0.07994,0.56848,0.09012,0.0155,,229.8,233.1,236.7,0.986,neutral
57,794.0,Crucible of the Dead,1.0,other,,,0.89244,0.9713,0.09738,0.01852,,211.6,208.4,192.8,1.015,neutral
57,794.0,"(273,475/457,975)",1.0,health_readout,,,0.19186,0.92765,0.09157,0.0155,,223.2,225.4,231.1,0.99,neutral
57,794.0,Chtbonic,1.0,other,,,0.4782,0.90181,0.0436,0.0155,,228.4,229.6,231.4,0.995,neutral
57,794.0,01:33,1.0,other,,,0.77616,0.88889,0.0218,0.0155,,185.3,179.7,161.5,1.031,cream_dealt
57,794.0,157,1.0,hud,157,,0.82558,0.85013,0.01744,0.01809,,189.5,84.2,41.4,2.25,red_taken
57,794.0,Objectives,1.0,other,,,0.87353,0.68199,0.05527,0.01845,,229.4,172.0,95.4,1.334,cream_dealt
57,794.0,86505 (x1.79),1.0,crit,86505,1.79,0.43166,0.58379,0.07127,0.02881,1.79,250.5,220.7,202.9,1.135,cream_dealt
57,794.0,377287659 (x1.89),1.0,crit,377287659,1.89,0.4186,0.56072,0.10756,0.02842,1.89,241.7,192.5,140.3,1.255,cream_dealt
57,794.0,"(208,552/414,837)",1.0,health_readout,,,0.18169,0.42119,0.09012,0.0155,,229.8,230.6,233.9,0.997,neutral
57,794.0,20005/20005,1.0,health_readout,,,0.30233,0.05426,0.05378,0.0155,,236.6,226.2,221.4,1.046,cream_dealt
57,794.0,00,1.0,hud,0,,0.49564,0.05685,0.01308,0.01292,,247.6,207.9,103.5,1.191,cream_dealt
57,794.0,1594/2576,1.0,health_readout,,,0.64824,0.05157,0.04509,0.01832,,231.2,235.7,234.1,0.981,neutral
57,794.0,Arum'Zotb ~ Burning,0.5,other,,,0.42878,0.96382,0.14244,0.02326,,208.4,159.5,105.2,1.306,cream_dealt
57,794.0,125,0.5,hud,125,,0.71657,0.88889,0.02616,0.01809,,187.8,173.4,149.1,1.083,cream_dealt
57,794.0,O Eliminate all Enemies,0.5,other,,,0.87936,0.66111,0.08576,0.01589,,216.6,221.2,224.1,0.98,neutral
57,794.0,7.,0.3,other,,,0.2064,0.90439,0.01308,0.01809,,123.4,108.6,102.0,1.136,cream_dealt
57,794.0,36740|(X1.67),0.3,other,,,0.18888,0.84179,0.06265,0.02702,,229.1,215.3,201.2,1.065,cream_dealt
57,794.0,X7,0.3,other,,,0.81686,0.89664,0.03052,0.04134,,252.4,241.9,198.9,1.043,cream_dealt
57,794.0,(251.41005885909)005),0.3,other,,,0.42733,0.6124,0.11337,0.01809,,236.8,229.5,228.8,1.032,cream_dealt
58,796.0,Gladiator,1.0,other,,,0.00569,0.97319,0.04385,0.02002,,215.6,208.9,193.6,1.032,cream_dealt
58,796.0,9:50:42,1.0,other,,,0.00871,0.93788,0.04654,0.01829,,213.1,205.5,190.9,1.037,cream_dealt
58,796.0,Crucible of the Dead,1.0,other,,,0.89244,0.9713,0.09738,0.01852,,211.1,209.1,190.0,1.01,neutral
58,796.0,125,1.0,hud,125,,0.71948,0.88889,0.01599,0.01292,,184.9,177.0,152.5,1.045,cream_dealt
58,796.0,01:31,1.0,other,,,0.77616,0.88889,0.0218,0.01292,,189.8,183.8,161.0,1.033,cream_dealt
58,796.0,157,1.0,hud,157,,0.82558,0.85013,0.0189,0.01809,,189.3,83.6,42.1,2.265,red_taken
58,796.0,"(44,616/457,975)",1.0,health_readout,,,0.45785,0.69251,0.0843,0.0155,,232.7,231.5,232.5,1.005,neutral
58,796.0,Objectives,1.0,other,,,0.87355,0.68217,0.05523,0.01809,,229.2,173.6,97.3,1.32,cream_dealt
58,796.0,O Eliminate all Enemies,1.0,other,,,0.87936,0.66111,0.0843,0.01589,,221.6,223.0,222.9,0.994,neutral
58,796.0,"(268,110/398.226)",1.0,other,,,0.32994,0.44186,0.09012,0.01809,,228.5,228.4,231.8,1.0,neutral
58,796.0,"(251,190/398,226)",1.0,health_readout,,,0.33866,0.29974,0.09157,0.0155,,233.2,232.7,234.1,1.002,neutral
58,796.0,"(15,997/414,837)",1.0,health_readout,,,0.46948,0.12661,0.08576,0.01292,,235.6,235.4,239.2,1.001,neutral
58,796.0,19187/20005,1.0,health_readout,,,0.30233,0.05426,0.05378,0.0155,,236.2,227.1,221.9,1.04,cream_dealt
58,796.0,100,1.0,hud,100,,0.48837,0.05426,0.02035,0.01809,,241.9,203.7,99.6,1.187,cream_dealt
58,796.0,1594/2576,1.0,health_readout,,,0.64805,0.04992,0.04546,0.02161,,223.5,230.5,226.3,0.97,neutral
58,796.0,15,1.0,bare,15,,0.43605,0.01292,0.01308,0.0155,,253.0,251.8,255.0,1.005,neutral
58,796.0,P,0.5,other,,,0.06395,0.93798,0.00872,0.01809,,214.6,204.1,182.5,1.052,cream_dealt
58,796.0,That skill if not ready,0.5,other,,,0.45058,0.76744,0.09884,0.02067,,208.5,74.1,29.3,2.814,red_taken
58,796.0,"(19,187/20,005)",0.5,health_readout,,,0.46076,0.61757,0.07994,0.01292,,239.7,237.9,239.6,1.008,neutral
58,796.0,M,0.3,other,,,0.07122,0.9354,0.01308,0.01809,,221.5,207.9,185.0,1.065,cream_dealt
58,796.0,X7,0.3,other,,,0.81831,0.89922,0.02907,0.03876,,252.3,243.4,205.5,1.037,cream_dealt
58,796.0,82341 (x1 72k1.77,0.3,other,,,0.44913,0.58611,0.09884,0.02888,,228.5,220.0,191.3,1.039,cream_dealt
58,796.0,245137,0.3,bare,245137,,0.50145,0.57106,0.02616,0.02067,,213.5,191.0,192.2,1.118,cream_dealt
58,796.0,x21.77),0.3,other,,,0.51453,0.05685,0.04797,0.03101,,194.6,178.8,121.7,1.088,cream_dealt
59,798.0,Gladiator,1.0,other,,,0.00581,0.97416,0.0436,0.0155,,220.1,212.0,194.4,1.038,cream_dealt
59,798.0,9:50:44,1.0,other,,,0.01015,0.93777,0.0451,0.01594,,216.7,206.3,185.2,1.051,cream_dealt
59,798.0,Crucible of the Dead,1.0,other,,,0.89244,0.9713,0.09738,0.01852,,217.7,207.4,191.9,1.05,cream_dealt
59,798.0,125,1.0,hud,125,,0.71802,0.88889,0.02326,0.0155,,186.3,172.8,149.1,1.078,cream_dealt
59,798.0,01:33,1.0,other,,,0.77612,0.88871,0.02188,0.01585,,185.3,178.8,155.0,1.036,cream_dealt
59,798.0,157,1.0,hud,157,,0.82558,0.85013,0.01744,0.01809,,189.9,84.0,42.2,2.261,red_taken
59,798.0,26539,1.0,bare,26539,,0.46802,0.71318,0.02326,0.0155,,185.5,185.9,187.1,0.998,neutral
59,798.0,Objectives,1.0,other,,,0.87355,0.68217,0.05523,0.01809,,227.7,173.4,97.4,1.313,cream_dealt
59,798.0,31406,1.0,bare,31406,,0.50727,0.60465,0.02616,0.0155,,205.7,183.8,176.4,1.119,cream_dealt
59,798.0,30634,1.0,bare,30634,,0.49273,0.56589,0.02907,0.0155,,220.7,196.0,195.8,1.126,cream_dealt
59,798.0,23281,1.0,bare,23281,,0.48401,0.54522,0.02326,0.01292,,216.3,192.2,194.0,1.125,cream_dealt
59,798.0,28086,1.0,bare,28086,,0.53488,0.5736,0.02618,0.01559,,155.0,138.2,134.4,1.122,cream_dealt
59,798.0,19300/20005,1.0,health_readout,,,0.30233,0.05426,0.05378,0.0155,,235.5,225.5,222.9,1.045,cream_dealt
59,798.0,100,1.0,hud,100,,0.48983,0.05685,0.0189,0.01292,,245.8,206.1,100.3,1.192,cream_dealt
59,798.0,1565/2576,1.0,health_readout,,,0.6482,0.05119,0.04518,0.01907,,228.9,234.8,231.3,0.975,neutral
59,798.0,Q Eliminate all Enemies,0.5,other,,,0.88081,0.66111,0.0843,0.01589,,219.1,222.5,219.4,0.985,neutral
59,798.0,"(19,300/262005)",0.5,health_readout,,,0.46076,0.61757,0.07849,0.0155,,234.0,232.6,230.7,1.006,neutral
59,798.0,PM,0.3,other,,,0.06395,0.93798,0.02035,0.0155,,222.6,206.3,187.4,1.079,cream_dealt
59,798.0,X7,0.3,other,,,0.81831,0.89922,0.02907,0.03876,,252.2,243.1,205.1,1.037,cream_dealt
60,800.0,Gladiator,1.0,other,,,0.00575,0.97352,0.04519,0.01679,,213.6,210.7,194.5,1.014,neutral
60,800.0,9:50:46,1.0,other,,,0.00872,0.93798,0.04942,0.0155,,212.6,207.5,189.1,1.024,cream_dealt
60,800.0,"(20,005/20,005)",1.0,health_readout,,,0.46076,0.61757,0.07849,0.0155,,238.0,238.3,240.9,0.999,neutral
60,800.0,20005/20005,1.0,health_readout,,,0.30233,0.05426,0.05378,0.0155,,234.7,228.2,225.2,1.029,cream_dealt
60,800.0,100,1.0,hud,100,,0.48983,0.05685,0.0189,0.0155,,246.2,204.6,99.8,1.203,cream_dealt
60,800.0,Crucible of the Dead,1.0,other,,,0.89244,0.9713,0.09738,0.01852,,213.5,208.3,189.1,1.025,cream_dealt
60,800.0,125,1.0,hud,125,,0.71948,0.88889,0.01599,0.01292,,185.4,177.3,151.8,1.045,cream_dealt
60,800.0,01:32,1.0,other,,,0.77613,0.88871,0.02187,0.01327,,187.6,180.8,155.9,1.038,cream_dealt
60,800.0,158,1.0,hud,158,,0.82558,0.85013,0.0189,0.01809,,194.8,85.8,45.2,2.27,red_taken
60,800.0,Objectives,1.0,other,,,0.87353,0.68201,0.05527,0.01841,,233.3,172.6,94.7,1.352,cream_dealt
60,800.0,"(100,948/100,948)",1.0,health_readout,,,0.66715,0.18605,0.09157,0.01809,,222.4,228.3,224.8,0.974,neutral
60,800.0,"(98,986/98,986)",1.0,health_readout,,,0.6468,0.1292,0.07849,0.01809,,231.3,230.4,225.5,1.004,neutral
60,800.0,1594/2576,1.0,health_readout,,,0.64817,0.05102,0.04522,0.01941,,230.5,237.6,234.6,0.97,neutral
60,800.0,"(39,311/39,311)",1.0,health_readout,,,0.8561,0.00775,0.07849,0.0155,,216.3,222.6,223.3,0.972,neutral
60,800.0,PM,0.5,other,,,0.05669,0.93798,0.02762,0.0155,,211.7,205.3,189.1,1.031,cream_dealt
60,800.0,O Eliminate all Enemies,0.5,other,,,0.87936,0.66111,0.08576,0.01589,,226.6,220.3,212.4,1.029,cream_dealt
60,800.0,X8,0.3,other,,,0.81686,0.89922,0.03198,0.03876,,254.3,248.0,215.7,1.025,cream_dealt
60,800.0,(40.1057%0.9830.103),0.3,other,,,0.75581,0.10336,0.11047,0.02584,,214.6,220.4,221.0,0.974,neutral
60,800.0,311),0.3,other,,,0.71657,0.05943,0.02471,0.0155,,208.6,208.0,203.5,1.003,neutral
61,802.0,Gladiator,1.0,other,,,0.00574,0.97347,0.0452,0.01689,,213.9,211.0,194.2,1.014,neutral
61,802.0,9:50:48 PM,1.0,other,,,0.01017,0.93796,0.07413,0.01574,,212.9,207.3,190.3,1.027,cream_dealt
61,802.0,"(293,482/293,482)",1.0,health_readout,,,0.19913,0.69509,0.09157,0.0155,,231.3,231.0,233.9,1.001,neutral
61,802.0,"(68,281/98,986)",1.0,health_readout,,,0.32703,0.66408,0.0814,0.01292,,239.9,241.4,244.4,0.994,neutral
61,802.0,"(94,652/96,385)",1.0,health_readout,,,0.10029,0.64341,0.07849,0.0155,,225.3,229.0,233.8,0.984,neutral
61,802.0,"(171,897/171,897)",1.0,health_readout,,,0.24273,0.62016,0.09157,0.0155,,225.9,219.6,214.3,1.028,cream_dealt
61,802.0,"(85,038/96,385)",1.0,health_readout,,,0.21221,0.53747,0.07849,0.0155,,238.0,235.7,232.8,1.01,neutral
61,802.0,"(168,245/171,897)",1.0,health_readout,,,0.2282,0.4677,0.09157,0.0155,,235.1,231.0,235.5,1.018,neutral
61,802.0,"(94,715/94,715) (168,692/171,897)",1.0,other,,,0.04215,0.43889,0.17587,0.01852,,215.6,216.6,221.1,0.996,neutral
61,802.0,"(42,446/42,446)",1.0,health_readout,,,0.02616,0.14729,0.07994,0.0155,,239.6,228.8,220.0,1.047,cream_dealt
61,802.0,20005/20005,1.0,health_readout,,,0.30233,0.05426,0.05378,0.0155,,233.7,228.9,225.2,1.021,cream_dealt
61,802.0,"(20,005/20,005)",1.0,health_readout,,,0.46076,0.61499,0.07994,0.0155,,240.6,240.6,235.9,1.0,neutral
61,802.0,100,1.0,hud,100,,0.48983,0.05685,0.0189,0.0155,,246.2,204.6,99.8,1.203,cream_dealt
61,802.0,Crucible of the Dead,1.0,other,,,0.89244,0.9713,0.09738,0.01852,,213.7,208.7,190.0,1.024,cream_dealt
61,802.0,125,1.0,hud,125,,0.71948,0.88889,0.01599,0.01292,,185.4,177.3,151.8,1.045,cream_dealt
61,802.0,01:30,1.0,other,,,0.77616,0.88889,0.02035,0.01292,,191.6,185.1,162.1,1.035,cream_dealt
61,802.0,158,1.0,hud,158,,0.82558,0.85013,0.0189,0.01809,,194.8,85.8,45.2,2.27,red_taken
61,802.0,Objectives,1.0,other,,,0.87353,0.68203,0.05526,0.01837,,229.2,171.7,95.0,1.335,cream_dealt
61,802.0,"(6.435/39,311)",1.0,other,,,0.59738,0.53747,0.07413,0.01809,,225.7,216.4,213.9,1.043,cream_dealt
61,802.0,5348 9233,1.0,other,,,0.64676,0.43125,0.03642,0.01863,,188.6,174.9,173.1,1.078,cream_dealt
61,802.0,1508/2576,1.0,health_readout,,,0.64826,0.05168,0.04506,0.02067,,222.6,235.6,231.9,0.945,neutral
61,802.0,5),0.5,other,,,0.0,0.4832,0.01163,0.01809,,218.9,223.2,226.3,0.981,neutral
61,802.0,O Eliminate all Enemies,0.5,other,,,0.87936,0.66111,0.08576,0.01589,,215.3,218.8,219.9,0.984,neutral
61,802.0,X8,0.3,other,,,0.81686,0.89922,0.03198,0.03876,,254.3,248.0,215.7,1.025,cream_dealt
62,804.0,Gladiator,1.0,other,,,0.00576,0.9736,0.04518,0.01662,,215.5,210.3,191.4,1.025,cream_dealt
62,804.0,Beast,1.0,other,,,0.48692,0.90181,0.02762,0.0155,,228.4,227.7,228.4,1.003,neutral
62,804.0,01:28,1.0,other,,,0.77616,0.88889,0.0218,0.01292,,190.9,182.0,160.7,1.049,cream_dealt
62,804.0,158,1.0,hud,158,,0.82558,0.85013,0.0189,0.02067,,195.8,85.1,41.9,2.3,red_taken
62,804.0,"(300,375/300,375)",1.0,health_readout,,,0.51163,0.77778,0.08866,0.0155,,226.7,225.7,224.9,1.004,neutral
62,804.0,Objectives,1.0,other,,,0.87348,0.68151,0.05536,0.01941,,228.8,173.9,102.1,1.315,cream_dealt
62,804.0,"(20,005/20,005)",1.0,health_readout,,,0.46076,0.61757,0.07994,0.01292,,243.9,242.0,244.9,1.008,neutral
62,804.0,28741,1.0,bare,28741,,0.55959,0.56331,0.02035,0.0155,,128.8,113.3,116.7,1.137,cream_dealt
62,804.0,"(39,094/42,446)",1.0,health_readout,,,0.30233,0.51163,0.07849,0.0155,,233.3,236.5,239.1,0.986,neutral
62,804.0,"(36,659/42,446)",1.0,health_readout,,,0.15116,0.41085,0.07703,0.0155,,236.5,237.3,239.5,0.997,neutral
62,804.0,"(42,446/42,446)",1.0,health_readout,,,0.12064,0.37984,0.07849,0.0155,,238.6,237.4,238.5,1.005,neutral
62,804.0,Crucible of the Dead,1.0,other,,,0.89244,0.9713,0.09738,0.01852,,211.0,208.4,191.9,1.012,neutral
62,804.0,"(42,446/42,446)",1.0,health_readout,,,0.45349,0.34884,0.07849,0.01809,,228.3,227.6,228.9,1.003,neutral
62,804.0,20005/20005,1.0,health_readout,,,0.30233,0.05426,0.05378,0.0155,,234.9,228.3,227.1,1.029,cream_dealt
62,804.0,100,1.0,hud,100,,0.48983,0.05685,0.0189,0.0155,,245.1,204.9,97.8,1.196,cream_dealt
62,804.0,1539/2576,1.0,health_readout,,,0.64813,0.05061,0.04532,0.02023,,225.5,232.7,230.1,0.969,neutral
62,804.0,9:50:50 PM,0.5,other,,,0.00872,0.93796,0.07558,0.01852,,214.5,205.0,188.0,1.046,cream_dealt
62,804.0,O Eliminate all Enemies,0.5,other,,,0.87936,0.66111,0.08576,0.01589,,217.3,220.1,221.6,0.987,neutral
62,804.0,Sandelaw ~ flầyer,0.5,other,,,0.4375,0.96111,0.12355,0.0287,,217.9,207.5,107.0,1.05,cream_dealt
62,804.0,7091 x1.89,0.5,crit_garbled,,1.89,0.54506,0.3876,0.06686,0.01809,1.89,234.0,215.0,128.8,1.089,cream_dealt
62,804.0,"1,397",0.3,bare,1397,,0.75145,0.86305,0.02326,0.01292,,220.4,214.2,224.5,1.029,cream_dealt
62,804.0,118.,0.3,other,,,0.78052,0.86305,0.01744,0.0155,,230.1,220.1,189.6,1.046,cream_dealt
62,804.0,X8,0.3,other,,,0.81686,0.89922,0.03198,0.03876,,254.3,246.8,214.3,1.03,cream_dealt
62,804.0,104,0.3,bare,104,,0.48837,0.9509,0.02035,0.01034,,191.3,127.3,58.2,1.503,cream_dealt
62,804.0,"0//0X1,09",0.3,other,,,0.54942,0.40568,0.06105,0.01292,,232.0,215.6,134.6,1.076,cream_dealt
63,806.0,Gladiator,1.0,other,,,0.00573,0.97088,0.04523,0.01948,,213.1,209.7,191.9,1.016,neutral
63,806.0,9:50:52 PM,1.0,other,,,0.01017,0.93796,0.07413,0.01574,,214.4,207.8,192.9,1.032,cream_dealt
63,806.0,Beast,1.0,other,,,0.48547,0.90181,0.02907,0.0155,,234.7,231.7,227.8,1.013,neutral
63,806.0,125,1.0,hud,125,,0.71948,0.88889,0.0218,0.0155,,188.1,174.4,150.3,1.078,cream_dealt
63,806.0,01:26,1.0,other,,,0.77616,0.88889,0.0218,0.01292,,186.6,178.7,159.0,1.044,cream_dealt
63,806.0,158,1.0,hud,158,,0.82558,0.85013,0.0189,0.01809,,193.9,86.6,45.7,2.238,red_taken
63,806.0,"(99,432/199,111)",1.0,health_readout,,,0.31686,0.69767,0.0843,0.0155,,225.5,226.5,228.6,0.996,neutral
63,806.0,"(118,447/203,230)",1.0,health_readout,,,0.30669,0.66925,0.09012,0.0155,,233.6,231.4,234.5,1.009,neutral
63,806.0,42164,1.0,bare,42164,,0.32558,0.62016,0.02471,0.01292,,135.9,134.6,134.2,1.01,neutral
63,806.0,"(161,144/480,530)",1.0,health_readout,,,0.43605,0.69509,0.09012,0.01292,,238.1,239.1,241.5,0.996,neutral
63,806.0,"(312,593/448,397)",1.0,health_readout,,,0.5218,0.62791,0.09012,0.0155,,237.0,233.7,233.5,1.014,neutral
63,806.0,"(359,600/448,397)",1.0,health_readout,,,0.48256,0.4832,0.09157,0.0155,,243.3,229.6,234.1,1.06,cream_dealt
63,806.0,19564 (x1.67),1.0,crit,19564,1.67,0.47814,0.36897,0.06262,0.02434,1.67,249.2,241.8,244.8,1.031,cream_dealt
63,806.0,Objectives,1.0,other,,,0.87347,0.68143,0.05538,0.01957,,231.7,174.6,95.5,1.328,cream_dealt
63,806.0,9247,1.0,bare,9247,,0.66134,0.44444,0.01453,0.01292,,120.8,111.4,110.5,1.084,cream_dealt
63,806.0,"(13,563/42,446)",1.0,health_readout,,,0.3314,0.22222,0.07994,0.0155,,229.8,234.0,230.4,0.982,neutral
63,806.0,19569 (x1.67),1.0,crit,19569,1.67,0.36047,0.11852,0.04797,0.01326,1.67,243.5,225.4,199.1,1.08,cream_dealt
63,806.0,20005/20005,1.0,health_readout,,,0.30233,0.05426,0.05378,0.01292,,237.4,227.9,226.8,1.042,cream_dealt
63,806.0,100,1.0,hud,100,,0.48983,0.05685,0.0189,0.0155,,245.1,204.9,97.8,1.196,cream_dealt
63,806.0,1447/2576,1.0,health_readout,,,0.64826,0.05168,0.04506,0.02067,,218.5,237.6,233.7,0.92,neutral
63,806.0,Sandelaw ~ Matriarch,0.5,other,,,0.42587,0.96382,0.14535,0.02067,,232.9,213.6,113.5,1.09,cream_dealt
63,806.0,Crueible of the Dead,0.5,other,,,0.89093,0.95806,0.09895,0.03221,,200.3,195.5,170.9,1.025,cream_dealt
63,806.0,"(20,005/20,005)",0.5,health_readout,,,0.46056,0.60424,0.08619,0.02324,,212.2,210.1,207.5,1.01,neutral
63,806.0,16:589037(x1.79),0.5,crit_garbled,,1.79,0.48401,0.3876,0.10029,0.02584,1.79,249.5,236.2,222.0,1.056,cream_dealt
63,806.0,1680 (x1.77)),0.5,crit_garbled,,1.77,0.43167,0.32541,0.06835,0.02618,1.77,206.5,201.9,195.0,1.022,cream_dealt
63,806.0,Eliminate all Enemies,0.5,other,,,0.87936,0.66111,0.08576,0.01589,,222.4,224.1,223.2,0.992,neutral
63,806.0,22912 (x1.77),0.5,crit,22912,1.77,0.54506,0.30463,0.07122,0.0213,1.77,221.6,211.3,131.0,1.049,cream_dealt
63,806.0,"(40,558/42,446]25/42,446)",0.5,other,,,0.12355,0.02326,0.13372,0.02584,,214.2,211.3,207.9,1.014,neutral
63,806.0,"UOD (280.007/480,530 05",0.3,other,,,0.44088,0.82405,0.29286,0.0764,,143.0,111.6,97.3,1.281,cream_dealt
63,806.0,X8,0.3,other,,,0.81686,0.89922,0.03198,0.03876,,254.3,246.8,214.3,1.03,cream_dealt
63,806.0,14.172,0.3,other,,,0.4782,0.65375,0.02035,0.00775,,175.8,165.9,136.9,1.059,cream_dealt
63,806.0,100050,0.3,bare,100050,,0.48837,0.54264,0.01744,0.01292,,222.6,138.1,201.0,1.612,red_taken
63,806.0,(206-04204380704) 7,0.3,other,,,0.45051,0.49301,0.10624,0.045,,239.2,192.9,216.9,1.24,cream_dealt
63,806.0,(90.0700450.09+),0.3,other,,,0.44767,0.45478,0.08576,0.01809,,239.3,217.2,221.3,1.102,cream_dealt
64,808.0,Gladiator,1.0,other,,,0.00577,0.97375,0.04514,0.01632,,212.9,210.4,192.2,1.012,neutral
64,808.0,9:50:54,1.0,other,,,0.01016,0.93784,0.04654,0.01578,,212.6,207.0,191.4,1.027,cream_dealt
64,808.0,Sandclaw ~ Matriarch,1.0,other,,,0.42878,0.96641,0.14244,0.01809,,227.9,214.8,122.2,1.061,cream_dealt
64,808.0,Crucible of the Dead,1.0,other,,,0.89236,0.96032,0.09755,0.03027,,203.9,198.4,177.8,1.028,cream_dealt
64,808.0,Beast,1.0,other,,,0.48692,0.90181,0.02762,0.0155,,226.4,228.5,230.8,0.991,neutral
64,808.0,125,1.0,hud,125,,0.71948,0.88889,0.01453,0.01292,,188.5,178.4,154.2,1.057,cream_dealt
64,808.0,01:40,1.0,other,,,0.77616,0.88889,0.02035,0.01292,,187.2,182.9,164.8,1.024,cream_dealt
64,808.0,158,1.0,hud,158,,0.82558,0.85013,0.0189,0.01809,,194.7,85.9,44.2,2.267,red_taken
64,808.0,"(249,737/480,530)",1.0,health_readout,,,0.53779,0.81395,0.09012,0.0155,,238.1,237.1,238.2,1.004,neutral
64,808.0,Objectives,1.0,other,,,0.87351,0.68178,0.05531,0.01887,,229.8,172.8,97.4,1.33,cream_dealt
64,808.0,"(20.005/20,005)",1.0,other,,,0.46221,0.61499,0.07849,0.01809,,232.0,236.0,239.0,0.983,neutral
64,808.0,32307,1.0,bare,32307,,0.48837,0.48579,0.02762,0.0155,,219.1,190.5,184.3,1.15,cream_dealt
64,808.0,87328 (x1.79),1.0,crit,87328,1.79,0.42297,0.34074,0.0843,0.0213,1.79,237.7,237.6,193.2,1.001,neutral
64,808.0,9792,1.0,bare,9792,,0.48983,0.17571,0.01744,0.0155,,194.7,177.3,174.8,1.098,cream_dealt
64,808.0,20005/20005,1.0,health_readout,,,0.30233,0.05426,0.05378,0.0155,,234.2,228.1,224.4,1.027,cream_dealt
64,808.0,100,1.0,hud,100,,0.48983,0.05685,0.0189,0.0155,,244.5,205.3,97.2,1.191,cream_dealt
64,808.0,1424/2576,1.0,health_readout,,,0.64826,0.05168,0.04506,0.02067,,225.1,235.8,231.7,0.955,neutral
64,808.0,PM,0.5,other,,,0.0625,0.93282,0.02326,0.02067,,211.1,205.5,184.4,1.028,cream_dealt
64,808.0,O Eliminate all Enemies,0.5,other,,,0.87936,0.66111,0.08576,0.01589,,218.9,221.8,223.2,0.987,neutral
64,808.0,75674 (x1.79),0.5,crit,75674,1.79,0.44767,0.38241,0.08285,0.02328,1.79,242.6,235.5,197.5,1.03,cream_dealt
64,808.0,"(34,869/42,446) (32.748/42,446)",0.5,other,,,0.15407,0.15463,0.15552,0.01852,,216.3,226.8,232.4,0.954,neutral
64,808.0,1279040,0.3,bare,1279040,,0.05378,0.99483,0.03924,0.00517,,241.4,247.3,249.4,0.976,neutral
64,808.0,EwOTDIOLITAU,0.3,other,,,0.18605,0.99483,0.07849,0.00517,,231.3,240.9,228.6,0.96,neutral
64,808.0,X8,0.3,other,,,0.81686,0.89922,0.03198,0.03876,,254.0,247.7,215.3,1.025,cream_dealt
64,808.0,1 42011,0.3,other,,,0.50727,0.52963,0.03924,0.01574,,220.6,184.5,174.3,1.196,cream_dealt
65,810.0,Gladiator,1.0,other,,,0.00573,0.97332,0.04523,0.01719,,222.1,209.5,197.0,1.06,cream_dealt
65,810.0,9:50:56,1.0,other,,,0.00869,0.93766,0.04803,0.01614,,219.4,206.1,192.8,1.065,cream_dealt
65,810.0,flamegore ~ Burning,1.0,other,,,0.43023,0.96382,0.13808,0.02067,,211.7,161.1,108.1,1.314,cream_dealt
65,810.0,Undead,1.0,other,,,0.48256,0.90181,0.03488,0.0155,,232.5,232.7,232.6,0.999,neutral
65,810.0,Crucible of the Dead,1.0,other,,,0.89244,0.9713,0.09738,0.01852,,215.5,208.4,192.9,1.034,cream_dealt
65,810.0,125,1.0,hud,125,,0.71802,0.88889,0.02471,0.01809,,191.8,174.6,151.5,1.098,cream_dealt
65,810.0,01:38,1.0,other,,,0.77616,0.88889,0.0218,0.0155,,185.7,180.7,162.5,1.028,cream_dealt
65,810.0,158,1.0,hud,158,,0.82558,0.85013,0.0189,0.01809,,194.6,85.9,44.3,2.266,red_taken
65,810.0,31723,1.0,bare,31723,,0.43605,0.57106,0.02762,0.01809,,217.4,174.1,141.4,1.249,cream_dealt
65,810.0,"(384,060/589,958)",1.0,health_readout,,,0.52616,0.69767,0.09012,0.0155,,239.8,238.5,241.8,1.005,neutral
65,810.0,6567,1.0,bare,6567,,0.54797,0.62791,0.01599,0.01292,,208.3,191.6,190.2,1.087,cream_dealt
65,810.0,16865,1.0,bare,16865,,0.54215,0.58915,0.02326,0.0155,,196.7,178.7,173.3,1.1,cream_dealt
65,810.0,Objectives,1.0,other,,,0.87351,0.68183,0.0553,0.01876,,229.0,171.8,96.3,1.333,cream_dealt
65,810.0,17866,1.0,bare,17866,,0.32558,0.52713,0.02035,0.01292,,116.6,98.9,92.5,1.179,cream_dealt
65,810.0,20005/20005,1.0,health_readout,,,0.30233,0.05426,0.05378,0.0155,,235.2,227.4,226.6,1.034,cream_dealt
65,810.0,100,1.0,hud,100,,0.48983,0.05685,0.0189,0.0155,,244.5,205.3,97.2,1.191,cream_dealt
65,810.0,1287/2576,1.0,health_readout,,,0.64968,0.05397,0.04367,0.0161,,234.0,238.5,238.6,0.981,neutral
65,810.0,O Eliminate all Enemies,0.5,other,,,0.87936,0.66111,0.08576,0.01589,,220.6,222.4,222.3,0.992,neutral
65,810.0,PM,0.3,other,,,0.06395,0.93798,0.02035,0.0155,,224.2,205.3,193.5,1.092,cream_dealt
65,810.0,-1G ĐẨU GUAC 2,0.3,other,,,0.4564,0.93519,0.09012,0.0287,,181.0,138.1,126.7,1.31,cream_dealt
65,810.0,X8,0.3,other,,,0.81686,0.89922,0.03198,0.03876,,254.0,247.3,214.8,1.027,cream_dealt
65,810.0,"45194 (x,68g)",0.3,other,,,0.36315,0.64883,0.07893,0.03051,,224.1,207.2,130.1,1.081,cream_dealt
65,810.0,"42580 (x1,709.005/20,005)",0.3,crit_garbled,,1.7,0.41134,0.60982,0.12791,0.02351,1.70,239.0,230.3,201.6,1.038,cream_dealt
65,810.0,53 108/(79),0.3,other,,,0.52326,0.64074,0.07994,0.04444,,214.0,198.0,179.5,1.081,cream_dealt
66,812.0,Gladiator,1.0,other,,,0.00577,0.97376,0.04514,0.0163,,213.5,210.2,191.9,1.016,neutral
66,812.0,9:50:58,1.0,other,,,0.01015,0.93775,0.04656,0.01597,,213.7,207.1,191.5,1.032,cream_dealt
66,812.0,Crucible of the Dead,1.0,other,,,0.89244,0.9713,0.09738,0.01852,,211.8,208.5,192.8,1.016,neutral
66,812.0,125,1.0,hud,125,,0.71948,0.88889,0.01744,0.0155,,181.8,171.3,147.8,1.061,cream_dealt
66,812.0,01:28,1.0,other,,,0.77613,0.88871,0.02187,0.01327,,188.8,180.7,157.2,1.045,cream_dealt
66,812.0,159,1.0,hud,159,,0.82703,0.85013,0.01744,0.01809,,198.0,85.3,43.4,2.321,red_taken
66,812.0,"22499 (x1,77)",1.0,crit_garbled,,1.77,0.80087,0.69251,0.05523,0.01583,1.77,203.0,204.9,138.3,0.991,neutral
66,812.0,Objectives,1.0,other,,,0.87351,0.68179,0.05531,0.01885,,230.5,172.9,96.1,1.334,cream_dealt
66,812.0,"(20,005/20,005)",1.0,health_readout,,,0.46076,0.61757,0.07849,0.01292,,241.9,241.8,242.4,1.0,neutral
66,812.0,20005/20005,1.0,health_readout,,,0.30233,0.05426,0.05378,0.0155,,235.8,227.9,225.3,1.034,cream_dealt
66,812.0,00,1.0,hud,0,,0.49419,0.05685,0.01453,0.0155,,245.6,206.1,100.0,1.192,cream_dealt
66,812.0,1169/2576,1.0,health_readout,,,0.64826,0.05168,0.04506,0.01809,,232.6,233.3,236.8,0.997,neutral
66,812.0,"(1,577,359/1.",0.5,other,,,0.78779,0.80879,0.06831,0.0155,,214.7,219.0,215.5,0.98,neutral
66,812.0,O Eliminate all Enemies,0.5,other,,,0.87936,0.66111,0.08576,0.01589,,217.3,220.7,222.2,0.985,neutral
66,812.0,PM,0.3,other,,,0.06395,0.93798,0.02035,0.0155,,214.3,206.8,186.8,1.037,cream_dealt
66,812.0,X9,0.3,other,,,0.81541,0.89664,0.03198,0.04134,,254.1,251.8,223.2,1.009,neutral
67,814.0,Gladiator,1.0,other,,,0.00563,0.97224,0.04543,0.01935,,213.9,209.8,193.5,1.02,neutral
67,814.0,9:51:00,1.0,other,,,0.00872,0.93798,0.04797,0.0155,,215.7,205.4,187.3,1.05,cream_dealt
67,814.0,20005/20005,1.0,health_readout,,,0.30233,0.05426,0.05378,0.0155,,233.1,229.4,225.7,1.016,neutral
67,814.0,"(20,005/20,005)",1.0,health_readout,,,0.46076,0.61757,0.07994,0.01292,,239.0,244.8,240.7,0.976,neutral
67,814.0,125,1.0,hud,125,,0.71948,0.88889,0.0218,0.0155,,187.9,174.6,149.6,1.076,cream_dealt
67,814.0,01:26,1.0,other,,,0.77613,0.88871,0.02187,0.01327,,184.1,178.0,157.8,1.034,cream_dealt
67,814.0,159,1.0,hud,159,,0.82558,0.85013,0.0189,0.01809,,195.8,85.7,41.6,2.285,red_taken
67,814.0,Objectives,1.0,other,,,0.87353,0.682,0.05527,0.01843,,230.4,172.0,94.6,1.339,cream_dealt
67,814.0,"(2,018,354/2,029,761)",1.0,health_readout,,,0.57994,0.39793,0.10901,0.0155,,228.3,223.9,223.3,1.019,neutral
67,814.0,"(102,327/102,327)",1.0,health_readout,,,0.75145,0.08269,0.09012,0.01809,,221.2,219.8,216.5,1.006,neutral
67,814.0,1594/2576,1.0,health_readout,,,0.64969,0.05408,0.04364,0.01586,,236.1,238.9,241.1,0.988,neutral
67,814.0,"72/2,025,309)",0.5,health_readout,,,0.13372,0.13695,0.07122,0.01292,,227.3,231.6,236.6,0.981,neutral
67,814.0,"Crucible, 853 tks Dead",0.5,other,,,0.89099,0.96111,0.09884,0.0287,,209.4,206.1,181.7,1.016,neutral
67,814.0,X9,0.5,other,,,0.81686,0.89922,0.03052,0.03876,,252.7,250.0,228.2,1.011,neutral
67,814.0,O Eliminate all Enemies,0.5,other,,,0.87936,0.66111,0.08576,0.01589,,220.5,219.4,218.9,1.005,neutral
67,814.0,PM,0.3,other,,,0.0625,0.93282,0.0218,0.02067,,214.4,206.1,179.8,1.04,cream_dealt
67,814.0,003,0.3,bare,3,,0.10901,0.13953,0.02035,0.01292,,235.6,237.6,243.1,0.992,neutral
68,816.0,Gladiator,1.0,other,,,0.00577,0.97377,0.04514,0.01629,,211.5,210.8,191.2,1.004,neutral
68,816.0,9:51:02,1.0,other,,,0.0087,0.93773,0.04802,0.01601,,209.9,205.8,190.9,1.02,cream_dealt
68,816.0,PM,1.0,other,,,0.05669,0.93798,0.02907,0.0155,,212.1,205.0,185.4,1.035,cream_dealt
68,816.0,8789,1.0,bare,8789,,0.31977,0.80362,0.01308,0.01034,,171.7,165.5,160.0,1.038,cream_dealt
68,816.0,"(1,975,659/2,025,309)",1.0,health_readout,,,0.30814,0.46512,0.10901,0.01292,,241.8,240.7,238.4,1.005,neutral
68,816.0,19214/20005,1.0,health_readout,,,0.30233,0.05426,0.05378,0.0155,,233.5,227.5,221.5,1.026,cream_dealt
68,816.0,Margul the,1.0,other,,,0.43605,0.96111,0.07703,0.02339,,172.7,150.3,177.3,1.149,cream_dealt
68,816.0,Rotting,1.0,other,,,0.51163,0.96124,0.05087,0.02326,,172.5,147.8,178.7,1.167,cream_dealt
68,816.0,Insectoid,1.0,other,,,0.47674,0.90181,0.04651,0.0155,,234.0,228.9,222.8,1.022,cream_dealt
68,816.0,Crucible of the Dead,1.0,other,,,0.89244,0.9713,0.09738,0.01852,,211.6,208.3,191.5,1.016,neutral
68,816.0,125,1.0,hud,125,,0.71948,0.88889,0.01453,0.01292,,188.9,178.3,154.4,1.059,cream_dealt
68,816.0,01:24,1.0,other,,,0.77616,0.88889,0.0218,0.01292,,186.9,179.2,156.6,1.043,cream_dealt
68,816.0,159,1.0,hud,159,,0.82558,0.85013,0.0189,0.01809,,200.3,84.2,37.4,2.38,red_taken
68,816.0,Objectives,1.0,other,,,0.87352,0.68195,0.05528,0.01853,,230.6,171.9,95.5,1.341,cream_dealt
68,816.0,"(16,958/102,327)",1.0,health_readout,,,0.55959,0.39535,0.08721,0.02067,,217.7,212.8,207.2,1.023,cream_dealt
68,816.0,34213 (x1.77),1.0,crit,34213,1.77,0.54215,0.3385,0.07267,0.02076,1.77,220.3,211.6,109.8,1.041,cream_dealt
68,816.0,"(51,084/102,327)",1.0,health_readout,,,0.68459,0.19638,0.0843,0.0155,,239.6,233.9,227.7,1.025,cream_dealt
68,816.0,"(44,560/102,327)",1.0,health_readout,,,0.62209,0.16537,0.08866,0.0155,,235.1,230.3,227.0,1.021,cream_dealt
68,816.0,3789,1.0,bare,3789,,0.63372,0.10853,0.02471,0.0155,,240.3,231.6,187.1,1.037,cream_dealt
68,816.0,100,1.0,hud,100,,0.49273,0.05685,0.01599,0.01292,,247.2,206.9,103.6,1.194,cream_dealt
68,816.0,1594/2576,1.0,health_readout,,,0.64817,0.05095,0.04524,0.01954,,232.1,236.3,236.4,0.982,neutral
68,816.0,O Eliminate all Enemies,0.5,other,,,0.87936,0.66111,0.08576,0.01589,,223.2,220.4,217.4,1.013,neutral
68,816.0,4915,0.5,bare,4915,,0.53052,0.5168,0.01453,0.0155,,184.4,175.1,155.1,1.053,cream_dealt
68,816.0,SA ĐẢU QUÃ6,0.3,other,,,0.44709,0.93654,0.07494,0.02962,,200.3,154.8,137.9,1.294,cream_dealt
68,816.0,X9,0.3,other,,,0.81541,0.89664,0.03343,0.04134,,254.2,248.4,221.0,1.024,cream_dealt
68,816.0,"27866 6(79,214/20,005)",0.3,other,,,0.43169,0.60724,0.10901,0.02332,,214.2,221.7,173.1,0.966,neutral
68,816.0,"(8.100.805(2.029,761)",0.3,other,,,0.4782,0.57623,0.11192,0.02584,,211.2,208.3,219.7,1.014,neutral
68,816.0,(012809658801.79),0.3,other,,,0.45203,0.5323,0.11047,0.03101,,214.2,205.3,155.6,1.043,cream_dealt
68,816.0,1682 K162 (x1.89),0.3,crit_garbled,,1.89,0.46657,0.49352,0.10465,0.02593,1.89,226.3,213.5,104.6,1.06,cream_dealt
68,816.0,39670,0.3,bare,39670,,0.48837,0.4677,0.02471,0.01292,,162.2,152.4,114.8,1.064,cream_dealt
69,818.0,Gladiator,1.0,other,,,0.00577,0.97376,0.04514,0.0163,,227.1,198.0,177.5,1.147,cream_dealt
69,818.0,9:51:04,1.0,other,,,0.00871,0.93786,0.04799,0.01576,,221.5,195.6,178.2,1.132,cream_dealt
69,818.0,Eldritch Stormebaser,1.0,other,,,0.43169,0.96641,0.13517,0.01809,,220.0,209.7,131.2,1.049,cream_dealt
69,818.0,PM,1.0,other,,,0.0625,0.9354,0.02326,0.01809,,221.7,191.9,173.5,1.156,cream_dealt
69,818.0,Beast,1.0,other,,,0.4564,0.90181,0.02907,0.0155,,225.1,221.3,226.6,1.017,neutral
69,818.0,Eldritch,1.0,other,,,0.50286,0.9014,0.03934,0.01632,,224.9,224.8,223.6,1.001,neutral
69,818.0,"(338,943/403,232)",1.0,health_readout,,,0.45349,0.72868,0.09012,0.0155,,232.6,229.0,228.7,1.016,neutral
69,818.0,"(1,924,458/2,025,309)",1.0,health_readout,,,0.35029,0.55814,0.11192,0.0155,,238.1,233.5,236.1,1.02,neutral
69,818.0,"(16,472020,005)",1.0,other,,,0.46221,0.61499,0.07849,0.01292,,240.4,241.0,228.7,0.998,neutral
69,818.0,5205 (x1.67),1.0,crit,5205,1.67,0.35317,0.49332,0.05383,0.01853,1.67,237.3,230.4,205.1,1.03,cream_dealt
69,818.0,16472/20005,1.0,health_readout,,,0.30233,0.05426,0.05378,0.0155,,234.4,225.6,217.7,1.039,cream_dealt
69,818.0,100,1.0,hud,100,,0.48983,0.05685,0.0189,0.0155,,245.3,204.0,98.0,1.202,cream_dealt
69,818.0,24,1.0,bare,24,,0.43605,0.01292,0.01308,0.01292,,254.1,251.4,255.0,1.011,neutral
69,818.0,Crucible of the Dead,1.0,other,,,0.89244,0.9713,0.09738,0.01852,,212.5,208.1,191.8,1.021,cream_dealt
69,818.0,125,1.0,hud,125,,0.71948,0.88889,0.01599,0.01292,,187.1,176.3,152.5,1.061,cream_dealt
69,818.0,01:22,1.0,other,,,0.77616,0.88889,0.0218,0.01292,,186.4,178.6,160.8,1.044,cream_dealt
69,818.0,159,1.0,hud,159,,0.82558,0.85013,0.0189,0.01809,,200.1,84.1,37.4,2.381,red_taken
69,818.0,"(1,524",1.0,other,,,0.61919,0.83979,0.03343,0.0155,,211.3,216.4,218.6,0.976,neutral
69,818.0,Objectives,1.0,other,,,0.87351,0.68182,0.0553,0.01879,,230.1,170.8,94.4,1.347,cream_dealt
69,818.0,Q Eliminate all Enemies,1.0,other,,,0.87936,0.66111,0.08576,0.01589,,218.2,216.3,216.0,1.009,neutral
69,818.0,1567/2576,1.0,health_readout,,,0.64826,0.05168,0.04506,0.01809,,231.8,233.6,233.9,0.992,neutral
69,818.0,3882 (x1.67),0.5,crit,3882,1.67,0.36773,0.47287,0.05523,0.01809,1.67,233.5,229.3,195.6,1.018,neutral
69,818.0,5755 (x1467),0.5,other,,,0.56541,0.37963,0.04506,0.01314,,184.6,170.7,83.6,1.082,cream_dealt
69,818.0,454 (x1.5,0.3,other,,,0.52035,0.60185,0.02907,0.01314,,251.7,225.5,188.8,1.116,cream_dealt
69,818.0,"(612.066/2,029.T61)",0.3,other,,,0.48401,0.57106,0.1032,0.02326,,242.2,232.8,228.3,1.04,cream_dealt
69,818.0,"164%6,(x1.79)",0.3,crit_garbled,,1.79,0.48252,0.55271,0.05821,0.02636,1.79,241.8,222.3,196.4,1.087,cream_dealt
69,818.0,3580,0.3,bare,3580,,0.4782,0.53488,0.01453,0.01034,,225.1,187.8,160.7,1.199,cream_dealt
69,818.0,16935 gg3023X 1279),0.3,other,,,0.46802,0.49352,0.08721,0.02328,,219.8,199.5,157.7,1.102,cream_dealt
69,818.0,"7079 (x1,422",0.3,crit_garbled,,1.42,0.52614,0.44943,0.04947,0.02105,1.42,237.3,217.9,153.9,1.089,cream_dealt
69,818.0,X9,0.3,other,,,0.81541,0.89664,0.03343,0.04134,,254.2,248.4,221.0,1.024,cream_dealt
70,820.0,Cladiator,1.0,other,,,0.00571,0.97309,0.04528,0.01764,,240.2,134.3,102.1,1.789,red_taken
70,820.0,9:51:06,1.0,other,,,0.00872,0.9354,0.04797,0.01809,,231.2,140.0,119.6,1.651,red_taken
70,820.0,PM,1.0,other,,,0.0625,0.9354,0.0218,0.01809,,239.5,138.2,115.5,1.733,red_taken
70,820.0,Margul the Rotting,1.0,other,,,0.4375,0.96382,0.125,0.02067,,176.1,146.9,172.2,1.199,cream_dealt
70,820.0,Insectoid,1.0,other,,,0.47674,0.90181,0.04651,0.0155,,235.8,226.6,223.6,1.041,cream_dealt
70,820.0,"(2,320,326/2,340,860)",1.0,health_readout,,,0.40552,0.58398,0.11047,0.0155,,234.0,222.4,225.7,1.053,cream_dealt
70,820.0,"(1,669,983/2,025,309)",1.0,health_readout,,,0.42297,0.31783,0.10901,0.0155,,233.8,233.2,232.9,1.003,neutral
70,820.0,19881/20005,1.0,health_readout,,,0.30233,0.05426,0.05378,0.0155,,235.8,227.9,223.9,1.035,cream_dealt
70,820.0,100,1.0,hud,100,,0.48983,0.05685,0.0189,0.0155,,245.3,204.0,98.0,1.202,cream_dealt
70,820.0,22,1.0,bare,22,,0.43459,0.01034,0.01453,0.01809,,251.5,248.7,254.9,1.011,neutral
70,820.0,125,1.0,hud,125,,0.71948,0.88889,0.01453,0.01292,,188.9,178.3,154.4,1.059,cream_dealt
70,820.0,8158,1.0,bare,8158,,0.6468,0.24806,0.01453,0.01292,,224.8,177.2,148.9,1.268,cream_dealt
70,820.0,57529 (x1.89),1.0,crit,57529,1.89,0.63081,0.22222,0.0843,0.02326,1.89,218.3,186.4,125.1,1.171,cream_dealt
70,820.0,1581/2576,1.0,health_readout,,,0.64821,0.05133,0.04515,0.01879,,234.9,235.8,235.7,0.996,neutral
70,820.0,Crucible of the Dead,1.0,other,,,0.89244,0.9713,0.09738,0.01852,,218.1,197.8,185.1,1.103,cream_dealt
70,820.0,01:20,1.0,other,,,0.77616,0.88889,0.02035,0.01292,,190.0,182.6,167.0,1.04,cream_dealt
70,820.0,159,1.0,hud,159,,0.82558,0.85013,0.0189,0.01809,,200.8,84.6,38.1,2.372,red_taken
70,820.0,Objectives,1.0,other,,,0.87352,0.68194,0.05528,0.01856,,234.9,169.7,98.9,1.384,cream_dealt
70,820.0,"(1,523,899/1,599,856)",1.0,health_readout,,,0.78052,0.57364,0.11047,0.0155,,230.6,233.8,232.7,0.986,neutral
70,820.0,436 (x1.77),1.0,crit,436,1.77,0.7718,0.37468,0.0407,0.01329,1.77,135.3,178.2,151.4,0.759,neutral
70,820.0,"(1.873,134,",0.5,other,,,0.38808,0.81912,0.05814,0.0155,,221.2,201.0,200.3,1.101,cream_dealt
70,820.0,"(19,881029,005)",0.5,other,,,0.4593,0.6124,0.07849,0.01809,,232.3,223.9,223.7,1.037,cream_dealt
70,820.0,"(5,599/2,029,761)",0.5,health_readout,,,0.5,0.53747,0.08721,0.0155,,234.5,228.1,229.0,1.028,cream_dealt
70,820.0,O Eliminate all Enemies,0.5,other,,,0.87936,0.66111,0.08576,0.01589,,215.9,218.0,218.9,0.991,neutral
70,820.0,HaĐUEC,0.3,other,,,0.44655,0.92898,0.09175,0.04576,,175.1,149.7,143.7,1.17,cream_dealt
70,820.0,227089,0.3,bare,227089,,0.47384,0.64341,0.02471,0.01292,,219.2,196.2,209.3,1.117,cream_dealt
70,820.0,"38517 (x1,79)",0.3,crit_garbled,,1.79,0.4782,0.51163,0.0625,0.01809,1.79,249.2,224.5,201.5,1.11,cream_dealt
70,820.0,13199 (x160 185 (1.89),0.3,other,,,0.45058,0.17037,0.12936,0.0287,,217.8,227.0,155.3,0.959,neutral
70,820.0,4399,0.3,bare,4399,,0.62355,0.31266,0.02035,0.01292,,221.4,191.8,171.5,1.154,cream_dealt
70,820.0,X9,0.3,other,,,0.81541,0.89664,0.03343,0.04134,,254.2,248.4,221.0,1.024,cream_dealt
71,822.0,Gladiator,1.0,other,,,0.00569,0.97296,0.0453,0.01791,,210.3,206.8,193.4,1.017,neutral
71,822.0,9,1.0,bare,9,,0.00872,0.93798,0.00727,0.0155,,211.5,203.8,186.8,1.038,cream_dealt
71,822.0,5,1.0,bare,5,,0.0218,0.93798,0.00872,0.0155,,212.5,205.5,195.7,1.034,cream_dealt
71,822.0,Korvan Maggot,1.0,other,,,0.45058,0.96382,0.09884,0.02067,,247.9,246.9,247.5,1.004,neutral
71,822.0,Crucible of the Dead,1.0,other,,,0.89244,0.9713,0.09738,0.01852,,213.4,203.8,188.1,1.047,cream_dealt
71,822.0,8,1.0,bare,8,,0.04797,0.93798,0.00872,0.0155,,220.8,209.7,194.7,1.053,cream_dealt
71,822.0,Insectoid,1.0,other,,,0.47674,0.90181,0.04651,0.0155,,232.0,232.5,231.0,0.998,neutral
71,822.0,125,1.0,hud,125,,0.71802,0.88889,0.02326,0.0155,,188.5,175.1,150.3,1.077,cream_dealt
71,822.0,01:18,1.0,other,,,0.77616,0.88889,0.0218,0.0155,,185.5,179.1,159.1,1.036,cream_dealt
71,822.0,159,1.0,hud,159,,0.82558,0.85013,0.0189,0.01809,,199.0,83.7,39.7,2.377,red_taken
71,822.0,"(1,726,361/2,029,761)",1.0,health_readout,,,0.36919,0.82171,0.10901,0.0155,,232.7,225.5,223.2,1.032,cream_dealt
71,822.0,ot ready,1.0,other,,,0.51302,0.76703,0.03646,0.0189,,216.1,68.3,38.4,3.164,red_taken
71,822.0,"(2,198,972/2,840,860)",1.0,health_readout,,,0.44477,0.74677,0.10756,0.01809,,230.1,219.3,233.4,1.049,cream_dealt
71,822.0,Objectives,1.0,other,,,0.87355,0.68217,0.05523,0.01809,,231.9,170.9,98.8,1.357,cream_dealt
71,822.0,"261 (x1.77) (1,415,740/1,599,856)",1.0,crit_garbled,,1.77,0.4564,0.6537,0.1657,0.01852,1.77,226.9,211.8,191.2,1.071,cream_dealt
71,822.0,"(59,982/102,327)",1.0,health_readout,,,0.57122,0.55039,0.0843,0.01292,,238.7,238.1,240.5,1.002,neutral
71,822.0,12374,1.0,bare,12374,,0.50145,0.54005,0.0189,0.01034,,184.0,159.1,153.7,1.157,cream_dealt
71,822.0,20910,1.0,bare,20910,,0.48692,0.52196,0.02471,0.01292,,214.9,202.4,197.7,1.061,cream_dealt
71,822.0,29105 (x1.99),1.0,crit,29105,1.99,0.52616,0.50904,0.07849,0.02067,1.99,184.6,160.6,101.3,1.149,cream_dealt
71,822.0,20005/20005,1.0,health_readout,,,0.30233,0.05426,0.05378,0.0155,,234.0,227.9,224.2,1.027,cream_dealt
71,822.0,100,1.0,hud,100,,0.48983,0.05685,0.0189,0.0155,,245.0,204.3,96.7,1.199,cream_dealt
71,822.0,1567/2576,1.0,health_readout,,,0.64821,0.05131,0.04515,0.01882,,230.1,234.9,233.4,0.98,neutral
71,822.0,20,1.0,bare,20,,0.43459,0.01034,0.01453,0.01809,,253.4,251.8,255.0,1.006,neutral
71,822.0,That skill it,0.5,other,,,0.45058,0.77003,0.05378,0.0155,,207.7,72.6,40.9,2.86,red_taken
71,822.0,O Eliminate all Enemies,0.5,other,,,0.88081,0.66111,0.0843,0.01589,,217.6,219.2,223.2,0.993,neutral
71,822.0,"(1.566,524/2,023305y/102,327)(60,242/102,327)",0.5,other,,,0.40843,0.48062,0.23837,0.02326,,217.3,211.3,209.3,1.029,cream_dealt
71,822.0,P,0.3,other,,,0.06395,0.93798,0.00872,0.0155,,207.1,202.5,190.6,1.023,cream_dealt
71,822.0,X9,0.3,other,,,0.81541,0.89664,0.03343,0.04134,,254.2,248.6,220.6,1.022,cream_dealt
71,822.0,(20.0º328đ$o‹t%>),0.3,other,,,0.45636,0.61203,0.09455,0.02917,,224.0,206.5,172.9,1.085,cream_dealt
71,822.0,"(28,421169Zx139)",0.3,other,,,0.48401,0.45736,0.08576,0.02584,,222.7,218.3,209.9,1.02,cream_dealt
71,822.0,34.834/962.323),0.3,other,,,0.47235,0.42859,0.08292,0.02654,,227.8,219.9,211.5,1.036,cream_dealt
71,822.0,327,0.3,bare,327,,0.55523,0.43928,0.0189,0.01292,,228.0,225.1,226.0,1.013,neutral
71,822.0,78164x1-67),0.3,other,,,0.44317,0.39446,0.05551,0.03021,,222.1,208.3,150.2,1.066,cream_dealt
72,824.0,Gladiator,1.0,other,,,0.00567,0.97266,0.04535,0.0185,,240.4,133.2,108.9,1.805,red_taken
72,824.0,9:5,1.0,other,,,0.00727,0.9354,0.02326,0.01809,,234.7,141.5,126.9,1.658,red_taken
72,824.0,:10,1.0,other,,,0.03488,0.9354,0.0218,0.01809,,230.7,136.3,119.1,1.693,red_taken
72,824.0,Crucible of the Dead,1.0,other,,,0.89244,0.9713,0.09738,0.01852,,218.4,200.2,184.0,1.091,cream_dealt
72,824.0,125,1.0,hud,125,,0.71948,0.88889,0.01599,0.01292,,188.1,177.3,153.6,1.061,cream_dealt
72,824.0,01:16,1.0,other,,,0.77616,0.88889,0.0218,0.01292,,186.0,179.5,159.9,1.036,cream_dealt
72,824.0,159,1.0,hud,159,,0.82558,0.85013,0.0189,0.01809,,199.0,83.7,39.7,2.377,red_taken
72,824.0,"(1,435,940/2,029,761)",1.0,health_readout,,,0.37064,0.82687,0.11047,0.0155,,228.7,213.8,208.6,1.07,cream_dealt
72,824.0,"(1,956,36002,340,860)",1.0,other,,,0.44622,0.75194,0.11192,0.01809,,235.6,218.3,228.3,1.079,cream_dealt
72,824.0,Objectives,1.0,other,,,0.87355,0.68217,0.05523,0.01809,,235.3,169.8,96.5,1.386,cream_dealt
72,824.0,944,1.0,bare,944,,0.54506,0.59948,0.01453,0.01292,,198.9,194.3,195.3,1.024,cream_dealt
72,824.0,2410,1.0,bare,2410,,0.52471,0.58398,0.01599,0.01292,,174.0,165.9,167.9,1.049,cream_dealt
72,824.0,2410,1.0,bare,2410,,0.55523,0.57623,0.0189,0.01292,,201.5,201.2,199.3,1.001,neutral
72,824.0,4031,1.0,bare,4031,,0.55087,0.55297,0.01744,0.01034,,206.2,203.4,202.9,1.014,neutral
72,824.0,16381/20005,1.0,health_readout,,,0.30233,0.05426,0.05378,0.0155,,235.0,224.5,221.0,1.047,cream_dealt
72,824.0,100,1.0,hud,100,,0.48983,0.05685,0.0189,0.0155,,245.0,204.3,96.7,1.199,cream_dealt
72,824.0,1458/2576,1.0,health_readout,,,0.64826,0.05168,0.04506,0.01809,,227.1,237.6,234.9,0.956,neutral
72,824.0,18,1.0,bare,18,,0.43605,0.01292,0.01308,0.0155,,253.4,251.5,255.0,1.008,neutral
72,824.0,PM,0.5,other,,,0.0625,0.93282,0.02326,0.02067,,237.1,138.4,119.1,1.713,red_taken
72,824.0,• Eliminate all Enemies,0.5,other,,,0.88081,0.66111,0.0843,0.01589,,216.7,220.2,222.3,0.984,neutral
72,824.0,"(1.473,64002.025,309)",0.5,other,,,0.40988,0.48062,0.11047,0.02326,,231.5,214.3,201.7,1.081,cream_dealt
72,824.0,-,0.3,other,,,0.02907,0.93798,0.00727,0.0155,,230.5,142.9,127.0,1.613,red_taken
72,824.0,X9,0.3,other,,,0.81541,0.89664,0.03343,0.04134,,254.2,248.6,220.6,1.022,cream_dealt
72,824.0,"13664441.89; 104,859/1,599,856)",0.3,other,,,0.46948,0.64815,0.15552,0.02627,,224.6,204.7,178.2,1.097,cream_dealt
72,824.0,"(1%4381/20,005). (7,165/102,327)",0.3,other,,,0.46201,0.61139,0.16177,0.03076,,216.1,188.5,175.2,1.146,cream_dealt
72,824.0,7480,0.3,bare,7480,,0.56395,0.60465,0.0218,0.01809,,205.5,174.2,143.1,1.18,cream_dealt
72,824.0,4332 6x1.77),0.3,crit_garbled,,1.77,0.59593,0.56574,0.04797,0.01852,1.77,157.2,237.9,179.5,0.661,neutral
72,824.0,- €,0.3,other,,,0.4811,0.46253,0.01308,0.0155,,186.7,140.1,104.3,1.332,cream_dealt
72,824.0,DAXE,0.3,other,,,0.54651,0.06718,0.05233,0.02326,,177.0,45.5,63.6,3.891,red_taken
73,826.0,Gladiator,1.0,other,,,0.00578,0.97133,0.04512,0.01858,,239.8,131.4,107.7,1.824,red_taken
73,826.0,9:51:12 PM,1.0,other,,,0.01017,0.93796,0.07413,0.01574,,231.5,136.4,118.7,1.698,red_taken
73,826.0,Crucible of the Dead,1.0,other,,,0.89244,0.9713,0.09738,0.01852,,213.2,197.7,184.2,1.078,cream_dealt
73,826.0,"(241,531/241,531)",1.0,health_readout,,,0.23547,0.90181,0.09302,0.0155,,222.9,198.7,194.0,1.122,cream_dealt
73,826.0,125,1.0,hud,125,,0.71657,0.88889,0.02471,0.0155,,183.5,170.7,146.3,1.075,cream_dealt
73,826.0,01:14,1.0,other,,,0.77616,0.88889,0.0218,0.01292,,187.9,179.8,159.5,1.045,cream_dealt
73,826.0,159,1.0,hud,159,,0.82558,0.84755,0.0189,0.02067,,198.0,82.9,38.2,2.388,red_taken
73,826.0,"41,531)",1.0,other,,,-4e-05,0.78008,0.03641,0.01607,,231.7,168.8,164.8,1.373,cream_dealt
73,826.0,"(1,075,139/2,029,761)",1.0,health_readout,,,0.07558,0.75194,0.10901,0.0155,,228.8,198.9,200.4,1.15,cream_dealt
73,826.0,"(1,659,546/2,340,860)",1.0,health_readout,,,0.12791,0.66667,0.10901,0.01809,,235.5,221.3,227.6,1.064,cream_dealt
73,826.0,"(152,443/241,531)",1.0,health_readout,,,0.24273,0.65116,0.09012,0.0155,,231.9,223.3,225.4,1.039,cream_dealt
73,826.0,"(797.039/1,599,856)",1.0,other,,,0.2282,0.57623,0.10174,0.01809,,225.2,222.3,221.6,1.013,neutral
73,826.0,Objectives,1.0,other,,,0.87348,0.6815,0.05537,0.01943,,233.0,172.1,92.2,1.354,cream_dealt
73,826.0,"(17,102/20,005)",1.0,health_readout,,,0.46076,0.62532,0.07849,0.0155,,233.1,228.5,226.8,1.02,cream_dealt
73,826.0,"(1,323,676/2,025,309)",1.0,health_readout,,,0.23256,0.44703,0.10901,0.01292,,236.9,235.8,234.9,1.005,neutral
73,826.0,"103,232)",1.0,other,,,-0.0,0.36951,0.0407,0.01292,,236.5,217.6,220.8,1.087,cream_dealt
73,826.0,35827 (x1.89),1.0,crit,35827,1.89,0.17587,0.36944,0.09012,0.02593,1.89,242.5,234.8,192.4,1.033,cream_dealt
73,826.0,14381,1.0,bare,14381,,0.1875,0.35659,0.02471,0.01292,,230.0,189.8,172.1,1.212,cream_dealt
73,826.0,17102/20005,1.0,health_readout,,,0.30233,0.05426,0.05378,0.0155,,233.8,225.2,219.7,1.038,cream_dealt
73,826.0,100,1.0,hud,100,,0.48983,0.05685,0.0189,0.0155,,244.2,203.9,98.5,1.198,cream_dealt
73,826.0,1460/2576,1.0,health_readout,,,0.64815,0.05077,0.04528,0.0199,,229.9,234.4,232.1,0.981,neutral
73,826.0,X9,0.5,other,,,0.81541,0.89664,0.03343,0.04134,,254.4,248.5,221.2,1.024,cream_dealt
73,826.0,Q Eliminate all Enemies,0.5,other,,,0.87936,0.66111,0.08576,0.01589,,219.4,221.7,220.2,0.989,neutral
73,826.0,+11214(%68 (x1.77),0.3,crit_garbled,,1.77,0.15049,0.62282,0.10428,0.03942,1.77,213.0,194.7,177.6,1.094,cream_dealt
73,826.0,155883 381,0.3,other,,,0.18605,0.60463,0.04215,0.02328,,207.8,170.9,161.7,1.216,cream_dealt
73,826.0,158520(57089),0.3,other,,,0.21074,0.53992,0.07997,0.02869,,234.3,231.5,185.5,1.012,neutral
73,826.0,6001(SK577),0.3,other,,,0.22965,0.52196,0.05669,0.01809,,222.0,235.4,197.6,0.943,neutral
73,826.0,$ 12666,0.3,other,,,0.30814,0.42119,0.03052,0.01809,,186.3,180.8,176.2,1.03,cream_dealt
74,828.0,Gladiator,1.0,other,,,0.00565,0.97245,0.04539,0.01893,,225.3,154.5,134.0,1.458,cream_dealt
74,828.0,9:51:,1.0,other,,,0.00872,0.93798,0.03343,0.0155,,215.6,156.8,142.7,1.375,cream_dealt
74,828.0,:14,1.0,other,,,0.03924,0.9354,0.01744,0.01809,,219.2,157.8,138.0,1.389,cream_dealt
74,828.0,"Lunal'Valgotb,",1.0,other,,,0.37791,0.96124,0.09448,0.02326,,170.9,147.6,176.2,1.158,cream_dealt
74,828.0,Steward,1.0,other,,,0.47526,0.96615,0.05674,0.01861,,171.9,149.7,179.5,1.148,cream_dealt
74,828.0,Chtbonic - Insectoid,1.0,other,,,0.44331,0.90181,0.11047,0.01578,,237.2,233.9,232.7,1.014,neutral
74,828.0,of,1.0,other,,,0.53634,0.96382,0.0189,0.02067,,174.7,142.7,167.0,1.224,cream_dealt
74,828.0,Darkness,1.0,other,,,0.55669,0.96641,0.0625,0.01809,,174.1,150.0,176.7,1.161,cream_dealt
74,828.0,Crucible of the Dead,1.0,other,,,0.89244,0.9713,0.09738,0.01852,,213.1,197.8,183.4,1.078,cream_dealt
74,828.0,125,1.0,hud,125,,0.71802,0.88889,0.0189,0.01292,,182.7,173.4,149.1,1.054,cream_dealt
74,828.0,01:12,1.0,other,,,0.77616,0.88889,0.0218,0.01292,,186.7,179.2,160.6,1.042,cream_dealt
74,828.0,159,1.0,hud,159,,0.82558,0.85013,0.0189,0.01809,,198.8,83.8,39.1,2.374,red_taken
74,828.0,"(127,494)",1.0,other,,,0.61628,0.82946,0.04797,0.0155,,222.4,207.5,205.3,1.072,cream_dealt
74,828.0,"(649/241,531)",1.0,health_readout,,,0.48256,0.78553,0.07122,0.0155,,231.7,223.3,221.7,1.038,cream_dealt
74,828.0,"(513,368",1.0,other,,,0.38953,0.69251,0.0436,0.0155,,235.3,230.3,226.6,1.022,cream_dealt
74,828.0,"29,761)",1.0,other,,,0.45203,0.69251,0.03779,0.0155,,231.8,224.3,217.7,1.033,cream_dealt
74,828.0,84831 (x1.89),1.0,crit,84831,1.89,0.45058,0.64074,0.09302,0.02593,1.89,238.0,201.1,166.8,1.184,cream_dealt
74,828.0,16646,1.0,bare,16646,,0.48547,0.55039,0.02035,0.01292,,172.1,142.4,142.6,1.209,cream_dealt
74,828.0,Objectives,1.0,other,,,0.87353,0.68199,0.05527,0.01845,,239.1,167.5,95.2,1.428,cream_dealt
74,828.0,"(400,852/403,232)",1.0,health_readout,,,0.40407,0.31266,0.09012,0.0155,,231.2,231.1,232.6,1.0,neutral
74,828.0,20005/20005,1.0,health_readout,,,0.30233,0.05426,0.05378,0.0155,,237.1,225.9,223.7,1.05,cream_dealt
74,828.0,100,1.0,hud,100,,0.48983,0.05685,0.0189,0.0155,,244.2,203.9,98.5,1.198,cream_dealt
74,828.0,1610/2576,1.0,health_readout,,,0.64817,0.05094,0.04524,0.01957,,230.6,235.8,233.1,0.978,neutral
74,828.0,P,0.5,other,,,0.06395,0.93798,0.01017,0.0155,,217.5,155.3,136.1,1.4,cream_dealt
74,828.0,X9,0.5,other,,,0.81541,0.89664,0.03343,0.04134,,254.4,248.5,221.2,1.024,cream_dealt
74,828.0,"(175885/241,531)",0.5,health_readout,,,0.61483,0.63307,0.08576,0.01809,,225.6,217.5,216.3,1.037,cream_dealt
74,828.0,60451,0.5,bare,60451,,0.51744,0.52455,0.02907,0.02067,,229.7,190.9,166.2,1.203,cream_dealt
74,828.0,O Eliminate all Enemies,0.5,other,,,0.87936,0.66111,0.08576,0.01589,,212.9,223.1,211.6,0.954,neutral
74,828.0,M,0.3,other,,,0.07122,0.9354,0.01308,0.01809,,230.3,158.6,138.6,1.453,cream_dealt
74,828.0,ĐẢUOUSC,0.3,other,,,0.47529,0.94315,0.04651,0.02326,,193.1,166.5,142.2,1.16,cream_dealt
74,828.0,>42.2816830 4189),0.3,other,,,0.56977,0.61204,0.10465,0.01852,,243.7,231.8,210.2,1.051,cream_dealt
74,828.0,(1/570335819959,0.3,health_readout,,,0.46657,0.59173,0.10756,0.02842,,231.1,223.6,213.5,1.034,cream_dealt
74,828.0,3901,0.3,bare,3901,,0.61919,0.58656,0.02035,0.02326,,193.8,145.5,153.6,1.332,cream_dealt
74,828.0,43883200,0.3,bare,43883200,,0.50515,0.57015,0.05204,0.02652,,214.9,195.8,191.7,1.097,cream_dealt
74,828.0,13 2530721.89,0.3,other,,,0.5436,0.49871,0.09738,0.02842,,249.3,242.9,216.8,1.027,cream_dealt
74,828.0,ПАOMEE,0.3,other,,,0.53198,0.06718,0.07994,0.02326,,197.7,124.2,65.1,1.592,cream_dealt
75,830.0,Gladiator,1.0,other,,,0.0057,0.97303,0.04529,0.01776,,211.8,209.2,189.9,1.012,neutral
75,830.0,9:51:16,1.0,other,,,0.00872,0.93798,0.04797,0.0155,,214.0,207.3,190.1,1.032,cream_dealt
75,830.0,Crucible of the Dead,1.0,other,,,0.8924,0.96077,0.09747,0.02936,,202.7,198.6,180.5,1.021,cream_dealt
75,830.0,125,1.0,hud,125,,0.71802,0.88889,0.01599,0.01292,,184.8,177.1,153.7,1.043,cream_dealt
75,830.0,01:18,1.0,other,,,0.77471,0.88889,0.02326,0.0155,,183.6,177.4,159.1,1.035,cream_dealt
75,830.0,159,1.0,hud,159,,0.82558,0.84755,0.0189,0.02067,,197.2,83.5,38.8,2.362,red_taken
75,830.0,Objectives,1.0,other,,,0.87352,0.68193,0.05528,0.01857,,238.8,169.5,95.2,1.409,cream_dealt
75,830.0,"(18,654/20,005)",1.0,health_readout,,,0.46076,0.62016,0.07849,0.0155,,236.8,235.8,232.3,1.004,neutral
75,830.0,"(908,329/2,340,860)",1.0,health_readout,,,0.39244,0.44961,0.10174,0.0155,,243.1,237.2,239.7,1.025,cream_dealt
75,830.0,"(428,880/1,599,856))",1.0,other,,,0.4782,0.43152,0.10029,0.01809,,242.8,241.9,226.3,1.003,neutral
75,830.0,12042,1.0,bare,12042,,0.60174,0.31525,0.02616,0.01034,,193.2,196.8,189.9,0.982,neutral
75,830.0,15083,1.0,bare,15083,,0.58576,0.27132,0.02326,0.01292,,176.8,183.6,169.8,0.963,neutral
75,830.0,4852 (x1.67),1.0,crit,4852,1.67,0.35756,0.1292,0.06831,0.0208,1.67,234.0,236.9,199.8,0.988,neutral
75,830.0,18654/20005,1.0,health_readout,,,0.30378,0.05426,0.05233,0.0155,,233.5,226.9,222.4,1.029,cream_dealt
75,830.0,100,1.0,hud,100,,0.48983,0.05685,0.0189,0.0155,,245.4,205.3,96.6,1.195,cream_dealt
75,830.0,1594/2576,1.0,health_readout,,,0.64817,0.05101,0.04522,0.01943,,230.8,237.4,234.6,0.972,neutral
75,830.0,O Eliminate all Enemies,0.5,other,,,0.87936,0.66111,0.08576,0.01589,,209.9,225.0,204.6,0.933,neutral
75,830.0,"18447 (x1,77)",0.5,crit_garbled,,1.77,0.58711,0.33771,0.07578,0.03258,1.77,238.1,222.3,173.7,1.071,cream_dealt
75,830.0,PM,0.3,other,,,0.06395,0.93798,0.02035,0.0155,,217.5,207.8,189.6,1.047,cream_dealt
75,830.0,X9,0.3,other,,,0.81541,0.89664,0.03343,0.04134,,254.0,248.3,219.9,1.023,cream_dealt
75,830.0,12370(x1.67) e,0.3,crit_garbled,,1.67,0.34884,0.42119,0.07267,0.02326,1.67,227.4,219.9,195.2,1.034,cream_dealt
75,830.0,"(0,002,54302.025,309)",0.3,other,,,0.58576,0.41085,0.11192,0.01809,,239.6,235.6,206.1,1.017,neutral
75,830.0,20233 (xi.89),0.3,other,,,0.53488,0.3876,0.08576,0.02629,,251.0,246.5,170.4,1.018,neutral
75,830.0,99/05,0.3,health_readout,,,0.60756,0.34109,0.01744,0.00775,,124.0,112.1,101.9,1.106,cream_dealt
76,832.0,Gladiator,1.0,other,,,0.00579,0.9739,0.04366,0.01603,,230.6,185.7,161.2,1.242,cream_dealt
76,832.0,9:51:18,1.0,other,,,0.00867,0.93742,0.04808,0.01663,,226.8,183.9,162.8,1.234,cream_dealt
76,832.0,"Venarius,",1.0,other,,,0.41422,0.96363,0.06399,0.02105,,174.1,148.6,172.9,1.171,cream_dealt
76,832.0,the Backbreaker,1.0,other,,,0.47674,0.96382,0.10901,0.02067,,172.9,148.8,173.1,1.162,cream_dealt
76,832.0,Aetber Corruption,1.0,other,,,0.45349,0.89907,0.09302,0.01852,,233.7,229.0,224.1,1.021,cream_dealt
76,832.0,Crucible of the Dead,1.0,other,,,0.89244,0.9713,0.09738,0.01852,,213.6,206.9,189.1,1.032,cream_dealt
76,832.0,125,1.0,hud,125,,0.71948,0.88889,0.01453,0.01292,,186.3,178.2,154.5,1.046,cream_dealt
76,832.0,01:16,1.0,other,,,0.77616,0.88889,0.0218,0.01292,,184.0,178.5,162.1,1.031,cream_dealt
76,832.0,159,1.0,hud,159,,0.82558,0.85013,0.0189,0.01809,,198.2,84.4,40.1,2.348,red_taken
76,832.0,"(728,952/2,840,860)",1.0,health_readout,,,0.38517,0.7416,0.10029,0.0155,,239.5,230.4,227.6,1.04,cream_dealt
76,832.0,5589 (x3.67),1.0,crit,5589,3.67,0.40542,0.68129,0.05543,0.02243,3.67,243.2,215.2,192.9,1.13,cream_dealt
76,832.0,10087,1.0,bare,10087,,0.4157,0.66667,0.02035,0.0155,,223.8,184.6,172.8,1.213,cream_dealt
76,832.0,"(1,063,46202,025,309)",1.0,other,,,0.55959,0.67183,0.11047,0.0155,,235.7,229.8,216.2,1.026,cream_dealt
76,832.0,Objectives,1.0,other,,,0.87353,0.68197,0.05527,0.0185,,237.0,170.9,99.6,1.387,cream_dealt
76,832.0,"(11,502/20,005)",1.0,health_readout,,,0.46221,0.62016,0.07849,0.0155,,230.0,230.5,221.8,0.998,neutral
76,832.0,8169 (x1.67),1.0,crit,8169,1.67,0.47384,0.49871,0.05814,0.0155,1.67,241.8,233.1,203.3,1.038,cream_dealt
76,832.0,11502/20005,1.0,health_readout,,,0.30087,0.05168,0.05523,0.01809,,231.5,222.3,215.5,1.042,cream_dealt
76,832.0,100,1.0,hud,100,,0.48983,0.05685,0.0189,0.0155,,245.4,205.3,96.6,1.195,cream_dealt
76,832.0,1565/2576,1.0,health_readout,,,0.64818,0.05103,0.04522,0.01939,,229.6,233.5,231.3,0.983,neutral
76,832.0,PM,0.5,other,,,0.0625,0.9354,0.02326,0.01809,,230.2,179.6,157.5,1.282,cream_dealt
76,832.0,O Eliminate all Enemies,0.5,other,,,0.87936,0.66111,0.08576,0.01589,,214.9,214.8,222.9,1.0,neutral
76,832.0,"(367.90501,599,856",0.5,other,,,0.48692,0.56072,0.09593,0.01809,,227.5,239.5,233.7,0.95,neutral
76,832.0,10775 (x1.89),0.5,crit,10775,1.89,0.48692,0.45995,0.0625,0.02067,1.89,226.5,227.0,195.6,0.998,neutral
76,832.0,LETDAUgAG,0.3,other,,,0.44186,0.93798,0.08285,0.02584,,186.9,157.8,138.5,1.185,cream_dealt
76,832.0,X9,0.3,other,,,0.81541,0.89664,0.03343,0.04134,,254.0,248.3,219.9,1.023,cream_dealt
76,832.0,16050 (5580)6x167,0.3,other,,,0.38646,0.69799,0.08479,0.03566,,239.9,237.7,223.6,1.009,neutral
76,832.0,"1878 (x1579),",0.3,other,,,0.39667,0.64261,0.06748,0.03118,,242.2,216.2,168.8,1.121,cream_dealt
77,834.0,Gladiator,1.0,other,,,0.00567,0.97266,0.04535,0.0185,,238.2,131.7,105.1,1.809,red_taken
77,834.0,9:51:20,1.0,other,,,0.00872,0.9354,0.04797,0.01809,,233.1,136.6,116.4,1.706,red_taken
77,834.0,Crucible of the Dead,1.0,other,,,0.89244,0.9713,0.09738,0.01852,,212.4,197.6,186.6,1.075,cream_dealt
77,834.0,125,1.0,hud,125,,0.71948,0.88889,0.01453,0.01292,,188.5,179.3,155.1,1.051,cream_dealt
77,834.0,01:22,1.0,other,,,0.77471,0.88889,0.02326,0.01292,,184.8,178.1,157.5,1.037,cream_dealt
77,834.0,159,1.0,hud,159,,0.82558,0.84755,0.0189,0.02067,,198.2,83.0,35.9,2.389,red_taken
77,834.0,Objectives,1.0,other,,,0.87355,0.68217,0.05523,0.01809,,228.7,178.6,79.0,1.281,cream_dealt
77,834.0,O Eliminate all Enemies,1.0,other,,,0.87936,0.66111,0.08576,0.01589,,213.1,228.9,206.7,0.931,neutral
77,834.0,20035 (x1.67),1.0,crit,20035,1.67,0.39971,0.50646,0.06105,0.01854,1.67,244.6,224.7,199.7,1.089,cream_dealt
77,834.0,20005/20005,1.0,health_readout,,,0.30233,0.05426,0.05378,0.0155,,230.6,229.2,222.7,1.006,neutral
77,834.0,100,1.0,hud,100,,0.49419,0.05685,0.01453,0.01292,,247.3,207.5,103.1,1.192,cream_dealt
77,834.0,1520/2576,1.0,health_readout,,,0.64826,0.05168,0.04506,0.01809,,229.5,235.2,235.1,0.976,neutral
77,834.0,PM,0.5,other,,,0.0625,0.9354,0.0218,0.01809,,236.0,135.1,111.1,1.747,red_taken
77,834.0,That skill is not reach,0.5,other,,,0.44913,0.76481,0.09738,0.02071,,204.4,69.3,39.8,2.949,red_taken
77,834.0,"(105,854/2,340,860)",0.5,health_readout,,,0.3343,0.70543,0.10029,0.01809,,229.1,222.2,218.9,1.031,cream_dealt
77,834.0,"(577,697/2.025,309)",0.5,other,,,0.50145,0.56331,0.10174,0.02067,,224.9,212.5,212.1,1.058,cream_dealt
77,834.0,X9,0.3,other,,,0.81541,0.89664,0.03198,0.04134,,254.4,249.4,222.6,1.02,cream_dealt
77,834.0,"63012 (x1•79))005/20,005)",0.3,other,,,0.39099,0.61204,0.14826,0.03426,,222.3,220.8,204.1,1.007,neutral
77,834.0,20393250,0.3,bare,20393250,,0.41279,0.56331,0.04651,0.02326,,205.7,192.5,196.4,1.068,cream_dealt
77,834.0,21883331,0.3,bare,21883331,,0.40698,0.5323,0.0407,0.02326,,213.6,188.8,184.4,1.132,cream_dealt
77,834.0,31759404 (x1.79),0.3,crit,31759404,1.79,0.47238,0.49352,0.1032,0.03361,1.79,251.9,230.1,187.6,1.095,cream_dealt
78,836.0,Gladiator,1.0,other,,,0.00574,0.97347,0.0452,0.01689,,211.7,204.6,189.9,1.034,cream_dealt
78,836.0,15609 (x1.79),1.0,crit,15609,1.79,0.11766,0.65301,0.05538,0.01956,1.79,145.6,130.6,117.7,1.115,cream_dealt
78,836.0,17442/20005,1.0,health_readout,,,0.30233,0.05426,0.05378,0.0155,,234.9,223.3,216.0,1.052,cream_dealt
78,836.0,Crucible of the Dead,1.0,other,,,0.89244,0.9713,0.09738,0.01852,,210.8,202.2,189.1,1.042,cream_dealt
78,836.0,125,1.0,hud,125,,0.71802,0.88889,0.01599,0.01292,,185.0,175.9,150.0,1.052,cream_dealt
78,836.0,01:28,1.0,other,,,0.77613,0.88871,0.02187,0.01327,,185.1,179.7,161.1,1.03,cream_dealt
78,836.0,159,1.0,hud,159,,0.82558,0.85013,0.0189,0.01809,,196.5,81.7,34.7,2.407,red_taken
78,836.0,Objectives,1.0,other,,,0.87351,0.6818,0.05531,0.01883,,237.6,167.1,98.2,1.422,cream_dealt
78,836.0,O Eliminate all Enemies,1.0,other,,,0.87936,0.66111,0.08576,0.01589,,216.7,217.8,223.3,0.995,neutral
78,836.0,"(17,442/20,005)",1.0,health_readout,,,0.46076,0.61757,0.07994,0.0155,,230.9,232.2,234.2,0.995,neutral
78,836.0,100,1.0,hud,100,,0.49419,0.05685,0.01453,0.01292,,244.7,204.2,100.5,1.198,cream_dealt
78,836.0,1481/2576,1.0,health_readout,,,0.64813,0.05061,0.04532,0.02023,,226.1,233.7,231.1,0.967,neutral
78,836.0,9:51:22 PM,0.5,other,,,0.00872,0.93796,0.07558,0.01574,,211.6,202.1,189.4,1.047,cream_dealt
78,836.0,(327.716025.309),0.3,other,,,0.27469,0.61738,0.10178,0.03398,,210.2,188.7,170.4,1.114,cream_dealt
78,836.0,218721129,0.3,bare,218721129,,0.30378,0.55297,0.03779,0.0155,,225.3,199.1,164.1,1.131,cream_dealt
78,836.0,X9,0.3,other,,,0.81541,0.89664,0.03343,0.04134,,253.4,245.6,217.8,1.032,cream_dealt
79,838.0,Gladiator,1.0,other,,,0.00581,0.97416,0.04506,0.0155,,218.6,211.0,191.6,1.036,cream_dealt
79,838.0,9:51:24,1.0,other,,,0.00869,0.93773,0.04802,0.01859,,211.6,206.1,181.2,1.027,cream_dealt
79,838.0,Crucible of the Dead,1.0,other,,,0.89244,0.9713,0.09738,0.01852,,212.2,209.2,190.0,1.014,neutral
79,838.0,125,1.0,hud,125,,0.71802,0.88889,0.02326,0.0155,,188.1,176.1,153.3,1.068,cream_dealt
79,838.0,01:27,1.0,other,,,0.77616,0.88889,0.02035,0.01292,,185.7,181.1,162.1,1.025,cream_dealt
79,838.0,160,1.0,hud,160,,0.82413,0.84755,0.02035,0.02067,,183.9,133.2,70.7,1.381,cream_dealt
79,838.0,Objectives,1.0,other,,,0.87355,0.68217,0.05523,0.01809,,238.1,169.1,95.6,1.408,cream_dealt
79,838.0,"(19,148/20,005)",1.0,health_readout,,,0.46076,0.61757,0.07994,0.01292,,236.8,242.2,241.9,0.978,neutral
79,838.0,19148/20005,1.0,health_readout,,,0.30233,0.05426,0.05378,0.0155,,235.2,226.5,222.4,1.038,cream_dealt
79,838.0,100,1.0,hud,100,,0.48983,0.05685,0.0189,0.0155,,244.1,204.9,99.4,1.191,cream_dealt
79,838.0,1545/2576,1.0,health_readout,,,0.64823,0.05149,0.04511,0.01847,,228.1,235.0,234.9,0.971,neutral
79,838.0,x10,0.5,other,,,0.81395,0.90181,0.03779,0.03618,,254.2,252.9,250.8,1.005,neutral
79,838.0,O Eliminate all Enemies,0.5,other,,,0.87936,0.66111,0.08576,0.01589,,222.7,218.7,222.0,1.018,neutral
79,838.0,PM,0.3,other,,,0.05669,0.93798,0.02762,0.01809,,212.8,203.1,182.3,1.048,cream_dealt
80,840.0,9:51:26,1.0,other,,,0.00872,0.93798,0.04797,0.0155,,222.2,206.5,193.8,1.076,cream_dealt
80,840.0,PM,1.0,other,,,0.05669,0.93798,0.02762,0.0155,,213.5,204.6,189.1,1.044,cream_dealt
80,840.0,Crucible of the Dead,1.0,other,,,0.89244,0.9713,0.09738,0.01852,,212.7,208.6,191.4,1.019,neutral
80,840.0,125,1.0,hud,125,,0.71802,0.88889,0.02326,0.0155,,185.0,172.7,149.9,1.071,cream_dealt
80,840.0,01:25,1.0,other,,,0.77616,0.88889,0.0218,0.0155,,184.0,178.6,162.3,1.031,cream_dealt
80,840.0,160,1.0,hud,160,,0.82558,0.85013,0.0189,0.01809,,197.5,86.4,50.2,2.286,red_taken
80,840.0,"(2,955,796/2,955,796)",1.0,health_readout,,,0.58285,0.74419,0.10901,0.0155,,232.5,229.6,229.8,1.013,neutral
80,840.0,Objectives,1.0,other,,,0.87353,0.682,0.05527,0.01843,,238.1,167.9,97.6,1.418,cream_dealt
80,840.0,"(16,066/20,005)",1.0,health_readout,,,0.46076,0.61757,0.07849,0.0155,,238.1,234.9,230.7,1.014,neutral
80,840.0,16066/20005,1.0,health_readout,,,0.30233,0.05426,0.05378,0.0155,,234.6,225.6,222.3,1.04,cream_dealt
80,840.0,100,1.0,hud,100,,0.48983,0.05685,0.0189,0.0155,,244.1,204.9,99.4,1.191,cream_dealt
80,840.0,1594/2576,1.0,health_readout,,,0.64815,0.05082,0.04527,0.0198,,231.9,235.3,234.3,0.986,neutral
80,840.0,Gladiator,0.5,other,,,0.00579,0.97397,0.0451,0.01588,,221.6,210.4,195.0,1.053,cream_dealt
80,840.0,O Eliminate all Enemies,0.5,other,,,0.87936,0.66111,0.08576,0.01589,,216.7,214.5,220.2,1.01,neutral
80,840.0,X10,0.3,other,,,0.81541,0.89922,0.03634,0.03876,,253.9,252.8,250.6,1.004,neutral
81,842.0,Gladiator,1.0,other,,,0.00574,0.97343,0.04521,0.01696,,213.4,210.1,191.7,1.015,neutral
81,842.0,9:51:28,1.0,other,,,0.01015,0.93772,0.04657,0.01602,,212.2,208.6,189.5,1.017,neutral
81,842.0,"Galakros,",1.0,other,,,0.42149,0.96102,0.06255,0.02369,,177.4,147.7,174.7,1.201,cream_dealt
81,842.0,tbe Mountain,1.0,other,,,0.48837,0.96641,0.08866,0.01809,,181.9,148.0,178.5,1.229,cream_dealt
81,842.0,Crucible of the Dead,1.0,other,,,0.89244,0.9713,0.09738,0.01852,,212.2,208.6,191.5,1.017,neutral
81,842.0,125,1.0,hud,125,,0.71802,0.88889,0.02326,0.0155,,184.0,172.7,147.1,1.065,cream_dealt
81,842.0,01:23,1.0,other,,,0.77613,0.88871,0.02187,0.01327,,184.3,179.5,159.0,1.026,cream_dealt
81,842.0,160,1.0,hud,160,,0.82703,0.85271,0.01744,0.0155,,194.4,86.9,46.1,2.238,red_taken
81,842.0,"(2.035,949/2,955,796)",1.0,other,,,0.52326,0.7261,0.10901,0.0155,,232.8,236.3,233.1,0.985,neutral
81,842.0,Objectives,1.0,other,,,0.87347,0.68143,0.05538,0.01958,,231.4,170.7,94.0,1.355,cream_dealt
81,842.0,"(19,962/20,005)",1.0,health_readout,,,0.46076,0.61757,0.07849,0.01292,,241.6,242.2,244.6,0.998,neutral
81,842.0,95669 (x1.79),1.0,crit,95669,1.79,0.43169,0.57364,0.08285,0.02358,1.79,238.8,218.9,184.8,1.091,cream_dealt
81,842.0,19962/20005,1.0,health_readout,,,0.30233,0.05426,0.05378,0.0155,,235.4,227.8,224.1,1.034,cream_dealt
81,842.0,100,1.0,hud,100,,0.48983,0.05685,0.0189,0.0155,,245.4,205.5,96.9,1.194,cream_dealt
81,842.0,1561/2576,1.0,health_readout,,,0.64822,0.0514,0.04513,0.01865,,225.6,235.7,233.5,0.957,neutral
81,842.0,PM,0.5,other,,,0.05814,0.93798,0.02616,0.0155,,213.0,206.3,188.5,1.032,cream_dealt
81,842.0,Aetber Corruption,0.5,other,,,0.45349,0.90181,0.09302,0.01578,,233.4,230.4,227.9,1.013,neutral
81,842.0,O Eliminate all Enemies,0.5,other,,,0.87936,0.66111,0.08576,0.01589,,220.3,223.0,221.9,0.988,neutral
81,842.0,"(3,683,848/3,722,896)",0.5,health_readout,,,0.13808,0.3385,0.10756,0.0155,,235.0,232.1,230.7,1.012,neutral
81,842.0,ĐẢ USC2,0.3,other,,,0.45925,0.93769,0.09936,0.03226,,201.2,152.5,140.5,1.319,cream_dealt
81,842.0,X10,0.3,other,,,0.81395,0.89922,0.03779,0.03876,,254.8,253.7,248.3,1.004,neutral
81,842.0,102/045.42512.295.755),0.3,other,,,0.4811,0.58915,0.11047,0.02584,,213.5,212.2,209.0,1.006,neutral
82,844.0,Gladiator,1.0,other,,,0.00575,0.97108,0.04518,0.01909,,241.2,133.7,101.4,1.804,red_taken
82,844.0,9:51:30 PM,1.0,other,,,0.01017,0.93796,0.07413,0.01574,,233.2,138.4,119.0,1.685,red_taken
82,844.0,"(3,722,896/3,722,896)",1.0,health_readout,,,0.03924,0.76744,0.10901,0.0155,,227.7,191.0,189.3,1.192,cream_dealt
82,844.0,That skill is not ready,1.0,other,,,0.44767,0.76744,0.10174,0.02608,,194.6,71.5,45.8,2.722,red_taken
82,844.0,"(11,867/20,005)",1.0,health_readout,,,0.46076,0.61757,0.07849,0.01292,,238.8,240.3,240.9,0.994,neutral
82,844.0,"(97.232/103,912)",1.0,other,,,0.40988,0.4031,0.0843,0.01292,,239.1,235.9,235.1,1.014,neutral
82,844.0,"(3,636,777/3,722,896)",1.0,health_readout,,,0.38808,0.22222,0.11047,0.0155,,230.7,231.5,227.6,0.996,neutral
82,844.0,"(94,122/1",1.0,health_readout,,,0.2689,0.13953,0.04651,0.0155,,226.3,226.1,229.5,1.001,neutral
82,844.0,11867/20005,1.0,health_readout,,,0.30087,0.05168,0.05523,0.02067,,229.8,220.6,212.1,1.042,cream_dealt
82,844.0,100,1.0,hud,100,,0.48983,0.05685,0.0189,0.0155,,245.4,205.5,96.9,1.194,cream_dealt
82,844.0,Crucible of the Dead,1.0,other,,,0.89244,0.9713,0.09738,0.01852,,214.9,201.5,185.9,1.067,cream_dealt
82,844.0,125,1.0,hud,125,,0.71948,0.88889,0.01308,0.01292,,187.6,179.3,154.2,1.046,cream_dealt
82,844.0,01:21,1.0,other,,,0.77616,0.88889,0.0218,0.01292,,185.4,180.8,163.9,1.026,cream_dealt
82,844.0,160,1.0,hud,160,,0.82703,0.85271,0.01744,0.0155,,194.4,86.9,46.1,2.238,red_taken
82,844.0,Objectives,1.0,other,,,0.87355,0.68217,0.05523,0.01809,,231.6,174.3,84.6,1.329,cream_dealt
82,844.0,"(1,490,527/2,955,796)",1.0,health_readout,,,0.68895,0.57106,0.11337,0.01292,,240.8,236.9,233.8,1.017,neutral
82,844.0,18564 (x1.67),1.0,crit,18564,1.67,0.64822,0.46741,0.06257,0.02384,1.67,230.9,216.6,192.0,1.066,cream_dealt
82,844.0,33351,1.0,bare,33351,,0.67151,0.44444,0.03052,0.0155,,216.2,201.6,193.1,1.072,cream_dealt
82,844.0,1594/2576,1.0,health_readout,,,0.64817,0.05099,0.04523,0.01947,,232.1,235.4,235.0,0.986,neutral
82,844.0,Ô Eliminate all Enemies,0.5,other,,,0.87936,0.66111,0.08576,0.01589,,212.3,229.4,210.3,0.925,neutral
82,844.0,"18637 (x116995,007/2,295,755)",0.5,other,,,0.61755,0.40532,0.15003,0.03436,,228.6,207.6,172.3,1.102,cream_dealt
82,844.0,03.912,0.3,other,,,0.31395,0.14212,0.03924,0.00775,,245.1,244.3,246.8,1.003,neutral
82,844.0,X10,0.3,other,,,0.81541,0.89922,0.03634,0.03876,,254.8,253.7,248.8,1.004,neutral
82,844.0,719-8197,0.3,other,,,0.66467,0.38258,0.04215,0.03754,,191.6,186.2,112.3,1.029,cream_dealt
83,846.0,Gladiator,1.0,other,,,0.0058,0.97402,0.04509,0.01837,,232.4,127.7,97.9,1.819,red_taken
83,846.0,"(3,722,896/3,722,896)",1.0,health_readout,,,0.125,0.94832,0.10901,0.01292,,240.6,163.3,157.1,1.473,cream_dealt
83,846.0,Arebmage Aleksander,1.0,other,,,0.43023,0.96111,0.13808,0.02339,,212.1,71.1,35.5,2.982,red_taken
83,846.0,Aetberial,1.0,other,,,0.45199,0.90135,0.04515,0.01641,,237.0,225.5,223.7,1.051,cream_dealt
83,846.0,Crucible of the Dead,1.0,other,,,0.89244,0.9713,0.09738,0.01852,,209.8,196.0,181.2,1.07,cream_dealt
83,846.0,125,1.0,hud,125,,0.71802,0.88889,0.01744,0.01292,,184.8,175.5,151.1,1.053,cream_dealt
83,846.0,01:19,1.0,other,,,0.77616,0.88889,0.02035,0.01292,,188.4,183.4,161.5,1.028,cream_dealt
83,846.0,160,1.0,hud,160,,0.82703,0.85271,0.01744,0.0155,,195.9,86.3,46.3,2.271,red_taken
83,846.0,"(1,286,184/2,955,796)",1.0,health_readout,,,0.68895,0.80103,0.10901,0.01292,,243.9,236.3,238.5,1.032,cream_dealt
83,846.0,784 (x1.77),1.0,crit,784,1.77,0.68459,0.75926,0.05087,0.0213,1.77,244.5,188.1,211.5,1.3,cream_dealt
83,846.0,62413,1.0,bare,62413,,0.64826,0.7416,0.03779,0.02067,,248.8,230.2,200.3,1.08,cream_dealt
83,846.0,"(1,184,95902,295,755)",1.0,other,,,0.53052,0.7261,0.11047,0.0155,,229.3,228.9,231.0,1.002,neutral
83,846.0,2520 (x1.67),1.0,crit,2520,1.67,0.60901,0.68704,0.05087,0.01581,1.67,239.7,219.1,189.6,1.094,cream_dealt
83,846.0,5732,1.0,bare,5732,,0.6686,0.6615,0.01599,0.0155,,189.0,176.6,178.0,1.07,cream_dealt
83,846.0,22536,1.0,bare,22536,,0.67006,0.65116,0.02616,0.01292,,204.8,197.6,199.1,1.036,cream_dealt
83,846.0,Objectives,1.0,other,,,0.87352,0.68195,0.05528,0.01853,,238.4,170.1,91.1,1.402,cream_dealt
83,846.0,"(19,928/20,005) 1490 (x1.77)",1.0,crit_garbled,,1.77,0.46076,0.61204,0.14099,0.01852,1.77,218.1,212.7,178.1,1.025,cream_dealt
83,846.0,"(87,431/103,912)",1.0,health_readout,,,0.34448,0.45736,0.0843,0.0155,,227.4,232.2,232.4,0.979,neutral
83,846.0,19928/20005,1.0,health_readout,,,0.30233,0.05426,0.05378,0.0155,,235.5,227.0,222.4,1.037,cream_dealt
83,846.0,100,1.0,hud,100,,0.48983,0.05685,0.0189,0.0155,,246.3,205.0,99.8,1.201,cream_dealt
83,846.0,1582/2576,1.0,health_readout,,,0.64826,0.05168,0.04506,0.02067,,224.1,230.1,227.8,0.974,neutral
83,846.0,9:51:32 PM,0.5,other,,,0.00727,0.93519,0.07703,0.0213,,223.6,133.2,107.6,1.678,red_taken
83,846.0,62925 43322 (x1.79),0.5,crit_garbled,,1.79,0.45494,0.68217,0.12064,0.02339,1.79,240.0,236.2,189.8,1.016,neutral
83,846.0,O Eliminate all Enemies,0.5,other,,,0.87936,0.66111,0.08576,0.01589,,213.6,219.8,215.5,0.972,neutral
83,846.0,HSĐĐẢUD9A6 A,0.3,other,,,0.43895,0.93796,0.11483,0.0287,,207.6,158.3,141.4,1.311,cream_dealt
83,846.0,- Бuman,0.3,other,,,0.5,0.90181,0.04797,0.01578,,227.5,230.1,228.5,0.989,neutral
83,846.0,X10,0.3,other,,,0.81541,0.89922,0.03634,0.03876,,254.8,253.5,249.4,1.005,neutral
83,846.0,(x1.79),0.3,crit_garbled,,1.79,0.68459,0.73902,0.0407,0.02584,1.79,251.9,219.7,228.6,1.147,cream_dealt
83,846.0,"(3,461.180/3-722,896)",0.3,other,,,0.44477,0.56848,0.11047,0.02842,,222.1,201.0,181.4,1.105,cream_dealt
84,848.0,Gladiator,1.0,other,,,0.00578,0.97381,0.04513,0.01621,,233.6,146.1,126.9,1.599,cream_dealt
84,848.0,9:51:34 PM,1.0,other,,,0.00872,0.93796,0.07558,0.01852,,227.1,147.0,133.7,1.545,cream_dealt
84,848.0,"(3,722,896/3,722,896)",1.0,health_readout,,,0.01017,0.90698,0.10901,0.01292,,236.5,186.2,180.9,1.27,cream_dealt
84,848.0,Crucible of the Dead,1.0,other,,,0.89244,0.9713,0.09738,0.01852,,210.0,196.9,182.5,1.066,cream_dealt
84,848.0,125,1.0,hud,125,,0.71948,0.88889,0.01453,0.01292,,188.5,179.4,155.0,1.051,cream_dealt
84,848.0,01:17,1.0,other,,,0.77616,0.88889,0.02035,0.01292,,186.2,181.6,161.4,1.026,cream_dealt
84,848.0,160,1.0,hud,160,,0.82558,0.85013,0.0189,0.01809,,194.7,85.9,45.4,2.266,red_taken
84,848.0,"(1,000,525/2,955,796)",1.0,health_readout,,,0.5,0.81912,0.10901,0.0155,,232.0,219.8,219.1,1.056,cream_dealt
84,848.0,"(476,563/484,095)",1.0,health_readout,,,0.39535,0.80362,0.09157,0.01292,,240.0,226.0,223.6,1.062,cream_dealt
84,848.0,That skill is not ready,1.0,other,,,0.45203,0.77003,0.09738,0.0155,,221.2,66.5,36.5,3.326,red_taken
84,848.0,"(804,19602,295,755)",1.0,other,,,0.3125,0.74419,0.10029,0.0155,,236.2,227.3,229.8,1.039,cream_dealt
84,848.0,"(3,106,618/3,722,896)",1.0,health_readout,,,0.24564,0.67442,0.10901,0.0155,,229.7,226.9,225.9,1.012,neutral
84,848.0,Objectives,1.0,other,,,0.87351,0.6818,0.05531,0.01883,,236.1,171.0,97.7,1.381,cream_dealt
84,848.0,"(14,505/20,005)",1.0,health_readout,,,0.46076,0.61499,0.07849,0.0155,,243.4,232.2,223.3,1.048,cream_dealt
84,848.0,"(65,208/103,912)",1.0,health_readout,,,0.11483,0.4832,0.0843,0.01292,,237.1,240.3,244.3,0.987,neutral
84,848.0,14505/20005,1.0,health_readout,,,0.30233,0.05426,0.05378,0.0155,,236.0,226.7,222.0,1.041,cream_dealt
84,848.0,00,1.0,hud,0,,0.49419,0.05685,0.01453,0.0155,,247.1,206.5,101.2,1.197,cream_dealt
84,848.0,"""60267 (x1279)",0.5,other,,,0.52614,0.68716,0.07998,0.02619,,229.3,221.0,192.3,1.038,cream_dealt
84,848.0,O Eliminate all Enemies,0.5,other,,,0.87936,0.66111,0.08576,0.01589,,220.1,217.6,222.2,1.011,neutral
84,848.0,1582/2576,0.5,health_readout,,,0.64826,0.05168,0.04506,0.01809,,230.7,234.3,232.4,0.985,neutral
84,848.0,9 -,0.3,other,,,0.03488,0.88333,0.01453,0.01852,,180.9,100.1,85.5,1.807,red_taken
84,848.0,X10,0.3,other,,,0.81395,0.89922,0.03779,0.03876,,254.8,253.5,249.4,1.005,neutral
84,848.0,14:204,0.3,other,,,0.375,0.71059,0.03198,0.02842,,207.6,200.2,179.9,1.037,cream_dealt
84,848.0,11059 (1.67),0.3,other,,,0.34012,0.68704,0.06395,0.02356,,225.2,224.6,158.4,1.003,neutral
84,848.0,2269812,0.3,bare,2269812,,0.37645,0.68217,0.02471,0.01292,,206.7,206.1,183.2,1.003,neutral
85,850.0,Gladiator,1.0,other,,,0.00573,0.97088,0.04523,0.01948,,228.9,186.2,163.5,1.229,cream_dealt
85,850.0,9:51:36 PM,1.0,other,,,0.01017,0.93796,0.07413,0.01574,,225.1,185.8,169.0,1.212,cream_dealt
85,850.0,"(3,722,896/3,722,896)",1.0,health_readout,,,0.07413,0.85271,0.10901,0.0155,,242.1,212.9,209.4,1.137,cream_dealt
85,850.0,"(539,550/2,295,755)",1.0,health_readout,,,0.15262,0.78295,0.10029,0.0155,,230.6,219.6,218.6,1.05,cream_dealt
85,850.0,16043 (x1.67),1.0,crit,16043,1.67,0.18605,0.73611,0.05814,0.01583,1.67,248.6,225.8,179.9,1.101,cream_dealt
85,850.0,"(28,830/103,912)",1.0,health_readout,,,0.11047,0.4522,0.08576,0.01292,,232.8,238.8,240.4,0.975,neutral
85,850.0,Crucible of the Dead,1.0,other,,,0.89244,0.9713,0.09738,0.01852,,213.1,206.8,190.9,1.031,cream_dealt
85,850.0,125,1.0,hud,125,,0.71948,0.88889,0.01453,0.01292,,188.3,178.0,153.3,1.058,cream_dealt
85,850.0,01:15,1.0,other,,,0.77616,0.88889,0.0218,0.0155,,185.8,179.1,156.8,1.037,cream_dealt
85,850.0,160,1.0,hud,160,,0.82703,0.85271,0.01744,0.0155,,193.9,87.3,46.7,2.221,red_taken
85,850.0,"(718,263/2,955,796)",1.0,health_readout,,,0.55378,0.73643,0.10029,0.01292,,237.8,235.2,235.5,1.011,neutral
85,850.0,Objectives,1.0,other,,,0.87351,0.68181,0.05531,0.0188,,231.0,172.2,95.5,1.341,cream_dealt
85,850.0,"(2,994,338/3,722,896)",1.0,health_readout,,,0.30378,0.63049,0.10901,0.0155,,235.5,231.1,230.7,1.019,neutral
85,850.0,14565,1.0,bare,14565,,0.32558,0.55297,0.02471,0.01292,,223.4,194.0,160.4,1.151,cream_dealt
85,850.0,"(16,208/20,005)",1.0,health_readout,,,0.46076,0.61757,0.07849,0.0155,,234.0,233.5,234.0,1.002,neutral
85,850.0,40201,1.0,bare,40201,,0.45058,0.60207,0.02471,0.01292,,177.9,160.1,157.2,1.111,cream_dealt
85,850.0,28991,1.0,bare,28991,,0.47674,0.55814,0.02762,0.0155,,226.6,194.9,181.8,1.163,cream_dealt
85,850.0,11357,1.0,bare,11357,,0.59884,0.5478,0.02326,0.01292,,206.0,192.6,200.4,1.07,cream_dealt
85,850.0,18704 (x1.67),1.0,crit,18704,1.67,0.64099,0.5323,0.06105,0.01585,1.67,240.7,232.2,200.7,1.037,cream_dealt
85,850.0,44515,1.0,bare,44515,,0.62645,0.46253,0.02471,0.0155,,191.7,191.1,190.7,1.003,neutral
85,850.0,16208/20005,1.0,health_readout,,,0.30233,0.05426,0.05378,0.0155,,233.3,225.5,221.2,1.035,cream_dealt
85,850.0,00,1.0,hud,0,,0.49419,0.05685,0.01453,0.0155,,245.3,206.4,100.2,1.188,cream_dealt
85,850.0,1594/2576,1.0,health_readout,,,0.64815,0.05079,0.04527,0.01987,,228.1,235.2,231.9,0.97,neutral
85,850.0,O Eliminate all Enemies,0.5,other,,,0.87936,0.66111,0.08576,0.01589,,219.6,220.5,218.3,0.996,neutral
85,850.0,45922 6x1.79),0.5,crit_garbled,,1.79,0.40843,0.5814,0.07994,0.02326,1.79,246.0,228.6,182.6,1.076,cream_dealt
85,850.0,29 (x1.77),0.3,crit,29,1.77,0.16715,0.69251,0.0436,0.01583,1.77,142.1,118.1,89.4,1.203,cream_dealt
85,850.0,X10,0.3,other,,,0.81395,0.89922,0.03779,0.03876,,254.5,253.7,248.8,1.003,neutral
86,852.0,Gladiator,1.0,other,,,0.00579,0.97138,0.04511,0.01847,,241.9,133.6,102.2,1.81,red_taken
86,852.0,Crucible of the Dead,1.0,other,,,0.89244,0.9713,0.09738,0.01852,,214.6,201.7,188.0,1.064,cream_dealt
86,852.0,125,1.0,hud,125,,0.71948,0.88889,0.01599,0.01292,,186.4,176.3,151.9,1.057,cream_dealt
86,852.0,01:13,1.0,other,,,0.77616,0.88889,0.02035,0.01292,,187.3,180.4,163.0,1.038,cream_dealt
86,852.0,160,1.0,hud,160,,0.82558,0.85013,0.0189,0.01809,,192.4,86.9,46.2,2.214,red_taken
86,852.0,"(3,722,896/3,722,896)",1.0,health_readout,,,0.07413,0.80103,0.11192,0.01292,,238.2,203.1,201.8,1.173,cream_dealt
86,852.0,"(192,877/2,295,755)",1.0,health_readout,,,0.33576,0.70543,0.10029,0.01809,,218.7,215.4,221.4,1.016,neutral
86,852.0,37201,1.0,bare,37201,,0.44913,0.59432,0.02762,0.0155,,201.2,192.5,189.2,1.045,cream_dealt
86,852.0,44785,1.0,bare,44785,,0.44186,0.55814,0.02762,0.0155,,198.0,198.9,199.1,0.995,neutral
86,852.0,38950 (x1.89),1.0,crit,38950,1.89,0.41279,0.52196,0.0843,0.02341,1.89,227.2,211.8,110.9,1.073,cream_dealt
86,852.0,"(2,856,696/3,722,896)",1.0,health_readout,,,0.32413,0.4832,0.10901,0.01292,,241.9,239.4,236.7,1.011,neutral
86,852.0,12503,1.0,bare,12503,,0.43459,0.48837,0.02326,0.01292,,205.3,197.0,186.4,1.042,cream_dealt
86,852.0,Objectives,1.0,other,,,0.87352,0.6819,0.05529,0.01863,,225.8,172.9,98.0,1.306,cream_dealt
86,852.0,17758 (x1.67),1.0,crit,17758,1.67,0.50145,0.39259,0.0625,0.01574,1.67,245.5,174.7,128.8,1.405,cream_dealt
86,852.0,60520367689,1.0,other,,,0.5,0.35142,0.06395,0.01809,,202.2,122.3,92.6,1.653,red_taken
86,852.0,"(24.777/103,912)",1.0,other,,,0.03488,0.30491,0.08285,0.0155,,222.9,198.8,199.2,1.121,cream_dealt
86,852.0,19209/20005,1.0,health_readout,,,0.30233,0.05426,0.05233,0.0155,,236.0,227.0,222.9,1.04,cream_dealt
86,852.0,100,1.0,hud,100,,0.48983,0.05685,0.0189,0.0155,,244.9,204.9,99.6,1.195,cream_dealt
86,852.0,1595/2576,1.0,health_readout,,,0.64805,0.04992,0.04546,0.02161,,222.5,227.4,223.4,0.979,neutral
86,852.0,9:51:38 PM,0.5,other,,,0.01017,0.93796,0.07413,0.01852,,234.6,139.5,119.0,1.682,red_taken
86,852.0,O Eliminate all Enemies,0.5,other,,,0.87936,0.66111,0.08576,0.01589,,219.1,222.3,222.8,0.985,neutral
86,852.0,X10,0.3,other,,,0.81541,0.89922,0.03634,0.03876,,254.5,253.7,248.8,1.003,neutral
86,852.0,•4968514677.39),0.3,other,,,0.35304,0.64809,0.10445,0.05588,,221.6,214.1,168.1,1.035,cream_dealt
86,852.0,"16389 (x1,77461 (x03089.209/203.30912.053,796)",0.3,crit_garbled,,1.77,0.35973,0.60045,0.2443,0.06014,1.77,177.0,171.4,161.5,1.033,cream_dealt
86,852.0,16488,0.3,bare,16488,,0.42587,0.60465,0.0218,0.01809,,199.0,172.6,145.4,1.152,cream_dealt
87,854.0,Gladiator,1.0,other,,,0.00581,0.97158,0.04506,0.01809,,231.9,127.1,100.7,1.824,red_taken
87,854.0,9:51:40 PM,1.0,other,,,0.01017,0.93796,0.07413,0.01574,,227.1,134.4,117.3,1.69,red_taken
87,854.0,Crucible of the Dead,1.0,other,,,0.89244,0.9713,0.09738,0.01852,,210.0,196.0,182.5,1.072,cream_dealt
87,854.0,125,1.0,hud,125,,0.71802,0.88889,0.01599,0.01292,,185.8,178.2,154.1,1.043,cream_dealt
87,854.0,01:31,1.0,other,,,0.77471,0.88889,0.02326,0.01292,,184.4,180.7,163.3,1.021,cream_dealt
87,854.0,160,1.0,hud,160,,0.82413,0.85013,0.02035,0.01809,,186.8,91.1,52.1,2.05,red_taken
87,854.0,"(3,722,896/3,722,896)",1.0,health_readout,,,0.19477,0.79587,0.10901,0.0155,,233.0,202.0,199.4,1.153,cream_dealt
87,854.0,24375 (x1.89),1.0,crit,24375,1.89,0.44477,0.79815,0.06831,0.0213,1.89,240.3,209.2,165.5,1.148,cream_dealt
87,854.0,Objectives,1.0,other,,,0.87355,0.68217,0.05523,0.0155,,229.4,173.9,96.7,1.319,cream_dealt
87,854.0,"(19,923/20,005)",1.0,health_readout,,,0.46221,0.61757,0.07994,0.0155,,236.1,233.2,234.6,1.013,neutral
87,854.0,"(19,548/103,912)",1.0,health_readout,,,0.15843,0.31008,0.08576,0.01809,,205.2,233.3,236.7,0.88,neutral
87,854.0,19923/20005,1.0,health_readout,,,0.30233,0.05426,0.05378,0.0155,,234.4,225.1,221.0,1.041,cream_dealt
87,854.0,100,1.0,hud,100,,0.48983,0.05685,0.0189,0.0155,,245.1,204.7,98.0,1.197,cream_dealt
87,854.0,1590/2576,1.0,health_readout,,,0.64962,0.05339,0.04379,0.01725,,232.3,236.4,235.3,0.983,neutral
87,854.0,O Eliminate all Enemies,0.5,other,,,0.87936,0.66111,0.08576,0.01589,,217.9,219.8,218.6,0.992,neutral
87,854.0,"(2,207.21703,722,896)",0.5,other,,,0.4375,0.48837,0.10756,0.0155,,240.9,225.8,224.2,1.067,cream_dealt
87,854.0,"59149 (x1,79)",0.5,crit_garbled,,1.79,0.45203,0.36389,0.0814,0.0213,1.79,237.4,233.2,197.4,1.018,neutral
87,854.0,10,0.5,bare,10,,0.43605,0.0155,0.01308,0.01292,,254.7,253.0,254.9,1.007,neutral
87,854.0,x10,0.3,other,,,0.81395,0.89922,0.03779,0.03876,,254.4,253.3,250.3,1.004,neutral
87,854.0,15760889,0.3,bare,15760889,,0.44477,0.4031,0.09593,0.04393,,241.8,221.5,175.4,1.092,cream_dealt
87,854.0,58249 x1290605,0.3,other,,,0.44186,0.38241,0.0843,0.02069,,239.0,228.4,193.4,1.046,cream_dealt
88,856.0,9:51:42,1.0,other,,,0.00871,0.9353,0.04799,0.01828,,229.0,138.6,124.0,1.652,red_taken
88,856.0,Crucible of the Dead,1.0,other,,,0.89244,0.9713,0.09738,0.01852,,209.9,195.8,183.4,1.072,cream_dealt
88,856.0,125,1.0,hud,125,,0.71802,0.88889,0.02326,0.0155,,187.1,175.2,151.3,1.068,cream_dealt
88,856.0,01:29,1.0,other,,,0.77616,0.88889,0.02035,0.01292,,184.9,181.1,164.6,1.021,cream_dealt
88,856.0,160,1.0,hud,160,,0.82558,0.85013,0.0189,0.01809,,193.0,86.8,45.2,2.223,red_taken
88,856.0,Objectives,1.0,other,,,0.87352,0.68186,0.0553,0.0187,,234.6,169.2,94.8,1.387,cream_dealt
88,856.0,"(3,713,155/3,722,896)",1.0,health_readout,,,0.41715,0.63049,0.11047,0.0155,,226.3,228.0,224.4,0.993,neutral
88,856.0,"(10,982/20,005)",1.0,health_readout,,,0.45785,0.61757,0.08285,0.0155,,232.2,234.1,228.0,0.992,neutral
88,856.0,"(1,994,834/3,722,896)",1.0,health_readout,,,0.71512,0.27132,0.11047,0.0155,,239.4,234.4,229.7,1.021,cream_dealt
88,856.0,10982/20005,1.0,health_readout,,,0.30233,0.05426,0.05378,0.0155,,233.9,226.0,222.6,1.035,cream_dealt
88,856.0,1594/2576,1.0,health_readout,,,0.64822,0.05141,0.04513,0.01863,,230.9,234.9,232.8,0.983,neutral
88,856.0,Cladiator,0.5,other,,,0.00563,0.97224,0.04543,0.01935,,236.6,132.0,107.7,1.792,red_taken
88,856.0,O Eliminate all Enemies,0.5,other,,,0.87936,0.66111,0.08576,0.01589,,216.1,216.2,218.6,1.0,neutral
88,856.0,17948,0.5,bare,17948,,0.76308,0.18605,0.0218,0.01292,,208.1,187.0,178.1,1.113,cream_dealt
88,856.0,x10,0.3,other,,,0.81395,0.89922,0.03779,0.03876,,254.4,253.3,250.2,1.005,neutral
88,856.0,88080,0.3,bare,88080,,0.44322,0.53957,0.04961,0.03198,,238.3,221.4,177.2,1.076,cream_dealt
88,856.0,NDC,0.3,other,,,0.37791,0.09819,0.01163,0.01809,,199.2,173.7,243.8,1.147,cream_dealt
89,858.0,Gladiator,1.0,other,,,0.00578,0.97382,0.04513,0.01619,,233.6,128.2,101.1,1.823,red_taken
89,858.0,9:51:44,1.0,other,,,0.00872,0.93798,0.04797,0.0155,,228.0,134.5,118.7,1.695,red_taken
89,858.0,"(2,733,081/3,722,896)",1.0,health_readout,,,0.32267,0.69767,0.10901,0.0155,,235.4,227.9,224.0,1.033,cream_dealt
89,858.0,27318 (x1.77),1.0,crit,27318,1.77,0.34734,0.60172,0.06695,0.02654,1.77,240.5,188.7,112.2,1.274,cream_dealt
89,858.0,9772/20005,1.0,health_readout,,,0.30378,0.05426,0.04942,0.0155,,235.9,225.6,223.6,1.046,cream_dealt
89,858.0,Crucible of the Dead,1.0,other,,,0.89244,0.9713,0.09738,0.01852,,210.4,195.9,180.7,1.074,cream_dealt
89,858.0,125,1.0,hud,125,,0.71802,0.88889,0.02326,0.0155,,186.4,173.3,149.4,1.076,cream_dealt
89,858.0,01:27,1.0,other,,,0.77616,0.88889,0.02035,0.01292,,186.7,180.8,158.5,1.033,cream_dealt
89,858.0,160,1.0,hud,160,,0.82558,0.85013,0.0189,0.01809,,193.7,86.3,45.4,2.245,red_taken
89,858.0,Objectives,1.0,other,,,0.87353,0.68201,0.05526,0.0184,,230.6,174.2,84.7,1.324,cream_dealt
89,858.0,"(9,772/20,005)",1.0,health_readout,,,0.46512,0.62274,0.07267,0.0155,,232.7,233.9,228.9,0.995,neutral
89,858.0,"(1,690,566/3,722,896)",1.0,health_readout,,,0.46657,0.58398,0.11047,0.02067,,221.6,214.6,208.2,1.033,cream_dealt
89,858.0,100,1.0,hud,100,,0.48983,0.05685,0.0189,0.0155,,245.4,205.3,98.5,1.196,cream_dealt
89,858.0,1594/2576,1.0,health_readout,,,0.64819,0.05115,0.04519,0.01915,,230.3,235.3,233.8,0.979,neutral
89,858.0,95160 (x1.79),0.5,crit,95160,1.79,0.34448,0.65633,0.06686,0.01809,1.79,214.3,166.8,187.0,1.284,cream_dealt
89,858.0,O Eliminate all Enemies,0.5,other,,,0.87936,0.66111,0.08576,0.01589,,205.2,228.2,203.4,0.899,neutral
89,858.0,67043,0.5,bare,67043,,0.48401,0.47028,0.03488,0.01292,,254.2,226.7,189.6,1.121,cream_dealt
89,858.0,PM,0.3,other,,,0.06395,0.93798,0.02035,0.0155,,230.3,133.7,112.3,1.722,red_taken
89,858.0,32070 (x1.67),0.3,crit,32070,1.67,0.33849,0.56731,0.06575,0.03334,1.67,238.9,205.7,164.5,1.162,cream_dealt
89,858.0,RAEA,0.3,other,,,0.3939,0.06718,0.02471,0.02326,,204.9,219.1,224.2,0.935,neutral
89,858.0,X10,0.3,other,,,0.81395,0.89922,0.03779,0.03876,,254.6,253.6,248.6,1.004,neutral
89,858.0,39156-,0.3,other,,,0.50145,0.51421,0.03343,0.01809,,221.2,200.9,194.1,1.101,cream_dealt
89,858.0,131x1.79),0.3,crit_garbled,,1.79,0.50581,0.45995,0.04651,0.02584,1.79,247.6,213.6,173.4,1.159,cream_dealt
90,860.0,Gladiator,1.0,other,,,0.00579,0.97138,0.04511,0.01847,,228.5,138.0,111.6,1.657,red_taken
90,860.0,9:51:46 PM,1.0,other,,,0.01017,0.93796,0.07413,0.01852,,225.9,141.0,123.6,1.602,red_taken
90,860.0,Crucible of the Dead,1.0,other,,,0.89244,0.9713,0.09738,0.01852,,213.7,195.3,181.7,1.094,cream_dealt
90,860.0,125,1.0,hud,125,,0.71948,0.88889,0.01453,0.01292,,186.6,178.9,155.3,1.043,cream_dealt
90,860.0,01:25,1.0,other,,,0.77612,0.88871,0.02188,0.01585,,184.1,177.8,159.0,1.035,cream_dealt
90,860.0,160,1.0,hud,160,,0.82558,0.85013,0.0189,0.01809,,193.7,86.3,45.4,2.245,red_taken
90,860.0,Objectives,1.0,other,,,0.87353,0.68202,0.05526,0.0184,,238.6,170.5,102.6,1.4,cream_dealt
90,860.0,"(6,306/20,005)",1.0,health_readout,,,0.46512,0.61499,0.07413,0.0155,,237.8,236.8,232.9,1.004,neutral
90,860.0,6306/20005,1.0,health_readout,,,0.30523,0.05426,0.04797,0.01292,,232.4,231.7,231.8,1.003,neutral
90,860.0,00,1.0,hud,0,,0.49419,0.05685,0.01453,0.0155,,246.0,206.4,100.5,1.192,cream_dealt
90,860.0,1594/2576,1.0,health_readout,,,0.64815,0.05095,0.04526,0.02212,,225.1,231.8,229.8,0.971,neutral
90,860.0,Q Eliminate all Enemies,0.5,other,,,0.87936,0.66111,0.08576,0.01589,,222.1,219.8,227.0,1.01,neutral
90,860.0,X10,0.3,other,,,0.81395,0.89922,0.03779,0.03876,,254.6,253.6,248.6,1.004,neutral
91,862.0,Gladiator,1.0,other,,,0.00578,0.97382,0.04513,0.01619,,213.1,210.8,191.4,1.011,neutral
91,862.0,9:51:48,1.0,other,,,0.0087,0.93773,0.04802,0.01601,,212.6,206.6,189.8,1.029,cream_dealt
91,862.0,Crucible of the Dead,1.0,other,,,0.89244,0.9713,0.09738,0.01852,,211.3,208.5,192.7,1.013,neutral
91,862.0,Undead,1.0,other,,,0.48254,0.90167,0.03492,0.01577,,237.8,230.7,232.1,1.03,cream_dealt
91,862.0,125,1.0,hud,125,,0.71948,0.88889,0.01453,0.01292,,188.5,178.4,154.2,1.057,cream_dealt
91,862.0,01:23,1.0,other,,,0.77613,0.88871,0.02187,0.01327,,185.6,180.2,156.1,1.03,cream_dealt
91,862.0,"(14,961/41,237)",1.0,health_readout,,,0.375,0.83979,0.07994,0.01292,,240.3,234.9,232.2,1.023,cream_dealt
91,862.0,"(2,245,10903,722,896)",1.0,other,,,0.35756,0.79328,0.10901,0.0155,,236.1,232.2,225.0,1.017,neutral
91,862.0,160,1.0,hud,160,,0.82703,0.85271,0.01744,0.0155,,192.7,87.7,48.2,2.197,red_taken
91,862.0,"(468,504/468,504)",1.0,health_readout,,,0.47093,0.81395,0.09012,0.0155,,241.5,238.7,235.1,1.012,neutral
91,862.0,"(41,237/41,237)",1.0,health_readout,,,0.5625,0.72868,0.07849,0.01292,,237.7,234.9,232.9,1.012,neutral
91,862.0,"(1,310,792/3,722,896)",1.0,health_readout,,,0.49855,0.67959,0.10901,0.0155,,235.3,227.5,225.6,1.035,cream_dealt
91,862.0,"(103,912/103,912)",1.0,health_readout,,,0.60756,0.60207,0.09157,0.01809,,227.4,223.8,222.4,1.016,neutral
91,862.0,19808,1.0,bare,19808,,0.52907,0.58915,0.02616,0.01034,,219.6,195.5,185.9,1.124,cream_dealt
91,862.0,17568/20005,1.0,health_readout,,,0.30233,0.05426,0.05378,0.0155,,235.8,226.7,222.0,1.04,cream_dealt
91,862.0,1584/2576,1.0,health_readout,,,0.64819,0.05116,0.04519,0.01912,,232.3,237.1,235.5,0.98,neutral
91,862.0,16121. (x1.77),0.5,crit_garbled,,1.77,0.38221,0.7334,0.06116,0.02674,1.77,250.7,231.5,223.0,1.083,cream_dealt
91,862.0,Obiectives,0.5,other,,,0.87355,0.68217,0.05523,0.01809,,228.8,179.4,80.9,1.275,cream_dealt
91,862.0,O Eliminate all Enemies,0.5,other,,,0.87936,0.66111,0.08576,0.01589,,202.1,242.1,184.7,0.835,neutral
91,862.0,"(17,568/20,005)",0.5,health_readout,,,0.46076,0.61499,0.07994,0.0155,,239.3,233.3,232.8,1.026,cream_dealt
91,862.0,36000,0.5,bare,36000,,0.48401,0.58398,0.02762,0.0155,,227.5,195.3,161.6,1.165,cream_dealt
91,862.0,100,0.5,hud,100,,0.49419,0.05685,0.01453,0.01292,,246.7,208.5,100.2,1.183,cream_dealt
91,862.0,Death Revenant,0.3,other,,,0.44913,0.96382,0.10174,0.02067,,229.9,216.3,140.3,1.063,cream_dealt
91,862.0,P,0.3,other,,,0.06395,0.93798,0.00872,0.0155,,217.9,202.2,189.5,1.077,cream_dealt
91,862.0,M,0.3,other,,,0.07267,0.93798,0.01163,0.0155,,219.3,207.2,189.3,1.058,cream_dealt
91,862.0,X10,0.3,other,,,0.81541,0.90181,0.03634,0.03618,,254.8,253.7,250.3,1.004,neutral
91,862.0,tonau ti,0.3,other,,,0.37936,0.70278,0.03779,0.01852,,247.6,182.9,100.8,1.354,cream_dealt
91,862.0,14417(x1.67),0.3,crit,14417,1.67,0.4738,0.39245,0.05677,0.02389,1.67,216.2,227.6,196.8,0.95,neutral
91,862.0,24600,0.3,bare,24600,,0.47965,0.37468,0.03052,0.02326,,194.2,201.3,197.2,0.965,neutral
92,864.0,Gladiator,1.0,other,,,0.00577,0.97376,0.04514,0.0163,,230.6,199.0,178.6,1.159,cream_dealt
92,864.0,9:51:50,1.0,other,,,0.00871,0.9353,0.04799,0.02087,,227.5,194.2,180.6,1.171,cream_dealt
92,864.0,Crucible of the Dead,1.0,other,,,0.89244,0.9713,0.09738,0.01852,,219.8,205.3,191.2,1.07,cream_dealt
92,864.0,PM,1.0,other,,,0.0625,0.9354,0.0218,0.01809,,230.9,192.9,176.6,1.197,cream_dealt
92,864.0,125,1.0,hud,125,,0.71802,0.88889,0.01599,0.01292,,187.5,177.5,152.8,1.056,cream_dealt
92,864.0,01:33,1.0,other,,,0.77616,0.88889,0.0218,0.0155,,185.8,178.9,158.7,1.039,cream_dealt
92,864.0,"(26,368/41,237)",1.0,health_readout,,,0.50727,0.71835,0.07849,0.01292,,236.8,232.5,229.3,1.018,neutral
92,864.0,Objectives,1.0,other,,,0.8735,0.68175,0.05532,0.01894,,244.4,164.0,99.2,1.49,cream_dealt
92,864.0,"(132,096/468,504)",1.0,health_readout,,,0.51744,0.65116,0.09157,0.0155,,239.3,235.4,235.7,1.017,neutral
92,864.0,7840,1.0,bare,7840,,0.55669,0.55814,0.01599,0.01292,,197.9,186.0,183.7,1.064,cream_dealt
92,864.0,25284,1.0,bare,25284,,0.56831,0.49612,0.02471,0.01292,,214.6,159.1,143.7,1.349,cream_dealt
92,864.0,51698,1.0,bare,51698,,0.58576,0.39793,0.02762,0.0155,,202.6,197.7,193.3,1.025,cream_dealt
92,864.0,86773 (x1.79),1.0,crit,86773,1.79,0.5814,0.37209,0.07994,0.02328,1.79,211.8,187.4,134.4,1.13,cream_dealt
92,864.0,30099 (x1.67),1.0,crit,30099,1.67,0.57122,0.3537,0.07122,0.01852,1.67,247.9,234.7,180.9,1.056,cream_dealt
92,864.0,12746,1.0,bare,12746,,0.71802,0.27907,0.0218,0.01292,,190.8,198.0,202.0,0.964,neutral
92,864.0,0/18065,1.0,health_readout,,,0.3125,0.05426,0.03343,0.0155,,233.7,230.3,229.8,1.015,neutral
92,864.0,100,1.0,hud,100,,0.48983,0.05685,0.0189,0.0155,,245.3,205.4,96.3,1.195,cream_dealt
92,864.0,1588/2576,1.0,health_readout,,,0.64826,0.05168,0.04506,0.01809,,232.9,235.8,235.5,0.988,neutral
92,864.0,160,0.5,hud,160,,0.82558,0.85271,0.0189,0.0155,,192.8,87.5,47.6,2.203,red_taken
92,864.0,O Eliminate all Enemies,0.5,other,,,0.87936,0.66111,0.08576,0.01589,,225.3,210.1,218.9,1.072,cream_dealt
92,864.0,51514,0.5,bare,51514,,0.44186,0.56589,0.03924,0.02326,,228.6,173.7,170.1,1.316,cream_dealt
92,864.0,30099 (x1.67),0.5,crit,30099,1.67,0.57119,0.4287,0.06983,0.02891,1.67,203.5,230.7,187.8,0.882,neutral
92,864.0,X10,0.3,other,,,0.81395,0.90181,0.03779,0.03618,,254.8,253.7,250.0,1.004,neutral
92,864.0,"(2.471.716/3,7220726,005)",0.3,other,,,0.3939,0.60724,0.13372,0.03359,,209.1,191.7,183.5,1.091,cream_dealt
92,864.0,46566 кx1.7,0.3,other,,,0.4186,0.58889,0.05523,0.03148,,228.7,128.1,108.0,1.785,red_taken
92,864.0,98X850,0.3,other,,,0.4593,0.53747,0.03634,0.02326,,236.8,188.9,194.4,1.253,cream_dealt
92,864.0,2918332,0.3,bare,2918332,,0.55959,0.56331,0.03779,0.03359,,197.1,195.4,190.4,1.009,neutral
93,866.0,Gladiator,1.0,other,,,0.00577,0.97375,0.04514,0.01632,,216.9,208.9,190.2,1.038,cream_dealt
93,866.0,9:51:52,1.0,other,,,0.00871,0.93784,0.04799,0.01579,,214.5,205.5,190.8,1.044,cream_dealt
93,866.0,PM,1.0,other,,,0.0625,0.9354,0.0218,0.01809,,216.7,204.7,187.7,1.059,cream_dealt
93,866.0,(2,1.0,other,,,0.27907,0.65375,0.01163,0.01292,,233.8,236.3,235.8,0.99,neutral
93,866.0,",386,070/3,722,896)",1.0,health_readout,,,0.28924,0.65375,0.09884,0.01292,,241.5,239.6,238.4,1.008,neutral
93,866.0,0/18065,1.0,health_readout,,,0.3125,0.05426,0.03343,0.0155,,233.3,231.1,230.1,1.009,neutral
93,866.0,Crucible of the Dead,1.0,other,,,0.89244,0.9713,0.09738,0.01852,,216.6,206.6,191.2,1.048,cream_dealt
93,866.0,125,1.0,hud,125,,0.71802,0.88889,0.01599,0.01292,,185.9,176.8,152.5,1.052,cream_dealt
93,866.0,01:33,1.0,other,,,0.77471,0.88889,0.02326,0.0155,,184.0,178.0,155.6,1.033,cream_dealt
93,866.0,160,1.0,hud,160,,0.82558,0.85013,0.0189,0.01809,,193.4,86.6,46.0,2.233,red_taken
93,866.0,"(14,742/41,237)",1.0,health_readout,,,0.50145,0.82171,0.07994,0.0155,,230.3,224.7,218.2,1.025,cream_dealt
93,866.0,Objectives,1.0,other,,,0.87352,0.68195,0.05528,0.01854,,234.1,169.9,94.3,1.378,cream_dealt
93,866.0,"(76,619/468,504)",1.0,health_readout,,,0.46221,0.65116,0.08576,0.0155,,237.5,235.8,236.2,1.007,neutral
93,866.0,Vital Essence,1.0,other,,,0.5189,0.35142,0.06105,0.01809,,195.0,74.3,38.2,2.624,red_taken
93,866.0,100,1.0,hud,100,,0.48983,0.05685,0.0189,0.0155,,243.8,203.5,99.1,1.198,cream_dealt
93,866.0,1588/2576,1.0,health_readout,,,0.64826,0.05168,0.04506,0.01809,,232.5,236.9,235.6,0.981,neutral
93,866.0,33707 (x1.39),0.5,crit,33707,1.39,0.32267,0.60185,0.06395,0.0213,1.39,183.9,134.6,144.6,1.366,cream_dealt
93,866.0,O Eliminate all Enemies,0.5,other,,,0.87936,0.66111,0.08576,0.01589,,229.3,215.6,215.2,1.064,cream_dealt
93,866.0,x10,0.3,other,,,0.81395,0.89922,0.03779,0.03876,,254.6,253.7,249.0,1.004,neutral
93,866.0,3602867.30),0.3,other,,,0.46948,0.55814,0.0625,0.02842,,237.4,225.5,191.3,1.053,cream_dealt
