record,in_rolled_20w,in_rolled_10w,in_pool,is_summon_body,level_set,level_lo,level_hi,bio_record,life_equation,monster_class,winner_archive,base_life_lo,base_life_hi,life_passive_pct_lo,life_passive_pct_hi,life_passive_sources_lo,ehp_w151_lo,ehp_w151_hi,ehp_w160_lo,ehp_w160_hi,ehp_w170_lo,ehp_w170_hi,own_characterLifeModifier,own_applied,pool_records,pool_kinds,waves_pooled,waves_rolled,baton_levels,life_grade,level_grade,damage_grade
records/creatures/anomalies/aetheranomaly_01_summon.dbr,0,0,0,1,105|106|107|108,105,108,records/creatures/enemies/bios/bio_trap_fireflare_01.dbr,((charLevel*10)^1.25)+60,Common,gdx1,6037.0464,6251.2693,0.0,0.0,,59525,61637,60611,62762,61819,64012,0.0,NO (L-33(b): falsified on camera; band A does not fold it either),,,,,,MEASURED,DERIVED-INHERITED,NOT-IN-SCOPE — Lap D is the LIFE limb of I-1. Band-B monster damage is a separate decode (PM-4 queue I-2/I-5).
records/creatures/anomalies/chthonicvoid_groble.dbr,0,0,0,1,104|105|106,104,106,records/creatures/enemies/bios/bio_trap_fireflare_01.dbr,((charLevel*10)^1.25)+60,Common,gdx3,5965.976,6108.2862,0.0,0.0,,58824,60227,59898,61327,61091,62548,0.0,NO (L-33(b): falsified on camera; band A does not fold it either),,,,,,MEASURED,DERIVED-INHERITED,NOT-IN-SCOPE — Lap D is the LIFE limb of I-1. Band-B monster damage is a separate decode (PM-4 queue I-2/I-5).
records/creatures/anomalies/eldritchground.dbr,0,0,0,1,105|106|107|108,105,108,records/creatures/enemies/bios/bio_trap_fireflare_01.dbr,((charLevel*10)^1.25)+60,Common,gdx2,6037.0464,6251.2693,0.0,0.0,,59525,61637,60611,62762,61819,64012,0.0,NO (L-33(b): falsified on camera; band A does not fold it either),,,,,,MEASURED,DERIVED-INHERITED,NOT-IN-SCOPE — Lap D is the LIFE limb of I-1. Band-B monster damage is a separate decode (PM-4 queue I-2/I-5).
records/creatures/anomalies/sandstorm.dbr,0,0,0,1,104|105|106,104,106,records/creatures/enemies/bios/bio_trap_fireflare_01.dbr,((charLevel*10)^1.25)+60,Common,gdx2,5965.976,6108.2862,0.0,0.0,,58824,60227,59898,61327,61091,62548,0.0,NO (L-33(b): falsified on camera; band A does not fold it either),,,,,,MEASURED,DERIVED-INHERITED,NOT-IN-SCOPE — Lap D is the LIFE limb of I-1. Band-B monster damage is a separate decode (PM-4 queue I-2/I-5).
records/creatures/enemies/aetherialbloater_a01.dbr,0,0,1,0,103|104,103,104,records/creatures/enemies/bios/bio_aetherialbloater_a01.dbr,((charLevel*18)^1.33)+100,Common,sm1,22311.9118,22599.1843,78.0,86.0,armorbase03.dbr[102]=78.0,237398,242263,241414,246331,245877,250850,0.0,NO (L-33(b): falsified on camera; band A does not fold it either),records/proxies/poolsbasicgdx1/aetherialbloater_t3.dbr,trash,156|157|164|166,,,MEASURED,MEASURED-SET,NOT-IN-SCOPE — Lap D is the LIFE limb of I-1. Band-B monster damage is a separate decode (PM-4 queue I-2/I-5).
records/creatures/enemies/aetherialbloater_b01.dbr,1,0,1,0,104|105|106,104,106,records/creatures/enemies/bios/bio_aetherialbloater_b01.dbr,((charLevel*27)^1.33)+150,Champion,sm1,38730.5263,39720.4152,86.0,103.0,armorbase04.dbr[103]=86.0,415191,432555,422162,439704,429908,447649,50.0,NO (L-33(b): falsified on camera; band A does not fold it either),records/proxies/poolsbasicgdx1/aetherialbloater_t3.dbr,trash,156|157|164|166,166,104,MEASURED,MEASURED-SET,NOT-IN-SCOPE — Lap D is the LIFE limb of I-1. Band-B monster damage is a separate decode (PM-4 queue I-2/I-5).
records/creatures/enemies/aetherialbloater_b01_summon.dbr,0,0,0,1,104|105|106|107|108,104,108,records/creatures/enemies/bios/bio_aetherialbloater_b01.dbr,((charLevel*27)^1.33)+150,Champion,sm1,38730.5263,40716.4871,86.0,121.0,armorbase04.dbr[103]=86.0,415191,450731,422162,458060,429908,466203,50.0,NO (L-33(b): falsified on camera; band A does not fold it either),,,,,,MEASURED,DERIVED-INHERITED,NOT-IN-SCOPE — Lap D is the LIFE limb of I-1. Band-B monster damage is a separate decode (PM-4 queue I-2/I-5).
records/creatures/enemies/aetherialbloater_c01.dbr,1,0,1,0,104|105|106,104,106,records/creatures/enemies/bios/bio_aetherialbloater_c01.dbr,((charLevel*31)^1.33)+150,Champion,sm1,46512.345,47701.8977,86.0,103.0,armorbase04.dbr[103]=86.0,498612,519473,506984,528060,516287,537600,100.0,NO (L-33(b): falsified on camera; band A does not fold it either),records/proxies/poolsbasicgdx1/aetherialbloater_t3.dbr,trash,156|157|164|166,166,104,MEASURED,MEASURED-SET,NOT-IN-SCOPE — Lap D is the LIFE limb of I-1. Band-B monster damage is a separate decode (PM-4 queue I-2/I-5).
records/creatures/enemies/aetherialbloater_c01_summon.dbr,0,0,0,1,106|107|108,106,108,records/creatures/enemies/bios/bio_aetherialbloater_c01.dbr,((charLevel*31)^1.33)+150,Champion,sm1,47701.8977,48898.8806,103.0,121.0,armorbase04.dbr[105]=103.0,519473,541310,528060,550112,537600,559892,100.0,NO (L-33(b): falsified on camera; band A does not fold it either),,,,,,MEASURED,DERIVED-INHERITED,NOT-IN-SCOPE — Lap D is the LIFE limb of I-1. Band-B monster damage is a separate decode (PM-4 queue I-2/I-5).
records/creatures/enemies/aetherialcolossus_a01.dbr,1,0,1,0,104|105|106,104,106,records/creatures/enemies/bios/bio_aetherialcolossus_a01.dbr,((charLevel*15)^1.5)+100,Champion,sm1,61715.0631,63500.9385,86.0,103.0,armorbase04.dbr[103]=86.0,661585,691525,672694,702955,685037,715655,0.0,NO (L-33(b): falsified on camera; band A does not fold it either),records/proxies/poolsbasicgdx1/aetherialcolossus_t3.dbr,trash,164|166|168,164,109,MEASURED,MEASURED-SET,NOT-IN-SCOPE — Lap D is the LIFE limb of I-1. Band-B monster damage is a separate decode (PM-4 queue I-2/I-5).
records/creatures/enemies/aetherialcolossus_b01.dbr,0,0,1,0,105|106,105,106,records/creatures/enemies/bios/bio_aetherialcolossus_b01.dbr,((charLevel*17)^1.5)+150,Champion,sm1,75564.9297,76644.8469,94.0,103.0,armorbase04.dbr[104]=94.0,816101,834662,829702,848458,844815,863787,50.0,NO (L-33(b): falsified on camera; band A does not fold it either),records/proxies/poolsbasicgdx1/aetherialcolossus_t3.dbr,trash,164|166|168,,,MEASURED,MEASURED-SET,NOT-IN-SCOPE — Lap D is the LIFE limb of I-1. Band-B monster damage is a separate decode (PM-4 queue I-2/I-5).
records/creatures/enemies/aetherialcolossus_c01.dbr,0,0,1,0,105|106,105,106,records/creatures/enemies/bios/bio_aetherialcolossus_c01.dbr,((charLevel*20)^1.5)+200,Champion,sm1,96434.0896,97812.1304,94.0,103.0,armorbase04.dbr[104]=94.0,1041488,1065174,1058846,1082780,1078133,1102342,100.0,NO (L-33(b): falsified on camera; band A does not fold it either),records/proxies/poolsbasicgdx1/aetherialcolossus_t3.dbr,trash,164|166|168,,,MEASURED,MEASURED-SET,NOT-IN-SCOPE — Lap D is the LIFE limb of I-1. Band-B monster damage is a separate decode (PM-4 queue I-2/I-5).
records/creatures/enemies/aetherialcolossus_c02.dbr,1,0,1,0,105|106,105,106,records/creatures/enemies/bios/bio_aetherialcolossus_c01.dbr,((charLevel*20)^1.5)+200,Champion,sm1,96434.0896,97812.1304,94.0,103.0,armorbase04.dbr[104]=94.0,1041488,1065174,1058846,1082780,1078133,1102342,100.0,NO (L-33(b): falsified on camera; band A does not fold it either),records/proxies/poolsbasicgdx1/aetherialcolossus_t3.dbr,trash,164|166|168,164,109,MEASURED,MEASURED-SET,NOT-IN-SCOPE — Lap D is the LIFE limb of I-1. Band-B monster damage is a separate decode (PM-4 queue I-2/I-5).
records/creatures/enemies/aetherialcolossus_c02_summon.dbr,0,0,0,1,106|107|108,106,108,records/creatures/enemies/bios/bio_aetherialcolossus_c01.dbr,((charLevel*20)^1.5)+200,Champion,sm1,97812.1304,100587.7283,103.0,121.0,armorbase04.dbr[105]=103.0,1065174,1113506,1082780,1131611,1102342,1151729,100.0,NO (L-33(b): falsified on camera; band A does not fold it either),,,,,,MEASURED,DERIVED-INHERITED,NOT-IN-SCOPE — Lap D is the LIFE limb of I-1. Band-B monster damage is a separate decode (PM-4 queue I-2/I-5).
records/creatures/enemies/aetherialcorruption_a01.dbr,1,0,1,0,102|103,102,103,records/creatures/enemies/bios/bio_aetherialcorruption_a01.dbr,((charLevel*14)^1.33)+50,Common,sm1,15745.9829,15950.9765,61.0,69.0,armorbase02.dbr[101]=61.0,164860,168282,167694,171153,170843,174344,0.0,NO (L-33(b): falsified on camera; band A does not fold it either),records/proxies/poolsbasicgdx1/aetherialbloater_t3.dbr,trash,156|157|164|166,166,102,MEASURED,MEASURED-SET,NOT-IN-SCOPE — Lap D is the LIFE limb of I-1. Band-B monster damage is a separate decode (PM-4 queue I-2/I-5).
records/creatures/enemies/aetherialcorruption_a01_summon.dbr,0,0,0,1,103|104|105|106,103,106,records/creatures/enemies/bios/bio_aetherialcorruption_a01.dbr,((charLevel*14)^1.33)+50,Common,sm1,15950.9765,16569.8876,69.0,88.0,armorbase02.dbr[102]=69.0,168282,177960,171153,180943,174344,184257,0.0,NO (L-33(b): falsified on camera; band A does not fold it either),,,,,,MEASURED,DERIVED-INHERITED,NOT-IN-SCOPE — Lap D is the LIFE limb of I-1. Band-B monster damage is a separate decode (PM-4 queue I-2/I-5).
records/creatures/enemies/aetherialcorruption_b01.dbr,1,1,1,0,103|104,103,104,records/creatures/enemies/bios/bio_aetherialcorruption_b01.dbr,((charLevel*20)^1.33)+50,Champion,sm1,25603.0887,25933.5735,78.0,86.0,armorbase03.dbr[102]=78.0,272416,278007,277025,282675,282146,287862,0.0,NO (L-33(b): falsified on camera; band A does not fold it either),records/proxies/poolsbasicgdx1/aetherialcolossus_t3.dbr|records/proxies/poolsbasicgdx1/aetherialcorruption_ice_t3.dbr,trash,156|164|166|168,156|164,103,MEASURED,MEASURED-SET,NOT-IN-SCOPE — Lap D is the LIFE limb of I-1. Band-B monster damage is a separate decode (PM-4 queue I-2/I-5).
records/creatures/enemies/aetherialcorruption_b01_summon.dbr,0,0,0,1,104|105|106|107|108,104,108,records/creatures/enemies/bios/bio_aetherialcorruption_b01.dbr,((charLevel*20)^1.33)+50,Champion,sm1,25933.5735,27265.9494,86.0,121.0,armorbase03.dbr[103]=86.0,278007,301834,282675,306741,287862,312195,0.0,NO (L-33(b): falsified on camera; band A does not fold it either),,,,,,MEASURED,DERIVED-INHERITED,NOT-IN-SCOPE — Lap D is the LIFE limb of I-1. Band-B monster damage is a separate decode (PM-4 queue I-2/I-5).
records/creatures/enemies/aetherialcorruption_b02.dbr,1,0,1,0,103|104,103,104,records/creatures/enemies/bios/bio_aetherialcorruption_b01.dbr,((charLevel*20)^1.33)+50,Champion,sm1,25603.0887,25933.5735,78.0,86.0,armorbase03.dbr[102]=78.0,272416,278007,277025,282675,282146,287862,0.0,NO (L-33(b): falsified on camera; band A does not fold it either),records/proxies/poolsbasicgdx1/aetherialcolossus_t3.dbr|records/proxies/poolsbasicgdx1/aetherialcorruption_lightning_t3.dbr,trash,156|164|166|168,164,103,MEASURED,MEASURED-SET,NOT-IN-SCOPE — Lap D is the LIFE limb of I-1. Band-B monster damage is a separate decode (PM-4 queue I-2/I-5).
records/creatures/enemies/aetherialcorruption_b02_summon.dbr,0,0,0,1,104|105|106|107|108,104,108,records/creatures/enemies/bios/bio_aetherialcorruption_b01.dbr,((charLevel*20)^1.33)+50,Champion,sm1,25933.5735,27265.9494,86.0,121.0,armorbase03.dbr[103]=86.0,278007,301834,282675,306741,287862,312195,0.0,NO (L-33(b): falsified on camera; band A does not fold it either),,,,,,MEASURED,DERIVED-INHERITED,NOT-IN-SCOPE — Lap D is the LIFE limb of I-1. Band-B monster damage is a separate decode (PM-4 queue I-2/I-5).
records/creatures/enemies/aetherialcorruption_b03.dbr,0,0,1,0,103|104,103,104,records/creatures/enemies/bios/bio_aetherialcorruption_b01.dbr,((charLevel*20)^1.33)+50,Champion,sm1,25603.0887,25933.5735,78.0,86.0,armorbase03.dbr[102]=78.0,272416,278007,277025,282675,282146,287862,0.0,NO (L-33(b): falsified on camera; band A does not fold it either),records/proxies/poolsbasicgdx1/aetherialcolossus_t3.dbr|records/proxies/poolsbasicgdx1/aetherialcorruption_fire_t3.dbr,trash,156|164|166|168,,,MEASURED,MEASURED-SET,NOT-IN-SCOPE — Lap D is the LIFE limb of I-1. Band-B monster damage is a separate decode (PM-4 queue I-2/I-5).
records/creatures/enemies/aetherialcorruption_b03_summon.dbr,0,0,0,1,104|105|106|107|108,104,108,records/creatures/enemies/bios/bio_aetherialcorruption_b01.dbr,((charLevel*20)^1.33)+50,Champion,sm1,25933.5735,27265.9494,86.0,121.0,armorbase03.dbr[103]=86.0,278007,301834,282675,306741,287862,312195,0.0,NO (L-33(b): falsified on camera; band A does not fold it either),,,,,,MEASURED,DERIVED-INHERITED,NOT-IN-SCOPE — Lap D is the LIFE limb of I-1. Band-B monster damage is a separate decode (PM-4 queue I-2/I-5).
records/creatures/enemies/aetherialcorruption_c01.dbr,1,1,1,0,103|104,103,104,records/creatures/enemies/bios/bio_aetherialcorruption_c01.dbr,((charLevel*28)^1.33)+50,Champion,sm1,40025.4803,40542.4937,78.0,86.0,armorbase03.dbr[102]=78.0,425871,434615,433075,441913,441080,450021,0.0,NO (L-33(b): falsified on camera; band A does not fold it either),records/proxies/poolsbasicgdx1/aetherialbloater_t3.dbr|records/proxies/poolsbasicgdx1/aetherialcorruption_poison_t3.dbr,trash,155|156|157|164|166,155,103,MEASURED,MEASURED-SET,NOT-IN-SCOPE — Lap D is the LIFE limb of I-1. Band-B monster damage is a separate decode (PM-4 queue I-2/I-5).
records/creatures/enemies/aetherialcorruption_c01_summon.dbr,0,0,0,1,106|107|108,106,108,records/creatures/enemies/bios/bio_aetherialcorruption_c01.dbr,((charLevel*28)^1.33)+50,Champion,sm1,41581.4393,42626.8744,103.0,121.0,armorbase03.dbr[105]=103.0,452821,471879,460306,479552,468622,488077,0.0,NO (L-33(b): falsified on camera; band A does not fold it either),,,,,,MEASURED,DERIVED-INHERITED,NOT-IN-SCOPE — Lap D is the LIFE limb of I-1. Band-B monster damage is a separate decode (PM-4 queue I-2/I-5).
records/creatures/enemies/aetherialfleshshaper_a01.dbr,0,0,1,0,103|104,103,104,records/creatures/enemies/bios/bio_aetherialfleshshaper_a01.dbr,((charLevel*14)^1.29)+60,Champion,sm1,11946.8063,12095.889,69.0,74.0,armorbase02.dbr[102]=69.0,126038,128216,128189,130393,130578,132812,0.0,NO (L-33(b): falsified on camera; band A does not fold it either),records/proxies/poolsbasicgdx1/aetherialfleshshaper_t3.dbr,trash,163,,,MEASURED,MEASURED-SET,NOT-IN-SCOPE — Lap D is the LIFE limb of I-1. Band-B monster damage is a separate decode (PM-4 queue I-2/I-5).
records/creatures/enemies/aetherialfleshshaper_b01.dbr,0,0,1,0,104|105|106,104,106,records/creatures/enemies/bios/bio_aetherialfleshshaper_b01.dbr,((charLevel*19)^1.3)+75,Champion,sm1,19329.0911,19811.8257,74.0,88.0,armorbase02.dbr[103]=74.0,204888,212779,208367,216345,212233,220307,0.0,NO (L-33(b): falsified on camera; band A does not fold it either),records/proxies/poolsbasicgdx1/aetherialfleshshaper_t3.dbr,trash,163,,,MEASURED,MEASURED-SET,NOT-IN-SCOPE — Lap D is the LIFE limb of I-1. Band-B monster damage is a separate decode (PM-4 queue I-2/I-5).
records/creatures/enemies/aetherialfleshshaper_c01.dbr,0,0,1,0,104|105|106,104,106,records/creatures/enemies/bios/bio_aetherialfleshshaper_c01.dbr,((charLevel*22)^1.3)+75,Champion,sm1,23371.6152,23955.7031,74.0,88.0,armorbase02.dbr[103]=74.0,247739,257284,251946,261596,256620,266387,0.0,NO (L-33(b): falsified on camera; band A does not fold it either),records/proxies/poolsbasicgdx1/aetherialfleshshaper_t3.dbr,trash,163,,,MEASURED,MEASURED-SET,NOT-IN-SCOPE — Lap D is the LIFE limb of I-1. Band-B monster damage is a separate decode (PM-4 queue I-2/I-5).
records/creatures/enemies/aetherialimp_a00_summon.dbr,0,0,0,1,104|105|106,104,106,records/creatures/enemies/bios/bio_aetherialimp_a00.dbr,((charLevel*6)^1.33)+50,Common,sm1,5269.0986,5403.0089,74.0,88.0,armorbase01.dbr[103]=74.0,55852,58028,56800,59000,57854,60081,0.0,NO (L-33(b): falsified on camera; band A does not fold it either),,,,,,MEASURED,DERIVED-INHERITED,NOT-IN-SCOPE — Lap D is the LIFE limb of I-1. Band-B monster damage is a separate decode (PM-4 queue I-2/I-5).
records/creatures/enemies/aetherialimp_a01.dbr,0,0,1,0,102|103|104,102,104,records/creatures/enemies/bios/bio_aetherialimp_a01.dbr,((charLevel*10)^1.33)+50,Common,sm1,10083.1713,10345.6635,61.0,74.0,armorbase01.dbr[101]=61.0,105570,109664,107385,111526,109402,113595,0.0,NO (L-33(b): falsified on camera; band A does not fold it either),records/proxies/poolsbasicgdx1/aetherialfleshshaper_t3.dbr|records/proxies/poolsbasicgdx1/aetherialimp_t3.dbr,trash,155|163,,,MEASURED,MEASURED-SET,NOT-IN-SCOPE — Lap D is the LIFE limb of I-1. Band-B monster damage is a separate decode (PM-4 queue I-2/I-5).
records/creatures/enemies/aetherialimp_b01.dbr,0,0,1,0,103|104|105|106,103,106,records/creatures/enemies/bios/bio_aetherialimp_b01.dbr,((charLevel*14)^1.33)+30,Champion,sm1,15930.9765,16549.8876,69.0,88.0,armorbase02.dbr[102]=69.0,168071,177745,170939,180724,174125,184034,0.0,NO (L-33(b): falsified on camera; band A does not fold it either),records/proxies/poolsbasicgdx1/aetherialfleshshaper_t3.dbr|records/proxies/poolsbasicgdx1/aetherialimp_t3.dbr,trash,155|163,,,MEASURED,MEASURED-SET,NOT-IN-SCOPE — Lap D is the LIFE limb of I-1. Band-B monster damage is a separate decode (PM-4 queue I-2/I-5).
records/creatures/enemies/aetherialworm_b01_summon.dbr,0,0,0,1,106|107|108,106,108,records/creatures/enemies/bios/bio_aetherialworm_b01.dbr,((charLevel*20)^1.33)+40,Champion,sm1,26587.6874,27255.9494,103.0,121.0,armorbase03.dbr[105]=103.0,289539,301723,294325,306629,299643,312080,0.0,NO (L-33(b): falsified on camera; band A does not fold it either),,,,,,MEASURED,DERIVED-INHERITED,NOT-IN-SCOPE — Lap D is the LIFE limb of I-1. Band-B monster damage is a separate decode (PM-4 queue I-2/I-5).
records/creatures/enemies/aetherialworm_b02_summon.dbr,0,0,0,1,106|107|108,106,108,records/creatures/enemies/bios/bio_aetherialworm_b01.dbr,((charLevel*20)^1.33)+40,Champion,sm1,26587.6874,27255.9494,103.0,121.0,armorbase03.dbr[105]=103.0,289539,301723,294325,306629,299643,312080,0.0,NO (L-33(b): falsified on camera; band A does not fold it either),,,,,,MEASURED,DERIVED-INHERITED,NOT-IN-SCOPE — Lap D is the LIFE limb of I-1. Band-B monster damage is a separate decode (PM-4 queue I-2/I-5).
records/creatures/enemies/aetherialworm_b03_summon.dbr,0,0,0,1,106|107|108,106,108,records/creatures/enemies/bios/bio_aetherialworm_b01.dbr,((charLevel*20)^1.33)+40,Champion,sm1,26587.6874,27255.9494,103.0,121.0,armorbase03.dbr[105]=103.0,289539,301723,294325,306629,299643,312080,0.0,NO (L-33(b): falsified on camera; band A does not fold it either),,,,,,MEASURED,DERIVED-INHERITED,NOT-IN-SCOPE — Lap D is the LIFE limb of I-1. Band-B monster damage is a separate decode (PM-4 queue I-2/I-5).
records/creatures/enemies/aetherialworm_b04_summon.dbr,0,0,0,1,106|107|108,106,108,records/creatures/enemies/bios/bio_aetherialworm_b01.dbr,((charLevel*20)^1.33)+40,Champion,sm1,26587.6874,27255.9494,103.0,121.0,armorbase03.dbr[105]=103.0,289539,301723,294325,306629,299643,312080,0.0,NO (L-33(b): falsified on camera; band A does not fold it either),,,,,,MEASURED,DERIVED-INHERITED,NOT-IN-SCOPE — Lap D is the LIFE limb of I-1. Band-B monster damage is a separate decode (PM-4 queue I-2/I-5).
records/creatures/enemies/avian_a01.dbr,1,0,1,0,103|104,103,104,records/creatures/enemies/bios/bio_avian_a01.dbr,((charLevel*11)^1.5)+100,Champion,sm3,38236.8541,38793.591,78.0,86.0,armorbase04.dbr[102]=78.0,406840,415867,413722,422850,421370,430608,0.0,NO (L-33(b): falsified on camera; band A does not fold it either),records/proxies/poolsbasicgdx3/avian_t3.dbr,trash,161|168,161,109,MEASURED,MEASURED-SET,NOT-IN-SCOPE — Lap D is the LIFE limb of I-1. Band-B monster damage is a separate decode (PM-4 queue I-2/I-5).
records/creatures/enemies/avian_b01.dbr,1,0,1,0,104|105|106,104,106,records/creatures/enemies/bios/bio_avian_b01.dbr,((charLevel*15)^1.5)+200,Champion,sm3,61815.0631,63600.9385,86.0,103.0,armorbase04.dbr[103]=86.0,662657,692614,673784,704062,686147,716782,0.0,NO (L-33(b): falsified on camera; band A does not fold it either),records/proxies/poolsbasicgdx3/avian_t3.dbr,trash,161|168,161,109,MEASURED,MEASURED-SET,NOT-IN-SCOPE — Lap D is the LIFE limb of I-1. Band-B monster damage is a separate decode (PM-4 queue I-2/I-5).
records/creatures/enemies/avian_c01.dbr,1,0,1,0,105|106,105,106,records/creatures/enemies/bios/bio_avian_c01.dbr,((charLevel*17)^1.5)+200,Champion,sm3,75614.9297,76694.8469,94.0,103.0,armorbase04.dbr[104]=94.0,816641,835206,830251,849011,845374,864350,0.0,NO (L-33(b): falsified on camera; band A does not fold it either),records/proxies/poolsbasicgdx3/avian_t3.dbr,trash,161|168,161,109,MEASURED,MEASURED-SET,NOT-IN-SCOPE — Lap D is the LIFE limb of I-1. Band-B monster damage is a separate decode (PM-4 queue I-2/I-5).
records/creatures/enemies/basilisk_a01.dbr,1,0,1,0,102|103,102,103,records/creatures/enemies/bios/bio_basilisk_a01.dbr,((charLevel*9)^1.33)+20,Common,sm1,8741.2908,8855.1931,61.0,69.0,armorbase02.dbr[101]=61.0,91521,93422,93094,95016,94843,96787,0.0,NO (L-33(b): falsified on camera; band A does not fold it either),records/proxies/poolsbasicgdx1/basilisk_t3.dbr,trash,152|164,164,109,MEASURED,MEASURED-SET,NOT-IN-SCOPE — Lap D is the LIFE limb of I-1. Band-B monster damage is a separate decode (PM-4 queue I-2/I-5).
records/creatures/enemies/basilisk_b01.dbr,1,0,1,0,103|104,103,104,records/creatures/enemies/bios/bio_basilisk_b01.dbr,((charLevel*18)^1.33)+45,Champion,sm1,22256.9118,22544.1843,78.0,86.0,armorbase03.dbr[102]=78.0,236813,241673,240819,245731,245271,250240,0.0,NO (L-33(b): falsified on camera; band A does not fold it either),records/proxies/poolsbasicgdx1/basilisk_t3.dbr,trash,152|164,164,109,MEASURED,MEASURED-SET,NOT-IN-SCOPE — Lap D is the LIFE limb of I-1. Band-B monster damage is a separate decode (PM-4 queue I-2/I-5).
records/creatures/enemies/basilisk_c01.dbr,1,0,1,0,104|105|106,104,106,records/creatures/enemies/bios/bio_basilisk_c01.dbr,((charLevel*24)^1.33)+60,Champion,sm1,33046.4282,33892.7853,86.0,103.0,armorbase03.dbr[103]=86.0,354257,369092,360206,375193,366815,381971,0.0,NO (L-33(b): falsified on camera; band A does not fold it either),records/proxies/poolsbasicgdx1/basilisk_t3.dbr,trash,152|164,164,109,MEASURED,MEASURED-SET,NOT-IN-SCOPE — Lap D is the LIFE limb of I-1. Band-B monster damage is a separate decode (PM-4 queue I-2/I-5).
records/creatures/enemies/beaverriver_a01.dbr,0,0,1,0,103|104,103,104,records/creatures/enemies/bios/bio_beaver_a01.dbr,((charLevel*6)^1.28)+15,Common,sm3,3751.5023,3797.9994,69.0,74.0,armorbase01.dbr[102]=69.0,39578,40258,40253,40942,41003,41702,0.0,NO (L-33(b): falsified on camera; band A does not fold it either),records/proxies/poolsbasicgdx3/beaver_t3.dbr,trash,164,,,MEASURED,MEASURED-SET,NOT-IN-SCOPE — Lap D is the LIFE limb of I-1. Band-B monster damage is a separate decode (PM-4 queue I-2/I-5).
records/creatures/enemies/beaverriver_b01.dbr,0,0,1,0,104|105|106,104,106,records/creatures/enemies/bios/bio_beaver_b01.dbr,((charLevel*12)^1.28)+30,Champion,sm3,9216.5971,9443.3347,74.0,88.0,armorbase02.dbr[103]=74.0,97695,101421,99354,103121,101198,105009,0.0,NO (L-33(b): falsified on camera; band A does not fold it either),records/proxies/poolsbasicgdx3/beaver_t3.dbr,trash,164,,,MEASURED,MEASURED-SET,NOT-IN-SCOPE — Lap D is the LIFE limb of I-1. Band-B monster damage is a separate decode (PM-4 queue I-2/I-5).
records/creatures/enemies/beetle_a01_summon.dbr,0,0,0,1,104|105|106,104,106,records/creatures/enemies/bios/bio_beetle_a00_summon.dbr,((charLevel*6)^1.28)+25,Common,sm2,3807.9994,3901.369,74.0,88.0,armorbase02.dbr[103]=74.0,40364,41900,41050,42602,41811,43383,0.0,NO (L-33(b): falsified on camera; band A does not fold it either),,,,,,MEASURED,DERIVED-INHERITED,NOT-IN-SCOPE — Lap D is the LIFE limb of I-1. Band-B monster damage is a separate decode (PM-4 queue I-2/I-5).
records/creatures/enemies/bonerat_witchgod_a01_summon.dbr,0,0,0,1,106|107|108,106,108,records/creatures/enemies/bios/bio_bonerat_witchgod_a01.dbr,((charLevel*10)^1.33)+20,Common,sm_mod,10579.8269,10845.6403,88.0,102.0,armorbase02.dbr[105]=88.0,113627,118000,115531,119952,117647,122121,0.0,NO (L-33(b): falsified on camera; band A does not fold it either),,,,,,MEASURED,DERIVED-INHERITED,NOT-IN-SCOPE — Lap D is the LIFE limb of I-1. Band-B monster damage is a separate decode (PM-4 queue I-2/I-5).
records/creatures/enemies/bonerat_witchgod_b01_summon.dbr,0,0,0,1,106|107|108,106,108,records/creatures/enemies/bios/bio_bonerat_witchgod_b01.dbr,((charLevel*15)^1.33)+20,Champion,sm_mod,18127.4867,18583.2909,88.0,102.0,armorbase02.dbr[105]=88.0,194689,202186,197952,205531,201577,209247,0.0,NO (L-33(b): falsified on camera; band A does not fold it either),,,,,,MEASURED,DERIVED-INHERITED,NOT-IN-SCOPE — Lap D is the LIFE limb of I-1. Band-B monster damage is a separate decode (PM-4 queue I-2/I-5).
records/creatures/enemies/boss&quest/aetherial_enclave_sideboss01.dbr,1,0,1,0,106|107|108,106,108,records/creatures/enemies/bios/bio_boss_aetherialroguelike_vanaldritch_01.dbr,((charLevel*46)^1.5)+10000,Quest,sm1,350483.0882,360164.7144,103.0,121.0,armorbase05.dbr[105]=103.0,3816760,3987023,3879847,4051853,3949944,4123885,0.0,NO (L-33(b): falsified on camera; band A does not fold it either),records/proxies/poolsbossgdx1/aetherialenclave.dbr,BOSS,163,163,109,MEASURED,MEASURED-SET,NOT-IN-SCOPE — Lap D is the LIFE limb of I-1. Band-B monster damage is a separate decode (PM-4 queue I-2/I-5).
records/creatures/enemies/boss&quest/aetherial_enclave_sideboss02.dbr,1,0,1,0,106|107|108,106,108,records/creatures/enemies/bios/bio_boss_aetherialroguelike_reanimator_01.dbr,((charLevel*42)^1.5)+5000,Quest,sm1,302052.1729,310498.8423,103.0,121.0,armorbase05.dbr[105]=103.0,3289348,3437222,3343717,3493111,3404127,3555211,0.0,NO (L-33(b): falsified on camera; band A does not fold it either),records/proxies/poolsbossgdx1/aetherialenclave.dbr,BOSS,163,163,109,MEASURED,MEASURED-SET,NOT-IN-SCOPE — Lap D is the LIFE limb of I-1. Band-B monster damage is a separate decode (PM-4 queue I-2/I-5).
records/creatures/enemies/boss&quest/aetherial_enclave_sideboss03.dbr,0,0,1,0,106|107|108,106,108,records/creatures/enemies/bios/bio_boss_aetherialroguelike_reanimator_02.dbr,((charLevel*42)^1.5)+5000,Quest,sm1,302052.1729,310498.8423,103.0,121.0,armorbase05.dbr[105]=103.0,3289348,3437222,3343717,3493111,3404127,3555211,0.0,NO (L-33(b): falsified on camera; band A does not fold it either),records/proxies/poolsbossgdx1/aetherialenclave.dbr,BOSS,163,,,MEASURED,MEASURED-SET,NOT-IN-SCOPE — Lap D is the LIFE limb of I-1. Band-B monster damage is a separate decode (PM-4 queue I-2/I-5).
records/creatures/enemies/boss&quest/aetherial_final02.dbr,0,0,1,0,106|107|108,106,108,records/creatures/enemies/bios/bio_boss_aetherialfinal_02.dbr,((charLevel*33)^1.5)+500,Quest,sm1,207385.3354,213268.1136,103.0,121.0,armorbase05.dbr[105]=103.0,2258426,2360878,2295755,2399266,2337232,2441919,0.0,NO (L-33(b): falsified on camera; band A does not fold it either),records/proxies/poolsbossgdx1/aetherialfinal.dbr,BOSS,169,,,MEASURED,MEASURED-SET,NOT-IN-SCOPE — Lap D is the LIFE limb of I-1. Band-B monster damage is a separate decode (PM-4 queue I-2/I-5).
records/creatures/enemies/boss&quest/aetherial_fleshhulk_mine.dbr,0,0,1,0,106|107|108,106,108,records/creatures/enemies/bios/bio_boss_fleshhulk_01.dbr,((charLevel*26)^1.5)+100,Quest,sm_mod,144783.4379,148897.5071,103.0,121.0,armorbase05.dbr[105]=103.0,1576691,1648295,1602752,1675096,1631709,1704876,0.0,NO (L-33(b): falsified on camera; band A does not fold it either),records/proxies/poolsboss/aetherial_fleshhulk_quarry.dbr,BOSS,159,,,MEASURED,MEASURED-SET,NOT-IN-SCOPE — Lap D is the LIFE limb of I-1. Band-B monster damage is a separate decode (PM-4 queue I-2/I-5).
records/creatures/enemies/boss&quest/aetherial_fleshweaverkrieg.dbr,0,0,1,0,106|107|108,106,108,records/creatures/enemies/bios/bio_boss_aetherial_fleshweaverkrieg.dbr,((charLevel*30)^1.5)+500,Quest,sm1,179824.9341,184924.0331,103.0,121.0,armorbase05.dbr[105]=103.0,1958293,2047109,1990662,2080395,2026627,2117380,0.0,NO (L-33(b): falsified on camera; band A does not fold it either),records/proxies/poolsbossgdx1/fleshweaverkrieg.dbr,BOSS,152|169,,,MEASURED,MEASURED-SET,NOT-IN-SCOPE — Lap D is the LIFE limb of I-1. Band-B monster damage is a separate decode (PM-4 queue I-2/I-5).
records/creatures/enemies/boss&quest/aetherial_fleshweaverkriegb.dbr,0,0,1,0,106|107|108,106,108,records/creatures/enemies/bios/bio_boss_aetherial_fleshweaverkrieg.dbr,((charLevel*30)^1.5)+500,Quest,sm1,179824.9341,184924.0331,103.0,121.0,armorbase05.dbr[105]=103.0,1958293,2047109,1990662,2080395,2026627,2117380,0.0,NO (L-33(b): falsified on camera; band A does not fold it either),records/proxies/poolsbossgdx1/fleshweaverkrieg.dbr,BOSS,152|169,,,MEASURED,MEASURED-SET,NOT-IN-SCOPE — Lap D is the LIFE limb of I-1. Band-B monster damage is a separate decode (PM-4 queue I-2/I-5).
records/creatures/enemies/boss&quest/aetherial_guardian01.dbr,0,0,1,0,106|107|108,106,108,records/creatures/enemies/bios/bio_boss_aetherial_factoryguardian_01.dbr,((charLevel*30)^1.5)+500,Quest,sm1,179824.9341,184924.0331,103.0,121.0,armorbase05.dbr[105]=103.0,1958293,2047109,1990662,2080395,2026627,2117380,0.0,NO (L-33(b): falsified on camera; band A does not fold it either),records/proxies/poolsbossgdx1/factoryguardian_01.dbr,BOSS,169,,,MEASURED,MEASURED-SET,NOT-IN-SCOPE — Lap D is the LIFE limb of I-1. Band-B monster damage is a separate decode (PM-4 queue I-2/I-5).
records/creatures/enemies/boss&quest/aetherial_guardian02.dbr,1,0,1,0,106|107|108,106,108,records/creatures/enemies/bios/bio_boss_aetherial_factoryguardian_02.dbr,((charLevel*30)^1.5)+500,Quest,sm1,179824.9341,184924.0331,103.0,121.0,armorbase05.dbr[105]=103.0,1958293,2047109,1990662,2080395,2026627,2117380,0.0,NO (L-33(b): falsified on camera; band A does not fold it either),records/proxies/poolsbossgdx1/factoryguardian_02.dbr,BOSS,169,169,109,MEASURED,MEASURED-SET,NOT-IN-SCOPE — Lap D is the LIFE limb of I-1. Band-B monster damage is a separate decode (PM-4 queue I-2/I-5).
records/creatures/enemies/boss&quest/aetherialbloater_malmouthdocks_01.dbr,1,1,1,0,106|107|108,106,108,records/creatures/enemies/bios/bio_boss_aetherialbloater_malmouthdocks_01.dbr,((charLevel*30)^1.5)+500,Quest,sm2,179824.9341,184924.0331,103.0,121.0,armorbase05.dbr[105]=103.0,1958293,2047109,1990662,2080395,2026627,2117380,0.0,NO (L-33(b): falsified on camera; band A does not fold it either),records/proxies/poolsbossgdx2/aetherialbloater_malmouthdocks.dbr,BOSS,157,157,109,MEASURED,MEASURED-SET,NOT-IN-SCOPE — Lap D is the LIFE limb of I-1. Band-B monster damage is a separate decode (PM-4 queue I-2/I-5).
records/creatures/enemies/boss&quest/aetherialcolossus_galakros.dbr,0,0,1,0,106|107|108,106,108,records/creatures/enemies/bios/bio_boss_aetherial_colossusgalakros.dbr,((charLevel*33)^1.5)+500,Quest,sm1,207385.3354,213268.1136,103.0,121.0,armorbase05.dbr[105]=103.0,2258426,2360878,2295755,2399266,2337232,2441919,0.0,NO (L-33(b): falsified on camera; band A does not fold it either),records/proxies/poolsbossgdx1/aetherialcolossus_galakros.dbr,BOSS,160|169,,,MEASURED,MEASURED-SET,NOT-IN-SCOPE — Lap D is the LIFE limb of I-1. Band-B monster damage is a separate decode (PM-4 queue I-2/I-5).
records/creatures/enemies/boss&quest/aetherialcommander_01.dbr,1,0,1,0,106|107|108,106,108,records/creatures/enemies/bios/bio_boss_possessedcommander_01.dbr,((charLevel*33)^1.5)+300,Quest,sm_mod,207185.3354,213068.1136,103.0,121.0,armorbase05.dbr[105]=103.0,2256248,2358664,2293541,2397016,2334978,2439629,0.0,NO (L-33(b): falsified on camera; band A does not fold it either),records/proxies/poolsboss/aetherial_commander.dbr,BOSS,166,166,106,MEASURED,MEASURED-SET,NOT-IN-SCOPE — Lap D is the LIFE limb of I-1. Band-B monster damage is a separate decode (PM-4 queue I-2/I-5).
records/creatures/enemies/boss&quest/aetherialcorruption_intro.dbr,1,1,1,0,106|107|108,106,108,records/creatures/enemies/bios/bio_boss_aetherial_intro.dbr,((charLevel*24)^1.5)+500,Quest,sm1,128814.4777,132463.0959,103.0,121.0,armorbase05.dbr[105]=103.0,1402789,1466366,1425976,1490209,1451739,1516702,0.0,NO (L-33(b): falsified on camera; band A does not fold it either),records/proxies/poolsbossgdx1/aetherialcorruption_intro.dbr,BOSS,155,155,109,MEASURED,MEASURED-SET,NOT-IN-SCOPE — Lap D is the LIFE limb of I-1. Band-B monster damage is a separate decode (PM-4 queue I-2/I-5).
records/creatures/enemies/boss&quest/aetherialfleshshaper_haraxis.dbr,0,0,1,0,106|107|108,106,108,records/creatures/enemies/bios/bio_boss_aetherial_fleshweaverharaxis.dbr,((charLevel*30)^1.5)+500,Quest,sm1,179824.9341,184924.0331,103.0,121.0,armorbase05.dbr[105]=103.0,1958293,2047109,1990662,2080395,2026627,2117380,0.0,NO (L-33(b): falsified on camera; band A does not fold it either),records/proxies/poolsbossgdx1/aetherialfleshshaper_haraxis.dbr,BOSS,152,,,MEASURED,MEASURED-SET,NOT-IN-SCOPE — Lap D is the LIFE limb of I-1. Band-B monster damage is a separate decode (PM-4 queue I-2/I-5).
records/creatures/enemies/boss&quest/aetherialfleshshaper_hinissius.dbr,0,0,1,0,106|107|108,106,108,records/creatures/enemies/bios/bio_boss_aetherial_fleshshaperhinissius.dbr,((charLevel*30)^1.5)+500,Quest,sm1,179824.9341,184924.0331,103.0,121.0,armorbase05.dbr[105]=103.0,1958293,2047109,1990662,2080395,2026627,2117380,0.0,NO (L-33(b): falsified on camera; band A does not fold it either),records/proxies/poolsbossgdx1/aetherialfleshshaper_hinissius.dbr,BOSS,152,,,MEASURED,MEASURED-SET,NOT-IN-SCOPE — Lap D is the LIFE limb of I-1. Band-B monster damage is a separate decode (PM-4 queue I-2/I-5).
records/creatures/enemies/boss&quest/avian_worldtear_01.dbr,0,0,1,0,106|107|108,106,108,records/creatures/enemies/bios/bio_boss_avian_worldtear_01.dbr,((charLevel*33)^1.5)+500,Quest,sm3,207385.3354,213268.1136,103.0,121.0,armorbase05.dbr[105]=103.0,2258426,2360878,2295755,2399266,2337232,2441919,0.0,NO (L-33(b): falsified on camera; band A does not fold it either),records/proxies/poolsbossgdx3/avian_worldtear.dbr,BOSS,170,,,MEASURED,MEASURED-SET,NOT-IN-SCOPE — Lap D is the LIFE limb of I-1. Band-B monster damage is a separate decode (PM-4 queue I-2/I-5).
records/creatures/enemies/boss&quest/avian_worldtear_01b.dbr,0,0,1,0,106|107|108,106,108,records/creatures/enemies/bios/bio_boss_avian_worldtear_01.dbr,((charLevel*33)^1.5)+500,Quest,sm3,207385.3354,213268.1136,103.0,121.0,armorbase05.dbr[105]=103.0,2258426,2360878,2295755,2399266,2337232,2441919,0.0,NO (L-33(b): falsified on camera; band A does not fold it either),records/proxies/poolsbossgdx3/avian_worldtear.dbr,BOSS,170,,,MEASURED,MEASURED-SET,NOT-IN-SCOPE — Lap D is the LIFE limb of I-1. Band-B monster damage is a separate decode (PM-4 queue I-2/I-5).
records/creatures/enemies/boss&quest/basilisk_witchritual.dbr,1,1,1,0,106|107|108,106,108,records/creatures/enemies/bios/bio_boss_basilisk_witchritual01.dbr,((charLevel*30)^1.5)+500,Quest,sm1,179824.9341,184924.0331,103.0,121.0,armorbase05.dbr[105]=103.0,1958293,2047109,1990662,2080395,2026627,2117380,0.0,NO (L-33(b): falsified on camera; band A does not fold it either),records/proxies/poolsbossgdx1/basilisk_witchritual.dbr,BOSS,156|164,156,109,MEASURED,MEASURED-SET,NOT-IN-SCOPE — Lap D is the LIFE limb of I-1. Band-B monster damage is a separate decode (PM-4 queue I-2/I-5).
records/creatures/enemies/boss&quest/beetle_desert01.dbr,0,0,1,0,106|107|108,106,108,records/creatures/enemies/bios/bio_boss_beetle_01.dbr,((charLevel*30)^1.5)+500,Quest,sm2,179824.9341,184924.0331,103.0,121.0,armorbase05.dbr[105]=103.0,1958293,2047109,1990662,2080395,2026627,2117380,0.0,NO (L-33(b): falsified on camera; band A does not fold it either),records/proxies/poolsbossgdx2/beetle_desert.dbr,BOSS,165,,,MEASURED,MEASURED-SET,NOT-IN-SCOPE — Lap D is the LIFE limb of I-1. Band-B monster damage is a separate decode (PM-4 queue I-2/I-5).
records/creatures/enemies/boss&quest/beetle_maggot01.dbr,0,0,1,0,106|107|108,106,108,records/creatures/enemies/bios/bio_boss_beetle_02.dbr,((charLevel*30)^1.5)+500,Quest,sm2,179824.9341,184924.0331,103.0,121.0,armorbase05.dbr[105]=103.0,1958293,2047109,1990662,2080395,2026627,2117380,0.0,NO (L-33(b): falsified on camera; band A does not fold it either),records/proxies/poolsbossgdx2/beetle_maggot.dbr,BOSS,159,,,MEASURED,MEASURED-SET,NOT-IN-SCOPE — Lap D is the LIFE limb of I-1. Band-B monster damage is a separate decode (PM-4 queue I-2/I-5).
records/creatures/enemies/boss&quest/beetle_maggot01_maggotsummon.dbr,0,0,0,1,106|107|108,106,108,records/creatures/enemies/bios/bio_beetle_a01.dbr,((charLevel*9)^1.33)+25,Common,sm2,9204.0839,9435.141,88.0,102.0,armorbase02.dbr[105]=88.0,98851,102654,100508,104352,102349,106239,0.0,NO (L-33(b): falsified on camera; band A does not fold it either),,,,,,MEASURED,DERIVED-INHERITED,NOT-IN-SCOPE — Lap D is the LIFE limb of I-1. Band-B monster damage is a separate decode (PM-4 queue I-2/I-5).
records/creatures/enemies/boss&quest/chthonian_chthonicroguelike_02.dbr,1,0,1,0,106|107|108,106,108,records/creatures/enemies/bios/bio_boss_bastionofchaos_chthoniandreadguard_01.dbr,((charLevel*33)^1.5)+300,Quest,sm_mod,207185.3354,213068.1136,103.0,121.0,armorbase05.dbr[105]=103.0,2256248,2358664,2293541,2397016,2334978,2439629,0.0,NO (L-33(b): falsified on camera; band A does not fold it either),records/proxies/poolsboss/chthonian_sharzhul.dbr,BOSS,166,166,106,MEASURED,MEASURED-SET,NOT-IN-SCOPE — Lap D is the LIFE limb of I-1. Band-B monster damage is a separate decode (PM-4 queue I-2/I-5).
records/creatures/enemies/boss&quest/chthonianherald_prodromus_01.dbr,0,0,1,0,106|107|108,106,108,records/creatures/enemies/bios/bio_boss_prodromus_01.dbr,((charLevel*33)^1.5)+500,Quest,sm3,207385.3354,213268.1136,103.0,121.0,armorbase05.dbr[105]=103.0,2258426,2360878,2295755,2399266,2337232,2441919,0.0,NO (L-33(b): falsified on camera; band A does not fold it either),records/proxies/poolsbossgdx3/chthonianherald_prodromus.dbr,BOSS,166,,,MEASURED,MEASURED-SET,NOT-IN-SCOPE — Lap D is the LIFE limb of I-1. Band-B monster damage is a separate decode (PM-4 queue I-2/I-5).
records/creatures/enemies/boss&quest/chthonianherald_prodromus_01b.dbr,0,0,1,0,106|107|108,106,108,records/creatures/enemies/bios/bio_boss_prodromus_01.dbr,((charLevel*33)^1.5)+500,Quest,sm3,207385.3354,213268.1136,103.0,121.0,armorbase05.dbr[105]=103.0,2258426,2360878,2295755,2399266,2337232,2441919,0.0,NO (L-33(b): falsified on camera; band A does not fold it either),records/proxies/poolsbossgdx3/chthonianherald_prodromus.dbr,BOSS,166,,,MEASURED,MEASURED-SET,NOT-IN-SCOPE — Lap D is the LIFE limb of I-1. Band-B monster damage is a separate decode (PM-4 queue I-2/I-5).
records/creatures/enemies/boss&quest/chthonianrylok_ekketzul.dbr,0,0,1,0,106|107|108,106,108,records/creatures/enemies/bios/bio_boss_chthonian_ekketzul.dbr,((charLevel*33)^1.5)+500,Quest,sm1,207385.3354,213268.1136,103.0,121.0,armorbase05.dbr[105]=103.0,2258426,2360878,2295755,2399266,2337232,2441919,0.0,NO (L-33(b): falsified on camera; band A does not fold it either),records/proxies/poolsbossgdx1/chthonianrylok_ekketzul.dbr,BOSS,159|170,,,MEASURED,MEASURED-SET,NOT-IN-SCOPE — Lap D is the LIFE limb of I-1. Band-B monster damage is a separate decode (PM-4 queue I-2/I-5).
records/creatures/enemies/boss&quest/chthonianrylok_gabalthunn.dbr,1,1,1,0,106|107|108,106,108,records/creatures/enemies/bios/bio_boss_chthonian_gabalthunn.dbr,((charLevel*30)^1.5)+500,Quest,sm1,179824.9341,184924.0331,103.0,121.0,armorbase05.dbr[105]=103.0,1958293,2047109,1990662,2080395,2026627,2117380,0.0,NO (L-33(b): falsified on camera; band A does not fold it either),records/proxies/poolsbossgdx1/chthonianrylok_gabalthunn.dbr,BOSS,154,154,106,MEASURED,MEASURED-SET,NOT-IN-SCOPE — Lap D is the LIFE limb of I-1. Band-B monster damage is a separate decode (PM-4 queue I-2/I-5).
records/creatures/enemies/boss&quest/chthonianservitor_lunalvalgoth.dbr,1,1,1,0,106|107|108,106,108,records/creatures/enemies/bios/bio_boss_chthonian_lunalvalgoth.dbr,((charLevel*30)^1.5)+500,Quest,sm1,179824.9341,184924.0331,103.0,121.0,armorbase05.dbr[105]=103.0,1958293,2047109,1990662,2080395,2026627,2117380,0.0,NO (L-33(b): falsified on camera; band A does not fold it either),records/proxies/poolsbossgdx1/chthonianservitor_lunalvalgoth.dbr,BOSS,159,159,106,MEASURED,MEASURED-SET,NOT-IN-SCOPE — Lap D is the LIFE limb of I-1. Band-B monster damage is a separate decode (PM-4 queue I-2/I-5).
records/creatures/enemies/boss&quest/chthoniantyrant_grulthunn.dbr,0,0,1,0,106|107|108,106,108,records/creatures/enemies/bios/bio_boss_chthonian_grulthunn_01.dbr,((charLevel*30)^1.5)+500,Quest,sm3,179824.9341,184924.0331,103.0,121.0,armorbase05.dbr[105]=103.0,1958293,2047109,1990662,2080395,2026627,2117380,0.0,NO (L-33(b): falsified on camera; band A does not fold it either),records/proxies/poolsbossgdx3/chthoniantyrant_grulthunn.dbr,BOSS,154,,,MEASURED,MEASURED-SET,NOT-IN-SCOPE — Lap D is the LIFE limb of I-1. Band-B monster damage is a separate decode (PM-4 queue I-2/I-5).
records/creatures/enemies/boss&quest/cultist_burrwitchcathedral_01.dbr,0,0,1,0,106|107|108,106,108,records/creatures/enemies/bios/bio_boss_chthoniancultist_burrwitchcathedral_01.dbr,((charLevel*30)^1.5)+500,Quest,sm2,179824.9341,184924.0331,103.0,121.0,armorbase05.dbr[105]=103.0,1958293,2047109,1990662,2080395,2026627,2117380,0.0,NO (L-33(b): falsified on camera; band A does not fold it either),records/proxies/poolsbossgdx2/cthoniccultist_burrwitchcathedral.dbr,BOSS,165,,,MEASURED,MEASURED-SET,NOT-IN-SCOPE — Lap D is the LIFE limb of I-1. Band-B monster damage is a separate decode (PM-4 queue I-2/I-5).
records/creatures/enemies/boss&quest/cultist_cultleader_01.dbr,1,1,1,0,106|107|108,106,108,records/creatures/enemies/bios/bio_boss_cultistleader_01.dbr,((charLevel*32)^1.5)+100,Quest,sm_mod,197653.062,203270.4772,103.0,121.0,armorbase05.dbr[105]=103.0,2152441,2250204,2188019,2286792,2227550,2327446,0.0,NO (L-33(b): falsified on camera; band A does not fold it either),records/proxies/poolsboss/chthonian_bloodlord.dbr,BOSS,154,154,106,MEASURED,MEASURED-SET,NOT-IN-SCOPE — Lap D is the LIFE limb of I-1. Band-B monster damage is a separate decode (PM-4 queue I-2/I-5).
records/creatures/enemies/boss&quest/cultist_summoner_01.dbr,1,0,1,0,106|107|108,106,108,records/creatures/enemies/bios/bio_boss_chthonianabomination_01.dbr,((charLevel*22)^1.5)+100,Quest,sm_mod,112714.1127,115916.2915,103.0,121.0,armorbase05.dbr[105]=103.0,1227456,1283193,1247745,1304058,1270288,1327241,0.0,NO (L-33(b): falsified on camera; band A does not fold it either),records/proxies/poolsboss/chthonian_karroz.dbr,BOSS,167,167,106,MEASURED,MEASURED-SET,NOT-IN-SCOPE — Lap D is the LIFE limb of I-1. Band-B monster damage is a separate decode (PM-4 queue I-2/I-5).
records/creatures/enemies/boss&quest/dermapteran_madqueen.dbr,1,0,1,0,106|107|108,106,108,records/creatures/enemies/bios/bio_boss_nemesis_01.dbr,((charLevel*42)^1.5)+20000,Quest,sm_mod,317052.1729,325498.8423,103.0,121.0,armorbase05.dbr[105]=103.0,3452698,3603272,3509767,3661861,3573177,3726961,0.0,NO (L-33(b): falsified on camera; band A does not fold it either),records/proxies/poolsboss/dermapteran_madqueen.dbr,BOSS,162,162,109,MEASURED,MEASURED-SET,NOT-IN-SCOPE — Lap D is the LIFE limb of I-1. Band-B monster damage is a separate decode (PM-4 queue I-2/I-5).
records/creatures/enemies/boss&quest/direwolf_frozenwastes_01.dbr,0,0,1,0,106|107|108,106,108,records/creatures/enemies/bios/bio_boss_icewolf_01.dbr,((charLevel*30)^1.5)+500,Quest,sm3,179824.9341,184924.0331,103.0,121.0,armorbase05.dbr[105]=103.0,1958293,2047109,1990662,2080395,2026627,2117380,0.0,NO (L-33(b): falsified on camera; band A does not fold it either),records/proxies/poolsbossgdx3/direwolf_frozenwastes.dbr,BOSS,156,,,MEASURED,MEASURED-SET,NOT-IN-SCOPE — Lap D is the LIFE limb of I-1. Band-B monster damage is a separate decode (PM-4 queue I-2/I-5).
records/creatures/enemies/boss&quest/dravis.dbr,1,0,1,0,106|107|108,106,108,records/creatures/enemies/bios/bio_boss_dravis.dbr,((charLevel*30)^1.5)+500,Quest,sm2,179824.9341,184924.0331,103.0,121.0,armorbase05.dbr[105]=103.0,1958293,2047109,1990662,2080395,2026627,2117380,0.0,NO (L-33(b): falsified on camera; band A does not fold it either),records/proxies/poolsbossgdx2/human_dravis.dbr,BOSS,169,169,109,MEASURED,MEASURED-SET,NOT-IN-SCOPE — Lap D is the LIFE limb of I-1. Band-B monster damage is a separate decode (PM-4 queue I-2/I-5).
records/creatures/enemies/boss&quest/eldritcharmor_dreegmindreaper_01.dbr,1,1,1,0,106|107|108,106,108,records/creatures/enemies/bios/bio_boss_mindreaper_01.dbr,((charLevel*30)^1.5)+500,Quest,sm2,179824.9341,184924.0331,103.0,121.0,armorbase05.dbr[105]=103.0,1958293,2047109,1990662,2080395,2026627,2117380,0.0,NO (L-33(b): falsified on camera; band A does not fold it either),records/proxies/poolsbossgdx2/eldritcharmor_mindreaper.dbr,BOSS,155,155,109,MEASURED,MEASURED-SET,NOT-IN-SCOPE — Lap D is the LIFE limb of I-1. Band-B monster damage is a separate decode (PM-4 queue I-2/I-5).
records/creatures/enemies/boss&quest/fatherkymon.dbr,0,0,1,0,106|107|108,106,108,records/creatures/enemies/bios/bio_boss_fatherkymon.dbr,((charLevel*33)^1.5)+500,Quest,sm2,207385.3354,213268.1136,103.0,121.0,armorbase05.dbr[105]=103.0,2258426,2360878,2295755,2399266,2337232,2441919,0.0,NO (L-33(b): falsified on camera; band A does not fold it either),records/proxies/poolsbossgdx2/fatherkymon.dbr,BOSS,154|166,,,MEASURED,MEASURED-SET,NOT-IN-SCOPE — Lap D is the LIFE limb of I-1. Band-B monster damage is a separate decode (PM-4 queue I-2/I-5).
records/creatures/enemies/boss&quest/ghost_stepsoftorment_01.dbr,1,0,1,0,106|107|108,106,108,records/creatures/enemies/bios/bio_boss_stepsoftorment_ghost_01.dbr,((charLevel*33)^1.5)+300,Quest,sm_mod,207185.3354,213068.1136,103.0,121.0,armorbase05.dbr[105]=103.0,2256248,2358664,2293541,2397016,2334978,2439629,0.0,NO (L-33(b): falsified on camera; band A does not fold it either),records/proxies/poolsboss/ghost_alkamos.dbr,BOSS,166,166,106,MEASURED,MEASURED-SET,NOT-IN-SCOPE — Lap D is the LIFE limb of I-1. Band-B monster damage is a separate decode (PM-4 queue I-2/I-5).
records/creatures/enemies/boss&quest/ghost_stepsoftorment_02.dbr,0,0,1,0,106|107|108,106,108,records/creatures/enemies/bios/bio_boss_stepsoftorment_ghost_01.dbr,((charLevel*33)^1.5)+300,Quest,sm_mod,207185.3354,213068.1136,103.0,121.0,armorbase05.dbr[105]=103.0,2256248,2358664,2293541,2397016,2334978,2439629,0.0,NO (L-33(b): falsified on camera; band A does not fold it either),records/proxies/poolsboss/ghost_alkamos.dbr,BOSS,166,,,MEASURED,MEASURED-SET,NOT-IN-SCOPE — Lap D is the LIFE limb of I-1. Band-B monster damage is a separate decode (PM-4 queue I-2/I-5).
records/creatures/enemies/boss&quest/ghostcrab_mineboss_01.dbr,0,0,1,0,106|107|108,106,108,records/creatures/enemies/bios/bio_boss_swampcrab_roguelike01.dbr,((charLevel*33)^1.5)+500,Quest,sm1,207385.3354,213268.1136,103.0,121.0,armorbase05.dbr[105]=103.0,2258426,2360878,2295755,2399266,2337232,2441919,0.0,NO (L-33(b): falsified on camera; band A does not fold it either),records/proxies/poolsbossgdx1/ghostcrab_mine.dbr,BOSS,161,,,MEASURED,MEASURED-SET,NOT-IN-SCOPE — Lap D is the LIFE limb of I-1. Band-B monster damage is a separate decode (PM-4 queue I-2/I-5).
records/creatures/enemies/boss&quest/ghoul_necropolis_01.dbr,0,0,1,0,106|107|108,106,108,records/creatures/enemies/bios/bio_boss_ghoul_necropolis_01.dbr,((charLevel*25)^1.5)+100,Quest,sm_mod,136517.0994,140396.1154,103.0,121.0,armorbase05.dbr[105]=103.0,1486671,1554184,1511244,1579456,1538547,1607535,0.0,NO (L-33(b): falsified on camera; band A does not fold it either),records/proxies/poolsboss/ghoul_nercropolis.dbr,BOSS,157,,,MEASURED,MEASURED-SET,NOT-IN-SCOPE — Lap D is the LIFE limb of I-1. Band-B monster damage is a separate decode (PM-4 queue I-2/I-5).
records/creatures/enemies/boss&quest/giant_tempesttotem_01.dbr,0,0,1,0,106|107|108,106,108,records/creatures/enemies/bios/bio_boss_gianttotem_01.dbr,((charLevel*30)^1.5)+500,Quest,sm3,179824.9341,184924.0331,103.0,121.0,armorbase05.dbr[105]=103.0,1958293,2047109,1990662,2080395,2026627,2117380,0.0,NO (L-33(b): falsified on camera; band A does not fold it either),records/proxies/poolsbossgdx3/giant_totem.dbr,BOSS,169,,,MEASURED,MEASURED-SET,NOT-IN-SCOPE — Lap D is the LIFE limb of I-1. Band-B monster damage is a separate decode (PM-4 queue I-2/I-5).
records/creatures/enemies/boss&quest/giant_tempesttotem_02.dbr,1,0,1,0,106|107|108,106,108,records/creatures/enemies/bios/bio_boss_gianttotem_01.dbr,((charLevel*30)^1.5)+500,Quest,sm3,179824.9341,184924.0331,103.0,121.0,armorbase05.dbr[105]=103.0,1958293,2047109,1990662,2080395,2026627,2117380,0.0,NO (L-33(b): falsified on camera; band A does not fold it either),records/proxies/poolsbossgdx3/giant_totem.dbr,BOSS,169,169,109,MEASURED,MEASURED-SET,NOT-IN-SCOPE — Lap D is the LIFE limb of I-1. Band-B monster damage is a separate decode (PM-4 queue I-2/I-5).
records/creatures/enemies/boss&quest/giant_tempesttotem_03.dbr,0,0,1,0,106|107|108,106,108,records/creatures/enemies/bios/bio_boss_gianttotem_01.dbr,((charLevel*30)^1.5)+500,Quest,sm3,179824.9341,184924.0331,103.0,121.0,armorbase05.dbr[105]=103.0,1958293,2047109,1990662,2080395,2026627,2117380,0.0,NO (L-33(b): falsified on camera; band A does not fold it either),records/proxies/poolsbossgdx3/giant_totem.dbr,BOSS,169,,,MEASURED,MEASURED-SET,NOT-IN-SCOPE — Lap D is the LIFE limb of I-1. Band-B monster damage is a separate decode (PM-4 queue I-2/I-5).
records/creatures/enemies/boss&quest/giant_tempesttotem_04.dbr,0,0,1,0,106|107|108,106,108,records/creatures/enemies/bios/bio_boss_gianttotem_01.dbr,((charLevel*30)^1.5)+500,Quest,sm3,179824.9341,184924.0331,103.0,121.0,armorbase05.dbr[105]=103.0,1958293,2047109,1990662,2080395,2026627,2117380,0.0,NO (L-33(b): falsified on camera; band A does not fold it either),records/proxies/poolsbossgdx3/giant_totem.dbr,BOSS,169,,,MEASURED,MEASURED-SET,NOT-IN-SCOPE — Lap D is the LIFE limb of I-1. Band-B monster damage is a separate decode (PM-4 queue I-2/I-5).
records/creatures/enemies/boss&quest/giant_tempesttotem_05.dbr,0,0,1,0,106|107|108,106,108,records/creatures/enemies/bios/bio_boss_gianttotem_01.dbr,((charLevel*30)^1.5)+500,Quest,sm3,179824.9341,184924.0331,103.0,121.0,armorbase05.dbr[105]=103.0,1958293,2047109,1990662,2080395,2026627,2117380,0.0,NO (L-33(b): falsified on camera; band A does not fold it either),records/proxies/poolsbossgdx3/giant_totem.dbr,BOSS,169,,,MEASURED,MEASURED-SET,NOT-IN-SCOPE — Lap D is the LIFE limb of I-1. Band-B monster damage is a separate decode (PM-4 queue I-2/I-5).
records/creatures/enemies/boss&quest/giant_tempesttotem_06.dbr,1,0,1,0,106|107|108,106,108,records/creatures/enemies/bios/bio_boss_gianttotem_01.dbr,((charLevel*30)^1.5)+500,Quest,sm3,179824.9341,184924.0331,103.0,121.0,armorbase05.dbr[105]=103.0,1958293,2047109,1990662,2080395,2026627,2117380,0.0,NO (L-33(b): falsified on camera; band A does not fold it either),records/proxies/poolsbossgdx3/giant_totem.dbr,BOSS,169,169,109,MEASURED,MEASURED-SET,NOT-IN-SCOPE — Lap D is the LIFE limb of I-1. Band-B monster damage is a separate decode (PM-4 queue I-2/I-5).
records/creatures/enemies/boss&quest/giant_tempesttotem_07.dbr,0,0,1,0,106|107|108,106,108,records/creatures/enemies/bios/bio_boss_gianttotem_01.dbr,((charLevel*30)^1.5)+500,Quest,sm3,179824.9341,184924.0331,103.0,121.0,armorbase05.dbr[105]=103.0,1958293,2047109,1990662,2080395,2026627,2117380,0.0,NO (L-33(b): falsified on camera; band A does not fold it either),records/proxies/poolsbossgdx3/giant_totem.dbr,BOSS,169,,,MEASURED,MEASURED-SET,NOT-IN-SCOPE — Lap D is the LIFE limb of I-1. Band-B monster damage is a separate decode (PM-4 queue I-2/I-5).
records/creatures/enemies/boss&quest/human_chthonickurn_chieftain_01.dbr,0,0,1,0,106|107|108,106,108,records/creatures/enemies/bios/bio_boss_kurnchieftain_01.dbr,((charLevel*33)^1.5)+500,Quest,sm3,207385.3354,213268.1136,103.0,121.0,armorbase05.dbr[105]=103.0,2258426,2360878,2295755,2399266,2337232,2441919,0.0,NO (L-33(b): falsified on camera; band A does not fold it either),records/proxies/poolsbossgdx3/kurnchthonic_chieftain.dbr,BOSS,163,,,MEASURED,MEASURED-SET,NOT-IN-SCOPE — Lap D is the LIFE limb of I-1. Band-B monster damage is a separate decode (PM-4 queue I-2/I-5).
records/creatures/enemies/boss&quest/human_chthonickurn_shaman_01.dbr,1,1,1,0,106|107|108,106,108,records/creatures/enemies/bios/bio_boss_chthonicoracle_01.dbr,((charLevel*33)^1.5)+500,Quest,sm3,207385.3354,213268.1136,103.0,121.0,armorbase05.dbr[105]=103.0,2258426,2360878,2295755,2399266,2337232,2441919,0.0,NO (L-33(b): falsified on camera; band A does not fold it either),records/proxies/poolsbossgdx3/kurnchthonic_shaman.dbr,BOSS,156,156,109,MEASURED,MEASURED-SET,NOT-IN-SCOPE — Lap D is the LIFE limb of I-1. Band-B monster damage is a separate decode (PM-4 queue I-2/I-5).
records/creatures/enemies/boss&quest/human_chthonickurn_stronghold_chieftain_01.dbr,0,0,1,0,106|107|108,106,108,records/creatures/enemies/bios/bio_boss_kurnstrongholdchieftain_01.dbr,((charLevel*33)^1.5)+500,Quest,sm3,207385.3354,213268.1136,103.0,121.0,armorbase05.dbr[105]=103.0,2258426,2360878,2295755,2399266,2337232,2441919,0.0,NO (L-33(b): falsified on camera; band A does not fold it either),records/proxies/poolsbossgdx3/kurnchthonic_strongholdchieftain.dbr,BOSS,165,,,MEASURED,MEASURED-SET,NOT-IN-SCOPE — Lap D is the LIFE limb of I-1. Band-B monster damage is a separate decode (PM-4 queue I-2/I-5).
records/creatures/enemies/boss&quest/humanascendant_mindthief_01.dbr,0,0,1,0,106|107|108,106,108,records/creatures/enemies/bios/bio_boss_aetherial_mindthief_01.dbr,((charLevel*24)^1.5)+500,Quest,sm1,128814.4777,132463.0959,103.0,121.0,armorbase05.dbr[105]=103.0,1402789,1466366,1425976,1490209,1451739,1516702,0.0,NO (L-33(b): falsified on camera; band A does not fold it either),records/proxies/poolsbossgdx1/humanascendant_mindthief.dbr,BOSS,155,,,MEASURED,MEASURED-SET,NOT-IN-SCOPE — Lap D is the LIFE limb of I-1. Band-B monster damage is a separate decode (PM-4 queue I-2/I-5).
records/creatures/enemies/boss&quest/humanascendant_terrnox.dbr,1,0,1,0,106|107|108,106,108,records/creatures/enemies/bios/bio_boss_humanascendant_terrnox.dbr,((charLevel*25)^1.5)+500,Quest,sm1,136917.0994,140796.1154,103.0,121.0,armorbase05.dbr[105]=103.0,1491027,1558612,1515672,1583956,1543055,1612115,0.0,NO (L-33(b): falsified on camera; band A does not fold it either),records/proxies/poolsbossgdx1/humanascendant_terrnox.dbr,BOSS,164,164,106,MEASURED,MEASURED-SET,NOT-IN-SCOPE — Lap D is the LIFE limb of I-1. Band-B monster damage is a separate decode (PM-4 queue I-2/I-5).
records/creatures/enemies/boss&quest/humanascendant_terrnoxb.dbr,0,0,1,0,106|107|108,106,108,records/creatures/enemies/bios/bio_boss_humanascendant_terrnox.dbr,((charLevel*25)^1.5)+500,Quest,sm1,136917.0994,140796.1154,103.0,121.0,armorbase05.dbr[105]=103.0,1491027,1558612,1515672,1583956,1543055,1612115,0.0,NO (L-33(b): falsified on camera; band A does not fold it either),records/proxies/poolsbossgdx1/humanascendant_terrnox.dbr,BOSS,164,,,MEASURED,MEASURED-SET,NOT-IN-SCOPE — Lap D is the LIFE limb of I-1. Band-B monster damage is a separate decode (PM-4 queue I-2/I-5).
records/creatures/enemies/boss&quest/humanascendant_valaxteria.dbr,0,0,1,0,106|107|108,106,108,records/creatures/enemies/bios/bio_boss_humanascendant_valaxteria.dbr,((charLevel*25)^1.5)+500,Quest,sm1,136917.0994,140796.1154,103.0,121.0,armorbase05.dbr[105]=103.0,1491027,1558612,1515672,1583956,1543055,1612115,0.0,NO (L-33(b): falsified on camera; band A does not fold it either),records/proxies/poolsbossgdx1/humanascendant_valaxteria.dbr,BOSS,164,,,MEASURED,MEASURED-SET,NOT-IN-SCOPE — Lap D is the LIFE limb of I-1. Band-B monster damage is a separate decode (PM-4 queue I-2/I-5).
records/creatures/enemies/boss&quest/humanascendant_valaxteriab.dbr,0,0,1,0,106|107|108,106,108,records/creatures/enemies/bios/bio_boss_humanascendant_valaxteria.dbr,((charLevel*25)^1.5)+500,Quest,sm1,136917.0994,140796.1154,103.0,121.0,armorbase05.dbr[105]=103.0,1491027,1558612,1515672,1583956,1543055,1612115,0.0,NO (L-33(b): falsified on camera; band A does not fold it either),records/proxies/poolsbossgdx1/humanascendant_valaxteria.dbr,BOSS,164,,,MEASURED,MEASURED-SET,NOT-IN-SCOPE — Lap D is the LIFE limb of I-1. Band-B monster damage is a separate decode (PM-4 queue I-2/I-5).
records/creatures/enemies/boss&quest/humanwendigo_darkwood_01.dbr,1,1,1,0,106|107|108,106,108,records/creatures/enemies/bios/bio_boss_humanwendigo_darkwood.dbr,((charLevel*25)^1.5)+500,Quest,sm1,136917.0994,140796.1154,103.0,121.0,armorbase05.dbr[105]=103.0,1491027,1558612,1515672,1583956,1543055,1612115,0.0,NO (L-33(b): falsified on camera; band A does not fold it either),records/proxies/poolsbossgdx1/humanwendigo_gloomwald.dbr,BOSS,159|163,159,109,MEASURED,MEASURED-SET,NOT-IN-SCOPE — Lap D is the LIFE limb of I-1. Band-B monster damage is a separate decode (PM-4 queue I-2/I-5).
records/creatures/enemies/boss&quest/korvaak_lieutenant_01.dbr,0,0,1,0,106|107|108,106,108,records/creatures/enemies/bios/bio_boss_kymonlieutenant_01.dbr,((charLevel*30)^1.5)+500,Quest,sm2,179824.9341,184924.0331,103.0,121.0,armorbase05.dbr[105]=103.0,1958293,2047109,1990662,2080395,2026627,2117380,0.0,NO (L-33(b): falsified on camera; band A does not fold it either),records/proxies/poolsbossgdx2/fatherkymon.dbr|records/proxies/poolsbossgdx2/human_korvaaklieutenant_01.dbr,BOSS,154|164|166,,,MEASURED,MEASURED-SET,NOT-IN-SCOPE — Lap D is the LIFE limb of I-1. Band-B monster damage is a separate decode (PM-4 queue I-2/I-5).
records/creatures/enemies/boss&quest/korvaak_lieutenant_02.dbr,0,0,1,0,106|107|108,106,108,records/creatures/enemies/bios/bio_boss_kymonlieutenant_02.dbr,((charLevel*30)^1.5)+500,Quest,sm2,179824.9341,184924.0331,103.0,121.0,armorbase05.dbr[105]=103.0,1958293,2047109,1990662,2080395,2026627,2117380,0.0,NO (L-33(b): falsified on camera; band A does not fold it either),records/proxies/poolsbossgdx2/human_korvaaklieutenant_02.dbr|records/proxies/poolsbossgdx2/korvaakfinal.dbr,BOSS,164|169,,,MEASURED,MEASURED-SET,NOT-IN-SCOPE — Lap D is the LIFE limb of I-1. Band-B monster damage is a separate decode (PM-4 queue I-2/I-5).
records/creatures/enemies/boss&quest/korvaak_lieutenant_03.dbr,1,0,1,0,106|107|108,106,108,records/creatures/enemies/bios/bio_boss_korvaakchosen_sunspire_01.dbr,((charLevel*30)^1.5)+500,Quest,sm2,179824.9341,184924.0331,103.0,121.0,armorbase05.dbr[105]=103.0,1958293,2047109,1990662,2080395,2026627,2117380,0.0,NO (L-33(b): falsified on camera; band A does not fold it either),records/proxies/poolsbossgdx2/korvaakchosen_sunspire.dbr,BOSS,164,164,109,MEASURED,MEASURED-SET,NOT-IN-SCOPE — Lap D is the LIFE limb of I-1. Band-B monster damage is a separate decode (PM-4 queue I-2/I-5).
records/creatures/enemies/boss&quest/korvaakfinal_02.dbr,1,0,1,0,106|107|108,106,108,records/creatures/enemies/bios/bio_boss_korvaakfinal_02.dbr,((charLevel*33)^1.5)+500,Quest,sm2,207385.3354,213268.1136,103.0,121.0,armorbase05.dbr[105]=103.0,2258426,2360878,2295755,2399266,2337232,2441919,0.0,NO (L-33(b): falsified on camera; band A does not fold it either),records/proxies/poolsbossgdx2/korvaakfinal.dbr,BOSS,169,169,109,MEASURED,MEASURED-SET,NOT-IN-SCOPE — Lap D is the LIFE limb of I-1. Band-B monster damage is a separate decode (PM-4 queue I-2/I-5).
records/creatures/enemies/boss&quest/korvaakmessenger_02.dbr,0,0,1,0,106|107|108,106,108,records/creatures/enemies/bios/bio_boss_themessenger.dbr,((charLevel*33)^1.5)+500,Quest,sm2,207385.3354,213268.1136,103.0,121.0,armorbase05.dbr[105]=103.0,2258426,2360878,2295755,2399266,2337232,2441919,0.0,NO (L-33(b): falsified on camera; band A does not fold it either),records/proxies/poolsbossgdx2/korvaakmessenger.dbr,BOSS,159,,,MEASURED,MEASURED-SET,NOT-IN-SCOPE — Lap D is the LIFE limb of I-1. Band-B monster damage is a separate decode (PM-4 queue I-2/I-5).
records/creatures/enemies/boss&quest/korvaakmessenger_02b.dbr,1,1,1,0,106|107|108,106,108,records/creatures/enemies/bios/bio_boss_themessenger.dbr,((charLevel*33)^1.5)+500,Quest,sm2,207385.3354,213268.1136,103.0,121.0,armorbase05.dbr[105]=103.0,2258426,2360878,2295755,2399266,2337232,2441919,0.0,NO (L-33(b): falsified on camera; band A does not fold it either),records/proxies/poolsbossgdx2/korvaakmessenger.dbr,BOSS,159,159,109,MEASURED,MEASURED-SET,NOT-IN-SCOPE — Lap D is the LIFE limb of I-1. Band-B monster damage is a separate decode (PM-4 queue I-2/I-5).
records/creatures/enemies/boss&quest/lizard_desertboss.dbr,0,0,1,0,106|107|108,106,108,records/creatures/enemies/bios/bio_boss_titanovore_01.dbr,((charLevel*33)^1.5)+500,Quest,sm2,207385.3354,213268.1136,103.0,121.0,armorbase05.dbr[105]=103.0,2258426,2360878,2295755,2399266,2337232,2441919,0.0,NO (L-33(b): falsified on camera; band A does not fold it either),records/proxies/poolsbossgdx2/lizard_desert.dbr,BOSS,165,,,MEASURED,MEASURED-SET,NOT-IN-SCOPE — Lap D is the LIFE limb of I-1. Band-B monster damage is a separate decode (PM-4 queue I-2/I-5).
records/creatures/enemies/boss&quest/manticore_jaggedwaste_01.dbr,0,0,1,0,106|107|108,106,108,records/creatures/enemies/bios/bio_boss_jaggedwaste_manticore_01.dbr,((charLevel*22)^1.5)+85,Quest,sm_mod,112699.1127,115901.2915,103.0,121.0,armorbase05.dbr[105]=103.0,1227293,1283027,1247579,1303889,1270118,1327069,0.0,NO (L-33(b): falsified on camera; band A does not fold it either),records/proxies/poolsboss/manticore_matriarch.dbr,BOSS,159,,,MEASURED,MEASURED-SET,NOT-IN-SCOPE — Lap D is the LIFE limb of I-1. Band-B monster damage is a separate decode (PM-4 queue I-2/I-5).
records/creatures/enemies/boss&quest/rokwind_01.dbr,0,0,1,0,106|107|108,106,108,records/creatures/enemies/bios/bio_boss_rok_wind_01.dbr,((charLevel*30)^1.5)+500,Quest,sm3,179824.9341,184924.0331,103.0,121.0,armorbase05.dbr[105]=103.0,1958293,2047109,1990662,2080395,2026627,2117380,0.0,NO (L-33(b): falsified on camera; band A does not fold it either),records/proxies/poolsbossgdx3/rok_wind.dbr,BOSS,159,,,MEASURED,MEASURED-SET,NOT-IN-SCOPE — Lap D is the LIFE limb of I-1. Band-B monster damage is a separate decode (PM-4 queue I-2/I-5).
records/creatures/enemies/boss&quest/skeletalgolem_stepsoftorment_01.dbr,1,1,1,0,106|107|108,106,108,records/creatures/enemies/bios/bio_boss_stepsoftorment_golem_phase01.dbr,((charLevel*21)^1.5)+80,Quest,sm_mod,105103.8029,108090.1515,103.0,121.0,armorbase05.dbr[105]=103.0,1144580,1196557,1163499,1216014,1184519,1237632,0.0,NO (L-33(b): falsified on camera; band A does not fold it either),records/proxies/poolsboss/skeletalgolem_ilgorr.dbr,BOSS,159,159,106,MEASURED,MEASURED-SET,NOT-IN-SCOPE — Lap D is the LIFE limb of I-1. Band-B monster damage is a separate decode (PM-4 queue I-2/I-5).
records/creatures/enemies/boss&quest/statue_korvaaktombguardian.dbr,1,1,1,0,106|107|108,106,108,records/creatures/enemies/bios/bio_boss_tombguardian.dbr,((charLevel*33)^1.5)+500,Quest,sm2,207385.3354,213268.1136,103.0,121.0,armorbase05.dbr[105]=103.0,2258426,2360878,2295755,2399266,2337232,2441919,0.0,NO (L-33(b): falsified on camera; band A does not fold it either),records/proxies/poolsbossgdx2/korvaaktombguardian.dbr,BOSS,160|170,160,108,MEASURED,MEASURED-SET,NOT-IN-SCOPE — Lap D is the LIFE limb of I-1. Band-B monster damage is a separate decode (PM-4 queue I-2/I-5).
records/creatures/enemies/boss&quest/statue_templeguardian_02.dbr,0,0,1,0,106|107|108,106,108,records/creatures/enemies/bios/bio_boss_statue_templeguardian_02.dbr,((charLevel*24)^1.5)+500,Quest,sm2,128814.4777,132463.0959,103.0,121.0,armorbase05.dbr[105]=103.0,1402789,1466366,1425976,1490209,1451739,1516702,0.0,NO (L-33(b): falsified on camera; band A does not fold it either),records/proxies/poolsbossgdx2/gryphonstone.dbr,BOSS,159,,,MEASURED,MEASURED-SET,NOT-IN-SCOPE — Lap D is the LIFE limb of I-1. Band-B monster damage is a separate decode (PM-4 queue I-2/I-5).
records/creatures/enemies/boss&quest/statue_templeguardian_03.dbr,0,0,1,0,106|107|108,106,108,records/creatures/enemies/bios/bio_boss_statue_templeguardian_02.dbr,((charLevel*24)^1.5)+500,Quest,sm2,128814.4777,132463.0959,103.0,121.0,armorbase05.dbr[105]=103.0,1402789,1466366,1425976,1490209,1451739,1516702,0.0,NO (L-33(b): falsified on camera; band A does not fold it either),records/proxies/poolsbossgdx2/gryphonstone.dbr,BOSS,159,,,MEASURED,MEASURED-SET,NOT-IN-SCOPE — Lap D is the LIFE limb of I-1. Band-B monster damage is a separate decode (PM-4 queue I-2/I-5).
records/creatures/enemies/boss&quest/stonegryphon_templeguardian_01.dbr,0,0,1,0,106|107|108,106,108,records/creatures/enemies/bios/bio_boss_gryphonstone_01.dbr,((charLevel*30)^1.5)+500,Quest,sm2,179824.9341,184924.0331,103.0,121.0,armorbase05.dbr[105]=103.0,1958293,2047109,1990662,2080395,2026627,2117380,0.0,NO (L-33(b): falsified on camera; band A does not fold it either),records/proxies/poolsbossgdx2/gryphonstone.dbr,BOSS,159,,,MEASURED,MEASURED-SET,NOT-IN-SCOPE — Lap D is the LIFE limb of I-1. Band-B monster damage is a separate decode (PM-4 queue I-2/I-5).
records/creatures/enemies/boss&quest/swampcrab_ugdenbog_01.dbr,1,1,1,0,106|107|108,106,108,records/creatures/enemies/bios/bio_boss_swampcrab_darkwood01.dbr,((charLevel*33)^1.5)+500,Quest,sm1,207385.3354,213268.1136,103.0,121.0,armorbase05.dbr[105]=103.0,2258426,2360878,2295755,2399266,2337232,2441919,0.0,NO (L-33(b): falsified on camera; band A does not fold it either),records/proxies/poolsbossgdx1/swampcrab_carraxus.dbr,BOSS,152|165,152,106,MEASURED,MEASURED-SET,NOT-IN-SCOPE — Lap D is the LIFE limb of I-1. Band-B monster damage is a separate decode (PM-4 queue I-2/I-5).
records/creatures/enemies/boss&quest/swampgolem_bargoll.dbr,1,0,1,0,106|107|108,106,108,records/creatures/enemies/bios/bio_boss_swampgolem_bargoll.dbr,((charLevel*33)^1.5)+500,Quest,sm1,207385.3354,213268.1136,103.0,121.0,armorbase05.dbr[105]=103.0,2258426,2360878,2295755,2399266,2337232,2441919,0.0,NO (L-33(b): falsified on camera; band A does not fold it either),records/proxies/poolsbossgdx1/swampgolem_bargoll.dbr,BOSS,165,165,106,MEASURED,MEASURED-SET,NOT-IN-SCOPE — Lap D is the LIFE limb of I-1. Band-B monster damage is a separate decode (PM-4 queue I-2/I-5).
records/creatures/enemies/boss&quest/theoutcast_03.dbr,1,0,1,0,106|107|108,106,108,records/creatures/enemies/bios/bio_boss_theoutcast_03.dbr,((charLevel*38)^1.5)+2000,Quest,sm_mod,257643.1692,264912.3749,121.0,125.0,armorbase05.dbr[107]=121.0,2852109,2943176,2898485,2990860,2950014,3043843,0.0,NO (L-33(b): falsified on camera; band A does not fold it either),records/proxies/poolsboss/aetherial_theoutcast03.dbr,BOSS,169,169,109,MEASURED,MEASURED-SET,NOT-IN-SCOPE — Lap D is the LIFE limb of I-1. Band-B monster damage is a separate decode (PM-4 queue I-2/I-5).
records/creatures/enemies/boss&quest/wendigo_ancient_namadea.dbr,1,0,1,0,106|107|108,106,108,records/creatures/enemies/bios/bio_boss_wendigo_ancient.dbr,((charLevel*30)^1.5)+500,Quest,sm1,179824.9341,184924.0331,103.0,121.0,armorbase05.dbr[105]=103.0,1958293,2047109,1990662,2080395,2026627,2117380,0.0,NO (L-33(b): falsified on camera; band A does not fold it either),records/proxies/poolsbossgdx1/wendigo_namadea.dbr,BOSS,159|165,165,106,MEASURED,MEASURED-SET,NOT-IN-SCOPE — Lap D is the LIFE limb of I-1. Band-B monster damage is a separate decode (PM-4 queue I-2/I-5).
records/creatures/enemies/boss&quest/wendigo_turned_handar.dbr,0,0,1,0,106|107|108,106,108,records/creatures/enemies/bios/bio_boss_wendigo_turned.dbr,((charLevel*42)^1.5)+500,Quest,sm1,297552.1729,305998.8423,103.0,121.0,armorbase05.dbr[105]=103.0,3240343,3387407,3293902,3442486,3353412,3503686,0.0,NO (L-33(b): falsified on camera; band A does not fold it either),records/proxies/poolsbossgdx1/wendigo_handarroth.dbr,BOSS,162,,,MEASURED,MEASURED-SET,NOT-IN-SCOPE — Lap D is the LIFE limb of I-1. Band-B monster damage is a separate decode (PM-4 queue I-2/I-5).
records/creatures/enemies/boss&quest/wendigo_turned_olliva.dbr,0,0,1,0,106|107|108,106,108,records/creatures/enemies/bios/bio_boss_wendigo_turned.dbr,((charLevel*42)^1.5)+500,Quest,sm1,297552.1729,305998.8423,103.0,121.0,armorbase05.dbr[105]=103.0,3240343,3387407,3293902,3442486,3353412,3503686,0.0,NO (L-33(b): falsified on camera; band A does not fold it either),records/proxies/poolsbossgdx1/wendigo_ollivioth.dbr,BOSS,162,,,MEASURED,MEASURED-SET,NOT-IN-SCOPE — Lap D is the LIFE limb of I-1. Band-B monster damage is a separate decode (PM-4 queue I-2/I-5).
records/creatures/enemies/boss&quest/wendigo_turned_yuvoll.dbr,1,0,1,0,106|107|108,106,108,records/creatures/enemies/bios/bio_boss_wendigo_turned.dbr,((charLevel*42)^1.5)+500,Quest,sm1,297552.1729,305998.8423,103.0,121.0,armorbase05.dbr[105]=103.0,3240343,3387407,3293902,3442486,3353412,3503686,0.0,NO (L-33(b): falsified on camera; band A does not fold it either),records/proxies/poolsbossgdx1/wendigo_yuvolloth.dbr,BOSS,162,162,109,MEASURED,MEASURED-SET,NOT-IN-SCOPE — Lap D is the LIFE limb of I-1. Band-B monster damage is a separate decode (PM-4 queue I-2/I-5).
records/creatures/enemies/boss&quest/wendigocannibal_packla.dbr,0,0,1,0,106|107|108,106,108,records/creatures/enemies/bios/bio_boss_wendigocannibal.dbr,((charLevel*25)^1.5)+500,Quest,sm1,136917.0994,140796.1154,103.0,121.0,armorbase05.dbr[105]=103.0,1491027,1558612,1515672,1583956,1543055,1612115,0.0,NO (L-33(b): falsified on camera; band A does not fold it either),records/proxies/poolsbossgdx1/wendigocannibal_packla.dbr,BOSS,157,,,MEASURED,MEASURED-SET,NOT-IN-SCOPE — Lap D is the LIFE limb of I-1. Band-B monster damage is a separate decode (PM-4 queue I-2/I-5).
records/creatures/enemies/boss&quest/wight_iceboundpassage_01.dbr,0,0,1,0,106|107|108,106,108,records/creatures/enemies/bios/bio_boss_wight_restlessdead_01.dbr,((charLevel*30)^1.5)+500,Quest,sm3,179824.9341,184924.0331,103.0,121.0,armorbase05.dbr[105]=103.0,1958293,2047109,1990662,2080395,2026627,2117380,100.0,NO (L-33(b): falsified on camera; band A does not fold it either),records/proxies/poolsbossgdx3/wight_iceboundpassage.dbr,BOSS,169,,,MEASURED,MEASURED-SET,NOT-IN-SCOPE — Lap D is the LIFE limb of I-1. Band-B monster damage is a separate decode (PM-4 queue I-2/I-5).
records/creatures/enemies/boss&quest/wight_scarfell_02_normal.dbr,0,0,1,0,106|107|108,106,108,records/creatures/enemies/bios/bio_boss_wight_restlessdead_02.dbr,((charLevel*30)^1.5)+500,Quest,sm3,179824.9341,184924.0331,103.0,121.0,armorbase05.dbr[105]=103.0,1958293,2047109,1990662,2080395,2026627,2117380,100.0,NO (L-33(b): falsified on camera; band A does not fold it either),records/proxies/poolsbossgdx3/wight_scarsfell.dbr,BOSS,164,,,MEASURED,MEASURED-SET,NOT-IN-SCOPE — Lap D is the LIFE limb of I-1. Band-B monster damage is a separate decode (PM-4 queue I-2/I-5).
records/creatures/enemies/boss&quest/witch_janaxia.dbr,1,1,1,0,106|107|108,106,108,records/creatures/enemies/bios/bio_boss_witch_jaanxia.dbr,((charLevel*30)^1.5)+500,Quest,sm1,179824.9341,184924.0331,103.0,121.0,armorbase05.dbr[105]=103.0,1958293,2047109,1990662,2080395,2026627,2117380,0.0,NO (L-33(b): falsified on camera; band A does not fold it either),records/proxies/poolsbossgdx1/witch_janaxia.dbr,BOSS,156,156,109,MEASURED,MEASURED-SET,NOT-IN-SCOPE — Lap D is the LIFE limb of I-1. Band-B monster damage is a separate decode (PM-4 queue I-2/I-5).
records/creatures/enemies/boss&quest/witch_larria.dbr,0,0,1,0,106|107|108,106,108,records/creatures/enemies/bios/bio_boss_witch_larria.dbr,((charLevel*30)^1.5)+500,Quest,sm1,179824.9341,184924.0331,103.0,121.0,armorbase05.dbr[105]=103.0,1958293,2047109,1990662,2080395,2026627,2117380,0.0,NO (L-33(b): falsified on camera; band A does not fold it either),records/proxies/poolsbossgdx1/witch_larria.dbr,BOSS,156,,,MEASURED,MEASURED-SET,NOT-IN-SCOPE — Lap D is the LIFE limb of I-1. Band-B monster damage is a separate decode (PM-4 queue I-2/I-5).
records/creatures/enemies/boss&quest/witchgod_finalboss.dbr,1,1,1,0,106|107|108,106,108,records/creatures/enemies/bios/bio_boss_witchgodguardian_temple.dbr,((charLevel*30)^1.5)+100,Quest,sm_mod,179424.9341,184524.0331,103.0,121.0,armorbase05.dbr[105]=103.0,1953937,2042681,1986234,2075895,2022119,2112800,0.0,NO (L-33(b): falsified on camera; band A does not fold it either),records/proxies/poolsboss/witchgod_sentinel.dbr,BOSS,159,159,109,MEASURED,MEASURED-SET,NOT-IN-SCOPE — Lap D is the LIFE limb of I-1. Band-B monster damage is a separate decode (PM-4 queue I-2/I-5).
records/creatures/enemies/boss&quest/yeti_rimehorn_01.dbr,0,0,1,0,106|107|108,106,108,records/creatures/enemies/bios/bio_boss_yeti_rimehorn_01.dbr,((charLevel*30)^1.5)+500,Quest,sm3,179824.9341,184924.0331,103.0,121.0,armorbase05.dbr[105]=103.0,1958293,2047109,1990662,2080395,2026627,2117380,0.0,NO (L-33(b): falsified on camera; band A does not fold it either),records/proxies/poolsbossgdx3/yeti_rimehorn.dbr,BOSS,159,,,MEASURED,MEASURED-SET,NOT-IN-SCOPE — Lap D is the LIFE limb of I-1. Band-B monster damage is a separate decode (PM-4 queue I-2/I-5).
records/creatures/enemies/bounties/bl_bounty08.dbr,0,0,1,0,107|108,107,108,records/creatures/enemies/bios/bio_hero_assassin_01.dbr,((charLevel*11)^1.50)-20,Hero,sm_mod,40359.8493,40927.2425,111.0,121.0,armorbase03.dbr[106]=111.0,442747,453064,450012,460431,458084,468616,0.0,NO (L-33(b): falsified on camera; band A does not fold it either),records/proxies/poolsbounty/bounty_heroes01.dbr,BOUNTY,153|155,,,MEASURED,MEASURED-SET,NOT-IN-SCOPE — Lap D is the LIFE limb of I-1. Band-B monster damage is a separate decode (PM-4 queue I-2/I-5).
records/creatures/enemies/bounties/bl_bounty09.dbr,0,0,1,0,107|108,107,108,records/creatures/enemies/bios/bio_hero_assassin_01.dbr,((charLevel*11)^1.50)-20,Hero,sm_mod,40359.8493,40927.2425,111.0,121.0,armorbase03.dbr[106]=111.0,442747,453064,450012,460431,458084,468616,0.0,NO (L-33(b): falsified on camera; band A does not fold it either),records/proxies/poolsbounty/bounty_heroes01.dbr,BOUNTY,153|155,,,MEASURED,MEASURED-SET,NOT-IN-SCOPE — Lap D is the LIFE limb of I-1. Band-B monster damage is a separate decode (PM-4 queue I-2/I-5).
records/creatures/enemies/bounties/bl_bounty10.dbr,0,0,1,0,107|108,107,108,records/creatures/enemies/bios/bio_hero_standard_01.dbr,((charLevel*11)^1.50)-20,Hero,sm_mod,40359.8493,40927.2425,111.0,121.0,armorbase04.dbr[106]=111.0,442747,453064,450012,460431,458084,468616,0.0,NO (L-33(b): falsified on camera; band A does not fold it either),records/proxies/poolsbounty/bounty_heroes01.dbr,BOUNTY,153|155,,,MEASURED,MEASURED-SET,NOT-IN-SCOPE — Lap D is the LIFE limb of I-1. Band-B monster damage is a separate decode (PM-4 queue I-2/I-5).
records/creatures/enemies/bounties/bl_bounty17.dbr,0,0,1,0,107|108,107,108,records/creatures/enemies/bios/bio_boss_homestead_corruptedtroll_01.dbr,((charLevel*25)^1.5)+100,Quest,sm_mod,138452.0758,140396.1154,111.0,121.0,armorbase04.dbr[106]=111.0,1518819,1554184,1543740,1579456,1571431,1607535,0.0,NO (L-33(b): falsified on camera; band A does not fold it either),records/proxies/poolsbounty/bounty_heroes01.dbr,BOUNTY,153|155,,,MEASURED,MEASURED-SET,NOT-IN-SCOPE — Lap D is the LIFE limb of I-1. Band-B monster damage is a separate decode (PM-4 queue I-2/I-5).
records/creatures/enemies/bounties/bl_bounty18.dbr,0,0,1,0,107|108,107,108,records/creatures/enemies/bios/bio_hero_assassin_01.dbr,((charLevel*11)^1.50)-20,Hero,sm_mod,40359.8493,40927.2425,111.0,121.0,armorbase03.dbr[106]=111.0,442747,453064,450012,460431,458084,468616,0.0,NO (L-33(b): falsified on camera; band A does not fold it either),records/proxies/poolsbounty/bounty_heroes01.dbr,BOUNTY,153|155,,,MEASURED,MEASURED-SET,NOT-IN-SCOPE — Lap D is the LIFE limb of I-1. Band-B monster damage is a separate decode (PM-4 queue I-2/I-5).
records/creatures/enemies/bounties/bl_bounty19.dbr,0,0,1,0,107|108,107,108,records/creatures/enemies/bios/bio_hero_assassin_01.dbr,((charLevel*11)^1.50)-20,Hero,sm_mod,40359.8493,40927.2425,111.0,121.0,armorbase03.dbr[106]=111.0,442747,453064,450012,460431,458084,468616,0.0,NO (L-33(b): falsified on camera; band A does not fold it either),records/proxies/poolsbounty/bounty_heroes01.dbr,BOUNTY,153|155,,,MEASURED,MEASURED-SET,NOT-IN-SCOPE — Lap D is the LIFE limb of I-1. Band-B monster damage is a separate decode (PM-4 queue I-2/I-5).
records/creatures/enemies/bounties/bl_bounty20.dbr,0,0,1,0,107|108,107,108,records/creatures/enemies/bios/bio_hero_standard_extrahealth01.dbr,((charLevel*13)^1.50)+20,Hero,sm_mod,51898.8923,52627.8631,111.0,121.0,armorbase04.dbr[106]=111.0,569330,582590,578672,592063,589052,602589,0.0,NO (L-33(b): falsified on camera; band A does not fold it either),records/proxies/poolsbounty/bounty_heroes01.dbr,BOUNTY,153|155,,,MEASURED,MEASURED-SET,NOT-IN-SCOPE — Lap D is the LIFE limb of I-1. Band-B monster damage is a separate decode (PM-4 queue I-2/I-5).
records/creatures/enemies/bounties/cu_bounty04.dbr,1,1,1,0,107|108,107,108,records/creatures/enemies/bios/bio_hero_standard_extrahealth01.dbr,((charLevel*13)^1.50)+20,Hero,sm1,51898.8923,52627.8631,111.0,121.0,armorbase04.dbr[106]=111.0,569330,582590,578672,592063,589052,602589,0.0,NO (L-33(b): falsified on camera; band A does not fold it either),records/proxies/poolsbountygdx1/bounty_heroes01.dbr,BOUNTY,153|155|167,153,107,MEASURED,MEASURED-SET,NOT-IN-SCOPE — Lap D is the LIFE limb of I-1. Band-B monster damage is a separate decode (PM-4 queue I-2/I-5).
records/creatures/enemies/bounties/cu_bounty05.dbr,0,0,1,0,107|108,107,108,records/creatures/enemies/bios/bio_hero_standard_extrahealth01.dbr,((charLevel*13)^1.50)+20,Hero,sm1,51898.8923,52627.8631,111.0,121.0,armorbase04.dbr[106]=111.0,569330,582590,578672,592063,589052,602589,0.0,NO (L-33(b): falsified on camera; band A does not fold it either),records/proxies/poolsbountygdx1/bounty_heroes01.dbr,BOUNTY,153|155|167,,,MEASURED,MEASURED-SET,NOT-IN-SCOPE — Lap D is the LIFE limb of I-1. Band-B monster damage is a separate decode (PM-4 queue I-2/I-5).
records/creatures/enemies/bounties/cu_bounty06.dbr,0,0,1,0,107|108,107,108,records/creatures/enemies/bios/bio_hero_standard_extrahealth01.dbr,((charLevel*13)^1.50)+20,Hero,sm1,51898.8923,52627.8631,111.0,121.0,armorbase04.dbr[106]=111.0,569330,582590,578672,592063,589052,602589,0.0,NO (L-33(b): falsified on camera; band A does not fold it either),records/proxies/poolsbountygdx1/bounty_heroes01.dbr,BOUNTY,153|155|167,,,MEASURED,MEASURED-SET,NOT-IN-SCOPE — Lap D is the LIFE limb of I-1. Band-B monster damage is a separate decode (PM-4 queue I-2/I-5).
records/creatures/enemies/bounties/cu_bounty07.dbr,1,1,1,0,107|108,107,108,records/creatures/enemies/bios/bio_hero_standard_01.dbr,((charLevel*11)^1.50)-20,Hero,sm1,40359.8493,40927.2425,111.0,121.0,armorbase03.dbr[106]=111.0,442747,453064,450012,460431,458084,468616,0.0,NO (L-33(b): falsified on camera; band A does not fold it either),records/proxies/poolsbountygdx1/bounty_heroes01.dbr,BOUNTY,153|155|167,153,107,MEASURED,MEASURED-SET,NOT-IN-SCOPE — Lap D is the LIFE limb of I-1. Band-B monster damage is a separate decode (PM-4 queue I-2/I-5).
records/creatures/enemies/bounties/cu_bounty08.dbr,1,1,1,0,107|108,107,108,records/creatures/enemies/bios/bio_hero_standard_01.dbr,((charLevel*11)^1.50)-20,Hero,sm1,40359.8493,40927.2425,111.0,121.0,armorbase03.dbr[106]=111.0,442747,453064,450012,460431,458084,468616,0.0,NO (L-33(b): falsified on camera; band A does not fold it either),records/proxies/poolsbountygdx1/bounty_heroes01.dbr,BOUNTY,153|155|167,153,107,MEASURED,MEASURED-SET,NOT-IN-SCOPE — Lap D is the LIFE limb of I-1. Band-B monster damage is a separate decode (PM-4 queue I-2/I-5).
records/creatures/enemies/bounties/cu_bounty09.dbr,0,0,1,0,107|108,107,108,records/creatures/enemies/bios/bio_hero_standard_extrahealth01.dbr,((charLevel*13)^1.50)+20,Hero,sm1,51898.8923,52627.8631,111.0,121.0,armorbase04.dbr[106]=111.0,569330,582590,578672,592063,589052,602589,0.0,NO (L-33(b): falsified on camera; band A does not fold it either),records/proxies/poolsbountygdx1/bounty_heroes01.dbr,BOUNTY,153|155|167,,,MEASURED,MEASURED-SET,NOT-IN-SCOPE — Lap D is the LIFE limb of I-1. Band-B monster damage is a separate decode (PM-4 queue I-2/I-5).
records/creatures/enemies/bounties/cw_bounty04.dbr,1,0,1,0,107|108,107,108,records/creatures/enemies/bios/bio_hero_standard_extrahealth01.dbr,((charLevel*13)^1.50)+20,Hero,sm1,51898.8923,52627.8631,111.0,121.0,armorbase04.dbr[106]=111.0,569330,582590,578672,592063,589052,602589,0.0,NO (L-33(b): falsified on camera; band A does not fold it either),records/proxies/poolsbountygdx1/bounty_heroes02.dbr,BOUNTY,153|155|167,167,107,MEASURED,MEASURED-SET,NOT-IN-SCOPE — Lap D is the LIFE limb of I-1. Band-B monster damage is a separate decode (PM-4 queue I-2/I-5).
records/creatures/enemies/bounties/cw_bounty05.dbr,0,0,1,0,107|108,107,108,records/creatures/enemies/bios/bio_hero_standard_01.dbr,((charLevel*11)^1.50)-20,Hero,sm1,40359.8493,40927.2425,111.0,121.0,armorbase04.dbr[106]=111.0,442747,453064,450012,460431,458084,468616,0.0,NO (L-33(b): falsified on camera; band A does not fold it either),records/proxies/poolsbountygdx1/bounty_heroes02.dbr,BOUNTY,153|155|167,,,MEASURED,MEASURED-SET,NOT-IN-SCOPE — Lap D is the LIFE limb of I-1. Band-B monster damage is a separate decode (PM-4 queue I-2/I-5).
records/creatures/enemies/bounties/cw_bounty06.dbr,0,0,1,0,107|108,107,108,records/creatures/enemies/bios/bio_hero_standard_extrahealth01.dbr,((charLevel*13)^1.50)+20,Hero,sm1,51898.8923,52627.8631,111.0,121.0,armorbase04.dbr[106]=111.0,569330,582590,578672,592063,589052,602589,0.0,NO (L-33(b): falsified on camera; band A does not fold it either),records/proxies/poolsbountygdx1/bounty_heroes02.dbr,BOUNTY,153|155|167,,,MEASURED,MEASURED-SET,NOT-IN-SCOPE — Lap D is the LIFE limb of I-1. Band-B monster damage is a separate decode (PM-4 queue I-2/I-5).
records/creatures/enemies/bounties/cw_bounty07.dbr,0,0,1,0,107|108,107,108,records/creatures/enemies/bios/bio_hero_standard_01.dbr,((charLevel*11)^1.50)-20,Hero,sm1,40359.8493,40927.2425,111.0,121.0,armorbase03.dbr[106]=111.0,442747,453064,450012,460431,458084,468616,0.0,NO (L-33(b): falsified on camera; band A does not fold it either),records/proxies/poolsbountygdx1/bounty_heroes02.dbr,BOUNTY,153|155|167,,,MEASURED,MEASURED-SET,NOT-IN-SCOPE — Lap D is the LIFE limb of I-1. Band-B monster damage is a separate decode (PM-4 queue I-2/I-5).
records/creatures/enemies/bounties/cw_bounty08.dbr,0,0,1,0,107|108,107,108,records/creatures/enemies/bios/bio_hero_standard_01.dbr,((charLevel*11)^1.50)-20,Hero,sm1,40359.8493,40927.2425,111.0,121.0,armorbase03.dbr[106]=111.0,442747,453064,450012,460431,458084,468616,0.0,NO (L-33(b): falsified on camera; band A does not fold it either),records/proxies/poolsbountygdx1/bounty_heroes02.dbr,BOUNTY,153|155|167,,,MEASURED,MEASURED-SET,NOT-IN-SCOPE — Lap D is the LIFE limb of I-1. Band-B monster damage is a separate decode (PM-4 queue I-2/I-5).
records/creatures/enemies/bounties/cw_bounty09.dbr,1,0,1,0,107|108,107,108,records/creatures/enemies/bios/bio_hero_regenerator_01.dbr,((charLevel*9)^1.50)-20,Hero,sm1,29864.0484,30283.9609,111.0,121.0,armorbase04.dbr[106]=111.0,327608,335243,332984,340694,338956,346751,0.0,NO (L-33(b): falsified on camera; band A does not fold it either),records/proxies/poolsbountygdx1/bounty_heroes02.dbr,BOUNTY,153|155|167,167,107,MEASURED,MEASURED-SET,NOT-IN-SCOPE — Lap D is the LIFE limb of I-1. Band-B monster damage is a separate decode (PM-4 queue I-2/I-5).
records/creatures/enemies/bounties/dc_bounty06.dbr,0,0,1,0,107|108,107,108,records/creatures/enemies/bios/bio_hero_standard_extrahealth01.dbr,((charLevel*13)^1.50)+20,Hero,sm_mod,51898.8923,52627.8631,96.0,102.0,armorbase02.dbr[106]=96.0,561546,572591,570887,582064,581267,592589,0.0,NO (L-33(b): falsified on camera; band A does not fold it either),records/proxies/poolsbounty/bounty_heroes01.dbr,BOUNTY,153|155,,,MEASURED,MEASURED-SET,NOT-IN-SCOPE — Lap D is the LIFE limb of I-1. Band-B monster damage is a separate decode (PM-4 queue I-2/I-5).
records/creatures/enemies/bounties/dc_bounty07.dbr,0,0,1,0,107|108,107,108,records/creatures/enemies/bios/bio_hero_assassin_01.dbr,((charLevel*11)^1.50)-20,Hero,sm_mod,40359.8493,40927.2425,96.0,102.0,armorbase02.dbr[106]=96.0,436693,445288,443958,452655,452030,460840,0.0,NO (L-33(b): falsified on camera; band A does not fold it either),records/proxies/poolsbounty/bounty_heroes01.dbr,BOUNTY,153|155,,,MEASURED,MEASURED-SET,NOT-IN-SCOPE — Lap D is the LIFE limb of I-1. Band-B monster damage is a separate decode (PM-4 queue I-2/I-5).
records/creatures/enemies/bounties/dc_bounty08.dbr,0,0,1,0,107|108,107,108,records/creatures/enemies/bios/bio_hero_support_01.dbr,((charLevel*8)^1.50)-20,Hero,sm_mod,25024.4009,25376.3097,111.0,121.0,armorbase03.dbr[106]=111.0,274517,280915,279022,285483,284026,290558,0.0,NO (L-33(b): falsified on camera; band A does not fold it either),records/proxies/poolsbounty/bounty_heroes01.dbr,BOUNTY,153|155,,,MEASURED,MEASURED-SET,NOT-IN-SCOPE — Lap D is the LIFE limb of I-1. Band-B monster damage is a separate decode (PM-4 queue I-2/I-5).
records/creatures/enemies/bounties/dc_bounty09.dbr,0,0,1,0,107|108,107,108,records/creatures/enemies/bios/bio_hero_standard_01.dbr,((charLevel*11)^1.50)-20,Hero,sm_mod,40359.8493,40927.2425,111.0,121.0,armorbase03.dbr[106]=111.0,442747,453064,450012,460431,458084,468616,0.0,NO (L-33(b): falsified on camera; band A does not fold it either),records/proxies/poolsbounty/bounty_heroes01.dbr,BOUNTY,153|155,,,MEASURED,MEASURED-SET,NOT-IN-SCOPE — Lap D is the LIFE limb of I-1. Band-B monster damage is a separate decode (PM-4 queue I-2/I-5).
records/creatures/enemies/bounties/dc_bounty10.dbr,0,0,1,0,107|108,107,108,records/creatures/enemies/bios/bio_hero_standard_extrahealth01.dbr,((charLevel*13)^1.50)+20,Hero,sm_mod,51898.8923,52627.8631,111.0,121.0,armorbase04.dbr[106]=111.0,569330,582590,578672,592063,589052,602589,0.0,NO (L-33(b): falsified on camera; band A does not fold it either),records/proxies/poolsbounty/bounty_heroes01.dbr,BOUNTY,153|155,,,MEASURED,MEASURED-SET,NOT-IN-SCOPE — Lap D is the LIFE limb of I-1. Band-B monster damage is a separate decode (PM-4 queue I-2/I-5).
records/creatures/enemies/bounties/dc_bounty11.dbr,0,0,1,0,107|108,107,108,records/creatures/enemies/bios/bio_hero_assassin_01.dbr,((charLevel*11)^1.50)-20,Hero,sm_mod,40359.8493,40927.2425,96.0,102.0,armorbase02.dbr[106]=96.0,436693,445288,443958,452655,452030,460840,0.0,NO (L-33(b): falsified on camera; band A does not fold it either),records/proxies/poolsbounty/bounty_heroes01.dbr,BOUNTY,153|155,,,MEASURED,MEASURED-SET,NOT-IN-SCOPE — Lap D is the LIFE limb of I-1. Band-B monster damage is a separate decode (PM-4 queue I-2/I-5).
records/creatures/enemies/bounties/dc_bounty15.dbr,0,0,1,0,107|108,107,108,records/creatures/enemies/bios/bio_hero_standard_01.dbr,((charLevel*11)^1.50)-20,Hero,sm_mod,40359.8493,40927.2425,96.0,102.0,armorbase02.dbr[106]=96.0,436693,445288,443958,452655,452030,460840,0.0,NO (L-33(b): falsified on camera; band A does not fold it either),records/proxies/poolsbounty/bounty_heroes01.dbr,BOUNTY,153|155,,,MEASURED,MEASURED-SET,NOT-IN-SCOPE — Lap D is the LIFE limb of I-1. Band-B monster damage is a separate decode (PM-4 queue I-2/I-5).
records/creatures/enemies/bounties/dc_bounty17.dbr,0,0,1,0,107|108,107,108,records/creatures/enemies/bios/bio_hero_standard_01.dbr,((charLevel*11)^1.50)-20,Hero,sm_mod,40359.8493,40927.2425,122.0,122.0,armorbase02.dbr[116]=122.0,447187,453473,454451,460840,462523,469026,0.0,NO (L-33(b): falsified on camera; band A does not fold it either),records/proxies/poolsbounty/bounty_heroes01.dbr,BOUNTY,153|155,,,MEASURED,MEASURED-SET,NOT-IN-SCOPE — Lap D is the LIFE limb of I-1. Band-B monster damage is a separate decode (PM-4 queue I-2/I-5).
records/creatures/enemies/bounties/exile_bounty12.dbr,0,0,1,0,107|108,107,108,records/creatures/enemies/bios/bio_hero_assassin_01.dbr,((charLevel*11)^1.50)-20,Hero,sm_mod,40359.8493,40927.2425,111.0,121.0,armorbase04.dbr[106]=111.0,442747,453064,450012,460431,458084,468616,0.0,NO (L-33(b): falsified on camera; band A does not fold it either),records/proxies/poolsbounty/bounty_heroes02.dbr,BOUNTY,153|155,,,MEASURED,MEASURED-SET,NOT-IN-SCOPE — Lap D is the LIFE limb of I-1. Band-B monster damage is a separate decode (PM-4 queue I-2/I-5).
records/creatures/enemies/bounties/exile_bounty13.dbr,0,0,1,0,107|108,107,108,records/creatures/enemies/bios/bio_hero_standard_extrahealth01.dbr,((charLevel*13)^1.50)+20,Hero,sm_mod,51898.8923,52627.8631,111.0,121.0,armorbase04.dbr[106]=111.0,569330,582590,578672,592063,589052,602589,0.0,NO (L-33(b): falsified on camera; band A does not fold it either),records/proxies/poolsbounty/bounty_heroes02.dbr,BOUNTY,153|155,,,MEASURED,MEASURED-SET,NOT-IN-SCOPE — Lap D is the LIFE limb of I-1. Band-B monster damage is a separate decode (PM-4 queue I-2/I-5).
records/creatures/enemies/bounties/exile_bounty14.dbr,0,0,1,0,107|108,107,108,records/creatures/enemies/bios/bio_hero_standard_01.dbr,((charLevel*11)^1.50)-20,Hero,sm_mod,40359.8493,40927.2425,111.0,121.0,armorbase03.dbr[106]=111.0,442747,453064,450012,460431,458084,468616,0.0,NO (L-33(b): falsified on camera; band A does not fold it either),records/proxies/poolsbounty/bounty_heroes02.dbr,BOUNTY,153|155,,,MEASURED,MEASURED-SET,NOT-IN-SCOPE — Lap D is the LIFE limb of I-1. Band-B monster damage is a separate decode (PM-4 queue I-2/I-5).
records/creatures/enemies/bounties/exile_bounty15.dbr,0,0,1,0,107|108,107,108,records/creatures/enemies/bios/bio_hero_assassin_01.dbr,((charLevel*11)^1.50)-20,Hero,sm_mod,40359.8493,40927.2425,111.0,121.0,armorbase03.dbr[106]=111.0,442747,453064,450012,460431,458084,468616,0.0,NO (L-33(b): falsified on camera; band A does not fold it either),records/proxies/poolsbounty/bounty_heroes02.dbr,BOUNTY,153|155,,,MEASURED,MEASURED-SET,NOT-IN-SCOPE — Lap D is the LIFE limb of I-1. Band-B monster damage is a separate decode (PM-4 queue I-2/I-5).
records/creatures/enemies/bounties/hs_bounty09.dbr,0,0,1,0,107|108,107,108,records/creatures/enemies/bios/bio_hero_standard_extrahealth01.dbr,((charLevel*13)^1.50)+20,Hero,sm_mod,51898.8923,52627.8631,111.0,121.0,armorbase04.dbr[106]=111.0,569330,582590,578672,592063,589052,602589,0.0,NO (L-33(b): falsified on camera; band A does not fold it either),records/proxies/poolsbounty/bounty_heroes02.dbr,BOUNTY,153|155,,,MEASURED,MEASURED-SET,NOT-IN-SCOPE — Lap D is the LIFE limb of I-1. Band-B monster damage is a separate decode (PM-4 queue I-2/I-5).
records/creatures/enemies/bounties/hs_bounty10.dbr,0,0,1,0,107|108,107,108,records/creatures/enemies/bios/bio_hero_regenerator_01.dbr,((charLevel*9)^1.50)-20,Hero,sm_mod,29864.0484,30283.9609,111.0,121.0,armorbase04.dbr[106]=111.0,327608,335243,332984,340694,338956,346751,0.0,NO (L-33(b): falsified on camera; band A does not fold it either),records/proxies/poolsbounty/bounty_heroes02.dbr,BOUNTY,153|155,,,MEASURED,MEASURED-SET,NOT-IN-SCOPE — Lap D is the LIFE limb of I-1. Band-B monster damage is a separate decode (PM-4 queue I-2/I-5).
records/creatures/enemies/bounties/hs_bounty11.dbr,0,0,1,0,107|108,107,108,records/creatures/enemies/bios/bio_hero_standard_01.dbr,((charLevel*11)^1.50)-20,Hero,sm_mod,40359.8493,40927.2425,111.0,121.0,armorbase04.dbr[106]=111.0,442747,453064,450012,460431,458084,468616,0.0,NO (L-33(b): falsified on camera; band A does not fold it either),records/proxies/poolsbounty/bounty_heroes02.dbr,BOUNTY,153|155,,,MEASURED,MEASURED-SET,NOT-IN-SCOPE — Lap D is the LIFE limb of I-1. Band-B monster damage is a separate decode (PM-4 queue I-2/I-5).
records/creatures/enemies/bounties/hs_bounty12.dbr,0,0,1,0,107|108,107,108,records/creatures/enemies/bios/bio_hero_assassin_01.dbr,((charLevel*11)^1.50)-20,Hero,sm_mod,40359.8493,40927.2425,111.0,121.0,armorbase03.dbr[106]=111.0,442747,453064,450012,460431,458084,468616,0.0,NO (L-33(b): falsified on camera; band A does not fold it either),records/proxies/poolsbounty/bounty_heroes02.dbr,BOUNTY,153|155,,,MEASURED,MEASURED-SET,NOT-IN-SCOPE — Lap D is the LIFE limb of I-1. Band-B monster damage is a separate decode (PM-4 queue I-2/I-5).
records/creatures/enemies/bounties/hs_bounty13.dbr,0,0,1,0,107|108,107,108,records/creatures/enemies/bios/bio_hero_standard_01.dbr,((charLevel*11)^1.50)-20,Hero,sm_mod,40359.8493,40927.2425,96.0,102.0,armorbase02.dbr[106]=96.0,436693,445288,443958,452655,452030,460840,0.0,NO (L-33(b): falsified on camera; band A does not fold it either),records/proxies/poolsbounty/bounty_heroes02.dbr,BOUNTY,153|155,,,MEASURED,MEASURED-SET,NOT-IN-SCOPE — Lap D is the LIFE limb of I-1. Band-B monster damage is a separate decode (PM-4 queue I-2/I-5).
records/creatures/enemies/bounties/kc_bounty07.dbr,0,0,1,0,107|108,107,108,records/creatures/enemies/bios/bio_hero_standard_01.dbr,((charLevel*11)^1.50)-20,Hero,sm_mod,40359.8493,40927.2425,111.0,121.0,armorbase03.dbr[106]=111.0,442747,453064,450012,460431,458084,468616,0.0,NO (L-33(b): falsified on camera; band A does not fold it either),records/proxies/poolsbounty/bounty_heroes02.dbr,BOUNTY,153|155,,,MEASURED,MEASURED-SET,NOT-IN-SCOPE — Lap D is the LIFE limb of I-1. Band-B monster damage is a separate decode (PM-4 queue I-2/I-5).
records/creatures/enemies/bounties/kc_bounty08.dbr,0,0,1,0,107|108,107,108,records/creatures/enemies/bios/bio_hero_standard_01.dbr,((charLevel*11)^1.50)-20,Hero,sm_mod,40359.8493,40927.2425,111.0,121.0,armorbase03.dbr[106]=111.0,442747,453064,450012,460431,458084,468616,0.0,NO (L-33(b): falsified on camera; band A does not fold it either),records/proxies/poolsbounty/bounty_heroes02.dbr,BOUNTY,153|155,,,MEASURED,MEASURED-SET,NOT-IN-SCOPE — Lap D is the LIFE limb of I-1. Band-B monster damage is a separate decode (PM-4 queue I-2/I-5).
records/creatures/enemies/bounties/kc_bounty09.dbr,0,0,1,0,107|108,107,108,records/creatures/enemies/bios/bio_hero_tank_01.dbr,((charLevel*14)^1.50)+20,Hero,sm_mod,57998.5994,58813.2796,111.0,121.0,armorbase04.dbr[106]=111.0,636244,651063,646684,661649,658284,673412,0.0,NO (L-33(b): falsified on camera; band A does not fold it either),records/proxies/poolsbounty/bounty_heroes02.dbr,BOUNTY,153|155,,,MEASURED,MEASURED-SET,NOT-IN-SCOPE — Lap D is the LIFE limb of I-1. Band-B monster damage is a separate decode (PM-4 queue I-2/I-5).
records/creatures/enemies/bounties/kc_bounty10.dbr,0,0,1,0,107|108,107,108,records/creatures/enemies/bios/bio_hero_assassin_01.dbr,((charLevel*11)^1.50)-20,Hero,sm_mod,40359.8493,40927.2425,96.0,102.0,armorbase02.dbr[106]=96.0,436693,445288,443958,452655,452030,460840,0.0,NO (L-33(b): falsified on camera; band A does not fold it either),records/proxies/poolsbounty/bounty_heroes02.dbr,BOUNTY,153|155,,,MEASURED,MEASURED-SET,NOT-IN-SCOPE — Lap D is the LIFE limb of I-1. Band-B monster damage is a separate decode (PM-4 queue I-2/I-5).
records/creatures/enemies/bounties/kc_bounty11.dbr,0,0,1,0,107|108,107,108,records/creatures/enemies/bios/bio_hero_assassin_01.dbr,((charLevel*11)^1.50)-20,Hero,sm_mod,40359.8493,40927.2425,111.0,121.0,armorbase03.dbr[106]=111.0,442747,453064,450012,460431,458084,468616,0.0,NO (L-33(b): falsified on camera; band A does not fold it either),records/proxies/poolsbounty/bounty_heroes02.dbr,BOUNTY,153|155,,,MEASURED,MEASURED-SET,NOT-IN-SCOPE — Lap D is the LIFE limb of I-1. Band-B monster damage is a separate decode (PM-4 queue I-2/I-5).
records/creatures/enemies/bounties/kc_bounty13.dbr,0,0,1,0,107|108,107,108,records/creatures/enemies/bios/bio_hero_standard_extrahealth01.dbr,((charLevel*13)^1.50)+20,Hero,sm_mod,51898.8923,52627.8631,111.0,121.0,armorbase04.dbr[106]=111.0,569330,582590,578672,592063,589052,602589,0.0,NO (L-33(b): falsified on camera; band A does not fold it either),records/proxies/poolsbounty/bounty_heroes02.dbr,BOUNTY,153|155,,,MEASURED,MEASURED-SET,NOT-IN-SCOPE — Lap D is the LIFE limb of I-1. Band-B monster damage is a separate decode (PM-4 queue I-2/I-5).
records/creatures/enemies/bounties/kc_bounty19.dbr,0,0,1,0,107|108,107,108,records/creatures/enemies/bios/bio_hero_standard_extrahealth01.dbr,((charLevel*13)^1.50)+20,Hero,sm_mod,51898.8923,52627.8631,111.0,121.0,armorbase03.dbr[106]=111.0,569330,582590,578672,592063,589052,602589,0.0,NO (L-33(b): falsified on camera; band A does not fold it either),records/proxies/poolsbounty/bounty_heroes03.dbr,BOUNTY,153|155,,,MEASURED,MEASURED-SET,NOT-IN-SCOPE — Lap D is the LIFE limb of I-1. Band-B monster damage is a separate decode (PM-4 queue I-2/I-5).
records/creatures/enemies/bounties/ku_bounty_05.dbr,0,0,1,0,107|108,107,108,records/creatures/enemies/bios/bio_hero_assassin_01.dbr,((charLevel*11)^1.50)-20,Hero,sm3,40359.8493,40927.2425,111.0,121.0,armorbase04.dbr[106]=111.0,442747,453064,450012,460431,458084,468616,0.0,NO (L-33(b): falsified on camera; band A does not fold it either),records/proxies/poolsbountygdx3/bounty_heroes01.dbr,BOUNTY,153|167,,,MEASURED,MEASURED-SET,NOT-IN-SCOPE — Lap D is the LIFE limb of I-1. Band-B monster damage is a separate decode (PM-4 queue I-2/I-5).
records/creatures/enemies/bounties/ku_bounty_06.dbr,0,0,1,0,107|108,107,108,records/creatures/enemies/bios/bio_hero_support_01.dbr,((charLevel*8)^1.50)-20,Hero,sm3,25024.4009,25376.3097,111.0,121.0,armorbase03.dbr[106]=111.0,274517,280915,279022,285483,284026,290558,0.0,NO (L-33(b): falsified on camera; band A does not fold it either),records/proxies/poolsbountygdx3/bounty_heroes01.dbr,BOUNTY,153|167,,,MEASURED,MEASURED-SET,NOT-IN-SCOPE — Lap D is the LIFE limb of I-1. Band-B monster damage is a separate decode (PM-4 queue I-2/I-5).
records/creatures/enemies/bounties/ku_bounty_07.dbr,0,0,1,0,107|108,107,108,records/creatures/enemies/bios/bio_hero_assassin_01.dbr,((charLevel*11)^1.50)-20,Hero,sm3,40359.8493,40927.2425,111.0,121.0,armorbase04.dbr[106]=111.0,442747,453064,450012,460431,458084,468616,100.0,NO (L-33(b): falsified on camera; band A does not fold it either),records/proxies/poolsbountygdx3/bounty_heroes01.dbr,BOUNTY,153|167,,,MEASURED,MEASURED-SET,NOT-IN-SCOPE — Lap D is the LIFE limb of I-1. Band-B monster damage is a separate decode (PM-4 queue I-2/I-5).
records/creatures/enemies/bounties/ku_bounty_08.dbr,0,0,1,0,107|108,107,108,records/creatures/enemies/bios/bio_hero_standard_01.dbr,((charLevel*11)^1.50)-20,Hero,sm3,40359.8493,40927.2425,111.0,121.0,armorbase04.dbr[106]=111.0,442747,453064,450012,460431,458084,468616,0.0,NO (L-33(b): falsified on camera; band A does not fold it either),records/proxies/poolsbountygdx3/bounty_heroes01.dbr,BOUNTY,153|167,,,MEASURED,MEASURED-SET,NOT-IN-SCOPE — Lap D is the LIFE limb of I-1. Band-B monster damage is a separate decode (PM-4 queue I-2/I-5).
records/creatures/enemies/bounties/ku_bounty_09.dbr,0,0,1,0,107|108,107,108,records/creatures/enemies/bios/bio_hero_standard_01.dbr,((charLevel*11)^1.50)-20,Hero,sm3,40359.8493,40927.2425,111.0,121.0,armorbase03.dbr[106]=111.0,442747,453064,450012,460431,458084,468616,0.0,NO (L-33(b): falsified on camera; band A does not fold it either),records/proxies/poolsbountygdx3/bounty_heroes01.dbr,BOUNTY,153|167,,,MEASURED,MEASURED-SET,NOT-IN-SCOPE — Lap D is the LIFE limb of I-1. Band-B monster damage is a separate decode (PM-4 queue I-2/I-5).
records/creatures/enemies/bounties/ku_bounty_10.dbr,0,0,1,0,107|108,107,108,records/creatures/enemies/bios/bio_hero_standard_01.dbr,((charLevel*11)^1.50)-20,Hero,sm3,40359.8493,40927.2425,111.0,121.0,armorbase04.dbr[106]=111.0,442747,453064,450012,460431,458084,468616,0.0,NO (L-33(b): falsified on camera; band A does not fold it either),records/proxies/poolsbountygdx3/bounty_heroes01.dbr,BOUNTY,153|167,,,MEASURED,MEASURED-SET,NOT-IN-SCOPE — Lap D is the LIFE limb of I-1. Band-B monster damage is a separate decode (PM-4 queue I-2/I-5).
records/creatures/enemies/bounties/odv_bounty06.dbr,0,0,1,0,107|108,107,108,records/creatures/enemies/bios/bio_hero_standard_01.dbr,((charLevel*11)^1.50)-20,Hero,sm_mod,40359.8493,40927.2425,111.0,121.0,armorbase03.dbr[106]=111.0,442747,453064,450012,460431,458084,468616,0.0,NO (L-33(b): falsified on camera; band A does not fold it either),records/proxies/poolsbounty/bounty_heroes03.dbr,BOUNTY,153|155,,,MEASURED,MEASURED-SET,NOT-IN-SCOPE — Lap D is the LIFE limb of I-1. Band-B monster damage is a separate decode (PM-4 queue I-2/I-5).
records/creatures/enemies/bounties/odv_bounty07.dbr,1,1,1,0,107|108,107,108,records/creatures/enemies/bios/bio_hero_standard_01.dbr,((charLevel*11)^1.50)-20,Hero,sm_mod,40359.8493,40927.2425,111.0,121.0,armorbase03.dbr[106]=111.0,442747,453064,450012,460431,458084,468616,0.0,NO (L-33(b): falsified on camera; band A does not fold it either),records/proxies/poolsbounty/bounty_heroes03.dbr,BOUNTY,153|155,153,107,MEASURED,MEASURED-SET,NOT-IN-SCOPE — Lap D is the LIFE limb of I-1. Band-B monster damage is a separate decode (PM-4 queue I-2/I-5).
records/creatures/enemies/bounties/odv_bounty08.dbr,0,0,1,0,107|108,107,108,records/creatures/enemies/bios/bio_hero_standard_01.dbr,((charLevel*11)^1.50)-20,Hero,sm_mod,40359.8493,40927.2425,111.0,121.0,armorbase03.dbr[106]=111.0,442747,453064,450012,460431,458084,468616,0.0,NO (L-33(b): falsified on camera; band A does not fold it either),records/proxies/poolsbounty/bounty_heroes03.dbr,BOUNTY,153|155,,,MEASURED,MEASURED-SET,NOT-IN-SCOPE — Lap D is the LIFE limb of I-1. Band-B monster damage is a separate decode (PM-4 queue I-2/I-5).
records/creatures/enemies/bounties/odv_bounty09.dbr,0,0,1,0,107|108,107,108,records/creatures/enemies/bios/bio_hero_standard_01.dbr,((charLevel*11)^1.50)-20,Hero,sm_mod,40359.8493,40927.2425,111.0,121.0,armorbase04.dbr[106]=111.0,442747,453064,450012,460431,458084,468616,0.0,NO (L-33(b): falsified on camera; band A does not fold it either),records/proxies/poolsbounty/bounty_heroes03.dbr,BOUNTY,153|155,,,MEASURED,MEASURED-SET,NOT-IN-SCOPE — Lap D is the LIFE limb of I-1. Band-B monster damage is a separate decode (PM-4 queue I-2/I-5).
records/creatures/enemies/bounties/odv_bounty10.dbr,0,0,1,0,107|108,107,108,records/creatures/enemies/bios/bio_hero_standard_01.dbr,((charLevel*11)^1.50)-20,Hero,sm_mod,40359.8493,40927.2425,96.0,102.0,armorbase02.dbr[106]=96.0,436693,445288,443958,452655,452030,460840,0.0,NO (L-33(b): falsified on camera; band A does not fold it either),records/proxies/poolsbounty/bounty_heroes03.dbr,BOUNTY,153|155,,,MEASURED,MEASURED-SET,NOT-IN-SCOPE — Lap D is the LIFE limb of I-1. Band-B monster damage is a separate decode (PM-4 queue I-2/I-5).
records/creatures/enemies/bounties/odv_bounty11.dbr,0,0,1,0,107|108,107,108,records/creatures/enemies/bios/bio_hero_assassin_01.dbr,((charLevel*11)^1.50)-20,Hero,sm_mod,40359.8493,40927.2425,111.0,121.0,armorbase04.dbr[106]=111.0,442747,453064,450012,460431,458084,468616,0.0,NO (L-33(b): falsified on camera; band A does not fold it either),records/proxies/poolsbounty/bounty_heroes03.dbr,BOUNTY,153|155,,,MEASURED,MEASURED-SET,NOT-IN-SCOPE — Lap D is the LIFE limb of I-1. Band-B monster damage is a separate decode (PM-4 queue I-2/I-5).
records/creatures/enemies/bounties/odv_bounty12.dbr,0,0,1,0,107|108,107,108,records/creatures/enemies/bios/bio_hero_standard_01.dbr,((charLevel*11)^1.50)-20,Hero,sm_mod,40359.8493,40927.2425,111.0,121.0,armorbase03.dbr[106]=111.0,442747,453064,450012,460431,458084,468616,0.0,NO (L-33(b): falsified on camera; band A does not fold it either),records/proxies/poolsbounty/bounty_heroes03.dbr,BOUNTY,153|155,,,MEASURED,MEASURED-SET,NOT-IN-SCOPE — Lap D is the LIFE limb of I-1. Band-B monster damage is a separate decode (PM-4 queue I-2/I-5).
records/creatures/enemies/bounties/odv_bounty13.dbr,0,0,1,0,107|108,107,108,records/creatures/enemies/bios/bio_hero_standard_01.dbr,((charLevel*11)^1.50)-20,Hero,sm_mod,40359.8493,40927.2425,111.0,121.0,armorbase04.dbr[106]=111.0,442747,453064,450012,460431,458084,468616,0.0,NO (L-33(b): falsified on camera; band A does not fold it either),records/proxies/poolsbounty/bounty_heroes03.dbr,BOUNTY,153|155,,,MEASURED,MEASURED-SET,NOT-IN-SCOPE — Lap D is the LIFE limb of I-1. Band-B monster damage is a separate decode (PM-4 queue I-2/I-5).
records/creatures/enemies/bounties/pm_bounty05.dbr,0,0,1,0,107|108,107,108,records/creatures/enemies/bios/bio_hero_standard_extrahealth01.dbr,((charLevel*13)^1.50)+20,Hero,sm1,51898.8923,52627.8631,111.0,121.0,armorbase04.dbr[106]=111.0,569330,582590,578672,592063,589052,602589,0.0,NO (L-33(b): falsified on camera; band A does not fold it either),records/proxies/poolsbountygdx1/bounty_heroes01.dbr,BOUNTY,153|155|167,,,MEASURED,MEASURED-SET,NOT-IN-SCOPE — Lap D is the LIFE limb of I-1. Band-B monster damage is a separate decode (PM-4 queue I-2/I-5).
records/creatures/enemies/bounties/pm_bounty06.dbr,1,0,1,0,107|108,107,108,records/creatures/enemies/bios/bio_hero_standard_extrahealth01.dbr,((charLevel*13)^1.50)+20,Hero,sm1,51898.8923,52627.8631,111.0,121.0,armorbase04.dbr[106]=111.0,569330,582590,578672,592063,589052,602589,0.0,NO (L-33(b): falsified on camera; band A does not fold it either),records/proxies/poolsbountygdx1/bounty_heroes02.dbr,BOUNTY,153|155|167,167,107,MEASURED,MEASURED-SET,NOT-IN-SCOPE — Lap D is the LIFE limb of I-1. Band-B monster damage is a separate decode (PM-4 queue I-2/I-5).
records/creatures/enemies/bounties/pm_bounty07.dbr,0,0,1,0,107|108,107,108,records/creatures/enemies/bios/bio_hero_standard_01.dbr,((charLevel*11)^1.50)-20,Hero,sm1,40359.8493,40927.2425,111.0,121.0,armorbase03.dbr[106]=111.0,442747,453064,450012,460431,458084,468616,0.0,NO (L-33(b): falsified on camera; band A does not fold it either),records/proxies/poolsbountygdx1/bounty_heroes01.dbr,BOUNTY,153|155|167,,,MEASURED,MEASURED-SET,NOT-IN-SCOPE — Lap D is the LIFE limb of I-1. Band-B monster damage is a separate decode (PM-4 queue I-2/I-5).
records/creatures/enemies/bounties/pm_bounty08.dbr,0,0,1,0,107|108,107,108,records/creatures/enemies/bios/bio_hero_standard_01.dbr,((charLevel*11)^1.50)-20,Hero,sm1,40359.8493,40927.2425,111.0,121.0,armorbase03.dbr[106]=111.0,442747,453064,450012,460431,458084,468616,0.0,NO (L-33(b): falsified on camera; band A does not fold it either),records/proxies/poolsbountygdx1/bounty_heroes02.dbr,BOUNTY,153|155|167,,,MEASURED,MEASURED-SET,NOT-IN-SCOPE — Lap D is the LIFE limb of I-1. Band-B monster damage is a separate decode (PM-4 queue I-2/I-5).
records/creatures/enemies/bounties/ro_bounty10.dbr,0,0,1,0,107|108,107,108,records/creatures/enemies/bios/bio_boss_oligarch_03.dbr,((charLevel*26)^1.5)+100,Hero,sm_mod,146835.6663,148897.5071,111.0,121.0,armorbase03.dbr[106]=111.0,1610787,1648295,1637217,1675096,1666584,1704876,0.0,NO (L-33(b): falsified on camera; band A does not fold it either),records/proxies/poolsbounty/bounty_heroes03.dbr,BOUNTY,153|155,,,MEASURED,MEASURED-SET,NOT-IN-SCOPE — Lap D is the LIFE limb of I-1. Band-B monster damage is a separate decode (PM-4 queue I-2/I-5).
records/creatures/enemies/bounties/ro_bounty11.dbr,1,1,1,0,107|108,107,108,records/creatures/enemies/bios/bio_hero_support_01.dbr,((charLevel*8)^1.50)-20,Hero,sm_mod,25024.4009,25376.3097,96.0,102.0,armorbase02.dbr[106]=96.0,270764,276094,275268,280661,280273,285737,0.0,NO (L-33(b): falsified on camera; band A does not fold it either),records/proxies/poolsbounty/bounty_heroes03.dbr,BOUNTY,153|155,153,107,MEASURED,MEASURED-SET,NOT-IN-SCOPE — Lap D is the LIFE limb of I-1. Band-B monster damage is a separate decode (PM-4 queue I-2/I-5).
records/creatures/enemies/bounties/ro_bounty12.dbr,0,0,1,0,107|108,107,108,records/creatures/enemies/bios/bio_hero_tank_01.dbr,((charLevel*14)^1.50)+20,Hero,sm_mod,57998.5994,58813.2796,111.0,121.0,armorbase04.dbr[106]=111.0,636244,651063,646684,661649,658284,673412,0.0,NO (L-33(b): falsified on camera; band A does not fold it either),records/proxies/poolsbounty/bounty_heroes03.dbr,BOUNTY,153|155,,,MEASURED,MEASURED-SET,NOT-IN-SCOPE — Lap D is the LIFE limb of I-1. Band-B monster damage is a separate decode (PM-4 queue I-2/I-5).
records/creatures/enemies/bounties/ro_bounty19.dbr,1,1,1,0,107|108,107,108,records/creatures/enemies/bios/bio_hero_standard_extrahealth01.dbr,((charLevel*13)^1.50)+20,Hero,sm_mod,51898.8923,52627.8631,111.0,121.0,armorbase04.dbr[106]=111.0,569330,582590,578672,592063,589052,602589,0.0,NO (L-33(b): falsified on camera; band A does not fold it either),records/proxies/poolsbounty/bounty_heroes03.dbr,BOUNTY,153|155,153,107,MEASURED,MEASURED-SET,NOT-IN-SCOPE — Lap D is the LIFE limb of I-1. Band-B monster damage is a separate decode (PM-4 queue I-2/I-5).
records/creatures/enemies/chthonianabomination_tentacles_a01.dbr,0,0,0,1,107|108,107,108,records/creatures/enemies/bios/bio_trap_fireflare_01.dbr,((charLevel*10)^1.25)+60,Common,sm_mod,6179.6942,6251.2693,0.0,0.0,,60931,61637,62044,62762,63280,64012,0.0,NO (L-33(b): falsified on camera; band A does not fold it either),,,,,,MEASURED,DERIVED-INHERITED,NOT-IN-SCOPE — Lap D is the LIFE limb of I-1. Band-B monster damage is a separate decode (PM-4 queue I-2/I-5).
records/creatures/enemies/chthoniandevourer_a00_summon.dbr,0,0,0,1,106|107|108,106,108,records/creatures/enemies/bios/bio_chthoniandevourer_a00.dbr,((charLevel*4)^1.28)+15,Common,sm_mod,2321.8975,2377.7577,88.0,102.0,armorbase01.dbr[105]=88.0,24937,25870,25355,26298,25819,26773,0.0,NO (L-33(b): falsified on camera; band A does not fold it either),,,,,,MEASURED,DERIVED-INHERITED,NOT-IN-SCOPE — Lap D is the LIFE limb of I-1. Band-B monster damage is a separate decode (PM-4 queue I-2/I-5).
records/creatures/enemies/chthoniandevourer_a01.dbr,1,1,1,0,102|103|104,102,104,records/creatures/enemies/bios/bio_chthoniandevourer_a01.dbr,((charLevel*6)^1.28)+15,Common,sm_mod,3705.1313,3797.9994,61.0,74.0,armorbase01.dbr[101]=61.0,38792,40258,39459,40942,40200,41702,0.0,NO (L-33(b): falsified on camera; band A does not fold it either),records/proxies/poolsbasic/chthoniandevourer_t3.dbr|records/proxies/poolsbasicgdx1/chthonianrylok_t3.dbr,trash,157|158|166|168,157|158|168,102,MEASURED,MEASURED-SET,NOT-IN-SCOPE — Lap D is the LIFE limb of I-1. Band-B monster damage is a separate decode (PM-4 queue I-2/I-5).
records/creatures/enemies/chthoniandevourer_a01_summon.dbr,0,0,0,1,106|107|108,106,108,records/creatures/enemies/bios/bio_chthoniandevourer_a00.dbr,((charLevel*4)^1.28)+15,Common,sm_mod,2321.8975,2377.7577,88.0,102.0,armorbase01.dbr[105]=88.0,24937,25870,25355,26298,25819,26773,0.0,NO (L-33(b): falsified on camera; band A does not fold it either),,,,,,MEASURED,DERIVED-INHERITED,NOT-IN-SCOPE — Lap D is the LIFE limb of I-1. Band-B monster damage is a separate decode (PM-4 queue I-2/I-5).
records/creatures/enemies/chthoniandevourer_b01.dbr,1,1,1,0,103|104|105,103,105,records/creatures/enemies/bios/bio_chthoniandevourer_b01.dbr,((charLevel*12)^1.28)+30,Champion,sm_mod,9103.6838,9329.8148,69.0,82.0,armorbase02.dbr[102]=69.0,96043,99642,97682,101321,99503,103187,0.0,NO (L-33(b): falsified on camera; band A does not fold it either),records/proxies/poolsbasic/chthoniandevourer_t3.dbr|records/proxies/poolsbasicgdx1/chthonianrylok_t3.dbr,trash,157|158|166|168,157|158,103,MEASURED,MEASURED-SET,NOT-IN-SCOPE — Lap D is the LIFE limb of I-1. Band-B monster damage is a separate decode (PM-4 queue I-2/I-5).
records/creatures/enemies/chthoniandevourer_b01_summon.dbr,0,0,0,1,106|107|108,106,108,records/creatures/enemies/bios/bio_chthoniandevourer_b01.dbr,((charLevel*12)^1.28)+30,Champion,sm_mod,9443.3347,9671.2735,88.0,102.0,armorbase02.dbr[105]=88.0,101421,105223,103121,106964,105009,108898,0.0,NO (L-33(b): falsified on camera; band A does not fold it either),,,,,,MEASURED,DERIVED-INHERITED,NOT-IN-SCOPE — Lap D is the LIFE limb of I-1. Band-B monster damage is a separate decode (PM-4 queue I-2/I-5).
records/creatures/enemies/chthoniandevourer_b02.dbr,1,1,1,0,103|104|105,103,105,records/creatures/enemies/bios/bio_chthoniandevourer_b01.dbr,((charLevel*12)^1.28)+30,Champion,sm_mod,9103.6838,9329.8148,69.0,82.0,armorbase02.dbr[102]=69.0,96043,99642,97682,101321,99503,103187,0.0,NO (L-33(b): falsified on camera; band A does not fold it either),records/proxies/poolsbasic/chthoniandevourer_t3.dbr,trash,158,158,103,MEASURED,MEASURED-SET,NOT-IN-SCOPE — Lap D is the LIFE limb of I-1. Band-B monster damage is a separate decode (PM-4 queue I-2/I-5).
records/creatures/enemies/chthoniandevourer_b02_summon.dbr,0,0,0,1,106|107|108,106,108,records/creatures/enemies/bios/bio_chthoniandevourer_b01.dbr,((charLevel*12)^1.28)+30,Champion,sm_mod,9443.3347,9671.2735,88.0,102.0,armorbase02.dbr[105]=88.0,101421,105223,103121,106964,105009,108898,0.0,NO (L-33(b): falsified on camera; band A does not fold it either),,,,,,MEASURED,DERIVED-INHERITED,NOT-IN-SCOPE — Lap D is the LIFE limb of I-1. Band-B monster damage is a separate decode (PM-4 queue I-2/I-5).
records/creatures/enemies/chthoniandreadguard_a01_summon.dbr,0,0,0,1,106|107|108,106,108,records/creatures/enemies/bios/bio_chthoniandreadguard_a01_summon.dbr,((charLevel*16)^1.33)+100,Common,sm_mod,19830.4222,20327.079,103.0,121.0,armorbase03.dbr[105]=103.0,215953,225020,219522,228679,223488,232745,0.0,NO (L-33(b): falsified on camera; band A does not fold it either),,,,,,MEASURED,DERIVED-INHERITED,NOT-IN-SCOPE — Lap D is the LIFE limb of I-1. Band-B monster damage is a separate decode (PM-4 queue I-2/I-5).
records/creatures/enemies/chthoniandreadguard_b01_summon.dbr,0,0,0,1,106|107|108,106,108,records/creatures/enemies/bios/bio_chthoniandreadguard_b01_summon.dbr,((charLevel*21)^1.33)+100,Champion,sm_mod,28427.514,29140.5781,103.0,121.0,armorbase04.dbr[105]=103.0,309575,322586,314692,327831,320378,333659,0.0,NO (L-33(b): falsified on camera; band A does not fold it either),,,,,,MEASURED,DERIVED-INHERITED,NOT-IN-SCOPE — Lap D is the LIFE limb of I-1. Band-B monster damage is a separate decode (PM-4 queue I-2/I-5).
records/creatures/enemies/chthoniandreadguard_c01_summon.dbr,0,0,0,1,106|107|108,106,108,records/creatures/enemies/bios/bio_chthoniandreadguard_c01_summon.dbr,((charLevel*25)^1.33)+100,Champion,sm_mod,35820.4575,36719.6177,103.0,121.0,armorbase04.dbr[105]=103.0,390084,406486,396532,413095,403696,420439,0.0,NO (L-33(b): falsified on camera; band A does not fold it either),,,,,,MEASURED,DERIVED-INHERITED,NOT-IN-SCOPE — Lap D is the LIFE limb of I-1. Band-B monster damage is a separate decode (PM-4 queue I-2/I-5).
records/creatures/enemies/chthonianfiend_a01_summon.dbr,0,0,0,1,106|107|108,106,108,records/creatures/enemies/bios/bio_chthonicvoidfiend_01.dbr,((charLevel*9)^1.33)+50,Common,sm_mod,9229.0839,9460.141,88.0,102.0,armorbase02.dbr[105]=88.0,99120,102926,100781,104629,102627,106521,0.0,NO (L-33(b): falsified on camera; band A does not fold it either),,,,,,MEASURED,DERIVED-INHERITED,NOT-IN-SCOPE — Lap D is the LIFE limb of I-1. Band-B monster damage is a separate decode (PM-4 queue I-2/I-5).
records/creatures/enemies/chthonianfiend_a02_summon.dbr,0,0,0,1,106|107|108,106,108,records/creatures/enemies/bios/bio_chthonicvoidfiend_01.dbr,((charLevel*9)^1.33)+50,Champion,sm_mod,9229.0839,9460.141,88.0,102.0,armorbase02.dbr[105]=88.0,99120,102926,100781,104629,102627,106521,0.0,NO (L-33(b): falsified on camera; band A does not fold it either),,,,,,MEASURED,DERIVED-INHERITED,NOT-IN-SCOPE — Lap D is the LIFE limb of I-1. Band-B monster damage is a separate decode (PM-4 queue I-2/I-5).
records/creatures/enemies/chthonianfiend_c01_summon.dbr,0,0,0,1,107|108,107,108,records/creatures/enemies/bios/bio_chthonicvoidfiend_c01.dbr,((charLevel*16)^1.33)+80,Champion,sm_mod,20058.3677,20307.079,96.0,102.0,armorbase02.dbr[106]=96.0,217031,220941,220642,224596,224653,228657,0.0,NO (L-33(b): falsified on camera; band A does not fold it either),,,,,,MEASURED,DERIVED-INHERITED,NOT-IN-SCOPE — Lap D is the LIFE limb of I-1. Band-B monster damage is a separate decode (PM-4 queue I-2/I-5).
records/creatures/enemies/chthonianherald_a01.dbr,0,0,1,0,103|104,103,104,records/creatures/enemies/bios/bio_chthonianherald_a01.dbr,((charLevel*26)^1.33)+100,Common,sm3,36323.3041,36791.7896,78.0,86.0,armorbase03.dbr[102]=78.0,386479,394407,393018,401030,400282,408388,0.0,NO (L-33(b): falsified on camera; band A does not fold it either),records/proxies/poolsbasicgdx3/chthonianherald_t3.dbr,trash,156|166,,,MEASURED,MEASURED-SET,NOT-IN-SCOPE — Lap D is the LIFE limb of I-1. Band-B monster damage is a separate decode (PM-4 queue I-2/I-5).
records/creatures/enemies/chthonianherald_a01_summon.dbr,0,0,0,1,106|107|108,106,108,records/creatures/enemies/bios/bio_chthonianherald_a01.dbr,((charLevel*26)^1.33)+100,Common,sm3,37733.2178,38680.5263,103.0,121.0,armorbase03.dbr[105]=103.0,410914,428193,417706,435155,425253,442892,0.0,NO (L-33(b): falsified on camera; band A does not fold it either),,,,,,MEASURED,DERIVED-INHERITED,NOT-IN-SCOPE — Lap D is the LIFE limb of I-1. Band-B monster damage is a separate decode (PM-4 queue I-2/I-5).
records/creatures/enemies/chthonianherald_b01.dbr,1,1,1,0,104|105|106,104,106,records/creatures/enemies/bios/bio_chthonianherald_b01.dbr,((charLevel*32)^1.33)+100,Champion,sm3,48461.951,49702.8091,86.0,103.0,armorbase04.dbr[103]=86.0,519512,541263,528235,550210,537927,560150,0.0,NO (L-33(b): falsified on camera; band A does not fold it either),records/proxies/poolsbasicgdx3/chthonianherald_t3.dbr,trash,156|166,156|166,109,MEASURED,MEASURED-SET,NOT-IN-SCOPE — Lap D is the LIFE limb of I-1. Band-B monster damage is a separate decode (PM-4 queue I-2/I-5).
records/creatures/enemies/chthonianherald_b01_summon.dbr,0,0,0,1,106|107|108,106,108,records/creatures/enemies/bios/bio_chthonianherald_b01.dbr,((charLevel*32)^1.33)+100,Champion,sm3,49702.8091,50951.4178,103.0,121.0,armorbase04.dbr[105]=103.0,541263,564032,550210,573203,560150,583393,0.0,NO (L-33(b): falsified on camera; band A does not fold it either),,,,,,MEASURED,DERIVED-INHERITED,NOT-IN-SCOPE — Lap D is the LIFE limb of I-1. Band-B monster damage is a separate decode (PM-4 queue I-2/I-5).
records/creatures/enemies/chthonianherald_c01.dbr,1,1,1,0,105|106,105,106,records/creatures/enemies/bios/bio_chthonianherald_c01.dbr,((charLevel*34)^1.33)+100,Champion,sm3,53194.4012,53867.9849,94.0,103.0,armorbase04.dbr[104]=94.0,574499,586622,584074,596318,594713,607092,0.0,NO (L-33(b): falsified on camera; band A does not fold it either),records/proxies/poolsbasicgdx3/chthonianherald_t3.dbr,trash,156|166,156|166,109,MEASURED,MEASURED-SET,NOT-IN-SCOPE — Lap D is the LIFE limb of I-1. Band-B monster damage is a separate decode (PM-4 queue I-2/I-5).
records/creatures/enemies/chthonianleech_a01.dbr,0,0,1,0,103|104,103,104,records/creatures/enemies/bios/bio_chthonianleech_a01.dbr,((charLevel*22)^1.29)+100,Common,sm_mod,21395.3743,21662.458,119.0,125.0,armorbase02.dbr[102]=69.0|passiveattackproperties_zombieflesher.dbr[25]=50.0,236418,240669,240270,244569,244549,248901,0.0,NO (L-33(b): falsified on camera; band A does not fold it either),records/proxies/poolsbasic/chthonianleech_t3.dbr|records/proxies/poolsbasicgdx1/chthonianservitor_t3.dbr,trash,157|161|166,,,MEASURED,MEASURED-SET,NOT-IN-SCOPE — Lap D is the LIFE limb of I-1. Band-B monster damage is a separate decode (PM-4 queue I-2/I-5).
records/creatures/enemies/chthonianleech_a01_summon.dbr,0,0,0,1,106|107|108,106,108,records/creatures/enemies/bios/bio_chthonianleech_a01.dbr,((charLevel*22)^1.29)+100,Common,sm_mod,22198.8577,22738.2005,139.0,154.0,armorbase02.dbr[105]=88.0|passiveattackproperties_zombieflesher.dbr[26]=51.0,249737,259215,253732,263308,258172,267856,0.0,NO (L-33(b): falsified on camera; band A does not fold it either),,,,,,MEASURED,DERIVED-INHERITED,NOT-IN-SCOPE — Lap D is the LIFE limb of I-1. Band-B monster damage is a separate decode (PM-4 queue I-2/I-5).
records/creatures/enemies/chthonianleech_b01.dbr,0,0,1,0,104|105|106,104,106,records/creatures/enemies/bios/bio_chthonianleech_b01.dbr,((charLevel*24)^1.29)+100,Champion,sm_mod,24223.7883,24823.9051,86.0,103.0,armorbase03.dbr[103]=86.0,259679,270332,264039,274800,268884,279765,0.0,NO (L-33(b): falsified on camera; band A does not fold it either),records/proxies/poolsbasic/chthonianleech_t3.dbr,trash,157,,,MEASURED,MEASURED-SET,NOT-IN-SCOPE — Lap D is the LIFE limb of I-1. Band-B monster damage is a separate decode (PM-4 queue I-2/I-5).
records/creatures/enemies/chthonianleech_b02.dbr,0,0,1,0,104|105|106,104,106,records/creatures/enemies/bios/bio_chthonianleech_b01.dbr,((charLevel*24)^1.29)+100,Champion,sm_mod,24223.7883,24823.9051,86.0,103.0,armorbase03.dbr[103]=86.0,259679,270332,264039,274800,268884,279765,0.0,NO (L-33(b): falsified on camera; band A does not fold it either),records/proxies/poolsbasic/chthonianleech_t3.dbr,trash,157,,,MEASURED,MEASURED-SET,NOT-IN-SCOPE — Lap D is the LIFE limb of I-1. Band-B monster damage is a separate decode (PM-4 queue I-2/I-5).
records/creatures/enemies/chthonianminion_b01_summon.dbr,0,0,0,1,106|107|108,106,108,records/creatures/enemies/bios/bio_chthonian_02.dbr,((charLevel*16)^1.5)+225,Champion,sm_mod,70070.5549,72056.6111,103.0,121.0,armorbase04.dbr[105]=103.0,763068,797666,775681,810636,789695,825048,0.0,NO (L-33(b): falsified on camera; band A does not fold it either),,,,,,MEASURED,DERIVED-INHERITED,NOT-IN-SCOPE — Lap D is the LIFE limb of I-1. Band-B monster damage is a separate decode (PM-4 queue I-2/I-5).
records/creatures/enemies/chthonianmonstrosity_summon.dbr,0,0,0,1,106|107|108,106,108,records/creatures/enemies/bios/bio_chthonianabomination_summon01.dbr,((charLevel*36)^1.5)+1000,Champion,sm3,236728.7477,243431.6874,103.0,121.0,armorbase05.dbr[105]=103.0,2577976,2694788,2620587,2738606,2667932,2787292,0.0,NO (L-33(b): falsified on camera; band A does not fold it either),,,,,,MEASURED,DERIVED-INHERITED,NOT-IN-SCOPE — Lap D is the LIFE limb of I-1. Band-B monster damage is a separate decode (PM-4 queue I-2/I-5).
records/creatures/enemies/chthonianrylok_a01.dbr,1,1,1,0,103|104,103,104,records/creatures/enemies/bios/bio_chthonianrylok_a01.dbr,((charLevel*30)^1.33)+100,Common,sm1,43917.2157,44483.9152,78.0,86.0,armorbase03.dbr[102]=78.0,467279,476867,475184,484874,483967,493771,0.0,NO (L-33(b): falsified on camera; band A does not fold it either),records/proxies/poolsbasicgdx1/chthonianrylok_t3.dbr,trash,157|166|168,157|168,103,MEASURED,MEASURED-SET,NOT-IN-SCOPE — Lap D is the LIFE limb of I-1. Band-B monster damage is a separate decode (PM-4 queue I-2/I-5).
records/creatures/enemies/chthonianrylok_b01.dbr,1,1,1,0,104|105|106,104,106,records/creatures/enemies/bios/bio_chthonianrylok_b01.dbr,((charLevel*36)^1.33)+100,Champion,sm1,56663.5511,58114.8437,86.0,103.0,armorbase04.dbr[103]=86.0,607433,632870,617632,643331,628965,654954,0.0,NO (L-33(b): falsified on camera; band A does not fold it either),records/proxies/poolsbasicgdx1/chthonianrylok_t3.dbr,trash,157|166|168,157|168,104,MEASURED,MEASURED-SET,NOT-IN-SCOPE — Lap D is the LIFE limb of I-1. Band-B monster damage is a separate decode (PM-4 queue I-2/I-5).
records/creatures/enemies/chthonianrylok_b01_summon.dbr,0,0,0,1,106|107|108,106,108,records/creatures/enemies/bios/bio_chthonianrylok_b01.dbr,((charLevel*36)^1.33)+100,Champion,gdx1,58114.8437,59575.2013,103.0,121.0,armorbase04.dbr[105]=103.0,632870,659497,643331,670221,654954,682136,0.0,NO (L-33(b): falsified on camera; band A does not fold it either),,,,,,MEASURED,DERIVED-INHERITED,NOT-IN-SCOPE — Lap D is the LIFE limb of I-1. Band-B monster damage is a separate decode (PM-4 queue I-2/I-5).
records/creatures/enemies/chthonianrylok_c01.dbr,1,1,1,0,105|106,105,106,records/creatures/enemies/bios/bio_chthonianrylok_c01.dbr,((charLevel*38)^1.33)+100,Champion,sm1,61659.3395,62440.3138,94.0,103.0,armorbase04.dbr[104]=94.0,665920,679975,677019,691214,689351,703702,0.0,NO (L-33(b): falsified on camera; band A does not fold it either),records/proxies/poolsbasicgdx1/chthonianrylok_t3.dbr,trash,157|166|168,157|168,105,MEASURED,MEASURED-SET,NOT-IN-SCOPE — Lap D is the LIFE limb of I-1. Band-B monster damage is a separate decode (PM-4 queue I-2/I-5).
records/creatures/enemies/chthonianrylok_c01_summon.dbr,0,0,0,1,106|107|108,106,108,records/creatures/enemies/bios/bio_chthonianrylok_c01.dbr,((charLevel*38)^1.33)+100,Champion,gdx1,62440.3138,64009.5528,103.0,121.0,armorbase04.dbr[105]=103.0,679975,708585,691214,720107,703702,732909,0.0,NO (L-33(b): falsified on camera; band A does not fold it either),,,,,,MEASURED,DERIVED-INHERITED,NOT-IN-SCOPE — Lap D is the LIFE limb of I-1. Band-B monster damage is a separate decode (PM-4 queue I-2/I-5).
records/creatures/enemies/chthonianservitor_a01.dbr,0,0,1,0,103|104,103,104,records/creatures/enemies/bios/bio_chthonianservitor_a01.dbr,((charLevel*17)^1.33)+45,Champion,sm1,20630.9339,20897.1772,78.0,86.0,armorbase03.dbr[102]=78.0,219513,224017,223226,227779,227352,231958,0.0,NO (L-33(b): falsified on camera; band A does not fold it either),records/proxies/poolsbasicgdx1/chthonianservitor_t3.dbr,trash,157|161|166,,,MEASURED,MEASURED-SET,NOT-IN-SCOPE — Lap D is the LIFE limb of I-1. Band-B monster damage is a separate decode (PM-4 queue I-2/I-5).
records/creatures/enemies/chthonianservitor_a01_summon.dbr,0,0,0,1,106|107|108,106,108,records/creatures/enemies/bios/bio_chthonianservitor_a01.dbr,((charLevel*17)^1.33)+45,Champion,sm1,21432.1968,21970.5583,103.0,121.0,armorbase03.dbr[105]=103.0,233396,243214,237254,247168,241540,251562,0.0,NO (L-33(b): falsified on camera; band A does not fold it either),,,,,,MEASURED,DERIVED-INHERITED,NOT-IN-SCOPE — Lap D is the LIFE limb of I-1. Band-B monster damage is a separate decode (PM-4 queue I-2/I-5).
records/creatures/enemies/chthonianservitor_b01.dbr,0,0,1,0,104|105|106,104,106,records/creatures/enemies/bios/bio_chthonianservitor_b01.dbr,((charLevel*26)^1.33)+45,Champion,sm1,36736.7896,37678.2178,86.0,103.0,armorbase03.dbr[103]=86.0,393818,410315,400431,417097,407778,424633,0.0,NO (L-33(b): falsified on camera; band A does not fold it either),records/proxies/poolsbasicgdx1/chthonianservitor_t3.dbr,trash,157|161|166,,,MEASURED,MEASURED-SET,NOT-IN-SCOPE — Lap D is the LIFE limb of I-1. Band-B monster damage is a separate decode (PM-4 queue I-2/I-5).
records/creatures/enemies/chthonianservitor_b02.dbr,0,0,1,0,104|105|106,104,106,records/creatures/enemies/bios/bio_chthonianservitor_b02.dbr,((charLevel*26)^1.33)+40,Champion,sm1,36731.7896,37673.2178,86.0,103.0,armorbase03.dbr[103]=86.0,393764,410261,400376,417042,407722,424577,0.0,NO (L-33(b): falsified on camera; band A does not fold it either),records/proxies/poolsbasicgdx1/chthonianservitor_t3.dbr,trash,157|161|166,,,MEASURED,MEASURED-SET,NOT-IN-SCOPE — Lap D is the LIFE limb of I-1. Band-B monster damage is a separate decode (PM-4 queue I-2/I-5).
records/creatures/enemies/chthonianservitor_c01.dbr,0,0,1,0,105|106,105,106,records/creatures/enemies/bios/bio_chthonianservitor_c01.dbr,((charLevel*32)^1.33)+80,Champion,sm1,49061.4051,49682.8091,94.0,103.0,armorbase04.dbr[104]=94.0,529863,541045,538694,549988,548506,559925,0.0,NO (L-33(b): falsified on camera; band A does not fold it either),records/proxies/poolsbasicgdx1/chthonianservitor_t3.dbr,trash,157|161|166,,,MEASURED,MEASURED-SET,NOT-IN-SCOPE — Lap D is the LIFE limb of I-1. Band-B monster damage is a separate decode (PM-4 queue I-2/I-5).
records/creatures/enemies/chthonianwretch_a01.dbr,1,0,1,0,102|103|104,102,104,records/creatures/enemies/bios/bio_chthonicvoidfiend_01.dbr,((charLevel*9)^1.33)+50,Common,sm1,8771.2908,8999.461,61.0,74.0,armorbase02.dbr[101]=61.0,91835,95394,93414,97014,95168,98814,0.0,NO (L-33(b): falsified on camera; band A does not fold it either),records/proxies/poolsbasicgdx1/chthonianwretch_t3.dbr|records/proxies/poolsbasicgdx3/chthonianherald_t3.dbr,trash,154|156|166,166,109,MEASURED,MEASURED-SET,NOT-IN-SCOPE — Lap D is the LIFE limb of I-1. Band-B monster damage is a separate decode (PM-4 queue I-2/I-5).
records/creatures/enemies/chthonianwretch_b01.dbr,1,1,1,0,103|104,103,104,records/creatures/enemies/bios/bio_chthonicvoidfiend_01.dbr,((charLevel*9)^1.33)+50,Champion,sm1,8885.1931,8999.461,69.0,74.0,armorbase02.dbr[102]=69.0,93738,95394,95338,97014,97115,98814,0.0,NO (L-33(b): falsified on camera; band A does not fold it either),records/proxies/poolsbasicgdx1/chthonianwretch_t3.dbr|records/proxies/poolsbasicgdx3/chthonianherald_t3.dbr,trash,154|156|166,156|166,109,MEASURED,MEASURED-SET,NOT-IN-SCOPE — Lap D is the LIFE limb of I-1. Band-B monster damage is a separate decode (PM-4 queue I-2/I-5).
records/creatures/enemies/chthonianwretch_c01.dbr,1,1,1,0,103|104|105|106,103,106,records/creatures/enemies/bios/bio_chthonicvoidfiend_c01.dbr,((charLevel*16)^1.33)+80,Champion,sm1,19071.2297,19810.4222,69.0,88.0,armorbase02.dbr[102]=69.0,201201,212763,204634,216329,208448,220291,0.0,NO (L-33(b): falsified on camera; band A does not fold it either),records/proxies/poolsbasicgdx1/chthonianwretch_t3.dbr|records/proxies/poolsbasicgdx3/chthonianherald_t3.dbr,trash,154|156|166,156|166,109,MEASURED,MEASURED-SET,NOT-IN-SCOPE — Lap D is the LIFE limb of I-1. Band-B monster damage is a separate decode (PM-4 queue I-2/I-5).
records/creatures/enemies/devotion/aetherialbloater_h01.dbr,0,0,1,0,107|108,107,108,records/creatures/enemies/bios/bio_hero_standard_extrahealth01.dbr,((charLevel*13)^1.50)+20,Hero,sm1,51898.8923,52627.8631,111.0,121.0,armorbase04.dbr[106]=111.0,569330,582590,578672,592063,589052,602589,0.0,NO (L-33(b): falsified on camera; band A does not fold it either),records/proxies/poolsdevotiongdx1/devotion_heroes01.dbr,DEVOTION,157|162|167|168,,,MEASURED,MEASURED-SET,NOT-IN-SCOPE — Lap D is the LIFE limb of I-1. Band-B monster damage is a separate decode (PM-4 queue I-2/I-5).
records/creatures/enemies/devotion/aetherialbloater_h02.dbr,0,0,1,0,107|108,107,108,records/creatures/enemies/bios/bio_hero_standard_extrahealth01.dbr,((charLevel*13)^1.50)+20,Hero,sm1,51898.8923,52627.8631,111.0,121.0,armorbase04.dbr[106]=111.0,569330,582590,578672,592063,589052,602589,0.0,NO (L-33(b): falsified on camera; band A does not fold it either),records/proxies/poolsdevotiongdx1/devotion_heroes01.dbr,DEVOTION,157|162|167|168,,,MEASURED,MEASURED-SET,NOT-IN-SCOPE — Lap D is the LIFE limb of I-1. Band-B monster damage is a separate decode (PM-4 queue I-2/I-5).
records/creatures/enemies/devotion/aetherialbloater_h03.dbr,0,0,1,0,107|108,107,108,records/creatures/enemies/bios/bio_hero_standard_extrahealth01.dbr,((charLevel*13)^1.50)+20,Hero,sm1,51898.8923,52627.8631,111.0,121.0,armorbase04.dbr[106]=111.0,569330,582590,578672,592063,589052,602589,0.0,NO (L-33(b): falsified on camera; band A does not fold it either),records/proxies/poolsdevotiongdx1/devotion_heroes01.dbr,DEVOTION,157|162|167|168,,,MEASURED,MEASURED-SET,NOT-IN-SCOPE — Lap D is the LIFE limb of I-1. Band-B monster damage is a separate decode (PM-4 queue I-2/I-5).
records/creatures/enemies/devotion/aetherialbloater_h04.dbr,0,0,1,0,107|108,107,108,records/creatures/enemies/bios/bio_hero_standard_extrahealth01.dbr,((charLevel*13)^1.50)+20,Hero,sm1,51898.8923,52627.8631,111.0,121.0,armorbase04.dbr[106]=111.0,569330,582590,578672,592063,589052,602589,0.0,NO (L-33(b): falsified on camera; band A does not fold it either),records/proxies/poolsdevotiongdx1/devotion_heroes01.dbr,DEVOTION,157|162|167|168,,,MEASURED,MEASURED-SET,NOT-IN-SCOPE — Lap D is the LIFE limb of I-1. Band-B monster damage is a separate decode (PM-4 queue I-2/I-5).
records/creatures/enemies/devotion/aetherialcolossus_h01.dbr,0,0,1,0,107|108,107,108,records/creatures/enemies/bios/bio_hero_standard_extrahealth01.dbr,((charLevel*13)^1.50)+20,Hero,sm1,51898.8923,52627.8631,111.0,121.0,armorbase04.dbr[106]=111.0,569330,582590,578672,592063,589052,602589,0.0,NO (L-33(b): falsified on camera; band A does not fold it either),records/proxies/poolsdevotiongdx1/devotion_heroes01.dbr,DEVOTION,157|162|167|168,,,MEASURED,MEASURED-SET,NOT-IN-SCOPE — Lap D is the LIFE limb of I-1. Band-B monster damage is a separate decode (PM-4 queue I-2/I-5).
records/creatures/enemies/devotion/aetherialcolossus_h02.dbr,0,0,1,0,107|108,107,108,records/creatures/enemies/bios/bio_hero_standard_extrahealth01.dbr,((charLevel*13)^1.50)+20,Hero,sm1,51898.8923,52627.8631,111.0,121.0,armorbase04.dbr[106]=111.0,569330,582590,578672,592063,589052,602589,0.0,NO (L-33(b): falsified on camera; band A does not fold it either),records/proxies/poolsdevotiongdx1/devotion_heroes01.dbr,DEVOTION,157|162|167|168,,,MEASURED,MEASURED-SET,NOT-IN-SCOPE — Lap D is the LIFE limb of I-1. Band-B monster damage is a separate decode (PM-4 queue I-2/I-5).
records/creatures/enemies/devotion/aetherialcolossus_h03.dbr,0,0,1,0,107|108,107,108,records/creatures/enemies/bios/bio_hero_standard_extrahealth01.dbr,((charLevel*13)^1.50)+20,Hero,sm1,51898.8923,52627.8631,111.0,121.0,armorbase04.dbr[106]=111.0,569330,582590,578672,592063,589052,602589,0.0,NO (L-33(b): falsified on camera; band A does not fold it either),records/proxies/poolsdevotiongdx1/devotion_heroes01.dbr,DEVOTION,157|162|167|168,,,MEASURED,MEASURED-SET,NOT-IN-SCOPE — Lap D is the LIFE limb of I-1. Band-B monster damage is a separate decode (PM-4 queue I-2/I-5).
records/creatures/enemies/devotion/aetherialcolossus_h04.dbr,1,0,1,0,107|108,107,108,records/creatures/enemies/bios/bio_hero_standard_extrahealth01.dbr,((charLevel*13)^1.50)+20,Hero,sm1,51898.8923,52627.8631,111.0,121.0,armorbase04.dbr[106]=111.0,569330,582590,578672,592063,589052,602589,0.0,NO (L-33(b): falsified on camera; band A does not fold it either),records/proxies/poolsdevotiongdx1/devotion_heroes01.dbr,DEVOTION,157|162|167|168,162,109,MEASURED,MEASURED-SET,NOT-IN-SCOPE — Lap D is the LIFE limb of I-1. Band-B monster damage is a separate decode (PM-4 queue I-2/I-5).
records/creatures/enemies/devotion/aetherialcorruption_h01.dbr,1,0,1,0,107|108,107,108,records/creatures/enemies/bios/bio_hero_standard_01.dbr,((charLevel*11)^1.50)-20,Hero,sm1,40359.8493,40927.2425,111.0,121.0,armorbase03.dbr[106]=111.0,442747,453064,450012,460431,458084,468616,0.0,NO (L-33(b): falsified on camera; band A does not fold it either),records/proxies/poolsdevotiongdx1/devotion_heroes02.dbr,DEVOTION,157|162|167|168,167,109,MEASURED,MEASURED-SET,NOT-IN-SCOPE — Lap D is the LIFE limb of I-1. Band-B monster damage is a separate decode (PM-4 queue I-2/I-5).
records/creatures/enemies/devotion/aetherialcorruption_h02.dbr,0,0,1,0,107|108,107,108,records/creatures/enemies/bios/bio_hero_standard_01.dbr,((charLevel*11)^1.50)-20,Hero,sm1,40359.8493,40927.2425,111.0,121.0,armorbase03.dbr[106]=111.0,442747,453064,450012,460431,458084,468616,0.0,NO (L-33(b): falsified on camera; band A does not fold it either),records/proxies/poolsdevotiongdx1/devotion_heroes02.dbr,DEVOTION,157|162|167|168,,,MEASURED,MEASURED-SET,NOT-IN-SCOPE — Lap D is the LIFE limb of I-1. Band-B monster damage is a separate decode (PM-4 queue I-2/I-5).
records/creatures/enemies/devotion/aetherialcorruption_h03.dbr,1,0,1,0,107|108,107,108,records/creatures/enemies/bios/bio_hero_standard_01.dbr,((charLevel*11)^1.50)-20,Hero,sm1,40359.8493,40927.2425,111.0,121.0,armorbase03.dbr[106]=111.0,442747,453064,450012,460431,458084,468616,0.0,NO (L-33(b): falsified on camera; band A does not fold it either),records/proxies/poolsdevotiongdx1/devotion_heroes02.dbr,DEVOTION,157|162|167|168,167,109,MEASURED,MEASURED-SET,NOT-IN-SCOPE — Lap D is the LIFE limb of I-1. Band-B monster damage is a separate decode (PM-4 queue I-2/I-5).
records/creatures/enemies/devotion/aetherialcorruption_h04.dbr,1,0,1,0,107|108,107,108,records/creatures/enemies/bios/bio_hero_standard_01.dbr,((charLevel*11)^1.50)-20,Hero,sm1,40359.8493,40927.2425,111.0,121.0,armorbase03.dbr[106]=111.0,442747,453064,450012,460431,458084,468616,0.0,NO (L-33(b): falsified on camera; band A does not fold it either),records/proxies/poolsdevotiongdx1/devotion_heroes02.dbr,DEVOTION,157|162|167|168,167,109,MEASURED,MEASURED-SET,NOT-IN-SCOPE — Lap D is the LIFE limb of I-1. Band-B monster damage is a separate decode (PM-4 queue I-2/I-5).
records/creatures/enemies/devotion/aetherialfleshshaper_h01.dbr,0,0,1,0,107|108,107,108,records/creatures/enemies/bios/bio_hero_standard_01.dbr,((charLevel*11)^1.50)-20,Hero,sm1,40359.8493,40927.2425,111.0,121.0,armorbase03.dbr[106]=111.0,442747,453064,450012,460431,458084,468616,0.0,NO (L-33(b): falsified on camera; band A does not fold it either),records/proxies/poolsdevotiongdx1/devotion_heroes02.dbr,DEVOTION,157|162|167|168,,,MEASURED,MEASURED-SET,NOT-IN-SCOPE — Lap D is the LIFE limb of I-1. Band-B monster damage is a separate decode (PM-4 queue I-2/I-5).
records/creatures/enemies/devotion/aetherialfleshshaper_h02.dbr,0,0,1,0,107|108,107,108,records/creatures/enemies/bios/bio_hero_standard_01.dbr,((charLevel*11)^1.50)-20,Hero,sm1,40359.8493,40927.2425,111.0,121.0,armorbase03.dbr[106]=111.0,442747,453064,450012,460431,458084,468616,0.0,NO (L-33(b): falsified on camera; band A does not fold it either),records/proxies/poolsdevotiongdx1/devotion_heroes02.dbr,DEVOTION,157|162|167|168,,,MEASURED,MEASURED-SET,NOT-IN-SCOPE — Lap D is the LIFE limb of I-1. Band-B monster damage is a separate decode (PM-4 queue I-2/I-5).
records/creatures/enemies/devotion/aetherialfleshshaper_h03.dbr,0,0,1,0,107|108,107,108,records/creatures/enemies/bios/bio_hero_standard_01.dbr,((charLevel*11)^1.50)-20,Hero,sm1,40359.8493,40927.2425,111.0,121.0,armorbase03.dbr[106]=111.0,442747,453064,450012,460431,458084,468616,0.0,NO (L-33(b): falsified on camera; band A does not fold it either),records/proxies/poolsdevotiongdx1/devotion_heroes02.dbr,DEVOTION,157|162|167|168,,,MEASURED,MEASURED-SET,NOT-IN-SCOPE — Lap D is the LIFE limb of I-1. Band-B monster damage is a separate decode (PM-4 queue I-2/I-5).
records/creatures/enemies/devotion/aetherialfleshshaper_h04.dbr,0,0,1,0,107|108,107,108,records/creatures/enemies/bios/bio_hero_standard_01.dbr,((charLevel*11)^1.50)-20,Hero,sm1,40359.8493,40927.2425,111.0,121.0,armorbase03.dbr[106]=111.0,442747,453064,450012,460431,458084,468616,0.0,NO (L-33(b): falsified on camera; band A does not fold it either),records/proxies/poolsdevotiongdx1/devotion_heroes02.dbr,DEVOTION,157|162|167|168,,,MEASURED,MEASURED-SET,NOT-IN-SCOPE — Lap D is the LIFE limb of I-1. Band-B monster damage is a separate decode (PM-4 queue I-2/I-5).
records/creatures/enemies/devotion/aetherialphantom_h01.dbr,0,0,1,0,107|108,107,108,records/creatures/enemies/bios/bio_hero_standard_01.dbr,((charLevel*11)^1.50)-20,Hero,sm_mod,40359.8493,40927.2425,111.0,121.0,armorbase03.dbr[106]=111.0,442747,453064,450012,460431,458084,468616,0.0,NO (L-33(b): falsified on camera; band A does not fold it either),records/proxies/poolsdevotion/devotion_heroes01.dbr,DEVOTION,152|158|162,,,MEASURED,MEASURED-SET,NOT-IN-SCOPE — Lap D is the LIFE limb of I-1. Band-B monster damage is a separate decode (PM-4 queue I-2/I-5).
records/creatures/enemies/devotion/aetherialphantom_h02.dbr,0,0,1,0,107|108,107,108,records/creatures/enemies/bios/bio_hero_standard_01.dbr,((charLevel*11)^1.50)-20,Hero,sm_mod,40359.8493,40927.2425,111.0,121.0,armorbase03.dbr[106]=111.0,442747,453064,450012,460431,458084,468616,0.0,NO (L-33(b): falsified on camera; band A does not fold it either),records/proxies/poolsdevotion/devotion_heroes01.dbr,DEVOTION,152|158|162,,,MEASURED,MEASURED-SET,NOT-IN-SCOPE — Lap D is the LIFE limb of I-1. Band-B monster damage is a separate decode (PM-4 queue I-2/I-5).
records/creatures/enemies/devotion/aetherialphantom_h03.dbr,0,0,1,0,107|108,107,108,records/creatures/enemies/bios/bio_hero_standard_01.dbr,((charLevel*11)^1.50)-20,Hero,sm_mod,40359.8493,40927.2425,111.0,121.0,armorbase03.dbr[106]=111.0,442747,453064,450012,460431,458084,468616,0.0,NO (L-33(b): falsified on camera; band A does not fold it either),records/proxies/poolsdevotion/devotion_heroes01.dbr,DEVOTION,152|158|162,,,MEASURED,MEASURED-SET,NOT-IN-SCOPE — Lap D is the LIFE limb of I-1. Band-B monster damage is a separate decode (PM-4 queue I-2/I-5).
records/creatures/enemies/devotion/basilisk_h01.dbr,0,0,1,0,107|108,107,108,records/creatures/enemies/bios/bio_hero_standard_01.dbr,((charLevel*11)^1.50)-20,Hero,sm1,40359.8493,40927.2425,111.0,121.0,armorbase03.dbr[106]=111.0,442747,453064,450012,460431,458084,468616,0.0,NO (L-33(b): falsified on camera; band A does not fold it either),records/proxies/poolsdevotiongdx1/devotion_heroes03.dbr,DEVOTION,157|162|167|168,,,MEASURED,MEASURED-SET,NOT-IN-SCOPE — Lap D is the LIFE limb of I-1. Band-B monster damage is a separate decode (PM-4 queue I-2/I-5).
records/creatures/enemies/devotion/basilisk_h02.dbr,0,0,1,0,107|108,107,108,records/creatures/enemies/bios/bio_hero_standard_01.dbr,((charLevel*11)^1.50)-20,Hero,sm1,40359.8493,40927.2425,111.0,121.0,armorbase03.dbr[106]=111.0,442747,453064,450012,460431,458084,468616,0.0,NO (L-33(b): falsified on camera; band A does not fold it either),records/proxies/poolsdevotiongdx1/devotion_heroes03.dbr,DEVOTION,157|162|167|168,,,MEASURED,MEASURED-SET,NOT-IN-SCOPE — Lap D is the LIFE limb of I-1. Band-B monster damage is a separate decode (PM-4 queue I-2/I-5).
records/creatures/enemies/devotion/basilisk_h03.dbr,0,0,1,0,107|108,107,108,records/creatures/enemies/bios/bio_hero_standard_01.dbr,((charLevel*11)^1.50)-20,Hero,sm1,40359.8493,40927.2425,111.0,121.0,armorbase03.dbr[106]=111.0,442747,453064,450012,460431,458084,468616,0.0,NO (L-33(b): falsified on camera; band A does not fold it either),records/proxies/poolsdevotiongdx1/devotion_heroes03.dbr,DEVOTION,157|162|167|168,,,MEASURED,MEASURED-SET,NOT-IN-SCOPE — Lap D is the LIFE limb of I-1. Band-B monster damage is a separate decode (PM-4 queue I-2/I-5).
records/creatures/enemies/devotion/basilisk_h04.dbr,0,0,1,0,107|108,107,108,records/creatures/enemies/bios/bio_hero_standard_01.dbr,((charLevel*11)^1.50)-20,Hero,sm1,40359.8493,40927.2425,111.0,121.0,armorbase03.dbr[106]=111.0,442747,453064,450012,460431,458084,468616,0.0,NO (L-33(b): falsified on camera; band A does not fold it either),records/proxies/poolsdevotiongdx1/devotion_heroes03.dbr,DEVOTION,157|162|167|168,,,MEASURED,MEASURED-SET,NOT-IN-SCOPE — Lap D is the LIFE limb of I-1. Band-B monster damage is a separate decode (PM-4 queue I-2/I-5).
records/creatures/enemies/devotion/beetle_h01.dbr,0,0,1,0,107|108,107,108,records/creatures/enemies/bios/bio_hero_standard_01.dbr,((charLevel*11)^1.50)-20,Hero,sm2,40359.8493,40927.2425,111.0,121.0,armorbase04.dbr[106]=111.0,442747,453064,450012,460431,458084,468616,0.0,NO (L-33(b): falsified on camera; band A does not fold it either),records/proxies/poolsdevotiongdx2/devotion_heroes01.dbr,DEVOTION,162,,,MEASURED,MEASURED-SET,NOT-IN-SCOPE — Lap D is the LIFE limb of I-1. Band-B monster damage is a separate decode (PM-4 queue I-2/I-5).
records/creatures/enemies/devotion/beetle_h02.dbr,0,0,1,0,107|108,107,108,records/creatures/enemies/bios/bio_hero_standard_01.dbr,((charLevel*11)^1.50)-20,Hero,sm2,40359.8493,40927.2425,111.0,121.0,armorbase04.dbr[106]=111.0,442747,453064,450012,460431,458084,468616,0.0,NO (L-33(b): falsified on camera; band A does not fold it either),records/proxies/poolsdevotiongdx2/devotion_heroes01.dbr,DEVOTION,162,,,MEASURED,MEASURED-SET,NOT-IN-SCOPE — Lap D is the LIFE limb of I-1. Band-B monster damage is a separate decode (PM-4 queue I-2/I-5).
records/creatures/enemies/devotion/beetle_h03.dbr,0,0,1,0,107|108,107,108,records/creatures/enemies/bios/bio_hero_support_01.dbr,((charLevel*8)^1.50)-20,Hero,sm2,25024.4009,25376.3097,111.0,121.0,armorbase04.dbr[106]=111.0,274517,280915,279022,285483,284026,290558,0.0,NO (L-33(b): falsified on camera; band A does not fold it either),records/proxies/poolsdevotiongdx2/devotion_heroes01.dbr,DEVOTION,162,,,MEASURED,MEASURED-SET,NOT-IN-SCOPE — Lap D is the LIFE limb of I-1. Band-B monster damage is a separate decode (PM-4 queue I-2/I-5).
records/creatures/enemies/devotion/beetle_h04.dbr,0,0,1,0,107|108,107,108,records/creatures/enemies/bios/bio_hero_standard_01.dbr,((charLevel*11)^1.50)-20,Hero,sm2,40359.8493,40927.2425,111.0,121.0,armorbase04.dbr[106]=111.0,442747,453064,450012,460431,458084,468616,0.0,NO (L-33(b): falsified on camera; band A does not fold it either),records/proxies/poolsdevotiongdx2/devotion_heroes01.dbr,DEVOTION,162,,,MEASURED,MEASURED-SET,NOT-IN-SCOPE — Lap D is the LIFE limb of I-1. Band-B monster damage is a separate decode (PM-4 queue I-2/I-5).
records/creatures/enemies/devotion/chthoniandevourer_h01.dbr,0,0,1,0,107|108,107,108,records/creatures/enemies/bios/bio_hero_assassin_01.dbr,((charLevel*11)^1.50)-20,Hero,sm_mod,40359.8493,40927.2425,111.0,121.0,armorbase03.dbr[106]=111.0,442747,453064,450012,460431,458084,468616,0.0,NO (L-33(b): falsified on camera; band A does not fold it either),records/proxies/poolsdevotion/devotion_heroes01.dbr,DEVOTION,152|158|162,,,MEASURED,MEASURED-SET,NOT-IN-SCOPE — Lap D is the LIFE limb of I-1. Band-B monster damage is a separate decode (PM-4 queue I-2/I-5).
records/creatures/enemies/devotion/chthoniandevourer_h02.dbr,0,0,1,0,107|108,107,108,records/creatures/enemies/bios/bio_hero_assassin_01.dbr,((charLevel*11)^1.50)-20,Hero,sm_mod,40359.8493,40927.2425,111.0,121.0,armorbase03.dbr[106]=111.0,442747,453064,450012,460431,458084,468616,0.0,NO (L-33(b): falsified on camera; band A does not fold it either),records/proxies/poolsdevotion/devotion_heroes01.dbr,DEVOTION,152|158|162,,,MEASURED,MEASURED-SET,NOT-IN-SCOPE — Lap D is the LIFE limb of I-1. Band-B monster damage is a separate decode (PM-4 queue I-2/I-5).
records/creatures/enemies/devotion/chthoniandevourer_h03.dbr,0,0,1,0,107|108,107,108,records/creatures/enemies/bios/bio_hero_standard_01.dbr,((charLevel*11)^1.50)-20,Hero,sm_mod,40359.8493,40927.2425,111.0,121.0,armorbase03.dbr[106]=111.0,442747,453064,450012,460431,458084,468616,0.0,NO (L-33(b): falsified on camera; band A does not fold it either),records/proxies/poolsdevotion/devotion_heroes01.dbr,DEVOTION,152|158|162,,,MEASURED,MEASURED-SET,NOT-IN-SCOPE — Lap D is the LIFE limb of I-1. Band-B monster damage is a separate decode (PM-4 queue I-2/I-5).
records/creatures/enemies/devotion/chthoniandevourer_h04.dbr,0,0,1,0,107|108,107,108,records/creatures/enemies/bios/bio_hero_standard_01.dbr,((charLevel*11)^1.50)-20,Hero,sm_mod,40359.8493,40927.2425,111.0,121.0,armorbase03.dbr[106]=111.0,442747,453064,450012,460431,458084,468616,0.0,NO (L-33(b): falsified on camera; band A does not fold it either),records/proxies/poolsdevotion/devotion_heroes01.dbr,DEVOTION,152|158|162,,,MEASURED,MEASURED-SET,NOT-IN-SCOPE — Lap D is the LIFE limb of I-1. Band-B monster damage is a separate decode (PM-4 queue I-2/I-5).
records/creatures/enemies/devotion/chthoniandevourer_h05.dbr,0,0,1,0,107|108,107,108,records/creatures/enemies/bios/bio_hero_standard_01.dbr,((charLevel*11)^1.50)-20,Hero,sm_mod,40359.8493,40927.2425,111.0,121.0,armorbase03.dbr[106]=111.0,442747,453064,450012,460431,458084,468616,0.0,NO (L-33(b): falsified on camera; band A does not fold it either),records/proxies/poolsdevotion/devotion_heroes01.dbr,DEVOTION,152|158|162,,,MEASURED,MEASURED-SET,NOT-IN-SCOPE — Lap D is the LIFE limb of I-1. Band-B monster damage is a separate decode (PM-4 queue I-2/I-5).
records/creatures/enemies/devotion/chthoniandevourer_h06.dbr,0,0,1,0,107|108,107,108,records/creatures/enemies/bios/bio_hero_standard_01.dbr,((charLevel*11)^1.50)-20,Hero,sm_mod,40359.8493,40927.2425,111.0,121.0,armorbase03.dbr[106]=111.0,442747,453064,450012,460431,458084,468616,0.0,NO (L-33(b): falsified on camera; band A does not fold it either),records/proxies/poolsdevotion/devotion_heroes01.dbr,DEVOTION,152|158|162,,,MEASURED,MEASURED-SET,NOT-IN-SCOPE — Lap D is the LIFE limb of I-1. Band-B monster damage is a separate decode (PM-4 queue I-2/I-5).
records/creatures/enemies/devotion/chthoniandreadguard_h01.dbr,0,0,1,0,107|108,107,108,records/creatures/enemies/bios/bio_hero_bruiser_01.dbr,((charLevel*13)^1.50)-10,Hero,sm_mod,51868.8923,52597.8631,111.0,121.0,armorbase04.dbr[106]=111.0,569001,582258,578338,591725,588711,602245,0.0,NO (L-33(b): falsified on camera; band A does not fold it either),records/proxies/poolsdevotion/devotion_heroes01.dbr,DEVOTION,152|158|162,,,MEASURED,MEASURED-SET,NOT-IN-SCOPE — Lap D is the LIFE limb of I-1. Band-B monster damage is a separate decode (PM-4 queue I-2/I-5).
records/creatures/enemies/devotion/chthoniandreadguard_h02.dbr,0,0,1,0,107|108,107,108,records/creatures/enemies/bios/bio_hero_assassin_01.dbr,((charLevel*11)^1.50)-20,Hero,sm_mod,40359.8493,40927.2425,111.0,121.0,armorbase04.dbr[106]=111.0,442747,453064,450012,460431,458084,468616,0.0,NO (L-33(b): falsified on camera; band A does not fold it either),records/proxies/poolsdevotion/devotion_heroes01.dbr,DEVOTION,152|158|162,,,MEASURED,MEASURED-SET,NOT-IN-SCOPE — Lap D is the LIFE limb of I-1. Band-B monster damage is a separate decode (PM-4 queue I-2/I-5).
records/creatures/enemies/devotion/chthoniandreadguard_h03.dbr,0,0,1,0,107|108,107,108,records/creatures/enemies/bios/bio_hero_standard_extrahealth01.dbr,((charLevel*13)^1.50)+20,Hero,sm_mod,51898.8923,52627.8631,111.0,121.0,armorbase04.dbr[106]=111.0,569330,582590,578672,592063,589052,602589,0.0,NO (L-33(b): falsified on camera; band A does not fold it either),records/proxies/poolsdevotion/devotion_heroes01.dbr,DEVOTION,152|158|162,,,MEASURED,MEASURED-SET,NOT-IN-SCOPE — Lap D is the LIFE limb of I-1. Band-B monster damage is a separate decode (PM-4 queue I-2/I-5).
records/creatures/enemies/devotion/chthoniandreadguard_h04.dbr,0,0,1,0,107|108,107,108,records/creatures/enemies/bios/bio_hero_standard_extrahealth01.dbr,((charLevel*13)^1.50)+20,Hero,sm_mod,51898.8923,52627.8631,111.0,121.0,armorbase04.dbr[106]=111.0,569330,582590,578672,592063,589052,602589,0.0,NO (L-33(b): falsified on camera; band A does not fold it either),records/proxies/poolsdevotion/devotion_heroes01.dbr,DEVOTION,152|158|162,,,MEASURED,MEASURED-SET,NOT-IN-SCOPE — Lap D is the LIFE limb of I-1. Band-B monster damage is a separate decode (PM-4 queue I-2/I-5).
records/creatures/enemies/devotion/chthoniandreadguard_h05.dbr,0,0,1,0,107|108,107,108,records/creatures/enemies/bios/bio_hero_standard_extrahealth01.dbr,((charLevel*13)^1.50)+20,Hero,sm_mod,51898.8923,52627.8631,111.0,121.0,armorbase04.dbr[106]=111.0,569330,582590,578672,592063,589052,602589,0.0,NO (L-33(b): falsified on camera; band A does not fold it either),records/proxies/poolsdevotion/devotion_heroes01.dbr,DEVOTION,152|158|162,,,MEASURED,MEASURED-SET,NOT-IN-SCOPE — Lap D is the LIFE limb of I-1. Band-B monster damage is a separate decode (PM-4 queue I-2/I-5).
records/creatures/enemies/devotion/chthonianfiend_h01.dbr,0,0,1,0,107|108,107,108,records/creatures/enemies/bios/bio_hero_tank_01.dbr,((charLevel*14)^1.50)+20,Hero,sm_mod,57998.5994,58813.2796,111.0,121.0,armorbase03.dbr[106]=111.0,636244,651063,646684,661649,658284,673412,0.0,NO (L-33(b): falsified on camera; band A does not fold it either),records/proxies/poolsdevotion/devotion_heroes06.dbr,DEVOTION,152|158|162,,,MEASURED,MEASURED-SET,NOT-IN-SCOPE — Lap D is the LIFE limb of I-1. Band-B monster damage is a separate decode (PM-4 queue I-2/I-5).
records/creatures/enemies/devotion/chthonianfiend_h02.dbr,0,0,1,0,107|108,107,108,records/creatures/enemies/bios/bio_hero_bruiser_01.dbr,((charLevel*13)^1.50)-10,Hero,sm_mod,51868.8923,52597.8631,111.0,121.0,armorbase03.dbr[106]=111.0,569001,582258,578338,591725,588711,602245,0.0,NO (L-33(b): falsified on camera; band A does not fold it either),records/proxies/poolsdevotion/devotion_heroes02.dbr,DEVOTION,152|158|162,,,MEASURED,MEASURED-SET,NOT-IN-SCOPE — Lap D is the LIFE limb of I-1. Band-B monster damage is a separate decode (PM-4 queue I-2/I-5).
records/creatures/enemies/devotion/chthonianfiend_h03.dbr,0,0,1,0,107|108,107,108,records/creatures/enemies/bios/bio_hero_standard_01.dbr,((charLevel*11)^1.50)-20,Hero,sm_mod,40359.8493,40927.2425,111.0,121.0,armorbase03.dbr[106]=111.0,442747,453064,450012,460431,458084,468616,0.0,NO (L-33(b): falsified on camera; band A does not fold it either),records/proxies/poolsdevotion/devotion_heroes02.dbr,DEVOTION,152|158|162,,,MEASURED,MEASURED-SET,NOT-IN-SCOPE — Lap D is the LIFE limb of I-1. Band-B monster damage is a separate decode (PM-4 queue I-2/I-5).
records/creatures/enemies/devotion/chthonianfiend_h04.dbr,0,0,1,0,107|108,107,108,records/creatures/enemies/bios/bio_hero_bruiser_01.dbr,((charLevel*13)^1.50)-10,Hero,sm_mod,51868.8923,52597.8631,111.0,121.0,armorbase03.dbr[106]=111.0,569001,582258,578338,591725,588711,602245,0.0,NO (L-33(b): falsified on camera; band A does not fold it either),records/proxies/poolsdevotion/devotion_heroes02.dbr,DEVOTION,152|158|162,,,MEASURED,MEASURED-SET,NOT-IN-SCOPE — Lap D is the LIFE limb of I-1. Band-B monster damage is a separate decode (PM-4 queue I-2/I-5).
records/creatures/enemies/devotion/chthonianfiend_h05.dbr,0,0,1,0,107|108,107,108,records/creatures/enemies/bios/bio_hero_standard_01.dbr,((charLevel*11)^1.50)-20,Hero,sm_mod,40359.8493,40927.2425,111.0,121.0,armorbase03.dbr[106]=111.0,442747,453064,450012,460431,458084,468616,0.0,NO (L-33(b): falsified on camera; band A does not fold it either),records/proxies/poolsdevotion/devotion_heroes02.dbr,DEVOTION,152|158|162,,,MEASURED,MEASURED-SET,NOT-IN-SCOPE — Lap D is the LIFE limb of I-1. Band-B monster damage is a separate decode (PM-4 queue I-2/I-5).
records/creatures/enemies/devotion/chthonianfiend_h06.dbr,0,0,1,0,107|108,107,108,records/creatures/enemies/bios/bio_boss_ballognath_01.dbr,((charLevel*22)^1.5)+100,Hero,sm_mod,114311.4612,115916.2915,111.0,121.0,armorbase04.dbr[106]=111.0,1253996,1283193,1274572,1304058,1297435,1327241,0.0,NO (L-33(b): falsified on camera; band A does not fold it either),records/proxies/poolsdevotion/devotion_heroes02.dbr,DEVOTION,152|158|162,,,MEASURED,MEASURED-SET,NOT-IN-SCOPE — Lap D is the LIFE limb of I-1. Band-B monster damage is a separate decode (PM-4 queue I-2/I-5).
records/creatures/enemies/devotion/chthonianherald_h01.dbr,0,0,1,0,107|108,107,108,records/creatures/enemies/bios/bio_hero_standard_extrahealth01.dbr,((charLevel*13)^1.50)+20,Hero,sm3,51898.8923,52627.8631,111.0,121.0,armorbase04.dbr[106]=111.0,569330,582590,578672,592063,589052,602589,0.0,NO (L-33(b): falsified on camera; band A does not fold it either),records/proxies/poolsdevotiongdx3/devotion_heroes01.dbr,DEVOTION,157|167,,,MEASURED,MEASURED-SET,NOT-IN-SCOPE — Lap D is the LIFE limb of I-1. Band-B monster damage is a separate decode (PM-4 queue I-2/I-5).
records/creatures/enemies/devotion/chthonianherald_h02.dbr,0,0,1,0,107|108,107,108,records/creatures/enemies/bios/bio_hero_standard_extrahealth01.dbr,((charLevel*13)^1.50)+20,Hero,sm3,51898.8923,52627.8631,111.0,121.0,armorbase04.dbr[106]=111.0,569330,582590,578672,592063,589052,602589,0.0,NO (L-33(b): falsified on camera; band A does not fold it either),records/proxies/poolsdevotiongdx3/devotion_heroes01.dbr,DEVOTION,157|167,,,MEASURED,MEASURED-SET,NOT-IN-SCOPE — Lap D is the LIFE limb of I-1. Band-B monster damage is a separate decode (PM-4 queue I-2/I-5).
records/creatures/enemies/devotion/chthonianherald_h03.dbr,0,0,1,0,107|108,107,108,records/creatures/enemies/bios/bio_hero_standard_extrahealth01.dbr,((charLevel*13)^1.50)+20,Hero,sm3,51898.8923,52627.8631,111.0,121.0,armorbase04.dbr[106]=111.0,569330,582590,578672,592063,589052,602589,0.0,NO (L-33(b): falsified on camera; band A does not fold it either),records/proxies/poolsdevotiongdx3/devotion_heroes01.dbr,DEVOTION,157|167,,,MEASURED,MEASURED-SET,NOT-IN-SCOPE — Lap D is the LIFE limb of I-1. Band-B monster damage is a separate decode (PM-4 queue I-2/I-5).
records/creatures/enemies/devotion/chthonianherald_h04.dbr,1,1,1,0,107|108,107,108,records/creatures/enemies/bios/bio_hero_standard_extrahealth01.dbr,((charLevel*13)^1.50)+20,Hero,sm3,51898.8923,52627.8631,111.0,121.0,armorbase04.dbr[106]=111.0,569330,582590,578672,592063,589052,602589,0.0,NO (L-33(b): falsified on camera; band A does not fold it either),records/proxies/poolsdevotiongdx3/devotion_heroes01.dbr,DEVOTION,157|167,157,109,MEASURED,MEASURED-SET,NOT-IN-SCOPE — Lap D is the LIFE limb of I-1. Band-B monster damage is a separate decode (PM-4 queue I-2/I-5).
records/creatures/enemies/devotion/chthonianminion_h01.dbr,0,0,1,0,107|108,107,108,records/creatures/enemies/bios/bio_hero_assassin_01.dbr,((charLevel*11)^1.50)-20,Hero,sm_mod,40359.8493,40927.2425,111.0,121.0,armorbase04.dbr[106]=111.0,442747,453064,450012,460431,458084,468616,0.0,NO (L-33(b): falsified on camera; band A does not fold it either),records/proxies/poolsdevotion/devotion_heroes02.dbr,DEVOTION,152|158|162,,,MEASURED,MEASURED-SET,NOT-IN-SCOPE — Lap D is the LIFE limb of I-1. Band-B monster damage is a separate decode (PM-4 queue I-2/I-5).
records/creatures/enemies/devotion/chthonianminion_h02.dbr,0,0,1,0,107|108,107,108,records/creatures/enemies/bios/bio_hero_support_01.dbr,((charLevel*8)^1.50)-20,Hero,sm_mod,25024.4009,25376.3097,111.0,121.0,armorbase04.dbr[106]=111.0,274517,280915,279022,285483,284026,290558,0.0,NO (L-33(b): falsified on camera; band A does not fold it either),records/proxies/poolsdevotion/devotion_heroes02.dbr,DEVOTION,152|158|162,,,MEASURED,MEASURED-SET,NOT-IN-SCOPE — Lap D is the LIFE limb of I-1. Band-B monster damage is a separate decode (PM-4 queue I-2/I-5).
records/creatures/enemies/devotion/chthonianminion_h03.dbr,0,0,1,0,107|108,107,108,records/creatures/enemies/bios/bio_hero_tank_01.dbr,((charLevel*14)^1.50)+20,Hero,sm_mod,57998.5994,58813.2796,111.0,121.0,armorbase04.dbr[106]=111.0,636244,651063,646684,661649,658284,673412,0.0,NO (L-33(b): falsified on camera; band A does not fold it either),records/proxies/poolsdevotion/devotion_heroes02.dbr,DEVOTION,152|158|162,,,MEASURED,MEASURED-SET,NOT-IN-SCOPE — Lap D is the LIFE limb of I-1. Band-B monster damage is a separate decode (PM-4 queue I-2/I-5).
records/creatures/enemies/devotion/chthonianminion_h04.dbr,0,0,1,0,107|108,107,108,records/creatures/enemies/bios/bio_hero_regenerator_01.dbr,((charLevel*9)^1.50)-20,Hero,sm_mod,29864.0484,30283.9609,111.0,121.0,armorbase04.dbr[106]=111.0,327608,335243,332984,340694,338956,346751,0.0,NO (L-33(b): falsified on camera; band A does not fold it either),records/proxies/poolsdevotion/devotion_heroes02.dbr,DEVOTION,152|158|162,,,MEASURED,MEASURED-SET,NOT-IN-SCOPE — Lap D is the LIFE limb of I-1. Band-B monster damage is a separate decode (PM-4 queue I-2/I-5).
records/creatures/enemies/devotion/chthonianminion_h05.dbr,0,0,1,0,107|108,107,108,records/creatures/enemies/bios/bio_hero_bruiser_01.dbr,((charLevel*13)^1.50)-10,Hero,sm_mod,51868.8923,52597.8631,111.0,121.0,armorbase04.dbr[106]=111.0,569001,582258,578338,591725,588711,602245,0.0,NO (L-33(b): falsified on camera; band A does not fold it either),records/proxies/poolsdevotion/devotion_heroes02.dbr,DEVOTION,152|158|162,,,MEASURED,MEASURED-SET,NOT-IN-SCOPE — Lap D is the LIFE limb of I-1. Band-B monster damage is a separate decode (PM-4 queue I-2/I-5).
records/creatures/enemies/devotion/chthonianminion_h06.dbr,0,0,1,0,107|108,107,108,records/creatures/enemies/bios/bio_hero_support_01.dbr,((charLevel*8)^1.50)-20,Hero,sm_mod,25024.4009,25376.3097,111.0,121.0,armorbase04.dbr[106]=111.0,274517,280915,279022,285483,284026,290558,0.0,NO (L-33(b): falsified on camera; band A does not fold it either),records/proxies/poolsdevotion/devotion_heroes02.dbr,DEVOTION,152|158|162,,,MEASURED,MEASURED-SET,NOT-IN-SCOPE — Lap D is the LIFE limb of I-1. Band-B monster damage is a separate decode (PM-4 queue I-2/I-5).
records/creatures/enemies/devotion/chthonianminion_h07.dbr,0,0,1,0,107|108,107,108,records/creatures/enemies/bios/bio_hero_standard_01.dbr,((charLevel*11)^1.50)-20,Hero,sm_mod,40359.8493,40927.2425,111.0,121.0,armorbase04.dbr[106]=111.0,442747,453064,450012,460431,458084,468616,0.0,NO (L-33(b): falsified on camera; band A does not fold it either),records/proxies/poolsdevotion/devotion_heroes02.dbr,DEVOTION,152|158|162,,,MEASURED,MEASURED-SET,NOT-IN-SCOPE — Lap D is the LIFE limb of I-1. Band-B monster damage is a separate decode (PM-4 queue I-2/I-5).
records/creatures/enemies/devotion/chthonianmonstrosity_h01.dbr,0,0,1,0,107|108,107,108,records/creatures/enemies/bios/bio_hero_standard_extrahealth01.dbr,((charLevel*13)^1.50)+20,Hero,sm_mod,51898.8923,52627.8631,111.0,121.0,armorbase04.dbr[106]=111.0,569330,582590,578672,592063,589052,602589,0.0,NO (L-33(b): falsified on camera; band A does not fold it either),records/proxies/poolsdevotion/devotion_heroes02.dbr,DEVOTION,152|158|162,,,MEASURED,MEASURED-SET,NOT-IN-SCOPE — Lap D is the LIFE limb of I-1. Band-B monster damage is a separate decode (PM-4 queue I-2/I-5).
records/creatures/enemies/devotion/chthonianrylok_h01.dbr,0,0,1,0,107|108,107,108,records/creatures/enemies/bios/bio_hero_standard_extrahealth01.dbr,((charLevel*13)^1.50)+20,Hero,sm1,51898.8923,52627.8631,111.0,121.0,armorbase04.dbr[106]=111.0,569330,582590,578672,592063,589052,602589,0.0,NO (L-33(b): falsified on camera; band A does not fold it either),records/proxies/poolsdevotiongdx1/devotion_heroes03.dbr,DEVOTION,157|162|167|168,,,MEASURED,MEASURED-SET,NOT-IN-SCOPE — Lap D is the LIFE limb of I-1. Band-B monster damage is a separate decode (PM-4 queue I-2/I-5).
records/creatures/enemies/devotion/chthonianrylok_h02.dbr,0,0,1,0,107|108,107,108,records/creatures/enemies/bios/bio_hero_standard_extrahealth01.dbr,((charLevel*13)^1.50)+20,Hero,sm1,51898.8923,52627.8631,111.0,121.0,armorbase04.dbr[106]=111.0,569330,582590,578672,592063,589052,602589,0.0,NO (L-33(b): falsified on camera; band A does not fold it either),records/proxies/poolsdevotiongdx1/devotion_heroes03.dbr,DEVOTION,157|162|167|168,,,MEASURED,MEASURED-SET,NOT-IN-SCOPE — Lap D is the LIFE limb of I-1. Band-B monster damage is a separate decode (PM-4 queue I-2/I-5).
records/creatures/enemies/devotion/chthonianrylok_h03.dbr,0,0,1,0,107|108,107,108,records/creatures/enemies/bios/bio_hero_standard_extrahealth01.dbr,((charLevel*13)^1.50)+20,Hero,sm1,51898.8923,52627.8631,111.0,121.0,armorbase04.dbr[106]=111.0,569330,582590,578672,592063,589052,602589,0.0,NO (L-33(b): falsified on camera; band A does not fold it either),records/proxies/poolsdevotiongdx1/devotion_heroes03.dbr,DEVOTION,157|162|167|168,,,MEASURED,MEASURED-SET,NOT-IN-SCOPE — Lap D is the LIFE limb of I-1. Band-B monster damage is a separate decode (PM-4 queue I-2/I-5).
records/creatures/enemies/devotion/chthonianrylok_h04.dbr,0,0,1,0,107|108,107,108,records/creatures/enemies/bios/bio_hero_standard_extrahealth01.dbr,((charLevel*13)^1.50)+20,Hero,sm1,51898.8923,52627.8631,111.0,121.0,armorbase04.dbr[106]=111.0,569330,582590,578672,592063,589052,602589,0.0,NO (L-33(b): falsified on camera; band A does not fold it either),records/proxies/poolsdevotiongdx1/devotion_heroes03.dbr,DEVOTION,157|162|167|168,,,MEASURED,MEASURED-SET,NOT-IN-SCOPE — Lap D is the LIFE limb of I-1. Band-B monster damage is a separate decode (PM-4 queue I-2/I-5).
records/creatures/enemies/devotion/chthonianservitor_h01.dbr,1,0,1,0,107|108,107,108,records/creatures/enemies/bios/bio_hero_standard_01.dbr,((charLevel*11)^1.50)-20,Hero,sm1,40359.8493,40927.2425,111.0,121.0,armorbase04.dbr[106]=111.0,442747,453064,450012,460431,458084,468616,0.0,NO (L-33(b): falsified on camera; band A does not fold it either),records/proxies/poolsdevotiongdx1/devotion_heroes01.dbr,DEVOTION,157|162|167|168,162,109,MEASURED,MEASURED-SET,NOT-IN-SCOPE — Lap D is the LIFE limb of I-1. Band-B monster damage is a separate decode (PM-4 queue I-2/I-5).
records/creatures/enemies/devotion/chthonianservitor_h02.dbr,1,0,1,0,107|108,107,108,records/creatures/enemies/bios/bio_hero_standard_01.dbr,((charLevel*11)^1.50)-20,Hero,sm1,40359.8493,40927.2425,111.0,121.0,armorbase04.dbr[106]=111.0,442747,453064,450012,460431,458084,468616,0.0,NO (L-33(b): falsified on camera; band A does not fold it either),records/proxies/poolsdevotiongdx1/devotion_heroes01.dbr,DEVOTION,157|162|167|168,168,109,MEASURED,MEASURED-SET,NOT-IN-SCOPE — Lap D is the LIFE limb of I-1. Band-B monster damage is a separate decode (PM-4 queue I-2/I-5).
records/creatures/enemies/devotion/chthonianservitor_h03.dbr,1,0,1,0,107|108,107,108,records/creatures/enemies/bios/bio_hero_standard_01.dbr,((charLevel*11)^1.50)-20,Hero,sm1,40359.8493,40927.2425,111.0,121.0,armorbase04.dbr[106]=111.0,442747,453064,450012,460431,458084,468616,0.0,NO (L-33(b): falsified on camera; band A does not fold it either),records/proxies/poolsdevotiongdx1/devotion_heroes01.dbr,DEVOTION,157|162|167|168,168,109,MEASURED,MEASURED-SET,NOT-IN-SCOPE — Lap D is the LIFE limb of I-1. Band-B monster damage is a separate decode (PM-4 queue I-2/I-5).
records/creatures/enemies/devotion/chthonianservitor_h04.dbr,0,0,1,0,107|108,107,108,records/creatures/enemies/bios/bio_hero_standard_01.dbr,((charLevel*11)^1.50)-20,Hero,sm1,40359.8493,40927.2425,111.0,121.0,armorbase04.dbr[106]=111.0,442747,453064,450012,460431,458084,468616,0.0,NO (L-33(b): falsified on camera; band A does not fold it either),records/proxies/poolsdevotiongdx1/devotion_heroes01.dbr,DEVOTION,157|162|167|168,,,MEASURED,MEASURED-SET,NOT-IN-SCOPE — Lap D is the LIFE limb of I-1. Band-B monster damage is a separate decode (PM-4 queue I-2/I-5).
records/creatures/enemies/devotion/dranghoul_h01.dbr,0,0,1,0,107|108,107,108,records/creatures/enemies/bios/bio_hero_assassin_01.dbr,((charLevel*11)^1.50)-20,Hero,sm3,40359.8493,40927.2425,111.0,121.0,armorbase04.dbr[106]=111.0,442747,453064,450012,460431,458084,468616,100.0,NO (L-33(b): falsified on camera; band A does not fold it either),records/proxies/poolsdevotiongdx3/devotion_heroes01.dbr|records/proxies/poolsdevotiongdx3/devotion_heroes03.dbr,DEVOTION,157|167,,,MEASURED,MEASURED-SET,NOT-IN-SCOPE — Lap D is the LIFE limb of I-1. Band-B monster damage is a separate decode (PM-4 queue I-2/I-5).
records/creatures/enemies/devotion/dranghoul_h02.dbr,1,1,1,0,107|108,107,108,records/creatures/enemies/bios/bio_hero_standard_01.dbr,((charLevel*11)^1.50)-20,Hero,sm3,40359.8493,40927.2425,111.0,121.0,armorbase04.dbr[106]=111.0,442747,453064,450012,460431,458084,468616,100.0,NO (L-33(b): falsified on camera; band A does not fold it either),records/proxies/poolsdevotiongdx3/devotion_heroes01.dbr|records/proxies/poolsdevotiongdx3/devotion_heroes03.dbr,DEVOTION,157|167,157,109,MEASURED,MEASURED-SET,NOT-IN-SCOPE — Lap D is the LIFE limb of I-1. Band-B monster damage is a separate decode (PM-4 queue I-2/I-5).
records/creatures/enemies/devotion/dranghoul_h03.dbr,0,0,1,0,107|108,107,108,records/creatures/enemies/bios/bio_hero_standard_01.dbr,((charLevel*11)^1.50)-20,Hero,sm3,40359.8493,40927.2425,111.0,121.0,armorbase04.dbr[106]=111.0,442747,453064,450012,460431,458084,468616,100.0,NO (L-33(b): falsified on camera; band A does not fold it either),records/proxies/poolsdevotiongdx3/devotion_heroes01.dbr|records/proxies/poolsdevotiongdx3/devotion_heroes03.dbr,DEVOTION,157|167,,,MEASURED,MEASURED-SET,NOT-IN-SCOPE — Lap D is the LIFE limb of I-1. Band-B monster damage is a separate decode (PM-4 queue I-2/I-5).
records/creatures/enemies/devotion/dranghoul_h04.dbr,0,0,1,0,107|108,107,108,records/creatures/enemies/bios/bio_hero_standard_01.dbr,((charLevel*11)^1.50)-20,Hero,sm3,40359.8493,40927.2425,111.0,121.0,armorbase04.dbr[106]=111.0,442747,453064,450012,460431,458084,468616,100.0,NO (L-33(b): falsified on camera; band A does not fold it either),records/proxies/poolsdevotiongdx3/devotion_heroes01.dbr|records/proxies/poolsdevotiongdx3/devotion_heroes03.dbr,DEVOTION,157|167,,,MEASURED,MEASURED-SET,NOT-IN-SCOPE — Lap D is the LIFE limb of I-1. Band-B monster damage is a separate decode (PM-4 queue I-2/I-5).
records/creatures/enemies/devotion/eldritcharmor_h01.dbr,0,0,1,0,107|108,107,108,records/creatures/enemies/bios/bio_hero_assassin_01.dbr,((charLevel*11)^1.50)-20,Hero,sm2,40359.8493,40927.2425,111.0,121.0,armorbase03.dbr[106]=111.0,442747,453064,450012,460431,458084,468616,0.0,NO (L-33(b): falsified on camera; band A does not fold it either),records/proxies/poolsdevotiongdx2/devotion_heroes02.dbr,DEVOTION,162,,,MEASURED,MEASURED-SET,NOT-IN-SCOPE — Lap D is the LIFE limb of I-1. Band-B monster damage is a separate decode (PM-4 queue I-2/I-5).
records/creatures/enemies/devotion/eldritcharmor_h02.dbr,0,0,1,0,107|108,107,108,records/creatures/enemies/bios/bio_hero_standard_01.dbr,((charLevel*11)^1.50)-20,Hero,sm2,40359.8493,40927.2425,111.0,121.0,armorbase03.dbr[106]=111.0,442747,453064,450012,460431,458084,468616,0.0,NO (L-33(b): falsified on camera; band A does not fold it either),records/proxies/poolsdevotiongdx2/devotion_heroes02.dbr,DEVOTION,162,,,MEASURED,MEASURED-SET,NOT-IN-SCOPE — Lap D is the LIFE limb of I-1. Band-B monster damage is a separate decode (PM-4 queue I-2/I-5).
records/creatures/enemies/devotion/eldritcharmor_h03.dbr,0,0,1,0,107|108,107,108,records/creatures/enemies/bios/bio_hero_support_01.dbr,((charLevel*8)^1.50)-20,Hero,sm2,25024.4009,25376.3097,111.0,121.0,armorbase03.dbr[106]=111.0,274517,280915,279022,285483,284026,290558,0.0,NO (L-33(b): falsified on camera; band A does not fold it either),records/proxies/poolsdevotiongdx2/devotion_heroes02.dbr,DEVOTION,162,,,MEASURED,MEASURED-SET,NOT-IN-SCOPE — Lap D is the LIFE limb of I-1. Band-B monster damage is a separate decode (PM-4 queue I-2/I-5).
records/creatures/enemies/devotion/eldritcharmor_h04.dbr,0,0,1,0,107|108,107,108,records/creatures/enemies/bios/bio_hero_standard_01.dbr,((charLevel*11)^1.50)-20,Hero,sm2,40359.8493,40927.2425,111.0,121.0,armorbase03.dbr[106]=111.0,442747,453064,450012,460431,458084,468616,0.0,NO (L-33(b): falsified on camera; band A does not fold it either),records/proxies/poolsdevotiongdx2/devotion_heroes02.dbr,DEVOTION,162,,,MEASURED,MEASURED-SET,NOT-IN-SCOPE — Lap D is the LIFE limb of I-1. Band-B monster damage is a separate decode (PM-4 queue I-2/I-5).
records/creatures/enemies/devotion/eldritchhound_h01.dbr,0,0,1,0,107|108,107,108,records/creatures/enemies/bios/bio_hero_standard_01.dbr,((charLevel*11)^1.50)-20,Hero,sm2,40359.8493,40927.2425,111.0,121.0,armorbase03.dbr[106]=111.0,442747,453064,450012,460431,458084,468616,0.0,NO (L-33(b): falsified on camera; band A does not fold it either),records/proxies/poolsdevotiongdx2/devotion_heroes01.dbr,DEVOTION,162,,,MEASURED,MEASURED-SET,NOT-IN-SCOPE — Lap D is the LIFE limb of I-1. Band-B monster damage is a separate decode (PM-4 queue I-2/I-5).
records/creatures/enemies/devotion/eldritchhound_h02.dbr,0,0,1,0,107|108,107,108,records/creatures/enemies/bios/bio_hero_assassin_01.dbr,((charLevel*11)^1.50)-20,Hero,sm2,40359.8493,40927.2425,111.0,121.0,armorbase03.dbr[106]=111.0,442747,453064,450012,460431,458084,468616,0.0,NO (L-33(b): falsified on camera; band A does not fold it either),records/proxies/poolsdevotiongdx2/devotion_heroes01.dbr,DEVOTION,162,,,MEASURED,MEASURED-SET,NOT-IN-SCOPE — Lap D is the LIFE limb of I-1. Band-B monster damage is a separate decode (PM-4 queue I-2/I-5).
records/creatures/enemies/devotion/eldritchhound_h03.dbr,0,0,1,0,107|108,107,108,records/creatures/enemies/bios/bio_hero_assassin_01.dbr,((charLevel*11)^1.50)-20,Hero,sm2,40359.8493,40927.2425,111.0,121.0,armorbase03.dbr[106]=111.0,442747,453064,450012,460431,458084,468616,0.0,NO (L-33(b): falsified on camera; band A does not fold it either),records/proxies/poolsdevotiongdx2/devotion_heroes01.dbr,DEVOTION,162,,,MEASURED,MEASURED-SET,NOT-IN-SCOPE — Lap D is the LIFE limb of I-1. Band-B monster damage is a separate decode (PM-4 queue I-2/I-5).
records/creatures/enemies/devotion/eldritchhound_h04.dbr,0,0,1,0,107|108,107,108,records/creatures/enemies/bios/bio_hero_standard_01.dbr,((charLevel*11)^1.50)-20,Hero,sm2,40359.8493,40927.2425,111.0,121.0,armorbase03.dbr[106]=111.0,442747,453064,450012,460431,458084,468616,0.0,NO (L-33(b): falsified on camera; band A does not fold it either),records/proxies/poolsdevotiongdx2/devotion_heroes01.dbr,DEVOTION,162,,,MEASURED,MEASURED-SET,NOT-IN-SCOPE — Lap D is the LIFE limb of I-1. Band-B monster damage is a separate decode (PM-4 queue I-2/I-5).
records/creatures/enemies/devotion/eldritchwraith_h01.dbr,0,0,1,0,107|108,107,108,records/creatures/enemies/bios/bio_hero_standard_01.dbr,((charLevel*11)^1.50)-20,Hero,sm2,40359.8493,40927.2425,111.0,121.0,armorbase03.dbr[106]=111.0,442747,453064,450012,460431,458084,468616,0.0,NO (L-33(b): falsified on camera; band A does not fold it either),records/proxies/poolsdevotiongdx2/devotion_heroes02.dbr,DEVOTION,162,,,MEASURED,MEASURED-SET,NOT-IN-SCOPE — Lap D is the LIFE limb of I-1. Band-B monster damage is a separate decode (PM-4 queue I-2/I-5).
records/creatures/enemies/devotion/eldritchwraith_h02.dbr,0,0,1,0,107|108,107,108,records/creatures/enemies/bios/bio_hero_standard_01.dbr,((charLevel*11)^1.50)-20,Hero,sm2,40359.8493,40927.2425,111.0,121.0,armorbase03.dbr[106]=111.0,442747,453064,450012,460431,458084,468616,0.0,NO (L-33(b): falsified on camera; band A does not fold it either),records/proxies/poolsdevotiongdx2/devotion_heroes02.dbr,DEVOTION,162,,,MEASURED,MEASURED-SET,NOT-IN-SCOPE — Lap D is the LIFE limb of I-1. Band-B monster damage is a separate decode (PM-4 queue I-2/I-5).
records/creatures/enemies/devotion/eldritchwraith_h03.dbr,0,0,1,0,107|108,107,108,records/creatures/enemies/bios/bio_hero_standard_01.dbr,((charLevel*11)^1.50)-20,Hero,sm2,40359.8493,40927.2425,111.0,121.0,armorbase03.dbr[106]=111.0,442747,453064,450012,460431,458084,468616,0.0,NO (L-33(b): falsified on camera; band A does not fold it either),records/proxies/poolsdevotiongdx2/devotion_heroes02.dbr,DEVOTION,162,,,MEASURED,MEASURED-SET,NOT-IN-SCOPE — Lap D is the LIFE limb of I-1. Band-B monster damage is a separate decode (PM-4 queue I-2/I-5).
records/creatures/enemies/devotion/eldritchwraith_h04.dbr,0,0,1,0,107|108,107,108,records/creatures/enemies/bios/bio_hero_regenerator_01.dbr,((charLevel*9)^1.50)-20,Hero,sm2,29864.0484,30283.9609,111.0,121.0,armorbase03.dbr[106]=111.0,327608,335243,332984,340694,338956,346751,0.0,NO (L-33(b): falsified on camera; band A does not fold it either),records/proxies/poolsdevotiongdx2/devotion_heroes02.dbr,DEVOTION,162,,,MEASURED,MEASURED-SET,NOT-IN-SCOPE — Lap D is the LIFE limb of I-1. Band-B monster damage is a separate decode (PM-4 queue I-2/I-5).
records/creatures/enemies/devotion/fleshhulk_h01.dbr,0,0,1,0,107|108,107,108,records/creatures/enemies/bios/bio_hero_standard_extrahealth01.dbr,((charLevel*13)^1.50)+20,Hero,sm_mod,51898.8923,52627.8631,111.0,121.0,armorbase04.dbr[106]=111.0,569330,582590,578672,592063,589052,602589,0.0,NO (L-33(b): falsified on camera; band A does not fold it either),records/proxies/poolsdevotion/devotion_heroes06.dbr,DEVOTION,152|158|162,,,MEASURED,MEASURED-SET,NOT-IN-SCOPE — Lap D is the LIFE limb of I-1. Band-B monster damage is a separate decode (PM-4 queue I-2/I-5).
records/creatures/enemies/devotion/fleshhulk_h02.dbr,0,0,1,0,107|108,107,108,records/creatures/enemies/bios/bio_hero_standard_extrahealth01.dbr,((charLevel*13)^1.50)+20,Hero,sm_mod,51898.8923,52627.8631,111.0,121.0,armorbase04.dbr[106]=111.0,569330,582590,578672,592063,589052,602589,0.0,NO (L-33(b): falsified on camera; band A does not fold it either),records/proxies/poolsdevotion/devotion_heroes06.dbr,DEVOTION,152|158|162,,,MEASURED,MEASURED-SET,NOT-IN-SCOPE — Lap D is the LIFE limb of I-1. Band-B monster damage is a separate decode (PM-4 queue I-2/I-5).
records/creatures/enemies/devotion/fleshhulk_h03.dbr,1,0,1,0,107|108,107,108,records/creatures/enemies/bios/bio_hero_standard_extrahealth01.dbr,((charLevel*13)^1.50)+20,Hero,sm_mod,51898.8923,52627.8631,111.0,121.0,armorbase04.dbr[106]=111.0,569330,582590,578672,592063,589052,602589,0.0,NO (L-33(b): falsified on camera; band A does not fold it either),records/proxies/poolsdevotion/devotion_heroes03.dbr,DEVOTION,152|158|162,162,107,MEASURED,MEASURED-SET,NOT-IN-SCOPE — Lap D is the LIFE limb of I-1. Band-B monster damage is a separate decode (PM-4 queue I-2/I-5).
records/creatures/enemies/devotion/fleshhulk_h04.dbr,0,0,1,0,107|108,107,108,records/creatures/enemies/bios/bio_hero_standard_extrahealth01.dbr,((charLevel*13)^1.50)+20,Hero,sm_mod,51898.8923,52627.8631,111.0,121.0,armorbase04.dbr[106]=111.0,569330,582590,578672,592063,589052,602589,0.0,NO (L-33(b): falsified on camera; band A does not fold it either),records/proxies/poolsdevotion/devotion_heroes03.dbr,DEVOTION,152|158|162,,,MEASURED,MEASURED-SET,NOT-IN-SCOPE — Lap D is the LIFE limb of I-1. Band-B monster damage is a separate decode (PM-4 queue I-2/I-5).
records/creatures/enemies/devotion/gargoyle_h01.dbr,0,0,1,0,107|108,107,108,records/creatures/enemies/bios/bio_hero_standard_extrahealth01.dbr,((charLevel*13)^1.50)+20,Hero,sm2,51898.8923,52627.8631,111.0,121.0,armorbase04.dbr[106]=111.0,569330,582590,578672,592063,589052,602589,0.0,NO (L-33(b): falsified on camera; band A does not fold it either),records/proxies/poolsdevotiongdx2/devotion_heroes01.dbr,DEVOTION,162,,,MEASURED,MEASURED-SET,NOT-IN-SCOPE — Lap D is the LIFE limb of I-1. Band-B monster damage is a separate decode (PM-4 queue I-2/I-5).
records/creatures/enemies/devotion/gargoyle_h02.dbr,0,0,1,0,107|108,107,108,records/creatures/enemies/bios/bio_hero_standard_extrahealth01.dbr,((charLevel*13)^1.50)+20,Hero,sm2,51898.8923,52627.8631,111.0,121.0,armorbase04.dbr[106]=111.0,569330,582590,578672,592063,589052,602589,0.0,NO (L-33(b): falsified on camera; band A does not fold it either),records/proxies/poolsdevotiongdx2/devotion_heroes01.dbr,DEVOTION,162,,,MEASURED,MEASURED-SET,NOT-IN-SCOPE — Lap D is the LIFE limb of I-1. Band-B monster damage is a separate decode (PM-4 queue I-2/I-5).
records/creatures/enemies/devotion/gargoyle_h03.dbr,0,0,1,0,107|108,107,108,records/creatures/enemies/bios/bio_hero_standard_extrahealth01.dbr,((charLevel*13)^1.50)+20,Hero,sm2,51898.8923,52627.8631,111.0,121.0,armorbase04.dbr[106]=111.0,569330,582590,578672,592063,589052,602589,0.0,NO (L-33(b): falsified on camera; band A does not fold it either),records/proxies/poolsdevotiongdx2/devotion_heroes01.dbr,DEVOTION,162,,,MEASURED,MEASURED-SET,NOT-IN-SCOPE — Lap D is the LIFE limb of I-1. Band-B monster damage is a separate decode (PM-4 queue I-2/I-5).
records/creatures/enemies/devotion/gargoyle_h04.dbr,0,0,1,0,107|108,107,108,records/creatures/enemies/bios/bio_hero_standard_extrahealth01.dbr,((charLevel*13)^1.50)+20,Hero,sm2,51898.8923,52627.8631,111.0,121.0,armorbase04.dbr[106]=111.0,569330,582590,578672,592063,589052,602589,0.0,NO (L-33(b): falsified on camera; band A does not fold it either),records/proxies/poolsdevotiongdx2/devotion_heroes01.dbr,DEVOTION,162,,,MEASURED,MEASURED-SET,NOT-IN-SCOPE — Lap D is the LIFE limb of I-1. Band-B monster damage is a separate decode (PM-4 queue I-2/I-5).
records/creatures/enemies/devotion/ghost_h01.dbr,1,0,1,0,107|108,107,108,records/creatures/enemies/bios/bio_hero_assassin_01.dbr,((charLevel*11)^1.50)-20,Hero,sm_mod,40359.8493,40927.2425,111.0,121.0,armorbase03.dbr[106]=111.0,442747,453064,450012,460431,458084,468616,0.0,NO (L-33(b): falsified on camera; band A does not fold it either),records/proxies/poolsdevotion/devotion_heroes03.dbr,DEVOTION,152|158|162,162,107,MEASURED,MEASURED-SET,NOT-IN-SCOPE — Lap D is the LIFE limb of I-1. Band-B monster damage is a separate decode (PM-4 queue I-2/I-5).
records/creatures/enemies/devotion/ghost_h02.dbr,1,0,1,0,107|108,107,108,records/creatures/enemies/bios/bio_hero_standard_01.dbr,((charLevel*11)^1.50)-20,Hero,sm_mod,40359.8493,40927.2425,111.0,121.0,armorbase03.dbr[106]=111.0,442747,453064,450012,460431,458084,468616,0.0,NO (L-33(b): falsified on camera; band A does not fold it either),records/proxies/poolsdevotion/devotion_heroes03.dbr,DEVOTION,152|158|162,162,107,MEASURED,MEASURED-SET,NOT-IN-SCOPE — Lap D is the LIFE limb of I-1. Band-B monster damage is a separate decode (PM-4 queue I-2/I-5).
records/creatures/enemies/devotion/ghost_h03.dbr,0,0,1,0,107|108,107,108,records/creatures/enemies/bios/bio_hero_regenerator_01.dbr,((charLevel*9)^1.50)-20,Hero,sm_mod,29864.0484,30283.9609,111.0,121.0,armorbase03.dbr[106]=111.0,327608,335243,332984,340694,338956,346751,0.0,NO (L-33(b): falsified on camera; band A does not fold it either),records/proxies/poolsdevotion/devotion_heroes03.dbr,DEVOTION,152|158|162,,,MEASURED,MEASURED-SET,NOT-IN-SCOPE — Lap D is the LIFE limb of I-1. Band-B monster damage is a separate decode (PM-4 queue I-2/I-5).
records/creatures/enemies/devotion/ghost_h04.dbr,0,0,1,0,107|108,107,108,records/creatures/enemies/bios/bio_hero_standard_01.dbr,((charLevel*11)^1.50)-20,Hero,sm_mod,40359.8493,40927.2425,111.0,121.0,armorbase03.dbr[106]=111.0,442747,453064,450012,460431,458084,468616,0.0,NO (L-33(b): falsified on camera; band A does not fold it either),records/proxies/poolsdevotion/devotion_heroes03.dbr,DEVOTION,152|158|162,,,MEASURED,MEASURED-SET,NOT-IN-SCOPE — Lap D is the LIFE limb of I-1. Band-B monster damage is a separate decode (PM-4 queue I-2/I-5).
records/creatures/enemies/devotion/ghost_h05.dbr,0,0,1,0,107|108,107,108,records/creatures/enemies/bios/bio_hero_assassin_01.dbr,((charLevel*11)^1.50)-20,Hero,sm_mod,40359.8493,40927.2425,111.0,121.0,armorbase03.dbr[106]=111.0,442747,453064,450012,460431,458084,468616,0.0,NO (L-33(b): falsified on camera; band A does not fold it either),records/proxies/poolsdevotion/devotion_heroes03.dbr,DEVOTION,152|158|162,,,MEASURED,MEASURED-SET,NOT-IN-SCOPE — Lap D is the LIFE limb of I-1. Band-B monster damage is a separate decode (PM-4 queue I-2/I-5).
records/creatures/enemies/devotion/ghost_h06.dbr,0,0,1,0,107|108,107,108,records/creatures/enemies/bios/bio_hero_standard_01.dbr,((charLevel*11)^1.50)-20,Hero,sm_mod,40359.8493,40927.2425,111.0,121.0,armorbase03.dbr[106]=111.0,442747,453064,450012,460431,458084,468616,0.0,NO (L-33(b): falsified on camera; band A does not fold it either),records/proxies/poolsdevotion/devotion_heroes03.dbr,DEVOTION,152|158|162,,,MEASURED,MEASURED-SET,NOT-IN-SCOPE — Lap D is the LIFE limb of I-1. Band-B monster damage is a separate decode (PM-4 queue I-2/I-5).
records/creatures/enemies/devotion/ghost_h07.dbr,0,0,1,0,107|108,107,108,records/creatures/enemies/bios/bio_hero_standard_01.dbr,((charLevel*11)^1.50)-20,Hero,sm_mod,40359.8493,40927.2425,111.0,121.0,armorbase03.dbr[106]=111.0,442747,453064,450012,460431,458084,468616,0.0,NO (L-33(b): falsified on camera; band A does not fold it either),records/proxies/poolsdevotion/devotion_heroes03.dbr,DEVOTION,152|158|162,,,MEASURED,MEASURED-SET,NOT-IN-SCOPE — Lap D is the LIFE limb of I-1. Band-B monster damage is a separate decode (PM-4 queue I-2/I-5).
records/creatures/enemies/devotion/ghost_h08.dbr,0,0,1,0,107|108,107,108,records/creatures/enemies/bios/bio_hero_standard_01.dbr,((charLevel*11)^1.50)-20,Hero,sm_mod,40359.8493,40927.2425,111.0,121.0,armorbase03.dbr[106]=111.0,442747,453064,450012,460431,458084,468616,0.0,NO (L-33(b): falsified on camera; band A does not fold it either),records/proxies/poolsdevotion/devotion_heroes03.dbr,DEVOTION,152|158|162,,,MEASURED,MEASURED-SET,NOT-IN-SCOPE — Lap D is the LIFE limb of I-1. Band-B monster damage is a separate decode (PM-4 queue I-2/I-5).
records/creatures/enemies/devotion/ghost_h09.dbr,0,0,1,0,107|108,107,108,records/creatures/enemies/bios/bio_hero_standard_01.dbr,((charLevel*11)^1.50)-20,Hero,sm_mod,40359.8493,40927.2425,111.0,121.0,armorbase03.dbr[106]=111.0,442747,453064,450012,460431,458084,468616,0.0,NO (L-33(b): falsified on camera; band A does not fold it either),records/proxies/poolsdevotion/devotion_heroes03.dbr,DEVOTION,152|158|162,,,MEASURED,MEASURED-SET,NOT-IN-SCOPE — Lap D is the LIFE limb of I-1. Band-B monster damage is a separate decode (PM-4 queue I-2/I-5).
records/creatures/enemies/devotion/gryphonstone_h01.dbr,0,0,1,0,107|108,107,108,records/creatures/enemies/bios/bio_hero_assassin_01.dbr,((charLevel*11)^1.50)-20,Hero,sm2,40359.8493,40927.2425,111.0,121.0,armorbase04.dbr[106]=111.0,442747,453064,450012,460431,458084,468616,0.0,NO (L-33(b): falsified on camera; band A does not fold it either),records/proxies/poolsdevotiongdx2/devotion_heroes02.dbr,DEVOTION,162,,,MEASURED,MEASURED-SET,NOT-IN-SCOPE — Lap D is the LIFE limb of I-1. Band-B monster damage is a separate decode (PM-4 queue I-2/I-5).
records/creatures/enemies/devotion/gryphonstone_h02.dbr,0,0,1,0,107|108,107,108,records/creatures/enemies/bios/bio_hero_standard_01.dbr,((charLevel*11)^1.50)-20,Hero,sm2,40359.8493,40927.2425,111.0,121.0,armorbase04.dbr[106]=111.0,442747,453064,450012,460431,458084,468616,0.0,NO (L-33(b): falsified on camera; band A does not fold it either),records/proxies/poolsdevotiongdx2/devotion_heroes02.dbr,DEVOTION,162,,,MEASURED,MEASURED-SET,NOT-IN-SCOPE — Lap D is the LIFE limb of I-1. Band-B monster damage is a separate decode (PM-4 queue I-2/I-5).
records/creatures/enemies/devotion/gryphonstone_h03.dbr,0,0,1,0,107|108,107,108,records/creatures/enemies/bios/bio_hero_standard_01.dbr,((charLevel*11)^1.50)-20,Hero,sm2,40359.8493,40927.2425,111.0,121.0,armorbase04.dbr[106]=111.0,442747,453064,450012,460431,458084,468616,0.0,NO (L-33(b): falsified on camera; band A does not fold it either),records/proxies/poolsdevotiongdx2/devotion_heroes02.dbr,DEVOTION,162,,,MEASURED,MEASURED-SET,NOT-IN-SCOPE — Lap D is the LIFE limb of I-1. Band-B monster damage is a separate decode (PM-4 queue I-2/I-5).
records/creatures/enemies/devotion/gryphonstone_h04.dbr,0,0,1,0,107|108,107,108,records/creatures/enemies/bios/bio_hero_standard_01.dbr,((charLevel*11)^1.50)-20,Hero,sm2,40359.8493,40927.2425,111.0,121.0,armorbase04.dbr[106]=111.0,442747,453064,450012,460431,458084,468616,0.0,NO (L-33(b): falsified on camera; band A does not fold it either),records/proxies/poolsdevotiongdx2/devotion_heroes02.dbr,DEVOTION,162,,,MEASURED,MEASURED-SET,NOT-IN-SCOPE — Lap D is the LIFE limb of I-1. Band-B monster damage is a separate decode (PM-4 queue I-2/I-5).
records/creatures/enemies/devotion/korvaakascended_h01.dbr,0,0,1,0,107|108,107,108,records/creatures/enemies/bios/bio_hero_standard_extrahealth01.dbr,((charLevel*13)^1.50)+20,Hero,sm2,51898.8923,52627.8631,111.0,121.0,armorbase04.dbr[106]=111.0,569330,582590,578672,592063,589052,602589,100.0,NO (L-33(b): falsified on camera; band A does not fold it either),records/proxies/poolsdevotiongdx2/devotion_heroes01.dbr,DEVOTION,162,,,MEASURED,MEASURED-SET,NOT-IN-SCOPE — Lap D is the LIFE limb of I-1. Band-B monster damage is a separate decode (PM-4 queue I-2/I-5).
records/creatures/enemies/devotion/korvaakascended_h02.dbr,0,0,1,0,107|108,107,108,records/creatures/enemies/bios/bio_hero_standard_extrahealth01.dbr,((charLevel*13)^1.50)+20,Hero,sm2,51898.8923,52627.8631,111.0,121.0,armorbase04.dbr[106]=111.0,569330,582590,578672,592063,589052,602589,100.0,NO (L-33(b): falsified on camera; band A does not fold it either),records/proxies/poolsdevotiongdx2/devotion_heroes01.dbr,DEVOTION,162,,,MEASURED,MEASURED-SET,NOT-IN-SCOPE — Lap D is the LIFE limb of I-1. Band-B monster damage is a separate decode (PM-4 queue I-2/I-5).
records/creatures/enemies/devotion/korvaakascended_h03.dbr,0,0,1,0,107|108,107,108,records/creatures/enemies/bios/bio_hero_support_01.dbr,((charLevel*8)^1.50)-20,Hero,sm2,25024.4009,25376.3097,111.0,121.0,armorbase04.dbr[106]=111.0,274517,280915,279022,285483,284026,290558,100.0,NO (L-33(b): falsified on camera; band A does not fold it either),records/proxies/poolsdevotiongdx2/devotion_heroes02.dbr,DEVOTION,162,,,MEASURED,MEASURED-SET,NOT-IN-SCOPE — Lap D is the LIFE limb of I-1. Band-B monster damage is a separate decode (PM-4 queue I-2/I-5).
records/creatures/enemies/devotion/korvaakascended_h04.dbr,0,0,1,0,107|108,107,108,records/creatures/enemies/bios/bio_hero_standard_extrahealth01.dbr,((charLevel*13)^1.50)+20,Hero,sm2,51898.8923,52627.8631,111.0,121.0,armorbase04.dbr[106]=111.0,569330,582590,578672,592063,589052,602589,100.0,NO (L-33(b): falsified on camera; band A does not fold it either),records/proxies/poolsdevotiongdx2/devotion_heroes02.dbr,DEVOTION,162,,,MEASURED,MEASURED-SET,NOT-IN-SCOPE — Lap D is the LIFE limb of I-1. Band-B monster damage is a separate decode (PM-4 queue I-2/I-5).
records/creatures/enemies/devotion/korvaakservant_h01.dbr,0,0,1,0,107|108,107,108,records/creatures/enemies/bios/bio_hero_standard_01.dbr,((charLevel*11)^1.50)-20,Hero,sm2,40359.8493,40927.2425,111.0,121.0,armorbase04.dbr[106]=111.0,442747,453064,450012,460431,458084,468616,100.0,NO (L-33(b): falsified on camera; band A does not fold it either),records/proxies/poolsdevotiongdx2/devotion_heroes03.dbr,DEVOTION,162,,,MEASURED,MEASURED-SET,NOT-IN-SCOPE — Lap D is the LIFE limb of I-1. Band-B monster damage is a separate decode (PM-4 queue I-2/I-5).
records/creatures/enemies/devotion/korvaakservant_h02.dbr,0,0,1,0,107|108,107,108,records/creatures/enemies/bios/bio_hero_standard_01.dbr,((charLevel*11)^1.50)-20,Hero,sm2,40359.8493,40927.2425,111.0,121.0,armorbase04.dbr[106]=111.0,442747,453064,450012,460431,458084,468616,100.0,NO (L-33(b): falsified on camera; band A does not fold it either),records/proxies/poolsdevotiongdx2/devotion_heroes03.dbr,DEVOTION,162,,,MEASURED,MEASURED-SET,NOT-IN-SCOPE — Lap D is the LIFE limb of I-1. Band-B monster damage is a separate decode (PM-4 queue I-2/I-5).
records/creatures/enemies/devotion/korvaakservant_h03.dbr,0,0,1,0,107|108,107,108,records/creatures/enemies/bios/bio_hero_standard_01.dbr,((charLevel*11)^1.50)-20,Hero,sm2,40359.8493,40927.2425,111.0,121.0,armorbase04.dbr[106]=111.0,442747,453064,450012,460431,458084,468616,100.0,NO (L-33(b): falsified on camera; band A does not fold it either),records/proxies/poolsdevotiongdx2/devotion_heroes03.dbr,DEVOTION,162,,,MEASURED,MEASURED-SET,NOT-IN-SCOPE — Lap D is the LIFE limb of I-1. Band-B monster damage is a separate decode (PM-4 queue I-2/I-5).
records/creatures/enemies/devotion/korvaakservant_h04.dbr,0,0,1,0,107|108,107,108,records/creatures/enemies/bios/bio_hero_standard_01.dbr,((charLevel*11)^1.50)-20,Hero,sm2,40359.8493,40927.2425,111.0,121.0,armorbase04.dbr[106]=111.0,442747,453064,450012,460431,458084,468616,100.0,NO (L-33(b): falsified on camera; band A does not fold it either),records/proxies/poolsdevotiongdx2/devotion_heroes03.dbr,DEVOTION,162,,,MEASURED,MEASURED-SET,NOT-IN-SCOPE — Lap D is the LIFE limb of I-1. Band-B monster damage is a separate decode (PM-4 queue I-2/I-5).
records/creatures/enemies/devotion/prawncave_h01.dbr,0,0,1,0,107|108,107,108,records/creatures/enemies/bios/bio_hero_assassin_01.dbr,((charLevel*11)^1.50)-20,Hero,sm_mod,40359.8493,40927.2425,111.0,121.0,armorbase03.dbr[106]=111.0,442747,453064,450012,460431,458084,468616,0.0,NO (L-33(b): falsified on camera; band A does not fold it either),records/proxies/poolsdevotion/devotion_heroes03.dbr,DEVOTION,152|158|162,,,MEASURED,MEASURED-SET,NOT-IN-SCOPE — Lap D is the LIFE limb of I-1. Band-B monster damage is a separate decode (PM-4 queue I-2/I-5).
records/creatures/enemies/devotion/prawncave_h02.dbr,0,0,1,0,107|108,107,108,records/creatures/enemies/bios/bio_hero_standard_01.dbr,((charLevel*11)^1.50)-20,Hero,sm_mod,40359.8493,40927.2425,111.0,121.0,armorbase03.dbr[106]=111.0,442747,453064,450012,460431,458084,468616,0.0,NO (L-33(b): falsified on camera; band A does not fold it either),records/proxies/poolsdevotion/devotion_heroes03.dbr,DEVOTION,152|158|162,,,MEASURED,MEASURED-SET,NOT-IN-SCOPE — Lap D is the LIFE limb of I-1. Band-B monster damage is a separate decode (PM-4 queue I-2/I-5).
records/creatures/enemies/devotion/prawncave_h03.dbr,0,0,1,0,107|108,107,108,records/creatures/enemies/bios/bio_hero_standard_01.dbr,((charLevel*11)^1.50)-20,Hero,sm_mod,40359.8493,40927.2425,111.0,121.0,armorbase03.dbr[106]=111.0,442747,453064,450012,460431,458084,468616,0.0,NO (L-33(b): falsified on camera; band A does not fold it either),records/proxies/poolsdevotion/devotion_heroes06.dbr,DEVOTION,152|158|162,,,MEASURED,MEASURED-SET,NOT-IN-SCOPE — Lap D is the LIFE limb of I-1. Band-B monster damage is a separate decode (PM-4 queue I-2/I-5).
records/creatures/enemies/devotion/rhino_h01.dbr,0,0,1,0,107|108,107,108,records/creatures/enemies/bios/bio_hero_standard_01.dbr,((charLevel*11)^1.50)-20,Hero,sm3,40359.8493,40927.2425,111.0,121.0,armorbase04.dbr[106]=111.0,442747,453064,450012,460431,458084,468616,0.0,NO (L-33(b): falsified on camera; band A does not fold it either),records/proxies/poolsdevotiongdx3/devotion_heroes01.dbr|records/proxies/poolsdevotiongdx3/devotion_heroes03.dbr,DEVOTION,157|167,,,MEASURED,MEASURED-SET,NOT-IN-SCOPE — Lap D is the LIFE limb of I-1. Band-B monster damage is a separate decode (PM-4 queue I-2/I-5).
records/creatures/enemies/devotion/rhino_h02.dbr,1,1,1,0,107|108,107,108,records/creatures/enemies/bios/bio_hero_standard_01.dbr,((charLevel*11)^1.50)-20,Hero,sm3,40359.8493,40927.2425,111.0,121.0,armorbase04.dbr[106]=111.0,442747,453064,450012,460431,458084,468616,0.0,NO (L-33(b): falsified on camera; band A does not fold it either),records/proxies/poolsdevotiongdx3/devotion_heroes01.dbr|records/proxies/poolsdevotiongdx3/devotion_heroes03.dbr,DEVOTION,157|167,157,109,MEASURED,MEASURED-SET,NOT-IN-SCOPE — Lap D is the LIFE limb of I-1. Band-B monster damage is a separate decode (PM-4 queue I-2/I-5).
records/creatures/enemies/devotion/rhino_h03.dbr,0,0,1,0,107|108,107,108,records/creatures/enemies/bios/bio_hero_standard_01.dbr,((charLevel*11)^1.50)-20,Hero,sm3,40359.8493,40927.2425,111.0,121.0,armorbase04.dbr[106]=111.0,442747,453064,450012,460431,458084,468616,0.0,NO (L-33(b): falsified on camera; band A does not fold it either),records/proxies/poolsdevotiongdx3/devotion_heroes01.dbr|records/proxies/poolsdevotiongdx3/devotion_heroes03.dbr,DEVOTION,157|167,,,MEASURED,MEASURED-SET,NOT-IN-SCOPE — Lap D is the LIFE limb of I-1. Band-B monster damage is a separate decode (PM-4 queue I-2/I-5).
records/creatures/enemies/devotion/rhino_h04.dbr,0,0,1,0,107|108,107,108,records/creatures/enemies/bios/bio_hero_standard_01.dbr,((charLevel*11)^1.50)-20,Hero,sm3,40359.8493,40927.2425,111.0,121.0,armorbase04.dbr[106]=111.0,442747,453064,450012,460431,458084,468616,0.0,NO (L-33(b): falsified on camera; band A does not fold it either),records/proxies/poolsdevotiongdx3/devotion_heroes01.dbr|records/proxies/poolsdevotiongdx3/devotion_heroes03.dbr,DEVOTION,157|167,,,MEASURED,MEASURED-SET,NOT-IN-SCOPE — Lap D is the LIFE limb of I-1. Band-B monster damage is a separate decode (PM-4 queue I-2/I-5).
records/creatures/enemies/devotion/rok_h01.dbr,0,0,1,0,107|108,107,108,records/creatures/enemies/bios/bio_hero_standard_01.dbr,((charLevel*11)^1.50)-20,Hero,sm3,40359.8493,40927.2425,111.0,121.0,armorbase03.dbr[106]=111.0,442747,453064,450012,460431,458084,468616,0.0,NO (L-33(b): falsified on camera; band A does not fold it either),records/proxies/poolsdevotiongdx3/devotion_heroes02.dbr,DEVOTION,157|167,,,MEASURED,MEASURED-SET,NOT-IN-SCOPE — Lap D is the LIFE limb of I-1. Band-B monster damage is a separate decode (PM-4 queue I-2/I-5).
records/creatures/enemies/devotion/rok_h02.dbr,0,0,1,0,107|108,107,108,records/creatures/enemies/bios/bio_hero_standard_01.dbr,((charLevel*11)^1.50)-20,Hero,sm3,40359.8493,40927.2425,111.0,121.0,armorbase03.dbr[106]=111.0,442747,453064,450012,460431,458084,468616,0.0,NO (L-33(b): falsified on camera; band A does not fold it either),records/proxies/poolsdevotiongdx3/devotion_heroes02.dbr,DEVOTION,157|167,,,MEASURED,MEASURED-SET,NOT-IN-SCOPE — Lap D is the LIFE limb of I-1. Band-B monster damage is a separate decode (PM-4 queue I-2/I-5).
records/creatures/enemies/devotion/rok_h03.dbr,0,0,1,0,107|108,107,108,records/creatures/enemies/bios/bio_hero_standard_01.dbr,((charLevel*11)^1.50)-20,Hero,sm3,40359.8493,40927.2425,111.0,121.0,armorbase03.dbr[106]=111.0,442747,453064,450012,460431,458084,468616,0.0,NO (L-33(b): falsified on camera; band A does not fold it either),records/proxies/poolsdevotiongdx3/devotion_heroes02.dbr,DEVOTION,157|167,,,MEASURED,MEASURED-SET,NOT-IN-SCOPE — Lap D is the LIFE limb of I-1. Band-B monster damage is a separate decode (PM-4 queue I-2/I-5).
records/creatures/enemies/devotion/rok_h04.dbr,0,0,1,0,107|108,107,108,records/creatures/enemies/bios/bio_hero_standard_01.dbr,((charLevel*11)^1.50)-20,Hero,sm3,40359.8493,40927.2425,111.0,121.0,armorbase03.dbr[106]=111.0,442747,453064,450012,460431,458084,468616,0.0,NO (L-33(b): falsified on camera; band A does not fold it either),records/proxies/poolsdevotiongdx3/devotion_heroes02.dbr,DEVOTION,157|167,,,MEASURED,MEASURED-SET,NOT-IN-SCOPE — Lap D is the LIFE limb of I-1. Band-B monster damage is a separate decode (PM-4 queue I-2/I-5).
records/creatures/enemies/devotion/scorpion_h01.dbr,0,0,1,0,107|108,107,108,records/creatures/enemies/bios/bio_hero_standard_01.dbr,((charLevel*11)^1.50)-20,Hero,sm2,40359.8493,40927.2425,111.0,121.0,armorbase04.dbr[106]=111.0,442747,453064,450012,460431,458084,468616,0.0,NO (L-33(b): falsified on camera; band A does not fold it either),records/proxies/poolsdevotiongdx2/devotion_heroes03.dbr,DEVOTION,162,,,MEASURED,MEASURED-SET,NOT-IN-SCOPE — Lap D is the LIFE limb of I-1. Band-B monster damage is a separate decode (PM-4 queue I-2/I-5).
records/creatures/enemies/devotion/scorpion_h02.dbr,0,0,1,0,107|108,107,108,records/creatures/enemies/bios/bio_hero_standard_01.dbr,((charLevel*11)^1.50)-20,Hero,sm2,40359.8493,40927.2425,111.0,121.0,armorbase04.dbr[106]=111.0,442747,453064,450012,460431,458084,468616,0.0,NO (L-33(b): falsified on camera; band A does not fold it either),records/proxies/poolsdevotiongdx2/devotion_heroes03.dbr,DEVOTION,162,,,MEASURED,MEASURED-SET,NOT-IN-SCOPE — Lap D is the LIFE limb of I-1. Band-B monster damage is a separate decode (PM-4 queue I-2/I-5).
records/creatures/enemies/devotion/scorpion_h03.dbr,0,0,1,0,107|108,107,108,records/creatures/enemies/bios/bio_hero_assassin_01.dbr,((charLevel*11)^1.50)-20,Hero,sm2,40359.8493,40927.2425,111.0,121.0,armorbase04.dbr[106]=111.0,442747,453064,450012,460431,458084,468616,0.0,NO (L-33(b): falsified on camera; band A does not fold it either),records/proxies/poolsdevotiongdx2/devotion_heroes03.dbr,DEVOTION,162,,,MEASURED,MEASURED-SET,NOT-IN-SCOPE — Lap D is the LIFE limb of I-1. Band-B monster damage is a separate decode (PM-4 queue I-2/I-5).
records/creatures/enemies/devotion/scorpion_h04.dbr,0,0,1,0,107|108,107,108,records/creatures/enemies/bios/bio_hero_assassin_01.dbr,((charLevel*11)^1.50)-20,Hero,sm2,40359.8493,40927.2425,111.0,121.0,armorbase04.dbr[106]=111.0,442747,453064,450012,460431,458084,468616,0.0,NO (L-33(b): falsified on camera; band A does not fold it either),records/proxies/poolsdevotiongdx2/devotion_heroes03.dbr,DEVOTION,162,,,MEASURED,MEASURED-SET,NOT-IN-SCOPE — Lap D is the LIFE limb of I-1. Band-B monster damage is a separate decode (PM-4 queue I-2/I-5).
records/creatures/enemies/devotion/skeletalgolem_h01.dbr,0,0,1,0,107|108,107,108,records/creatures/enemies/bios/bio_hero_standard_extrahealth01.dbr,((charLevel*13)^1.50)+20,Hero,sm_mod,51898.8923,52627.8631,111.0,121.0,armorbase04.dbr[106]=111.0,569330,582590,578672,592063,589052,602589,0.0,NO (L-33(b): falsified on camera; band A does not fold it either),records/proxies/poolsdevotion/devotion_heroes06.dbr,DEVOTION,152|158|162,,,MEASURED,MEASURED-SET,NOT-IN-SCOPE — Lap D is the LIFE limb of I-1. Band-B monster damage is a separate decode (PM-4 queue I-2/I-5).
records/creatures/enemies/devotion/skeletalgolem_h02.dbr,0,0,1,0,107|108,107,108,records/creatures/enemies/bios/bio_hero_standard_extrahealth01.dbr,((charLevel*13)^1.50)+20,Hero,sm_mod,51898.8923,52627.8631,111.0,121.0,armorbase04.dbr[106]=111.0,569330,582590,578672,592063,589052,602589,0.0,NO (L-33(b): falsified on camera; band A does not fold it either),records/proxies/poolsdevotion/devotion_heroes04.dbr,DEVOTION,152|158|162,,,MEASURED,MEASURED-SET,NOT-IN-SCOPE — Lap D is the LIFE limb of I-1. Band-B monster damage is a separate decode (PM-4 queue I-2/I-5).
records/creatures/enemies/devotion/skeletalgolem_h03.dbr,0,0,1,0,107|108,107,108,records/creatures/enemies/bios/bio_hero_standard_extrahealth01.dbr,((charLevel*13)^1.50)+20,Hero,sm_mod,51898.8923,52627.8631,111.0,121.0,armorbase04.dbr[106]=111.0,569330,582590,578672,592063,589052,602589,0.0,NO (L-33(b): falsified on camera; band A does not fold it either),records/proxies/poolsdevotion/devotion_heroes04.dbr,DEVOTION,152|158|162,,,MEASURED,MEASURED-SET,NOT-IN-SCOPE — Lap D is the LIFE limb of I-1. Band-B monster damage is a separate decode (PM-4 queue I-2/I-5).
records/creatures/enemies/devotion/skeletalgolem_h04.dbr,0,0,1,0,107|108,107,108,records/creatures/enemies/bios/bio_hero_standard_extrahealth01.dbr,((charLevel*13)^1.50)+20,Hero,sm_mod,51898.8923,52627.8631,111.0,121.0,armorbase04.dbr[106]=111.0,569330,582590,578672,592063,589052,602589,0.0,NO (L-33(b): falsified on camera; band A does not fold it either),records/proxies/poolsdevotion/devotion_heroes04.dbr,DEVOTION,152|158|162,,,MEASURED,MEASURED-SET,NOT-IN-SCOPE — Lap D is the LIFE limb of I-1. Band-B monster damage is a separate decode (PM-4 queue I-2/I-5).
records/creatures/enemies/devotion/skeletalgolem_h05.dbr,0,0,1,0,107|108,107,108,records/creatures/enemies/bios/bio_hero_standard_extrahealth01.dbr,((charLevel*13)^1.50)+20,Hero,sm_mod,51898.8923,52627.8631,111.0,121.0,armorbase04.dbr[106]=111.0,569330,582590,578672,592063,589052,602589,0.0,NO (L-33(b): falsified on camera; band A does not fold it either),records/proxies/poolsdevotion/devotion_heroes04.dbr,DEVOTION,152|158|162,,,MEASURED,MEASURED-SET,NOT-IN-SCOPE — Lap D is the LIFE limb of I-1. Band-B monster damage is a separate decode (PM-4 queue I-2/I-5).
records/creatures/enemies/devotion/skeleton_h01.dbr,0,0,1,0,107|108,107,108,records/creatures/enemies/bios/bio_hero_assassin_01.dbr,((charLevel*11)^1.50)-20,Hero,sm_mod,40359.8493,40927.2425,111.0,121.0,armorbase03.dbr[106]=111.0,442747,453064,450012,460431,458084,468616,0.0,NO (L-33(b): falsified on camera; band A does not fold it either),records/proxies/poolsdevotion/devotion_heroes04.dbr,DEVOTION,152|158|162,,,MEASURED,MEASURED-SET,NOT-IN-SCOPE — Lap D is the LIFE limb of I-1. Band-B monster damage is a separate decode (PM-4 queue I-2/I-5).
records/creatures/enemies/devotion/skeleton_h02.dbr,0,0,1,0,107|108,107,108,records/creatures/enemies/bios/bio_hero_support_01.dbr,((charLevel*8)^1.50)-20,Hero,sm_mod,25024.4009,25376.3097,111.0,121.0,armorbase03.dbr[106]=111.0,274517,280915,279022,285483,284026,290558,0.0,NO (L-33(b): falsified on camera; band A does not fold it either),records/proxies/poolsdevotion/devotion_heroes04.dbr,DEVOTION,152|158|162,,,MEASURED,MEASURED-SET,NOT-IN-SCOPE — Lap D is the LIFE limb of I-1. Band-B monster damage is a separate decode (PM-4 queue I-2/I-5).
records/creatures/enemies/devotion/skeleton_h03.dbr,0,0,1,0,107|108,107,108,records/creatures/enemies/bios/bio_hero_tank_01.dbr,((charLevel*14)^1.50)+20,Hero,sm_mod,57998.5994,58813.2796,111.0,121.0,armorbase04.dbr[106]=111.0,636244,651063,646684,661649,658284,673412,0.0,NO (L-33(b): falsified on camera; band A does not fold it either),records/proxies/poolsdevotion/devotion_heroes04.dbr,DEVOTION,152|158|162,,,MEASURED,MEASURED-SET,NOT-IN-SCOPE — Lap D is the LIFE limb of I-1. Band-B monster damage is a separate decode (PM-4 queue I-2/I-5).
records/creatures/enemies/devotion/skeleton_h04.dbr,0,0,1,0,107|108,107,108,records/creatures/enemies/bios/bio_hero_standard_01.dbr,((charLevel*11)^1.50)-20,Hero,sm_mod,40359.8493,40927.2425,111.0,121.0,armorbase04.dbr[106]=111.0,442747,453064,450012,460431,458084,468616,0.0,NO (L-33(b): falsified on camera; band A does not fold it either),records/proxies/poolsdevotion/devotion_heroes04.dbr,DEVOTION,152|158|162,,,MEASURED,MEASURED-SET,NOT-IN-SCOPE — Lap D is the LIFE limb of I-1. Band-B monster damage is a separate decode (PM-4 queue I-2/I-5).
records/creatures/enemies/devotion/skeleton_h05.dbr,0,0,1,0,107|108,107,108,records/creatures/enemies/bios/bio_hero_standard_01.dbr,((charLevel*11)^1.50)-20,Hero,sm_mod,40359.8493,40927.2425,111.0,121.0,armorbase04.dbr[106]=111.0,442747,453064,450012,460431,458084,468616,0.0,NO (L-33(b): falsified on camera; band A does not fold it either),records/proxies/poolsdevotion/devotion_heroes04.dbr,DEVOTION,152|158|162,,,MEASURED,MEASURED-SET,NOT-IN-SCOPE — Lap D is the LIFE limb of I-1. Band-B monster damage is a separate decode (PM-4 queue I-2/I-5).
records/creatures/enemies/devotion/skeleton_h06.dbr,1,1,1,0,107|108,107,108,records/creatures/enemies/bios/bio_hero_standard_01.dbr,((charLevel*11)^1.50)-20,Hero,sm_mod,40359.8493,40927.2425,111.0,121.0,armorbase04.dbr[106]=111.0,442747,453064,450012,460431,458084,468616,0.0,NO (L-33(b): falsified on camera; band A does not fold it either),records/proxies/poolsdevotion/devotion_heroes04.dbr,DEVOTION,152|158|162,158,107,MEASURED,MEASURED-SET,NOT-IN-SCOPE — Lap D is the LIFE limb of I-1. Band-B monster damage is a separate decode (PM-4 queue I-2/I-5).
records/creatures/enemies/devotion/skeleton_h07.dbr,0,0,1,0,107|108,107,108,records/creatures/enemies/bios/bio_hero_standard_extrahealth01.dbr,((charLevel*13)^1.50)+20,Hero,sm_mod,51898.8923,52627.8631,111.0,121.0,armorbase04.dbr[106]=111.0,569330,582590,578672,592063,589052,602589,0.0,NO (L-33(b): falsified on camera; band A does not fold it either),records/proxies/poolsdevotion/devotion_heroes04.dbr,DEVOTION,152|158|162,,,MEASURED,MEASURED-SET,NOT-IN-SCOPE — Lap D is the LIFE limb of I-1. Band-B monster damage is a separate decode (PM-4 queue I-2/I-5).
records/creatures/enemies/devotion/skeleton_h08.dbr,1,1,1,0,107|108,107,108,records/creatures/enemies/bios/bio_hero_standard_extrahealth01.dbr,((charLevel*13)^1.50)+20,Hero,sm_mod,51898.8923,52627.8631,111.0,121.0,armorbase03.dbr[106]=111.0,569330,582590,578672,592063,589052,602589,0.0,NO (L-33(b): falsified on camera; band A does not fold it either),records/proxies/poolsdevotion/devotion_heroes04.dbr,DEVOTION,152|158|162,158,107,MEASURED,MEASURED-SET,NOT-IN-SCOPE — Lap D is the LIFE limb of I-1. Band-B monster damage is a separate decode (PM-4 queue I-2/I-5).
records/creatures/enemies/devotion/skeleton_h09.dbr,1,1,1,0,107|108,107,108,records/creatures/enemies/bios/bio_hero_standard_01.dbr,((charLevel*11)^1.50)-20,Hero,sm_mod,40359.8493,40927.2425,111.0,121.0,armorbase04.dbr[106]=111.0,442747,453064,450012,460431,458084,468616,0.0,NO (L-33(b): falsified on camera; band A does not fold it either),records/proxies/poolsdevotion/devotion_heroes04.dbr,DEVOTION,152|158|162,158,107,MEASURED,MEASURED-SET,NOT-IN-SCOPE — Lap D is the LIFE limb of I-1. Band-B monster damage is a separate decode (PM-4 queue I-2/I-5).
records/creatures/enemies/devotion/skeleton_h10.dbr,0,0,1,0,107|108,107,108,records/creatures/enemies/bios/bio_hero_standard_extrahealth01.dbr,((charLevel*13)^1.50)+20,Hero,sm_mod,51898.8923,52627.8631,111.0,121.0,armorbase03.dbr[106]=111.0,569330,582590,578672,592063,589052,602589,0.0,NO (L-33(b): falsified on camera; band A does not fold it either),records/proxies/poolsdevotion/devotion_heroes06.dbr,DEVOTION,152|158|162,,,MEASURED,MEASURED-SET,NOT-IN-SCOPE — Lap D is the LIFE limb of I-1. Band-B monster damage is a separate decode (PM-4 queue I-2/I-5).
records/creatures/enemies/devotion/slith_h01.dbr,0,0,1,0,107|108,107,108,records/creatures/enemies/bios/bio_hero_standard_01.dbr,((charLevel*11)^1.50)-20,Hero,sm_mod,40359.8493,40927.2425,111.0,121.0,armorbase03.dbr[106]=111.0,442747,453064,450012,460431,458084,468616,0.0,NO (L-33(b): falsified on camera; band A does not fold it either),records/proxies/poolsdevotion/devotion_heroes06.dbr,DEVOTION,152|158|162,,,MEASURED,MEASURED-SET,NOT-IN-SCOPE — Lap D is the LIFE limb of I-1. Band-B monster damage is a separate decode (PM-4 queue I-2/I-5).
records/creatures/enemies/devotion/slith_h02.dbr,0,0,1,0,107|108,107,108,records/creatures/enemies/bios/bio_hero_support_01.dbr,((charLevel*8)^1.50)-20,Hero,sm_mod,25024.4009,25376.3097,111.0,121.0,armorbase03.dbr[106]=111.0,274517,280915,279022,285483,284026,290558,0.0,NO (L-33(b): falsified on camera; band A does not fold it either),records/proxies/poolsdevotion/devotion_heroes05.dbr,DEVOTION,152|158|162,,,MEASURED,MEASURED-SET,NOT-IN-SCOPE — Lap D is the LIFE limb of I-1. Band-B monster damage is a separate decode (PM-4 queue I-2/I-5).
records/creatures/enemies/devotion/slith_h03.dbr,0,0,1,0,107|108,107,108,records/creatures/enemies/bios/bio_hero_bruiser_01.dbr,((charLevel*13)^1.50)-10,Hero,sm_mod,51868.8923,52597.8631,111.0,121.0,armorbase03.dbr[106]=111.0,569001,582258,578338,591725,588711,602245,0.0,NO (L-33(b): falsified on camera; band A does not fold it either),records/proxies/poolsdevotion/devotion_heroes05.dbr,DEVOTION,152|158|162,,,MEASURED,MEASURED-SET,NOT-IN-SCOPE — Lap D is the LIFE limb of I-1. Band-B monster damage is a separate decode (PM-4 queue I-2/I-5).
records/creatures/enemies/devotion/slith_h04.dbr,0,0,1,0,107|108,107,108,records/creatures/enemies/bios/bio_hero_support_01.dbr,((charLevel*8)^1.50)-20,Hero,sm_mod,25024.4009,25376.3097,111.0,121.0,armorbase03.dbr[106]=111.0,274517,280915,279022,285483,284026,290558,0.0,NO (L-33(b): falsified on camera; band A does not fold it either),records/proxies/poolsdevotion/devotion_heroes05.dbr,DEVOTION,152|158|162,,,MEASURED,MEASURED-SET,NOT-IN-SCOPE — Lap D is the LIFE limb of I-1. Band-B monster damage is a separate decode (PM-4 queue I-2/I-5).
records/creatures/enemies/devotion/slith_h05.dbr,0,0,1,0,107|108,107,108,records/creatures/enemies/bios/bio_hero_assassin_01.dbr,((charLevel*11)^1.50)-20,Hero,sm_mod,40359.8493,40927.2425,111.0,121.0,armorbase03.dbr[106]=111.0,442747,453064,450012,460431,458084,468616,0.0,NO (L-33(b): falsified on camera; band A does not fold it either),records/proxies/poolsdevotion/devotion_heroes05.dbr,DEVOTION,152|158|162,,,MEASURED,MEASURED-SET,NOT-IN-SCOPE — Lap D is the LIFE limb of I-1. Band-B monster damage is a separate decode (PM-4 queue I-2/I-5).
records/creatures/enemies/devotion/slith_h06.dbr,0,0,1,0,107|108,107,108,records/creatures/enemies/bios/bio_hero_standard_01.dbr,((charLevel*11)^1.50)-20,Hero,sm_mod,40359.8493,40927.2425,111.0,121.0,armorbase03.dbr[106]=111.0,442747,453064,450012,460431,458084,468616,0.0,NO (L-33(b): falsified on camera; band A does not fold it either),records/proxies/poolsdevotion/devotion_heroes05.dbr,DEVOTION,152|158|162,,,MEASURED,MEASURED-SET,NOT-IN-SCOPE — Lap D is the LIFE limb of I-1. Band-B monster damage is a separate decode (PM-4 queue I-2/I-5).
records/creatures/enemies/devotion/slith_h07.dbr,0,0,1,0,107|108,107,108,records/creatures/enemies/bios/bio_hero_standard_01.dbr,((charLevel*11)^1.50)-20,Hero,sm_mod,40359.8493,40927.2425,96.0,102.0,armorbase02.dbr[106]=96.0,436693,445288,443958,452655,452030,460840,0.0,NO (L-33(b): falsified on camera; band A does not fold it either),records/proxies/poolsdevotion/devotion_heroes05.dbr,DEVOTION,152|158|162,,,MEASURED,MEASURED-SET,NOT-IN-SCOPE — Lap D is the LIFE limb of I-1. Band-B monster damage is a separate decode (PM-4 queue I-2/I-5).
records/creatures/enemies/devotion/slith_h08.dbr,0,0,1,0,107|108,107,108,records/creatures/enemies/bios/bio_hero_standard_extrahealth01.dbr,((charLevel*13)^1.50)+20,Hero,sm_mod,51898.8923,52627.8631,96.0,102.0,armorbase02.dbr[106]=96.0,561546,572591,570887,582064,581267,592589,0.0,NO (L-33(b): falsified on camera; band A does not fold it either),records/proxies/poolsdevotion/devotion_heroes05.dbr,DEVOTION,152|158|162,,,MEASURED,MEASURED-SET,NOT-IN-SCOPE — Lap D is the LIFE limb of I-1. Band-B monster damage is a separate decode (PM-4 queue I-2/I-5).
records/creatures/enemies/devotion/spider_cave_h01.dbr,0,0,1,0,107|108,107,108,records/creatures/enemies/bios/bio_hero_standard_01.dbr,((charLevel*11)^1.50)-20,Hero,sm_mod,40359.8493,40927.2425,111.0,121.0,armorbase03.dbr[106]=111.0,442747,453064,450012,460431,458084,468616,0.0,NO (L-33(b): falsified on camera; band A does not fold it either),records/proxies/poolsdevotion/devotion_heroes05.dbr,DEVOTION,152|158|162,,,MEASURED,MEASURED-SET,NOT-IN-SCOPE — Lap D is the LIFE limb of I-1. Band-B monster damage is a separate decode (PM-4 queue I-2/I-5).
records/creatures/enemies/devotion/spider_cave_h02.dbr,0,0,1,0,107|108,107,108,records/creatures/enemies/bios/bio_hero_regenerator_01.dbr,((charLevel*9)^1.50)-20,Hero,sm_mod,29864.0484,30283.9609,111.0,121.0,armorbase03.dbr[106]=111.0,327608,335243,332984,340694,338956,346751,0.0,NO (L-33(b): falsified on camera; band A does not fold it either),records/proxies/poolsdevotion/devotion_heroes05.dbr,DEVOTION,152|158|162,,,MEASURED,MEASURED-SET,NOT-IN-SCOPE — Lap D is the LIFE limb of I-1. Band-B monster damage is a separate decode (PM-4 queue I-2/I-5).
records/creatures/enemies/devotion/spider_cave_h03.dbr,0,0,1,0,107|108,107,108,records/creatures/enemies/bios/bio_hero_assassin_01.dbr,((charLevel*11)^1.50)-20,Hero,sm_mod,40359.8493,40927.2425,111.0,121.0,armorbase03.dbr[106]=111.0,442747,453064,450012,460431,458084,468616,0.0,NO (L-33(b): falsified on camera; band A does not fold it either),records/proxies/poolsdevotion/devotion_heroes05.dbr,DEVOTION,152|158|162,,,MEASURED,MEASURED-SET,NOT-IN-SCOPE — Lap D is the LIFE limb of I-1. Band-B monster damage is a separate decode (PM-4 queue I-2/I-5).
records/creatures/enemies/devotion/statue_h01.dbr,0,0,1,0,107|108,107,108,records/creatures/enemies/bios/bio_hero_standard_extrahealth01.dbr,((charLevel*13)^1.50)+20,Hero,sm2,51898.8923,52627.8631,111.0,121.0,armorbase04.dbr[106]=111.0,569330,582590,578672,592063,589052,602589,0.0,NO (L-33(b): falsified on camera; band A does not fold it either),records/proxies/poolsdevotiongdx2/devotion_heroes03.dbr,DEVOTION,162,,,MEASURED,MEASURED-SET,NOT-IN-SCOPE — Lap D is the LIFE limb of I-1. Band-B monster damage is a separate decode (PM-4 queue I-2/I-5).
records/creatures/enemies/devotion/statue_h02.dbr,0,0,1,0,107|108,107,108,records/creatures/enemies/bios/bio_hero_standard_extrahealth01.dbr,((charLevel*13)^1.50)+20,Hero,sm2,51898.8923,52627.8631,111.0,121.0,armorbase04.dbr[106]=111.0,569330,582590,578672,592063,589052,602589,0.0,NO (L-33(b): falsified on camera; band A does not fold it either),records/proxies/poolsdevotiongdx2/devotion_heroes03.dbr,DEVOTION,162,,,MEASURED,MEASURED-SET,NOT-IN-SCOPE — Lap D is the LIFE limb of I-1. Band-B monster damage is a separate decode (PM-4 queue I-2/I-5).
records/creatures/enemies/devotion/statue_h03.dbr,0,0,1,0,107|108,107,108,records/creatures/enemies/bios/bio_hero_standard_extrahealth01.dbr,((charLevel*13)^1.50)+20,Hero,sm2,51898.8923,52627.8631,111.0,121.0,armorbase04.dbr[106]=111.0,569330,582590,578672,592063,589052,602589,0.0,NO (L-33(b): falsified on camera; band A does not fold it either),records/proxies/poolsdevotiongdx2/devotion_heroes03.dbr,DEVOTION,162,,,MEASURED,MEASURED-SET,NOT-IN-SCOPE — Lap D is the LIFE limb of I-1. Band-B monster damage is a separate decode (PM-4 queue I-2/I-5).
records/creatures/enemies/devotion/statue_h04.dbr,0,0,1,0,107|108,107,108,records/creatures/enemies/bios/bio_hero_standard_extrahealth01.dbr,((charLevel*13)^1.50)+20,Hero,sm2,51898.8923,52627.8631,111.0,121.0,armorbase04.dbr[106]=111.0,569330,582590,578672,592063,589052,602589,0.0,NO (L-33(b): falsified on camera; band A does not fold it either),records/proxies/poolsdevotiongdx2/devotion_heroes03.dbr,DEVOTION,162,,,MEASURED,MEASURED-SET,NOT-IN-SCOPE — Lap D is the LIFE limb of I-1. Band-B monster damage is a separate decode (PM-4 queue I-2/I-5).
records/creatures/enemies/devotion/swampcrab_h01.dbr,0,0,1,0,107|108,107,108,records/creatures/enemies/bios/bio_hero_standard_01.dbr,((charLevel*11)^1.50)-20,Hero,sm1,40359.8493,40927.2425,111.0,121.0,armorbase03.dbr[106]=111.0,442747,453064,450012,460431,458084,468616,0.0,NO (L-33(b): falsified on camera; band A does not fold it either),records/proxies/poolsdevotiongdx1/devotion_heroes01.dbr,DEVOTION,157|162|167|168,,,MEASURED,MEASURED-SET,NOT-IN-SCOPE — Lap D is the LIFE limb of I-1. Band-B monster damage is a separate decode (PM-4 queue I-2/I-5).
records/creatures/enemies/devotion/swampcrab_h02.dbr,0,0,1,0,107|108,107,108,records/creatures/enemies/bios/bio_hero_standard_01.dbr,((charLevel*11)^1.50)-20,Hero,sm1,40359.8493,40927.2425,111.0,121.0,armorbase03.dbr[106]=111.0,442747,453064,450012,460431,458084,468616,0.0,NO (L-33(b): falsified on camera; band A does not fold it either),records/proxies/poolsdevotiongdx1/devotion_heroes01.dbr,DEVOTION,157|162|167|168,,,MEASURED,MEASURED-SET,NOT-IN-SCOPE — Lap D is the LIFE limb of I-1. Band-B monster damage is a separate decode (PM-4 queue I-2/I-5).
records/creatures/enemies/devotion/swampcrab_h03.dbr,0,0,1,0,107|108,107,108,records/creatures/enemies/bios/bio_hero_standard_01.dbr,((charLevel*11)^1.50)-20,Hero,sm1,40359.8493,40927.2425,111.0,121.0,armorbase03.dbr[106]=111.0,442747,453064,450012,460431,458084,468616,0.0,NO (L-33(b): falsified on camera; band A does not fold it either),records/proxies/poolsdevotiongdx1/devotion_heroes02.dbr,DEVOTION,157|162|167|168,,,MEASURED,MEASURED-SET,NOT-IN-SCOPE — Lap D is the LIFE limb of I-1. Band-B monster damage is a separate decode (PM-4 queue I-2/I-5).
records/creatures/enemies/devotion/swampcrab_h04.dbr,0,0,1,0,107|108,107,108,records/creatures/enemies/bios/bio_hero_standard_01.dbr,((charLevel*11)^1.50)-20,Hero,sm1,40359.8493,40927.2425,111.0,121.0,armorbase03.dbr[106]=111.0,442747,453064,450012,460431,458084,468616,0.0,NO (L-33(b): falsified on camera; band A does not fold it either),records/proxies/poolsdevotiongdx1/devotion_heroes02.dbr,DEVOTION,157|162|167|168,,,MEASURED,MEASURED-SET,NOT-IN-SCOPE — Lap D is the LIFE limb of I-1. Band-B monster damage is a separate decode (PM-4 queue I-2/I-5).
records/creatures/enemies/devotion/swampgolem_h01.dbr,0,0,1,0,107|108,107,108,records/creatures/enemies/bios/bio_hero_standard_extrahealth01.dbr,((charLevel*13)^1.50)+20,Hero,sm1,51898.8923,52627.8631,111.0,121.0,armorbase04.dbr[106]=111.0,569330,582590,578672,592063,589052,602589,0.0,NO (L-33(b): falsified on camera; band A does not fold it either),records/proxies/poolsdevotiongdx1/devotion_heroes02.dbr,DEVOTION,157|162|167|168,,,MEASURED,MEASURED-SET,NOT-IN-SCOPE — Lap D is the LIFE limb of I-1. Band-B monster damage is a separate decode (PM-4 queue I-2/I-5).
records/creatures/enemies/devotion/swampgolem_h02.dbr,0,0,1,0,107|108,107,108,records/creatures/enemies/bios/bio_hero_standard_01.dbr,((charLevel*11)^1.50)-20,Hero,sm1,40359.8493,40927.2425,111.0,121.0,armorbase04.dbr[106]=111.0,442747,453064,450012,460431,458084,468616,0.0,NO (L-33(b): falsified on camera; band A does not fold it either),records/proxies/poolsdevotiongdx1/devotion_heroes02.dbr,DEVOTION,157|162|167|168,,,MEASURED,MEASURED-SET,NOT-IN-SCOPE — Lap D is the LIFE limb of I-1. Band-B monster damage is a separate decode (PM-4 queue I-2/I-5).
records/creatures/enemies/devotion/swampgolem_h03.dbr,0,0,1,0,107|108,107,108,records/creatures/enemies/bios/bio_hero_standard_extrahealth01.dbr,((charLevel*13)^1.50)+20,Hero,sm1,51898.8923,52627.8631,111.0,121.0,armorbase04.dbr[106]=111.0,569330,582590,578672,592063,589052,602589,0.0,NO (L-33(b): falsified on camera; band A does not fold it either),records/proxies/poolsdevotiongdx1/devotion_heroes02.dbr,DEVOTION,157|162|167|168,,,MEASURED,MEASURED-SET,NOT-IN-SCOPE — Lap D is the LIFE limb of I-1. Band-B monster damage is a separate decode (PM-4 queue I-2/I-5).
records/creatures/enemies/devotion/swampgolem_h04.dbr,0,0,1,0,107|108,107,108,records/creatures/enemies/bios/bio_hero_standard_extrahealth01.dbr,((charLevel*13)^1.50)+20,Hero,sm1,51898.8923,52627.8631,111.0,121.0,armorbase04.dbr[106]=111.0,569330,582590,578672,592063,589052,602589,0.0,NO (L-33(b): falsified on camera; band A does not fold it either),records/proxies/poolsdevotiongdx1/devotion_heroes02.dbr,DEVOTION,157|162|167|168,,,MEASURED,MEASURED-SET,NOT-IN-SCOPE — Lap D is the LIFE limb of I-1. Band-B monster damage is a separate decode (PM-4 queue I-2/I-5).
records/creatures/enemies/devotion/viper_h01.dbr,0,0,1,0,107|108,107,108,records/creatures/enemies/bios/bio_hero_standard_01.dbr,((charLevel*11)^1.50)-20,Hero,sm2,40359.8493,40927.2425,111.0,121.0,armorbase03.dbr[106]=111.0,442747,453064,450012,460431,458084,468616,0.0,NO (L-33(b): falsified on camera; band A does not fold it either),records/proxies/poolsdevotiongdx2/devotion_heroes03.dbr,DEVOTION,162,,,MEASURED,MEASURED-SET,NOT-IN-SCOPE — Lap D is the LIFE limb of I-1. Band-B monster damage is a separate decode (PM-4 queue I-2/I-5).
records/creatures/enemies/devotion/viper_h02.dbr,0,0,1,0,107|108,107,108,records/creatures/enemies/bios/bio_hero_standard_01.dbr,((charLevel*11)^1.50)-20,Hero,sm2,40359.8493,40927.2425,111.0,121.0,armorbase03.dbr[106]=111.0,442747,453064,450012,460431,458084,468616,0.0,NO (L-33(b): falsified on camera; band A does not fold it either),records/proxies/poolsdevotiongdx2/devotion_heroes03.dbr,DEVOTION,162,,,MEASURED,MEASURED-SET,NOT-IN-SCOPE — Lap D is the LIFE limb of I-1. Band-B monster damage is a separate decode (PM-4 queue I-2/I-5).
records/creatures/enemies/devotion/viper_h03.dbr,0,0,1,0,107|108,107,108,records/creatures/enemies/bios/bio_hero_regenerator_01.dbr,((charLevel*9)^1.50)-20,Hero,sm2,29864.0484,30283.9609,111.0,121.0,armorbase03.dbr[106]=111.0,327608,335243,332984,340694,338956,346751,0.0,NO (L-33(b): falsified on camera; band A does not fold it either),records/proxies/poolsdevotiongdx2/devotion_heroes03.dbr,DEVOTION,162,,,MEASURED,MEASURED-SET,NOT-IN-SCOPE — Lap D is the LIFE limb of I-1. Band-B monster damage is a separate decode (PM-4 queue I-2/I-5).
records/creatures/enemies/devotion/viper_h04.dbr,0,0,1,0,107|108,107,108,records/creatures/enemies/bios/bio_hero_standard_01.dbr,((charLevel*11)^1.50)-20,Hero,sm2,40359.8493,40927.2425,111.0,121.0,armorbase03.dbr[106]=111.0,442747,453064,450012,460431,458084,468616,0.0,NO (L-33(b): falsified on camera; band A does not fold it either),records/proxies/poolsdevotiongdx2/devotion_heroes02.dbr,DEVOTION,162,,,MEASURED,MEASURED-SET,NOT-IN-SCOPE — Lap D is the LIFE limb of I-1. Band-B monster damage is a separate decode (PM-4 queue I-2/I-5).
records/creatures/enemies/devotion/wendigo_h01.dbr,0,0,1,0,107|108,107,108,records/creatures/enemies/bios/bio_hero_standard_extrahealth01.dbr,((charLevel*13)^1.50)+20,Hero,sm1,51898.8923,52627.8631,111.0,121.0,armorbase04.dbr[106]=111.0,569330,582590,578672,592063,589052,602589,0.0,NO (L-33(b): falsified on camera; band A does not fold it either),records/proxies/poolsdevotiongdx1/devotion_heroes03.dbr,DEVOTION,157|162|167|168,,,MEASURED,MEASURED-SET,NOT-IN-SCOPE — Lap D is the LIFE limb of I-1. Band-B monster damage is a separate decode (PM-4 queue I-2/I-5).
records/creatures/enemies/devotion/wendigo_h02.dbr,0,0,1,0,107|108,107,108,records/creatures/enemies/bios/bio_hero_standard_extrahealth01.dbr,((charLevel*13)^1.50)+20,Hero,sm1,51898.8923,52627.8631,111.0,121.0,armorbase04.dbr[106]=111.0,569330,582590,578672,592063,589052,602589,0.0,NO (L-33(b): falsified on camera; band A does not fold it either),records/proxies/poolsdevotiongdx1/devotion_heroes03.dbr,DEVOTION,157|162|167|168,,,MEASURED,MEASURED-SET,NOT-IN-SCOPE — Lap D is the LIFE limb of I-1. Band-B monster damage is a separate decode (PM-4 queue I-2/I-5).
records/creatures/enemies/devotion/wendigo_h03.dbr,0,0,1,0,107|108,107,108,records/creatures/enemies/bios/bio_hero_standard_extrahealth01.dbr,((charLevel*13)^1.50)+20,Hero,sm1,51898.8923,52627.8631,111.0,121.0,armorbase04.dbr[106]=111.0,569330,582590,578672,592063,589052,602589,0.0,NO (L-33(b): falsified on camera; band A does not fold it either),records/proxies/poolsdevotiongdx1/devotion_heroes03.dbr,DEVOTION,157|162|167|168,,,MEASURED,MEASURED-SET,NOT-IN-SCOPE — Lap D is the LIFE limb of I-1. Band-B monster damage is a separate decode (PM-4 queue I-2/I-5).
records/creatures/enemies/devotion/wendigo_h04.dbr,0,0,1,0,107|108,107,108,records/creatures/enemies/bios/bio_hero_standard_extrahealth01.dbr,((charLevel*13)^1.50)+20,Hero,sm1,51898.8923,52627.8631,111.0,121.0,armorbase04.dbr[106]=111.0,569330,582590,578672,592063,589052,602589,0.0,NO (L-33(b): falsified on camera; band A does not fold it either),records/proxies/poolsdevotiongdx1/devotion_heroes03.dbr,DEVOTION,157|162|167|168,,,MEASURED,MEASURED-SET,NOT-IN-SCOPE — Lap D is the LIFE limb of I-1. Band-B monster damage is a separate decode (PM-4 queue I-2/I-5).
records/creatures/enemies/devotion/wight_h01.dbr,0,0,1,0,107|108,107,108,records/creatures/enemies/bios/bio_hero_support_01.dbr,((charLevel*8)^1.50)-20,Hero,sm3,25024.4009,25376.3097,111.0,121.0,armorbase04.dbr[106]=111.0,274517,280915,279022,285483,284026,290558,100.0,NO (L-33(b): falsified on camera; band A does not fold it either),records/proxies/poolsdevotiongdx3/devotion_heroes02.dbr,DEVOTION,157|167,,,MEASURED,MEASURED-SET,NOT-IN-SCOPE — Lap D is the LIFE limb of I-1. Band-B monster damage is a separate decode (PM-4 queue I-2/I-5).
records/creatures/enemies/devotion/wight_h02.dbr,0,0,1,0,107|108,107,108,records/creatures/enemies/bios/bio_hero_standard_01.dbr,((charLevel*11)^1.50)-20,Hero,sm3,40359.8493,40927.2425,111.0,121.0,armorbase04.dbr[106]=111.0,442747,453064,450012,460431,458084,468616,100.0,NO (L-33(b): falsified on camera; band A does not fold it either),records/proxies/poolsdevotiongdx3/devotion_heroes02.dbr,DEVOTION,157|167,,,MEASURED,MEASURED-SET,NOT-IN-SCOPE — Lap D is the LIFE limb of I-1. Band-B monster damage is a separate decode (PM-4 queue I-2/I-5).
records/creatures/enemies/devotion/wight_h03.dbr,0,0,1,0,107|108,107,108,records/creatures/enemies/bios/bio_hero_standard_01.dbr,((charLevel*11)^1.50)-20,Hero,sm3,40359.8493,40927.2425,111.0,121.0,armorbase04.dbr[106]=111.0,442747,453064,450012,460431,458084,468616,100.0,NO (L-33(b): falsified on camera; band A does not fold it either),records/proxies/poolsdevotiongdx3/devotion_heroes02.dbr,DEVOTION,157|167,,,MEASURED,MEASURED-SET,NOT-IN-SCOPE — Lap D is the LIFE limb of I-1. Band-B monster damage is a separate decode (PM-4 queue I-2/I-5).
records/creatures/enemies/devotion/wight_h04.dbr,0,0,1,0,107|108,107,108,records/creatures/enemies/bios/bio_hero_assassin_01.dbr,((charLevel*11)^1.50)-20,Hero,sm3,40359.8493,40927.2425,111.0,121.0,armorbase04.dbr[106]=111.0,442747,453064,450012,460431,458084,468616,100.0,NO (L-33(b): falsified on camera; band A does not fold it either),records/proxies/poolsdevotiongdx3/devotion_heroes02.dbr,DEVOTION,157|167,,,MEASURED,MEASURED-SET,NOT-IN-SCOPE — Lap D is the LIFE limb of I-1. Band-B monster damage is a separate decode (PM-4 queue I-2/I-5).
records/creatures/enemies/devotion/wraith_h01.dbr,0,0,1,0,107|108,107,108,records/creatures/enemies/bios/bio_hero_standard_01.dbr,((charLevel*11)^1.50)-20,Hero,sm1,40359.8493,40927.2425,111.0,121.0,armorbase03.dbr[106]=111.0,442747,453064,450012,460431,458084,468616,0.0,NO (L-33(b): falsified on camera; band A does not fold it either),records/proxies/poolsdevotiongdx1/devotion_heroes03.dbr,DEVOTION,157|162|167|168,,,MEASURED,MEASURED-SET,NOT-IN-SCOPE — Lap D is the LIFE limb of I-1. Band-B monster damage is a separate decode (PM-4 queue I-2/I-5).
records/creatures/enemies/devotion/wraith_h02.dbr,0,0,1,0,107|108,107,108,records/creatures/enemies/bios/bio_hero_standard_01.dbr,((charLevel*11)^1.50)-20,Hero,sm1,40359.8493,40927.2425,111.0,121.0,armorbase03.dbr[106]=111.0,442747,453064,450012,460431,458084,468616,0.0,NO (L-33(b): falsified on camera; band A does not fold it either),records/proxies/poolsdevotiongdx1/devotion_heroes03.dbr,DEVOTION,157|162|167|168,,,MEASURED,MEASURED-SET,NOT-IN-SCOPE — Lap D is the LIFE limb of I-1. Band-B monster damage is a separate decode (PM-4 queue I-2/I-5).
records/creatures/enemies/devotion/wraith_h03.dbr,0,0,1,0,107|108,107,108,records/creatures/enemies/bios/bio_hero_standard_01.dbr,((charLevel*11)^1.50)-20,Hero,sm1,40359.8493,40927.2425,111.0,121.0,armorbase03.dbr[106]=111.0,442747,453064,450012,460431,458084,468616,0.0,NO (L-33(b): falsified on camera; band A does not fold it either),records/proxies/poolsdevotiongdx1/devotion_heroes03.dbr,DEVOTION,157|162|167|168,,,MEASURED,MEASURED-SET,NOT-IN-SCOPE — Lap D is the LIFE limb of I-1. Band-B monster damage is a separate decode (PM-4 queue I-2/I-5).
records/creatures/enemies/devotion/wraith_h04.dbr,0,0,1,0,107|108,107,108,records/creatures/enemies/bios/bio_hero_standard_01.dbr,((charLevel*11)^1.50)-20,Hero,sm1,40359.8493,40927.2425,111.0,121.0,armorbase03.dbr[106]=111.0,442747,453064,450012,460431,458084,468616,0.0,NO (L-33(b): falsified on camera; band A does not fold it either),records/proxies/poolsdevotiongdx1/devotion_heroes02.dbr,DEVOTION,157|162|167|168,,,MEASURED,MEASURED-SET,NOT-IN-SCOPE — Lap D is the LIFE limb of I-1. Band-B monster damage is a separate decode (PM-4 queue I-2/I-5).
records/creatures/enemies/devotion/yetidire_h01.dbr,0,0,1,0,107|108,107,108,records/creatures/enemies/bios/bio_hero_standard_01.dbr,((charLevel*11)^1.50)-20,Hero,sm3,40359.8493,40927.2425,111.0,121.0,armorbase04.dbr[106]=111.0,442747,453064,450012,460431,458084,468616,0.0,NO (L-33(b): falsified on camera; band A does not fold it either),records/proxies/poolsdevotiongdx3/devotion_heroes02.dbr|records/proxies/poolsdevotiongdx3/devotion_heroes03.dbr,DEVOTION,157|167,,,MEASURED,MEASURED-SET,NOT-IN-SCOPE — Lap D is the LIFE limb of I-1. Band-B monster damage is a separate decode (PM-4 queue I-2/I-5).
records/creatures/enemies/devotion/yetidire_h02.dbr,0,0,1,0,107|108,107,108,records/creatures/enemies/bios/bio_hero_standard_01.dbr,((charLevel*11)^1.50)-20,Hero,sm3,40359.8493,40927.2425,111.0,121.0,armorbase04.dbr[106]=111.0,442747,453064,450012,460431,458084,468616,0.0,NO (L-33(b): falsified on camera; band A does not fold it either),records/proxies/poolsdevotiongdx3/devotion_heroes02.dbr|records/proxies/poolsdevotiongdx3/devotion_heroes03.dbr,DEVOTION,157|167,,,MEASURED,MEASURED-SET,NOT-IN-SCOPE — Lap D is the LIFE limb of I-1. Band-B monster damage is a separate decode (PM-4 queue I-2/I-5).
records/creatures/enemies/devotion/yetidire_h03.dbr,0,0,1,0,107|108,107,108,records/creatures/enemies/bios/bio_hero_standard_01.dbr,((charLevel*11)^1.50)-20,Hero,sm3,40359.8493,40927.2425,111.0,121.0,armorbase04.dbr[106]=111.0,442747,453064,450012,460431,458084,468616,0.0,NO (L-33(b): falsified on camera; band A does not fold it either),records/proxies/poolsdevotiongdx3/devotion_heroes02.dbr|records/proxies/poolsdevotiongdx3/devotion_heroes03.dbr,DEVOTION,157|167,,,MEASURED,MEASURED-SET,NOT-IN-SCOPE — Lap D is the LIFE limb of I-1. Band-B monster damage is a separate decode (PM-4 queue I-2/I-5).
records/creatures/enemies/devotion/yetidire_h04.dbr,0,0,1,0,107|108,107,108,records/creatures/enemies/bios/bio_hero_standard_01.dbr,((charLevel*11)^1.50)-20,Hero,sm3,40359.8493,40927.2425,111.0,121.0,armorbase04.dbr[106]=111.0,442747,453064,450012,460431,458084,468616,0.0,NO (L-33(b): falsified on camera; band A does not fold it either),records/proxies/poolsdevotiongdx3/devotion_heroes02.dbr|records/proxies/poolsdevotiongdx3/devotion_heroes03.dbr,DEVOTION,157|167,,,MEASURED,MEASURED-SET,NOT-IN-SCOPE — Lap D is the LIFE limb of I-1. Band-B monster damage is a separate decode (PM-4 queue I-2/I-5).
records/creatures/enemies/devotion/zombie_h01.dbr,0,0,1,0,107|108,107,108,records/creatures/enemies/bios/bio_hero_bruiser_01.dbr,((charLevel*13)^1.50)-10,Hero,sm_mod,51868.8923,52597.8631,111.0,121.0,armorbase03.dbr[106]=111.0,569001,582258,578338,591725,588711,602245,0.0,NO (L-33(b): falsified on camera; band A does not fold it either),records/proxies/poolsdevotion/devotion_heroes06.dbr,DEVOTION,152|158|162,,,MEASURED,MEASURED-SET,NOT-IN-SCOPE — Lap D is the LIFE limb of I-1. Band-B monster damage is a separate decode (PM-4 queue I-2/I-5).
records/creatures/enemies/devotion/zombie_h02.dbr,0,0,1,0,107|108,107,108,records/creatures/enemies/bios/bio_hero_standard_01.dbr,((charLevel*11)^1.50)-20,Hero,sm_mod,40359.8493,40927.2425,111.0,121.0,armorbase03.dbr[106]=111.0,442747,453064,450012,460431,458084,468616,0.0,NO (L-33(b): falsified on camera; band A does not fold it either),records/proxies/poolsdevotion/devotion_heroes06.dbr,DEVOTION,152|158|162,,,MEASURED,MEASURED-SET,NOT-IN-SCOPE — Lap D is the LIFE limb of I-1. Band-B monster damage is a separate decode (PM-4 queue I-2/I-5).
records/creatures/enemies/devotion/zombie_h03.dbr,0,0,1,0,107|108,107,108,records/creatures/enemies/bios/bio_hero_support_01.dbr,((charLevel*8)^1.50)-20,Hero,sm_mod,25024.4009,25376.3097,111.0,121.0,armorbase03.dbr[106]=111.0,274517,280915,279022,285483,284026,290558,0.0,NO (L-33(b): falsified on camera; band A does not fold it either),records/proxies/poolsdevotion/devotion_heroes06.dbr,DEVOTION,152|158|162,,,MEASURED,MEASURED-SET,NOT-IN-SCOPE — Lap D is the LIFE limb of I-1. Band-B monster damage is a separate decode (PM-4 queue I-2/I-5).
records/creatures/enemies/devotion/zombie_h04.dbr,0,0,1,0,107|108,107,108,records/creatures/enemies/bios/bio_hero_standard_01.dbr,((charLevel*11)^1.50)-20,Hero,sm_mod,40359.8493,40927.2425,111.0,121.0,armorbase03.dbr[106]=111.0,442747,453064,450012,460431,458084,468616,0.0,NO (L-33(b): falsified on camera; band A does not fold it either),records/proxies/poolsdevotion/devotion_heroes06.dbr,DEVOTION,152|158|162,,,MEASURED,MEASURED-SET,NOT-IN-SCOPE — Lap D is the LIFE limb of I-1. Band-B monster damage is a separate decode (PM-4 queue I-2/I-5).
records/creatures/enemies/devotion/zombie_h05.dbr,0,0,1,0,107|108,107,108,records/creatures/enemies/bios/bio_hero_support_01.dbr,((charLevel*8)^1.50)-20,Hero,sm_mod,25024.4009,25376.3097,111.0,121.0,armorbase03.dbr[106]=111.0,274517,280915,279022,285483,284026,290558,0.0,NO (L-33(b): falsified on camera; band A does not fold it either),records/proxies/poolsdevotion/devotion_heroes06.dbr,DEVOTION,152|158|162,,,MEASURED,MEASURED-SET,NOT-IN-SCOPE — Lap D is the LIFE limb of I-1. Band-B monster damage is a separate decode (PM-4 queue I-2/I-5).
records/creatures/enemies/devotion/zombiemutated_h01.dbr,0,0,1,0,107|108,107,108,records/creatures/enemies/bios/bio_hero_regenerator_01.dbr,((charLevel*9)^1.50)-20,Hero,sm_mod,29864.0484,30283.9609,111.0,121.0,armorbase03.dbr[106]=111.0,327608,335243,332984,340694,338956,346751,0.0,NO (L-33(b): falsified on camera; band A does not fold it either),records/proxies/poolsdevotion/devotion_heroes05.dbr,DEVOTION,152|158|162,,,MEASURED,MEASURED-SET,NOT-IN-SCOPE — Lap D is the LIFE limb of I-1. Band-B monster damage is a separate decode (PM-4 queue I-2/I-5).
records/creatures/enemies/devotion/zombiemutated_h02.dbr,0,0,1,0,107|108,107,108,records/creatures/enemies/bios/bio_hero_bruiser_01.dbr,((charLevel*13)^1.50)-10,Hero,sm_mod,51868.8923,52597.8631,111.0,121.0,armorbase03.dbr[106]=111.0,569001,582258,578338,591725,588711,602245,0.0,NO (L-33(b): falsified on camera; band A does not fold it either),records/proxies/poolsdevotion/devotion_heroes05.dbr,DEVOTION,152|158|162,,,MEASURED,MEASURED-SET,NOT-IN-SCOPE — Lap D is the LIFE limb of I-1. Band-B monster damage is a separate decode (PM-4 queue I-2/I-5).
records/creatures/enemies/devotion/zombiemutated_h03.dbr,0,0,1,0,107|108,107,108,records/creatures/enemies/bios/bio_hero_standard_01.dbr,((charLevel*11)^1.50)-20,Hero,sm_mod,40359.8493,40927.2425,111.0,121.0,armorbase03.dbr[106]=111.0,442747,453064,450012,460431,458084,468616,0.0,NO (L-33(b): falsified on camera; band A does not fold it either),records/proxies/poolsdevotion/devotion_heroes05.dbr,DEVOTION,152|158|162,,,MEASURED,MEASURED-SET,NOT-IN-SCOPE — Lap D is the LIFE limb of I-1. Band-B monster damage is a separate decode (PM-4 queue I-2/I-5).
records/creatures/enemies/devotion/zombiemutated_h04.dbr,0,0,1,0,107|108,107,108,records/creatures/enemies/bios/bio_hero_standard_01.dbr,((charLevel*11)^1.50)-20,Hero,sm_mod,40359.8493,40927.2425,111.0,121.0,armorbase03.dbr[106]=111.0,442747,453064,450012,460431,458084,468616,0.0,NO (L-33(b): falsified on camera; band A does not fold it either),records/proxies/poolsdevotion/devotion_heroes06.dbr,DEVOTION,152|158|162,,,MEASURED,MEASURED-SET,NOT-IN-SCOPE — Lap D is the LIFE limb of I-1. Band-B monster damage is a separate decode (PM-4 queue I-2/I-5).
records/creatures/enemies/dranghoul_a01.dbr,1,0,1,0,103|104,103,104,records/creatures/enemies/bios/bio_dranghoul_a01.dbr,((charLevel*16)^1.33)+20,Champion,sm3,19011.2297,19256.8482,78.0,86.0,armorbase03.dbr[102]=78.0,202279,206433,205701,209899,209503,213751,0.0,NO (L-33(b): falsified on camera; band A does not fold it either),records/proxies/poolsbasicgdx3/dranghoul_t3.dbr,trash,163,163,109,MEASURED,MEASURED-SET,NOT-IN-SCOPE — Lap D is the LIFE limb of I-1. Band-B monster damage is a separate decode (PM-4 queue I-2/I-5).
records/creatures/enemies/dranghoul_b01.dbr,0,0,1,0,103|104,103,104,records/creatures/enemies/bios/bio_dranghoul_b01.dbr,((charLevel*21)^1.33)+40,Champion,sm3,27306.2348,27658.8762,78.0,86.0,armorbase03.dbr[102]=78.0,290538,296503,295453,301481,300914,307013,100.0,NO (L-33(b): falsified on camera; band A does not fold it either),records/proxies/poolsbasicgdx3/dranghoul_t3.dbr,trash,163,,,MEASURED,MEASURED-SET,NOT-IN-SCOPE — Lap D is the LIFE limb of I-1. Band-B monster damage is a separate decode (PM-4 queue I-2/I-5).
records/creatures/enemies/dranghoul_b02.dbr,1,0,1,0,103|104,103,104,records/creatures/enemies/bios/bio_dranghoul_b02.dbr,((charLevel*21)^1.33)+40,Champion,sm3,27306.2348,27658.8762,78.0,86.0,armorbase03.dbr[102]=78.0,290538,296503,295453,301481,300914,307013,100.0,NO (L-33(b): falsified on camera; band A does not fold it either),records/proxies/poolsbasicgdx3/dranghoul_t3.dbr,trash,163,163,109,MEASURED,MEASURED-SET,NOT-IN-SCOPE — Lap D is the LIFE limb of I-1. Band-B monster damage is a separate decode (PM-4 queue I-2/I-5).
records/creatures/enemies/dranghoul_c01.dbr,1,0,1,0,104|105|106,104,106,records/creatures/enemies/bios/bio_dranghoul_c01.dbr,((charLevel*29)^1.33)+50,Champion,sm3,42477.1323,43565.7164,86.0,103.0,armorbase04.dbr[103]=86.0,455354,474430,463000,482272,471496,490985,100.0,NO (L-33(b): falsified on camera; band A does not fold it either),records/proxies/poolsbasicgdx3/dranghoul_t3.dbr,trash,163,163,109,MEASURED,MEASURED-SET,NOT-IN-SCOPE — Lap D is the LIFE limb of I-1. Band-B monster damage is a separate decode (PM-4 queue I-2/I-5).
records/creatures/enemies/dranghoul_c02.dbr,1,0,1,0,105|106,105,106,records/creatures/enemies/bios/bio_dranghoul_c02.dbr,((charLevel*29)^1.33)+50,Champion,sm3,43020.569,43565.7164,94.0,103.0,armorbase04.dbr[104]=94.0,464622,474430,472365,482272,480969,490985,100.0,NO (L-33(b): falsified on camera; band A does not fold it either),records/proxies/poolsbasicgdx3/dranghoul_t3.dbr,trash,163,163,109,MEASURED,MEASURED-SET,NOT-IN-SCOPE — Lap D is the LIFE limb of I-1. Band-B monster damage is a separate decode (PM-4 queue I-2/I-5).
records/creatures/enemies/eldritcharmor_a01.dbr,1,1,1,0,102|103,102,103,records/creatures/enemies/bios/bio_eldritcharmor_a01.dbr,((charLevel*11)^1.33)+30,Common,sm2,11419.1287,11567.8737,61.0,69.0,armorbase01.dbr[101]=61.0,119558,122041,121613,124123,123897,126436,0.0,NO (L-33(b): falsified on camera; band A does not fold it either),records/proxies/poolsbasicgdx2/eldritcharmor_fire_t3.dbr,trash,154,154,109,MEASURED,MEASURED-SET,NOT-IN-SCOPE — Lap D is the LIFE limb of I-1. Band-B monster damage is a separate decode (PM-4 queue I-2/I-5).
records/creatures/enemies/eldritcharmor_a01_summon.dbr,0,0,0,1,106|107|108,106,108,records/creatures/enemies/bios/bio_eldritcharmor_a01.dbr,((charLevel*11)^1.33)+30,Common,sm2,12016.9604,12318.6978,88.0,102.0,armorbase01.dbr[105]=88.0,129062,134027,131225,136244,133628,138708,0.0,NO (L-33(b): falsified on camera; band A does not fold it either),,,,,,MEASURED,DERIVED-INHERITED,NOT-IN-SCOPE — Lap D is the LIFE limb of I-1. Band-B monster damage is a separate decode (PM-4 queue I-2/I-5).
records/creatures/enemies/eldritcharmor_a02.dbr,1,0,1,0,102|103,102,103,records/creatures/enemies/bios/bio_eldritcharmor_a01.dbr,((charLevel*11)^1.33)+30,Common,sm2,11419.1287,11567.8737,61.0,69.0,armorbase01.dbr[101]=61.0,119558,122041,121613,124123,123897,126436,0.0,NO (L-33(b): falsified on camera; band A does not fold it either),records/proxies/poolsbasicgdx2/eldritcharmor_ice_t3.dbr,trash,167,167,109,MEASURED,MEASURED-SET,NOT-IN-SCOPE — Lap D is the LIFE limb of I-1. Band-B monster damage is a separate decode (PM-4 queue I-2/I-5).
records/creatures/enemies/eldritcharmor_a02_summon.dbr,0,0,0,1,106|107|108,106,108,records/creatures/enemies/bios/bio_eldritcharmor_a01.dbr,((charLevel*11)^1.33)+30,Common,sm2,12016.9604,12318.6978,88.0,102.0,armorbase01.dbr[105]=88.0,129062,134027,131225,136244,133628,138708,0.0,NO (L-33(b): falsified on camera; band A does not fold it either),,,,,,MEASURED,DERIVED-INHERITED,NOT-IN-SCOPE — Lap D is the LIFE limb of I-1. Band-B monster damage is a separate decode (PM-4 queue I-2/I-5).
records/creatures/enemies/eldritcharmor_a03_summon.dbr,0,0,0,1,106|107|108,106,108,records/creatures/enemies/bios/bio_eldritcharmor_a01.dbr,((charLevel*11)^1.33)+30,Common,sm2,12016.9604,12318.6978,88.0,102.0,armorbase01.dbr[105]=88.0,129062,134027,131225,136244,133628,138708,0.0,NO (L-33(b): falsified on camera; band A does not fold it either),,,,,,MEASURED,DERIVED-INHERITED,NOT-IN-SCOPE — Lap D is the LIFE limb of I-1. Band-B monster damage is a separate decode (PM-4 queue I-2/I-5).
records/creatures/enemies/eldritcharmor_b01.dbr,1,1,1,0,103|104,103,104,records/creatures/enemies/bios/bio_eldritcharmor_b01.dbr,((charLevel*14)^1.33)+50,Champion,sm2,15950.9765,16156.628,69.0,74.0,armorbase02.dbr[102]=69.0,168282,171260,171153,174168,174344,177399,0.0,NO (L-33(b): falsified on camera; band A does not fold it either),records/proxies/poolsbasicgdx2/eldritcharmor_fire_t3.dbr|records/proxies/poolsbasicgdx2/eldritcharmor_ice_t3.dbr,trash,154|167,154|167,109,MEASURED,MEASURED-SET,NOT-IN-SCOPE — Lap D is the LIFE limb of I-1. Band-B monster damage is a separate decode (PM-4 queue I-2/I-5).
records/creatures/enemies/eldritcharmor_b01_summon.dbr,0,0,0,1,106|107|108,106,108,records/creatures/enemies/bios/bio_eldritcharmor_b01.dbr,((charLevel*14)^1.33)+50,Champion,sm2,16569.8876,16985.7285,88.0,102.0,armorbase02.dbr[105]=88.0,177960,184804,180943,187862,184257,191259,0.0,NO (L-33(b): falsified on camera; band A does not fold it either),,,,,,MEASURED,DERIVED-INHERITED,NOT-IN-SCOPE — Lap D is the LIFE limb of I-1. Band-B monster damage is a separate decode (PM-4 queue I-2/I-5).
records/creatures/enemies/eldritcharmor_c01.dbr,1,1,1,0,104|105|106,104,106,records/creatures/enemies/bios/bio_eldritcharmor_c01.dbr,((charLevel*18)^1.33)+70,Champion,sm2,22569.1843,23146.4624,86.0,103.0,armorbase03.dbr[103]=86.0,241941,252064,246004,256231,250517,260860,0.0,NO (L-33(b): falsified on camera; band A does not fold it either),records/proxies/poolsbasicgdx2/eldritcharmor_fire_t3.dbr|records/proxies/poolsbasicgdx2/eldritcharmor_ice_t3.dbr,trash,154|167,154|167,109,MEASURED,MEASURED-SET,NOT-IN-SCOPE — Lap D is the LIFE limb of I-1. Band-B monster damage is a separate decode (PM-4 queue I-2/I-5).
records/creatures/enemies/eldritchhound_a01.dbr,0,0,1,0,102|103,102,103,records/creatures/enemies/bios/bio_eldritchhound_a01.dbr,((charLevel*16)^1.33)+20,Common,sm2,18766.3968,19011.2297,61.0,69.0,armorbase02.dbr[101]=61.0,196484,200568,199862,203990,203615,207792,0.0,NO (L-33(b): falsified on camera; band A does not fold it either),records/proxies/poolsbasicgdx2/eldritchhound_t3.dbr,trash,164,,,MEASURED,MEASURED-SET,NOT-IN-SCOPE — Lap D is the LIFE limb of I-1. Band-B monster damage is a separate decode (PM-4 queue I-2/I-5).
records/creatures/enemies/eldritchhound_b01.dbr,0,0,1,0,103|104,103,104,records/creatures/enemies/bios/bio_eldritchhound_b01.dbr,((charLevel*21)^1.33)+40,Champion,sm2,27306.2348,27658.8762,78.0,86.0,armorbase03.dbr[102]=78.0,290538,296503,295453,301481,300914,307013,0.0,NO (L-33(b): falsified on camera; band A does not fold it either),records/proxies/poolsbasicgdx2/eldritchhound_t3.dbr,trash,164,,,MEASURED,MEASURED-SET,NOT-IN-SCOPE — Lap D is the LIFE limb of I-1. Band-B monster damage is a separate decode (PM-4 queue I-2/I-5).
records/creatures/enemies/eldritchhound_b02.dbr,0,0,1,0,103|104,103,104,records/creatures/enemies/bios/bio_eldritchhound_b01.dbr,((charLevel*21)^1.33)+40,Champion,sm2,27306.2348,27658.8762,78.0,86.0,armorbase03.dbr[102]=78.0,290538,296503,295453,301481,300914,307013,0.0,NO (L-33(b): falsified on camera; band A does not fold it either),records/proxies/poolsbasicgdx2/eldritchhound_t3.dbr,trash,164,,,MEASURED,MEASURED-SET,NOT-IN-SCOPE — Lap D is the LIFE limb of I-1. Band-B monster damage is a separate decode (PM-4 queue I-2/I-5).
records/creatures/enemies/eldritchhound_c01.dbr,0,0,1,0,105|106,105,106,records/creatures/enemies/bios/bio_eldritchhound_c01.dbr,((charLevel*29)^1.33)+50,Champion,sm2,43020.569,43565.7164,94.0,103.0,armorbase03.dbr[104]=94.0,464622,474430,472365,482272,480969,490985,0.0,NO (L-33(b): falsified on camera; band A does not fold it either),records/proxies/poolsbasicgdx2/eldritchhound_t3.dbr,trash,164,,,MEASURED,MEASURED-SET,NOT-IN-SCOPE — Lap D is the LIFE limb of I-1. Band-B monster damage is a separate decode (PM-4 queue I-2/I-5).
records/creatures/enemies/eldritchwraith_a01.dbr,0,0,1,0,103|104,103,104,records/creatures/enemies/bios/bio_eldritchwraith_a01.dbr,((charLevel*12)^1.33)+30,Common,sm2,12983.4235,13150.9536,69.0,74.0,armorbase02.dbr[102]=69.0,136975,139400,139312,141767,141908,144397,0.0,NO (L-33(b): falsified on camera; band A does not fold it either),records/proxies/poolsbasicgdx2/eldritchwraith_t3.dbr|records/proxies/poolsbasicgdx2/statue_t3.dbr,trash,155|156|166,,,MEASURED,MEASURED-SET,NOT-IN-SCOPE — Lap D is the LIFE limb of I-1. Band-B monster damage is a separate decode (PM-4 queue I-2/I-5).
records/creatures/enemies/eldritchwraith_b01.dbr,0,0,1,0,103|104|105|106,103,106,records/creatures/enemies/bios/bio_eldritchwraith_b01.dbr,((charLevel*17)^1.33)+30,Champion,sm2,20615.9339,21417.1968,69.0,88.0,armorbase02.dbr[102]=69.0,217498,230020,221208,233875,225332,238159,0.0,NO (L-33(b): falsified on camera; band A does not fold it either),records/proxies/poolsbasicgdx2/eldritchwraith_t3.dbr|records/proxies/poolsbasicgdx2/statue_t3.dbr,trash,155|156|166,,,MEASURED,MEASURED-SET,NOT-IN-SCOPE — Lap D is the LIFE limb of I-1. Band-B monster damage is a separate decode (PM-4 queue I-2/I-5).
records/creatures/enemies/eldritchwraith_c01.dbr,0,0,1,0,104|105|106,104,106,records/creatures/enemies/bios/bio_eldritchwraith_c01.dbr,((charLevel*25)^1.33)+30,Champion,sm2,34856.8787,35750.4575,86.0,103.0,armorbase03.dbr[103]=86.0,373665,389322,379939,395757,386911,402907,0.0,NO (L-33(b): falsified on camera; band A does not fold it either),records/proxies/poolsbasicgdx2/eldritchwraith_t3.dbr,trash,155,,,MEASURED,MEASURED-SET,NOT-IN-SCOPE — Lap D is the LIFE limb of I-1. Band-B monster damage is a separate decode (PM-4 queue I-2/I-5).
records/creatures/enemies/faction/cult_h01.dbr,0,0,1,0,107|108,107,108,records/creatures/enemies/bios/bio_hero_standard_01.dbr,((charLevel*11)^1.50)-20,Hero,sm1,40359.8493,40927.2425,111.0,121.0,armorbase03.dbr[106]=111.0,442747,453064,450012,460431,458084,468616,0.0,NO (L-33(b): falsified on camera; band A does not fold it either),records/proxies/poolsherogdx1/humanwendigo_hero.dbr,HERO,161,,,MEASURED,MEASURED-SET,NOT-IN-SCOPE — Lap D is the LIFE limb of I-1. Band-B monster damage is a separate decode (PM-4 queue I-2/I-5).
records/creatures/enemies/faction/cult_h02.dbr,0,0,1,0,107|108,107,108,records/creatures/enemies/bios/bio_hero_standard_01.dbr,((charLevel*11)^1.50)-20,Hero,sm1,40359.8493,40927.2425,111.0,121.0,armorbase03.dbr[106]=111.0,442747,453064,450012,460431,458084,468616,0.0,NO (L-33(b): falsified on camera; band A does not fold it either),records/proxies/poolsherogdx1/humanwendigo_hero.dbr,HERO,161,,,MEASURED,MEASURED-SET,NOT-IN-SCOPE — Lap D is the LIFE limb of I-1. Band-B monster damage is a separate decode (PM-4 queue I-2/I-5).
records/creatures/enemies/faction/cult_h03.dbr,0,0,1,0,107|108,107,108,records/creatures/enemies/bios/bio_hero_regenerator_01.dbr,((charLevel*9)^1.50)-20,Hero,sm1,29864.0484,30283.9609,111.0,121.0,armorbase03.dbr[106]=111.0,327608,335243,332984,340694,338956,346751,0.0,NO (L-33(b): falsified on camera; band A does not fold it either),records/proxies/poolsherogdx1/humanwendigo_hero.dbr,HERO,161,,,MEASURED,MEASURED-SET,NOT-IN-SCOPE — Lap D is the LIFE limb of I-1. Band-B monster damage is a separate decode (PM-4 queue I-2/I-5).
records/creatures/enemies/faction/cult_h04.dbr,0,0,1,0,107|108,107,108,records/creatures/enemies/bios/bio_hero_standard_01.dbr,((charLevel*11)^1.50)-20,Hero,sm1,40359.8493,40927.2425,111.0,121.0,armorbase03.dbr[106]=111.0,442747,453064,450012,460431,458084,468616,0.0,NO (L-33(b): falsified on camera; band A does not fold it either),records/proxies/poolsherogdx1/humanwendigo_hero.dbr,HERO,161,,,MEASURED,MEASURED-SET,NOT-IN-SCOPE — Lap D is the LIFE limb of I-1. Band-B monster damage is a separate decode (PM-4 queue I-2/I-5).
records/creatures/enemies/faction/skeleton_a01_summon.dbr,0,0,0,1,109,109,109,records/creatures/enemies/bios/bio_skeletonfodder_01.dbr,((charLevel*5.6)^1.28)+24,Common,sm_mod,3701.7872,3701.7872,110.0,110.0,armorbase01.dbr[108]=110.0,40571,40571,41237,41237,41978,41978,0.0,NO (L-33(b): falsified on camera; band A does not fold it either),,,,,,MEASURED,DERIVED-INHERITED,NOT-IN-SCOPE — Lap D is the LIFE limb of I-1. Band-B monster damage is a separate decode (PM-4 queue I-2/I-5).
records/creatures/enemies/faction/skeleton_a02_summon.dbr,0,0,0,1,107|108|109,107,109,records/creatures/enemies/bios/bio_skeletonfodder_01.dbr,((charLevel*5.6)^1.28)+24,Common,sm_mod,3615.6326,3701.7872,96.0,110.0,armorbase01.dbr[106]=96.0,39121,40571,39771,41237,40495,41978,0.0,NO (L-33(b): falsified on camera; band A does not fold it either),,,,,,MEASURED,DERIVED-INHERITED,NOT-IN-SCOPE — Lap D is the LIFE limb of I-1. Band-B monster damage is a separate decode (PM-4 queue I-2/I-5).
records/creatures/enemies/faction/skeleton_b02_knight_summon.dbr,0,0,0,1,109,109,109,records/creatures/enemies/bios/bio_skeletonknight_01.dbr,((charLevel*16)^1.33)+45,Champion,sm_mod,20521.5516,20521.5516,125.0,125.0,armorbase03.dbr[108]=125.0,227994,227994,231688,231688,235792,235792,0.0,NO (L-33(b): falsified on camera; band A does not fold it either),,,,,,MEASURED,DERIVED-INHERITED,NOT-IN-SCOPE — Lap D is the LIFE limb of I-1. Band-B monster damage is a separate decode (PM-4 queue I-2/I-5).
records/creatures/enemies/fleshhulk_a01.dbr,0,0,1,0,104|105|106,104,106,records/creatures/enemies/bios/bio_fleshhulk_01.dbr,((charLevel*18)^1.5)+100,Champion,sm_mod,81095.1039,83442.698,86.0,103.0,armorbase04.dbr[103]=86.0,869339,908690,883936,923710,900155,940399,0.0,NO (L-33(b): falsified on camera; band A does not fold it either),records/proxies/poolsbasic/fleshhulk_t3.dbr,trash,162|166,,,MEASURED,MEASURED-SET,NOT-IN-SCOPE — Lap D is the LIFE limb of I-1. Band-B monster damage is a separate decode (PM-4 queue I-2/I-5).
records/creatures/enemies/fleshhulk_b01.dbr,0,0,1,0,104|105|106,104,106,records/creatures/enemies/bios/bio_fleshhulk_02.dbr,((charLevel*20)^1.5)+150,Champion,sm_mod,95012.5954,97762.1304,86.0,103.0,armorbase04.dbr[103]=86.0,1018535,1064629,1035637,1082226,1054639,1101779,50.0,NO (L-33(b): falsified on camera; band A does not fold it either),records/proxies/poolsbasic/fleshhulk_t3.dbr,trash,162|166,,,MEASURED,MEASURED-SET,NOT-IN-SCOPE — Lap D is the LIFE limb of I-1. Band-B monster damage is a separate decode (PM-4 queue I-2/I-5).
records/creatures/enemies/fleshhulk_c01.dbr,1,0,1,0,105|106,105,106,records/creatures/enemies/bios/bio_fleshhulk_03.dbr,((charLevel*22)^1.5)+200,Champion,sm_mod,111224.2811,112814.1127,94.0,103.0,armorbase04.dbr[104]=94.0,1201222,1228545,1221242,1248852,1243487,1271415,100.0,NO (L-33(b): falsified on camera; band A does not fold it either),records/proxies/poolsbasic/fleshhulk_t3.dbr,trash,162|166,162,105,MEASURED,MEASURED-SET,NOT-IN-SCOPE — Lap D is the LIFE limb of I-1. Band-B monster damage is a separate decode (PM-4 queue I-2/I-5).
records/creatures/enemies/gargoyle_a01.dbr,0,0,1,0,104|105|106,104,106,records/creatures/enemies/bios/bio_gargoyle_a01.dbr,((charLevel*11)^1.5)+100,Common,sm2,38793.591,39915.1014,86.0,103.0,armorbase03.dbr[103]=86.0,415867,434675,422850,441860,430608,449843,0.0,NO (L-33(b): falsified on camera; band A does not fold it either),records/proxies/poolsbasicgdx2/gargoyle_t3.dbr,trash,157,,,MEASURED,MEASURED-SET,NOT-IN-SCOPE — Lap D is the LIFE limb of I-1. Band-B monster damage is a separate decode (PM-4 queue I-2/I-5).
records/creatures/enemies/gargoyle_b01.dbr,0,0,1,0,105|106,105,106,records/creatures/enemies/bios/bio_gargoyle_b01.dbr,((charLevel*15)^1.5)+200,Champion,sm2,62705.8747,63600.9385,94.0,103.0,armorbase04.dbr[104]=94.0,677223,692614,688510,704062,701051,716782,0.0,NO (L-33(b): falsified on camera; band A does not fold it either),records/proxies/poolsbasicgdx2/gargoyle_t3.dbr,trash,157,,,MEASURED,MEASURED-SET,NOT-IN-SCOPE — Lap D is the LIFE limb of I-1. Band-B monster damage is a separate decode (PM-4 queue I-2/I-5).
records/creatures/enemies/gargoyle_c01.dbr,0,0,1,0,105|106,105,106,records/creatures/enemies/bios/bio_gargoyle_c01.dbr,((charLevel*17)^1.5)+200,Champion,sm2,75614.9297,76694.8469,94.0,103.0,armorbase04.dbr[104]=94.0,816641,835206,830251,849011,845374,864350,0.0,NO (L-33(b): falsified on camera; band A does not fold it either),records/proxies/poolsbasicgdx2/gargoyle_t3.dbr,trash,157,,,MEASURED,MEASURED-SET,NOT-IN-SCOPE — Lap D is the LIFE limb of I-1. Band-B monster damage is a separate decode (PM-4 queue I-2/I-5).
records/creatures/enemies/ghost_a01.dbr,1,1,1,0,102|103,102,103,records/creatures/enemies/bios/bio_ghost_01.dbr,((charLevel*8)^1.33)+30,Common,sm_mod,7486.7213,7584.108,61.0,69.0,armorbase01.dbr[101]=61.0,78385,80012,79733,81377,81230,82894,0.0,NO (L-33(b): falsified on camera; band A does not fold it either),records/proxies/poolsbasic/ghost_t3.dbr,trash,151,151,102,MEASURED,MEASURED-SET,NOT-IN-SCOPE — Lap D is the LIFE limb of I-1. Band-B monster damage is a separate decode (PM-4 queue I-2/I-5).
records/creatures/enemies/ghost_a01_summon.dbr,0,0,0,1,105|106|107|108,105,108,records/creatures/enemies/bios/bio_ghost_01.dbr,((charLevel*8)^1.33)+30,Common,sm_mod,7779.8171,8075.6897,82.0,102.0,armorbase01.dbr[104]=82.0,83088,87863,84488,89317,86044,90932,0.0,NO (L-33(b): falsified on camera; band A does not fold it either),,,,,,MEASURED,DERIVED-INHERITED,NOT-IN-SCOPE — Lap D is the LIFE limb of I-1. Band-B monster damage is a separate decode (PM-4 queue I-2/I-5).
records/creatures/enemies/ghost_a02.dbr,1,1,1,0,102|103,102,103,records/creatures/enemies/bios/bio_ghost_01.dbr,((charLevel*8)^1.33)+30,Common,sm_mod,7486.7213,7584.108,61.0,69.0,armorbase01.dbr[101]=61.0,78385,80012,79733,81377,81230,82894,0.0,NO (L-33(b): falsified on camera; band A does not fold it either),records/proxies/poolsbasic/ghost_t3.dbr,trash,151,151,102,MEASURED,MEASURED-SET,NOT-IN-SCOPE — Lap D is the LIFE limb of I-1. Band-B monster damage is a separate decode (PM-4 queue I-2/I-5).
records/creatures/enemies/ghost_b01.dbr,1,1,1,0,103|104,103,104,records/creatures/enemies/bios/bio_ghost_02.dbr,((charLevel*14)^1.33)+40,Champion,sm_mod,15940.9765,16146.628,69.0,74.0,armorbase02.dbr[102]=69.0,168177,171154,171046,174060,174234,177289,0.0,NO (L-33(b): falsified on camera; band A does not fold it either),records/proxies/poolsbasic/ghost_t3.dbr,trash,151,151,103,MEASURED,MEASURED-SET,NOT-IN-SCOPE — Lap D is the LIFE limb of I-1. Band-B monster damage is a separate decode (PM-4 queue I-2/I-5).
records/creatures/enemies/ghost_b01_summon.dbr,0,0,0,1,106|107|108,106,108,records/creatures/enemies/bios/bio_ghost_02.dbr,((charLevel*14)^1.33)+40,Champion,sm_mod,16559.8876,16975.7285,88.0,102.0,armorbase02.dbr[105]=88.0,177853,184695,180833,187751,184145,191146,0.0,NO (L-33(b): falsified on camera; band A does not fold it either),,,,,,MEASURED,DERIVED-INHERITED,NOT-IN-SCOPE — Lap D is the LIFE limb of I-1. Band-B monster damage is a separate decode (PM-4 queue I-2/I-5).
records/creatures/enemies/ghost_b02.dbr,1,1,1,0,103|104,103,104,records/creatures/enemies/bios/bio_ghost_02.dbr,((charLevel*14)^1.33)+40,Champion,sm_mod,15940.9765,16146.628,69.0,74.0,armorbase02.dbr[102]=69.0,168177,171154,171046,174060,174234,177289,0.0,NO (L-33(b): falsified on camera; band A does not fold it either),records/proxies/poolsbasic/ghost_t3.dbr,trash,151,151,103,MEASURED,MEASURED-SET,NOT-IN-SCOPE — Lap D is the LIFE limb of I-1. Band-B monster damage is a separate decode (PM-4 queue I-2/I-5).
records/creatures/enemies/ghost_b02_summon.dbr,0,0,0,1,106|107|108,106,108,records/creatures/enemies/bios/bio_ghost_02.dbr,((charLevel*14)^1.33)+40,Champion,sm_mod,16559.8876,16975.7285,88.0,102.0,armorbase02.dbr[105]=88.0,177853,184695,180833,187751,184145,191146,0.0,NO (L-33(b): falsified on camera; band A does not fold it either),,,,,,MEASURED,DERIVED-INHERITED,NOT-IN-SCOPE — Lap D is the LIFE limb of I-1. Band-B monster damage is a separate decode (PM-4 queue I-2/I-5).
records/creatures/enemies/ghost_b03.dbr,1,1,1,0,103|104,103,104,records/creatures/enemies/bios/bio_ghost_02.dbr,((charLevel*14)^1.33)+40,Champion,sm_mod,15940.9765,16146.628,78.0,86.0,armorbase03.dbr[102]=78.0,169611,173091,172481,175998,175669,179227,0.0,NO (L-33(b): falsified on camera; band A does not fold it either),records/proxies/poolsbasic/ghost_t3.dbr,trash,151,151,103,MEASURED,MEASURED-SET,NOT-IN-SCOPE — Lap D is the LIFE limb of I-1. Band-B monster damage is a separate decode (PM-4 queue I-2/I-5).
records/creatures/enemies/ghost_b03_summon.dbr,0,0,0,1,106|107|108,106,108,records/creatures/enemies/bios/bio_ghost_02.dbr,((charLevel*14)^1.33)+40,Champion,sm_mod,16559.8876,16975.7285,103.0,121.0,armorbase03.dbr[105]=103.0,180337,187921,183317,190976,186629,194372,0.0,NO (L-33(b): falsified on camera; band A does not fold it either),,,,,,MEASURED,DERIVED-INHERITED,NOT-IN-SCOPE — Lap D is the LIFE limb of I-1. Band-B monster damage is a separate decode (PM-4 queue I-2/I-5).
records/creatures/enemies/ghost_b04.dbr,1,1,1,0,104|105,104,105,records/creatures/enemies/bios/bio_ghost_02.dbr,((charLevel*14)^1.33)+40,Champion,sm_mod,16146.628,16352.9331,86.0,94.0,armorbase03.dbr[103]=86.0,173091,176611,175998,179555,179227,182825,0.0,NO (L-33(b): falsified on camera; band A does not fold it either),records/proxies/poolsbasic/ghost_t3.dbr,trash,151,151,104,MEASURED,MEASURED-SET,NOT-IN-SCOPE — Lap D is the LIFE limb of I-1. Band-B monster damage is a separate decode (PM-4 queue I-2/I-5).
records/creatures/enemies/ghost_b04_summon.dbr,0,0,0,1,106|107|108,106,108,records/creatures/enemies/bios/bio_ghost_02.dbr,((charLevel*14)^1.33)+40,Champion,sm_mod,16559.8876,16975.7285,103.0,121.0,armorbase03.dbr[105]=103.0,180337,187921,183317,190976,186629,194372,0.0,NO (L-33(b): falsified on camera; band A does not fold it either),,,,,,MEASURED,DERIVED-INHERITED,NOT-IN-SCOPE — Lap D is the LIFE limb of I-1. Band-B monster damage is a separate decode (PM-4 queue I-2/I-5).
records/creatures/enemies/ghostcrab_a01.dbr,0,0,1,0,103|104,103,104,records/creatures/enemies/bios/bio_swampcrab_a01.dbr,((charLevel*9)^1.33)+25,Common,sm1,8860.1931,8974.461,69.0,74.0,armorbase02.dbr[102]=69.0,93475,95129,95069,96744,96841,98539,0.0,NO (L-33(b): falsified on camera; band A does not fold it either),records/proxies/poolsbasicgdx1/ghostcrab_t3.dbr,trash,167,,,MEASURED,MEASURED-SET,NOT-IN-SCOPE — Lap D is the LIFE limb of I-1. Band-B monster damage is a separate decode (PM-4 queue I-2/I-5).
records/creatures/enemies/ghostcrab_b01.dbr,0,0,1,0,103|104,103,104,records/creatures/enemies/bios/bio_swampcrab_b01.dbr,((charLevel*14)^1.33)+45,Common,sm1,15945.9765,16151.628,78.0,86.0,armorbase03.dbr[102]=78.0,169665,173145,172535,176052,175724,179283,0.0,NO (L-33(b): falsified on camera; band A does not fold it either),records/proxies/poolsbasicgdx1/ghostcrab_t3.dbr,trash,167,,,MEASURED,MEASURED-SET,NOT-IN-SCOPE — Lap D is the LIFE limb of I-1. Band-B monster damage is a separate decode (PM-4 queue I-2/I-5).
records/creatures/enemies/ghostcrab_c01.dbr,0,0,1,0,104|105|106,104,106,records/creatures/enemies/bios/bio_swampcrab_c01.dbr,((charLevel*20)^1.33)+60,Champion,sm1,25943.5735,26607.6874,86.0,103.0,armorbase03.dbr[103]=86.0,278115,289757,282784,294547,287973,299868,0.0,NO (L-33(b): falsified on camera; band A does not fold it either),records/proxies/poolsbasicgdx1/ghostcrab_t3.dbr,trash,167,,,MEASURED,MEASURED-SET,NOT-IN-SCOPE — Lap D is the LIFE limb of I-1. Band-B monster damage is a separate decode (PM-4 queue I-2/I-5).
records/creatures/enemies/giant_a01.dbr,0,0,1,0,103|104,103,104,records/creatures/enemies/bios/bio_giant_a01.dbr,((charLevel*11)^1.5)+100,Champion,sm3,38236.8541,38793.591,78.0,86.0,armorbase03.dbr[102]=78.0,406840,415867,413722,422850,421370,430608,0.0,NO (L-33(b): falsified on camera; band A does not fold it either),records/proxies/poolsbasicgdx3/giant_t3.dbr,trash,153,,,MEASURED,MEASURED-SET,NOT-IN-SCOPE — Lap D is the LIFE limb of I-1. Band-B monster damage is a separate decode (PM-4 queue I-2/I-5).
records/creatures/enemies/giant_b01.dbr,1,1,1,0,104|105|106,104,106,records/creatures/enemies/bios/bio_giant_b01.dbr,((charLevel*15)^1.5)+200,Champion,sm3,61815.0631,63600.9385,86.0,103.0,armorbase04.dbr[103]=86.0,662657,692614,673784,704062,686147,716782,0.0,NO (L-33(b): falsified on camera; band A does not fold it either),records/proxies/poolsbasicgdx3/giant_t3.dbr,trash,153,153,109,MEASURED,MEASURED-SET,NOT-IN-SCOPE — Lap D is the LIFE limb of I-1. Band-B monster damage is a separate decode (PM-4 queue I-2/I-5).
records/creatures/enemies/giant_c01.dbr,1,1,1,0,105|106,105,106,records/creatures/enemies/bios/bio_giant_c01.dbr,((charLevel*17)^1.5)+200,Champion,sm3,75614.9297,76694.8469,94.0,103.0,armorbase04.dbr[104]=94.0,816641,835206,830251,849011,845374,864350,0.0,NO (L-33(b): falsified on camera; band A does not fold it either),records/proxies/poolsbasicgdx3/giant_t3.dbr,trash,153,153,109,MEASURED,MEASURED-SET,NOT-IN-SCOPE — Lap D is the LIFE limb of I-1. Band-B monster damage is a separate decode (PM-4 queue I-2/I-5).
records/creatures/enemies/groblechthonic_a01.dbr,0,0,1,0,102|103,102,103,records/creatures/enemies/bios/bio_groblefrost_a01.dbr,((charLevel*5)^1.29)+8,Common,sm3,3118.0368,3157.4254,61.0,69.0,armorbase01.dbr[101]=61.0,32645,33310,33207,33879,33830,34510,0.0,NO (L-33(b): falsified on camera; band A does not fold it either),records/proxies/poolsbasicgdx3/groblechthonic_t3.dbr,trash,167,,,MEASURED,MEASURED-SET,NOT-IN-SCOPE — Lap D is the LIFE limb of I-1. Band-B monster damage is a separate decode (PM-4 queue I-2/I-5).
records/creatures/enemies/groblechthonic_a02.dbr,0,0,1,0,102|103,102,103,records/creatures/enemies/bios/bio_groblefrost_a01.dbr,((charLevel*5)^1.29)+8,Common,sm3,3118.0368,3157.4254,61.0,69.0,armorbase01.dbr[101]=61.0,32645,33310,33207,33879,33830,34510,0.0,NO (L-33(b): falsified on camera; band A does not fold it either),records/proxies/poolsbasicgdx3/groblechthonic_t3.dbr,trash,167,,,MEASURED,MEASURED-SET,NOT-IN-SCOPE — Lap D is the LIFE limb of I-1. Band-B monster damage is a separate decode (PM-4 queue I-2/I-5).
records/creatures/enemies/groblechthonic_b01.dbr,0,0,1,0,103|104,103,104,records/creatures/enemies/bios/bio_groblefrost_b01.dbr,((charLevel*6)^1.29)+10,Champion,sm3,3994.5119,4044.4851,69.0,74.0,armorbase02.dbr[102]=69.0,42142,42871,42861,43599,43660,44408,0.0,NO (L-33(b): falsified on camera; band A does not fold it either),records/proxies/poolsbasicgdx3/groblechthonic_t3.dbr,trash,167,,,MEASURED,MEASURED-SET,NOT-IN-SCOPE — Lap D is the LIFE limb of I-1. Band-B monster damage is a separate decode (PM-4 queue I-2/I-5).
records/creatures/enemies/groblechthonic_b02.dbr,0,0,1,0,103|104,103,104,records/creatures/enemies/bios/bio_groblefrost_b02.dbr,((charLevel*6)^1.29)+10,Champion,sm3,3994.5119,4044.4851,69.0,74.0,armorbase02.dbr[102]=69.0,42142,42871,42861,43599,43660,44408,0.0,NO (L-33(b): falsified on camera; band A does not fold it either),records/proxies/poolsbasicgdx3/groblechthonic_t3.dbr,trash,167,,,MEASURED,MEASURED-SET,NOT-IN-SCOPE — Lap D is the LIFE limb of I-1. Band-B monster damage is a separate decode (PM-4 queue I-2/I-5).
records/creatures/enemies/groblechthonic_c01.dbr,0,0,1,0,104|105|106,104,106,records/creatures/enemies/bios/bio_groblefrost_b01.dbr,((charLevel*6)^1.29)+10,Champion,sm3,4044.4851,4144.8492,86.0,103.0,armorbase03.dbr[103]=86.0,43356,45137,44084,45883,44893,46712,0.0,NO (L-33(b): falsified on camera; band A does not fold it either),records/proxies/poolsbasicgdx3/groblechthonic_t3.dbr,trash,167,,,MEASURED,MEASURED-SET,NOT-IN-SCOPE — Lap D is the LIFE limb of I-1. Band-B monster damage is a separate decode (PM-4 queue I-2/I-5).
records/creatures/enemies/groblechthonic_c02.dbr,0,0,1,0,104|105|106,104,106,records/creatures/enemies/bios/bio_groblefrost_c01.dbr,((charLevel*15)^1.29)+20,Champion,sm3,13176.208,13503.4892,74.0,88.0,armorbase02.dbr[103]=74.0,139667,145027,142039,147458,144674,150158,0.0,NO (L-33(b): falsified on camera; band A does not fold it either),records/proxies/poolsbasicgdx3/groblechthonic_t3.dbr,trash,167,,,MEASURED,MEASURED-SET,NOT-IN-SCOPE — Lap D is the LIFE limb of I-1. Band-B monster damage is a separate decode (PM-4 queue I-2/I-5).
records/creatures/enemies/groblefrost_a01.dbr,1,1,1,0,102|103,102,103,records/creatures/enemies/bios/bio_groblefrost_a01.dbr,((charLevel*5)^1.29)+8,Common,sm3,3118.0368,3157.4254,61.0,69.0,armorbase01.dbr[101]=61.0,32645,33310,33207,33879,33830,34510,0.0,NO (L-33(b): falsified on camera; band A does not fold it either),records/proxies/poolsbasicgdx3/giant_t3.dbr,trash,153,153,109,MEASURED,MEASURED-SET,NOT-IN-SCOPE — Lap D is the LIFE limb of I-1. Band-B monster damage is a separate decode (PM-4 queue I-2/I-5).
records/creatures/enemies/groblefrost_a02.dbr,0,0,1,0,102|103,102,103,records/creatures/enemies/bios/bio_groblefrost_a01.dbr,((charLevel*5)^1.29)+8,Common,sm3,3118.0368,3157.4254,61.0,69.0,armorbase01.dbr[101]=61.0,32645,33310,33207,33879,33830,34510,0.0,NO (L-33(b): falsified on camera; band A does not fold it either),records/proxies/poolsbasicgdx3/giant_t3.dbr,trash,153,,,MEASURED,MEASURED-SET,NOT-IN-SCOPE — Lap D is the LIFE limb of I-1. Band-B monster damage is a separate decode (PM-4 queue I-2/I-5).
records/creatures/enemies/groblefrost_b01.dbr,1,1,1,0,103|104,103,104,records/creatures/enemies/bios/bio_groblefrost_b01.dbr,((charLevel*6)^1.29)+10,Champion,sm3,3994.5119,4044.4851,69.0,74.0,armorbase02.dbr[102]=69.0,42142,42871,42861,43599,43660,44408,0.0,NO (L-33(b): falsified on camera; band A does not fold it either),records/proxies/poolsbasicgdx3/giant_t3.dbr,trash,153,153,109,MEASURED,MEASURED-SET,NOT-IN-SCOPE — Lap D is the LIFE limb of I-1. Band-B monster damage is a separate decode (PM-4 queue I-2/I-5).
records/creatures/enemies/groblesand_a01.dbr,0,0,1,0,102|103,102,103,records/creatures/enemies/bios/bio_groblesand_a01.dbr,((charLevel*5)^1.29)+8,Common,sm2,3118.0368,3157.4254,61.0,69.0,armorbase01.dbr[101]=61.0,32645,33310,33207,33879,33830,34510,0.0,NO (L-33(b): falsified on camera; band A does not fold it either),records/proxies/poolsbasicgdx2/groblesand_t3.dbr,trash,168,,,MEASURED,MEASURED-SET,NOT-IN-SCOPE — Lap D is the LIFE limb of I-1. Band-B monster damage is a separate decode (PM-4 queue I-2/I-5).
records/creatures/enemies/groblesand_a02.dbr,0,0,1,0,102|103,102,103,records/creatures/enemies/bios/bio_groblesand_a01.dbr,((charLevel*5)^1.29)+8,Common,sm2,3118.0368,3157.4254,61.0,69.0,armorbase01.dbr[101]=61.0,32645,33310,33207,33879,33830,34510,0.0,NO (L-33(b): falsified on camera; band A does not fold it either),records/proxies/poolsbasicgdx2/groblesand_t3.dbr,trash,168,,,MEASURED,MEASURED-SET,NOT-IN-SCOPE — Lap D is the LIFE limb of I-1. Band-B monster damage is a separate decode (PM-4 queue I-2/I-5).
records/creatures/enemies/groblesand_b01.dbr,0,0,1,0,103|104,103,104,records/creatures/enemies/bios/bio_groblesand_b01.dbr,((charLevel*6)^1.29)+10,Champion,sm2,3994.5119,4044.4851,69.0,74.0,armorbase02.dbr[102]=69.0,42142,42871,42861,43599,43660,44408,0.0,NO (L-33(b): falsified on camera; band A does not fold it either),records/proxies/poolsbasicgdx2/groblesand_t3.dbr,trash,168,,,MEASURED,MEASURED-SET,NOT-IN-SCOPE — Lap D is the LIFE limb of I-1. Band-B monster damage is a separate decode (PM-4 queue I-2/I-5).
records/creatures/enemies/groblesand_b02.dbr,0,0,1,0,103|104,103,104,records/creatures/enemies/bios/bio_groblesand_b01.dbr,((charLevel*6)^1.29)+10,Champion,sm2,3994.5119,4044.4851,69.0,74.0,armorbase02.dbr[102]=69.0,42142,42871,42861,43599,43660,44408,0.0,NO (L-33(b): falsified on camera; band A does not fold it either),records/proxies/poolsbasicgdx2/groblesand_t3.dbr,trash,168,,,MEASURED,MEASURED-SET,NOT-IN-SCOPE — Lap D is the LIFE limb of I-1. Band-B monster damage is a separate decode (PM-4 queue I-2/I-5).
records/creatures/enemies/groblesand_c01.dbr,0,0,1,0,104|105|106,104,106,records/creatures/enemies/bios/bio_groblesand_b01.dbr,((charLevel*6)^1.29)+10,Champion,sm2,4044.4851,4144.8492,86.0,103.0,armorbase03.dbr[103]=86.0,43356,45137,44084,45883,44893,46712,0.0,NO (L-33(b): falsified on camera; band A does not fold it either),records/proxies/poolsbasicgdx2/groblesand_t3.dbr,trash,168,,,MEASURED,MEASURED-SET,NOT-IN-SCOPE — Lap D is the LIFE limb of I-1. Band-B monster damage is a separate decode (PM-4 queue I-2/I-5).
records/creatures/enemies/groblesand_c02.dbr,0,0,1,0,104|105|106,104,106,records/creatures/enemies/bios/bio_groblesand_c01.dbr,((charLevel*15)^1.29)+20,Champion,sm2,13176.208,13503.4892,74.0,88.0,armorbase02.dbr[103]=74.0,139667,145027,142039,147458,144674,150158,0.0,NO (L-33(b): falsified on camera; band A does not fold it either),records/proxies/poolsbasicgdx2/groblesand_t3.dbr,trash,168,,,MEASURED,MEASURED-SET,NOT-IN-SCOPE — Lap D is the LIFE limb of I-1. Band-B monster damage is a separate decode (PM-4 queue I-2/I-5).
records/creatures/enemies/gryphonstone_a01.dbr,0,0,1,0,104|105|106,104,106,records/creatures/enemies/bios/bio_gryphon_a01.dbr,((charLevel*11)^1.5)+100,Champion,sm2,38793.591,39915.1014,86.0,103.0,armorbase03.dbr[103]=86.0,415867,434675,422850,441860,430608,449843,0.0,NO (L-33(b): falsified on camera; band A does not fold it either),records/proxies/poolsbasicgdx2/gryphonstone_t3.dbr,trash,164,,,MEASURED,MEASURED-SET,NOT-IN-SCOPE — Lap D is the LIFE limb of I-1. Band-B monster damage is a separate decode (PM-4 queue I-2/I-5).
records/creatures/enemies/gryphonstone_b01.dbr,0,0,1,0,105|106,105,106,records/creatures/enemies/bios/bio_gryphon_b01.dbr,((charLevel*15)^1.5)+100,Champion,sm2,62605.8747,63500.9385,94.0,103.0,armorbase03.dbr[104]=94.0,676143,691525,687412,702955,699933,715655,0.0,NO (L-33(b): falsified on camera; band A does not fold it either),records/proxies/poolsbasicgdx2/gryphonstone_t3.dbr,trash,164,,,MEASURED,MEASURED-SET,NOT-IN-SCOPE — Lap D is the LIFE limb of I-1. Band-B monster damage is a separate decode (PM-4 queue I-2/I-5).
records/creatures/enemies/gryphonstone_c01.dbr,0,0,1,0,105|106,105,106,records/creatures/enemies/bios/bio_gryphon_c01.dbr,((charLevel*17)^1.5)+200,Champion,sm2,75614.9297,76694.8469,94.0,103.0,armorbase04.dbr[104]=94.0,816641,835206,830251,849011,845374,864350,0.0,NO (L-33(b): falsified on camera; band A does not fold it either),records/proxies/poolsbasicgdx2/gryphonstone_t3.dbr,trash,164,,,MEASURED,MEASURED-SET,NOT-IN-SCOPE — Lap D is the LIFE limb of I-1. Band-B monster damage is a separate decode (PM-4 queue I-2/I-5).
records/creatures/enemies/hellhound_witchgod_a01_summon.dbr,0,0,0,1,106|107|108,106,108,records/creatures/enemies/bios/bio_hellhound_a01.dbr,((charLevel*15)^1.33)+60,Common,sm_mod,18167.4867,18623.2909,103.0,121.0,armorbase04.dbr[105]=103.0,197843,206159,201114,209512,204747,213236,0.0,NO (L-33(b): falsified on camera; band A does not fold it either),,,,,,MEASURED,DERIVED-INHERITED,NOT-IN-SCOPE — Lap D is the LIFE limb of I-1. Band-B monster damage is a separate decode (PM-4 queue I-2/I-5).
records/creatures/enemies/hellhound_witchgod_b01_summon.dbr,0,0,0,1,106|107|108,106,108,records/creatures/enemies/bios/bio_hellhound_b01.dbr,((charLevel*25)^1.33)+60,Champion,sm_mod,35780.4575,36679.6177,103.0,121.0,armorbase04.dbr[105]=103.0,389649,406043,396089,412645,403245,419981,0.0,NO (L-33(b): falsified on camera; band A does not fold it either),,,,,,MEASURED,DERIVED-INHERITED,NOT-IN-SCOPE — Lap D is the LIFE limb of I-1. Band-B monster damage is a separate decode (PM-4 queue I-2/I-5).
records/creatures/enemies/hero/aetherialcolossus_h01.dbr,0,0,1,0,107|108,107,108,records/creatures/enemies/bios/bio_hero_standard_extrahealth01.dbr,((charLevel*13)^1.50)+20,Hero,sm1,51898.8923,52627.8631,111.0,121.0,armorbase04.dbr[106]=111.0,569330,582590,578672,592063,589052,602589,0.0,NO (L-33(b): falsified on camera; band A does not fold it either),records/proxies/poolsherogdx1/aetherialcolossus_hero.dbr,HERO,157|168,,,MEASURED,MEASURED-SET,NOT-IN-SCOPE — Lap D is the LIFE limb of I-1. Band-B monster damage is a separate decode (PM-4 queue I-2/I-5).
records/creatures/enemies/hero/aetherialcolossus_h02.dbr,0,0,1,0,107|108,107,108,records/creatures/enemies/bios/bio_hero_standard_extrahealth01.dbr,((charLevel*13)^1.50)+20,Hero,sm1,51898.8923,52627.8631,111.0,121.0,armorbase04.dbr[106]=111.0,569330,582590,578672,592063,589052,602589,0.0,NO (L-33(b): falsified on camera; band A does not fold it either),records/proxies/poolsherogdx1/aetherialcolossus_hero.dbr,HERO,157|168,,,MEASURED,MEASURED-SET,NOT-IN-SCOPE — Lap D is the LIFE limb of I-1. Band-B monster damage is a separate decode (PM-4 queue I-2/I-5).
records/creatures/enemies/hero/aetherialcolossus_h03.dbr,0,0,1,0,107|108,107,108,records/creatures/enemies/bios/bio_hero_standard_extrahealth01.dbr,((charLevel*13)^1.50)+20,Hero,sm1,51898.8923,52627.8631,111.0,121.0,armorbase04.dbr[106]=111.0,569330,582590,578672,592063,589052,602589,0.0,NO (L-33(b): falsified on camera; band A does not fold it either),records/proxies/poolsherogdx1/aetherialcolossus_hero.dbr,HERO,157|168,,,MEASURED,MEASURED-SET,NOT-IN-SCOPE — Lap D is the LIFE limb of I-1. Band-B monster damage is a separate decode (PM-4 queue I-2/I-5).
records/creatures/enemies/hero/aetherialcolossus_h04.dbr,0,0,1,0,107|108,107,108,records/creatures/enemies/bios/bio_hero_standard_extrahealth01.dbr,((charLevel*13)^1.50)+20,Hero,sm1,51898.8923,52627.8631,111.0,121.0,armorbase04.dbr[106]=111.0,569330,582590,578672,592063,589052,602589,0.0,NO (L-33(b): falsified on camera; band A does not fold it either),records/proxies/poolsherogdx1/aetherialcolossus_hero.dbr,HERO,157|168,,,MEASURED,MEASURED-SET,NOT-IN-SCOPE — Lap D is the LIFE limb of I-1. Band-B monster damage is a separate decode (PM-4 queue I-2/I-5).
records/creatures/enemies/hero/aetherialcolossus_h05.dbr,0,0,1,0,107|108,107,108,records/creatures/enemies/bios/bio_hero_standard_extrahealth01.dbr,((charLevel*13)^1.50)+20,Hero,sm3,51898.8923,52627.8631,111.0,121.0,armorbase04.dbr[106]=111.0,569330,582590,578672,592063,589052,602589,0.0,NO (L-33(b): falsified on camera; band A does not fold it either),records/proxies/poolsherogdx1/aetherialcolossus_hero.dbr,HERO,157|168,,,MEASURED,MEASURED-SET,NOT-IN-SCOPE — Lap D is the LIFE limb of I-1. Band-B monster damage is a separate decode (PM-4 queue I-2/I-5).
records/creatures/enemies/hero/aetherialcorruption_h01.dbr,1,1,1,0,107|108,107,108,records/creatures/enemies/bios/bio_hero_standard_01.dbr,((charLevel*11)^1.50)-20,Hero,sm1,40359.8493,40927.2425,111.0,121.0,armorbase03.dbr[106]=111.0,442747,453064,450012,460431,458084,468616,0.0,NO (L-33(b): falsified on camera; band A does not fold it either),records/proxies/poolsherogdx1/aetherialcorruption_hero.dbr,HERO,152|157|163,152,109,MEASURED,MEASURED-SET,NOT-IN-SCOPE — Lap D is the LIFE limb of I-1. Band-B monster damage is a separate decode (PM-4 queue I-2/I-5).
records/creatures/enemies/hero/aetherialcorruption_h02.dbr,0,0,1,0,107|108,107,108,records/creatures/enemies/bios/bio_hero_standard_01.dbr,((charLevel*11)^1.50)-20,Hero,sm1,40359.8493,40927.2425,111.0,121.0,armorbase03.dbr[106]=111.0,442747,453064,450012,460431,458084,468616,0.0,NO (L-33(b): falsified on camera; band A does not fold it either),records/proxies/poolsherogdx1/aetherialcorruption_hero.dbr,HERO,152|157|163,,,MEASURED,MEASURED-SET,NOT-IN-SCOPE — Lap D is the LIFE limb of I-1. Band-B monster damage is a separate decode (PM-4 queue I-2/I-5).
records/creatures/enemies/hero/aetherialcorruption_h03.dbr,0,0,1,0,107|108,107,108,records/creatures/enemies/bios/bio_hero_standard_01.dbr,((charLevel*11)^1.50)-20,Hero,sm1,40359.8493,40927.2425,111.0,121.0,armorbase03.dbr[106]=111.0,442747,453064,450012,460431,458084,468616,0.0,NO (L-33(b): falsified on camera; band A does not fold it either),records/proxies/poolsherogdx1/aetherialcorruption_hero.dbr,HERO,152|157|163,,,MEASURED,MEASURED-SET,NOT-IN-SCOPE — Lap D is the LIFE limb of I-1. Band-B monster damage is a separate decode (PM-4 queue I-2/I-5).
records/creatures/enemies/hero/aetherialcorruption_h04.dbr,0,0,1,0,107|108,107,108,records/creatures/enemies/bios/bio_hero_standard_01.dbr,((charLevel*11)^1.50)-20,Hero,sm1,40359.8493,40927.2425,111.0,121.0,armorbase03.dbr[106]=111.0,442747,453064,450012,460431,458084,468616,0.0,NO (L-33(b): falsified on camera; band A does not fold it either),records/proxies/poolsherogdx1/aetherialcorruption_hero.dbr,HERO,152|157|163,,,MEASURED,MEASURED-SET,NOT-IN-SCOPE — Lap D is the LIFE limb of I-1. Band-B monster damage is a separate decode (PM-4 queue I-2/I-5).
records/creatures/enemies/hero/aetherialcorruption_h05.dbr,0,0,1,0,107|108,107,108,records/creatures/enemies/bios/bio_hero_standard_01.dbr,((charLevel*11)^1.50)-20,Hero,sm3,40359.8493,40927.2425,111.0,121.0,armorbase03.dbr[106]=111.0,442747,453064,450012,460431,458084,468616,0.0,NO (L-33(b): falsified on camera; band A does not fold it either),records/proxies/poolsherogdx1/aetherialcorruption_hero.dbr,HERO,152|157|163,,,MEASURED,MEASURED-SET,NOT-IN-SCOPE — Lap D is the LIFE limb of I-1. Band-B monster damage is a separate decode (PM-4 queue I-2/I-5).
records/creatures/enemies/hero/aetherialfleshshaper_h01.dbr,0,0,1,0,107|108,107,108,records/creatures/enemies/bios/bio_hero_standard_01.dbr,((charLevel*11)^1.50)-20,Hero,sm1,40359.8493,40927.2425,111.0,121.0,armorbase03.dbr[106]=111.0,442747,453064,450012,460431,458084,468616,0.0,NO (L-33(b): falsified on camera; band A does not fold it either),records/proxies/poolsherogdx1/aetherialfleshshaper_hero.dbr,HERO,158,,,MEASURED,MEASURED-SET,NOT-IN-SCOPE — Lap D is the LIFE limb of I-1. Band-B monster damage is a separate decode (PM-4 queue I-2/I-5).
records/creatures/enemies/hero/aetherialfleshshaper_h02.dbr,0,0,1,0,107|108,107,108,records/creatures/enemies/bios/bio_hero_standard_01.dbr,((charLevel*11)^1.50)-20,Hero,sm1,40359.8493,40927.2425,111.0,121.0,armorbase03.dbr[106]=111.0,442747,453064,450012,460431,458084,468616,0.0,NO (L-33(b): falsified on camera; band A does not fold it either),records/proxies/poolsherogdx1/aetherialfleshshaper_hero.dbr,HERO,158,,,MEASURED,MEASURED-SET,NOT-IN-SCOPE — Lap D is the LIFE limb of I-1. Band-B monster damage is a separate decode (PM-4 queue I-2/I-5).
records/creatures/enemies/hero/aetherialfleshshaper_h03.dbr,0,0,1,0,107|108,107,108,records/creatures/enemies/bios/bio_hero_standard_01.dbr,((charLevel*11)^1.50)-20,Hero,sm1,40359.8493,40927.2425,111.0,121.0,armorbase03.dbr[106]=111.0,442747,453064,450012,460431,458084,468616,0.0,NO (L-33(b): falsified on camera; band A does not fold it either),records/proxies/poolsherogdx1/aetherialfleshshaper_hero.dbr,HERO,158,,,MEASURED,MEASURED-SET,NOT-IN-SCOPE — Lap D is the LIFE limb of I-1. Band-B monster damage is a separate decode (PM-4 queue I-2/I-5).
records/creatures/enemies/hero/aetherialfleshshaper_h04.dbr,0,0,1,0,107|108,107,108,records/creatures/enemies/bios/bio_hero_standard_01.dbr,((charLevel*11)^1.50)-20,Hero,sm1,40359.8493,40927.2425,111.0,121.0,armorbase03.dbr[106]=111.0,442747,453064,450012,460431,458084,468616,0.0,NO (L-33(b): falsified on camera; band A does not fold it either),records/proxies/poolsherogdx1/aetherialfleshshaper_hero.dbr,HERO,158,,,MEASURED,MEASURED-SET,NOT-IN-SCOPE — Lap D is the LIFE limb of I-1. Band-B monster damage is a separate decode (PM-4 queue I-2/I-5).
records/creatures/enemies/hero/aetherialfleshshaper_h05.dbr,0,0,1,0,107|108,107,108,records/creatures/enemies/bios/bio_hero_standard_01.dbr,((charLevel*11)^1.50)-20,Hero,sm3,40359.8493,40927.2425,111.0,121.0,armorbase03.dbr[106]=111.0,442747,453064,450012,460431,458084,468616,0.0,NO (L-33(b): falsified on camera; band A does not fold it either),records/proxies/poolsherogdx1/aetherialfleshshaper_hero.dbr,HERO,158,,,MEASURED,MEASURED-SET,NOT-IN-SCOPE — Lap D is the LIFE limb of I-1. Band-B monster damage is a separate decode (PM-4 queue I-2/I-5).
records/creatures/enemies/hero/aetherialimp_h01.dbr,0,0,1,0,107|108,107,108,records/creatures/enemies/bios/bio_hero_standard_01.dbr,((charLevel*11)^1.50)-20,Hero,sm1,40359.8493,40927.2425,111.0,121.0,armorbase04.dbr[106]=111.0,442747,453064,450012,460431,458084,468616,0.0,NO (L-33(b): falsified on camera; band A does not fold it either),records/proxies/poolsherogdx1/aetherialimp_hero.dbr,HERO,157|163,,,MEASURED,MEASURED-SET,NOT-IN-SCOPE — Lap D is the LIFE limb of I-1. Band-B monster damage is a separate decode (PM-4 queue I-2/I-5).
records/creatures/enemies/hero/aetherialimp_h02.dbr,1,1,1,0,107|108,107,108,records/creatures/enemies/bios/bio_hero_standard_01.dbr,((charLevel*11)^1.50)-20,Hero,sm1,40359.8493,40927.2425,111.0,121.0,armorbase04.dbr[106]=111.0,442747,453064,450012,460431,458084,468616,0.0,NO (L-33(b): falsified on camera; band A does not fold it either),records/proxies/poolsherogdx1/aetherialimp_hero.dbr,HERO,157|163,157,109,MEASURED,MEASURED-SET,NOT-IN-SCOPE — Lap D is the LIFE limb of I-1. Band-B monster damage is a separate decode (PM-4 queue I-2/I-5).
records/creatures/enemies/hero/aetherialimp_h03.dbr,1,1,1,0,107|108,107,108,records/creatures/enemies/bios/bio_hero_standard_01.dbr,((charLevel*11)^1.50)-20,Hero,sm1,40359.8493,40927.2425,111.0,121.0,armorbase04.dbr[106]=111.0,442747,453064,450012,460431,458084,468616,0.0,NO (L-33(b): falsified on camera; band A does not fold it either),records/proxies/poolsherogdx1/aetherialimp_hero.dbr,HERO,157|163,157,109,MEASURED,MEASURED-SET,NOT-IN-SCOPE — Lap D is the LIFE limb of I-1. Band-B monster damage is a separate decode (PM-4 queue I-2/I-5).
records/creatures/enemies/hero/aetherialimp_h04.dbr,1,1,1,0,107|108,107,108,records/creatures/enemies/bios/bio_hero_standard_01.dbr,((charLevel*11)^1.50)-20,Hero,sm1,40359.8493,40927.2425,111.0,121.0,armorbase04.dbr[106]=111.0,442747,453064,450012,460431,458084,468616,0.0,NO (L-33(b): falsified on camera; band A does not fold it either),records/proxies/poolsherogdx1/aetherialimp_hero.dbr,HERO,157|163,157,109,MEASURED,MEASURED-SET,NOT-IN-SCOPE — Lap D is the LIFE limb of I-1. Band-B monster damage is a separate decode (PM-4 queue I-2/I-5).
records/creatures/enemies/hero/aetherialimp_h05.dbr,0,0,1,0,107|108,107,108,records/creatures/enemies/bios/bio_hero_standard_01.dbr,((charLevel*11)^1.50)-20,Hero,sm3,40359.8493,40927.2425,111.0,121.0,armorbase04.dbr[106]=111.0,442747,453064,450012,460431,458084,468616,0.0,NO (L-33(b): falsified on camera; band A does not fold it either),records/proxies/poolsherogdx1/aetherialimp_hero.dbr,HERO,157|163,,,MEASURED,MEASURED-SET,NOT-IN-SCOPE — Lap D is the LIFE limb of I-1. Band-B monster damage is a separate decode (PM-4 queue I-2/I-5).
records/creatures/enemies/hero/basilisk_h01.dbr,1,1,1,0,107|108,107,108,records/creatures/enemies/bios/bio_hero_standard_01.dbr,((charLevel*11)^1.50)-20,Hero,sm1,40359.8493,40927.2425,111.0,121.0,armorbase03.dbr[106]=111.0,442747,453064,450012,460431,458084,468616,0.0,NO (L-33(b): falsified on camera; band A does not fold it either),records/proxies/poolsherogdx1/basilisk_hero.dbr,HERO,152|163,152|163,107,MEASURED,MEASURED-SET,NOT-IN-SCOPE — Lap D is the LIFE limb of I-1. Band-B monster damage is a separate decode (PM-4 queue I-2/I-5).
records/creatures/enemies/hero/basilisk_h02.dbr,1,1,1,0,107|108,107,108,records/creatures/enemies/bios/bio_hero_standard_01.dbr,((charLevel*11)^1.50)-20,Hero,sm1,40359.8493,40927.2425,111.0,121.0,armorbase03.dbr[106]=111.0,442747,453064,450012,460431,458084,468616,0.0,NO (L-33(b): falsified on camera; band A does not fold it either),records/proxies/poolsherogdx1/basilisk_hero.dbr,HERO,152|163,152|163,107,MEASURED,MEASURED-SET,NOT-IN-SCOPE — Lap D is the LIFE limb of I-1. Band-B monster damage is a separate decode (PM-4 queue I-2/I-5).
records/creatures/enemies/hero/basilisk_h03.dbr,1,1,1,0,107|108,107,108,records/creatures/enemies/bios/bio_hero_standard_01.dbr,((charLevel*11)^1.50)-20,Hero,sm1,40359.8493,40927.2425,111.0,121.0,armorbase03.dbr[106]=111.0,442747,453064,450012,460431,458084,468616,0.0,NO (L-33(b): falsified on camera; band A does not fold it either),records/proxies/poolsherogdx1/basilisk_hero.dbr,HERO,152|163,152,107,MEASURED,MEASURED-SET,NOT-IN-SCOPE — Lap D is the LIFE limb of I-1. Band-B monster damage is a separate decode (PM-4 queue I-2/I-5).
records/creatures/enemies/hero/basilisk_h04.dbr,0,0,1,0,107|108,107,108,records/creatures/enemies/bios/bio_hero_standard_01.dbr,((charLevel*11)^1.50)-20,Hero,sm1,40359.8493,40927.2425,111.0,121.0,armorbase03.dbr[106]=111.0,442747,453064,450012,460431,458084,468616,0.0,NO (L-33(b): falsified on camera; band A does not fold it either),records/proxies/poolsherogdx1/basilisk_hero.dbr,HERO,152|163,,,MEASURED,MEASURED-SET,NOT-IN-SCOPE — Lap D is the LIFE limb of I-1. Band-B monster damage is a separate decode (PM-4 queue I-2/I-5).
records/creatures/enemies/hero/basilisk_h05.dbr,0,0,1,0,107|108,107,108,records/creatures/enemies/bios/bio_hero_standard_01.dbr,((charLevel*11)^1.50)-20,Hero,sm3,40359.8493,40927.2425,111.0,121.0,armorbase03.dbr[106]=111.0,442747,453064,450012,460431,458084,468616,0.0,NO (L-33(b): falsified on camera; band A does not fold it either),records/proxies/poolsherogdx1/basilisk_hero.dbr,HERO,152|163,,,MEASURED,MEASURED-SET,NOT-IN-SCOPE — Lap D is the LIFE limb of I-1. Band-B monster damage is a separate decode (PM-4 queue I-2/I-5).
records/creatures/enemies/hero/chthoniandreadguard_h01.dbr,0,0,1,0,107|108,107,108,records/creatures/enemies/bios/bio_hero_bruiser_01.dbr,((charLevel*13)^1.50)-10,Hero,sm_mod,51868.8923,52597.8631,111.0,121.0,armorbase04.dbr[106]=111.0,569001,582258,578338,591725,588711,602245,0.0,NO (L-33(b): falsified on camera; band A does not fold it either),records/proxies/poolshero/chthoniandreadguard_hero.dbr,HERO,153,,,MEASURED,MEASURED-SET,NOT-IN-SCOPE — Lap D is the LIFE limb of I-1. Band-B monster damage is a separate decode (PM-4 queue I-2/I-5).
records/creatures/enemies/hero/chthoniandreadguard_h02.dbr,0,0,1,0,107|108,107,108,records/creatures/enemies/bios/bio_hero_assassin_01.dbr,((charLevel*11)^1.50)-20,Hero,sm_mod,40359.8493,40927.2425,111.0,121.0,armorbase04.dbr[106]=111.0,442747,453064,450012,460431,458084,468616,0.0,NO (L-33(b): falsified on camera; band A does not fold it either),records/proxies/poolshero/chthoniandreadguard_hero.dbr,HERO,153,,,MEASURED,MEASURED-SET,NOT-IN-SCOPE — Lap D is the LIFE limb of I-1. Band-B monster damage is a separate decode (PM-4 queue I-2/I-5).
records/creatures/enemies/hero/chthoniandreadguard_h03.dbr,0,0,1,0,107|108,107,108,records/creatures/enemies/bios/bio_hero_standard_extrahealth01.dbr,((charLevel*13)^1.50)+20,Hero,sm_mod,51898.8923,52627.8631,111.0,121.0,armorbase04.dbr[106]=111.0,569330,582590,578672,592063,589052,602589,0.0,NO (L-33(b): falsified on camera; band A does not fold it either),records/proxies/poolshero/chthoniandreadguard_hero.dbr,HERO,153,,,MEASURED,MEASURED-SET,NOT-IN-SCOPE — Lap D is the LIFE limb of I-1. Band-B monster damage is a separate decode (PM-4 queue I-2/I-5).
records/creatures/enemies/hero/chthoniandreadguard_h04.dbr,0,0,1,0,107|108,107,108,records/creatures/enemies/bios/bio_hero_standard_extrahealth01.dbr,((charLevel*13)^1.50)+20,Hero,sm_mod,51898.8923,52627.8631,111.0,121.0,armorbase04.dbr[106]=111.0,569330,582590,578672,592063,589052,602589,0.0,NO (L-33(b): falsified on camera; band A does not fold it either),records/proxies/poolshero/chthoniandreadguard_hero.dbr,HERO,153,,,MEASURED,MEASURED-SET,NOT-IN-SCOPE — Lap D is the LIFE limb of I-1. Band-B monster damage is a separate decode (PM-4 queue I-2/I-5).
records/creatures/enemies/hero/chthoniandreadguard_h05.dbr,0,0,1,0,107|108,107,108,records/creatures/enemies/bios/bio_hero_standard_extrahealth01.dbr,((charLevel*13)^1.50)+20,Hero,sm_mod,51898.8923,52627.8631,111.0,121.0,armorbase04.dbr[106]=111.0,569330,582590,578672,592063,589052,602589,0.0,NO (L-33(b): falsified on camera; band A does not fold it either),records/proxies/poolshero/chthoniandreadguard_hero.dbr,HERO,153,,,MEASURED,MEASURED-SET,NOT-IN-SCOPE — Lap D is the LIFE limb of I-1. Band-B monster damage is a separate decode (PM-4 queue I-2/I-5).
records/creatures/enemies/hero/chthoniandreadguard_h06.dbr,0,0,1,0,107|108,107,108,records/creatures/enemies/bios/bio_hero_standard_extrahealth01.dbr,((charLevel*13)^1.50)+20,Hero,sm3,51898.8923,52627.8631,111.0,121.0,armorbase04.dbr[106]=111.0,569330,582590,578672,592063,589052,602589,0.0,NO (L-33(b): falsified on camera; band A does not fold it either),records/proxies/poolshero/chthoniandreadguard_hero.dbr,HERO,153,,,MEASURED,MEASURED-SET,NOT-IN-SCOPE — Lap D is the LIFE limb of I-1. Band-B monster damage is a separate decode (PM-4 queue I-2/I-5).
records/creatures/enemies/hero/chthonianfiend_h01.dbr,0,0,1,0,107|108,107,108,records/creatures/enemies/bios/bio_hero_tank_01.dbr,((charLevel*14)^1.50)+20,Hero,sm_mod,57998.5994,58813.2796,111.0,121.0,armorbase03.dbr[106]=111.0,636244,651063,646684,661649,658284,673412,0.0,NO (L-33(b): falsified on camera; band A does not fold it either),records/proxies/poolshero/chthoniandreadguard_hero.dbr,HERO,153,,,MEASURED,MEASURED-SET,NOT-IN-SCOPE — Lap D is the LIFE limb of I-1. Band-B monster damage is a separate decode (PM-4 queue I-2/I-5).
records/creatures/enemies/hero/chthonianfiend_h02.dbr,0,0,1,0,107|108,107,108,records/creatures/enemies/bios/bio_hero_bruiser_01.dbr,((charLevel*13)^1.50)-10,Hero,sm_mod,51868.8923,52597.8631,111.0,121.0,armorbase03.dbr[106]=111.0,569001,582258,578338,591725,588711,602245,0.0,NO (L-33(b): falsified on camera; band A does not fold it either),records/proxies/poolshero/chthoniandreadguard_hero.dbr,HERO,153,,,MEASURED,MEASURED-SET,NOT-IN-SCOPE — Lap D is the LIFE limb of I-1. Band-B monster damage is a separate decode (PM-4 queue I-2/I-5).
records/creatures/enemies/hero/chthonianfiend_h03.dbr,0,0,1,0,107|108,107,108,records/creatures/enemies/bios/bio_hero_standard_01.dbr,((charLevel*11)^1.50)-20,Hero,sm_mod,40359.8493,40927.2425,111.0,121.0,armorbase03.dbr[106]=111.0,442747,453064,450012,460431,458084,468616,0.0,NO (L-33(b): falsified on camera; band A does not fold it either),records/proxies/poolshero/chthoniandreadguard_hero.dbr,HERO,153,,,MEASURED,MEASURED-SET,NOT-IN-SCOPE — Lap D is the LIFE limb of I-1. Band-B monster damage is a separate decode (PM-4 queue I-2/I-5).
records/creatures/enemies/hero/chthonianfiend_h04.dbr,0,0,1,0,107|108,107,108,records/creatures/enemies/bios/bio_hero_bruiser_01.dbr,((charLevel*13)^1.50)-10,Hero,sm_mod,51868.8923,52597.8631,111.0,121.0,armorbase03.dbr[106]=111.0,569001,582258,578338,591725,588711,602245,0.0,NO (L-33(b): falsified on camera; band A does not fold it either),records/proxies/poolshero/chthoniandreadguard_hero.dbr,HERO,153,,,MEASURED,MEASURED-SET,NOT-IN-SCOPE — Lap D is the LIFE limb of I-1. Band-B monster damage is a separate decode (PM-4 queue I-2/I-5).
records/creatures/enemies/hero/chthonianfiend_h05.dbr,0,0,1,0,107|108,107,108,records/creatures/enemies/bios/bio_hero_standard_01.dbr,((charLevel*11)^1.50)-20,Hero,sm_mod,40359.8493,40927.2425,111.0,121.0,armorbase03.dbr[106]=111.0,442747,453064,450012,460431,458084,468616,0.0,NO (L-33(b): falsified on camera; band A does not fold it either),records/proxies/poolshero/chthoniandreadguard_hero.dbr,HERO,153,,,MEASURED,MEASURED-SET,NOT-IN-SCOPE — Lap D is the LIFE limb of I-1. Band-B monster damage is a separate decode (PM-4 queue I-2/I-5).
records/creatures/enemies/hero/chthonianrylok_h01.dbr,0,0,1,0,107|108,107,108,records/creatures/enemies/bios/bio_hero_standard_extrahealth01.dbr,((charLevel*13)^1.50)+20,Hero,sm1,51898.8923,52627.8631,111.0,121.0,armorbase04.dbr[106]=111.0,569330,582590,578672,592063,589052,602589,0.0,NO (L-33(b): falsified on camera; band A does not fold it either),records/proxies/poolsherogdx1/chthonianrylok_hero.dbr,HERO,168,,,MEASURED,MEASURED-SET,NOT-IN-SCOPE — Lap D is the LIFE limb of I-1. Band-B monster damage is a separate decode (PM-4 queue I-2/I-5).
records/creatures/enemies/hero/chthonianrylok_h02.dbr,0,0,1,0,107|108,107,108,records/creatures/enemies/bios/bio_hero_standard_extrahealth01.dbr,((charLevel*13)^1.50)+20,Hero,sm1,51898.8923,52627.8631,111.0,121.0,armorbase04.dbr[106]=111.0,569330,582590,578672,592063,589052,602589,0.0,NO (L-33(b): falsified on camera; band A does not fold it either),records/proxies/poolsherogdx1/chthonianrylok_hero.dbr,HERO,168,,,MEASURED,MEASURED-SET,NOT-IN-SCOPE — Lap D is the LIFE limb of I-1. Band-B monster damage is a separate decode (PM-4 queue I-2/I-5).
records/creatures/enemies/hero/chthonianrylok_h03.dbr,0,0,1,0,107|108,107,108,records/creatures/enemies/bios/bio_hero_standard_extrahealth01.dbr,((charLevel*13)^1.50)+20,Hero,sm1,51898.8923,52627.8631,111.0,121.0,armorbase04.dbr[106]=111.0,569330,582590,578672,592063,589052,602589,0.0,NO (L-33(b): falsified on camera; band A does not fold it either),records/proxies/poolsherogdx1/chthonianrylok_hero.dbr,HERO,168,,,MEASURED,MEASURED-SET,NOT-IN-SCOPE — Lap D is the LIFE limb of I-1. Band-B monster damage is a separate decode (PM-4 queue I-2/I-5).
records/creatures/enemies/hero/chthonianrylok_h04.dbr,0,0,1,0,107|108,107,108,records/creatures/enemies/bios/bio_hero_standard_extrahealth01.dbr,((charLevel*13)^1.50)+20,Hero,sm1,51898.8923,52627.8631,111.0,121.0,armorbase04.dbr[106]=111.0,569330,582590,578672,592063,589052,602589,0.0,NO (L-33(b): falsified on camera; band A does not fold it either),records/proxies/poolsherogdx1/chthonianrylok_hero.dbr,HERO,168,,,MEASURED,MEASURED-SET,NOT-IN-SCOPE — Lap D is the LIFE limb of I-1. Band-B monster damage is a separate decode (PM-4 queue I-2/I-5).
records/creatures/enemies/hero/chthonianrylok_h05.dbr,0,0,1,0,107|108,107,108,records/creatures/enemies/bios/bio_hero_standard_extrahealth01.dbr,((charLevel*13)^1.50)+20,Hero,sm3,51898.8923,52627.8631,111.0,121.0,armorbase04.dbr[106]=111.0,569330,582590,578672,592063,589052,602589,0.0,NO (L-33(b): falsified on camera; band A does not fold it either),records/proxies/poolsherogdx1/chthonianrylok_hero.dbr,HERO,168,,,MEASURED,MEASURED-SET,NOT-IN-SCOPE — Lap D is the LIFE limb of I-1. Band-B monster damage is a separate decode (PM-4 queue I-2/I-5).
records/creatures/enemies/hero/dranghoul_h01.dbr,0,0,1,0,107|108,107,108,records/creatures/enemies/bios/bio_hero_assassin_01.dbr,((charLevel*11)^1.50)-20,Hero,sm3,40359.8493,40927.2425,111.0,121.0,armorbase04.dbr[106]=111.0,442747,453064,450012,460431,458084,468616,100.0,NO (L-33(b): falsified on camera; band A does not fold it either),records/proxies/poolsherogdx3/dranghoul_hero.dbr,HERO,158,,,MEASURED,MEASURED-SET,NOT-IN-SCOPE — Lap D is the LIFE limb of I-1. Band-B monster damage is a separate decode (PM-4 queue I-2/I-5).
records/creatures/enemies/hero/dranghoul_h02.dbr,0,0,1,0,107|108,107,108,records/creatures/enemies/bios/bio_hero_standard_01.dbr,((charLevel*11)^1.50)-20,Hero,sm3,40359.8493,40927.2425,111.0,121.0,armorbase04.dbr[106]=111.0,442747,453064,450012,460431,458084,468616,100.0,NO (L-33(b): falsified on camera; band A does not fold it either),records/proxies/poolsherogdx3/dranghoul_hero.dbr,HERO,158,,,MEASURED,MEASURED-SET,NOT-IN-SCOPE — Lap D is the LIFE limb of I-1. Band-B monster damage is a separate decode (PM-4 queue I-2/I-5).
records/creatures/enemies/hero/dranghoul_h03.dbr,0,0,1,0,107|108,107,108,records/creatures/enemies/bios/bio_hero_standard_01.dbr,((charLevel*11)^1.50)-20,Hero,sm3,40359.8493,40927.2425,111.0,121.0,armorbase04.dbr[106]=111.0,442747,453064,450012,460431,458084,468616,100.0,NO (L-33(b): falsified on camera; band A does not fold it either),records/proxies/poolsherogdx3/dranghoul_hero.dbr,HERO,158,,,MEASURED,MEASURED-SET,NOT-IN-SCOPE — Lap D is the LIFE limb of I-1. Band-B monster damage is a separate decode (PM-4 queue I-2/I-5).
records/creatures/enemies/hero/dranghoul_h04.dbr,0,0,1,0,107|108,107,108,records/creatures/enemies/bios/bio_hero_standard_01.dbr,((charLevel*11)^1.50)-20,Hero,sm3,40359.8493,40927.2425,111.0,121.0,armorbase04.dbr[106]=111.0,442747,453064,450012,460431,458084,468616,100.0,NO (L-33(b): falsified on camera; band A does not fold it either),records/proxies/poolsherogdx3/dranghoul_hero.dbr,HERO,158,,,MEASURED,MEASURED-SET,NOT-IN-SCOPE — Lap D is the LIFE limb of I-1. Band-B monster damage is a separate decode (PM-4 queue I-2/I-5).
records/creatures/enemies/hero/eldritchwraith_h01.dbr,0,0,1,0,107|108,107,108,records/creatures/enemies/bios/bio_hero_standard_01.dbr,((charLevel*11)^1.50)-20,Hero,sm2,40359.8493,40927.2425,111.0,121.0,armorbase03.dbr[106]=111.0,442747,453064,450012,460431,458084,468616,0.0,NO (L-33(b): falsified on camera; band A does not fold it either),records/proxies/poolsherogdx2/eldritchwraith_hero.dbr,HERO,163,,,MEASURED,MEASURED-SET,NOT-IN-SCOPE — Lap D is the LIFE limb of I-1. Band-B monster damage is a separate decode (PM-4 queue I-2/I-5).
records/creatures/enemies/hero/eldritchwraith_h02.dbr,0,0,1,0,107|108,107,108,records/creatures/enemies/bios/bio_hero_standard_01.dbr,((charLevel*11)^1.50)-20,Hero,sm2,40359.8493,40927.2425,111.0,121.0,armorbase03.dbr[106]=111.0,442747,453064,450012,460431,458084,468616,0.0,NO (L-33(b): falsified on camera; band A does not fold it either),records/proxies/poolsherogdx2/eldritchwraith_hero.dbr,HERO,163,,,MEASURED,MEASURED-SET,NOT-IN-SCOPE — Lap D is the LIFE limb of I-1. Band-B monster damage is a separate decode (PM-4 queue I-2/I-5).
records/creatures/enemies/hero/eldritchwraith_h03.dbr,0,0,1,0,107|108,107,108,records/creatures/enemies/bios/bio_hero_standard_01.dbr,((charLevel*11)^1.50)-20,Hero,sm2,40359.8493,40927.2425,111.0,121.0,armorbase03.dbr[106]=111.0,442747,453064,450012,460431,458084,468616,0.0,NO (L-33(b): falsified on camera; band A does not fold it either),records/proxies/poolsherogdx2/eldritchwraith_hero.dbr,HERO,163,,,MEASURED,MEASURED-SET,NOT-IN-SCOPE — Lap D is the LIFE limb of I-1. Band-B monster damage is a separate decode (PM-4 queue I-2/I-5).
records/creatures/enemies/hero/eldritchwraith_h04.dbr,0,0,1,0,107|108,107,108,records/creatures/enemies/bios/bio_hero_regenerator_01.dbr,((charLevel*9)^1.50)-20,Hero,sm2,29864.0484,30283.9609,111.0,121.0,armorbase03.dbr[106]=111.0,327608,335243,332984,340694,338956,346751,0.0,NO (L-33(b): falsified on camera; band A does not fold it either),records/proxies/poolsherogdx2/eldritchwraith_hero.dbr,HERO,163,,,MEASURED,MEASURED-SET,NOT-IN-SCOPE — Lap D is the LIFE limb of I-1. Band-B monster damage is a separate decode (PM-4 queue I-2/I-5).
records/creatures/enemies/hero/eldritchwraith_h05.dbr,0,0,1,0,107|108,107,108,records/creatures/enemies/bios/bio_hero_regenerator_01.dbr,((charLevel*9)^1.50)-20,Hero,sm3,29864.0484,30283.9609,111.0,121.0,armorbase03.dbr[106]=111.0,327608,335243,332984,340694,338956,346751,0.0,NO (L-33(b): falsified on camera; band A does not fold it either),records/proxies/poolsherogdx2/eldritchwraith_hero.dbr,HERO,163,,,MEASURED,MEASURED-SET,NOT-IN-SCOPE — Lap D is the LIFE limb of I-1. Band-B monster damage is a separate decode (PM-4 queue I-2/I-5).
records/creatures/enemies/hero/gargoyle_h01.dbr,1,0,1,0,107|108,107,108,records/creatures/enemies/bios/bio_hero_standard_extrahealth01.dbr,((charLevel*13)^1.50)+20,Hero,sm2,51898.8923,52627.8631,111.0,121.0,armorbase04.dbr[106]=111.0,569330,582590,578672,592063,589052,602589,0.0,NO (L-33(b): falsified on camera; band A does not fold it either),records/proxies/poolsherogdx2/gargoyle_hero.dbr,HERO,168,168,109,MEASURED,MEASURED-SET,NOT-IN-SCOPE — Lap D is the LIFE limb of I-1. Band-B monster damage is a separate decode (PM-4 queue I-2/I-5).
records/creatures/enemies/hero/gargoyle_h02.dbr,0,0,1,0,107|108,107,108,records/creatures/enemies/bios/bio_hero_standard_extrahealth01.dbr,((charLevel*13)^1.50)+20,Hero,sm2,51898.8923,52627.8631,111.0,121.0,armorbase04.dbr[106]=111.0,569330,582590,578672,592063,589052,602589,0.0,NO (L-33(b): falsified on camera; band A does not fold it either),records/proxies/poolsherogdx2/gargoyle_hero.dbr,HERO,168,,,MEASURED,MEASURED-SET,NOT-IN-SCOPE — Lap D is the LIFE limb of I-1. Band-B monster damage is a separate decode (PM-4 queue I-2/I-5).
records/creatures/enemies/hero/gargoyle_h03.dbr,0,0,1,0,107|108,107,108,records/creatures/enemies/bios/bio_hero_standard_extrahealth01.dbr,((charLevel*13)^1.50)+20,Hero,sm2,51898.8923,52627.8631,111.0,121.0,armorbase04.dbr[106]=111.0,569330,582590,578672,592063,589052,602589,0.0,NO (L-33(b): falsified on camera; band A does not fold it either),records/proxies/poolsherogdx2/gargoyle_hero.dbr,HERO,168,,,MEASURED,MEASURED-SET,NOT-IN-SCOPE — Lap D is the LIFE limb of I-1. Band-B monster damage is a separate decode (PM-4 queue I-2/I-5).
records/creatures/enemies/hero/gargoyle_h04.dbr,1,0,1,0,107|108,107,108,records/creatures/enemies/bios/bio_hero_standard_extrahealth01.dbr,((charLevel*13)^1.50)+20,Hero,sm2,51898.8923,52627.8631,111.0,121.0,armorbase04.dbr[106]=111.0,569330,582590,578672,592063,589052,602589,0.0,NO (L-33(b): falsified on camera; band A does not fold it either),records/proxies/poolsherogdx2/gargoyle_hero.dbr,HERO,168,168,109,MEASURED,MEASURED-SET,NOT-IN-SCOPE — Lap D is the LIFE limb of I-1. Band-B monster damage is a separate decode (PM-4 queue I-2/I-5).
records/creatures/enemies/hero/gargoyle_h05.dbr,1,0,1,0,107|108,107,108,records/creatures/enemies/bios/bio_hero_standard_extrahealth01.dbr,((charLevel*13)^1.50)+20,Hero,sm3,51898.8923,52627.8631,111.0,121.0,armorbase04.dbr[106]=111.0,569330,582590,578672,592063,589052,602589,0.0,NO (L-33(b): falsified on camera; band A does not fold it either),records/proxies/poolsherogdx2/gargoyle_hero.dbr,HERO,168,168,109,MEASURED,MEASURED-SET,NOT-IN-SCOPE — Lap D is the LIFE limb of I-1. Band-B monster damage is a separate decode (PM-4 queue I-2/I-5).
records/creatures/enemies/hero/ghostcrab_h01.dbr,0,0,1,0,107|108,107,108,records/creatures/enemies/bios/bio_hero_standard_01.dbr,((charLevel*11)^1.50)-20,Hero,sm3,40359.8493,40927.2425,111.0,121.0,armorbase03.dbr[106]=111.0,442747,453064,450012,460431,458084,468616,0.0,NO (L-33(b): falsified on camera; band A does not fold it either),records/proxies/poolsherogdx1/ghostcrab_hero.dbr,HERO,152,,,MEASURED,MEASURED-SET,NOT-IN-SCOPE — Lap D is the LIFE limb of I-1. Band-B monster damage is a separate decode (PM-4 queue I-2/I-5).
records/creatures/enemies/hero/ghostcrab_h02.dbr,0,0,1,0,107|108,107,108,records/creatures/enemies/bios/bio_hero_standard_01.dbr,((charLevel*11)^1.50)-20,Hero,sm3,40359.8493,40927.2425,111.0,121.0,armorbase03.dbr[106]=111.0,442747,453064,450012,460431,458084,468616,0.0,NO (L-33(b): falsified on camera; band A does not fold it either),records/proxies/poolsherogdx1/ghostcrab_hero.dbr,HERO,152,,,MEASURED,MEASURED-SET,NOT-IN-SCOPE — Lap D is the LIFE limb of I-1. Band-B monster damage is a separate decode (PM-4 queue I-2/I-5).
records/creatures/enemies/hero/ghostcrab_h03.dbr,0,0,1,0,107|108,107,108,records/creatures/enemies/bios/bio_hero_standard_01.dbr,((charLevel*11)^1.50)-20,Hero,sm3,40359.8493,40927.2425,111.0,121.0,armorbase03.dbr[106]=111.0,442747,453064,450012,460431,458084,468616,0.0,NO (L-33(b): falsified on camera; band A does not fold it either),records/proxies/poolsherogdx1/ghostcrab_hero.dbr,HERO,152,,,MEASURED,MEASURED-SET,NOT-IN-SCOPE — Lap D is the LIFE limb of I-1. Band-B monster damage is a separate decode (PM-4 queue I-2/I-5).
records/creatures/enemies/hero/ghostcrab_h04.dbr,0,0,1,0,107|108,107,108,records/creatures/enemies/bios/bio_hero_standard_01.dbr,((charLevel*11)^1.50)-20,Hero,sm3,40359.8493,40927.2425,111.0,121.0,armorbase03.dbr[106]=111.0,442747,453064,450012,460431,458084,468616,0.0,NO (L-33(b): falsified on camera; band A does not fold it either),records/proxies/poolsherogdx1/ghostcrab_hero.dbr,HERO,152,,,MEASURED,MEASURED-SET,NOT-IN-SCOPE — Lap D is the LIFE limb of I-1. Band-B monster damage is a separate decode (PM-4 queue I-2/I-5).
records/creatures/enemies/hero/ghostcrab_h05.dbr,0,0,1,0,107|108,107,108,records/creatures/enemies/bios/bio_hero_standard_01.dbr,((charLevel*11)^1.50)-20,Hero,sm3,40359.8493,40927.2425,111.0,121.0,armorbase03.dbr[106]=111.0,442747,453064,450012,460431,458084,468616,0.0,NO (L-33(b): falsified on camera; band A does not fold it either),records/proxies/poolsherogdx1/ghostcrab_hero.dbr,HERO,152,,,MEASURED,MEASURED-SET,NOT-IN-SCOPE — Lap D is the LIFE limb of I-1. Band-B monster damage is a separate decode (PM-4 queue I-2/I-5).
records/creatures/enemies/hero/giant_h01.dbr,0,0,1,0,107|108,107,108,records/creatures/enemies/bios/bio_hero_standard_extrahealth01.dbr,((charLevel*13)^1.50)+20,Hero,sm3,51898.8923,52627.8631,111.0,121.0,armorbase04.dbr[106]=111.0,569330,582590,578672,592063,589052,602589,0.0,NO (L-33(b): falsified on camera; band A does not fold it either),records/proxies/poolsherogdx3/giant_hero.dbr,HERO,153,,,MEASURED,MEASURED-SET,NOT-IN-SCOPE — Lap D is the LIFE limb of I-1. Band-B monster damage is a separate decode (PM-4 queue I-2/I-5).
records/creatures/enemies/hero/giant_h02.dbr,0,0,1,0,107|108,107,108,records/creatures/enemies/bios/bio_hero_standard_extrahealth01.dbr,((charLevel*13)^1.50)+20,Hero,sm3,51898.8923,52627.8631,111.0,121.0,armorbase04.dbr[106]=111.0,569330,582590,578672,592063,589052,602589,0.0,NO (L-33(b): falsified on camera; band A does not fold it either),records/proxies/poolsherogdx3/giant_hero.dbr,HERO,153,,,MEASURED,MEASURED-SET,NOT-IN-SCOPE — Lap D is the LIFE limb of I-1. Band-B monster damage is a separate decode (PM-4 queue I-2/I-5).
records/creatures/enemies/hero/giant_h03.dbr,0,0,1,0,107|108,107,108,records/creatures/enemies/bios/bio_hero_standard_extrahealth01.dbr,((charLevel*13)^1.50)+20,Hero,sm3,51898.8923,52627.8631,111.0,121.0,armorbase04.dbr[106]=111.0,569330,582590,578672,592063,589052,602589,0.0,NO (L-33(b): falsified on camera; band A does not fold it either),records/proxies/poolsherogdx3/giant_hero.dbr,HERO,153,,,MEASURED,MEASURED-SET,NOT-IN-SCOPE — Lap D is the LIFE limb of I-1. Band-B monster damage is a separate decode (PM-4 queue I-2/I-5).
records/creatures/enemies/hero/giant_h04.dbr,0,0,1,0,107|108,107,108,records/creatures/enemies/bios/bio_hero_standard_extrahealth01.dbr,((charLevel*13)^1.50)+20,Hero,sm3,51898.8923,52627.8631,111.0,121.0,armorbase04.dbr[106]=111.0,569330,582590,578672,592063,589052,602589,0.0,NO (L-33(b): falsified on camera; band A does not fold it either),records/proxies/poolsherogdx3/giant_hero.dbr,HERO,153,,,MEASURED,MEASURED-SET,NOT-IN-SCOPE — Lap D is the LIFE limb of I-1. Band-B monster damage is a separate decode (PM-4 queue I-2/I-5).
records/creatures/enemies/hero/gryphon_h01.dbr,0,0,1,0,107|108,107,108,records/creatures/enemies/bios/bio_hero_assassin_01.dbr,((charLevel*11)^1.50)-20,Hero,sm3,40359.8493,40927.2425,111.0,121.0,armorbase04.dbr[106]=111.0,442747,453064,450012,460431,458084,468616,0.0,NO (L-33(b): falsified on camera; band A does not fold it either),records/proxies/poolsherogdx2/gryphon_hero.dbr,HERO,161,,,MEASURED,MEASURED-SET,NOT-IN-SCOPE — Lap D is the LIFE limb of I-1. Band-B monster damage is a separate decode (PM-4 queue I-2/I-5).
records/creatures/enemies/hero/gryphon_h02.dbr,0,0,1,0,107|108,107,108,records/creatures/enemies/bios/bio_hero_assassin_01.dbr,((charLevel*11)^1.50)-20,Hero,sm3,40359.8493,40927.2425,111.0,121.0,armorbase04.dbr[106]=111.0,442747,453064,450012,460431,458084,468616,0.0,NO (L-33(b): falsified on camera; band A does not fold it either),records/proxies/poolsherogdx2/gryphon_hero.dbr,HERO,161,,,MEASURED,MEASURED-SET,NOT-IN-SCOPE — Lap D is the LIFE limb of I-1. Band-B monster damage is a separate decode (PM-4 queue I-2/I-5).
records/creatures/enemies/hero/gryphon_h03.dbr,0,0,1,0,107|108,107,108,records/creatures/enemies/bios/bio_hero_support_01.dbr,((charLevel*8)^1.50)-20,Hero,sm3,25024.4009,25376.3097,111.0,121.0,armorbase04.dbr[106]=111.0,274517,280915,279022,285483,284026,290558,0.0,NO (L-33(b): falsified on camera; band A does not fold it either),records/proxies/poolsherogdx2/gryphon_hero.dbr,HERO,161,,,MEASURED,MEASURED-SET,NOT-IN-SCOPE — Lap D is the LIFE limb of I-1. Band-B monster damage is a separate decode (PM-4 queue I-2/I-5).
records/creatures/enemies/hero/gryphon_h04.dbr,0,0,1,0,107|108,107,108,records/creatures/enemies/bios/bio_hero_regenerator_01.dbr,((charLevel*9)^1.50)-20,Hero,sm3,29864.0484,30283.9609,111.0,121.0,armorbase04.dbr[106]=111.0,327608,335243,332984,340694,338956,346751,0.0,NO (L-33(b): falsified on camera; band A does not fold it either),records/proxies/poolsherogdx2/gryphon_hero.dbr,HERO,161,,,MEASURED,MEASURED-SET,NOT-IN-SCOPE — Lap D is the LIFE limb of I-1. Band-B monster damage is a separate decode (PM-4 queue I-2/I-5).
records/creatures/enemies/hero/gryphon_h05.dbr,0,0,1,0,107|108,107,108,records/creatures/enemies/bios/bio_hero_regenerator_01.dbr,((charLevel*9)^1.50)-20,Hero,sm3,29864.0484,30283.9609,111.0,121.0,armorbase04.dbr[106]=111.0,327608,335243,332984,340694,338956,346751,0.0,NO (L-33(b): falsified on camera; band A does not fold it either),records/proxies/poolsherogdx2/gryphon_hero.dbr,HERO,161,,,MEASURED,MEASURED-SET,NOT-IN-SCOPE — Lap D is the LIFE limb of I-1. Band-B monster damage is a separate decode (PM-4 queue I-2/I-5).
records/creatures/enemies/hero/human_ascended_h01.dbr,0,0,1,0,107|108,107,108,records/creatures/enemies/bios/bio_hero_standard_01.dbr,((charLevel*11)^1.50)-20,Hero,sm1,40359.8493,40927.2425,111.0,121.0,armorbase03.dbr[106]=111.0,442747,453064,450012,460431,458084,468616,0.0,NO (L-33(b): falsified on camera; band A does not fold it either),records/proxies/poolsherogdx1/humanascended_hero.dbr,HERO,161,,,MEASURED,MEASURED-SET,NOT-IN-SCOPE — Lap D is the LIFE limb of I-1. Band-B monster damage is a separate decode (PM-4 queue I-2/I-5).
records/creatures/enemies/hero/human_ascended_h02.dbr,1,0,1,0,107|108,107,108,records/creatures/enemies/bios/bio_hero_standard_01.dbr,((charLevel*11)^1.50)-20,Hero,sm1,40359.8493,40927.2425,111.0,121.0,armorbase03.dbr[106]=111.0,442747,453064,450012,460431,458084,468616,0.0,NO (L-33(b): falsified on camera; band A does not fold it either),records/proxies/poolsherogdx1/humanascended_hero.dbr,HERO,161,161,109,MEASURED,MEASURED-SET,NOT-IN-SCOPE — Lap D is the LIFE limb of I-1. Band-B monster damage is a separate decode (PM-4 queue I-2/I-5).
records/creatures/enemies/hero/human_ascended_h03.dbr,0,0,1,0,107|108,107,108,records/creatures/enemies/bios/bio_hero_standard_01.dbr,((charLevel*11)^1.50)-20,Hero,sm1,40359.8493,40927.2425,111.0,121.0,armorbase03.dbr[106]=111.0,442747,453064,450012,460431,458084,468616,0.0,NO (L-33(b): falsified on camera; band A does not fold it either),records/proxies/poolsherogdx1/humanascended_hero.dbr,HERO,161,,,MEASURED,MEASURED-SET,NOT-IN-SCOPE — Lap D is the LIFE limb of I-1. Band-B monster damage is a separate decode (PM-4 queue I-2/I-5).
records/creatures/enemies/hero/human_ascended_h04.dbr,0,0,1,0,107|108,107,108,records/creatures/enemies/bios/bio_hero_standard_01.dbr,((charLevel*11)^1.50)-20,Hero,sm1,40359.8493,40927.2425,111.0,121.0,armorbase03.dbr[106]=111.0,442747,453064,450012,460431,458084,468616,0.0,NO (L-33(b): falsified on camera; band A does not fold it either),records/proxies/poolsherogdx1/humanascended_hero.dbr,HERO,161,,,MEASURED,MEASURED-SET,NOT-IN-SCOPE — Lap D is the LIFE limb of I-1. Band-B monster damage is a separate decode (PM-4 queue I-2/I-5).
records/creatures/enemies/hero/human_ascended_h05.dbr,1,0,1,0,107|108,107,108,records/creatures/enemies/bios/bio_hero_standard_01.dbr,((charLevel*11)^1.50)-20,Hero,sm3,40359.8493,40927.2425,111.0,121.0,armorbase03.dbr[106]=111.0,442747,453064,450012,460431,458084,468616,0.0,NO (L-33(b): falsified on camera; band A does not fold it either),records/proxies/poolsherogdx1/humanascended_hero.dbr,HERO,161,161,109,MEASURED,MEASURED-SET,NOT-IN-SCOPE — Lap D is the LIFE limb of I-1. Band-B monster damage is a separate decode (PM-4 queue I-2/I-5).
records/creatures/enemies/hero/human_wendigo_h01.dbr,0,0,1,0,107|108,107,108,records/creatures/enemies/bios/bio_hero_standard_01.dbr,((charLevel*11)^1.50)-20,Hero,sm1,40359.8493,40927.2425,111.0,121.0,armorbase03.dbr[106]=111.0,442747,453064,450012,460431,458084,468616,0.0,NO (L-33(b): falsified on camera; band A does not fold it either),records/proxies/poolsherogdx1/humanwendigo_hero.dbr,HERO,161,,,MEASURED,MEASURED-SET,NOT-IN-SCOPE — Lap D is the LIFE limb of I-1. Band-B monster damage is a separate decode (PM-4 queue I-2/I-5).
records/creatures/enemies/hero/human_wendigo_h02.dbr,0,0,1,0,107|108,107,108,records/creatures/enemies/bios/bio_hero_standard_01.dbr,((charLevel*11)^1.50)-20,Hero,sm1,40359.8493,40927.2425,111.0,121.0,armorbase03.dbr[106]=111.0,442747,453064,450012,460431,458084,468616,0.0,NO (L-33(b): falsified on camera; band A does not fold it either),records/proxies/poolsherogdx1/humanwendigo_hero.dbr,HERO,161,,,MEASURED,MEASURED-SET,NOT-IN-SCOPE — Lap D is the LIFE limb of I-1. Band-B monster damage is a separate decode (PM-4 queue I-2/I-5).
records/creatures/enemies/hero/human_wendigo_h03.dbr,0,0,1,0,107|108,107,108,records/creatures/enemies/bios/bio_hero_standard_01.dbr,((charLevel*11)^1.50)-20,Hero,sm1,40359.8493,40927.2425,111.0,121.0,armorbase03.dbr[106]=111.0,442747,453064,450012,460431,458084,468616,0.0,NO (L-33(b): falsified on camera; band A does not fold it either),records/proxies/poolsherogdx1/humanwendigo_hero.dbr,HERO,161,,,MEASURED,MEASURED-SET,NOT-IN-SCOPE — Lap D is the LIFE limb of I-1. Band-B monster damage is a separate decode (PM-4 queue I-2/I-5).
records/creatures/enemies/hero/human_wendigo_h04.dbr,0,0,1,0,107|108,107,108,records/creatures/enemies/bios/bio_hero_standard_01.dbr,((charLevel*11)^1.50)-20,Hero,sm1,40359.8493,40927.2425,111.0,121.0,armorbase03.dbr[106]=111.0,442747,453064,450012,460431,458084,468616,0.0,NO (L-33(b): falsified on camera; band A does not fold it either),records/proxies/poolsherogdx1/humanwendigo_hero.dbr,HERO,161,,,MEASURED,MEASURED-SET,NOT-IN-SCOPE — Lap D is the LIFE limb of I-1. Band-B monster damage is a separate decode (PM-4 queue I-2/I-5).
records/creatures/enemies/hero/human_wendigo_h05.dbr,0,0,1,0,107|108,107,108,records/creatures/enemies/bios/bio_hero_standard_01.dbr,((charLevel*11)^1.50)-20,Hero,sm3,40359.8493,40927.2425,111.0,121.0,armorbase03.dbr[106]=111.0,442747,453064,450012,460431,458084,468616,0.0,NO (L-33(b): falsified on camera; band A does not fold it either),records/proxies/poolsherogdx1/humanwendigo_hero.dbr,HERO,161,,,MEASURED,MEASURED-SET,NOT-IN-SCOPE — Lap D is the LIFE limb of I-1. Band-B monster damage is a separate decode (PM-4 queue I-2/I-5).
records/creatures/enemies/hero/hypporaven_h01.dbr,1,1,1,0,107|108,107,108,records/creatures/enemies/bios/bio_hero_assassin_01.dbr,((charLevel*11)^1.50)-20,Hero,sm3,40359.8493,40927.2425,111.0,121.0,armorbase04.dbr[106]=111.0,442747,453064,450012,460431,458084,468616,0.0,NO (L-33(b): falsified on camera; band A does not fold it either),records/proxies/poolsherogdx3/hypporaven_hero.dbr,HERO,158,158,109,MEASURED,MEASURED-SET,NOT-IN-SCOPE — Lap D is the LIFE limb of I-1. Band-B monster damage is a separate decode (PM-4 queue I-2/I-5).
records/creatures/enemies/hero/hypporaven_h02.dbr,0,0,1,0,107|108,107,108,records/creatures/enemies/bios/bio_hero_standard_01.dbr,((charLevel*11)^1.50)-20,Hero,sm3,40359.8493,40927.2425,111.0,121.0,armorbase04.dbr[106]=111.0,442747,453064,450012,460431,458084,468616,0.0,NO (L-33(b): falsified on camera; band A does not fold it either),records/proxies/poolsherogdx3/hypporaven_hero.dbr,HERO,158,,,MEASURED,MEASURED-SET,NOT-IN-SCOPE — Lap D is the LIFE limb of I-1. Band-B monster damage is a separate decode (PM-4 queue I-2/I-5).
records/creatures/enemies/hero/hypporaven_h03.dbr,1,1,1,0,107|108,107,108,records/creatures/enemies/bios/bio_hero_standard_01.dbr,((charLevel*11)^1.50)-20,Hero,sm3,40359.8493,40927.2425,111.0,121.0,armorbase04.dbr[106]=111.0,442747,453064,450012,460431,458084,468616,0.0,NO (L-33(b): falsified on camera; band A does not fold it either),records/proxies/poolsherogdx3/hypporaven_hero.dbr,HERO,158,158,109,MEASURED,MEASURED-SET,NOT-IN-SCOPE — Lap D is the LIFE limb of I-1. Band-B monster damage is a separate decode (PM-4 queue I-2/I-5).
records/creatures/enemies/hero/hypporaven_h04.dbr,0,0,1,0,107|108,107,108,records/creatures/enemies/bios/bio_hero_support_01.dbr,((charLevel*8)^1.50)-20,Hero,sm3,25024.4009,25376.3097,111.0,121.0,armorbase04.dbr[106]=111.0,274517,280915,279022,285483,284026,290558,0.0,NO (L-33(b): falsified on camera; band A does not fold it either),records/proxies/poolsherogdx3/hypporaven_hero.dbr,HERO,158,,,MEASURED,MEASURED-SET,NOT-IN-SCOPE — Lap D is the LIFE limb of I-1. Band-B monster damage is a separate decode (PM-4 queue I-2/I-5).
records/creatures/enemies/hero/rhino_h01.dbr,1,0,1,0,107|108,107,108,records/creatures/enemies/bios/bio_hero_standard_01.dbr,((charLevel*11)^1.50)-20,Hero,sm3,40359.8493,40927.2425,111.0,121.0,armorbase04.dbr[106]=111.0,442747,453064,450012,460431,458084,468616,0.0,NO (L-33(b): falsified on camera; band A does not fold it either),records/proxies/poolsherogdx3/rhino_hero.dbr,HERO,161,161,109,MEASURED,MEASURED-SET,NOT-IN-SCOPE — Lap D is the LIFE limb of I-1. Band-B monster damage is a separate decode (PM-4 queue I-2/I-5).
records/creatures/enemies/hero/rhino_h02.dbr,1,0,1,0,107|108,107,108,records/creatures/enemies/bios/bio_hero_standard_01.dbr,((charLevel*11)^1.50)-20,Hero,sm3,40359.8493,40927.2425,111.0,121.0,armorbase04.dbr[106]=111.0,442747,453064,450012,460431,458084,468616,0.0,NO (L-33(b): falsified on camera; band A does not fold it either),records/proxies/poolsherogdx3/rhino_hero.dbr,HERO,161,161,109,MEASURED,MEASURED-SET,NOT-IN-SCOPE — Lap D is the LIFE limb of I-1. Band-B monster damage is a separate decode (PM-4 queue I-2/I-5).
records/creatures/enemies/hero/rhino_h03.dbr,1,0,1,0,107|108,107,108,records/creatures/enemies/bios/bio_hero_standard_01.dbr,((charLevel*11)^1.50)-20,Hero,sm3,40359.8493,40927.2425,111.0,121.0,armorbase04.dbr[106]=111.0,442747,453064,450012,460431,458084,468616,0.0,NO (L-33(b): falsified on camera; band A does not fold it either),records/proxies/poolsherogdx3/rhino_hero.dbr,HERO,161,161,109,MEASURED,MEASURED-SET,NOT-IN-SCOPE — Lap D is the LIFE limb of I-1. Band-B monster damage is a separate decode (PM-4 queue I-2/I-5).
records/creatures/enemies/hero/rhino_h04.dbr,0,0,1,0,107|108,107,108,records/creatures/enemies/bios/bio_hero_standard_01.dbr,((charLevel*11)^1.50)-20,Hero,sm3,40359.8493,40927.2425,111.0,121.0,armorbase04.dbr[106]=111.0,442747,453064,450012,460431,458084,468616,0.0,NO (L-33(b): falsified on camera; band A does not fold it either),records/proxies/poolsherogdx3/rhino_hero.dbr,HERO,161,,,MEASURED,MEASURED-SET,NOT-IN-SCOPE — Lap D is the LIFE limb of I-1. Band-B monster damage is a separate decode (PM-4 queue I-2/I-5).
records/creatures/enemies/hero/springscrab_h01.dbr,1,1,1,0,107|108,107,108,records/creatures/enemies/bios/bio_hero_standard_01.dbr,((charLevel*11)^1.50)-20,Hero,sm3,40359.8493,40927.2425,111.0,121.0,armorbase03.dbr[106]=111.0,442747,453064,450012,460431,458084,468616,0.0,NO (L-33(b): falsified on camera; band A does not fold it either),records/proxies/poolsherogdx3/springscrab_hero.dbr,HERO,152,152,109,MEASURED,MEASURED-SET,NOT-IN-SCOPE — Lap D is the LIFE limb of I-1. Band-B monster damage is a separate decode (PM-4 queue I-2/I-5).
records/creatures/enemies/hero/springscrab_h02.dbr,1,1,1,0,107|108,107,108,records/creatures/enemies/bios/bio_hero_standard_01.dbr,((charLevel*11)^1.50)-20,Hero,sm3,40359.8493,40927.2425,111.0,121.0,armorbase03.dbr[106]=111.0,442747,453064,450012,460431,458084,468616,0.0,NO (L-33(b): falsified on camera; band A does not fold it either),records/proxies/poolsherogdx3/springscrab_hero.dbr,HERO,152,152,109,MEASURED,MEASURED-SET,NOT-IN-SCOPE — Lap D is the LIFE limb of I-1. Band-B monster damage is a separate decode (PM-4 queue I-2/I-5).
records/creatures/enemies/hero/springscrab_h03.dbr,0,0,1,0,107|108,107,108,records/creatures/enemies/bios/bio_hero_standard_01.dbr,((charLevel*11)^1.50)-20,Hero,sm3,40359.8493,40927.2425,111.0,121.0,armorbase03.dbr[106]=111.0,442747,453064,450012,460431,458084,468616,0.0,NO (L-33(b): falsified on camera; band A does not fold it either),records/proxies/poolsherogdx3/springscrab_hero.dbr,HERO,152,,,MEASURED,MEASURED-SET,NOT-IN-SCOPE — Lap D is the LIFE limb of I-1. Band-B monster damage is a separate decode (PM-4 queue I-2/I-5).
records/creatures/enemies/hero/springscrab_h04.dbr,1,1,1,0,107|108,107,108,records/creatures/enemies/bios/bio_hero_standard_01.dbr,((charLevel*11)^1.50)-20,Hero,sm3,40359.8493,40927.2425,111.0,121.0,armorbase03.dbr[106]=111.0,442747,453064,450012,460431,458084,468616,0.0,NO (L-33(b): falsified on camera; band A does not fold it either),records/proxies/poolsherogdx3/springscrab_hero.dbr,HERO,152,152,109,MEASURED,MEASURED-SET,NOT-IN-SCOPE — Lap D is the LIFE limb of I-1. Band-B monster damage is a separate decode (PM-4 queue I-2/I-5).
records/creatures/enemies/hero/swampcrab_h01.dbr,0,0,1,0,107|108,107,108,records/creatures/enemies/bios/bio_hero_standard_01.dbr,((charLevel*11)^1.50)-20,Hero,sm3,40359.8493,40927.2425,111.0,121.0,armorbase03.dbr[106]=111.0,442747,453064,450012,460431,458084,468616,0.0,NO (L-33(b): falsified on camera; band A does not fold it either),records/proxies/poolsherogdx1/swampcrab_hero.dbr,HERO,152,,,MEASURED,MEASURED-SET,NOT-IN-SCOPE — Lap D is the LIFE limb of I-1. Band-B monster damage is a separate decode (PM-4 queue I-2/I-5).
records/creatures/enemies/hero/swampcrab_h02.dbr,0,0,1,0,107|108,107,108,records/creatures/enemies/bios/bio_hero_standard_01.dbr,((charLevel*11)^1.50)-20,Hero,sm3,40359.8493,40927.2425,111.0,121.0,armorbase03.dbr[106]=111.0,442747,453064,450012,460431,458084,468616,0.0,NO (L-33(b): falsified on camera; band A does not fold it either),records/proxies/poolsherogdx1/swampcrab_hero.dbr,HERO,152,,,MEASURED,MEASURED-SET,NOT-IN-SCOPE — Lap D is the LIFE limb of I-1. Band-B monster damage is a separate decode (PM-4 queue I-2/I-5).
records/creatures/enemies/hero/swampcrab_h03.dbr,0,0,1,0,107|108,107,108,records/creatures/enemies/bios/bio_hero_standard_01.dbr,((charLevel*11)^1.50)-20,Hero,sm3,40359.8493,40927.2425,111.0,121.0,armorbase03.dbr[106]=111.0,442747,453064,450012,460431,458084,468616,0.0,NO (L-33(b): falsified on camera; band A does not fold it either),records/proxies/poolsherogdx1/swampcrab_hero.dbr,HERO,152,,,MEASURED,MEASURED-SET,NOT-IN-SCOPE — Lap D is the LIFE limb of I-1. Band-B monster damage is a separate decode (PM-4 queue I-2/I-5).
records/creatures/enemies/hero/swampcrab_h04.dbr,0,0,1,0,107|108,107,108,records/creatures/enemies/bios/bio_hero_standard_01.dbr,((charLevel*11)^1.50)-20,Hero,sm3,40359.8493,40927.2425,111.0,121.0,armorbase03.dbr[106]=111.0,442747,453064,450012,460431,458084,468616,0.0,NO (L-33(b): falsified on camera; band A does not fold it either),records/proxies/poolsherogdx1/swampcrab_hero.dbr,HERO,152,,,MEASURED,MEASURED-SET,NOT-IN-SCOPE — Lap D is the LIFE limb of I-1. Band-B monster damage is a separate decode (PM-4 queue I-2/I-5).
records/creatures/enemies/hero/swampcrab_h05.dbr,0,0,1,0,107|108,107,108,records/creatures/enemies/bios/bio_hero_standard_01.dbr,((charLevel*11)^1.50)-20,Hero,sm3,40359.8493,40927.2425,111.0,121.0,armorbase03.dbr[106]=111.0,442747,453064,450012,460431,458084,468616,0.0,NO (L-33(b): falsified on camera; band A does not fold it either),records/proxies/poolsherogdx1/swampcrab_hero.dbr,HERO,152,,,MEASURED,MEASURED-SET,NOT-IN-SCOPE — Lap D is the LIFE limb of I-1. Band-B monster damage is a separate decode (PM-4 queue I-2/I-5).
records/creatures/enemies/hero/swampgolem_h01.dbr,1,1,1,0,107|108,107,108,records/creatures/enemies/bios/bio_hero_standard_extrahealth01.dbr,((charLevel*13)^1.50)+20,Hero,sm3,51898.8923,52627.8631,111.0,121.0,armorbase04.dbr[106]=111.0,569330,582590,578672,592063,589052,602589,0.0,NO (L-33(b): falsified on camera; band A does not fold it either),records/proxies/poolsherogdx1/swampgolem_hero.dbr,HERO,151|161,151,109,MEASURED,MEASURED-SET,NOT-IN-SCOPE — Lap D is the LIFE limb of I-1. Band-B monster damage is a separate decode (PM-4 queue I-2/I-5).
records/creatures/enemies/hero/swampgolem_h02.dbr,1,1,1,0,107|108,107,108,records/creatures/enemies/bios/bio_hero_standard_01.dbr,((charLevel*11)^1.50)-20,Hero,sm3,40359.8493,40927.2425,111.0,121.0,armorbase04.dbr[106]=111.0,442747,453064,450012,460431,458084,468616,0.0,NO (L-33(b): falsified on camera; band A does not fold it either),records/proxies/poolsherogdx1/swampgolem_hero.dbr,HERO,151|161,151,109,MEASURED,MEASURED-SET,NOT-IN-SCOPE — Lap D is the LIFE limb of I-1. Band-B monster damage is a separate decode (PM-4 queue I-2/I-5).
records/creatures/enemies/hero/swampgolem_h03.dbr,0,0,1,0,107|108,107,108,records/creatures/enemies/bios/bio_hero_standard_extrahealth01.dbr,((charLevel*13)^1.50)+20,Hero,sm3,51898.8923,52627.8631,111.0,121.0,armorbase04.dbr[106]=111.0,569330,582590,578672,592063,589052,602589,0.0,NO (L-33(b): falsified on camera; band A does not fold it either),records/proxies/poolsherogdx1/swampgolem_hero.dbr,HERO,151|161,,,MEASURED,MEASURED-SET,NOT-IN-SCOPE — Lap D is the LIFE limb of I-1. Band-B monster damage is a separate decode (PM-4 queue I-2/I-5).
records/creatures/enemies/hero/swampgolem_h04.dbr,0,0,1,0,107|108,107,108,records/creatures/enemies/bios/bio_hero_standard_extrahealth01.dbr,((charLevel*13)^1.50)+20,Hero,sm3,51898.8923,52627.8631,111.0,121.0,armorbase04.dbr[106]=111.0,569330,582590,578672,592063,589052,602589,0.0,NO (L-33(b): falsified on camera; band A does not fold it either),records/proxies/poolsherogdx1/swampgolem_hero.dbr,HERO,151|161,,,MEASURED,MEASURED-SET,NOT-IN-SCOPE — Lap D is the LIFE limb of I-1. Band-B monster damage is a separate decode (PM-4 queue I-2/I-5).
records/creatures/enemies/hero/swampgolem_h05.dbr,1,1,1,0,107|108,107,108,records/creatures/enemies/bios/bio_hero_standard_extrahealth01.dbr,((charLevel*13)^1.50)+20,Hero,sm3,51898.8923,52627.8631,111.0,121.0,armorbase04.dbr[106]=111.0,569330,582590,578672,592063,589052,602589,0.0,NO (L-33(b): falsified on camera; band A does not fold it either),records/proxies/poolsherogdx1/swampgolem_hero.dbr,HERO,151|161,151,109,MEASURED,MEASURED-SET,NOT-IN-SCOPE — Lap D is the LIFE limb of I-1. Band-B monster damage is a separate decode (PM-4 queue I-2/I-5).
records/creatures/enemies/hero/thornedhorrorfrost_h01.dbr,0,0,1,0,107|108,107,108,records/creatures/enemies/bios/bio_hero_standard_01.dbr,((charLevel*11)^1.50)-20,Hero,sm3,40359.8493,40927.2425,111.0,121.0,armorbase03.dbr[106]=111.0,442747,453064,450012,460431,458084,468616,0.0,NO (L-33(b): falsified on camera; band A does not fold it either),records/proxies/poolsherogdx3/thornedhorrorfrost_hero.dbr,HERO,152,,,MEASURED,MEASURED-SET,NOT-IN-SCOPE — Lap D is the LIFE limb of I-1. Band-B monster damage is a separate decode (PM-4 queue I-2/I-5).
records/creatures/enemies/hero/thornedhorrorfrost_h02.dbr,0,0,1,0,107|108,107,108,records/creatures/enemies/bios/bio_hero_standard_01.dbr,((charLevel*11)^1.50)-20,Hero,sm3,40359.8493,40927.2425,111.0,121.0,armorbase03.dbr[106]=111.0,442747,453064,450012,460431,458084,468616,0.0,NO (L-33(b): falsified on camera; band A does not fold it either),records/proxies/poolsherogdx3/thornedhorrorfrost_hero.dbr,HERO,152,,,MEASURED,MEASURED-SET,NOT-IN-SCOPE — Lap D is the LIFE limb of I-1. Band-B monster damage is a separate decode (PM-4 queue I-2/I-5).
records/creatures/enemies/hero/thornedhorrorfrost_h03.dbr,0,0,1,0,107|108,107,108,records/creatures/enemies/bios/bio_hero_standard_01.dbr,((charLevel*11)^1.50)-20,Hero,sm3,40359.8493,40927.2425,111.0,121.0,armorbase03.dbr[106]=111.0,442747,453064,450012,460431,458084,468616,0.0,NO (L-33(b): falsified on camera; band A does not fold it either),records/proxies/poolsherogdx3/thornedhorrorfrost_hero.dbr,HERO,152,,,MEASURED,MEASURED-SET,NOT-IN-SCOPE — Lap D is the LIFE limb of I-1. Band-B monster damage is a separate decode (PM-4 queue I-2/I-5).
records/creatures/enemies/hero/thornedhorrorfrost_h04.dbr,0,0,1,0,107|108,107,108,records/creatures/enemies/bios/bio_hero_standard_01.dbr,((charLevel*11)^1.50)-20,Hero,sm3,40359.8493,40927.2425,111.0,121.0,armorbase03.dbr[106]=111.0,442747,453064,450012,460431,458084,468616,0.0,NO (L-33(b): falsified on camera; band A does not fold it either),records/proxies/poolsherogdx3/thornedhorrorfrost_hero.dbr,HERO,152,,,MEASURED,MEASURED-SET,NOT-IN-SCOPE — Lap D is the LIFE limb of I-1. Band-B monster damage is a separate decode (PM-4 queue I-2/I-5).
records/creatures/enemies/hero/viper_h01.dbr,0,0,1,0,107|108,107,108,records/creatures/enemies/bios/bio_hero_standard_01.dbr,((charLevel*11)^1.50)-20,Hero,sm2,40359.8493,40927.2425,111.0,121.0,armorbase03.dbr[106]=111.0,442747,453064,450012,460431,458084,468616,0.0,NO (L-33(b): falsified on camera; band A does not fold it either),records/proxies/poolsherogdx2/viper_hero.dbr,HERO,163,,,MEASURED,MEASURED-SET,NOT-IN-SCOPE — Lap D is the LIFE limb of I-1. Band-B monster damage is a separate decode (PM-4 queue I-2/I-5).
records/creatures/enemies/hero/viper_h02.dbr,1,0,1,0,107|108,107,108,records/creatures/enemies/bios/bio_hero_standard_01.dbr,((charLevel*11)^1.50)-20,Hero,sm2,40359.8493,40927.2425,111.0,121.0,armorbase03.dbr[106]=111.0,442747,453064,450012,460431,458084,468616,0.0,NO (L-33(b): falsified on camera; band A does not fold it either),records/proxies/poolsherogdx2/viper_hero.dbr,HERO,163,163,109,MEASURED,MEASURED-SET,NOT-IN-SCOPE — Lap D is the LIFE limb of I-1. Band-B monster damage is a separate decode (PM-4 queue I-2/I-5).
records/creatures/enemies/hero/viper_h03.dbr,0,0,1,0,107|108,107,108,records/creatures/enemies/bios/bio_hero_regenerator_01.dbr,((charLevel*9)^1.50)-20,Hero,sm2,29864.0484,30283.9609,111.0,121.0,armorbase03.dbr[106]=111.0,327608,335243,332984,340694,338956,346751,0.0,NO (L-33(b): falsified on camera; band A does not fold it either),records/proxies/poolsherogdx2/viper_hero.dbr,HERO,163,,,MEASURED,MEASURED-SET,NOT-IN-SCOPE — Lap D is the LIFE limb of I-1. Band-B monster damage is a separate decode (PM-4 queue I-2/I-5).
records/creatures/enemies/hero/viper_h04.dbr,1,0,1,0,107|108,107,108,records/creatures/enemies/bios/bio_hero_standard_01.dbr,((charLevel*11)^1.50)-20,Hero,sm2,40359.8493,40927.2425,111.0,121.0,armorbase03.dbr[106]=111.0,442747,453064,450012,460431,458084,468616,0.0,NO (L-33(b): falsified on camera; band A does not fold it either),records/proxies/poolsherogdx2/viper_hero.dbr,HERO,163,163,109,MEASURED,MEASURED-SET,NOT-IN-SCOPE — Lap D is the LIFE limb of I-1. Band-B monster damage is a separate decode (PM-4 queue I-2/I-5).
records/creatures/enemies/hero/viper_h05.dbr,0,0,1,0,107|108,107,108,records/creatures/enemies/bios/bio_hero_standard_01.dbr,((charLevel*11)^1.50)-20,Hero,sm3,40359.8493,40927.2425,111.0,121.0,armorbase03.dbr[106]=111.0,442747,453064,450012,460431,458084,468616,0.0,NO (L-33(b): falsified on camera; band A does not fold it either),records/proxies/poolsherogdx2/viper_hero.dbr,HERO,163,,,MEASURED,MEASURED-SET,NOT-IN-SCOPE — Lap D is the LIFE limb of I-1. Band-B monster damage is a separate decode (PM-4 queue I-2/I-5).
records/creatures/enemies/hero/wendigo_h01.dbr,1,1,1,0,107|108,107,108,records/creatures/enemies/bios/bio_hero_standard_extrahealth01.dbr,((charLevel*13)^1.50)+20,Hero,sm1,51898.8923,52627.8631,111.0,121.0,armorbase04.dbr[106]=111.0,569330,582590,578672,592063,589052,602589,0.0,NO (L-33(b): falsified on camera; band A does not fold it either),records/proxies/poolsherogdx1/wendigo_hero.dbr,HERO,151,151,109,MEASURED,MEASURED-SET,NOT-IN-SCOPE — Lap D is the LIFE limb of I-1. Band-B monster damage is a separate decode (PM-4 queue I-2/I-5).
records/creatures/enemies/hero/wendigo_h02.dbr,0,0,1,0,107|108,107,108,records/creatures/enemies/bios/bio_hero_standard_extrahealth01.dbr,((charLevel*13)^1.50)+20,Hero,sm1,51898.8923,52627.8631,111.0,121.0,armorbase04.dbr[106]=111.0,569330,582590,578672,592063,589052,602589,0.0,NO (L-33(b): falsified on camera; band A does not fold it either),records/proxies/poolsherogdx1/wendigo_hero.dbr,HERO,151,,,MEASURED,MEASURED-SET,NOT-IN-SCOPE — Lap D is the LIFE limb of I-1. Band-B monster damage is a separate decode (PM-4 queue I-2/I-5).
records/creatures/enemies/hero/wendigo_h03.dbr,0,0,1,0,107|108,107,108,records/creatures/enemies/bios/bio_hero_standard_extrahealth01.dbr,((charLevel*13)^1.50)+20,Hero,sm1,51898.8923,52627.8631,111.0,121.0,armorbase04.dbr[106]=111.0,569330,582590,578672,592063,589052,602589,0.0,NO (L-33(b): falsified on camera; band A does not fold it either),records/proxies/poolsherogdx1/wendigo_hero.dbr,HERO,151,,,MEASURED,MEASURED-SET,NOT-IN-SCOPE — Lap D is the LIFE limb of I-1. Band-B monster damage is a separate decode (PM-4 queue I-2/I-5).
records/creatures/enemies/hero/wendigo_h04.dbr,1,1,1,0,107|108,107,108,records/creatures/enemies/bios/bio_hero_standard_extrahealth01.dbr,((charLevel*13)^1.50)+20,Hero,sm1,51898.8923,52627.8631,111.0,121.0,armorbase04.dbr[106]=111.0,569330,582590,578672,592063,589052,602589,0.0,NO (L-33(b): falsified on camera; band A does not fold it either),records/proxies/poolsherogdx1/wendigo_hero.dbr,HERO,151,151,109,MEASURED,MEASURED-SET,NOT-IN-SCOPE — Lap D is the LIFE limb of I-1. Band-B monster damage is a separate decode (PM-4 queue I-2/I-5).
records/creatures/enemies/hero/wendigo_h05.dbr,0,0,1,0,107|108,107,108,records/creatures/enemies/bios/bio_hero_standard_extrahealth01.dbr,((charLevel*13)^1.50)+20,Hero,sm3,51898.8923,52627.8631,111.0,121.0,armorbase04.dbr[106]=111.0,569330,582590,578672,592063,589052,602589,0.0,NO (L-33(b): falsified on camera; band A does not fold it either),records/proxies/poolsherogdx1/wendigo_hero.dbr,HERO,151,,,MEASURED,MEASURED-SET,NOT-IN-SCOPE — Lap D is the LIFE limb of I-1. Band-B monster damage is a separate decode (PM-4 queue I-2/I-5).
records/creatures/enemies/hero/wendigocannibal_h01.dbr,0,0,1,0,107|108,107,108,records/creatures/enemies/bios/bio_hero_standard_01.dbr,((charLevel*11)^1.50)-20,Hero,sm1,40359.8493,40927.2425,111.0,121.0,armorbase04.dbr[106]=111.0,442747,453064,450012,460431,458084,468616,0.0,NO (L-33(b): falsified on camera; band A does not fold it either),records/proxies/poolsherogdx1/wendigocannibal_hero.dbr,HERO,160,,,MEASURED,MEASURED-SET,NOT-IN-SCOPE — Lap D is the LIFE limb of I-1. Band-B monster damage is a separate decode (PM-4 queue I-2/I-5).
records/creatures/enemies/hero/wendigocannibal_h02.dbr,0,0,1,0,107|108,107,108,records/creatures/enemies/bios/bio_hero_standard_01.dbr,((charLevel*11)^1.50)-20,Hero,sm1,40359.8493,40927.2425,111.0,121.0,armorbase04.dbr[106]=111.0,442747,453064,450012,460431,458084,468616,0.0,NO (L-33(b): falsified on camera; band A does not fold it either),records/proxies/poolsherogdx1/wendigocannibal_hero.dbr,HERO,160,,,MEASURED,MEASURED-SET,NOT-IN-SCOPE — Lap D is the LIFE limb of I-1. Band-B monster damage is a separate decode (PM-4 queue I-2/I-5).
records/creatures/enemies/hero/wendigocannibal_h03.dbr,0,0,1,0,107|108,107,108,records/creatures/enemies/bios/bio_hero_standard_01.dbr,((charLevel*11)^1.50)-20,Hero,sm1,40359.8493,40927.2425,111.0,121.0,armorbase04.dbr[106]=111.0,442747,453064,450012,460431,458084,468616,0.0,NO (L-33(b): falsified on camera; band A does not fold it either),records/proxies/poolsherogdx1/wendigocannibal_hero.dbr,HERO,160,,,MEASURED,MEASURED-SET,NOT-IN-SCOPE — Lap D is the LIFE limb of I-1. Band-B monster damage is a separate decode (PM-4 queue I-2/I-5).
records/creatures/enemies/hero/wendigocannibal_h04.dbr,0,0,1,0,107|108,107,108,records/creatures/enemies/bios/bio_hero_standard_01.dbr,((charLevel*11)^1.50)-20,Hero,sm1,40359.8493,40927.2425,111.0,121.0,armorbase04.dbr[106]=111.0,442747,453064,450012,460431,458084,468616,0.0,NO (L-33(b): falsified on camera; band A does not fold it either),records/proxies/poolsherogdx1/wendigocannibal_hero.dbr,HERO,160,,,MEASURED,MEASURED-SET,NOT-IN-SCOPE — Lap D is the LIFE limb of I-1. Band-B monster damage is a separate decode (PM-4 queue I-2/I-5).
records/creatures/enemies/hero/wendigocannibal_h05.dbr,0,0,1,0,107|108,107,108,records/creatures/enemies/bios/bio_hero_standard_01.dbr,((charLevel*11)^1.50)-20,Hero,sm3,40359.8493,40927.2425,111.0,121.0,armorbase04.dbr[106]=111.0,442747,453064,450012,460431,458084,468616,0.0,NO (L-33(b): falsified on camera; band A does not fold it either),records/proxies/poolsherogdx1/wendigocannibal_hero.dbr,HERO,160,,,MEASURED,MEASURED-SET,NOT-IN-SCOPE — Lap D is the LIFE limb of I-1. Band-B monster damage is a separate decode (PM-4 queue I-2/I-5).
records/creatures/enemies/hero/wight_h01.dbr,0,0,1,0,107|108,107,108,records/creatures/enemies/bios/bio_hero_support_01.dbr,((charLevel*8)^1.50)-20,Hero,sm3,25024.4009,25376.3097,111.0,121.0,armorbase04.dbr[106]=111.0,274517,280915,279022,285483,284026,290558,100.0,NO (L-33(b): falsified on camera; band A does not fold it either),records/proxies/poolsherogdx3/wight_hero.dbr,HERO,157,,,MEASURED,MEASURED-SET,NOT-IN-SCOPE — Lap D is the LIFE limb of I-1. Band-B monster damage is a separate decode (PM-4 queue I-2/I-5).
records/creatures/enemies/hero/wight_h02.dbr,0,0,1,0,107|108,107,108,records/creatures/enemies/bios/bio_hero_standard_01.dbr,((charLevel*11)^1.50)-20,Hero,sm3,40359.8493,40927.2425,111.0,121.0,armorbase04.dbr[106]=111.0,442747,453064,450012,460431,458084,468616,100.0,NO (L-33(b): falsified on camera; band A does not fold it either),records/proxies/poolsherogdx3/wight_hero.dbr,HERO,157,,,MEASURED,MEASURED-SET,NOT-IN-SCOPE — Lap D is the LIFE limb of I-1. Band-B monster damage is a separate decode (PM-4 queue I-2/I-5).
records/creatures/enemies/hero/wight_h03.dbr,0,0,1,0,107|108,107,108,records/creatures/enemies/bios/bio_hero_standard_01.dbr,((charLevel*11)^1.50)-20,Hero,sm3,40359.8493,40927.2425,111.0,121.0,armorbase04.dbr[106]=111.0,442747,453064,450012,460431,458084,468616,100.0,NO (L-33(b): falsified on camera; band A does not fold it either),records/proxies/poolsherogdx3/wight_hero.dbr,HERO,157,,,MEASURED,MEASURED-SET,NOT-IN-SCOPE — Lap D is the LIFE limb of I-1. Band-B monster damage is a separate decode (PM-4 queue I-2/I-5).
records/creatures/enemies/hero/wight_h04.dbr,0,0,1,0,107|108,107,108,records/creatures/enemies/bios/bio_hero_assassin_01.dbr,((charLevel*11)^1.50)-20,Hero,sm3,40359.8493,40927.2425,111.0,121.0,armorbase04.dbr[106]=111.0,442747,453064,450012,460431,458084,468616,100.0,NO (L-33(b): falsified on camera; band A does not fold it either),records/proxies/poolsherogdx3/wight_hero.dbr,HERO,157,,,MEASURED,MEASURED-SET,NOT-IN-SCOPE — Lap D is the LIFE limb of I-1. Band-B monster damage is a separate decode (PM-4 queue I-2/I-5).
records/creatures/enemies/hero/wraith_h01.dbr,0,0,1,0,107|108,107,108,records/creatures/enemies/bios/bio_hero_standard_01.dbr,((charLevel*11)^1.50)-20,Hero,sm1,40359.8493,40927.2425,111.0,121.0,armorbase03.dbr[106]=111.0,442747,453064,450012,460431,458084,468616,0.0,NO (L-33(b): falsified on camera; band A does not fold it either),records/proxies/poolsherogdx1/wraith_hero.dbr,HERO,151|158|163,,,MEASURED,MEASURED-SET,NOT-IN-SCOPE — Lap D is the LIFE limb of I-1. Band-B monster damage is a separate decode (PM-4 queue I-2/I-5).
records/creatures/enemies/hero/wraith_h02.dbr,0,0,1,0,107|108,107,108,records/creatures/enemies/bios/bio_hero_standard_01.dbr,((charLevel*11)^1.50)-20,Hero,sm1,40359.8493,40927.2425,111.0,121.0,armorbase03.dbr[106]=111.0,442747,453064,450012,460431,458084,468616,0.0,NO (L-33(b): falsified on camera; band A does not fold it either),records/proxies/poolsherogdx1/wraith_hero.dbr,HERO,151|158|163,,,MEASURED,MEASURED-SET,NOT-IN-SCOPE — Lap D is the LIFE limb of I-1. Band-B monster damage is a separate decode (PM-4 queue I-2/I-5).
records/creatures/enemies/hero/wraith_h03.dbr,0,0,1,0,107|108,107,108,records/creatures/enemies/bios/bio_hero_standard_01.dbr,((charLevel*11)^1.50)-20,Hero,sm1,40359.8493,40927.2425,111.0,121.0,armorbase03.dbr[106]=111.0,442747,453064,450012,460431,458084,468616,0.0,NO (L-33(b): falsified on camera; band A does not fold it either),records/proxies/poolsherogdx1/wraith_hero.dbr,HERO,151|158|163,,,MEASURED,MEASURED-SET,NOT-IN-SCOPE — Lap D is the LIFE limb of I-1. Band-B monster damage is a separate decode (PM-4 queue I-2/I-5).
records/creatures/enemies/hero/wraith_h04.dbr,0,0,1,0,107|108,107,108,records/creatures/enemies/bios/bio_hero_standard_01.dbr,((charLevel*11)^1.50)-20,Hero,sm1,40359.8493,40927.2425,111.0,121.0,armorbase03.dbr[106]=111.0,442747,453064,450012,460431,458084,468616,0.0,NO (L-33(b): falsified on camera; band A does not fold it either),records/proxies/poolsherogdx1/wraith_hero.dbr,HERO,151|158|163,,,MEASURED,MEASURED-SET,NOT-IN-SCOPE — Lap D is the LIFE limb of I-1. Band-B monster damage is a separate decode (PM-4 queue I-2/I-5).
records/creatures/enemies/hero/wraith_h05.dbr,0,0,1,0,107|108,107,108,records/creatures/enemies/bios/bio_hero_standard_01.dbr,((charLevel*11)^1.50)-20,Hero,sm3,40359.8493,40927.2425,111.0,121.0,armorbase03.dbr[106]=111.0,442747,453064,450012,460431,458084,468616,0.0,NO (L-33(b): falsified on camera; band A does not fold it either),records/proxies/poolsherogdx1/wraith_hero.dbr,HERO,151|158|163,,,MEASURED,MEASURED-SET,NOT-IN-SCOPE — Lap D is the LIFE limb of I-1. Band-B monster damage is a separate decode (PM-4 queue I-2/I-5).
records/creatures/enemies/human_ascended_a01.dbr,0,0,1,0,102|103,102,103,records/creatures/enemies/bios/bio_human_ascended_a01.dbr,((charLevel*11)^1.35)+30,Common,sm1,13136.6094,13310.3762,61.0,69.0,armorbase02.dbr[101]=61.0,137540,140424,139904,142820,142532,145482,0.0,NO (L-33(b): falsified on camera; band A does not fold it either),records/proxies/poolsbasicgdx1/humanascendant_t3.dbr,trash,168,,,MEASURED,MEASURED-SET,NOT-IN-SCOPE — Lap D is the LIFE limb of I-1. Band-B monster damage is a separate decode (PM-4 queue I-2/I-5).
records/creatures/enemies/human_ascended_a02.dbr,0,0,1,0,102|103,102,103,records/creatures/enemies/bios/bio_human_ascended_a01.dbr,((charLevel*11)^1.35)+30,Common,sm1,13136.6094,13310.3762,61.0,69.0,armorbase02.dbr[101]=61.0,137540,140424,139904,142820,142532,145482,0.0,NO (L-33(b): falsified on camera; band A does not fold it either),records/proxies/poolsbasicgdx1/humanascendant_t3.dbr,trash,168,,,MEASURED,MEASURED-SET,NOT-IN-SCOPE — Lap D is the LIFE limb of I-1. Band-B monster damage is a separate decode (PM-4 queue I-2/I-5).
records/creatures/enemies/human_ascended_b01.dbr,0,0,1,0,103|104,103,104,records/creatures/enemies/bios/bio_human_ascended_b01.dbr,((charLevel*14)^1.35)+50,Champion,sm1,18440.905,18682.3595,78.0,86.0,armorbase03.dbr[102]=78.0,196211,200274,199530,203637,203218,207374,0.0,NO (L-33(b): falsified on camera; band A does not fold it either),records/proxies/poolsbasicgdx1/humanascendant_t3.dbr,trash,168,,,MEASURED,MEASURED-SET,NOT-IN-SCOPE — Lap D is the LIFE limb of I-1. Band-B monster damage is a separate decode (PM-4 queue I-2/I-5).
records/creatures/enemies/human_ascended_c01.dbr,0,0,1,0,105|106,105,106,records/creatures/enemies/bios/bio_human_ascended_c01.dbr,((charLevel*18)^1.35)+70,Champion,sm1,26568.6309,26909.8942,94.0,103.0,armorbase03.dbr[104]=94.0,286941,293048,291723,297892,297037,303274,0.0,NO (L-33(b): falsified on camera; band A does not fold it either),records/proxies/poolsbasicgdx1/humanascendant_t3.dbr,trash,168,,,MEASURED,MEASURED-SET,NOT-IN-SCOPE — Lap D is the LIFE limb of I-1. Band-B monster damage is a separate decode (PM-4 queue I-2/I-5).
records/creatures/enemies/human_wendigo_a01.dbr,1,0,1,0,103|104,103,104,records/creatures/enemies/bios/bio_human_wendigo_a01.dbr,((charLevel*11)^1.35)+30,Common,sm1,13310.3762,13484.7345,69.0,74.0,armorbase02.dbr[102]=69.0,140424,142938,142820,145365,145482,148062,0.0,NO (L-33(b): falsified on camera; band A does not fold it either),records/proxies/poolsbasicgdx1/humanwendigo_t3.dbr,trash,156|168,168,103,MEASURED,MEASURED-SET,NOT-IN-SCOPE — Lap D is the LIFE limb of I-1. Band-B monster damage is a separate decode (PM-4 queue I-2/I-5).
records/creatures/enemies/human_wendigo_a02.dbr,1,0,1,0,104|105|106,104,106,records/creatures/enemies/bios/bio_human_wendigo_a01.dbr,((charLevel*11)^1.35)+30,Common,sm1,13484.7345,13835.2108,74.0,88.0,armorbase02.dbr[103]=74.0,142938,148590,145365,151080,148062,153847,0.0,NO (L-33(b): falsified on camera; band A does not fold it either),records/proxies/poolsbasicgdx1/humanwendigo_t3.dbr,trash,156|168,168,104,MEASURED,MEASURED-SET,NOT-IN-SCOPE — Lap D is the LIFE limb of I-1. Band-B monster damage is a separate decode (PM-4 queue I-2/I-5).
records/creatures/enemies/human_wendigo_b01.dbr,1,0,1,0,104|105|106,104,106,records/creatures/enemies/bios/bio_human_wendigo_b01.dbr,((charLevel*14)^1.35)+50,Champion,sm1,18682.3595,19167.7055,86.0,103.0,armorbase03.dbr[103]=86.0,200274,208736,203637,212186,207374,216020,0.0,NO (L-33(b): falsified on camera; band A does not fold it either),records/proxies/poolsbasicgdx1/humanwendigo_t3.dbr,trash,156|168,168,104,MEASURED,MEASURED-SET,NOT-IN-SCOPE — Lap D is the LIFE limb of I-1. Band-B monster damage is a separate decode (PM-4 queue I-2/I-5).
records/creatures/enemies/human_wendigo_c01.dbr,1,0,1,0,103|104,103,104,records/creatures/enemies/bios/bio_human_wendigo_c01.dbr,((charLevel*18)^1.35)+70,Champion,sm1,25889.5183,26228.5032,78.0,86.0,armorbase03.dbr[102]=78.0,275464,281169,280124,285890,285302,291136,0.0,NO (L-33(b): falsified on camera; band A does not fold it either),records/proxies/poolsbasicgdx1/humanwendigo_t3.dbr,trash,156|168,168,103,MEASURED,MEASURED-SET,NOT-IN-SCOPE — Lap D is the LIFE limb of I-1. Band-B monster damage is a separate decode (PM-4 queue I-2/I-5).
records/creatures/enemies/insectswarm_a01_summon.dbr,0,0,0,1,106|107|108,106,108,records/creatures/enemies/bios/bio_insectswarm_01.dbr,((charLevel*1)^1.27)+3,Champion,base,376.3692,385.3386,88.0,102.0,armorbase01.dbr[105]=88.0,4042,4192,4109,4261,4185,4338,0.0,NO (L-33(b): falsified on camera; band A does not fold it either),,,,,,MEASURED,DERIVED-INHERITED,NOT-IN-SCOPE — Lap D is the LIFE limb of I-1. Band-B monster damage is a separate decode (PM-4 queue I-2/I-5).
records/creatures/enemies/korvaakascended_a01.dbr,0,0,1,0,103|104,103,104,records/creatures/enemies/bios/bio_korvaakascended_a01.dbr,((charLevel*11)^1.5)+100,Common,sm2,38236.8541,38793.591,78.0,86.0,armorbase03.dbr[102]=78.0,406840,415867,413722,422850,421370,430608,0.0,NO (L-33(b): falsified on camera; band A does not fold it either),records/proxies/poolsbasicgdx2/korvaakascendant_t3.dbr,trash,163,,,MEASURED,MEASURED-SET,NOT-IN-SCOPE — Lap D is the LIFE limb of I-1. Band-B monster damage is a separate decode (PM-4 queue I-2/I-5).
records/creatures/enemies/korvaakascended_b01.dbr,0,0,1,0,104|105|106,104,106,records/creatures/enemies/bios/bio_korvaakascended_b01.dbr,((charLevel*15)^1.5)+100,Champion,sm2,61715.0631,63500.9385,86.0,103.0,armorbase04.dbr[103]=86.0,661585,691525,672694,702955,685037,715655,50.0,NO (L-33(b): falsified on camera; band A does not fold it either),records/proxies/poolsbasicgdx2/korvaakascendant_t3.dbr,trash,163,,,MEASURED,MEASURED-SET,NOT-IN-SCOPE — Lap D is the LIFE limb of I-1. Band-B monster damage is a separate decode (PM-4 queue I-2/I-5).
records/creatures/enemies/korvaakascended_c01.dbr,0,0,1,0,105|106,105,106,records/creatures/enemies/bios/bio_korvaakascended_c01.dbr,((charLevel*17)^1.5)+200,Champion,sm2,75614.9297,76694.8469,94.0,103.0,armorbase04.dbr[104]=94.0,816641,835206,830251,849011,845374,864350,100.0,NO (L-33(b): falsified on camera; band A does not fold it either),records/proxies/poolsbasicgdx2/korvaakascendant_t3.dbr,trash,163,,,MEASURED,MEASURED-SET,NOT-IN-SCOPE — Lap D is the LIFE limb of I-1. Band-B monster damage is a separate decode (PM-4 queue I-2/I-5).
records/creatures/enemies/korvaakascended_c02.dbr,0,0,1,0,105|106,105,106,records/creatures/enemies/bios/bio_korvaakascended_c01.dbr,((charLevel*17)^1.5)+200,Champion,sm2,75614.9297,76694.8469,94.0,103.0,armorbase04.dbr[104]=94.0,816641,835206,830251,849011,845374,864350,100.0,NO (L-33(b): falsified on camera; band A does not fold it either),records/proxies/poolsbasicgdx2/korvaakascendant_t3.dbr,trash,163,,,MEASURED,MEASURED-SET,NOT-IN-SCOPE — Lap D is the LIFE limb of I-1. Band-B monster damage is a separate decode (PM-4 queue I-2/I-5).
records/creatures/enemies/korvaakservant_a01_summon.dbr,0,0,0,1,105|106|107|108,105,108,records/creatures/enemies/bios/bio_korvaakservant_a01.dbr,((charLevel*11)^1.33)+50,Common,sm2,11886.7926,12338.6978,82.0,102.0,armorbase01.dbr[104]=82.0,126950,134245,129090,136465,131467,138933,0.0,NO (L-33(b): falsified on camera; band A does not fold it either),,,,,,MEASURED,DERIVED-INHERITED,NOT-IN-SCOPE — Lap D is the LIFE limb of I-1. Band-B monster damage is a separate decode (PM-4 queue I-2/I-5).
records/creatures/enemies/korvaakservant_a02_summon.dbr,0,0,0,1,105|106|107|108,105,108,records/creatures/enemies/bios/bio_korvaakservant_a01.dbr,((charLevel*11)^1.33)+50,Common,sm2,11886.7926,12338.6978,82.0,102.0,armorbase01.dbr[104]=82.0,126950,134245,129090,136465,131467,138933,0.0,NO (L-33(b): falsified on camera; band A does not fold it either),,,,,,MEASURED,DERIVED-INHERITED,NOT-IN-SCOPE — Lap D is the LIFE limb of I-1. Band-B monster damage is a separate decode (PM-4 queue I-2/I-5).
records/creatures/enemies/korvaakservant_b01_korvaaksummon.dbr,0,0,0,1,106|107|108,106,108,records/creatures/enemies/bios/bio_korvaakservant_b01.dbr,((charLevel*18)^1.33)+80,Champion,gdx2,23156.4624,23737.3463,88.0,102.0,armorbase02.dbr[105]=88.0,248700,258262,252868,262535,257499,267282,50.0,NO (L-33(b): falsified on camera; band A does not fold it either),,,,,,MEASURED,DERIVED-INHERITED,NOT-IN-SCOPE — Lap D is the LIFE limb of I-1. Band-B monster damage is a separate decode (PM-4 queue I-2/I-5).
records/creatures/enemies/korvaakservant_b02_korvaaksummon.dbr,0,0,0,1,106|107|108,106,108,records/creatures/enemies/bios/bio_korvaakservant_b01.dbr,((charLevel*18)^1.33)+80,Champion,gdx2,23156.4624,23737.3463,88.0,102.0,armorbase02.dbr[105]=88.0,248700,258262,252868,262535,257499,267282,50.0,NO (L-33(b): falsified on camera; band A does not fold it either),,,,,,MEASURED,DERIVED-INHERITED,NOT-IN-SCOPE — Lap D is the LIFE limb of I-1. Band-B monster damage is a separate decode (PM-4 queue I-2/I-5).
records/creatures/enemies/livingplant_a01.dbr,1,1,1,0,103|104,103,104,records/creatures/enemies/bios/bio_livingplant_a01.dbr,((charLevel*20)^1.33)+100,Common,sm1,25653.0887,25983.5735,78.0,86.0,armorbase03.dbr[102]=78.0,272948,278543,277566,283220,282697,288417,0.0,NO (L-33(b): falsified on camera; band A does not fold it either),records/proxies/poolsbasicgdx1/livingplant_t3.dbr,trash,151|153,151|153,109,MEASURED,MEASURED-SET,NOT-IN-SCOPE — Lap D is the LIFE limb of I-1. Band-B monster damage is a separate decode (PM-4 queue I-2/I-5).
records/creatures/enemies/livingplant_a01_summon.dbr,0,0,0,1,105|106|107|108,105,108,records/creatures/enemies/bios/bio_livingplant_a01.dbr,((charLevel*20)^1.33)+100,Common,sm1,26315.1086,27315.9494,94.0,121.0,armorbase03.dbr[104]=94.0,284203,302387,288939,307304,294202,312767,0.0,NO (L-33(b): falsified on camera; band A does not fold it either),,,,,,MEASURED,DERIVED-INHERITED,NOT-IN-SCOPE — Lap D is the LIFE limb of I-1. Band-B monster damage is a separate decode (PM-4 queue I-2/I-5).
records/creatures/enemies/nemesis/nemesis_aetherial_01.dbr,1,0,1,0,109,109,109,records/creatures/enemies/bios/bio_boss_nemesis_01.dbr,((charLevel*42)^1.5)+20000,Boss,sm_mod,329751.6885,329751.6885,125.0,125.0,armorbase05.dbr[108]=125.0,3663541,3663541,3722896,3722896,3788846,3788846,0.0,NO (L-33(b): falsified on camera; band A does not fold it either),records/proxies/poolsboss/nemesis_all.dbr|records/proxies/poolsboss/nemesis_all_nokymon.dbr|records/proxies/poolsboss/nemesis_all_nooutlaw.dbr,BOSS,160|165|170,165,109,MEASURED,MEASURED-SET,NOT-IN-SCOPE — Lap D is the LIFE limb of I-1. Band-B monster damage is a separate decode (PM-4 queue I-2/I-5).
records/creatures/enemies/nemesis/nemesis_aetherialvanguard_01.dbr,1,1,1,0,109,109,109,records/creatures/enemies/bios/bio_boss_nemesis_01.dbr,((charLevel*42)^1.5)+20000,Boss,sm1,329751.6885,329751.6885,125.0,125.0,armorbase05.dbr[108]=125.0,3663541,3663541,3722896,3722896,3788846,3788846,0.0,NO (L-33(b): falsified on camera; band A does not fold it either),records/proxies/poolsbossgdx1/nemesis_aetherialvanguard.dbr|records/proxies/poolsbossgdx1/nemesis_all_nobeast.dbr|records/proxies/poolsbossgdx1/nemesis_all_novoidborn.dbr|records/proxies/poolsbossgdx1/nemesis_wendigooraetherialvanguard.dbr,BOSS,160|161|165|170,160|161,109,MEASURED,MEASURED-SET,NOT-IN-SCOPE — Lap D is the LIFE limb of I-1. Band-B monster damage is a separate decode (PM-4 queue I-2/I-5).
records/creatures/enemies/nemesis/nemesis_beast_01_p1.dbr,1,1,1,0,109,109,109,records/creatures/enemies/bios/bio_boss_nemesis3phase_01.dbr,((charLevel*36)^1.5)+16000,Boss,sm1,261806.5764,261806.5764,125.0,125.0,armorbase05.dbr[108]=125.0,2908671,2908671,2955796,2955796,3008157,3008157,0.0,NO (L-33(b): falsified on camera; band A does not fold it either),records/proxies/poolsbossgdx1/nemesis_all_noaetherialvanguard.dbr|records/proxies/poolsbossgdx1/nemesis_all_novoidborn.dbr|records/proxies/poolsbossgdx1/nemesis_beast.dbr,BOSS,154|160|170,154,109,MEASURED,MEASURED-SET,NOT-IN-SCOPE — Lap D is the LIFE limb of I-1. Band-B monster damage is a separate decode (PM-4 queue I-2/I-5).
records/creatures/enemies/nemesis/nemesis_beast_02.dbr,0,0,1,0,109,109,109,records/creatures/enemies/bios/bio_boss_nemesis_01.dbr,((charLevel*42)^1.5)+20000,Boss,sm3,329751.6885,329751.6885,125.0,125.0,armorbase05.dbr[108]=125.0,3663541,3663541,3722896,3722896,3788846,3788846,0.0,NO (L-33(b): falsified on camera; band A does not fold it either),records/proxies/poolsbossgdx1/nemesis_all_noaetherialvanguard.dbr|records/proxies/poolsbossgdx1/nemesis_all_novoidborn.dbr|records/proxies/poolsbossgdx1/nemesis_beast.dbr,BOSS,154|160|170,,,MEASURED,MEASURED-SET,NOT-IN-SCOPE — Lap D is the LIFE limb of I-1. Band-B monster damage is a separate decode (PM-4 queue I-2/I-5).
records/creatures/enemies/nemesis/nemesis_chthonian_02.dbr,0,0,1,0,109,109,109,records/creatures/enemies/bios/bio_boss_nemesis_01.dbr,((charLevel*42)^1.5)+20000,Boss,sm_mod,329751.6885,329751.6885,125.0,125.0,armorbase05.dbr[108]=125.0,3663541,3663541,3722896,3722896,3788846,3788846,0.0,NO (L-33(b): falsified on camera; band A does not fold it either),records/proxies/poolsboss/nemesis_all.dbr|records/proxies/poolsboss/nemesis_all_nokymon.dbr|records/proxies/poolsboss/nemesis_all_nooutlaw.dbr,BOSS,160|165|170,,,MEASURED,MEASURED-SET,NOT-IN-SCOPE — Lap D is the LIFE limb of I-1. Band-B monster damage is a separate decode (PM-4 queue I-2/I-5).
records/creatures/enemies/nemesis/nemesis_chthonian_02_clustersummon.dbr,0,0,0,1,109,109,109,records/creatures/enemies/bios/bio_boss_nemesis_clustersummon.dbr,((charLevel*4)^1.5)+100,Common,sm_mod,9203.9473,9203.9473,125.0,125.0,armorbase04.dbr[108]=125.0,102255,102255,103912,103912,105753,105753,0.0,NO (L-33(b): falsified on camera; band A does not fold it either),,,,,,MEASURED,DERIVED-INHERITED,NOT-IN-SCOPE — Lap D is the LIFE limb of I-1. Band-B monster damage is a separate decode (PM-4 queue I-2/I-5).
records/creatures/enemies/nemesis/nemesis_chthonianvoidborn_01.dbr,1,0,1,0,109,109,109,records/creatures/enemies/bios/bio_boss_nemesis_01.dbr,((charLevel*42)^1.5)+20000,Boss,sm1,329751.6885,329751.6885,125.0,125.0,armorbase05.dbr[108]=125.0,3663541,3663541,3722896,3722896,3788846,3788846,0.0,NO (L-33(b): falsified on camera; band A does not fold it either),records/proxies/poolsbossgdx1/nemesis_all_noaetherialvanguard.dbr|records/proxies/poolsbossgdx1/nemesis_all_nobeast.dbr,BOSS,160|165|170,165,109,MEASURED,MEASURED-SET,NOT-IN-SCOPE — Lap D is the LIFE limb of I-1. Band-B monster damage is a separate decode (PM-4 queue I-2/I-5).
records/creatures/enemies/nemesis/nemesis_chthonickurn_01.dbr,1,0,1,0,109,109,109,records/creatures/enemies/bios/bio_boss_nemesis_01.dbr,((charLevel*42)^1.5)+20000,Boss,sm3,329751.6885,329751.6885,125.0,125.0,armorbase05.dbr[108]=125.0,3663541,3663541,3722896,3722896,3788846,3788846,0.0,NO (L-33(b): falsified on camera; band A does not fold it either),records/proxies/poolsbossgdx3/nemesis_kurn.dbr,BOSS,154|170,170,109,MEASURED,MEASURED-SET,NOT-IN-SCOPE — Lap D is the LIFE limb of I-1. Band-B monster damage is a separate decode (PM-4 queue I-2/I-5).
records/creatures/enemies/nemesis/nemesis_eldritch_01.dbr,0,0,1,0,109,109,109,records/creatures/enemies/bios/bio_boss_nemesis_01.dbr,((charLevel*42)^1.5)+20000,Boss,sm2,329751.6885,329751.6885,125.0,125.0,armorbase05.dbr[108]=125.0,3663541,3663541,3722896,3722896,3788846,3788846,0.0,NO (L-33(b): falsified on camera; band A does not fold it either),records/proxies/poolsbossgdx2/nemesis_eldritch.dbr,BOSS,154|170,,,MEASURED,MEASURED-SET,NOT-IN-SCOPE — Lap D is the LIFE limb of I-1. Band-B monster damage is a separate decode (PM-4 queue I-2/I-5).
records/creatures/enemies/nemesis/nemesis_eldritch_02a.dbr,0,0,1,0,109,109,109,records/creatures/enemies/bios/bio_boss_nemesis2phase_01.dbr,((charLevel*26)^1.5)+15000,Boss,sm3,165868.9156,165868.9156,125.0,125.0,armorbase05.dbr[108]=125.0,1842803,1842803,1872660,1872660,1905833,1905833,0.0,NO (L-33(b): falsified on camera; band A does not fold it either),records/proxies/poolsbossgdx2/nemesis_eldritch.dbr,BOSS,154|170,,,MEASURED,MEASURED-SET,NOT-IN-SCOPE — Lap D is the LIFE limb of I-1. Band-B monster damage is a separate decode (PM-4 queue I-2/I-5).
records/creatures/enemies/nemesis/nemesis_kymon_01.dbr,1,1,1,0,109,109,109,records/creatures/enemies/bios/bio_boss_nemesis_01.dbr,((charLevel*42)^1.5)+20000,Boss,sm3,329751.6885,329751.6885,125.0,125.0,armorbase05.dbr[108]=125.0,3663541,3663541,3722896,3722896,3788846,3788846,0.0,NO (L-33(b): falsified on camera; band A does not fold it either),records/proxies/poolsboss/nemesis_all.dbr|records/proxies/poolsboss/nemesis_all_nooutlaw.dbr,BOSS,160|165|170,160,109,MEASURED,MEASURED-SET,NOT-IN-SCOPE — Lap D is the LIFE limb of I-1. Band-B monster damage is a separate decode (PM-4 queue I-2/I-5).
records/creatures/enemies/nemesis/nemesis_kymon_02.dbr,0,0,1,0,109,109,109,records/creatures/enemies/bios/bio_boss_nemesis_01.dbr,((charLevel*42)^1.5)+20000,Boss,sm_mod,329751.6885,329751.6885,125.0,125.0,armorbase06.dbr[108]=125.0,3663541,3663541,3722896,3722896,3788846,3788846,0.0,NO (L-33(b): falsified on camera; band A does not fold it either),records/proxies/poolsboss/nemesis_all.dbr|records/proxies/poolsboss/nemesis_all_nooutlaw.dbr,BOSS,160|165|170,,,MEASURED,MEASURED-SET,NOT-IN-SCOPE — Lap D is the LIFE limb of I-1. Band-B monster damage is a separate decode (PM-4 queue I-2/I-5).
records/creatures/enemies/nemesis/nemesis_orderdeathsvigil_01.dbr,1,0,1,0,109,109,109,records/creatures/enemies/bios/bio_boss_nemesis_01.dbr,((charLevel*42)^1.5)+20000,Boss,sm_mod,329751.6885,329751.6885,125.0,125.0,armorbase05.dbr[108]=125.0,3663541,3663541,3722896,3722896,3788846,3788846,0.0,NO (L-33(b): falsified on camera; band A does not fold it either),records/proxies/poolsboss/nemesis_all.dbr|records/proxies/poolsboss/nemesis_all_nokymon.dbr|records/proxies/poolsboss/nemesis_all_nooutlaw.dbr,BOSS,160|165|170,170,109,MEASURED,MEASURED-SET,NOT-IN-SCOPE — Lap D is the LIFE limb of I-1. Band-B monster damage is a separate decode (PM-4 queue I-2/I-5).
records/creatures/enemies/nemesis/nemesis_orderdeathsvigil_01_revenantsummon.dbr,0,0,0,1,109,109,109,records/creatures/enemies/bios/bio_hero_standard_01.dbr,((charLevel*11)^1.50)-20,Champion,sm_mod,41497.2687,41497.2687,125.0,125.0,armorbase05.dbr[108]=125.0,461034,461034,468504,468504,476803,476803,0.0,NO (L-33(b): falsified on camera; band A does not fold it either),,,,,,MEASURED,DERIVED-INHERITED,NOT-IN-SCOPE — Lap D is the LIFE limb of I-1. Band-B monster damage is a separate decode (PM-4 queue I-2/I-5).
records/creatures/enemies/nemesis/nemesis_orderdeathsvigil_02.dbr,0,0,1,0,109,109,109,records/creatures/enemies/bios/bio_boss_nemesis_01.dbr,((charLevel*42)^1.5)+20000,Boss,sm3,329751.6885,329751.6885,125.0,125.0,armorbase05.dbr[108]=125.0,3663541,3663541,3722896,3722896,3788846,3788846,0.0,NO (L-33(b): falsified on camera; band A does not fold it either),records/proxies/poolsboss/nemesis_all.dbr|records/proxies/poolsboss/nemesis_all_nokymon.dbr|records/proxies/poolsboss/nemesis_all_nooutlaw.dbr,BOSS,160|165|170,,,MEASURED,MEASURED-SET,NOT-IN-SCOPE — Lap D is the LIFE limb of I-1. Band-B monster damage is a separate decode (PM-4 queue I-2/I-5).
records/creatures/enemies/nemesis/nemesis_outlaw_01.dbr,1,0,1,0,109,109,109,records/creatures/enemies/bios/bio_boss_nemesis_01.dbr,((charLevel*42)^1.5)+20000,Boss,sm_mod,329751.6885,329751.6885,125.0,125.0,armorbase05.dbr[108]=125.0,3663541,3663541,3722896,3722896,3788846,3788846,0.0,NO (L-33(b): falsified on camera; band A does not fold it either),records/proxies/poolsboss/nemesis_all.dbr|records/proxies/poolsboss/nemesis_all_nokymon.dbr,BOSS,160|165|170,170,109,MEASURED,MEASURED-SET,NOT-IN-SCOPE — Lap D is the LIFE limb of I-1. Band-B monster damage is a separate decode (PM-4 queue I-2/I-5).
records/creatures/enemies/nemesis/nemesis_outlaw_02.dbr,0,0,1,0,109,109,109,records/creatures/enemies/bios/bio_boss_nemesis_01.dbr,((charLevel*42)^1.5)+20000,Boss,sm3,329751.6885,329751.6885,125.0,125.0,armorbase05.dbr[108]=125.0,3663541,3663541,3722896,3722896,3788846,3788846,0.0,NO (L-33(b): falsified on camera; band A does not fold it either),records/proxies/poolsboss/nemesis_all.dbr|records/proxies/poolsboss/nemesis_all_nokymon.dbr,BOSS,160|165|170,,,MEASURED,MEASURED-SET,NOT-IN-SCOPE — Lap D is the LIFE limb of I-1. Band-B monster damage is a separate decode (PM-4 queue I-2/I-5).
records/creatures/enemies/nemesis/nemesis_undead_01.dbr,0,0,1,0,109,109,109,records/creatures/enemies/bios/bio_boss_nemesis_01.dbr,((charLevel*42)^1.5)+20000,Boss,sm3,329751.6885,329751.6885,125.0,125.0,armorbase05.dbr[108]=125.0,3663541,3663541,3722896,3722896,3788846,3788846,100.0,NO (L-33(b): falsified on camera; band A does not fold it either),records/proxies/poolsboss/nemesis_all.dbr|records/proxies/poolsboss/nemesis_all_nokymon.dbr|records/proxies/poolsboss/nemesis_all_nooutlaw.dbr,BOSS,160|165|170,,,MEASURED,MEASURED-SET,NOT-IN-SCOPE — Lap D is the LIFE limb of I-1. Band-B monster damage is a separate decode (PM-4 queue I-2/I-5).
records/creatures/enemies/nemesis/nemesis_undead_02b.dbr,0,0,1,0,109,109,109,records/creatures/enemies/bios/bio_boss_nemesis_01.dbr,((charLevel*42)^1.5)+20000,Boss,sm_mod,329751.6885,329751.6885,125.0,125.0,armorbase05.dbr[108]=125.0,3663541,3663541,3722896,3722896,3788846,3788846,0.0,NO (L-33(b): falsified on camera; band A does not fold it either),records/proxies/poolsboss/nemesis_all.dbr|records/proxies/poolsboss/nemesis_all_nokymon.dbr|records/proxies/poolsboss/nemesis_all_nooutlaw.dbr,BOSS,160|165|170,,,MEASURED,MEASURED-SET,NOT-IN-SCOPE — Lap D is the LIFE limb of I-1. Band-B monster damage is a separate decode (PM-4 queue I-2/I-5).
records/creatures/enemies/nemesis/nemesis_undead_02b_icecrystalsummon.dbr,0,0,0,1,109,109,109,records/creatures/enemies/bios/bio_boss_nemesis_clustersummon.dbr,((charLevel*4)^1.5)+100,Common,sm_mod,9203.9473,9203.9473,125.0,125.0,armorbase04.dbr[108]=125.0,102255,102255,103912,103912,105753,105753,0.0,NO (L-33(b): falsified on camera; band A does not fold it either),,,,,,MEASURED,DERIVED-INHERITED,NOT-IN-SCOPE — Lap D is the LIFE limb of I-1. Band-B monster damage is a separate decode (PM-4 queue I-2/I-5).
records/creatures/enemies/nemesis/nemesis_wendigo_01.dbr,1,1,1,0,109,109,109,records/creatures/enemies/bios/bio_boss_nemesis_01.dbr,((charLevel*42)^1.5)+20000,Boss,sm1,329751.6885,329751.6885,125.0,125.0,armorbase05.dbr[108]=125.0,3663541,3663541,3722896,3722896,3788846,3788846,0.0,NO (L-33(b): falsified on camera; band A does not fold it either),records/proxies/poolsbossgdx1/nemesis_all_noaetherialvanguard.dbr|records/proxies/poolsbossgdx1/nemesis_all_nobeast.dbr|records/proxies/poolsbossgdx1/nemesis_all_novoidborn.dbr|records/proxies/poolsbossgdx1/nemesis_wendigooraetherialvanguard.dbr,BOSS,160|165|170,160|170,109,MEASURED,MEASURED-SET,NOT-IN-SCOPE — Lap D is the LIFE limb of I-1. Band-B monster damage is a separate decode (PM-4 queue I-2/I-5).
records/creatures/enemies/nemesis/nemesis_wendigo_02.dbr,0,0,1,0,109,109,109,records/creatures/enemies/bios/bio_boss_nemesis_01.dbr,((charLevel*42)^1.5)+20000,Boss,sm3,329751.6885,329751.6885,125.0,125.0,armorbase05.dbr[108]=125.0,3663541,3663541,3722896,3722896,3788846,3788846,0.0,NO (L-33(b): falsified on camera; band A does not fold it either),records/proxies/poolsbossgdx1/nemesis_all_noaetherialvanguard.dbr|records/proxies/poolsbossgdx1/nemesis_all_nobeast.dbr|records/proxies/poolsbossgdx1/nemesis_all_novoidborn.dbr,BOSS,160|165|170,,,MEASURED,MEASURED-SET,NOT-IN-SCOPE — Lap D is the LIFE limb of I-1. Band-B monster damage is a separate decode (PM-4 queue I-2/I-5).
records/creatures/enemies/prawncave_a01_summon.dbr,0,0,0,1,107|108,107,108,records/creatures/enemies/bios/bio_prawncave_summon02.dbr,((charLevel*10)^1.33)+30,Common,sm_mod,10722.5287,10855.6403,96.0,102.0,armorbase02.dbr[106]=96.0,116017,118109,117947,120063,120092,122234,0.0,NO (L-33(b): falsified on camera; band A does not fold it either),,,,,,MEASURED,DERIVED-INHERITED,NOT-IN-SCOPE — Lap D is the LIFE limb of I-1. Band-B monster damage is a separate decode (PM-4 queue I-2/I-5).
records/creatures/enemies/raptor_witchgod_a01_summon.dbr,0,0,0,1,106|107|108,106,108,records/creatures/enemies/bios/bio_raptor_witchgod_a01.dbr,((charLevel*8)^1.33)+10,Common,sm_mod,7858.1353,8055.6897,88.0,102.0,armorbase02.dbr[105]=88.0,84396,87645,85810,89095,87382,90707,0.0,NO (L-33(b): falsified on camera; band A does not fold it either),,,,,,MEASURED,DERIVED-INHERITED,NOT-IN-SCOPE — Lap D is the LIFE limb of I-1. Band-B monster damage is a separate decode (PM-4 queue I-2/I-5).
records/creatures/enemies/raptor_witchgod_b01_summon.dbr,0,0,0,1,106|107|108,106,108,records/creatures/enemies/bios/bio_raptor_witchgod_b01.dbr,((charLevel*18)^1.33)+30,Champion,sm_mod,23106.4624,23687.3463,103.0,121.0,armorbase03.dbr[105]=103.0,251629,262218,255788,266482,260409,271220,0.0,NO (L-33(b): falsified on camera; band A does not fold it either),,,,,,MEASURED,DERIVED-INHERITED,NOT-IN-SCOPE — Lap D is the LIFE limb of I-1. Band-B monster damage is a separate decode (PM-4 queue I-2/I-5).
records/creatures/enemies/rhinochthonic_a01.dbr,0,0,1,0,103|104,103,104,records/creatures/enemies/bios/bio_rhino_a01.dbr,((charLevel*11)^1.5)+150,Common,sm3,38286.8541,38843.591,78.0,86.0,armorbase03.dbr[102]=78.0,407372,416403,414263,423395,421921,431163,0.0,NO (L-33(b): falsified on camera; band A does not fold it either),records/proxies/poolsbasicgdx3/rhinochthonic_t3.dbr,trash,164,,,MEASURED,MEASURED-SET,NOT-IN-SCOPE — Lap D is the LIFE limb of I-1. Band-B monster damage is a separate decode (PM-4 queue I-2/I-5).
records/creatures/enemies/rhinochthonic_b01.dbr,0,0,1,0,103|104,103,104,records/creatures/enemies/bios/bio_rhino_b01.dbr,((charLevel*15.5)^1.5)+200,Champion,sm3,63990.1149,64921.3483,78.0,86.0,armorbase04.dbr[102]=78.0,680854,695956,692373,707642,705171,720626,0.0,NO (L-33(b): falsified on camera; band A does not fold it either),records/proxies/poolsbasicgdx3/rhinochthonic_t3.dbr,trash,164,,,MEASURED,MEASURED-SET,NOT-IN-SCOPE — Lap D is the LIFE limb of I-1. Band-B monster damage is a separate decode (PM-4 queue I-2/I-5).
records/creatures/enemies/rhinochthonic_c01.dbr,0,0,1,0,104|105|106,104,106,records/creatures/enemies/bios/bio_rhino_c01.dbr,((charLevel*17)^1.5)+200,Champion,sm3,74540.1428,76694.8469,86.0,103.0,armorbase04.dbr[103]=86.0,799070,835206,812487,849011,827395,864350,0.0,NO (L-33(b): falsified on camera; band A does not fold it either),records/proxies/poolsbasicgdx3/rhinochthonic_t3.dbr,trash,164,,,MEASURED,MEASURED-SET,NOT-IN-SCOPE — Lap D is the LIFE limb of I-1. Band-B monster damage is a separate decode (PM-4 queue I-2/I-5).
records/creatures/enemies/sandlizard_a01.dbr,0,0,1,0,102|103,102,103,records/creatures/enemies/bios/bio_sandlizard_a01.dbr,((charLevel*16)^1.33)+20,Common,sm2,18766.3968,19011.2297,61.0,69.0,armorbase02.dbr[101]=61.0,196484,200568,199862,203990,203615,207792,0.0,NO (L-33(b): falsified on camera; band A does not fold it either),records/proxies/poolsbasicgdx2/sandlizard_t3.dbr,trash,158,,,MEASURED,MEASURED-SET,NOT-IN-SCOPE — Lap D is the LIFE limb of I-1. Band-B monster damage is a separate decode (PM-4 queue I-2/I-5).
records/creatures/enemies/sandlizard_b01.dbr,0,0,1,0,103|104,103,104,records/creatures/enemies/bios/bio_sandlizard_b01.dbr,((charLevel*21)^1.33)+40,Champion,sm2,27306.2348,27658.8762,78.0,86.0,armorbase03.dbr[102]=78.0,290538,296503,295453,301481,300914,307013,0.0,NO (L-33(b): falsified on camera; band A does not fold it either),records/proxies/poolsbasicgdx2/sandlizard_t3.dbr,trash,158,,,MEASURED,MEASURED-SET,NOT-IN-SCOPE — Lap D is the LIFE limb of I-1. Band-B monster damage is a separate decode (PM-4 queue I-2/I-5).
records/creatures/enemies/sandlizard_b02.dbr,0,0,1,0,103|104,103,104,records/creatures/enemies/bios/bio_sandlizard_b01.dbr,((charLevel*21)^1.33)+40,Champion,sm2,27306.2348,27658.8762,78.0,86.0,armorbase04.dbr[102]=78.0,290538,296503,295453,301481,300914,307013,0.0,NO (L-33(b): falsified on camera; band A does not fold it either),records/proxies/poolsbasicgdx2/sandlizard_t3.dbr,trash,158,,,MEASURED,MEASURED-SET,NOT-IN-SCOPE — Lap D is the LIFE limb of I-1. Band-B monster damage is a separate decode (PM-4 queue I-2/I-5).
records/creatures/enemies/sandlizard_c01.dbr,0,0,1,0,105|106,105,106,records/creatures/enemies/bios/bio_sandlizard_c01.dbr,((charLevel*29)^1.33)+50,Champion,sm2,43020.569,43565.7164,94.0,103.0,armorbase03.dbr[104]=94.0,464622,474430,472365,482272,480969,490985,0.0,NO (L-33(b): falsified on camera; band A does not fold it either),records/proxies/poolsbasicgdx2/sandlizard_t3.dbr,trash,158,,,MEASURED,MEASURED-SET,NOT-IN-SCOPE — Lap D is the LIFE limb of I-1. Band-B monster damage is a separate decode (PM-4 queue I-2/I-5).
records/creatures/enemies/sandlizard_eldritch_a01.dbr,0,0,1,0,102|103,102,103,records/creatures/enemies/bios/bio_sandlizard_eldritch_a01.dbr,((charLevel*16)^1.33)+20,Common,sm2,18766.3968,19011.2297,61.0,69.0,armorbase02.dbr[101]=61.0,196484,200568,199862,203990,203615,207792,0.0,NO (L-33(b): falsified on camera; band A does not fold it either),records/proxies/poolsbasicgdx2/sandlizard_eldritch_t3.dbr,trash,158,,,MEASURED,MEASURED-SET,NOT-IN-SCOPE — Lap D is the LIFE limb of I-1. Band-B monster damage is a separate decode (PM-4 queue I-2/I-5).
records/creatures/enemies/sandlizard_eldritch_b01.dbr,0,0,1,0,103|104,103,104,records/creatures/enemies/bios/bio_sandlizard_eldritch_b01.dbr,((charLevel*21)^1.33)+40,Champion,sm2,27306.2348,27658.8762,78.0,86.0,armorbase03.dbr[102]=78.0,290538,296503,295453,301481,300914,307013,0.0,NO (L-33(b): falsified on camera; band A does not fold it either),records/proxies/poolsbasicgdx2/gargoyle_t3.dbr|records/proxies/poolsbasicgdx2/sandlizard_eldritch_t3.dbr,trash,157|158,,,MEASURED,MEASURED-SET,NOT-IN-SCOPE — Lap D is the LIFE limb of I-1. Band-B monster damage is a separate decode (PM-4 queue I-2/I-5).
records/creatures/enemies/sandlizard_eldritch_b02.dbr,0,0,1,0,103|104,103,104,records/creatures/enemies/bios/bio_sandlizard_eldritch_b01.dbr,((charLevel*21)^1.33)+40,Champion,sm2,27306.2348,27658.8762,78.0,86.0,armorbase03.dbr[102]=78.0,290538,296503,295453,301481,300914,307013,0.0,NO (L-33(b): falsified on camera; band A does not fold it either),records/proxies/poolsbasicgdx2/gargoyle_t3.dbr|records/proxies/poolsbasicgdx2/sandlizard_eldritch_t3.dbr,trash,157|158,,,MEASURED,MEASURED-SET,NOT-IN-SCOPE — Lap D is the LIFE limb of I-1. Band-B monster damage is a separate decode (PM-4 queue I-2/I-5).
records/creatures/enemies/sandlizard_eldritch_c01.dbr,0,0,1,0,103|104|105|106,103,106,records/creatures/enemies/bios/bio_sandlizard_eldritch_c01.dbr,((charLevel*29)^1.33)+50,Champion,sm2,41935.4172,43565.7164,78.0,103.0,armorbase03.dbr[102]=78.0,446192,474430,453741,482272,462128,490985,0.0,NO (L-33(b): falsified on camera; band A does not fold it either),records/proxies/poolsbasicgdx2/gargoyle_t3.dbr|records/proxies/poolsbasicgdx2/sandlizard_eldritch_t3.dbr,trash,157|158,,,MEASURED,MEASURED-SET,NOT-IN-SCOPE — Lap D is the LIFE limb of I-1. Band-B monster damage is a separate decode (PM-4 queue I-2/I-5).
records/creatures/enemies/sandlizard_volcanic_a01.dbr,1,1,1,0,102|103,102,103,records/creatures/enemies/bios/bio_sandlizard_a01.dbr,((charLevel*16)^1.33)+20,Common,sm2,18766.3968,19011.2297,61.0,69.0,armorbase02.dbr[101]=61.0,196484,200568,199862,203990,203615,207792,0.0,NO (L-33(b): falsified on camera; band A does not fold it either),records/proxies/poolsbasicgdx2/sandlizard_volcanic_t3.dbr,trash,158,158,109,MEASURED,MEASURED-SET,NOT-IN-SCOPE — Lap D is the LIFE limb of I-1. Band-B monster damage is a separate decode (PM-4 queue I-2/I-5).
records/creatures/enemies/sandlizard_volcanic_b01.dbr,1,1,1,0,103|104,103,104,records/creatures/enemies/bios/bio_sandlizard_b01.dbr,((charLevel*21)^1.33)+40,Champion,sm2,27306.2348,27658.8762,78.0,86.0,armorbase03.dbr[102]=78.0,290538,296503,295453,301481,300914,307013,0.0,NO (L-33(b): falsified on camera; band A does not fold it either),records/proxies/poolsbasicgdx2/sandlizard_volcanic_t3.dbr,trash,158,158,109,MEASURED,MEASURED-SET,NOT-IN-SCOPE — Lap D is the LIFE limb of I-1. Band-B monster damage is a separate decode (PM-4 queue I-2/I-5).
records/creatures/enemies/sandlizard_volcanic_b02.dbr,1,1,1,0,103|104,103,104,records/creatures/enemies/bios/bio_sandlizard_b01.dbr,((charLevel*21)^1.33)+40,Champion,sm2,27306.2348,27658.8762,78.0,86.0,armorbase03.dbr[102]=78.0,290538,296503,295453,301481,300914,307013,0.0,NO (L-33(b): falsified on camera; band A does not fold it either),records/proxies/poolsbasicgdx2/sandlizard_volcanic_t3.dbr,trash,158,158,109,MEASURED,MEASURED-SET,NOT-IN-SCOPE — Lap D is the LIFE limb of I-1. Band-B monster damage is a separate decode (PM-4 queue I-2/I-5).
records/creatures/enemies/sandlizard_volcanic_c01.dbr,1,1,1,0,105|106,105,106,records/creatures/enemies/bios/bio_sandlizard_c01.dbr,((charLevel*29)^1.33)+50,Champion,sm2,43020.569,43565.7164,94.0,103.0,armorbase03.dbr[104]=94.0,464622,474430,472365,482272,480969,490985,0.0,NO (L-33(b): falsified on camera; band A does not fold it either),records/proxies/poolsbasicgdx2/sandlizard_volcanic_t3.dbr,trash,158,158,109,MEASURED,MEASURED-SET,NOT-IN-SCOPE — Lap D is the LIFE limb of I-1. Band-B monster damage is a separate decode (PM-4 queue I-2/I-5).
records/creatures/enemies/skeletalgolem_b01.dbr,0,0,1,0,104|105,104,105,records/creatures/enemies/bios/bio_skeletongolem_01.dbr,((charLevel*16)^1.5)+100,Champion,sm_mod,67978.1478,68959.5091,86.0,94.0,armorbase04.dbr[103]=86.0,728725,744762,740961,757175,754557,770967,0.0,NO (L-33(b): falsified on camera; band A does not fold it either),records/proxies/poolsbasic/skeletalgolem_t3.dbr,trash,157,,,MEASURED,MEASURED-SET,NOT-IN-SCOPE — Lap D is the LIFE limb of I-1. Band-B monster damage is a separate decode (PM-4 queue I-2/I-5).
records/creatures/enemies/skeletalgolem_c01.dbr,0,0,1,0,105|106,105,106,records/creatures/enemies/bios/bio_skeletongolem_02.dbr,((charLevel*19)^1.5)+120,Champion,sm_mod,89227.5186,90503.5092,94.0,103.0,armorbase04.dbr[104]=94.0,963657,985583,979718,1001873,997563,1019974,0.0,NO (L-33(b): falsified on camera; band A does not fold it either),records/proxies/poolsbasic/skeletalgolem_t3.dbr,trash,157,,,MEASURED,MEASURED-SET,NOT-IN-SCOPE — Lap D is the LIFE limb of I-1. Band-B monster damage is a separate decode (PM-4 queue I-2/I-5).
records/creatures/enemies/skeleton_a01_summon.dbr,0,0,0,1,105|106|107|108,105,108,records/creatures/enemies/bios/bio_skeletonfodder_01.dbr,((charLevel*5.6)^1.28)+24,Common,sm_mod,3529.9279,3658.6541,82.0,102.0,armorbase01.dbr[104]=82.0,37699,39806,38335,40464,39041,41196,0.0,NO (L-33(b): falsified on camera; band A does not fold it either),,,,,,MEASURED,DERIVED-INHERITED,NOT-IN-SCOPE — Lap D is the LIFE limb of I-1. Band-B monster damage is a separate decode (PM-4 queue I-2/I-5).
records/creatures/enemies/skeleton_a02_summon.dbr,0,0,0,1,104|105|106|107|108,104,108,records/creatures/enemies/bios/bio_skeletonfodder_01.dbr,((charLevel*5.6)^1.28)+24,Common,sm_mod,3487.2461,3658.6541,74.0,102.0,armorbase01.dbr[103]=74.0,36964,39806,37592,40464,38289,41196,0.0,NO (L-33(b): falsified on camera; band A does not fold it either),,,,,,MEASURED,DERIVED-INHERITED,NOT-IN-SCOPE — Lap D is the LIFE limb of I-1. Band-B monster damage is a separate decode (PM-4 queue I-2/I-5).
records/creatures/enemies/skeleton_b01_archer_summon.dbr,0,0,0,1,109,109,109,records/creatures/enemies/bios/bio_skeletonpriest_01.dbr,((charLevel*10)^1.28)+30,Champion,sm_mod,7755.1321,7755.1321,110.0,110.0,armorbase01.dbr[108]=110.0,84996,84996,86392,86392,87943,87943,0.0,NO (L-33(b): falsified on camera; band A does not fold it either),,,,,,MEASURED,DERIVED-INHERITED,NOT-IN-SCOPE — Lap D is the LIFE limb of I-1. Band-B monster damage is a separate decode (PM-4 queue I-2/I-5).
records/creatures/enemies/skeleton_b02_knight.dbr,0,0,1,0,104|105,104,105,records/creatures/enemies/bios/bio_skeletonknight_01.dbr,((charLevel*16)^1.33)+45,Champion,sm_mod,19281.8482,19528.2474,86.0,94.0,armorbase03.dbr[103]=86.0,206701,210905,210172,214420,214028,218325,0.0,NO (L-33(b): falsified on camera; band A does not fold it either),records/proxies/poolsbasic/skeletalgolem_t3.dbr,trash,157,,,MEASURED,MEASURED-SET,NOT-IN-SCOPE — Lap D is the LIFE limb of I-1. Band-B monster damage is a separate decode (PM-4 queue I-2/I-5).
records/creatures/enemies/skeleton_b02_knight_summon.dbr,0,0,0,1,105|106|107|108,105,108,records/creatures/enemies/bios/bio_skeletonknight_01.dbr,((charLevel*16)^1.33)+45,Champion,sm_mod,19528.2474,20272.079,94.0,121.0,armorbase03.dbr[104]=94.0,210905,224411,214420,228060,218325,232115,0.0,NO (L-33(b): falsified on camera; band A does not fold it either),,,,,,MEASURED,DERIVED-INHERITED,NOT-IN-SCOPE — Lap D is the LIFE limb of I-1. Band-B monster damage is a separate decode (PM-4 queue I-2/I-5).
records/creatures/enemies/skeleton_c01.dbr,0,0,1,0,104|105|106,104,106,records/creatures/enemies/bios/bio_skeletonrevenant_01.dbr,((charLevel*19)^1.33)+60,Champion,sm_mod,24236.6782,24856.997,86.0,103.0,armorbase03.dbr[103]=86.0,259817,270692,264179,275166,269027,280138,0.0,NO (L-33(b): falsified on camera; band A does not fold it either),records/proxies/poolsbasic/skeletalgolem_t3.dbr|records/proxies/poolsbasic/skeletonrevenant_t3.dbr,trash,153|157,,,MEASURED,MEASURED-SET,NOT-IN-SCOPE — Lap D is the LIFE limb of I-1. Band-B monster damage is a separate decode (PM-4 queue I-2/I-5).
records/creatures/enemies/skeleton_c01_summon.dbr,0,0,0,1,106|107|108,106,108,records/creatures/enemies/bios/bio_skeletonrevenant_01.dbr,((charLevel*19)^1.33)+60,Champion,sm_mod,24856.997,25481.1904,103.0,121.0,armorbase03.dbr[105]=103.0,270692,282076,275166,286663,280138,291759,0.0,NO (L-33(b): falsified on camera; band A does not fold it either),,,,,,MEASURED,DERIVED-INHERITED,NOT-IN-SCOPE — Lap D is the LIFE limb of I-1. Band-B monster damage is a separate decode (PM-4 queue I-2/I-5).
records/creatures/enemies/skeleton_c02.dbr,0,0,1,0,104|105|106,104,106,records/creatures/enemies/bios/bio_skeletonrevenant_01.dbr,((charLevel*19)^1.33)+60,Champion,sm_mod,24236.6782,24856.997,86.0,103.0,armorbase03.dbr[103]=86.0,259817,270692,264179,275166,269027,280138,0.0,NO (L-33(b): falsified on camera; band A does not fold it either),records/proxies/poolsbasic/skeletalgolem_t3.dbr|records/proxies/poolsbasic/skeletonrevenant_t3.dbr,trash,153|157,,,MEASURED,MEASURED-SET,NOT-IN-SCOPE — Lap D is the LIFE limb of I-1. Band-B monster damage is a separate decode (PM-4 queue I-2/I-5).
records/creatures/enemies/skeleton_c02_summon.dbr,0,0,0,1,107|108,107,108,records/creatures/enemies/bios/bio_skeletonrevenant_01.dbr,((charLevel*19)^1.33)+60,Champion,sm_mod,25168.6125,25481.1904,111.0,121.0,armorbase03.dbr[106]=111.0,276099,282076,280630,286663,285663,291759,0.0,NO (L-33(b): falsified on camera; band A does not fold it either),,,,,,MEASURED,DERIVED-INHERITED,NOT-IN-SCOPE — Lap D is the LIFE limb of I-1. Band-B monster damage is a separate decode (PM-4 queue I-2/I-5).
records/creatures/enemies/skeleton_c03.dbr,0,0,1,0,104|105|106,104,106,records/creatures/enemies/bios/bio_skeletonrevenant_01.dbr,((charLevel*19)^1.33)+60,Champion,sm_mod,24236.6782,24856.997,86.0,103.0,armorbase03.dbr[103]=86.0,259817,270692,264179,275166,269027,280138,0.0,NO (L-33(b): falsified on camera; band A does not fold it either),records/proxies/poolsbasic/skeletalgolem_t3.dbr|records/proxies/poolsbasic/skeletonrevenant_t3.dbr,trash,153|157,,,MEASURED,MEASURED-SET,NOT-IN-SCOPE — Lap D is the LIFE limb of I-1. Band-B monster damage is a separate decode (PM-4 queue I-2/I-5).
records/creatures/enemies/skeleton_d01.dbr,0,0,1,0,105|106,105,106,records/creatures/enemies/bios/bio_hero_standard_01.dbr,((charLevel*11)^1.50)-20,Champion,sm2,39233.011,39795.1014,94.0,103.0,armorbase04.dbr[104]=94.0,423716,433368,430778,440531,438625,448490,0.0,NO (L-33(b): falsified on camera; band A does not fold it either),records/proxies/poolsbasic/skeletonrevenant_t3.dbr,trash,153,,,MEASURED,MEASURED-SET,NOT-IN-SCOPE — Lap D is the LIFE limb of I-1. Band-B monster damage is a separate decode (PM-4 queue I-2/I-5).
records/creatures/enemies/skeletonfrost_b04_evoker_summon.dbr,0,0,0,1,109,109,109,records/creatures/enemies/bios/bio_skeletonmagi_01.dbr,((charLevel*12)^1.28)+20,Champion,sm3,9775.6882,9775.6882,110.0,110.0,armorbase01.dbr[108]=110.0,107141,107141,108901,108901,110856,110856,0.0,NO (L-33(b): falsified on camera; band A does not fold it either),,,,,,MEASURED,DERIVED-INHERITED,NOT-IN-SCOPE — Lap D is the LIFE limb of I-1. Band-B monster damage is a separate decode (PM-4 queue I-2/I-5).
records/creatures/enemies/skeletonfrost_c01_summon.dbr,0,0,0,1,106|107|108,106,108,records/creatures/enemies/bios/bio_skeletonrevenant_01.dbr,((charLevel*19)^1.33)+60,Champion,sm3,24856.997,25481.1904,103.0,121.0,armorbase03.dbr[105]=103.0,270692,282076,275166,286663,280138,291759,0.0,NO (L-33(b): falsified on camera; band A does not fold it either),,,,,,MEASURED,DERIVED-INHERITED,NOT-IN-SCOPE — Lap D is the LIFE limb of I-1. Band-B monster damage is a separate decode (PM-4 queue I-2/I-5).
records/creatures/enemies/skeletonfrost_c02_summon.dbr,0,0,0,1,109,109,109,records/creatures/enemies/bios/bio_skeletonrevenant_01.dbr,((charLevel*19)^1.33)+60,Champion,sm3,25794.725,25794.725,125.0,125.0,armorbase03.dbr[108]=125.0,286579,286579,291222,291222,296381,296381,0.0,NO (L-33(b): falsified on camera; band A does not fold it either),,,,,,MEASURED,DERIVED-INHERITED,NOT-IN-SCOPE — Lap D is the LIFE limb of I-1. Band-B monster damage is a separate decode (PM-4 queue I-2/I-5).
records/creatures/enemies/spidergiantb_cave_a01_summon.dbr,0,0,0,1,107|108,107,108,records/creatures/enemies/bios/bio_spidercave_a01.dbr,((charLevel*5)^1.33)+15,Common,sm_mod,4268.1483,4321.0959,96.0,102.0,armorbase02.dbr[106]=96.0,46181,47013,46949,47791,47803,48655,0.0,NO (L-33(b): falsified on camera; band A does not fold it either),,,,,,MEASURED,DERIVED-INHERITED,NOT-IN-SCOPE — Lap D is the LIFE limb of I-1. Band-B monster damage is a separate decode (PM-4 queue I-2/I-5).
records/creatures/enemies/spore_a01.dbr,0,0,0,1,103|104,103,104,records/creatures/enemies/bios/bio_spore_a01.dbr,((charLevel*4)^1.27)+10,Champion,sm2,2103.7242,2129.5737,69.0,74.0,armorbase01.dbr[102]=69.0,22194,22573,22572,22956,22993,23382,0.0,NO (L-33(b): falsified on camera; band A does not fold it either),,,,,,MEASURED,DERIVED-INHERITED,NOT-IN-SCOPE — Lap D is the LIFE limb of I-1. Band-B monster damage is a separate decode (PM-4 queue I-2/I-5).
records/creatures/enemies/springscrab_a00_summon.dbr,0,0,0,1,107|108,107,108,records/creatures/enemies/bios/bio_swampcrab_a00_summon.dbr,((charLevel*6)^1.28)+25,Common,sm3,3948.2396,3995.2331,96.0,102.0,armorbase01.dbr[106]=96.0,42719,43468,43430,44187,44220,44986,0.0,NO (L-33(b): falsified on camera; band A does not fold it either),,,,,,MEASURED,DERIVED-INHERITED,NOT-IN-SCOPE — Lap D is the LIFE limb of I-1. Band-B monster damage is a separate decode (PM-4 queue I-2/I-5).
records/creatures/enemies/statue_a01.dbr,0,0,1,0,104|105|106,104,106,records/creatures/enemies/bios/bio_statue_a01.dbr,((charLevel*11)^1.5)+150,Champion,sm2,38843.591,39965.1014,86.0,103.0,armorbase03.dbr[103]=86.0,416403,435219,423395,442413,431163,450406,0.0,NO (L-33(b): falsified on camera; band A does not fold it either),records/proxies/poolsbasicgdx2/statue_t3.dbr,trash,156|166,,,MEASURED,MEASURED-SET,NOT-IN-SCOPE — Lap D is the LIFE limb of I-1. Band-B monster damage is a separate decode (PM-4 queue I-2/I-5).
records/creatures/enemies/statue_a02.dbr,0,0,1,0,104|105,104,105,records/creatures/enemies/bios/bio_statue_a01.dbr,((charLevel*11)^1.5)+150,Champion,sm2,38843.591,39403.011,86.0,94.0,armorbase03.dbr[103]=86.0,416403,425552,423395,432645,431163,440525,0.0,NO (L-33(b): falsified on camera; band A does not fold it either),records/proxies/poolsbasicgdx2/statue_t3.dbr,trash,156|166,,,MEASURED,MEASURED-SET,NOT-IN-SCOPE — Lap D is the LIFE limb of I-1. Band-B monster damage is a separate decode (PM-4 queue I-2/I-5).
records/creatures/enemies/statue_b01.dbr,0,0,1,0,104|105,104,105,records/creatures/enemies/bios/bio_statue_b01.dbr,((charLevel*15.5)^1.5)+200,Champion,sm2,64921.3483,65857.0697,86.0,94.0,armorbase04.dbr[103]=86.0,695956,711256,707642,723110,720626,736282,0.0,NO (L-33(b): falsified on camera; band A does not fold it either),records/proxies/poolsbasicgdx2/statue_t3.dbr,trash,156|166,,,MEASURED,MEASURED-SET,NOT-IN-SCOPE — Lap D is the LIFE limb of I-1. Band-B monster damage is a separate decode (PM-4 queue I-2/I-5).
records/creatures/enemies/statue_b02.dbr,0,0,1,0,104|105,104,105,records/creatures/enemies/bios/bio_statue_b01.dbr,((charLevel*15.5)^1.5)+200,Champion,sm2,64921.3483,65857.0697,86.0,94.0,armorbase04.dbr[103]=86.0,695956,711256,707642,723110,720626,736282,0.0,NO (L-33(b): falsified on camera; band A does not fold it either),records/proxies/poolsbasicgdx2/statue_t3.dbr,trash,156|166,,,MEASURED,MEASURED-SET,NOT-IN-SCOPE — Lap D is the LIFE limb of I-1. Band-B monster damage is a separate decode (PM-4 queue I-2/I-5).
records/creatures/enemies/statue_c01.dbr,0,0,1,0,105|106,105,106,records/creatures/enemies/bios/bio_statue_c01.dbr,((charLevel*17)^1.5)+200,Champion,sm2,75614.9297,76694.8469,94.0,103.0,armorbase04.dbr[104]=94.0,816641,835206,830251,849011,845374,864350,0.0,NO (L-33(b): falsified on camera; band A does not fold it either),records/proxies/poolsbasicgdx2/statue_t3.dbr,trash,156|166,,,MEASURED,MEASURED-SET,NOT-IN-SCOPE — Lap D is the LIFE limb of I-1. Band-B monster damage is a separate decode (PM-4 queue I-2/I-5).
records/creatures/enemies/statue_c02.dbr,0,0,1,0,105|106,105,106,records/creatures/enemies/bios/bio_statue_c01.dbr,((charLevel*17)^1.5)+200,Champion,sm2,75614.9297,76694.8469,94.0,103.0,armorbase04.dbr[104]=94.0,816641,835206,830251,849011,845374,864350,0.0,NO (L-33(b): falsified on camera; band A does not fold it either),records/proxies/poolsbasicgdx2/statue_t3.dbr,trash,156|166,,,MEASURED,MEASURED-SET,NOT-IN-SCOPE — Lap D is the LIFE limb of I-1. Band-B monster damage is a separate decode (PM-4 queue I-2/I-5).
records/creatures/enemies/swampcrab_a00_summon.dbr,0,0,0,1,104|105|106|107|108,104,108,records/creatures/enemies/bios/bio_swampcrab_a00_summon.dbr,((charLevel*6)^1.28)+25,Common,sm1,3807.9994,3995.2331,74.0,102.0,armorbase01.dbr[103]=74.0,40364,43468,41050,44187,41811,44986,0.0,NO (L-33(b): falsified on camera; band A does not fold it either),,,,,,MEASURED,DERIVED-INHERITED,NOT-IN-SCOPE — Lap D is the LIFE limb of I-1. Band-B monster damage is a separate decode (PM-4 queue I-2/I-5).
records/creatures/enemies/swampcrab_a01.dbr,1,1,1,0,103|104,103,104,records/creatures/enemies/bios/bio_swampcrab_a01.dbr,((charLevel*9)^1.33)+25,Common,sm1,8860.1931,8974.461,69.0,74.0,armorbase02.dbr[102]=69.0,93475,95129,95069,96744,96841,98539,0.0,NO (L-33(b): falsified on camera; band A does not fold it either),records/proxies/poolsbasicgdx1/swampcrab_t3.dbr,trash,158|167,158,103,MEASURED,MEASURED-SET,NOT-IN-SCOPE — Lap D is the LIFE limb of I-1. Band-B monster damage is a separate decode (PM-4 queue I-2/I-5).
records/creatures/enemies/swampcrab_b01.dbr,1,1,1,0,103|104,103,104,records/creatures/enemies/bios/bio_swampcrab_b01.dbr,((charLevel*14)^1.33)+45,Common,sm1,15945.9765,16151.628,78.0,86.0,armorbase04.dbr[102]=78.0,169665,173145,172535,176052,175724,179283,0.0,NO (L-33(b): falsified on camera; band A does not fold it either),records/proxies/poolsbasicgdx1/swampcrab_t3.dbr,trash,158|167,158,103,MEASURED,MEASURED-SET,NOT-IN-SCOPE — Lap D is the LIFE limb of I-1. Band-B monster damage is a separate decode (PM-4 queue I-2/I-5).
records/creatures/enemies/swampcrab_b01_summon.dbr,0,0,0,1,106|107|108,106,108,records/creatures/enemies/bios/bio_swampcrab_b01.dbr,((charLevel*14)^1.33)+45,Common,sm1,16564.8876,16980.7285,103.0,121.0,armorbase04.dbr[105]=103.0,180391,187976,183373,191033,186686,194429,0.0,NO (L-33(b): falsified on camera; band A does not fold it either),,,,,,MEASURED,DERIVED-INHERITED,NOT-IN-SCOPE — Lap D is the LIFE limb of I-1. Band-B monster damage is a separate decode (PM-4 queue I-2/I-5).
records/creatures/enemies/swampcrab_c01.dbr,1,1,1,0,104|105|106,104,106,records/creatures/enemies/bios/bio_swampcrab_c01.dbr,((charLevel*20)^1.33)+60,Champion,sm1,25943.5735,26607.6874,86.0,103.0,armorbase04.dbr[103]=86.0,278115,289757,282784,294547,287973,299868,0.0,NO (L-33(b): falsified on camera; band A does not fold it either),records/proxies/poolsbasicgdx1/swampcrab_t3.dbr,trash,158|167,158,104,MEASURED,MEASURED-SET,NOT-IN-SCOPE — Lap D is the LIFE limb of I-1. Band-B monster damage is a separate decode (PM-4 queue I-2/I-5).
records/creatures/enemies/swampcrab_c01_summon.dbr,0,0,0,1,106|107|108,106,108,records/creatures/enemies/bios/bio_swampcrab_c01.dbr,((charLevel*20)^1.33)+60,Champion,sm1,26607.6874,27275.9494,103.0,121.0,armorbase04.dbr[105]=103.0,289757,301944,294547,306854,299868,312309,0.0,NO (L-33(b): falsified on camera; band A does not fold it either),,,,,,MEASURED,DERIVED-INHERITED,NOT-IN-SCOPE — Lap D is the LIFE limb of I-1. Band-B monster damage is a separate decode (PM-4 queue I-2/I-5).
records/creatures/enemies/swampgolem_a01.dbr,1,1,1,0,103|104|105|106,103,106,records/creatures/enemies/bios/bio_swampgolem_a01.dbr,((charLevel*11)^1.5)+150,Champion,sm1,38286.8541,39965.1014,78.0,103.0,armorbase03.dbr[102]=78.0,407372,435219,414263,442413,421921,450406,0.0,NO (L-33(b): falsified on camera; band A does not fold it either),records/proxies/poolsbasicgdx1/livingplant_t3.dbr|records/proxies/poolsbasicgdx1/swampgolem_t3.dbr,trash,151|153|156|157,151|153,109,MEASURED,MEASURED-SET,NOT-IN-SCOPE — Lap D is the LIFE limb of I-1. Band-B monster damage is a separate decode (PM-4 queue I-2/I-5).
records/creatures/enemies/swampgolem_b01.dbr,0,0,1,0,104|105|106,104,106,records/creatures/enemies/bios/bio_swampgolem_b01.dbr,((charLevel*15.5)^1.5)+200,Champion,sm1,64921.3483,66797.2575,86.0,103.0,armorbase04.dbr[103]=86.0,695956,727422,707642,739445,720626,752805,0.0,NO (L-33(b): falsified on camera; band A does not fold it either),records/proxies/poolsbasicgdx1/swampgolem_t3.dbr,trash,156|157,,,MEASURED,MEASURED-SET,NOT-IN-SCOPE — Lap D is the LIFE limb of I-1. Band-B monster damage is a separate decode (PM-4 queue I-2/I-5).
records/creatures/enemies/swampgolem_c01.dbr,0,0,1,0,105|106,105,106,records/creatures/enemies/bios/bio_swampgolem_c01.dbr,((charLevel*17)^1.5)+200,Champion,sm1,75614.9297,76694.8469,94.0,103.0,armorbase04.dbr[104]=94.0,816641,835206,830251,849011,845374,864350,0.0,NO (L-33(b): falsified on camera; band A does not fold it either),records/proxies/poolsbasicgdx1/swampgolem_t3.dbr,trash,156|157,,,MEASURED,MEASURED-SET,NOT-IN-SCOPE — Lap D is the LIFE limb of I-1. Band-B monster damage is a separate decode (PM-4 queue I-2/I-5).
records/creatures/enemies/thornedhorrorfrost_a01.dbr,1,1,1,0,102|103,102,103,records/creatures/enemies/bios/bio_thornedhorrorfrost_a01.dbr,((charLevel*12)^1.33)+60,Champion,sm3,12846.4294,13013.4235,61.0,69.0,armorbase02.dbr[101]=61.0,134502,137291,136814,139634,139383,142236,0.0,NO (L-33(b): falsified on camera; band A does not fold it either),records/proxies/poolsbasicgdx3/thornedhorrorfrost_t3.dbr,trash,152,152,109,MEASURED,MEASURED-SET,NOT-IN-SCOPE — Lap D is the LIFE limb of I-1. Band-B monster damage is a separate decode (PM-4 queue I-2/I-5).
records/creatures/enemies/thornedhorrorfrost_b01.dbr,1,1,1,0,103|104,103,104,records/creatures/enemies/bios/bio_thornedhorrorfrost_b01.dbr,((charLevel*22)^1.33)+80,Champion,sm3,29086.5231,29461.672,78.0,86.0,armorbase03.dbr[102]=78.0,309480,315829,314716,321132,320533,327024,0.0,NO (L-33(b): falsified on camera; band A does not fold it either),records/proxies/poolsbasicgdx3/thornedhorrorfrost_t3.dbr,trash,152,152,109,MEASURED,MEASURED-SET,NOT-IN-SCOPE — Lap D is the LIFE limb of I-1. Band-B monster damage is a separate decode (PM-4 queue I-2/I-5).
records/creatures/enemies/thornedhorrorfrost_c01.dbr,1,1,1,0,104|105|106,104,106,records/creatures/enemies/bios/bio_thornedhorrorfrost_c01.dbr,((charLevel*26)^1.33)+110,Champion,sm3,36801.7896,37743.2178,86.0,103.0,armorbase03.dbr[103]=86.0,394515,411023,401139,417817,408499,425366,0.0,NO (L-33(b): falsified on camera; band A does not fold it either),records/proxies/poolsbasicgdx3/thornedhorrorfrost_t3.dbr,trash,152,152,109,MEASURED,MEASURED-SET,NOT-IN-SCOPE — Lap D is the LIFE limb of I-1. Band-B monster damage is a separate decode (PM-4 queue I-2/I-5).
records/creatures/enemies/trap_brambletrap_a01.dbr,0,0,0,1,107|108,107,108,records/creatures/enemies/bios/bio_familycrisistarget_01.dbr,15,Common,sm3,15.0,15.0,0.0,0.0,,147,147,150,150,153,153,0.0,NO (L-33(b): falsified on camera; band A does not fold it either),,,,,,MEASURED,DERIVED-INHERITED,NOT-IN-SCOPE — Lap D is the LIFE limb of I-1. Band-B monster damage is a separate decode (PM-4 queue I-2/I-5).
records/creatures/enemies/trap_icespike_hero_a01.dbr,0,0,0,1,106|107|108,106,108,records/creatures/enemies/bios/bio_trap_fireflare_01.dbr,((charLevel*10)^1.25)+60,Common,sm3,6108.2862,6251.2693,0.0,0.0,,60227,61637,61327,62762,62548,64012,0.0,NO (L-33(b): falsified on camera; band A does not fold it either),,,,,,MEASURED,DERIVED-INHERITED,NOT-IN-SCOPE — Lap D is the LIFE limb of I-1. Band-B monster damage is a separate decode (PM-4 queue I-2/I-5).
records/creatures/enemies/trap_lightningspike_hero_a01.dbr,0,0,0,1,107|108,107,108,records/creatures/enemies/bios/bio_trap_fireflare_01.dbr,((charLevel*10)^1.25)+60,Common,sm3,6179.6942,6251.2693,0.0,0.0,,60931,61637,62044,62762,63280,64012,0.0,NO (L-33(b): falsified on camera; band A does not fold it either),,,,,,MEASURED,DERIVED-INHERITED,NOT-IN-SCOPE — Lap D is the LIFE limb of I-1. Band-B monster damage is a separate decode (PM-4 queue I-2/I-5).
records/creatures/enemies/viper_a01.dbr,0,0,1,0,102|103,102,103,records/creatures/enemies/bios/bio_viper_a01.dbr,((charLevel*9)^1.33)+20,Common,sm2,8741.2908,8855.1931,61.0,69.0,armorbase02.dbr[101]=61.0,91521,93422,93094,95016,94843,96787,0.0,NO (L-33(b): falsified on camera; band A does not fold it either),records/proxies/poolsbasicgdx2/viper_t3.dbr,trash,167,,,MEASURED,MEASURED-SET,NOT-IN-SCOPE — Lap D is the LIFE limb of I-1. Band-B monster damage is a separate decode (PM-4 queue I-2/I-5).
records/creatures/enemies/viper_b01.dbr,0,0,1,0,103|104,103,104,records/creatures/enemies/bios/bio_viper_b01.dbr,((charLevel*18)^1.33)+45,Champion,sm2,22256.9118,22544.1843,78.0,86.0,armorbase03.dbr[102]=78.0,236813,241673,240819,245731,245271,250240,0.0,NO (L-33(b): falsified on camera; band A does not fold it either),records/proxies/poolsbasicgdx2/viper_t3.dbr,trash,167,,,MEASURED,MEASURED-SET,NOT-IN-SCOPE — Lap D is the LIFE limb of I-1. Band-B monster damage is a separate decode (PM-4 queue I-2/I-5).
records/creatures/enemies/viper_c01.dbr,0,0,1,0,104|105|106,104,106,records/creatures/enemies/bios/bio_viper_c01.dbr,((charLevel*24)^1.33)+60,Champion,sm2,33046.4282,33892.7853,86.0,103.0,armorbase03.dbr[103]=86.0,354257,369092,360206,375193,366815,381971,0.0,NO (L-33(b): falsified on camera; band A does not fold it either),records/proxies/poolsbasicgdx2/viper_t3.dbr,trash,167,,,MEASURED,MEASURED-SET,NOT-IN-SCOPE — Lap D is the LIFE limb of I-1. Band-B monster damage is a separate decode (PM-4 queue I-2/I-5).
records/creatures/enemies/wendigo_a01.dbr,1,1,1,0,103|104,103,104,records/creatures/enemies/bios/bio_wendigo_a01.dbr,((charLevel*16)^1.33)+20,Common,sm1,19011.2297,19256.8482,78.0,86.0,armorbase03.dbr[102]=78.0,202279,206433,205701,209899,209503,213751,0.0,NO (L-33(b): falsified on camera; band A does not fold it either),records/proxies/poolsbasicgdx1/wendigo_t3.dbr,trash,153|161|168,153,103,MEASURED,MEASURED-SET,NOT-IN-SCOPE — Lap D is the LIFE limb of I-1. Band-B monster damage is a separate decode (PM-4 queue I-2/I-5).
records/creatures/enemies/wendigo_b01.dbr,1,0,1,0,104|105|106,104,106,records/creatures/enemies/bios/bio_wendigo_b01.dbr,((charLevel*21)^1.33)+40,Champion,sm1,27658.8762,28367.514,86.0,103.0,armorbase04.dbr[103]=86.0,296503,308922,301481,314028,307013,319701,0.0,NO (L-33(b): falsified on camera; band A does not fold it either),records/proxies/poolsbasicgdx1/wendigo_t3.dbr,trash,153|161|168,161,104,MEASURED,MEASURED-SET,NOT-IN-SCOPE — Lap D is the LIFE limb of I-1. Band-B monster damage is a separate decode (PM-4 queue I-2/I-5).
records/creatures/enemies/wendigo_b02.dbr,1,1,1,0,104|105|106,104,106,records/creatures/enemies/bios/bio_wendigo_b01.dbr,((charLevel*21)^1.33)+40,Champion,sm1,27658.8762,28367.514,86.0,103.0,armorbase04.dbr[103]=86.0,296503,308922,301481,314028,307013,319701,0.0,NO (L-33(b): falsified on camera; band A does not fold it either),records/proxies/poolsbasicgdx1/wendigo_t3.dbr,trash,153|161|168,153|161,104,MEASURED,MEASURED-SET,NOT-IN-SCOPE — Lap D is the LIFE limb of I-1. Band-B monster damage is a separate decode (PM-4 queue I-2/I-5).
records/creatures/enemies/wendigo_c01.dbr,1,1,1,0,105|106,105,106,records/creatures/enemies/bios/bio_wendigo_c01.dbr,((charLevel*29)^1.33)+50,Champion,sm1,43020.569,43565.7164,94.0,103.0,armorbase04.dbr[104]=94.0,464622,474430,472365,482272,480969,490985,0.0,NO (L-33(b): falsified on camera; band A does not fold it either),records/proxies/poolsbasicgdx1/wendigo_t3.dbr,trash,153|161|168,153,105,MEASURED,MEASURED-SET,NOT-IN-SCOPE — Lap D is the LIFE limb of I-1. Band-B monster damage is a separate decode (PM-4 queue I-2/I-5).
records/creatures/enemies/wendigocannibal_a01.dbr,1,0,1,0,102|103,102,103,records/creatures/enemies/bios/bio_wendigocannibal_a01.dbr,((charLevel*9)^1.33)+30,Common,sm1,8751.2908,8865.1931,61.0,69.0,armorbase01.dbr[101]=61.0,91626,93527,93201,95123,94951,96896,0.0,NO (L-33(b): falsified on camera; band A does not fold it either),records/proxies/poolsbasicgdx1/wendigo_t3.dbr|records/proxies/poolsbasicgdx1/wendigocannibal_t3.dbr,trash,153|154|161|167|168,161|167,102,MEASURED,MEASURED-SET,NOT-IN-SCOPE — Lap D is the LIFE limb of I-1. Band-B monster damage is a separate decode (PM-4 queue I-2/I-5).
records/creatures/enemies/wendigocannibal_b01.dbr,1,1,1,0,103|104,103,104,records/creatures/enemies/bios/bio_wendigocannibal_b01.dbr,((charLevel*16)^1.33)+50,Common,sm1,19041.2297,19286.8482,69.0,74.0,armorbase02.dbr[102]=69.0,200884,204440,204312,207912,208120,211769,0.0,NO (L-33(b): falsified on camera; band A does not fold it either),records/proxies/poolsbasicgdx1/wendigo_t3.dbr|records/proxies/poolsbasicgdx1/wendigocannibal_t3.dbr,trash,153|154|161|167|168,153|161|167,103,MEASURED,MEASURED-SET,NOT-IN-SCOPE — Lap D is the LIFE limb of I-1. Band-B monster damage is a separate decode (PM-4 queue I-2/I-5).
records/creatures/enemies/wendigocannibal_c01.dbr,1,0,1,0,104|105|106,104,106,records/creatures/enemies/bios/bio_wendigocannibal_c01.dbr,((charLevel*20)^1.33)+70,Champion,sm1,25953.5735,26617.6874,86.0,103.0,armorbase03.dbr[103]=86.0,278222,289866,282893,294657,288084,299981,0.0,NO (L-33(b): falsified on camera; band A does not fold it either),records/proxies/poolsbasicgdx1/wendigocannibal_t3.dbr,trash,154|167,167,104,MEASURED,MEASURED-SET,NOT-IN-SCOPE — Lap D is the LIFE limb of I-1. Band-B monster damage is a separate decode (PM-4 queue I-2/I-5).
records/creatures/enemies/wight_a01.dbr,0,0,1,0,102|103,102,103,records/creatures/enemies/bios/bio_wight_a01.dbr,((charLevel*11)^1.33)+50,Common,sm3,11439.1287,11587.8737,61.0,69.0,armorbase01.dbr[101]=61.0,119767,122252,121826,124337,124114,126655,0.0,NO (L-33(b): falsified on camera; band A does not fold it either),records/proxies/poolsbasicgdx3/wight_t3.dbr,trash,168,,,MEASURED,MEASURED-SET,NOT-IN-SCOPE — Lap D is the LIFE limb of I-1. Band-B monster damage is a separate decode (PM-4 queue I-2/I-5).
records/creatures/enemies/wight_b01.dbr,0,0,1,0,103|104,103,104,records/creatures/enemies/bios/bio_wight_b01.dbr,((charLevel*21)^1.33)+80,Champion,sm3,27346.2348,27698.8762,78.0,86.0,armorbase03.dbr[102]=78.0,290963,296931,295886,301917,301355,307457,50.0,NO (L-33(b): falsified on camera; band A does not fold it either),records/proxies/poolsbasicgdx3/wight_t3.dbr,trash,168,,,MEASURED,MEASURED-SET,NOT-IN-SCOPE — Lap D is the LIFE limb of I-1. Band-B monster damage is a separate decode (PM-4 queue I-2/I-5).
records/creatures/enemies/wight_b02.dbr,0,0,1,0,103|104,103,104,records/creatures/enemies/bios/bio_wight_b02.dbr,((charLevel*16)^1.33)+80,Champion,sm3,19071.2297,19316.8482,69.0,74.0,armorbase02.dbr[102]=69.0,201201,204758,204634,208235,208448,212098,50.0,NO (L-33(b): falsified on camera; band A does not fold it either),records/proxies/poolsbasicgdx3/wight_t3.dbr,trash,168,,,MEASURED,MEASURED-SET,NOT-IN-SCOPE — Lap D is the LIFE limb of I-1. Band-B monster damage is a separate decode (PM-4 queue I-2/I-5).
records/creatures/enemies/wight_c01.dbr,0,0,1,0,104|105|106,104,106,records/creatures/enemies/bios/bio_wight_c01.dbr,((charLevel*27)^1.33)+100,Champion,sm3,38680.5263,39670.4152,86.0,103.0,armorbase04.dbr[103]=86.0,414655,432010,421617,439151,429353,447085,100.0,NO (L-33(b): falsified on camera; band A does not fold it either),records/proxies/poolsbasicgdx3/wight_t3.dbr,trash,168,,,MEASURED,MEASURED-SET,NOT-IN-SCOPE — Lap D is the LIFE limb of I-1. Band-B monster damage is a separate decode (PM-4 queue I-2/I-5).
records/creatures/enemies/wormworldrot_a01_summon.dbr,0,0,0,1,106|107|108,106,108,records/creatures/enemies/bios/bio_worm_b01.dbr,((charLevel*14)^1.33)+40,Champion,base,16559.8876,16975.7285,103.0,121.0,armorbase03.dbr[105]=103.0,180337,187921,183317,190976,186629,194372,0.0,NO (L-33(b): falsified on camera; band A does not fold it either),,,,,,MEASURED,DERIVED-INHERITED,NOT-IN-SCOPE — Lap D is the LIFE limb of I-1. Band-B monster damage is a separate decode (PM-4 queue I-2/I-5).
records/creatures/enemies/wraith_a01.dbr,1,0,1,0,103|104,103,104,records/creatures/enemies/bios/bio_wraith_a01.dbr,((charLevel*12)^1.33)+30,Common,sm1,12983.4235,13150.9536,69.0,74.0,armorbase02.dbr[102]=69.0,136975,139400,139312,141767,141908,144397,0.0,NO (L-33(b): falsified on camera; band A does not fold it either),records/proxies/poolsbasicgdx1/wraith_t3.dbr,trash,151|168,168,109,MEASURED,MEASURED-SET,NOT-IN-SCOPE — Lap D is the LIFE limb of I-1. Band-B monster damage is a separate decode (PM-4 queue I-2/I-5).
records/creatures/enemies/wraith_a01_summon.dbr,0,0,0,1,103|104|106|107|108,103,108,records/creatures/enemies/bios/bio_wraith_a01.dbr,((charLevel*12)^1.33)+30,Common,sm1,12983.4235,13826.3643,69.0,102.0,armorbase02.dbr[102]=69.0,136975,150430,139312,152919,141908,155684,0.0,NO (L-33(b): falsified on camera; band A does not fold it either),,,,,,MEASURED,DERIVED-INHERITED,NOT-IN-SCOPE — Lap D is the LIFE limb of I-1. Band-B monster damage is a separate decode (PM-4 queue I-2/I-5).
records/creatures/enemies/wraith_b01.dbr,1,0,1,0,104|105|106,104,106,records/creatures/enemies/bios/bio_wraith_b01.dbr,((charLevel*17)^1.33)+30,Champion,sm1,20882.1772,21417.1968,74.0,88.0,armorbase02.dbr[103]=74.0,221351,230020,225109,233875,229286,238159,0.0,NO (L-33(b): falsified on camera; band A does not fold it either),records/proxies/poolsbasicgdx1/wraith_t3.dbr,trash,151|168,168,109,MEASURED,MEASURED-SET,NOT-IN-SCOPE — Lap D is the LIFE limb of I-1. Band-B monster damage is a separate decode (PM-4 queue I-2/I-5).
records/creatures/enemies/wraith_b01_summon.dbr,0,0,0,1,106|107|108|109,106,109,records/creatures/enemies/bios/bio_wraith_b01.dbr,((charLevel*17)^1.33)+30,Champion,sm1,21417.1968,22225.9791,88.0,110.0,armorbase02.dbr[105]=88.0,230020,243596,233875,247597,238159,252042,0.0,NO (L-33(b): falsified on camera; band A does not fold it either),,,,,,MEASURED,DERIVED-INHERITED,NOT-IN-SCOPE — Lap D is the LIFE limb of I-1. Band-B monster damage is a separate decode (PM-4 queue I-2/I-5).
records/creatures/enemies/wraith_c01.dbr,1,0,1,0,104|105|106,104,106,records/creatures/enemies/bios/bio_wraith_c01.dbr,((charLevel*25)^1.33)+30,Champion,sm1,34856.8787,35750.4575,86.0,103.0,armorbase03.dbr[103]=86.0,373665,389322,379939,395757,386911,402907,0.0,NO (L-33(b): falsified on camera; band A does not fold it either),records/proxies/poolsbasicgdx1/wraith_t3.dbr,trash,151|168,168,109,MEASURED,MEASURED-SET,NOT-IN-SCOPE — Lap D is the LIFE limb of I-1. Band-B monster damage is a separate decode (PM-4 queue I-2/I-5).
records/creatures/enemies/wraith_c01_summon.dbr,0,0,0,1,106|107|108|109,106,109,records/creatures/enemies/bios/bio_wraith_c01.dbr,((charLevel*25)^1.33)+30,Champion,sm1,35750.4575,37101.2691,103.0,125.0,armorbase03.dbr[105]=103.0,389322,412195,395757,418873,402907,426293,0.0,NO (L-33(b): falsified on camera; band A does not fold it either),,,,,,MEASURED,DERIVED-INHERITED,NOT-IN-SCOPE — Lap D is the LIFE limb of I-1. Band-B monster damage is a separate decode (PM-4 queue I-2/I-5).
records/creatures/enemies/yetidire_a01.dbr,1,1,1,0,102|103,102,103,records/creatures/enemies/bios/bio_yetidire_a01.dbr,((charLevel*18)^1.33)+100,Champion,sm3,22025.5583,22311.9118,61.0,69.0,armorbase02.dbr[101]=61.0,230607,235390,234572,239406,238977,243869,0.0,NO (L-33(b): falsified on camera; band A does not fold it either),records/proxies/poolsbasicgdx3/yetidire_t3.dbr,trash,157,157,109,MEASURED,MEASURED-SET,NOT-IN-SCOPE — Lap D is the LIFE limb of I-1. Band-B monster damage is a separate decode (PM-4 queue I-2/I-5).
records/creatures/enemies/yetidire_b01.dbr,0,0,1,0,103|104,103,104,records/creatures/enemies/bios/bio_yetidire_b01.dbr,((charLevel*27)^1.33)+150,Champion,sm3,38237.9252,38730.5263,78.0,86.0,armorbase03.dbr[102]=78.0,406851,415191,413734,422162,421381,429908,0.0,NO (L-33(b): falsified on camera; band A does not fold it either),records/proxies/poolsbasicgdx3/yetidire_t3.dbr,trash,157,,,MEASURED,MEASURED-SET,NOT-IN-SCOPE — Lap D is the LIFE limb of I-1. Band-B monster damage is a separate decode (PM-4 queue I-2/I-5).
records/creatures/enemies/yetidire_b02.dbr,0,0,1,0,103|104,103,104,records/creatures/enemies/bios/bio_yetidire_b02.dbr,((charLevel*27)^1.33)+150,Champion,sm3,38237.9252,38730.5263,78.0,86.0,armorbase03.dbr[102]=78.0,406851,415191,413734,422162,421381,429908,0.0,NO (L-33(b): falsified on camera; band A does not fold it either),records/proxies/poolsbasicgdx3/yetidire_t3.dbr,trash,157,,,MEASURED,MEASURED-SET,NOT-IN-SCOPE — Lap D is the LIFE limb of I-1. Band-B monster damage is a separate decode (PM-4 queue I-2/I-5).
records/creatures/enemies/yetidire_c01.dbr,1,1,1,0,104|105|106,104,106,records/creatures/enemies/bios/bio_yetidire_c01.dbr,((charLevel*31)^1.33)+150,Champion,sm3,46512.345,47701.8977,86.0,103.0,armorbase04.dbr[103]=86.0,498612,519473,506984,528060,516287,537600,0.0,NO (L-33(b): falsified on camera; band A does not fold it either),records/proxies/poolsbasicgdx3/yetidire_t3.dbr,trash,157,157,109,MEASURED,MEASURED-SET,NOT-IN-SCOPE — Lap D is the LIFE limb of I-1. Band-B monster damage is a separate decode (PM-4 queue I-2/I-5).
records/creatures/enemies/zombie_a01_summon.dbr,0,0,0,1,107|108,107,108,records/creatures/enemies/bios/bio_zombie_01.dbr,((charLevel*4)^1.33)+24,Common,sm_mod,3184.9688,3224.3198,96.0,102.0,armorbase01.dbr[106]=96.0,34461,35080,35034,35660,35671,36305,0.0,NO (L-33(b): falsified on camera; band A does not fold it either),,,,,,MEASURED,DERIVED-INHERITED,NOT-IN-SCOPE — Lap D is the LIFE limb of I-1. Band-B monster damage is a separate decode (PM-4 queue I-2/I-5).
records/creatures/enemies/zombie_aetherfire01_summon.dbr,0,0,0,1,107|108,107,108,records/creatures/enemies/bios/bio_zombie_01.dbr,((charLevel*4)^1.33)+24,Common,sm_mod,3184.9688,3224.3198,96.0,102.0,armorbase02.dbr[106]=96.0,34461,35080,35034,35660,35671,36305,30.0,NO (L-33(b): falsified on camera; band A does not fold it either),,,,,,MEASURED,DERIVED-INHERITED,NOT-IN-SCOPE — Lap D is the LIFE limb of I-1. Band-B monster damage is a separate decode (PM-4 queue I-2/I-5).
records/creatures/enemies/zombie_d01_summon.dbr,0,0,0,1,107|108,107,108,records/creatures/enemies/bios/bio_zombiestrong_01.dbr,((charLevel*8)^1.33)+32,Champion,sm_mod,7978.7602,8077.6897,96.0,102.0,armorbase02.dbr[106]=96.0,86330,87885,87766,89339,89362,90954,200.0,NO (L-33(b): falsified on camera; band A does not fold it either),,,,,,MEASURED,DERIVED-INHERITED,NOT-IN-SCOPE — Lap D is the LIFE limb of I-1. Band-B monster damage is a separate decode (PM-4 queue I-2/I-5).
records/creatures/enemies/zombie_soldiera01_summon.dbr,0,0,0,1,107|108,107,108,records/creatures/enemies/bios/bio_zombiesoldier_01.dbr,((charLevel*11)^1.33)+27,Common,sm_mod,12164.5965,12315.6978,96.0,102.0,armorbase02.dbr[106]=96.0,131620,133994,133810,136211,136243,138674,0.0,NO (L-33(b): falsified on camera; band A does not fold it either),,,,,,MEASURED,DERIVED-INHERITED,NOT-IN-SCOPE — Lap D is the LIFE limb of I-1. Band-B monster damage is a separate decode (PM-4 queue I-2/I-5).
records/creatures/enemies/zombie_soldierfirea01_summon.dbr,0,0,0,1,107|108,107,108,records/creatures/enemies/bios/bio_zombiesoldier_01.dbr,((charLevel*11)^1.33)+27,Champion,sm_mod,12164.5965,12315.6978,96.0,102.0,armorbase02.dbr[106]=96.0,131620,133994,133810,136211,136243,138674,0.0,NO (L-33(b): falsified on camera; band A does not fold it either),,,,,,MEASURED,DERIVED-INHERITED,NOT-IN-SCOPE — Lap D is the LIFE limb of I-1. Band-B monster damage is a separate decode (PM-4 queue I-2/I-5).
records/creatures/enemies/zombieberserker_a02.dbr,1,0,1,0,103|104,103,104,records/creatures/enemies/bios/bio_zombieberserker_01.dbr,((charLevel*18)^1.33)+40,Champion,sm_mod,22251.9118,22539.1843,107.0,112.0,armorbase02.dbr[102]=69.0|passiveattackproperties_zombieberserker.dbr[25]=38.0,243213,247480,247218,251537,251669,256045,200.0,NO (L-33(b): falsified on camera; band A does not fold it either),records/proxies/poolsbasic/fleshhulk_t3.dbr,trash,162|166,162,103,MEASURED,MEASURED-SET,NOT-IN-SCOPE — Lap D is the LIFE limb of I-1. Band-B monster damage is a separate decode (PM-4 queue I-2/I-5).
records/creatures/enemies/zombiemutated_a01.dbr,1,0,1,0,103|104,103,104,records/creatures/enemies/bios/bio_zombiemutated_01.dbr,((charLevel*14)^1.33)+50,Champion,sm_mod,15950.9765,16156.628,78.0,86.0,armorbase03.dbr[102]=78.0,169718,173199,172589,176107,175779,179338,0.0,NO (L-33(b): falsified on camera; band A does not fold it either),records/proxies/poolsbasic/fleshhulk_t3.dbr,trash,162|166,162,103,MEASURED,MEASURED-SET,NOT-IN-SCOPE — Lap D is the LIFE limb of I-1. Band-B monster damage is a separate decode (PM-4 queue I-2/I-5).
records/creatures/enemies/zombiemutated_b01.dbr,1,0,1,0,103|104,103,104,records/creatures/enemies/bios/bio_zombiemutated_01.dbr,((charLevel*14)^1.33)+50,Champion,sm_mod,15950.9765,16156.628,78.0,86.0,armorbase03.dbr[102]=78.0,169718,173199,172589,176107,175779,179338,0.0,NO (L-33(b): falsified on camera; band A does not fold it either),records/proxies/poolsbasic/fleshhulk_t3.dbr,trash,162|166,162,103,MEASURED,MEASURED-SET,NOT-IN-SCOPE — Lap D is the LIFE limb of I-1. Band-B monster damage is a separate decode (PM-4 queue I-2/I-5).
records/creatures/enemies/zombievoid_a01_summon.dbr,0,0,0,1,107|108,107,108,records/creatures/enemies/bios/bio_zombie_01.dbr,((charLevel*4)^1.33)+24,Champion,sm_mod,3184.9688,3224.3198,96.0,102.0,armorbase02.dbr[106]=96.0,34461,35080,35034,35660,35671,36305,0.0,NO (L-33(b): falsified on camera; band A does not fold it either),,,,,,MEASURED,DERIVED-INHERITED,NOT-IN-SCOPE — Lap D is the LIFE limb of I-1. Band-B monster damage is a separate decode (PM-4 queue I-2/I-5).
records/skills/nonplayerskills/bossskills/outlaw_ravenpet_a01.dbr,0,0,0,1,107|108,107,108,records/skills/playerclass03/pets/bio_raven_01.dbr,((charLevel*17.3)^1.29)+35,Common,base,16440.314,16638.3651,96.0,102.0,armorbase01.dbr[106]=96.0,177884,181025,180843,184020,184131,187347,0.0,NO (L-33(b): falsified on camera; band A does not fold it either),,,,,,MEASURED,DERIVED-INHERITED,NOT-IN-SCOPE — Lap D is the LIFE limb of I-1. Band-B monster damage is a separate decode (PM-4 queue I-2/I-5).
records/skills/nonplayerskills/bossskills/pets/bladeswarm_a01.dbr,0,0,0,1,109,109,109,records/skills/nonplayerskills/heroskills/pets/bio_bladeswarm_01.dbr,((charLevel*15)^1.3)+75,Common,sm_mod,15126.2678,15126.2678,0.0,0.0,,149145,149145,151867,151867,154892,154892,0.0,NO (L-33(b): falsified on camera; band A does not fold it either),,,,,,MEASURED,DERIVED-INHERITED,NOT-IN-SCOPE — Lap D is the LIFE limb of I-1. Band-B monster damage is a separate decode (PM-4 queue I-2/I-5).
records/skills/nonplayerskills/bossskills/pets/chthonicshard_zap_b01_summon.dbr,0,0,0,1,106|107|108,106,108,records/creatures/enemies/bios/bio_trap_chthonicshard_02.dbr,((charLevel*9)^1.30)+25,Common,sm_mod,7496.5875,7680.3693,0.0,0.0,,73916,75728,75265,77110,76765,78646,0.0,NO (L-33(b): falsified on camera; band A does not fold it either),,,,,,MEASURED,DERIVED-INHERITED,NOT-IN-SCOPE — Lap D is the LIFE limb of I-1. Band-B monster damage is a separate decode (PM-4 queue I-2/I-5).
records/skills/nonplayerskills/bossskills/pets/firedevil_01.dbr,0,0,0,1,106|107|108,106,108,records/creatures/enemies/bios/bio_trap_fireflare_01.dbr,((charLevel*10)^1.25)+60,Common,sm_mod,6108.2862,6251.2693,0.0,0.0,,60227,61637,61327,62762,62548,64012,0.0,NO (L-33(b): falsified on camera; band A does not fold it either),,,,,,MEASURED,DERIVED-INHERITED,NOT-IN-SCOPE — Lap D is the LIFE limb of I-1. Band-B monster damage is a separate decode (PM-4 queue I-2/I-5).
records/skills/nonplayerskills/bossskills/pets/loghorrean_void.dbr,0,0,0,1,106|107|108,106,108,records/creatures/enemies/bios/bio_trap_fireflare_01.dbr,((charLevel*10)^1.25)+60,Common,sm_mod,6108.2862,6251.2693,0.0,0.0,,60227,61637,61327,62762,62548,64012,0.0,NO (L-33(b): falsified on camera; band A does not fold it either),,,,,,MEASURED,DERIVED-INHERITED,NOT-IN-SCOPE — Lap D is the LIFE limb of I-1. Band-B monster damage is a separate decode (PM-4 queue I-2/I-5).
records/skills/nonplayerskills/bossskills/pets/witchgodguardian_sentinel_crystal.dbr,0,0,0,1,106|107|108,106,108,records/creatures/enemies/bios/bio_trap_chthonicshard_01.dbr,((charLevel*6)^1.20)+25,Common,base,2337.8557,2390.3206,0.0,0.0,,23051,23568,23472,23998,23939,24476,0.0,NO (L-33(b): falsified on camera; band A does not fold it either),,,,,,MEASURED,DERIVED-INHERITED,NOT-IN-SCOPE — Lap D is the LIFE limb of I-1. Band-B monster damage is a separate decode (PM-4 queue I-2/I-5).
records/skills/nonplayerskills/heroskills/pets/hellhound_undeadfaction_a01.dbr,0,0,0,1,107|108,107,108,records/skills/nonplayerskills/heroskills/pets/bio_hellhound_01.dbr,((charLevel*16)^1.29)+50,Common,sm_mod,14882.6876,15061.7534,96.0,102.0,armorbase01.dbr[106]=96.0,161030,163871,163709,166582,166686,169595,0.0,NO (L-33(b): falsified on camera; band A does not fold it either),,,,,,MEASURED,DERIVED-INHERITED,NOT-IN-SCOPE — Lap D is the LIFE limb of I-1. Band-B monster damage is a separate decode (PM-4 queue I-2/I-5).
records/skills/nonplayerskillsgdx1/bossskills/final/aetheranomaly_01.dbr,0,0,0,1,106|107|108,106,108,records/creatures/enemies/bios/bio_trap_fireflare_01.dbr,((charLevel*10)^1.25)+60,Common,gdx1,6108.2862,6251.2693,0.0,0.0,,60227,61637,61327,62762,62548,64012,0.0,NO (L-33(b): falsified on camera; band A does not fold it either),,,,,,MEASURED,DERIVED-INHERITED,NOT-IN-SCOPE — Lap D is the LIFE limb of I-1. Band-B monster damage is a separate decode (PM-4 queue I-2/I-5).
records/skills/nonplayerskillsgdx1/bossskills/nemesis/aetherialvanguard_crystal.dbr,0,0,0,1,109,109,109,records/creatures/enemies/bios/bio_boss_nemesis_clustersummon.dbr,((charLevel*4)^1.5)+100,Champion,gdx1,9203.9473,9203.9473,125.0,125.0,armorbase04.dbr[108]=125.0,102255,102255,103912,103912,105753,105753,0.0,NO (L-33(b): falsified on camera; band A does not fold it either),,,,,,MEASURED,DERIVED-INHERITED,NOT-IN-SCOPE — Lap D is the LIFE limb of I-1. Band-B monster damage is a separate decode (PM-4 queue I-2/I-5).
records/skills/nonplayerskillsgdx1/bossskills/nemesis/beast_bloodpool.dbr,0,0,0,1,109,109,109,records/creatures/enemies/bios/bio_boss_nemesis_clustersummon.dbr,((charLevel*4)^1.5)+100,Common,gdx1,9203.9473,9203.9473,0.0,0.0,,90750,90750,92407,92407,94248,94248,0.0,NO (L-33(b): falsified on camera; band A does not fold it either),,,,,,MEASURED,DERIVED-INHERITED,NOT-IN-SCOPE — Lap D is the LIFE limb of I-1. Band-B monster damage is a separate decode (PM-4 queue I-2/I-5).
records/skills/nonplayerskillsgdx1/bossskills/nemesis/chthonian02_void.dbr,0,0,0,1,109,109,109,records/creatures/enemies/bios/bio_boss_nemesis_clustersummon.dbr,((charLevel*4)^1.5)+100,Common,gdx1,9203.9473,9203.9473,0.0,0.0,,90750,90750,92407,92407,94248,94248,0.0,NO (L-33(b): falsified on camera; band A does not fold it either),,,,,,MEASURED,DERIVED-INHERITED,NOT-IN-SCOPE — Lap D is the LIFE limb of I-1. Band-B monster damage is a separate decode (PM-4 queue I-2/I-5).
records/skills/nonplayerskillsgdx1/bossskills/pets/firedevil_01.dbr,0,0,0,1,106|107|108,106,108,records/creatures/enemies/bios/bio_trap_fireflare_01.dbr,((charLevel*10)^1.25)+60,Common,sm1,6108.2862,6251.2693,0.0,0.0,,60227,61637,61327,62762,62548,64012,0.0,NO (L-33(b): falsified on camera; band A does not fold it either),,,,,,MEASURED,DERIVED-INHERITED,NOT-IN-SCOPE — Lap D is the LIFE limb of I-1. Band-B monster damage is a separate decode (PM-4 queue I-2/I-5).
records/skills/nonplayerskillsgdx1/bossskills/pets/fleshshaper_spirit_01.dbr,0,0,0,1,106|107|108,106,108,records/creatures/enemies/bios/bio_aetherialphantom_01.dbr,((charLevel*12)^1.33)+15,Champion,sm1,13472.6075,13811.3643,88.0,102.0,armorbase01.dbr[105]=88.0,144695,150267,147120,152753,149815,155515,0.0,NO (L-33(b): falsified on camera; band A does not fold it either),,,,,,MEASURED,DERIVED-INHERITED,NOT-IN-SCOPE — Lap D is the LIFE limb of I-1. Band-B monster damage is a separate decode (PM-4 queue I-2/I-5).
records/skills/nonplayerskillsgdx1/bossskills/pets/gabbalthunn_obsidianshard.dbr,0,0,0,1,106|107|108,106,108,records/creatures/enemies/bios/bio_trap_chthonicshard_01.dbr,((charLevel*6)^1.20)+25,Common,sm1,2337.8557,2390.3206,0.0,0.0,,23051,23568,23472,23998,23939,24476,0.0,NO (L-33(b): falsified on camera; band A does not fold it either),,,,,,MEASURED,DERIVED-INHERITED,NOT-IN-SCOPE — Lap D is the LIFE limb of I-1. Band-B monster damage is a separate decode (PM-4 queue I-2/I-5).
records/skills/nonplayerskillsgdx1/bossskills/pets/krieg_aethertrap.dbr,0,0,0,1,106|107|108,106,108,,,Common,sm1,,,,,,,,,,,,0.0,NO (L-33(b): falsified on camera; band A does not fold it either),,,,,,ABSENT:NO-characterAttributeEquations,DERIVED-INHERITED,NOT-IN-SCOPE — Lap D is the LIFE limb of I-1. Band-B monster damage is a separate decode (PM-4 queue I-2/I-5).
records/skills/nonplayerskillsgdx1/bossskills/pets/winddevil_01.dbr,0,0,0,1,106|107|108,106,108,records/skills/playerclass06/pets/bio_winddevil_01.dbr,((charLevel*10)^1.29)+35,Common,sm1,8026.7993,8221.8464,0.0,0.0,,79144,81067,80589,82547,82194,84191,0.0,NO (L-33(b): falsified on camera; band A does not fold it either),,,,,,MEASURED,DERIVED-INHERITED,NOT-IN-SCOPE — Lap D is the LIFE limb of I-1. Band-B monster damage is a separate decode (PM-4 queue I-2/I-5).
records/skills/nonplayerskillsgdx2/bossskills/final/pet_celestialeffigy.dbr,0,0,0,1,106|107|108,106,108,records/creatures/enemies/bios/bio_boss_korvaak_celestialeffigy_01.dbr,((charLevel*20)^1.5)+100,Common,sm2,97712.1304,100487.7283,0.0,0.0,,963441,990809,981029,1008896,1000572,1028994,0.0,NO (L-33(b): falsified on camera; band A does not fold it either),,,,,,MEASURED,DERIVED-INHERITED,NOT-IN-SCOPE — Lap D is the LIFE limb of I-1. Band-B monster damage is a separate decode (PM-4 queue I-2/I-5).
records/skills/nonplayerskillsgdx2/bossskills/final/pet_celestialeffigy_02.dbr,0,0,0,1,106|107|108,106,108,records/creatures/enemies/bios/bio_boss_korvaak_celestialeffigy_02.dbr,((charLevel*19)^1.5)+100,Common,sm2,90483.5092,93053.5616,0.0,0.0,,892167,917508,908454,934257,926551,952868,0.0,NO (L-33(b): falsified on camera; band A does not fold it either),,,,,,MEASURED,DERIVED-INHERITED,NOT-IN-SCOPE — Lap D is the LIFE limb of I-1. Band-B monster damage is a separate decode (PM-4 queue I-2/I-5).
records/skills/nonplayerskillsgdx2/bossskills/final/pet_eldritchrift.dbr,0,0,0,1,106|107|108,106,108,records/creatures/enemies/bios/bio_boss_korvaak_eldritchrift_01.dbr,((charLevel*20)^1.5)+100,Common,sm2,97712.1304,100487.7283,0.0,0.0,,963441,990809,981029,1008896,1000572,1028994,0.0,NO (L-33(b): falsified on camera; band A does not fold it either),,,,,,MEASURED,DERIVED-INHERITED,NOT-IN-SCOPE — Lap D is the LIFE limb of I-1. Band-B monster damage is a separate decode (PM-4 queue I-2/I-5).
records/skills/nonplayerskillsgdx2/bossskills/final/pet_eldritchrift_02.dbr,0,0,0,1,106|107|108,106,108,records/creatures/enemies/bios/bio_boss_korvaak_eldritchrift_02.dbr,((charLevel*16)^1.5)+100,Common,sm2,69945.5549,71931.6111,0.0,0.0,,689663,709245,702253,722193,716242,736579,0.0,NO (L-33(b): falsified on camera; band A does not fold it either),,,,,,MEASURED,DERIVED-INHERITED,NOT-IN-SCOPE — Lap D is the LIFE limb of I-1. Band-B monster damage is a separate decode (PM-4 queue I-2/I-5).
records/skills/nonplayerskillsgdx2/bossskills/nemesis/eldritchshard_01.dbr,0,0,0,1,109,109,109,records/creatures/enemies/bios/bio_boss_nemesis_eldritchshard_01.dbr,((charLevel*19)^1.5)+100,Champion,gdx2,94347.5671,94347.5671,0.0,0.0,,930267,930267,947249,947249,966119,966119,0.0,NO (L-33(b): falsified on camera; band A does not fold it either),,,,,,MEASURED,DERIVED-INHERITED,NOT-IN-SCOPE — Lap D is the LIFE limb of I-1. Band-B monster damage is a separate decode (PM-4 queue I-2/I-5).
records/skills/nonplayerskillsgdx2/bossskills/pets/dravis_thrall_01.dbr,0,0,0,1,106|107|108,106,108,records/creatures/enemies/bios/bio_boss_dravis_thrallsummon_01.dbr,((charLevel*19)^1.5)+500,Champion,sm2,90883.5092,93453.5616,103.0,121.0,armorbase05.dbr[105]=103.0,989721,1034530,1006080,1051352,1024257,1070043,0.0,NO (L-33(b): falsified on camera; band A does not fold it either),,,,,,MEASURED,DERIVED-INHERITED,NOT-IN-SCOPE — Lap D is the LIFE limb of I-1. Band-B monster damage is a separate decode (PM-4 queue I-2/I-5).
records/skills/nonplayerskillsgdx2/bossskills/pets/dravis_thrall_01b.dbr,0,0,0,1,106|107|108,106,108,records/creatures/enemies/bios/bio_boss_dravis_thrallsummon_01.dbr,((charLevel*19)^1.5)+500,Champion,sm2,90883.5092,93453.5616,103.0,121.0,armorbase05.dbr[105]=103.0,989721,1034530,1006080,1051352,1024257,1070043,0.0,NO (L-33(b): falsified on camera; band A does not fold it either),,,,,,MEASURED,DERIVED-INHERITED,NOT-IN-SCOPE — Lap D is the LIFE limb of I-1. Band-B monster damage is a separate decode (PM-4 queue I-2/I-5).
records/skills/nonplayerskillsgdx2/bossskills/pets/korvaak_lieutenant_02_trapsummon_01.dbr,0,0,0,1,106|107|108,106,108,records/creatures/enemies/bios/bio_trap_fireflare_01.dbr,((charLevel*10)^1.25)+60,Common,sm2,6108.2862,6251.2693,0.0,0.0,,60227,61637,61327,62762,62548,64012,0.0,NO (L-33(b): falsified on camera; band A does not fold it either),,,,,,MEASURED,DERIVED-INHERITED,NOT-IN-SCOPE — Lap D is the LIFE limb of I-1. Band-B monster damage is a separate decode (PM-4 queue I-2/I-5).
records/skills/nonplayerskillsgdx2/bossskills/pets/korvaak_lieutenant_02_trapsummon_02.dbr,0,0,0,1,106|107|108,106,108,records/creatures/enemies/bios/bio_trap_fireflare_01.dbr,((charLevel*10)^1.25)+60,Common,sm2,6108.2862,6251.2693,0.0,0.0,,60227,61637,61327,62762,62548,64012,0.0,NO (L-33(b): falsified on camera; band A does not fold it either),,,,,,MEASURED,DERIVED-INHERITED,NOT-IN-SCOPE — Lap D is the LIFE limb of I-1. Band-B monster damage is a separate decode (PM-4 queue I-2/I-5).
records/skills/nonplayerskillsgdx2/bossskills/pets/mindreaper_summon.dbr,0,0,0,1,106|107|108,106,108,records/creatures/enemies/bios/bio_boss_mindreapermirror_01.dbr,((charLevel*15)^1.5)+500,Quest,sm2,63900.9385,65703.7422,88.0,102.0,armorbase01.dbr[105]=88.0,686296,714856,697798,726683,710578,739824,0.0,NO (L-33(b): falsified on camera; band A does not fold it either),,,,,,MEASURED,DERIVED-INHERITED,NOT-IN-SCOPE — Lap D is the LIFE limb of I-1. Band-B monster damage is a separate decode (PM-4 queue I-2/I-5).
records/skills/nonplayerskillsgdx3/bossskills/nemesis/necro2_nulltotem.dbr,0,0,0,1,109,109,109,records/creatures/enemies/bios/bio_boss_wendigo_ravager_wraith.dbr,((charLevel*25)^1.28)+30,Champion,sm3,24991.4108,24991.4108,0.0,0.0,,246415,246415,250913,250913,255912,255912,0.0,NO (L-33(b): falsified on camera; band A does not fold it either),,,,,,MEASURED,DERIVED-INHERITED,NOT-IN-SCOPE — Lap D is the LIFE limb of I-1. Band-B monster damage is a separate decode (PM-4 queue I-2/I-5).
records/skills/nonplayerskillsgdx3/bossskills/nemesis/outlaw2_aethershard.dbr,0,0,0,1,109,109,109,records/creatures/enemies/bios/bio_boss_nemesis_aethershard_01.dbr,((charLevel*19)^1.54)+100,Champion,sm3,128013.7857,128013.7857,0.0,0.0,,1262215,1262215,1285258,1285258,1310861,1310861,0.0,NO (L-33(b): falsified on camera; band A does not fold it either),,,,,,MEASURED,DERIVED-INHERITED,NOT-IN-SCOPE — Lap D is the LIFE limb of I-1. Band-B monster damage is a separate decode (PM-4 queue I-2/I-5).
records/skills/nonplayerskillsgdx3/bossskills/pets/aetheranomaly_beast.dbr,0,0,0,1,106|107|108,106,108,records/creatures/enemies/bios/bio_trap_fireflare_01.dbr,((charLevel*10)^1.25)+60,Common,sm3,6108.2862,6251.2693,0.0,0.0,,60227,61637,61327,62762,62548,64012,0.0,NO (L-33(b): falsified on camera; band A does not fold it either),,,,,,MEASURED,DERIVED-INHERITED,NOT-IN-SCOPE — Lap D is the LIFE limb of I-1. Band-B monster damage is a separate decode (PM-4 queue I-2/I-5).
records/skills/nonplayerskillsgdx3/bossskills/pets/giantfire_moltenpool.dbr,0,0,0,1,106|107|108,106,108,records/creatures/enemies/bios/bio_trap_fireflare_01.dbr,((charLevel*10)^1.25)+60,Common,sm3,6108.2862,6251.2693,0.0,0.0,,60227,61637,61327,62762,62548,64012,0.0,NO (L-33(b): falsified on camera; band A does not fold it either),,,,,,MEASURED,DERIVED-INHERITED,NOT-IN-SCOPE — Lap D is the LIFE limb of I-1. Band-B monster damage is a separate decode (PM-4 queue I-2/I-5).
records/skills/nonplayerskillsgdx3/bossskills/pets/giantstorm_stormspike_a01.dbr,0,0,0,1,106|107|108,106,108,records/creatures/enemies/bios/bio_trap_fireflare_01.dbr,((charLevel*10)^1.25)+60,Common,sm3,6108.2862,6251.2693,0.0,0.0,,60227,61637,61327,62762,62548,64012,0.0,NO (L-33(b): falsified on camera; band A does not fold it either),,,,,,MEASURED,DERIVED-INHERITED,NOT-IN-SCOPE — Lap D is the LIFE limb of I-1. Band-B monster damage is a separate decode (PM-4 queue I-2/I-5).
records/skills/nonplayerskillsgdx3/bossskills/pets/gruldir_wolf_01.dbr,0,0,1,0,106|107|108,106,108,records/creatures/enemies/bios/bio_hero_standard_extrahealth01.dbr,((charLevel*13)^1.50)+20,Champion,sm3,51173.32,52627.8631,103.0,121.0,armorbase05.dbr[105]=103.0,557277,582590,566488,592063,576723,602589,0.0,NO (L-33(b): falsified on camera; band A does not fold it either),records/proxies/poolsbossgdx3/kurnchthonic_chieftain.dbr,BOSS,163,,,MEASURED,MEASURED-SET,NOT-IN-SCOPE — Lap D is the LIFE limb of I-1. Band-B monster damage is a separate decode (PM-4 queue I-2/I-5).
records/skills/nonplayerskillsgdx3/bossskills/pets/gruldir_wolf_02.dbr,0,0,1,0,106|107|108,106,108,records/creatures/enemies/bios/bio_hero_standard_extrahealth01.dbr,((charLevel*13)^1.50)+20,Champion,sm3,51173.32,52627.8631,103.0,121.0,armorbase05.dbr[105]=103.0,557277,582590,566488,592063,576723,602589,0.0,NO (L-33(b): falsified on camera; band A does not fold it either),records/proxies/poolsbossgdx3/kurnchthonic_chieftain.dbr,BOSS,163,,,MEASURED,MEASURED-SET,NOT-IN-SCOPE — Lap D is the LIFE limb of I-1. Band-B monster damage is a separate decode (PM-4 queue I-2/I-5).
records/skills/nonplayerskillsgdx3/bossskills/pets/rimehorn_icespike_01.dbr,0,0,0,1,106|107|108,106,108,records/creatures/enemies/bios/bio_trap_fireflare_01.dbr,((charLevel*10)^1.25)+60,Common,sm3,6108.2862,6251.2693,0.0,0.0,,60227,61637,61327,62762,62548,64012,0.0,NO (L-33(b): falsified on camera; band A does not fold it either),,,,,,MEASURED,DERIVED-INHERITED,NOT-IN-SCOPE — Lap D is the LIFE limb of I-1. Band-B monster damage is a separate decode (PM-4 queue I-2/I-5).
records/skills/nonplayerskillsgdx3/bossskills/pets/siff_icefloe.dbr,0,0,0,1,106|107|108,106,108,records/creatures/enemies/bios/bio_trap_fireflare_01.dbr,((charLevel*10)^1.25)+60,Common,sm3,6108.2862,6251.2693,0.0,0.0,,60227,61637,61327,62762,62548,64012,0.0,NO (L-33(b): falsified on camera; band A does not fold it either),,,,,,MEASURED,DERIVED-INHERITED,NOT-IN-SCOPE — Lap D is the LIFE limb of I-1. Band-B monster damage is a separate decode (PM-4 queue I-2/I-5).
records/skills/nonplayerskillsgdx3/bossskills/pets/spore_beast.dbr,0,0,0,1,106|107|108,106,108,records/creatures/enemies/bios/bio_spore_b01.dbr,((charLevel*11)^1.28)+15,Champion,sm3,8436.2032,8640.118,88.0,102.0,armorbase01.dbr[105]=88.0,90604,94004,92123,95559,93810,97287,0.0,NO (L-33(b): falsified on camera; band A does not fold it either),,,,,,MEASURED,DERIVED-INHERITED,NOT-IN-SCOPE — Lap D is the LIFE limb of I-1. Band-B monster damage is a separate decode (PM-4 queue I-2/I-5).
